leaseId,propertyId,residentId,startDate,endDate,termMonths,monthlyRent,deposit,concessionMonths,renewalOfLeaseId,status
LSE-000001,PROP-00001,RES-00001,2022-06-11,2023-06-11,12,2845,2845,0,,expired
LSE-000002,PROP-00001,RES-00001,2023-07-21,2025-07-21,24,2980,1490,0,LSE-000001,terminated-early
LSE-000003,PROP-00001,RES-00002,2025-10-04,2026-10-04,12,2940,1470,0,,active
LSE-000004,PROP-00002,RES-00003,2024-05-13,2026-05-13,24,2745,1372,0,,expired
LSE-000005,PROP-00002,RES-00003,2026-07-15,2027-07-15,12,2840,1420,0,LSE-000004,active
LSE-000006,PROP-00003,RES-00004,2022-06-10,2023-12-10,18,2485,1242,1,,expired
LSE-000007,PROP-00003,RES-00004,2024-02-06,2026-02-06,24,2575,1287,0,LSE-000006,expired
LSE-000008,PROP-00003,RES-00004,2026-02-25,2027-02-25,12,2675,2675,0,LSE-000007,active
LSE-000009,PROP-00004,RES-00005,2023-09-15,2024-09-15,12,2880,1440,0,,expired
LSE-000010,PROP-00004,RES-00006,2024-10-27,2025-10-27,12,2950,2950,1,,expired
LSE-000011,PROP-00004,RES-00006,2025-11-30,2027-11-30,24,3040,3040,0,LSE-000010,active
LSE-000012,PROP-00005,RES-00007,2021-10-27,2022-10-27,12,2530,2530,0,,expired
LSE-000013,PROP-00005,RES-00007,2022-12-22,2024-12-22,24,2610,2610,0,LSE-000012,expired
LSE-000014,PROP-00005,RES-00008,2025-02-25,2026-02-25,12,2560,1280,0,,expired
LSE-000015,PROP-00005,RES-00009,2026-04-07,2028-04-07,24,2855,1427,0,,active
LSE-000016,PROP-00006,RES-00010,2023-04-21,2025-04-21,24,2750,1375,0,,expired
LSE-000017,PROP-00006,RES-00010,2025-06-28,2027-06-28,24,2965,2965,0,LSE-000016,active
LSE-000018,PROP-00007,RES-00011,2022-09-06,2023-09-06,12,2435,2435,0,,expired
LSE-000019,PROP-00007,RES-00011,2023-09-16,2024-09-16,12,2540,1270,0,LSE-000018,expired
LSE-000020,PROP-00007,RES-00011,2024-10-15,2026-10-15,24,2660,2660,0,LSE-000019,active
LSE-000021,PROP-00008,RES-00012,2023-09-06,2025-09-06,24,2830,2830,0,,expired
LSE-000022,PROP-00008,RES-00013,2025-10-08,2026-10-08,12,3015,1507,0,,active
LSE-000023,PROP-00009,RES-00014,2023-04-03,2025-04-03,24,2495,2495,0,,expired
LSE-000024,PROP-00009,RES-00015,2025-06-17,2027-06-17,24,2790,1395,0,,active
LSE-000025,PROP-00010,RES-00016,2024-03-23,2026-03-23,24,2450,1225,0,,terminated-early
LSE-000026,PROP-00010,RES-00017,2026-04-28,2027-10-28,18,2845,1422,0,,active
LSE-000027,PROP-00011,RES-00018,2023-02-07,2024-02-07,12,2685,2685,0,,expired
LSE-000028,PROP-00011,RES-00018,2024-02-14,2025-02-14,12,2810,1405,0,LSE-000027,expired
LSE-000029,PROP-00011,RES-00018,2025-03-03,2026-03-03,12,2945,1472,0,LSE-000028,expired
LSE-000030,PROP-00011,RES-00019,2026-04-15,2027-04-15,12,3165,1582,0,,active
LSE-000031,PROP-00012,RES-00020,2023-07-10,2024-07-10,12,2785,1392,0,,expired
LSE-000032,PROP-00012,RES-00021,2024-07-25,2025-07-25,12,2985,1492,0,,expired
LSE-000033,PROP-00012,RES-00022,2025-08-04,2027-08-04,24,3115,1557,0,,active
LSE-000034,PROP-00013,RES-00023,2022-04-19,2023-04-19,12,2795,2795,0,,expired
LSE-000035,PROP-00013,RES-00024,2023-06-12,2025-06-12,24,2750,1375,0,,expired
LSE-000036,PROP-00013,RES-00025,2025-08-13,2026-08-13,12,3105,3105,0,,expired
LSE-000037,PROP-00013,RES-00026,2026-09-17,2028-09-17,24,3150,1575,0,,active
LSE-000038,PROP-00014,RES-00027,2021-10-09,2022-10-09,12,2560,1280,0,,expired
LSE-000039,PROP-00014,RES-00027,2022-12-22,2024-06-22,18,2665,1332,0,LSE-000038,expired
LSE-000040,PROP-00014,RES-00027,2024-07-27,2026-07-27,24,2735,1367,0,LSE-000039,expired
LSE-000041,PROP-00015,RES-00028,2022-09-03,2024-03-03,18,2795,1397,0,,expired
LSE-000042,PROP-00015,RES-00029,2024-05-03,2025-11-03,18,3095,1547,0,,expired
LSE-000043,PROP-00015,RES-00029,2025-12-18,2027-12-18,24,3150,1575,0,LSE-000042,active
LSE-000044,PROP-00016,RES-00030,2021-10-17,2023-10-17,24,2395,1197,0,,expired
LSE-000045,PROP-00016,RES-00031,2023-10-28,2025-04-28,18,2495,2495,1,,expired
LSE-000046,PROP-00016,RES-00031,2025-05-16,2026-05-16,12,2635,2635,0,LSE-000045,expired
LSE-000047,PROP-00016,RES-00031,2026-06-07,2028-06-07,24,2715,2715,0,LSE-000046,active
LSE-000048,PROP-00017,RES-00032,2024-08-04,2026-08-04,24,2690,2690,0,,expired
LSE-000049,PROP-00017,RES-00033,2026-09-25,2028-03-25,18,2845,2845,0,,active
LSE-000050,PROP-00018,RES-00034,2022-06-16,2023-06-16,12,2435,1217,0,,expired
LSE-000051,PROP-00018,RES-00035,2023-08-12,2024-08-12,12,2475,2475,0,,expired
LSE-000052,PROP-00018,RES-00035,2024-08-30,2026-08-30,24,2650,1325,0,LSE-000051,expired
LSE-000053,PROP-00018,RES-00036,2026-09-10,2027-09-10,12,2810,2810,0,,active
LSE-000054,PROP-00019,RES-00037,2025-01-22,2026-01-22,12,2820,1410,0,,expired
LSE-000055,PROP-00019,RES-00038,2026-03-27,2027-03-27,12,3040,1520,0,,active
LSE-000056,PROP-00020,RES-00039,2023-10-15,2025-10-15,24,2445,1222,0,,expired
LSE-000057,PROP-00020,RES-00039,2025-11-01,2026-11-01,12,2510,2510,0,LSE-000056,active
LSE-000058,PROP-00021,RES-00040,2023-08-18,2025-08-18,24,2585,2585,0,,expired
LSE-000059,PROP-00021,RES-00040,2025-09-16,2026-09-16,12,2710,1355,0,LSE-000058,expired
LSE-000060,PROP-00022,RES-00041,2024-01-29,2025-01-29,12,2690,1345,0,,expired
LSE-000061,PROP-00022,RES-00042,2025-04-04,2027-04-04,24,3000,3000,0,,active
LSE-000062,PROP-00023,RES-00043,2022-05-04,2024-05-04,24,2425,1212,0,,expired
LSE-000063,PROP-00023,RES-00044,2024-07-01,2026-01-01,18,2630,1315,0,,expired
LSE-000064,PROP-00023,RES-00045,2026-03-11,2027-09-11,18,2855,2855,0,,active
LSE-000065,PROP-00024,RES-00046,2024-03-17,2025-03-17,12,2545,2545,0,,expired
LSE-000066,PROP-00024,RES-00047,2025-05-19,2027-05-19,24,2720,2720,0,,active
LSE-000067,PROP-00025,RES-00048,2024-11-12,2026-11-12,24,2820,2820,0,,active
LSE-000068,PROP-00026,RES-00049,2024-05-23,2025-05-23,12,3065,1532,0,,expired
LSE-000069,PROP-00026,RES-00050,2025-07-07,2027-07-07,24,3060,3060,0,,active
LSE-000070,PROP-00027,RES-00051,2023-03-16,2024-03-16,12,2485,1242,0,,expired
LSE-000071,PROP-00027,RES-00052,2024-05-22,2025-11-22,18,2700,1350,0,,expired
LSE-000072,PROP-00027,RES-00052,2025-12-25,2027-06-25,18,2805,2805,0,LSE-000071,active
LSE-000073,PROP-00028,RES-00053,2023-08-27,2025-08-27,24,2745,2745,0,,expired
LSE-000074,PROP-00028,RES-00053,2025-10-30,2027-10-30,24,2980,1490,0,LSE-000073,active
LSE-000075,PROP-00029,RES-00054,2024-01-17,2025-01-17,12,2495,2495,0,,expired
LSE-000076,PROP-00029,RES-00054,2025-03-21,2027-03-21,24,2585,2585,1,LSE-000075,active
LSE-000077,PROP-00030,RES-00055,2023-04-15,2025-04-15,24,2445,2445,0,,expired
LSE-000078,PROP-00030,RES-00056,2025-06-10,2026-06-10,12,2785,2785,0,,expired
LSE-000079,PROP-00030,RES-00056,2026-08-08,2028-08-08,24,2890,2890,0,LSE-000078,active
LSE-000080,PROP-00031,RES-00057,2023-03-10,2025-03-10,24,2510,1255,1,,expired
LSE-000081,PROP-00031,RES-00057,2025-04-28,2027-04-28,24,2615,2615,0,LSE-000080,active
LSE-000082,PROP-00032,RES-00058,2024-02-12,2026-02-12,24,2815,2815,0,,expired
LSE-000083,PROP-00032,RES-00059,2026-03-09,2027-03-09,12,3060,1530,0,,active
LSE-000084,PROP-00033,RES-00060,2022-07-27,2024-07-27,24,2400,1200,0,,expired
LSE-000085,PROP-00033,RES-00061,2024-09-04,2026-09-04,24,2635,1317,0,,expired
LSE-000086,PROP-00033,RES-00061,2026-09-28,2028-09-28,24,2805,2805,0,LSE-000085,active
LSE-000087,PROP-00034,RES-00062,2022-12-09,2023-12-09,12,2470,1235,0,,expired
LSE-000088,PROP-00034,RES-00063,2024-01-17,2025-01-17,12,2450,2450,0,,expired
LSE-000089,PROP-00034,RES-00063,2025-03-13,2027-03-13,24,2550,2550,0,LSE-000088,active
LSE-000090,PROP-00035,RES-00064,2023-06-25,2025-06-25,24,2750,2750,1,,expired
LSE-000091,PROP-00035,RES-00065,2025-08-15,2026-08-15,12,3100,3100,0,,expired
LSE-000092,PROP-00036,RES-00066,2022-01-13,2023-01-13,12,2470,2470,0,,expired
LSE-000093,PROP-00036,RES-00066,2023-02-24,2024-02-24,12,2535,2535,0,LSE-000092,expired
LSE-000094,PROP-00036,RES-00066,2024-03-25,2025-03-25,12,2650,2650,0,LSE-000093,expired
LSE-000095,PROP-00036,RES-00067,2025-05-11,2026-11-11,18,2795,1397,0,,active
LSE-000096,PROP-00037,RES-00068,2023-06-27,2024-06-27,12,2740,1370,0,,expired
LSE-000097,PROP-00037,RES-00068,2024-08-08,2026-08-08,24,2835,1417,1,LSE-000096,expired
LSE-000098,PROP-00037,RES-00068,2026-08-18,2028-08-18,24,3065,3065,1,LSE-000097,active
LSE-000099,PROP-00038,RES-00069,2022-05-15,2023-05-15,12,2410,1205,0,,expired
LSE-000100,PROP-00038,RES-00070,2023-07-06,2025-07-06,24,2400,1200,0,,expired
LSE-000101,PROP-00038,RES-00070,2025-09-08,2026-09-08,12,2690,2690,0,LSE-000100,expired
LSE-000102,PROP-00039,RES-00071,2023-10-13,2024-10-13,12,2715,1357,0,,expired
LSE-000103,PROP-00039,RES-00072,2024-10-21,2025-10-21,12,2810,2810,0,,expired
LSE-000104,PROP-00039,RES-00073,2025-12-27,2027-06-27,18,2980,2980,0,,active
LSE-000105,PROP-00040,RES-00074,2024-01-25,2025-01-25,12,2825,2825,0,,expired
LSE-000106,PROP-00040,RES-00075,2025-03-06,2026-03-06,12,3015,3015,1,,expired
LSE-000107,PROP-00040,RES-00075,2026-05-14,2027-05-14,12,3115,3115,0,LSE-000106,active
LSE-000108,PROP-00041,RES-00076,2023-08-24,2025-08-24,24,2490,2490,0,,expired
LSE-000109,PROP-00041,RES-00077,2025-09-13,2026-09-13,12,2760,1380,1,,expired
LSE-000110,PROP-00042,RES-00078,2022-04-09,2023-04-09,12,2515,1257,0,,expired
LSE-000111,PROP-00042,RES-00079,2023-04-18,2024-04-18,12,2515,1257,0,,expired
LSE-000112,PROP-00042,RES-00079,2024-06-29,2025-06-29,12,2680,2680,0,LSE-000111,expired
LSE-000113,PROP-00042,RES-00079,2025-07-27,2026-07-27,12,2715,2715,0,LSE-000112,expired
LSE-000114,PROP-00042,RES-00080,2026-09-27,2027-09-27,12,2705,1352,0,,active
LSE-000115,PROP-00043,RES-00081,2022-10-23,2023-10-23,12,2555,2555,0,,expired
LSE-000116,PROP-00043,RES-00082,2024-01-01,2026-01-01,24,2580,2580,0,,expired
LSE-000117,PROP-00043,RES-00082,2026-03-10,2028-03-10,24,2690,2690,0,LSE-000116,active
LSE-000118,PROP-00044,RES-00083,2023-11-05,2024-11-05,12,2740,1370,0,,expired
LSE-000119,PROP-00044,RES-00083,2025-01-18,2027-01-18,24,2850,2850,0,LSE-000118,active
LSE-000120,PROP-00045,RES-00084,2024-07-28,2026-07-28,24,2745,2745,0,,expired
LSE-000121,PROP-00045,RES-00085,2026-08-29,2027-08-29,12,2870,1435,0,,active
LSE-000122,PROP-00046,RES-00086,2022-08-04,2024-08-04,24,2350,2350,0,,expired
LSE-000123,PROP-00046,RES-00086,2024-10-04,2026-04-04,18,2440,2440,0,LSE-000122,expired
LSE-000124,PROP-00046,RES-00087,2026-05-27,2028-05-27,24,2700,2700,1,,active
LSE-000125,PROP-00047,RES-00088,2021-11-05,2022-11-05,12,2330,2330,0,,expired
LSE-000126,PROP-00047,RES-00089,2023-01-12,2025-01-12,24,2380,1190,0,,expired
LSE-000127,PROP-00047,RES-00090,2025-01-21,2026-01-21,12,2460,2460,0,,expired
LSE-000128,PROP-00047,RES-00091,2026-03-01,2028-03-01,24,2690,2690,0,,active
LSE-000129,PROP-00048,RES-00092,2024-08-06,2026-08-06,24,2555,2555,0,,expired
LSE-000130,PROP-00048,RES-00093,2026-08-22,2027-08-22,12,2705,2705,0,,active
LSE-000131,PROP-00049,RES-00094,2022-02-19,2024-02-19,24,2415,2415,1,,expired
LSE-000132,PROP-00049,RES-00094,2024-03-31,2026-03-31,24,2520,2520,0,LSE-000131,expired
LSE-000133,PROP-00049,RES-00095,2026-04-16,2028-04-16,24,2690,1345,1,,active
LSE-000134,PROP-00050,RES-00096,2023-08-14,2024-08-14,12,2375,2375,0,,expired
LSE-000135,PROP-00050,RES-00096,2024-09-12,2026-09-12,24,2455,2455,0,LSE-000134,expired
LSE-000136,PROP-00051,RES-00097,2022-05-14,2023-05-14,12,2440,2440,0,,expired
LSE-000137,PROP-00051,RES-00097,2023-06-23,2025-06-23,24,2515,1257,0,LSE-000136,expired
LSE-000138,PROP-00051,RES-00098,2025-08-16,2027-08-16,24,2640,1320,0,,active
LSE-000139,PROP-00052,RES-00099,2023-09-23,2024-09-23,12,2360,2360,0,,expired
LSE-000140,PROP-00052,RES-00099,2024-10-02,2026-10-02,24,2435,2435,0,LSE-000139,active
LSE-000141,PROP-00053,RES-00100,2023-12-13,2025-12-13,24,2340,2340,0,,expired
LSE-000142,PROP-00053,RES-00100,2026-01-14,2028-01-14,24,2485,1242,0,LSE-000141,active
LSE-000143,PROP-00054,RES-00101,2024-12-07,2025-12-07,12,2350,1175,0,,expired
LSE-000144,PROP-00054,RES-00101,2026-01-19,2027-01-19,12,2515,2515,0,LSE-000143,active
LSE-000145,PROP-00055,RES-00102,2022-07-16,2023-07-16,12,2340,1170,0,,expired
LSE-000146,PROP-00055,RES-00102,2023-08-07,2024-08-07,12,2395,2395,1,LSE-000145,expired
LSE-000147,PROP-00055,RES-00103,2024-09-24,2025-09-24,12,2540,1270,0,,expired
LSE-000148,PROP-00055,RES-00104,2025-11-10,2027-11-10,24,2525,2525,0,,active
LSE-000149,PROP-00056,RES-00105,2024-03-09,2025-09-09,18,2440,1220,0,,expired
LSE-000150,PROP-00056,RES-00106,2025-10-23,2026-10-23,12,2470,2470,0,,active
LSE-000151,PROP-00057,RES-00107,2021-10-08,2023-10-08,24,2375,2375,0,,expired
LSE-000152,PROP-00057,RES-00108,2023-11-26,2024-11-26,12,2260,1130,0,,expired
LSE-000153,PROP-00057,RES-00108,2024-12-05,2026-12-05,24,2330,2330,0,LSE-000152,active
LSE-000154,PROP-00058,RES-00109,2023-11-09,2025-11-09,24,2390,2390,0,,expired
LSE-000155,PROP-00058,RES-00110,2025-11-15,2026-11-15,12,2480,2480,0,,active
LSE-000156,PROP-00059,RES-00111,2022-01-19,2023-01-19,12,2290,2290,0,,expired
LSE-000157,PROP-00059,RES-00112,2023-03-23,2024-03-23,12,2410,2410,0,,expired
LSE-000158,PROP-00059,RES-00113,2024-05-26,2025-05-26,12,2500,1250,0,,expired
LSE-000159,PROP-00059,RES-00113,2025-08-07,2026-08-07,12,2555,1277,0,LSE-000158,expired
LSE-000160,PROP-00059,RES-00114,2026-09-23,2027-09-23,12,2600,1300,0,,active
LSE-000161,PROP-00060,RES-00115,2022-06-27,2023-06-27,12,2370,1185,1,,expired
LSE-000162,PROP-00060,RES-00116,2023-07-15,2025-01-15,18,2375,2375,1,,expired
LSE-000163,PROP-00060,RES-00116,2025-02-09,2026-02-09,12,2470,1235,0,LSE-000162,expired
LSE-000164,PROP-00060,RES-00117,2026-03-05,2027-09-05,18,2625,2625,0,,active
LSE-000165,PROP-00061,RES-00118,2023-05-28,2024-05-28,12,2350,2350,0,,expired
LSE-000166,PROP-00061,RES-00119,2024-07-14,2025-07-14,12,2585,1292,0,,expired
LSE-000167,PROP-00061,RES-00119,2025-07-29,2026-07-29,12,2615,1307,0,LSE-000166,expired
LSE-000168,PROP-00061,RES-00119,2026-08-10,2028-02-10,18,2740,2740,0,LSE-000167,active
LSE-000169,PROP-00062,RES-00120,2024-04-17,2025-04-17,12,2550,2550,0,,expired
LSE-000170,PROP-00062,RES-00121,2025-05-27,2026-05-27,12,2640,2640,0,,expired
LSE-000171,PROP-00062,RES-00122,2026-08-01,2027-08-01,12,2690,2690,0,,active
LSE-000172,PROP-00063,RES-00123,2021-12-12,2022-12-12,12,2415,2415,0,,expired
LSE-000173,PROP-00063,RES-00123,2022-12-26,2024-12-26,24,2465,1232,0,LSE-000172,evicted
LSE-000174,PROP-00063,RES-00124,2025-01-25,2027-01-25,24,2460,1230,0,,active
LSE-000175,PROP-00064,RES-00125,2023-06-13,2024-06-13,12,2475,2475,0,,expired
LSE-000176,PROP-00064,RES-00125,2024-08-19,2025-08-19,12,2555,1277,0,LSE-000175,expired
LSE-000177,PROP-00064,RES-00125,2025-08-31,2026-08-31,12,2665,1332,0,LSE-000176,expired
LSE-000178,PROP-00065,RES-00126,2022-04-23,2023-04-23,12,2395,2395,0,,expired
LSE-000179,PROP-00065,RES-00126,2023-05-13,2024-05-13,12,2460,1230,1,LSE-000178,expired
LSE-000180,PROP-00065,RES-00127,2024-07-21,2025-07-21,12,2680,1340,0,,expired
LSE-000181,PROP-00065,RES-00127,2025-07-27,2026-07-27,12,2740,1370,0,LSE-000180,expired
LSE-000182,PROP-00065,RES-00128,2026-08-16,2027-08-16,12,2825,2825,0,,active
LSE-000183,PROP-00066,RES-00129,2023-04-09,2025-04-09,24,2380,1190,0,,expired
LSE-000184,PROP-00066,RES-00129,2025-06-10,2026-06-10,12,2565,2565,0,LSE-000183,expired
LSE-000185,PROP-00066,RES-00129,2026-07-21,2028-01-21,18,2730,2730,0,LSE-000184,active
LSE-000186,PROP-00067,RES-00130,2023-07-11,2025-01-11,18,2340,2340,0,,expired
LSE-000187,PROP-00067,RES-00130,2025-03-23,2027-03-23,24,2450,2450,0,LSE-000186,active
LSE-000188,PROP-00068,RES-00131,2023-07-14,2024-07-14,12,2390,2390,0,,expired
LSE-000189,PROP-00068,RES-00132,2024-08-24,2025-08-24,12,2500,1250,0,,expired
LSE-000190,PROP-00068,RES-00133,2025-09-14,2027-09-14,24,2630,2630,0,,active
LSE-000191,PROP-00069,RES-00134,2023-05-06,2025-05-06,24,2365,2365,1,,expired
LSE-000192,PROP-00069,RES-00135,2025-05-17,2026-05-17,12,2665,1332,0,,expired
LSE-000193,PROP-00069,RES-00135,2026-07-02,2028-07-02,24,2735,2735,0,LSE-000192,active
LSE-000194,PROP-00070,RES-00136,2023-04-25,2024-04-25,12,2425,2425,0,,expired
LSE-000195,PROP-00070,RES-00136,2024-05-23,2026-05-23,24,2530,2530,0,LSE-000194,expired
LSE-000196,PROP-00070,RES-00137,2026-06-22,2027-12-22,18,2850,1425,0,,active
LSE-000197,PROP-00071,RES-00138,2023-12-21,2024-12-21,12,2360,2360,0,,expired
LSE-000198,PROP-00071,RES-00139,2025-02-26,2026-02-26,12,2515,1257,1,,expired
LSE-000199,PROP-00071,RES-00140,2026-03-28,2028-03-28,24,2525,2525,0,,active
LSE-000200,PROP-00072,RES-00141,2023-01-18,2025-01-18,24,2335,2335,0,,expired
LSE-000201,PROP-00072,RES-00142,2025-03-27,2027-03-27,24,2570,2570,0,,active
LSE-000202,PROP-00073,RES-00143,2023-07-04,2025-01-04,18,2410,2410,0,,expired
LSE-000203,PROP-00073,RES-00144,2025-02-22,2026-02-22,12,2460,1230,0,,expired
LSE-000204,PROP-00073,RES-00145,2026-04-20,2027-04-20,12,2785,2785,0,,active
LSE-000205,PROP-00074,RES-00146,2024-03-20,2026-03-20,24,2525,2525,1,,expired
LSE-000206,PROP-00074,RES-00146,2026-05-26,2027-05-26,12,2755,1377,0,LSE-000205,active
LSE-000207,PROP-00075,RES-00147,2023-03-22,2024-03-22,12,2415,2415,1,,expired
LSE-000208,PROP-00075,RES-00148,2024-04-08,2025-04-08,12,2495,2495,0,,expired
LSE-000209,PROP-00075,RES-00148,2025-05-01,2026-05-01,12,2575,2575,0,LSE-000208,expired
LSE-000210,PROP-00075,RES-00149,2026-05-09,2027-05-09,12,2765,2765,0,,active
LSE-000211,PROP-00076,RES-00150,2022-12-14,2024-06-14,18,2455,2455,0,,expired
LSE-000212,PROP-00076,RES-00151,2024-07-02,2025-07-02,12,2520,1260,0,,expired
LSE-000213,PROP-00076,RES-00152,2025-07-22,2026-07-22,12,2735,1367,0,,expired
LSE-000214,PROP-00076,RES-00152,2026-09-07,2028-03-07,18,2800,1400,0,LSE-000213,active
LSE-000215,PROP-00077,RES-00153,2023-05-26,2024-05-26,12,2415,2415,1,,expired
LSE-000216,PROP-00077,RES-00154,2024-07-27,2026-01-27,18,2555,1277,0,,expired
LSE-000217,PROP-00077,RES-00154,2026-02-20,2028-02-20,24,2585,2585,1,LSE-000216,active
LSE-000218,PROP-00078,RES-00155,2023-06-13,2025-06-13,24,2405,1202,0,,expired
LSE-000219,PROP-00078,RES-00155,2025-07-10,2027-07-10,24,2630,2630,0,LSE-000218,active
LSE-000220,PROP-00079,RES-00156,2023-01-10,2024-01-10,12,2345,2345,0,,expired
LSE-000221,PROP-00079,RES-00156,2024-02-06,2025-02-06,12,2445,2445,0,LSE-000220,expired
LSE-000222,PROP-00079,RES-00157,2025-02-18,2026-02-18,12,2485,2485,0,,expired
LSE-000223,PROP-00079,RES-00158,2026-03-11,2028-03-11,24,2590,1295,0,,active
LSE-000224,PROP-00080,RES-00159,2023-11-21,2024-11-21,12,2270,1135,0,,expired
LSE-000225,PROP-00080,RES-00160,2025-01-05,2027-01-05,24,2495,1247,0,,active
LSE-000226,PROP-00081,RES-00161,2022-10-23,2023-10-23,12,2410,1205,0,,expired
LSE-000227,PROP-00081,RES-00161,2023-12-17,2024-12-17,12,2515,2515,0,LSE-000226,expired
LSE-000228,PROP-00081,RES-00162,2025-01-20,2026-07-20,18,2450,2450,0,,expired
LSE-000229,PROP-00081,RES-00162,2026-07-30,2027-07-30,12,2640,2640,0,LSE-000228,active
LSE-000230,PROP-00082,RES-00163,2023-07-06,2025-07-06,24,2375,1187,1,,expired
LSE-000231,PROP-00082,RES-00164,2025-09-01,2027-03-01,18,2595,2595,0,,active
LSE-000232,PROP-00083,RES-00165,2022-10-13,2023-10-13,12,2360,2360,0,,expired
LSE-000233,PROP-00083,RES-00166,2023-11-09,2024-11-09,12,2320,2320,0,,expired
LSE-000234,PROP-00083,RES-00166,2024-12-20,2025-12-20,12,2430,2430,0,LSE-000233,expired
LSE-000235,PROP-00083,RES-00166,2025-12-26,2026-12-26,12,2520,2520,1,LSE-000234,active
LSE-000236,PROP-00084,RES-00167,2023-06-17,2024-06-17,12,2310,2310,1,,expired
LSE-000237,PROP-00084,RES-00168,2024-06-25,2025-12-25,18,2495,1247,0,,expired
LSE-000238,PROP-00084,RES-00169,2026-03-09,2027-03-09,12,2590,2590,0,,active
LSE-000239,PROP-00085,RES-00170,2023-08-15,2024-08-15,12,2300,2300,0,,expired
LSE-000240,PROP-00085,RES-00171,2024-10-14,2025-10-14,12,2480,2480,0,,expired
LSE-000241,PROP-00085,RES-00171,2025-12-02,2026-12-02,12,2555,2555,0,LSE-000240,active
LSE-000242,PROP-00086,RES-00172,2022-06-03,2023-06-03,12,2330,2330,0,,expired
LSE-000243,PROP-00086,RES-00173,2023-06-14,2024-06-14,12,2400,2400,0,,expired
LSE-000244,PROP-00086,RES-00173,2024-08-22,2026-08-22,24,2510,1255,0,LSE-000243,expired
LSE-000245,PROP-00087,RES-00174,2022-01-18,2023-01-18,12,2125,1062,0,,expired
LSE-000246,PROP-00087,RES-00175,2023-03-05,2025-03-05,24,2065,1032,0,,expired
LSE-000247,PROP-00087,RES-00175,2025-03-27,2026-03-27,12,2150,2150,0,LSE-000246,expired
LSE-000248,PROP-00087,RES-00176,2026-04-25,2028-04-25,24,2310,2310,0,,active
LSE-000249,PROP-00088,RES-00177,2021-12-25,2023-12-25,24,2100,2100,0,,expired
LSE-000250,PROP-00088,RES-00177,2024-02-09,2026-02-09,24,2165,2165,0,LSE-000249,expired
LSE-000251,PROP-00088,RES-00177,2026-03-14,2027-03-14,12,2265,1132,0,LSE-000250,active
LSE-000252,PROP-00089,RES-00178,2023-04-02,2025-04-02,24,2130,2130,0,,expired
LSE-000253,PROP-00089,RES-00179,2025-05-25,2027-05-25,24,2330,2330,0,,active
LSE-000254,PROP-00090,RES-00180,2022-04-23,2024-04-23,24,2305,2305,1,,expired
LSE-000255,PROP-00090,RES-00180,2024-06-05,2026-06-05,24,2435,2435,0,LSE-000254,expired
LSE-000256,PROP-00090,RES-00181,2026-06-25,2027-12-25,18,2650,2650,1,,active
LSE-000257,PROP-00091,RES-00182,2024-04-21,2025-10-21,18,2320,2320,0,,expired
LSE-000258,PROP-00091,RES-00183,2026-01-03,2028-01-03,24,2265,2265,1,,active
LSE-000259,PROP-00092,RES-00184,2023-12-20,2025-12-20,24,2315,2315,0,,expired
LSE-000260,PROP-00092,RES-00184,2026-02-11,2028-02-11,24,2445,2445,0,LSE-000259,active
LSE-000261,PROP-00093,RES-00185,2023-07-25,2024-07-25,12,2370,2370,0,,expired
LSE-000262,PROP-00093,RES-00186,2024-09-11,2026-09-11,24,2460,2460,0,,expired
LSE-000263,PROP-00094,RES-00187,2022-06-01,2023-12-01,18,2425,2425,0,,expired
LSE-000264,PROP-00094,RES-00187,2024-01-20,2025-07-20,18,2500,2500,0,LSE-000263,expired
LSE-000265,PROP-00094,RES-00187,2025-08-21,2026-08-21,12,2545,1272,1,LSE-000264,expired
LSE-000266,PROP-00094,RES-00187,2026-08-26,2027-08-26,12,2575,2575,0,LSE-000265,active
LSE-000267,PROP-00095,RES-00188,2024-01-09,2026-01-09,24,2030,1015,0,,expired
LSE-000268,PROP-00095,RES-00189,2026-03-12,2027-09-12,18,2315,2315,0,,active
LSE-000269,PROP-00096,RES-00190,2023-07-10,2024-07-10,12,2115,2115,0,,expired
LSE-000270,PROP-00096,RES-00191,2024-07-25,2026-07-25,24,2250,1125,0,,expired
LSE-000271,PROP-00096,RES-00191,2026-08-18,2027-08-18,12,2320,2320,0,LSE-000270,active
LSE-000272,PROP-00097,RES-00192,2024-03-31,2026-03-31,24,2385,1192,0,,expired
LSE-000273,PROP-00097,RES-00192,2026-04-28,2027-04-28,12,2530,1265,0,LSE-000272,active
LSE-000274,PROP-00098,RES-00193,2023-02-20,2024-02-20,12,2115,2115,0,,terminated-early
LSE-000275,PROP-00098,RES-00194,2024-03-31,2026-03-31,24,2165,1082,0,,expired
LSE-000276,PROP-00098,RES-00195,2026-05-09,2027-05-09,12,2335,2335,0,,active
LSE-000277,PROP-00099,RES-00196,2024-03-19,2025-03-19,12,2495,2495,0,,expired
LSE-000278,PROP-00099,RES-00197,2025-05-18,2026-05-18,12,2615,2615,0,,expired
LSE-000279,PROP-00099,RES-00198,2026-06-02,2028-06-02,24,2700,2700,0,,active
LSE-000280,PROP-00100,RES-00199,2023-10-02,2025-04-02,18,2140,2140,0,,expired
LSE-000281,PROP-00100,RES-00199,2025-05-02,2027-05-02,24,2325,2325,0,LSE-000280,active
LSE-000282,PROP-00101,RES-00200,2022-02-15,2023-08-15,18,2345,2345,0,,expired
LSE-000283,PROP-00101,RES-00200,2023-09-25,2024-09-25,12,2460,2460,0,LSE-000282,expired
LSE-000284,PROP-00101,RES-00200,2024-10-18,2026-10-18,24,2495,1247,0,LSE-000283,active
LSE-000285,PROP-00102,RES-00201,2023-08-11,2025-08-11,24,2075,2075,0,,expired
LSE-000286,PROP-00102,RES-00201,2025-08-17,2026-08-17,12,2220,2220,0,LSE-000285,expired
LSE-000287,PROP-00103,RES-00202,2021-12-13,2022-12-13,12,2395,1197,0,,expired
LSE-000288,PROP-00103,RES-00203,2023-01-17,2025-01-17,24,2405,1202,0,,terminated-early
LSE-000289,PROP-00103,RES-00204,2025-01-22,2027-01-22,24,2440,2440,0,,active
LSE-000290,PROP-00104,RES-00205,2022-06-23,2024-06-23,24,2155,2155,0,,expired
LSE-000291,PROP-00104,RES-00206,2024-09-04,2026-09-04,24,2170,2170,1,,expired
LSE-000292,PROP-00104,RES-00207,2026-09-26,2028-03-26,18,2355,2355,0,,active
LSE-000293,PROP-00105,RES-00208,2023-06-05,2024-06-05,12,2085,1042,1,,expired
LSE-000294,PROP-00105,RES-00209,2024-07-09,2026-01-09,18,2305,1152,0,,expired
LSE-000295,PROP-00105,RES-00210,2026-01-31,2027-01-31,12,2155,1077,0,,active
LSE-000296,PROP-00106,RES-00211,2024-02-04,2025-02-04,12,2065,2065,0,,expired
LSE-000297,PROP-00106,RES-00211,2025-04-09,2027-04-09,24,2165,2165,0,LSE-000296,active
LSE-000298,PROP-00107,RES-00212,2023-12-11,2025-12-11,24,2140,1070,0,,expired
LSE-000299,PROP-00107,RES-00213,2026-01-21,2028-01-21,24,2255,2255,0,,active
LSE-000300,PROP-00108,RES-00214,2024-02-12,2025-02-12,12,2415,1207,1,,expired
LSE-000301,PROP-00108,RES-00214,2025-03-30,2027-03-30,24,2460,2460,0,LSE-000300,active
LSE-000302,PROP-00109,RES-00215,2024-10-29,2026-04-29,18,2160,1080,1,,expired
LSE-000303,PROP-00109,RES-00215,2026-06-17,2028-06-17,24,2250,2250,0,LSE-000302,active
LSE-000304,PROP-00110,RES-00216,2023-10-03,2025-10-03,24,2085,2085,0,,expired
LSE-000305,PROP-00110,RES-00216,2025-11-08,2027-11-08,24,2205,2205,0,LSE-000304,active
LSE-000306,PROP-00111,RES-00217,2022-05-22,2024-05-22,24,2430,2430,0,,expired
LSE-000307,PROP-00111,RES-00217,2024-06-08,2026-06-08,24,2525,1262,0,LSE-000306,expired
LSE-000308,PROP-00111,RES-00218,2026-07-25,2027-07-25,12,2715,2715,0,,active
LSE-000309,PROP-00112,RES-00219,2021-11-10,2022-11-10,12,2340,2340,0,,expired
LSE-000310,PROP-00112,RES-00220,2022-11-26,2023-11-26,12,2365,2365,1,,expired
LSE-000311,PROP-00112,RES-00220,2024-01-16,2025-07-16,18,2400,1200,0,LSE-000310,expired
LSE-000312,PROP-00112,RES-00220,2025-09-11,2027-09-11,24,2490,1245,1,LSE-000311,active
LSE-000313,PROP-00113,RES-00221,2023-05-16,2025-05-16,24,2170,2170,0,,expired
LSE-000314,PROP-00113,RES-00221,2025-05-30,2026-05-30,12,2240,2240,0,LSE-000313,expired
LSE-000315,PROP-00113,RES-00221,2026-06-22,2028-06-22,24,2375,2375,0,LSE-000314,active
LSE-000316,PROP-00114,RES-00222,2023-05-12,2024-05-12,12,2215,2215,0,,expired
LSE-000317,PROP-00114,RES-00223,2024-06-17,2025-06-17,12,2320,1160,0,,expired
LSE-000318,PROP-00114,RES-00223,2025-07-02,2027-01-02,18,2360,1180,0,LSE-000317,active
LSE-000319,PROP-00115,RES-00224,2022-07-23,2024-07-23,24,2330,1165,0,,expired
LSE-000320,PROP-00115,RES-00224,2024-08-05,2025-08-05,12,2465,2465,0,LSE-000319,expired
LSE-000321,PROP-00115,RES-00224,2025-08-18,2027-02-18,18,2565,2565,0,LSE-000320,active
LSE-000322,PROP-00116,RES-00225,2024-03-14,2026-03-14,24,2465,2465,0,,terminated-early
LSE-000323,PROP-00116,RES-00226,2026-05-22,2028-05-22,24,2590,1295,0,,active
LSE-000324,PROP-00117,RES-00227,2021-12-09,2022-12-09,12,2360,1180,1,,expired
LSE-000325,PROP-00117,RES-00227,2023-01-08,2025-01-08,24,2415,2415,1,LSE-000324,expired
LSE-000326,PROP-00117,RES-00227,2025-03-11,2026-09-11,18,2455,2455,1,LSE-000325,expired
LSE-000327,PROP-00118,RES-00228,2024-01-19,2026-01-19,24,2070,2070,0,,expired
LSE-000328,PROP-00118,RES-00229,2026-02-16,2027-02-16,12,2270,2270,0,,active
LSE-000329,PROP-00119,RES-00230,2023-12-07,2025-06-07,18,2025,2025,1,,expired
LSE-000330,PROP-00119,RES-00231,2025-07-03,2027-07-03,24,2245,2245,0,,active
LSE-000331,PROP-00120,RES-00232,2024-02-10,2026-02-10,24,2110,1055,0,,expired
LSE-000332,PROP-00120,RES-00232,2026-04-26,2027-04-26,12,2325,2325,0,LSE-000331,active
LSE-000333,PROP-00121,RES-00233,2023-06-22,2024-12-22,18,2405,2405,0,,expired
LSE-000334,PROP-00121,RES-00234,2025-01-21,2026-01-21,12,2400,1200,0,,expired
LSE-000335,PROP-00121,RES-00234,2026-03-04,2028-03-04,24,2470,2470,0,LSE-000334,active
LSE-000336,PROP-00122,RES-00235,2021-11-23,2022-11-23,12,2445,2445,0,,expired
LSE-000337,PROP-00122,RES-00236,2022-12-20,2023-12-20,12,2385,2385,0,,expired
LSE-000338,PROP-00122,RES-00237,2024-03-02,2025-03-02,12,2420,1210,1,,expired
LSE-000339,PROP-00122,RES-00238,2025-04-11,2027-04-11,24,2605,2605,0,,active
LSE-000340,PROP-00123,RES-00239,2023-04-12,2025-04-12,24,2310,2310,1,,expired
LSE-000341,PROP-00123,RES-00239,2025-05-08,2027-05-08,24,2435,1217,0,LSE-000340,active
LSE-000342,PROP-00124,RES-00240,2024-03-22,2025-03-22,12,2445,2445,0,,expired
LSE-000343,PROP-00124,RES-00241,2025-04-21,2027-04-21,24,2550,1275,0,,active
LSE-000344,PROP-00125,RES-00242,2025-01-08,2027-01-08,24,2365,1182,0,,active
LSE-000345,PROP-00126,RES-00243,2024-04-08,2025-10-08,18,2225,1112,0,,expired
LSE-000346,PROP-00126,RES-00244,2025-11-20,2027-11-20,24,2260,2260,0,,active
LSE-000347,PROP-00127,RES-00245,2022-10-18,2023-10-18,12,2340,2340,0,,expired
LSE-000348,PROP-00127,RES-00245,2023-11-12,2024-11-12,12,2370,1185,0,LSE-000347,expired
LSE-000349,PROP-00127,RES-00245,2024-11-23,2025-11-23,12,2425,2425,0,LSE-000348,expired
LSE-000350,PROP-00127,RES-00246,2026-01-02,2027-01-02,12,2395,1197,0,,active
LSE-000351,PROP-00128,RES-00247,2024-07-20,2026-01-20,18,2460,2460,0,,expired
LSE-000352,PROP-00128,RES-00247,2026-02-26,2027-02-26,12,2535,2535,0,LSE-000351,active
LSE-000353,PROP-00129,RES-00248,2023-04-24,2025-04-24,24,2250,1125,1,,expired
LSE-000354,PROP-00129,RES-00248,2025-04-30,2027-04-30,24,2420,1210,0,LSE-000353,active
LSE-000355,PROP-00130,RES-00249,2025-02-02,2026-02-02,12,2295,2295,0,,expired
LSE-000356,PROP-00130,RES-00249,2026-02-15,2027-02-15,12,2365,2365,0,LSE-000355,active
LSE-000357,PROP-00131,RES-00250,2022-12-26,2023-12-26,12,2380,1190,0,,expired
LSE-000358,PROP-00131,RES-00250,2024-01-04,2026-01-04,24,2465,2465,0,LSE-000357,expired
LSE-000359,PROP-00131,RES-00250,2026-02-05,2027-02-05,12,2580,1290,0,LSE-000358,active
LSE-000360,PROP-00132,RES-00251,2024-11-08,2025-11-08,12,2400,2400,0,,expired
LSE-000361,PROP-00132,RES-00252,2026-01-19,2027-01-19,12,2495,2495,0,,active
LSE-000362,PROP-00133,RES-00253,2022-07-17,2024-07-17,24,2185,2185,1,,expired
LSE-000363,PROP-00133,RES-00253,2024-09-09,2026-03-09,18,2290,1145,0,LSE-000362,expired
LSE-000364,PROP-00133,RES-00254,2026-05-13,2027-11-13,18,2335,1167,0,,active
LSE-000365,PROP-00134,RES-00255,2023-05-25,2025-05-25,24,2775,2775,0,,expired
LSE-000366,PROP-00134,RES-00256,2025-06-03,2027-06-03,24,2895,2895,0,,active
LSE-000367,PROP-00135,RES-00257,2023-07-25,2025-07-25,24,2705,2705,0,,expired
LSE-000368,PROP-00135,RES-00257,2025-08-25,2026-08-25,12,2930,2930,0,LSE-000367,expired
LSE-000369,PROP-00136,RES-00258,2022-04-19,2023-04-19,12,2735,2735,0,,expired
LSE-000370,PROP-00136,RES-00259,2023-05-26,2025-05-26,24,2795,1397,1,,expired
LSE-000371,PROP-00136,RES-00260,2025-06-19,2026-06-19,12,2940,1470,0,,expired
LSE-000372,PROP-00136,RES-00261,2026-08-12,2027-08-12,12,3045,3045,0,,active
LSE-000373,PROP-00137,RES-00262,2023-03-07,2024-09-07,18,2730,2730,0,,expired
LSE-000374,PROP-00137,RES-00262,2024-10-22,2026-10-22,24,2780,2780,0,LSE-000373,active
LSE-000375,PROP-00138,RES-00263,2023-07-02,2024-07-02,12,2755,2755,0,,expired
LSE-000376,PROP-00138,RES-00264,2024-07-17,2025-07-17,12,2905,2905,0,,expired
LSE-000377,PROP-00138,RES-00264,2025-08-13,2026-08-13,12,2985,2985,0,LSE-000376,expired
LSE-000378,PROP-00138,RES-00264,2026-09-05,2028-09-05,24,3110,3110,0,LSE-000377,active
LSE-000379,PROP-00139,RES-00265,2022-08-09,2023-08-09,12,2775,2775,0,,expired
LSE-000380,PROP-00139,RES-00265,2023-09-30,2025-09-30,24,2915,2915,0,LSE-000379,expired
LSE-000381,PROP-00139,RES-00265,2025-10-22,2027-10-22,24,3040,1520,0,LSE-000380,active
LSE-000382,PROP-00140,RES-00266,2022-11-15,2024-11-15,24,2870,1435,0,,expired
LSE-000383,PROP-00140,RES-00267,2024-12-23,2026-12-23,24,2900,2900,0,,active
LSE-000384,PROP-00141,RES-00268,2022-08-14,2024-02-14,18,2715,2715,1,,expired
LSE-000385,PROP-00141,RES-00268,2024-04-25,2025-04-25,12,2845,2845,0,LSE-000384,expired
LSE-000386,PROP-00141,RES-00269,2025-05-19,2027-05-19,24,2950,1475,0,,active
LSE-000387,PROP-00142,RES-00270,2024-02-05,2025-02-05,12,2720,2720,0,,expired
LSE-000388,PROP-00142,RES-00270,2025-03-13,2026-03-13,12,2820,2820,0,LSE-000387,expired
LSE-000389,PROP-00142,RES-00270,2026-04-21,2027-04-21,12,2975,1487,0,LSE-000388,active
LSE-000390,PROP-00143,RES-00271,2024-03-25,2026-03-25,24,2730,2730,0,,expired
LSE-000391,PROP-00143,RES-00271,2026-04-29,2027-04-29,12,2845,1422,1,LSE-000390,active
LSE-000392,PROP-00144,RES-00272,2023-06-18,2025-06-18,24,2690,2690,0,,expired
LSE-000393,PROP-00144,RES-00273,2025-08-26,2027-08-26,24,2920,1460,1,,active
LSE-000394,PROP-00145,RES-00274,2022-07-23,2023-07-23,12,2660,2660,0,,expired
LSE-000395,PROP-00145,RES-00274,2023-08-21,2024-08-21,12,2745,2745,0,LSE-000394,expired
LSE-000396,PROP-00145,RES-00275,2024-09-15,2026-09-15,24,2770,2770,0,,expired
LSE-000397,PROP-00146,RES-00276,2022-07-21,2024-07-21,24,2775,1387,0,,expired
LSE-000398,PROP-00146,RES-00277,2024-07-27,2025-07-27,12,2825,2825,0,,expired
LSE-000399,PROP-00146,RES-00278,2025-08-13,2027-02-13,18,2990,2990,0,,active
LSE-000400,PROP-00147,RES-00279,2023-07-25,2024-07-25,12,2705,2705,0,,evicted
LSE-000401,PROP-00147,RES-00280,2024-09-27,2026-09-27,24,2790,2790,0,,expired
LSE-000402,PROP-00148,RES-00281,2023-07-19,2024-07-19,12,2740,1370,0,,expired
LSE-000403,PROP-00148,RES-00281,2024-10-01,2025-10-01,12,2865,2865,0,LSE-000402,expired
LSE-000404,PROP-00148,RES-00281,2025-10-09,2026-10-09,12,2950,1475,0,LSE-000403,active
LSE-000405,PROP-00149,RES-00282,2022-06-04,2023-06-04,12,2685,1342,0,,expired
LSE-000406,PROP-00149,RES-00283,2023-07-26,2025-07-26,24,2685,2685,0,,expired
LSE-000407,PROP-00149,RES-00283,2025-08-03,2026-08-03,12,2885,2885,0,LSE-000406,expired
LSE-000408,PROP-00149,RES-00284,2026-08-25,2028-02-25,18,2985,2985,0,,active
LSE-000409,PROP-00150,RES-00285,2022-03-22,2023-03-22,12,2765,1382,0,,expired
LSE-000410,PROP-00150,RES-00285,2023-04-21,2025-04-21,24,2895,2895,1,LSE-000409,expired
LSE-000411,PROP-00150,RES-00286,2025-05-23,2026-05-23,12,2880,2880,1,,expired
LSE-000412,PROP-00150,RES-00286,2026-07-28,2028-07-28,24,3010,3010,0,LSE-000411,active
LSE-000413,PROP-00151,RES-00287,2024-03-09,2025-03-09,12,2805,2805,0,,terminated-early
LSE-000414,PROP-00151,RES-00288,2025-04-08,2027-04-08,24,2955,2955,1,,active
LSE-000415,PROP-00152,RES-00289,2023-06-21,2024-12-21,18,2780,2780,0,,expired
LSE-000416,PROP-00152,RES-00290,2025-01-29,2026-01-29,12,2775,1387,0,,expired
LSE-000417,PROP-00152,RES-00290,2026-03-11,2027-03-11,12,2960,1480,0,LSE-000416,active
LSE-000418,PROP-00153,RES-00291,2023-06-18,2025-06-18,24,2620,2620,0,,expired
LSE-000419,PROP-00153,RES-00291,2025-07-14,2026-07-14,12,2825,1412,0,LSE-000418,expired
LSE-000420,PROP-00153,RES-00291,2026-09-23,2028-03-23,18,2940,2940,0,LSE-000419,active
LSE-000421,PROP-00154,RES-00292,2023-07-20,2024-07-20,12,2660,2660,0,,expired
LSE-000422,PROP-00154,RES-00293,2024-08-02,2025-08-02,12,2840,2840,0,,expired
LSE-000423,PROP-00154,RES-00293,2025-09-14,2026-09-14,12,2875,2875,0,LSE-000422,expired
LSE-000424,PROP-00155,RES-00294,2022-07-19,2024-01-19,18,2760,2760,1,,expired
LSE-000425,PROP-00155,RES-00295,2024-03-19,2025-09-19,18,2850,2850,0,,expired
LSE-000426,PROP-00155,RES-00295,2025-09-28,2027-03-28,18,2955,1477,0,LSE-000425,active
LSE-000427,PROP-00156,RES-00296,2022-10-01,2024-10-01,24,2790,1395,0,,expired
LSE-000428,PROP-00156,RES-00296,2024-11-09,2025-11-09,12,2850,2850,0,LSE-000427,expired
LSE-000429,PROP-00156,RES-00297,2025-11-30,2027-05-30,18,2895,2895,0,,active
LSE-000430,PROP-00157,RES-00298,2022-08-21,2024-02-21,18,2685,2685,0,,expired
LSE-000431,PROP-00157,RES-00299,2024-04-25,2026-04-25,24,2790,2790,0,,expired
LSE-000432,PROP-00157,RES-00299,2026-05-30,2027-05-30,12,3005,3005,0,LSE-000431,active
LSE-000433,PROP-00158,RES-00300,2023-12-19,2025-12-19,24,2740,2740,0,,expired
LSE-000434,PROP-00158,RES-00300,2026-02-01,2028-02-01,24,2820,2820,1,LSE-000433,active
LSE-000435,PROP-00159,RES-00301,2023-07-15,2025-07-15,24,2715,2715,0,,expired
LSE-000436,PROP-00159,RES-00302,2025-09-14,2026-09-14,12,2925,1462,0,,expired
LSE-000437,PROP-00160,RES-00303,2022-03-26,2024-03-26,24,2685,2685,0,,expired
LSE-000438,PROP-00160,RES-00304,2024-05-22,2025-05-22,12,2810,1405,0,,expired
LSE-000439,PROP-00160,RES-00304,2025-06-07,2027-06-07,24,2925,1462,0,LSE-000438,active
LSE-000440,PROP-00161,RES-00305,2021-10-28,2022-10-28,12,2725,2725,0,,expired
LSE-000441,PROP-00161,RES-00306,2022-12-21,2024-12-21,24,2800,2800,0,,expired
LSE-000442,PROP-00161,RES-00306,2025-02-21,2026-08-21,18,2875,2875,0,LSE-000441,expired
LSE-000443,PROP-00162,RES-00307,2022-07-21,2023-07-21,12,2635,2635,1,,expired
LSE-000444,PROP-00162,RES-00308,2023-09-25,2024-09-25,12,2700,1350,0,,expired
LSE-000445,PROP-00162,RES-00309,2024-10-23,2026-04-23,18,2720,2720,0,,expired
LSE-000446,PROP-00162,RES-00309,2026-05-16,2028-05-16,24,2930,2930,0,LSE-000445,active
LSE-000447,PROP-00163,RES-00310,2023-04-03,2025-04-03,24,2795,2795,1,,expired
LSE-000448,PROP-00163,RES-00311,2025-06-17,2026-06-17,12,2915,1457,1,,expired
LSE-000449,PROP-00163,RES-00311,2026-08-30,2028-08-30,24,2985,2985,0,LSE-000448,active
LSE-000450,PROP-00164,RES-00312,2022-02-07,2023-02-07,12,2850,2850,0,,expired
LSE-000451,PROP-00164,RES-00312,2023-04-07,2025-04-07,24,2930,2930,1,LSE-000450,expired
LSE-000452,PROP-00164,RES-00313,2025-04-26,2027-04-26,24,2970,2970,0,,active
LSE-000453,PROP-00165,RES-00314,2022-08-02,2024-08-02,24,2750,2750,0,,expired
LSE-000454,PROP-00165,RES-00315,2024-08-20,2026-08-20,24,2905,2905,0,,expired
LSE-000455,PROP-00165,RES-00315,2026-09-05,2027-09-05,12,3000,3000,0,LSE-000454,active
LSE-000456,PROP-00166,RES-00316,2023-04-22,2024-04-22,12,2750,2750,0,,expired
LSE-000457,PROP-00166,RES-00317,2024-06-21,2026-06-21,24,2885,1442,0,,expired
LSE-000458,PROP-00166,RES-00317,2026-07-08,2028-07-08,24,3015,3015,0,LSE-000457,active
LSE-000459,PROP-00167,RES-00318,2022-08-08,2023-08-08,12,2810,1405,0,,expired
LSE-000460,PROP-00167,RES-00319,2023-08-27,2024-08-27,12,2710,2710,0,,expired
LSE-000461,PROP-00167,RES-00319,2024-10-24,2025-10-24,12,2800,2800,0,LSE-000460,expired
LSE-000462,PROP-00167,RES-00319,2025-11-05,2026-11-05,12,2925,2925,0,LSE-000461,active
LSE-000463,PROP-00168,RES-00320,2024-03-16,2026-03-16,24,2880,1440,0,,expired
LSE-000464,PROP-00168,RES-00320,2026-05-21,2028-05-21,24,2975,2975,0,LSE-000463,active
LSE-000465,PROP-00169,RES-00321,2024-03-22,2025-03-22,12,2810,2810,0,,expired
LSE-000466,PROP-00169,RES-00321,2025-06-03,2026-06-03,12,2880,1440,0,LSE-000465,expired
LSE-000467,PROP-00169,RES-00322,2026-06-20,2027-06-20,12,2920,2920,0,,active
LSE-000468,PROP-00170,RES-00323,2023-07-20,2024-07-20,12,2820,1410,0,,expired
LSE-000469,PROP-00170,RES-00323,2024-09-01,2025-09-01,12,2890,2890,0,LSE-000468,expired
LSE-000470,PROP-00170,RES-00324,2025-10-05,2026-10-05,12,2850,2850,0,,active
LSE-000471,PROP-00171,RES-00325,2022-10-25,2024-10-25,24,2640,2640,0,,expired
LSE-000472,PROP-00171,RES-00325,2024-11-28,2025-11-28,12,2760,1380,1,LSE-000471,expired
LSE-000473,PROP-00171,RES-00325,2025-12-17,2027-12-17,24,2895,1447,0,LSE-000472,active
LSE-000474,PROP-00172,RES-00326,2022-04-09,2024-04-09,24,2785,2785,0,,expired
LSE-000475,PROP-00172,RES-00326,2024-06-15,2026-06-15,24,2925,1462,0,LSE-000474,expired
LSE-000476,PROP-00172,RES-00327,2026-07-02,2028-07-02,24,2975,2975,0,,active
LSE-000477,PROP-00173,RES-00328,2024-03-19,2025-03-19,12,2835,2835,0,,expired
LSE-000478,PROP-00173,RES-00329,2025-05-30,2026-05-30,12,2910,2910,0,,expired
LSE-000479,PROP-00173,RES-00330,2026-06-12,2027-06-12,12,2960,2960,0,,active
LSE-000480,PROP-00174,RES-00331,2022-06-24,2023-06-24,12,2740,1370,1,,expired
LSE-000481,PROP-00174,RES-00332,2023-07-15,2025-07-15,24,2650,1325,0,,expired
LSE-000482,PROP-00174,RES-00333,2025-09-21,2027-09-21,24,2900,2900,0,,active
LSE-000483,PROP-00175,RES-00334,2021-10-12,2022-10-12,12,2690,2690,1,,expired
LSE-000484,PROP-00175,RES-00335,2022-12-25,2024-12-25,24,2750,2750,0,,expired
LSE-000485,PROP-00175,RES-00336,2025-03-08,2026-03-08,12,2930,2930,1,,expired
LSE-000486,PROP-00175,RES-00336,2026-03-16,2028-03-16,24,3030,1515,0,LSE-000485,active
LSE-000487,PROP-00176,RES-00337,2023-06-11,2024-06-11,12,2780,2780,1,,expired
LSE-000488,PROP-00176,RES-00337,2024-07-26,2025-07-26,12,2860,2860,0,LSE-000487,expired
LSE-000489,PROP-00176,RES-00337,2025-08-02,2027-08-02,24,2970,2970,0,LSE-000488,active
LSE-000490,PROP-00177,RES-00338,2021-12-07,2023-12-07,24,2790,1395,0,,expired
LSE-000491,PROP-00177,RES-00338,2023-12-12,2025-12-12,24,2870,1435,0,LSE-000490,expired
LSE-000492,PROP-00177,RES-00338,2026-01-03,2028-01-03,24,2975,2975,0,LSE-000491,active
LSE-000493,PROP-00178,RES-00339,2021-11-27,2023-11-27,24,2625,1312,0,,expired
LSE-000494,PROP-00178,RES-00339,2024-01-09,2026-01-09,24,2755,1377,0,LSE-000493,expired
LSE-000495,PROP-00178,RES-00339,2026-03-02,2028-03-02,24,2815,1407,0,LSE-000494,active
LSE-000496,PROP-00179,RES-00340,2023-08-06,2025-08-06,24,2620,1310,0,,expired
LSE-000497,PROP-00179,RES-00341,2025-08-12,2026-08-12,12,2970,1485,0,,expired
LSE-000498,PROP-00179,RES-00341,2026-09-10,2027-09-10,12,3110,1555,0,LSE-000497,active
LSE-000499,PROP-00180,RES-00342,2022-05-31,2023-11-30,18,2810,1405,1,,expired
LSE-000500,PROP-00180,RES-00343,2024-02-10,2025-02-10,12,2790,1395,0,,expired
LSE-000501,PROP-00180,RES-00343,2025-03-13,2026-03-13,12,2855,2855,0,LSE-000500,expired
LSE-000502,PROP-00180,RES-00344,2026-03-20,2027-03-20,12,2945,2945,1,,active
LSE-000503,PROP-00181,RES-00345,2023-08-28,2025-08-28,24,2760,1380,0,,expired
LSE-000504,PROP-00181,RES-00345,2025-10-21,2026-10-21,12,2870,2870,0,LSE-000503,active
LSE-000505,PROP-00182,RES-00346,2023-06-24,2025-06-24,24,2775,2775,0,,expired
LSE-000506,PROP-00182,RES-00347,2025-08-03,2027-02-03,18,3025,3025,0,,active
LSE-000507,PROP-00183,RES-00348,2023-08-14,2025-08-14,24,2770,1385,0,,expired
LSE-000508,PROP-00183,RES-00349,2025-10-17,2026-10-17,12,2895,2895,0,,active
LSE-000509,PROP-00184,RES-00350,2024-07-28,2026-07-28,24,2955,2955,0,,expired
LSE-000510,PROP-00184,RES-00351,2026-08-06,2028-08-06,24,3105,1552,0,,active
LSE-000511,PROP-00185,RES-00352,2023-10-11,2025-10-11,24,2740,2740,0,,expired
LSE-000512,PROP-00185,RES-00352,2025-11-03,2026-11-03,12,2820,2820,0,LSE-000511,active
LSE-000513,PROP-00186,RES-00353,2024-03-21,2025-09-21,18,2745,2745,1,,expired
LSE-000514,PROP-00186,RES-00354,2025-10-15,2026-10-15,12,2905,2905,0,,active
LSE-000515,PROP-00187,RES-00355,2023-03-12,2024-09-12,18,2750,2750,0,,expired
LSE-000516,PROP-00187,RES-00356,2024-11-09,2025-11-09,12,2740,1370,1,,expired
LSE-000517,PROP-00187,RES-00357,2025-12-20,2027-12-20,24,2820,2820,0,,active
LSE-000518,PROP-00188,RES-00358,2023-06-03,2025-06-03,24,2750,2750,0,,expired
LSE-000519,PROP-00188,RES-00358,2025-08-09,2027-08-09,24,2905,2905,0,LSE-000518,active
LSE-000520,PROP-00189,RES-00359,2023-04-05,2024-10-05,18,2685,2685,0,,expired
LSE-000521,PROP-00189,RES-00359,2024-10-11,2026-04-11,18,2810,2810,0,LSE-000520,expired
LSE-000522,PROP-00189,RES-00359,2026-06-08,2027-12-08,18,2995,1497,0,LSE-000521,active
LSE-000523,PROP-00190,RES-00360,2024-02-11,2025-02-11,12,2720,2720,0,,expired
LSE-000524,PROP-00190,RES-00360,2025-03-10,2026-03-10,12,2800,2800,0,LSE-000523,expired
LSE-000525,PROP-00190,RES-00361,2026-03-24,2028-03-24,24,2845,2845,1,,active
LSE-000526,PROP-00191,RES-00362,2022-06-09,2024-06-09,24,2750,2750,0,,expired
LSE-000527,PROP-00191,RES-00362,2024-07-18,2026-07-18,24,2910,1455,1,LSE-000526,expired
LSE-000528,PROP-00191,RES-00363,2026-09-10,2028-09-10,24,3235,3235,0,,active
LSE-000529,PROP-00192,RES-00364,2023-12-05,2024-12-05,12,2690,2690,0,,expired
LSE-000530,PROP-00192,RES-00364,2024-12-23,2025-12-23,12,2800,2800,0,LSE-000529,expired
LSE-000531,PROP-00192,RES-00364,2026-03-05,2028-03-05,24,3050,1525,0,LSE-000530,active
LSE-000532,PROP-00193,RES-00365,2022-01-11,2023-07-11,18,2795,2795,0,,expired
LSE-000533,PROP-00193,RES-00366,2023-07-24,2025-01-24,18,2815,2815,0,,expired
LSE-000534,PROP-00193,RES-00366,2025-03-08,2026-03-08,12,2955,2955,0,LSE-000533,expired
LSE-000535,PROP-00193,RES-00367,2026-03-18,2027-03-18,12,3070,1535,0,,active
LSE-000536,PROP-00194,RES-00368,2023-03-14,2024-03-14,12,2865,1432,0,,expired
LSE-000537,PROP-00194,RES-00369,2024-04-22,2025-04-22,12,2935,1467,0,,expired
LSE-000538,PROP-00194,RES-00369,2025-07-02,2026-07-02,12,3050,3050,0,LSE-000537,expired
LSE-000539,PROP-00194,RES-00370,2026-09-03,2027-09-03,12,3180,3180,0,,active
LSE-000540,PROP-00195,RES-00371,2023-03-10,2024-03-10,12,2515,1257,0,,expired
LSE-000541,PROP-00195,RES-00371,2024-04-24,2026-04-24,24,2615,1307,1,LSE-000540,expired
LSE-000542,PROP-00195,RES-00372,2026-06-15,2028-06-15,24,2905,1452,0,,active
LSE-000543,PROP-00196,RES-00373,2023-07-24,2024-07-24,12,2780,2780,0,,expired
LSE-000544,PROP-00196,RES-00373,2024-08-09,2026-08-09,24,2880,1440,0,LSE-000543,expired
LSE-000545,PROP-00197,RES-00374,2022-01-28,2023-01-28,12,2510,2510,1,,expired
LSE-000546,PROP-00197,RES-00375,2023-02-02,2025-02-02,24,2575,2575,0,,expired
LSE-000547,PROP-00197,RES-00375,2025-03-14,2027-03-14,24,2690,2690,1,LSE-000546,active
LSE-000548,PROP-00198,RES-00376,2023-01-19,2025-01-19,24,2795,1397,0,,expired
LSE-000549,PROP-00198,RES-00377,2025-01-31,2026-01-31,12,2895,2895,0,,expired
LSE-000550,PROP-00198,RES-00378,2026-04-05,2027-04-05,12,3285,3285,0,,active
LSE-000551,PROP-00199,RES-00379,2024-11-04,2025-11-04,12,2495,2495,0,,expired
LSE-000552,PROP-00199,RES-00379,2025-12-07,2026-12-07,12,2625,1312,0,LSE-000551,active
LSE-000553,PROP-00200,RES-00380,2023-04-07,2024-04-07,12,2740,1370,0,,expired
LSE-000554,PROP-00200,RES-00380,2024-05-26,2026-05-26,24,2845,2845,0,LSE-000553,expired
LSE-000555,PROP-00200,RES-00380,2026-07-21,2027-07-21,12,3175,3175,0,LSE-000554,active
LSE-000556,PROP-00201,RES-00381,2022-10-25,2023-10-25,12,2415,2415,0,,expired
LSE-000557,PROP-00201,RES-00382,2023-11-30,2025-05-30,18,2490,2490,0,,expired
LSE-000558,PROP-00201,RES-00383,2025-06-23,2026-06-23,12,2715,2715,0,,expired
LSE-000559,PROP-00201,RES-00384,2026-06-30,2027-06-30,12,2790,2790,0,,active
LSE-000560,PROP-00202,RES-00385,2023-07-06,2024-07-06,12,2820,2820,1,,expired
LSE-000561,PROP-00202,RES-00385,2024-08-25,2026-08-25,24,2935,2935,0,LSE-000560,expired
LSE-000562,PROP-00203,RES-00386,2024-11-08,2026-11-08,24,2865,2865,0,,active
LSE-000563,PROP-00204,RES-00387,2022-06-15,2024-06-15,24,2445,2445,0,,expired
LSE-000564,PROP-00204,RES-00388,2024-08-15,2026-08-15,24,2565,1282,0,,expired
LSE-000565,PROP-00204,RES-00389,2026-09-10,2028-09-10,24,2790,2790,0,,active
LSE-000566,PROP-00205,RES-00390,2024-08-06,2025-08-06,12,2905,2905,0,,expired
LSE-000567,PROP-00205,RES-00391,2025-08-24,2026-08-24,12,3010,3010,1,,expired
LSE-000568,PROP-00206,RES-00392,2021-10-02,2022-10-02,12,2760,2760,0,,expired
LSE-000569,PROP-00206,RES-00392,2022-10-20,2023-10-20,12,2825,2825,0,LSE-000568,expired
LSE-000570,PROP-00206,RES-00393,2023-10-27,2025-10-27,24,2690,2690,0,,expired
LSE-000571,PROP-00206,RES-00393,2025-12-03,2027-12-03,24,2905,2905,0,LSE-000570,active
LSE-000572,PROP-00207,RES-00394,2022-09-11,2024-03-11,18,2730,1365,0,,expired
LSE-000573,PROP-00207,RES-00394,2024-05-12,2025-05-12,12,2910,2910,1,LSE-000572,expired
LSE-000574,PROP-00207,RES-00394,2025-05-27,2026-05-27,12,3130,1565,0,LSE-000573,expired
LSE-000575,PROP-00207,RES-00394,2026-06-23,2028-06-23,24,3240,3240,0,LSE-000574,active
LSE-000576,PROP-00208,RES-00395,2024-03-22,2025-03-22,12,2835,2835,0,,expired
LSE-000577,PROP-00208,RES-00396,2025-04-22,2026-10-22,18,2955,2955,0,,active
LSE-000578,PROP-00209,RES-00397,2023-07-13,2025-07-13,24,2845,2845,0,,expired
LSE-000579,PROP-00209,RES-00398,2025-08-14,2027-08-14,24,3145,1572,0,,active
LSE-000580,PROP-00210,RES-00399,2025-03-06,2026-03-06,12,2785,2785,0,,expired
LSE-000581,PROP-00210,RES-00399,2026-04-18,2028-04-18,24,2900,1450,0,LSE-000580,active
LSE-000582,PROP-00211,RES-00400,2021-12-12,2023-06-12,18,2435,2435,0,,expired
LSE-000583,PROP-00211,RES-00400,2023-07-20,2024-07-20,12,2540,2540,0,LSE-000582,expired
LSE-000584,PROP-00211,RES-00400,2024-07-31,2025-07-31,12,2575,2575,0,LSE-000583,expired
LSE-000585,PROP-00211,RES-00400,2025-08-25,2026-08-25,12,2680,1340,0,LSE-000584,expired
LSE-000586,PROP-00211,RES-00400,2026-09-03,2027-09-03,12,2800,2800,0,LSE-000585,active
LSE-000587,PROP-00212,RES-00401,2022-03-03,2024-03-03,24,2750,2750,0,,expired
LSE-000588,PROP-00212,RES-00401,2024-04-23,2025-04-23,12,2895,1447,0,LSE-000587,expired
LSE-000589,PROP-00212,RES-00401,2025-06-02,2026-12-02,18,2940,2940,0,LSE-000588,active
LSE-000590,PROP-00213,RES-00402,2024-04-18,2026-04-18,24,2570,2570,0,,expired
LSE-000591,PROP-00213,RES-00403,2026-05-10,2028-05-10,24,2945,2945,0,,active
LSE-000592,PROP-00214,RES-00404,2023-06-19,2025-06-19,24,2655,2655,0,,expired
LSE-000593,PROP-00214,RES-00404,2025-06-30,2026-06-30,12,2975,2975,0,LSE-000592,expired
LSE-000594,PROP-00214,RES-00404,2026-08-19,2027-08-19,12,3165,3165,0,LSE-000593,active
LSE-000595,PROP-00215,RES-00405,2023-06-09,2024-06-09,12,2715,2715,0,,expired
LSE-000596,PROP-00215,RES-00405,2024-08-23,2025-08-23,12,2820,2820,0,LSE-000595,expired
LSE-000597,PROP-00215,RES-00406,2025-08-29,2027-08-29,24,3110,1555,0,,active
LSE-000598,PROP-00216,RES-00407,2023-03-14,2024-03-14,12,2715,2715,0,,expired
LSE-000599,PROP-00216,RES-00408,2024-05-22,2025-11-22,18,2980,2980,0,,expired
LSE-000600,PROP-00216,RES-00408,2026-01-12,2028-01-12,24,3050,1525,0,LSE-000599,active
LSE-000601,PROP-00217,RES-00409,2022-01-16,2023-01-16,12,2790,2790,1,,expired
LSE-000602,PROP-00217,RES-00410,2023-03-12,2024-03-12,12,2865,2865,0,,expired
LSE-000603,PROP-00217,RES-00410,2024-04-01,2026-04-01,24,2910,2910,0,LSE-000602,expired
LSE-000604,PROP-00217,RES-00410,2026-05-28,2027-05-28,12,3130,3130,0,LSE-000603,active
LSE-000605,PROP-00218,RES-00411,2023-05-14,2025-05-14,24,2795,1397,1,,expired
LSE-000606,PROP-00218,RES-00412,2025-06-23,2026-06-23,12,3085,3085,1,,expired
LSE-000607,PROP-00218,RES-00412,2026-09-06,2027-09-06,12,3115,3115,0,LSE-000606,active
LSE-000608,PROP-00219,RES-00413,2023-05-13,2024-05-13,12,2395,1197,0,,expired
LSE-000609,PROP-00219,RES-00413,2024-07-12,2025-07-12,12,2540,2540,1,LSE-000608,expired
LSE-000610,PROP-00219,RES-00414,2025-07-19,2026-07-19,12,2695,2695,1,,expired
LSE-000611,PROP-00219,RES-00414,2026-09-21,2028-09-21,24,2755,2755,0,LSE-000610,active
LSE-000612,PROP-00220,RES-00415,2024-03-13,2025-03-13,12,2630,2630,0,,expired
LSE-000613,PROP-00220,RES-00415,2025-03-23,2026-03-23,12,2720,2720,0,LSE-000612,expired
LSE-000614,PROP-00220,RES-00416,2026-05-24,2027-05-24,12,2970,1485,0,,active
LSE-000615,PROP-00221,RES-00417,2023-07-26,2024-07-26,12,2730,2730,0,,expired
LSE-000616,PROP-00221,RES-00418,2024-08-15,2026-02-15,18,2975,2975,0,,expired
LSE-000617,PROP-00221,RES-00418,2026-04-06,2027-04-06,12,3150,3150,0,LSE-000616,active
LSE-000618,PROP-00222,RES-00419,2022-04-05,2023-04-05,12,2820,2820,0,,expired
LSE-000619,PROP-00222,RES-00420,2023-05-19,2025-05-19,24,2815,2815,1,,expired
LSE-000620,PROP-00222,RES-00421,2025-06-26,2026-06-26,12,3225,1612,0,,expired
LSE-000621,PROP-00222,RES-00421,2026-09-02,2028-09-02,24,3375,3375,0,LSE-000620,active
LSE-000622,PROP-00223,RES-00422,2023-10-18,2024-10-18,12,2810,2810,0,,expired
LSE-000623,PROP-00223,RES-00422,2024-11-27,2025-11-27,12,2950,2950,0,LSE-000622,expired
LSE-000624,PROP-00223,RES-00423,2026-01-23,2028-01-23,24,2980,2980,0,,active
LSE-000625,PROP-00224,RES-00424,2022-09-03,2023-09-03,12,2820,1410,1,,expired
LSE-000626,PROP-00224,RES-00425,2023-09-17,2025-03-17,18,2780,1390,0,,expired
LSE-000627,PROP-00224,RES-00426,2025-05-09,2026-05-09,12,3050,3050,0,,expired
LSE-000628,PROP-00224,RES-00426,2026-05-14,2028-05-14,24,3200,1600,0,LSE-000627,active
LSE-000629,PROP-00225,RES-00427,2023-05-02,2024-05-02,12,2145,1072,0,,expired
LSE-000630,PROP-00225,RES-00427,2024-05-08,2026-05-08,24,2240,2240,0,LSE-000629,expired
LSE-000631,PROP-00225,RES-00427,2026-06-18,2027-06-18,12,2395,2395,0,LSE-000630,active
LSE-000632,PROP-00226,RES-00428,2023-06-02,2025-06-02,24,2075,2075,0,,expired
LSE-000633,PROP-00226,RES-00429,2025-08-16,2027-08-16,24,2310,2310,0,,active
LSE-000634,PROP-00227,RES-00430,2022-08-14,2024-08-14,24,2370,2370,0,,expired
LSE-000635,PROP-00227,RES-00430,2024-08-19,2026-02-19,18,2485,2485,0,LSE-000634,expired
LSE-000636,PROP-00227,RES-00431,2026-03-03,2028-03-03,24,2560,2560,0,,active
LSE-000637,PROP-00228,RES-00432,2024-03-07,2025-03-07,12,2485,2485,0,,expired
LSE-000638,PROP-00228,RES-00432,2025-03-20,2026-09-20,18,2535,2535,0,LSE-000637,expired
LSE-000639,PROP-00229,RES-00433,2024-10-20,2025-10-20,12,2145,1072,0,,expired
LSE-000640,PROP-00229,RES-00433,2025-12-23,2027-12-23,24,2180,2180,0,LSE-000639,active
LSE-000641,PROP-00230,RES-00434,2022-10-13,2024-10-13,24,2115,2115,0,,expired
LSE-000642,PROP-00230,RES-00435,2024-12-16,2025-12-16,12,2165,1082,0,,expired
LSE-000643,PROP-00230,RES-00435,2026-01-05,2027-07-05,18,2225,2225,0,LSE-000642,active
LSE-000644,PROP-00231,RES-00436,2022-06-06,2023-06-06,12,2680,2680,0,,expired
LSE-000645,PROP-00231,RES-00437,2023-08-11,2024-08-11,12,2545,1272,0,,expired
LSE-000646,PROP-00231,RES-00437,2024-10-09,2025-10-09,12,2575,1287,1,LSE-000645,expired
LSE-000647,PROP-00231,RES-00438,2025-11-10,2027-05-10,18,2695,1347,0,,active
LSE-000648,PROP-00232,RES-00439,2023-06-09,2024-06-09,12,2400,2400,0,,expired
LSE-000649,PROP-00232,RES-00440,2024-07-01,2026-07-01,24,2580,2580,0,,expired
LSE-000650,PROP-00232,RES-00440,2026-09-13,2027-09-13,12,2615,2615,0,LSE-000649,active
LSE-000651,PROP-00233,RES-00441,2022-12-14,2023-12-14,12,2375,2375,0,,expired
LSE-000652,PROP-00233,RES-00441,2024-01-02,2026-01-02,24,2460,2460,0,LSE-000651,expired
LSE-000653,PROP-00233,RES-00441,2026-01-24,2027-01-24,12,2565,2565,0,LSE-000652,active
LSE-000654,PROP-00234,RES-00442,2022-10-19,2024-04-19,18,2625,2625,0,,expired
LSE-000655,PROP-00234,RES-00443,2024-07-03,2026-07-03,24,2850,2850,0,,expired
LSE-000656,PROP-00234,RES-00444,2026-08-16,2028-08-16,24,2910,2910,0,,active
LSE-000657,PROP-00235,RES-00445,2023-12-23,2024-12-23,12,2560,1280,0,,expired
LSE-000658,PROP-00235,RES-00446,2025-01-27,2027-01-27,24,2760,2760,0,,active
LSE-000659,PROP-00236,RES-00447,2023-06-13,2024-12-13,18,2100,2100,0,,expired
LSE-000660,PROP-00236,RES-00448,2025-01-09,2026-07-09,18,2170,2170,1,,expired
LSE-000661,PROP-00236,RES-00448,2026-08-21,2027-08-21,12,2275,1137,0,LSE-000660,active
LSE-000662,PROP-00237,RES-00449,2023-02-11,2024-02-11,12,2435,2435,0,,expired
LSE-000663,PROP-00237,RES-00449,2024-03-03,2025-03-03,12,2460,2460,1,LSE-000662,expired
LSE-000664,PROP-00237,RES-00449,2025-04-21,2027-04-21,24,2540,2540,1,LSE-000663,active
LSE-000665,PROP-00238,RES-00450,2021-11-06,2022-11-06,12,2135,2135,1,,expired
LSE-000666,PROP-00238,RES-00451,2022-12-08,2024-12-08,24,2090,1045,0,,expired
LSE-000667,PROP-00238,RES-00452,2025-02-09,2026-02-09,12,2210,2210,0,,expired
LSE-000668,PROP-00238,RES-00452,2026-02-18,2027-02-18,12,2295,2295,0,LSE-000667,active
LSE-000669,PROP-00239,RES-00453,2024-03-17,2026-03-17,24,2655,1327,0,,expired
LSE-000670,PROP-00239,RES-00454,2026-05-27,2027-11-27,18,2950,2950,0,,active
LSE-000671,PROP-00240,RES-00455,2022-11-21,2024-11-21,24,2100,1050,1,,expired
LSE-000672,PROP-00240,RES-00456,2025-01-07,2027-01-07,24,2135,2135,0,,active
LSE-000673,PROP-00241,RES-00457,2022-03-15,2024-03-15,24,2660,2660,0,,expired
LSE-000674,PROP-00241,RES-00457,2024-05-20,2025-11-20,18,2750,2750,0,LSE-000673,expired
LSE-000675,PROP-00241,RES-00457,2025-12-14,2026-12-14,12,2880,2880,1,LSE-000674,active
LSE-000676,PROP-00242,RES-00458,2021-12-20,2022-12-20,12,2175,1087,0,,expired
LSE-000677,PROP-00242,RES-00459,2023-01-19,2025-01-19,24,2105,2105,0,,expired
LSE-000678,PROP-00242,RES-00459,2025-03-13,2027-03-13,24,2160,2160,0,LSE-000677,active
LSE-000679,PROP-00243,RES-00460,2024-04-18,2025-10-18,18,2545,1272,0,,expired
LSE-000680,PROP-00243,RES-00461,2025-12-20,2027-12-20,24,2470,2470,0,,active
LSE-000681,PROP-00244,RES-00462,2022-03-08,2023-03-08,12,2445,2445,0,,expired
LSE-000682,PROP-00244,RES-00463,2023-05-22,2025-05-22,24,2470,2470,0,,expired
LSE-000683,PROP-00244,RES-00464,2025-06-21,2027-06-21,24,2750,2750,0,,active
LSE-000684,PROP-00245,RES-00465,2023-06-17,2024-06-17,12,2155,2155,0,,expired
LSE-000685,PROP-00245,RES-00465,2024-07-31,2025-07-31,12,2195,1097,0,LSE-000684,expired
LSE-000686,PROP-00245,RES-00466,2025-08-20,2027-08-20,24,2320,1160,0,,active
LSE-000687,PROP-00246,RES-00467,2023-08-18,2024-08-18,12,2155,2155,0,,expired
LSE-000688,PROP-00246,RES-00467,2024-10-12,2026-10-12,24,2235,1117,0,LSE-000687,active
LSE-000689,PROP-00247,RES-00468,2021-11-05,2022-11-05,12,2770,2770,0,,expired
LSE-000690,PROP-00247,RES-00468,2022-12-12,2024-12-12,24,2895,1447,0,LSE-000689,expired
LSE-000691,PROP-00247,RES-00469,2024-12-23,2026-12-23,24,2780,2780,0,,active
LSE-000692,PROP-00248,RES-00470,2024-03-11,2025-09-11,18,2525,2525,0,,expired
LSE-000693,PROP-00248,RES-00471,2025-11-24,2026-11-24,12,2560,2560,0,,active
LSE-000694,PROP-00249,RES-00472,2022-10-09,2024-04-09,18,2700,2700,0,,expired
LSE-000695,PROP-00249,RES-00472,2024-04-24,2026-04-24,24,2780,2780,1,LSE-000694,evicted
LSE-000696,PROP-00249,RES-00473,2026-05-10,2027-05-10,12,2955,2955,0,,active
LSE-000697,PROP-00250,RES-00474,2023-04-24,2025-04-24,24,2060,2060,0,,expired
LSE-000698,PROP-00250,RES-00474,2025-05-11,2026-05-11,12,2185,2185,0,LSE-000697,expired
LSE-000699,PROP-00250,RES-00475,2026-06-19,2028-06-19,24,2285,2285,0,,active
LSE-000700,PROP-00251,RES-00476,2021-10-06,2022-10-06,12,2655,2655,0,,expired
LSE-000701,PROP-00251,RES-00477,2022-12-08,2024-06-08,18,2665,2665,0,,expired
LSE-000702,PROP-00251,RES-00477,2024-07-31,2026-01-31,18,2745,2745,0,LSE-000701,expired
LSE-000703,PROP-00251,RES-00478,2026-04-06,2027-04-06,12,2870,2870,1,,active
LSE-000704,PROP-00252,RES-00479,2023-11-05,2025-11-05,24,2530,2530,0,,expired
LSE-000705,PROP-00252,RES-00480,2026-01-07,2027-01-07,12,2795,1397,0,,active
LSE-000706,PROP-00253,RES-00481,2023-02-02,2024-08-02,18,2585,2585,0,,expired
LSE-000707,PROP-00253,RES-00481,2024-10-12,2025-10-12,12,2700,2700,0,LSE-000706,expired
LSE-000708,PROP-00253,RES-00481,2025-12-15,2026-12-15,12,2730,2730,0,LSE-000707,active
LSE-000709,PROP-00254,RES-00482,2023-02-10,2024-02-10,12,2475,2475,0,,expired
LSE-000710,PROP-00254,RES-00482,2024-04-09,2025-10-09,18,2695,2695,0,LSE-000709,expired
LSE-000711,PROP-00254,RES-00483,2025-12-07,2026-12-07,12,2790,2790,0,,active
LSE-000712,PROP-00255,RES-00484,2023-10-02,2024-10-02,12,2520,1260,0,,expired
LSE-000713,PROP-00255,RES-00484,2024-12-03,2026-06-03,18,2590,1295,0,LSE-000712,expired
LSE-000714,PROP-00255,RES-00484,2026-06-20,2027-06-20,12,2900,2900,0,LSE-000713,active
LSE-000715,PROP-00256,RES-00485,2024-09-02,2026-09-02,24,2705,2705,0,,expired
LSE-000716,PROP-00257,RES-00486,2023-01-19,2024-07-19,18,2535,1267,0,,expired
LSE-000717,PROP-00257,RES-00486,2024-08-17,2025-08-17,12,2620,2620,0,LSE-000716,expired
LSE-000718,PROP-00257,RES-00486,2025-09-30,2027-09-30,24,2675,2675,0,LSE-000717,active
LSE-000719,PROP-00258,RES-00487,2022-11-28,2023-11-28,12,2530,2530,1,,expired
LSE-000720,PROP-00258,RES-00488,2024-01-23,2026-01-23,24,2535,2535,0,,expired
LSE-000721,PROP-00258,RES-00488,2026-03-27,2027-03-27,12,2840,2840,0,LSE-000720,active
LSE-000722,PROP-00259,RES-00489,2023-10-21,2025-10-21,24,2555,2555,1,,expired
LSE-000723,PROP-00259,RES-00489,2025-12-11,2026-12-11,12,2635,2635,0,LSE-000722,active
LSE-000724,PROP-00260,RES-00490,2022-12-05,2024-12-05,24,2475,1237,0,,expired
LSE-000725,PROP-00260,RES-00491,2024-12-19,2026-12-19,24,2650,1325,0,,active
LSE-000726,PROP-00261,RES-00492,2023-05-25,2024-05-25,12,2630,2630,0,,expired
LSE-000727,PROP-00261,RES-00492,2024-06-03,2026-06-03,24,2750,1375,0,LSE-000726,expired
LSE-000728,PROP-00261,RES-00492,2026-06-10,2027-06-10,12,3045,1522,0,LSE-000727,active
LSE-000729,PROP-00262,RES-00493,2024-03-15,2025-09-15,18,2710,1355,0,,expired
LSE-000730,PROP-00262,RES-00494,2025-09-28,2026-09-28,12,2815,1407,0,,expired
LSE-000731,PROP-00263,RES-00495,2022-06-24,2023-12-24,18,2450,1225,0,,terminated-early
LSE-000732,PROP-00263,RES-00496,2024-01-01,2025-01-01,12,2525,1262,0,,expired
LSE-000733,PROP-00263,RES-00497,2025-01-30,2027-01-30,24,2620,1310,1,,active
LSE-000734,PROP-00264,RES-00498,2021-10-23,2022-10-23,12,2550,2550,0,,expired
LSE-000735,PROP-00264,RES-00499,2022-12-18,2024-12-18,24,2535,2535,0,,expired
LSE-000736,PROP-00264,RES-00499,2025-01-31,2026-01-31,12,2655,1327,0,LSE-000735,expired
LSE-000737,PROP-00264,RES-00499,2026-02-20,2027-08-20,18,2820,2820,1,LSE-000736,active
LSE-000738,PROP-00265,RES-00500,2024-05-15,2025-05-15,12,2705,2705,0,,expired
LSE-000739,PROP-00265,RES-00500,2025-05-28,2027-05-28,24,2850,2850,0,LSE-000738,active
LSE-000740,PROP-00266,RES-00501,2021-12-14,2022-12-14,12,2570,1285,0,,expired
LSE-000741,PROP-00266,RES-00501,2023-01-24,2025-01-24,24,2610,2610,0,LSE-000740,expired
LSE-000742,PROP-00266,RES-00502,2025-02-24,2027-02-24,24,2670,2670,0,,active
LSE-000743,PROP-00267,RES-00503,2023-06-04,2024-06-04,12,2590,2590,0,,expired
LSE-000744,PROP-00267,RES-00503,2024-06-09,2025-06-09,12,2680,2680,0,LSE-000743,expired
LSE-000745,PROP-00267,RES-00504,2025-06-19,2026-06-19,12,2920,2920,0,,expired
LSE-000746,PROP-00267,RES-00505,2026-07-21,2028-01-21,18,3015,3015,0,,active
LSE-000747,PROP-00268,RES-00506,2024-10-10,2026-04-10,18,2600,2600,0,,expired
LSE-000748,PROP-00268,RES-00507,2026-05-09,2027-05-09,12,2860,1430,0,,active
LSE-000749,PROP-00269,RES-00508,2023-08-19,2024-08-19,12,2550,1275,0,,expired
LSE-000750,PROP-00269,RES-00509,2024-10-12,2025-10-12,12,2600,2600,0,,expired
LSE-000751,PROP-00269,RES-00510,2025-12-13,2026-12-13,12,2805,1402,0,,active
LSE-000752,PROP-00270,RES-00511,2022-09-19,2024-09-19,24,2530,2530,0,,expired
LSE-000753,PROP-00270,RES-00512,2024-11-21,2026-05-21,18,2600,2600,0,,expired
LSE-000754,PROP-00270,RES-00513,2026-06-01,2027-12-01,18,2925,1462,1,,active
LSE-000755,PROP-00271,RES-00514,2022-11-21,2023-11-21,12,2585,2585,0,,expired
LSE-000756,PROP-00271,RES-00514,2024-01-19,2026-01-19,24,2670,1335,0,LSE-000755,expired
LSE-000757,PROP-00271,RES-00515,2026-04-03,2028-04-03,24,2835,2835,1,,active
LSE-000758,PROP-00272,RES-00516,2022-06-04,2024-06-04,24,2450,2450,0,,expired
LSE-000759,PROP-00272,RES-00516,2024-08-13,2026-02-13,18,2650,2650,0,LSE-000758,expired
LSE-000760,PROP-00272,RES-00517,2026-03-03,2028-03-03,24,2885,2885,1,,active
LSE-000761,PROP-00273,RES-00518,2023-08-27,2024-08-27,12,2535,2535,0,,expired
LSE-000762,PROP-00273,RES-00518,2024-09-29,2026-09-29,24,2595,1297,0,LSE-000761,expired
LSE-000763,PROP-00274,RES-00519,2023-03-15,2024-03-15,12,2510,2510,0,,expired
LSE-000764,PROP-00274,RES-00519,2024-05-12,2025-05-12,12,2670,1335,0,LSE-000763,expired
LSE-000765,PROP-00274,RES-00520,2025-05-20,2026-05-20,12,2820,2820,0,,expired
LSE-000766,PROP-00274,RES-00520,2026-07-31,2027-07-31,12,2935,2935,1,LSE-000765,active
LSE-000767,PROP-00275,RES-00521,2022-11-09,2024-11-09,24,2545,2545,1,,expired
LSE-000768,PROP-00275,RES-00522,2024-11-18,2025-11-18,12,2580,2580,0,,expired
LSE-000769,PROP-00275,RES-00522,2026-01-27,2027-01-27,12,2670,2670,0,LSE-000768,active
LSE-000770,PROP-00276,RES-00523,2024-07-21,2026-07-21,24,2725,2725,0,,expired
LSE-000771,PROP-00276,RES-00524,2026-09-27,2028-09-27,24,2900,1450,0,,active
LSE-000772,PROP-00277,RES-00525,2025-02-09,2027-02-09,24,2750,2750,0,,active
LSE-000773,PROP-00278,RES-00526,2023-08-17,2024-08-17,12,2475,2475,0,,expired
LSE-000774,PROP-00278,RES-00527,2024-09-08,2026-09-08,24,2720,1360,0,,expired
LSE-000775,PROP-00279,RES-00528,2022-08-27,2023-08-27,12,2485,2485,0,,expired
LSE-000776,PROP-00279,RES-00528,2023-11-05,2025-11-05,24,2520,2520,0,LSE-000775,expired
LSE-000777,PROP-00279,RES-00529,2026-01-17,2027-01-17,12,2740,2740,0,,active
LSE-000778,PROP-00280,RES-00530,2023-06-14,2024-06-14,12,2600,2600,0,,expired
LSE-000779,PROP-00280,RES-00530,2024-08-23,2025-08-23,12,2710,2710,1,LSE-000778,expired
LSE-000780,PROP-00280,RES-00531,2025-10-20,2026-10-20,12,2705,2705,0,,active
LSE-000781,PROP-00281,RES-00532,2023-08-06,2025-08-06,24,2540,2540,0,,expired
LSE-000782,PROP-00281,RES-00533,2025-09-22,2027-09-22,24,2660,2660,1,,active
LSE-000783,PROP-00282,RES-00534,2023-04-06,2024-04-06,12,2495,1247,1,,expired
LSE-000784,PROP-00282,RES-00534,2024-06-07,2026-06-07,24,2655,2655,0,LSE-000783,expired
LSE-000785,PROP-00282,RES-00534,2026-07-08,2028-01-08,18,2865,1432,0,LSE-000784,active
LSE-000786,PROP-00283,RES-00535,2022-05-18,2023-05-18,12,2480,2480,0,,expired
LSE-000787,PROP-00283,RES-00536,2023-07-28,2024-07-28,12,2485,2485,1,,expired
LSE-000788,PROP-00283,RES-00537,2024-08-11,2026-02-11,18,2625,1312,0,,expired
LSE-000789,PROP-00283,RES-00538,2026-03-11,2028-03-11,24,2805,2805,0,,active
LSE-000790,PROP-00284,RES-00539,2022-05-11,2023-05-11,12,2470,2470,0,,expired
LSE-000791,PROP-00284,RES-00539,2023-07-11,2025-07-11,24,2570,1285,0,LSE-000790,expired
LSE-000792,PROP-00284,RES-00539,2025-09-08,2026-09-08,12,2655,2655,0,LSE-000791,expired
LSE-000793,PROP-00285,RES-00540,2022-08-27,2024-02-27,18,2555,2555,0,,expired
LSE-000794,PROP-00285,RES-00541,2024-05-12,2026-05-12,24,2670,1335,0,,expired
LSE-000795,PROP-00285,RES-00542,2026-07-25,2027-07-25,12,2920,2920,0,,active
LSE-000796,PROP-00286,RES-00543,2024-11-22,2025-11-22,12,2625,2625,1,,expired
LSE-000797,PROP-00286,RES-00543,2026-01-23,2027-07-23,18,2680,2680,0,LSE-000796,active
LSE-000798,PROP-00287,RES-00544,2024-01-12,2025-01-12,12,2520,1260,1,,expired
LSE-000799,PROP-00287,RES-00544,2025-02-06,2026-02-06,12,2640,1320,0,LSE-000798,expired
LSE-000800,PROP-00287,RES-00544,2026-04-10,2028-04-10,24,2760,2760,0,LSE-000799,active
LSE-000801,PROP-00288,RES-00545,2023-10-12,2024-10-12,12,2460,1230,0,,expired
LSE-000802,PROP-00288,RES-00545,2024-10-19,2025-10-19,12,2570,2570,0,LSE-000801,expired
LSE-000803,PROP-00288,RES-00545,2025-11-24,2027-11-24,24,2675,1337,0,LSE-000802,active
LSE-000804,PROP-00289,RES-00546,2023-03-11,2025-03-11,24,2610,1305,0,,expired
LSE-000805,PROP-00289,RES-00547,2025-04-17,2026-10-17,18,2865,2865,1,,active
LSE-000806,PROP-00290,RES-00548,2023-06-20,2025-06-20,24,2480,1240,0,,expired
LSE-000807,PROP-00290,RES-00549,2025-08-06,2027-08-06,24,2770,1385,0,,active
LSE-000808,PROP-00291,RES-00550,2024-03-20,2025-09-20,18,2550,1275,0,,expired
LSE-000809,PROP-00291,RES-00550,2025-10-15,2027-04-15,18,2675,1337,0,LSE-000808,active
LSE-000810,PROP-00292,RES-00551,2022-07-17,2023-07-17,12,2415,2415,0,,expired
LSE-000811,PROP-00292,RES-00551,2023-09-03,2024-09-03,12,2505,1252,1,LSE-000810,expired
LSE-000812,PROP-00292,RES-00551,2024-09-15,2026-09-15,24,2605,2605,0,LSE-000811,expired
LSE-000813,PROP-00293,RES-00552,2023-06-27,2024-06-27,12,1960,1960,0,,expired
LSE-000814,PROP-00293,RES-00552,2024-09-07,2025-09-07,12,2050,2050,0,LSE-000813,expired
LSE-000815,PROP-00293,RES-00553,2025-11-02,2027-05-02,18,2165,2165,1,,active
LSE-000816,PROP-00294,RES-00554,2024-03-16,2025-03-16,12,2425,1212,0,,expired
LSE-000817,PROP-00294,RES-00554,2025-04-27,2027-04-27,24,2625,2625,0,LSE-000816,active
LSE-000818,PROP-00295,RES-00555,2023-02-21,2024-02-21,12,1905,1905,1,,expired
LSE-000819,PROP-00295,RES-00556,2024-04-30,2026-04-30,24,2115,1057,0,,expired
LSE-000820,PROP-00295,RES-00556,2026-05-14,2027-05-14,12,2270,2270,0,LSE-000819,active
LSE-000821,PROP-00296,RES-00557,2024-01-18,2025-01-18,12,2145,1072,0,,expired
LSE-000822,PROP-00296,RES-00557,2025-01-30,2026-01-30,12,2220,1110,0,LSE-000821,expired
LSE-000823,PROP-00296,RES-00558,2026-02-11,2028-02-11,24,2415,2415,0,,active
LSE-000824,PROP-00297,RES-00559,2022-12-08,2024-06-08,18,2095,2095,0,,expired
LSE-000825,PROP-00297,RES-00559,2024-06-26,2025-12-26,18,2345,2345,0,LSE-000824,expired
LSE-000826,PROP-00297,RES-00559,2026-03-05,2027-03-05,12,2435,1217,0,LSE-000825,active
LSE-000827,PROP-00298,RES-00560,2023-04-11,2024-04-11,12,2210,2210,0,,expired
LSE-000828,PROP-00298,RES-00561,2024-05-01,2026-05-01,24,2360,1180,0,,expired
LSE-000829,PROP-00298,RES-00562,2026-07-07,2027-07-07,12,2475,2475,1,,active
LSE-000830,PROP-00299,RES-00563,2022-06-10,2023-06-10,12,1905,1905,1,,expired
LSE-000831,PROP-00299,RES-00563,2023-08-06,2024-08-06,12,1980,1980,0,LSE-000830,expired
LSE-000832,PROP-00299,RES-00564,2024-08-12,2026-08-12,24,2135,2135,0,,expired
LSE-000833,PROP-00299,RES-00564,2026-08-19,2027-08-19,12,2200,2200,0,LSE-000832,active
LSE-000834,PROP-00300,RES-00565,2022-02-21,2024-02-21,24,2185,2185,0,,expired
LSE-000835,PROP-00300,RES-00565,2024-03-29,2026-03-29,24,2250,1125,0,LSE-000834,expired
LSE-000836,PROP-00300,RES-00566,2026-05-26,2028-05-26,24,2505,2505,0,,active
LSE-000837,PROP-00301,RES-00567,2023-10-13,2024-10-13,12,2370,1185,0,,expired
LSE-000838,PROP-00301,RES-00567,2024-12-25,2026-12-25,24,2470,2470,0,LSE-000837,active
LSE-000839,PROP-00302,RES-00568,2023-04-22,2024-04-22,12,2420,2420,0,,expired
LSE-000840,PROP-00302,RES-00569,2024-06-15,2025-06-15,12,2540,1270,1,,expired
LSE-000841,PROP-00302,RES-00569,2025-08-07,2027-08-07,24,2600,2600,1,LSE-000840,active
LSE-000842,PROP-00303,RES-00570,2022-06-27,2023-06-27,12,1975,987,0,,expired
LSE-000843,PROP-00303,RES-00571,2023-07-15,2025-07-15,24,1960,1960,0,,expired
LSE-000844,PROP-00303,RES-00572,2025-09-02,2026-09-02,12,2200,1100,0,,expired
LSE-000845,PROP-00304,RES-00573,2021-10-24,2022-10-24,12,2190,1095,0,,expired
LSE-000846,PROP-00304,RES-00574,2022-11-19,2023-11-19,12,2205,1102,0,,expired
LSE-000847,PROP-00304,RES-00574,2024-01-05,2026-01-05,24,2310,2310,0,LSE-000846,expired
LSE-000848,PROP-00304,RES-00574,2026-02-15,2028-02-15,24,2370,1185,1,LSE-000847,active
LSE-000849,PROP-00305,RES-00575,2022-09-17,2024-09-17,24,2460,2460,0,,expired
LSE-000850,PROP-00305,RES-00576,2024-09-22,2026-09-22,24,2480,2480,0,,expired
LSE-000851,PROP-00306,RES-00577,2024-12-25,2025-12-25,12,2200,1100,1,,expired
LSE-000852,PROP-00306,RES-00578,2026-02-25,2028-02-25,24,2405,2405,0,,active
LSE-000853,PROP-00307,RES-00579,2022-01-26,2023-01-26,12,1940,1940,0,,expired
LSE-000854,PROP-00307,RES-00580,2023-04-04,2024-04-04,12,2015,2015,0,,expired
LSE-000855,PROP-00307,RES-00581,2024-05-16,2025-05-16,12,2055,2055,0,,expired
LSE-000856,PROP-00307,RES-00581,2025-06-07,2026-06-07,12,2145,2145,0,LSE-000855,terminated-early
LSE-000857,PROP-00307,RES-00582,2026-07-25,2028-07-25,24,2270,2270,0,,active
LSE-000858,PROP-00308,RES-00583,2024-01-25,2025-01-25,12,2365,2365,0,,expired
LSE-000859,PROP-00308,RES-00584,2025-03-12,2026-09-12,18,2490,1245,0,,expired
LSE-000860,PROP-00309,RES-00585,2023-07-02,2024-07-02,12,2115,1057,0,,expired
LSE-000861,PROP-00309,RES-00586,2024-09-07,2025-09-07,12,2305,1152,1,,expired
LSE-000862,PROP-00309,RES-00586,2025-09-17,2027-09-17,24,2385,2385,0,LSE-000861,active
LSE-000863,PROP-00310,RES-00587,2023-07-27,2024-07-27,12,2190,2190,0,,expired
LSE-000864,PROP-00310,RES-00588,2024-08-31,2026-02-28,18,2360,2360,0,,expired
LSE-000865,PROP-00310,RES-00588,2026-04-28,2028-04-28,24,2495,1247,0,LSE-000864,active
LSE-000866,PROP-00311,RES-00589,2023-10-04,2024-10-04,12,2200,2200,0,,expired
LSE-000867,PROP-00311,RES-00590,2024-10-17,2026-10-17,24,2220,2220,0,,active
LSE-000868,PROP-00312,RES-00591,2023-03-15,2024-03-15,12,2465,2465,0,,expired
LSE-000869,PROP-00312,RES-00591,2024-04-21,2025-04-21,12,2510,2510,0,LSE-000868,expired
LSE-000870,PROP-00312,RES-00591,2025-05-28,2026-05-28,12,2700,1350,1,LSE-000869,expired
LSE-000871,PROP-00312,RES-00592,2026-07-24,2028-01-24,18,2745,2745,0,,active
LSE-000872,PROP-00313,RES-00593,2023-02-11,2024-02-11,12,1915,1915,0,,expired
LSE-000873,PROP-00313,RES-00593,2024-02-28,2025-02-28,12,1980,1980,0,LSE-000872,expired
LSE-000874,PROP-00313,RES-00594,2025-04-16,2026-04-16,12,2225,2225,0,,expired
LSE-000875,PROP-00313,RES-00595,2026-05-09,2027-05-09,12,2270,1135,0,,active
LSE-000876,PROP-00314,RES-00596,2022-06-25,2023-06-25,12,1920,1920,0,,expired
LSE-000877,PROP-00314,RES-00596,2023-07-30,2025-01-30,18,1965,982,0,LSE-000876,expired
LSE-000878,PROP-00314,RES-00596,2025-03-25,2027-03-25,24,2115,1057,0,LSE-000877,active
LSE-000879,PROP-00315,RES-00597,2024-03-02,2026-03-02,24,2150,2150,0,,expired
LSE-000880,PROP-00315,RES-00598,2026-04-07,2027-10-07,18,2430,1215,0,,active
LSE-000881,PROP-00316,RES-00599,2022-11-04,2023-11-04,12,1995,1995,0,,terminated-early
LSE-000882,PROP-00316,RES-00600,2024-01-06,2025-07-06,18,1910,1910,0,,expired
LSE-000883,PROP-00316,RES-00601,2025-07-16,2026-07-16,12,2230,2230,0,,expired
LSE-000884,PROP-00316,RES-00602,2026-08-06,2028-08-06,24,2200,2200,0,,active
LSE-000885,PROP-00317,RES-00603,2023-03-02,2024-03-02,12,2150,2150,0,,expired
LSE-000886,PROP-00317,RES-00604,2024-05-04,2026-05-04,24,2355,1177,0,,terminated-early
LSE-000887,PROP-00317,RES-00605,2026-07-18,2027-07-18,12,2590,2590,0,,active
LSE-000888,PROP-00318,RES-00606,2022-05-28,2024-05-28,24,2425,1212,0,,expired
LSE-000889,PROP-00318,RES-00606,2024-07-04,2025-07-04,12,2525,1262,0,LSE-000888,expired
LSE-000890,PROP-00318,RES-00606,2025-07-20,2026-07-20,12,2670,1335,1,LSE-000889,expired
LSE-000891,PROP-00318,RES-00606,2026-07-28,2027-07-28,12,2800,2800,0,LSE-000890,active
LSE-000892,PROP-00319,RES-00607,2023-02-02,2025-02-02,24,2135,2135,0,,expired
LSE-000893,PROP-00319,RES-00608,2025-04-08,2026-04-08,12,2305,1152,0,,expired
LSE-000894,PROP-00319,RES-00609,2026-05-10,2028-05-10,24,2485,2485,1,,active
LSE-000895,PROP-00320,RES-00610,2022-04-07,2023-10-07,18,2130,1065,0,,expired
LSE-000896,PROP-00320,RES-00611,2023-10-19,2024-10-19,12,2235,2235,0,,expired
LSE-000897,PROP-00320,RES-00612,2024-10-24,2025-10-24,12,2325,1162,0,,expired
LSE-000898,PROP-00320,RES-00613,2025-11-25,2026-11-25,12,2325,2325,0,,active
LSE-000899,PROP-00321,RES-00614,2025-01-20,2026-07-20,18,2260,1130,0,,expired
LSE-000900,PROP-00321,RES-00614,2026-09-08,2028-03-08,18,2470,1235,0,LSE-000899,active
LSE-000901,PROP-00322,RES-00615,2024-01-09,2025-01-09,12,2230,1115,0,,expired
LSE-000902,PROP-00322,RES-00616,2025-02-10,2026-02-10,12,2335,2335,0,,expired
LSE-000903,PROP-00322,RES-00616,2026-04-08,2027-10-08,18,2480,2480,1,LSE-000902,active
LSE-000904,PROP-00323,RES-00617,2023-05-12,2025-05-12,24,1905,1905,0,,expired
LSE-000905,PROP-00323,RES-00618,2025-07-24,2027-07-24,24,2180,2180,0,,active
LSE-000906,PROP-00324,RES-00619,2022-01-14,2023-01-14,12,2425,2425,1,,expired
LSE-000907,PROP-00324,RES-00619,2023-03-21,2024-03-21,12,2505,2505,0,LSE-000906,expired
LSE-000908,PROP-00324,RES-00619,2024-06-04,2026-06-04,24,2620,1310,0,LSE-000907,expired
LSE-000909,PROP-00324,RES-00620,2026-07-21,2027-07-21,12,2790,1395,0,,active
LSE-000910,PROP-00325,RES-00621,2023-08-04,2025-08-04,24,2475,2475,0,,expired
LSE-000911,PROP-00325,RES-00621,2025-09-08,2027-09-08,24,2570,2570,0,LSE-000910,active
LSE-000912,PROP-00326,RES-00622,2024-02-29,2025-02-28,12,2410,2410,0,,evicted
LSE-000913,PROP-00326,RES-00623,2025-04-22,2026-10-22,18,2725,1362,0,,active
LSE-000914,PROP-00327,RES-00624,2024-03-05,2026-03-05,24,2070,2070,1,,expired
LSE-000915,PROP-00327,RES-00625,2026-03-18,2028-03-18,24,2235,1117,0,,active
LSE-000916,PROP-00328,RES-00626,2024-01-23,2025-01-23,12,2285,2285,0,,expired
LSE-000917,PROP-00328,RES-00626,2025-04-07,2027-04-07,24,2520,1260,0,LSE-000916,active
LSE-000918,PROP-00329,RES-00627,2024-01-08,2026-01-08,24,2290,1145,0,,expired
LSE-000919,PROP-00329,RES-00627,2026-02-13,2028-02-13,24,2455,2455,0,LSE-000918,active
LSE-000920,PROP-00330,RES-00628,2023-02-27,2024-02-27,12,2365,2365,1,,expired
LSE-000921,PROP-00330,RES-00628,2024-03-05,2025-03-05,12,2455,2455,1,LSE-000920,expired
LSE-000922,PROP-00330,RES-00628,2025-03-24,2027-03-24,24,2505,2505,0,LSE-000921,active
LSE-000923,PROP-00331,RES-00629,2024-01-05,2026-01-05,24,2385,1192,0,,expired
LSE-000924,PROP-00331,RES-00630,2026-01-18,2027-01-18,12,2510,1255,0,,active
LSE-000925,PROP-00332,RES-00631,2023-01-01,2025-01-01,24,2300,2300,0,,expired
LSE-000926,PROP-00332,RES-00632,2025-02-01,2026-08-01,18,2480,2480,0,,expired
LSE-000927,PROP-00332,RES-00633,2026-08-28,2027-08-28,12,2680,2680,0,,active
LSE-000928,PROP-00333,RES-00634,2023-08-19,2025-08-19,24,2345,2345,0,,expired
LSE-000929,PROP-00333,RES-00635,2025-08-29,2027-02-28,18,2510,2510,1,,active
LSE-000930,PROP-00334,RES-00636,2023-05-03,2025-05-03,24,2295,1147,1,,expired
LSE-000931,PROP-00334,RES-00636,2025-06-02,2026-06-02,12,2560,2560,0,LSE-000930,expired
LSE-000932,PROP-00334,RES-00636,2026-06-07,2028-06-07,24,2630,2630,0,LSE-000931,active
LSE-000933,PROP-00335,RES-00637,2022-08-24,2024-08-24,24,2315,1157,0,,expired
LSE-000934,PROP-00335,RES-00637,2024-08-29,2026-08-29,24,2440,1220,0,LSE-000933,expired
LSE-000935,PROP-00335,RES-00638,2026-09-20,2028-03-20,18,2555,2555,1,,active
LSE-000936,PROP-00336,RES-00639,2023-10-09,2025-10-09,24,2325,2325,0,,terminated-early
LSE-000937,PROP-00336,RES-00640,2025-12-13,2027-12-13,24,2510,1255,0,,active
LSE-000938,PROP-00337,RES-00641,2024-11-26,2026-11-26,24,2385,1192,0,,active
LSE-000939,PROP-00338,RES-00642,2023-10-09,2024-10-09,12,2315,1157,0,,expired
LSE-000940,PROP-00338,RES-00643,2024-11-25,2025-11-25,12,2375,1187,0,,expired
LSE-000941,PROP-00338,RES-00643,2026-01-20,2028-01-20,24,2455,2455,0,LSE-000940,active
LSE-000942,PROP-00339,RES-00644,2024-06-21,2025-06-21,12,2585,2585,0,,expired
LSE-000943,PROP-00339,RES-00645,2025-07-16,2027-01-16,18,2600,1300,1,,active
LSE-000944,PROP-00340,RES-00646,2023-10-14,2025-04-14,18,2370,2370,0,,expired
LSE-000945,PROP-00340,RES-00647,2025-06-13,2027-06-13,24,2650,2650,0,,active
LSE-000946,PROP-00341,RES-00648,2022-04-26,2023-04-26,12,2335,2335,0,,expired
LSE-000947,PROP-00341,RES-00648,2023-05-31,2024-05-31,12,2405,1202,0,LSE-000946,expired
LSE-000948,PROP-00341,RES-00649,2024-07-27,2026-07-27,24,2480,2480,0,,expired
LSE-000949,PROP-00342,RES-00650,2024-02-16,2025-02-16,12,2315,2315,0,,expired
LSE-000950,PROP-00342,RES-00651,2025-03-26,2027-03-26,24,2425,2425,0,,active
LSE-000951,PROP-00343,RES-00652,2023-12-22,2025-12-22,24,2295,1147,0,,expired
LSE-000952,PROP-00343,RES-00652,2026-01-11,2027-07-11,18,2455,2455,0,LSE-000951,active
LSE-000953,PROP-00344,RES-00653,2023-10-05,2025-10-05,24,2335,2335,0,,expired
LSE-000954,PROP-00344,RES-00653,2025-10-27,2026-10-27,12,2420,2420,0,LSE-000953,active
LSE-000955,PROP-00345,RES-00654,2024-01-09,2025-01-09,12,2285,2285,0,,expired
LSE-000956,PROP-00345,RES-00655,2025-02-01,2027-02-01,24,2410,2410,0,,active
LSE-000957,PROP-00346,RES-00656,2024-02-14,2025-08-14,18,2415,2415,0,,expired
LSE-000958,PROP-00346,RES-00656,2025-10-07,2027-10-07,24,2560,2560,0,LSE-000957,active
LSE-000959,PROP-00347,RES-00657,2024-01-08,2025-01-08,12,2400,2400,0,,expired
LSE-000960,PROP-00347,RES-00658,2025-01-27,2027-01-27,24,2345,1172,1,,active
LSE-000961,PROP-00348,RES-00659,2022-07-09,2023-07-09,12,2410,2410,0,,expired
LSE-000962,PROP-00348,RES-00659,2023-07-26,2025-07-26,24,2525,2525,0,LSE-000961,expired
LSE-000963,PROP-00348,RES-00660,2025-10-04,2027-10-04,24,2455,2455,0,,active
LSE-000964,PROP-00349,RES-00661,2023-05-08,2025-05-08,24,2260,2260,0,,expired
LSE-000965,PROP-00349,RES-00662,2025-07-03,2027-01-03,18,2570,1285,1,,active
LSE-000966,PROP-00350,RES-00663,2024-09-27,2025-09-27,12,2440,1220,0,,expired
LSE-000967,PROP-00350,RES-00664,2025-10-17,2027-10-17,24,2555,2555,0,,active
LSE-000968,PROP-00351,RES-00665,2023-09-25,2024-09-25,12,2415,1207,1,,expired
LSE-000969,PROP-00351,RES-00665,2024-12-03,2026-12-03,24,2475,2475,0,LSE-000968,active
LSE-000970,PROP-00352,RES-00666,2024-01-10,2025-01-10,12,2245,2245,0,,expired
LSE-000971,PROP-00352,RES-00666,2025-03-06,2027-03-06,24,2465,2465,0,LSE-000970,active
LSE-000972,PROP-00353,RES-00667,2024-03-02,2026-03-02,24,2465,1232,0,,expired
LSE-000973,PROP-00353,RES-00668,2026-03-25,2027-09-25,18,2545,1272,0,,active
LSE-000974,PROP-00354,RES-00669,2024-11-17,2025-11-17,12,2360,2360,0,,expired
LSE-000975,PROP-00354,RES-00669,2025-12-25,2026-12-25,12,2430,1215,0,LSE-000974,active
LSE-000976,PROP-00355,RES-00670,2024-04-22,2025-04-22,12,2435,2435,0,,expired
LSE-000977,PROP-00355,RES-00670,2025-06-23,2026-06-23,12,2510,2510,0,LSE-000976,expired
LSE-000978,PROP-00355,RES-00671,2026-07-29,2027-07-29,12,2710,2710,0,,active
LSE-000979,PROP-00356,RES-00672,2023-10-23,2024-10-23,12,2350,2350,0,,expired
LSE-000980,PROP-00356,RES-00672,2024-11-22,2025-11-22,12,2465,2465,0,LSE-000979,expired
LSE-000981,PROP-00356,RES-00673,2026-01-02,2028-01-02,24,2460,2460,0,,active
LSE-000982,PROP-00357,RES-00674,2023-06-09,2025-06-09,24,2300,2300,0,,expired
LSE-000983,PROP-00357,RES-00675,2025-07-27,2027-01-27,18,2545,1272,1,,active
LSE-000984,PROP-00358,RES-00676,2023-06-23,2024-06-23,12,2365,1182,0,,expired
LSE-000985,PROP-00358,RES-00676,2024-07-14,2026-07-14,24,2575,2575,0,LSE-000984,expired
LSE-000986,PROP-00358,RES-00677,2026-08-24,2027-08-24,12,2675,2675,0,,active
LSE-000987,PROP-00359,RES-00678,2022-08-28,2023-08-28,12,2360,2360,0,,expired
LSE-000988,PROP-00359,RES-00679,2023-09-26,2024-09-26,12,2375,1187,0,,expired
LSE-000989,PROP-00359,RES-00679,2024-10-19,2025-10-19,12,2450,2450,0,LSE-000988,expired
LSE-000990,PROP-00359,RES-00679,2025-11-28,2026-11-28,12,2515,2515,0,LSE-000989,active
LSE-000991,PROP-00360,RES-00680,2024-06-16,2026-06-16,24,2590,2590,0,,expired
LSE-000992,PROP-00360,RES-00680,2026-07-12,2028-07-12,24,2700,1350,0,LSE-000991,active
LSE-000993,PROP-00361,RES-00681,2022-10-22,2023-10-22,12,2320,2320,0,,expired
LSE-000994,PROP-00361,RES-00682,2023-12-22,2025-12-22,24,2350,1175,0,,expired
LSE-000995,PROP-00361,RES-00683,2026-02-06,2028-02-06,24,2535,2535,0,,active
LSE-000996,PROP-00362,RES-00684,2023-07-26,2025-07-26,24,2360,2360,0,,expired
LSE-000997,PROP-00362,RES-00685,2025-09-06,2026-09-06,12,2620,1310,0,,expired
LSE-000998,PROP-00363,RES-00686,2023-07-28,2025-07-28,24,2400,2400,0,,expired
LSE-000999,PROP-00363,RES-00686,2025-08-30,2027-02-28,18,2530,1265,0,LSE-000998,active
LSE-001000,PROP-00364,RES-00687,2023-05-27,2024-05-27,12,2390,2390,0,,expired
LSE-001001,PROP-00364,RES-00687,2024-08-09,2026-02-09,18,2500,1250,0,LSE-001000,expired
LSE-001002,PROP-00364,RES-00688,2026-03-09,2027-09-09,18,2565,1282,0,,active
LSE-001003,PROP-00365,RES-00689,2022-09-23,2024-09-23,24,2715,2715,0,,expired
LSE-001004,PROP-00365,RES-00690,2024-11-26,2025-11-26,12,2725,2725,0,,expired
LSE-001005,PROP-00365,RES-00691,2025-12-14,2027-12-14,24,2730,1365,0,,active
LSE-001006,PROP-00366,RES-00692,2022-08-09,2023-08-09,12,2990,1495,0,,expired
LSE-001007,PROP-00366,RES-00692,2023-09-04,2025-09-04,24,3090,3090,0,LSE-001006,expired
LSE-001008,PROP-00366,RES-00693,2025-09-22,2027-09-22,24,3155,1577,0,,active
LSE-001009,PROP-00367,RES-00694,2022-01-14,2024-01-14,24,2870,2870,0,,expired
LSE-001010,PROP-00367,RES-00695,2024-03-06,2025-09-06,18,2930,1465,0,,expired
LSE-001011,PROP-00367,RES-00696,2025-09-24,2026-09-24,12,3070,1535,0,,expired
LSE-001012,PROP-00368,RES-00697,2024-03-03,2026-03-03,24,2940,2940,0,,expired
LSE-001013,PROP-00368,RES-00698,2026-04-23,2028-04-23,24,3215,3215,0,,active
LSE-001014,PROP-00369,RES-00699,2023-09-14,2025-09-14,24,2995,2995,0,,expired
LSE-001015,PROP-00369,RES-00700,2025-10-01,2027-04-01,18,3185,3185,0,,active
LSE-001016,PROP-00370,RES-00701,2023-12-27,2025-06-27,18,2625,2625,0,,expired
LSE-001017,PROP-00370,RES-00701,2025-07-11,2027-07-11,24,2940,1470,0,LSE-001016,active
LSE-001018,PROP-00371,RES-00702,2023-05-08,2025-05-08,24,2890,2890,1,,expired
LSE-001019,PROP-00371,RES-00702,2025-05-15,2026-05-15,12,3125,3125,0,LSE-001018,expired
LSE-001020,PROP-00371,RES-00703,2026-06-24,2027-06-24,12,3280,1640,0,,active
LSE-001021,PROP-00372,RES-00704,2021-10-04,2022-10-04,12,2950,1475,0,,expired
LSE-001022,PROP-00372,RES-00705,2022-12-03,2023-12-03,12,2970,2970,0,,expired
LSE-001023,PROP-00372,RES-00706,2024-01-26,2025-01-26,12,2885,2885,0,,expired
LSE-001024,PROP-00372,RES-00707,2025-03-07,2026-09-07,18,3100,1550,0,,expired
LSE-001025,PROP-00373,RES-00708,2022-07-03,2023-07-03,12,2965,2965,0,,expired
LSE-001026,PROP-00373,RES-00709,2023-09-01,2025-09-01,24,2925,2925,0,,expired
LSE-001027,PROP-00373,RES-00709,2025-09-21,2026-09-21,12,3215,3215,0,LSE-001026,expired
LSE-001028,PROP-00374,RES-00710,2024-03-03,2025-03-03,12,2765,2765,0,,expired
LSE-001029,PROP-00374,RES-00710,2025-03-14,2026-03-14,12,2885,2885,0,LSE-001028,expired
LSE-001030,PROP-00374,RES-00711,2026-05-27,2028-05-27,24,3100,1550,0,,active
LSE-001031,PROP-00375,RES-00712,2022-01-10,2024-01-10,24,3070,1535,0,,expired
LSE-001032,PROP-00375,RES-00712,2024-02-01,2025-08-01,18,3170,1585,0,LSE-001031,expired
LSE-001033,PROP-00375,RES-00712,2025-08-11,2026-08-11,12,3260,1630,0,LSE-001032,expired
LSE-001034,PROP-00375,RES-00712,2026-09-28,2028-09-28,24,3410,3410,0,LSE-001033,active
LSE-001035,PROP-00376,RES-00713,2023-11-20,2024-11-20,12,2655,1327,0,,expired
LSE-001036,PROP-00376,RES-00714,2024-12-14,2026-12-14,24,2745,2745,0,,active
LSE-001037,PROP-00377,RES-00715,2022-03-23,2023-03-23,12,3015,3015,0,,expired
LSE-001038,PROP-00377,RES-00715,2023-04-14,2024-04-14,12,3145,1572,0,LSE-001037,expired
LSE-001039,PROP-00377,RES-00716,2024-06-09,2025-12-09,18,3255,3255,1,,expired
LSE-001040,PROP-00377,RES-00717,2026-02-04,2027-02-04,12,3240,3240,0,,active
LSE-001041,PROP-00378,RES-00718,2022-03-07,2024-03-07,24,2735,1367,0,,expired
LSE-001042,PROP-00378,RES-00719,2024-03-17,2025-03-17,12,2830,2830,0,,expired
LSE-001043,PROP-00378,RES-00720,2025-05-12,2026-05-12,12,3035,3035,0,,expired
LSE-001044,PROP-00378,RES-00721,2026-05-26,2027-05-26,12,3065,3065,0,,active
LSE-001045,PROP-00379,RES-00722,2023-06-27,2025-06-27,24,2960,2960,0,,expired
LSE-001046,PROP-00379,RES-00723,2025-09-05,2026-09-05,12,3150,3150,0,,expired
LSE-001047,PROP-00379,RES-00723,2026-09-20,2028-09-20,24,3250,1625,0,LSE-001046,active
LSE-001048,PROP-00380,RES-00724,2023-06-27,2024-06-27,12,3090,3090,0,,expired
LSE-001049,PROP-00380,RES-00724,2024-08-20,2026-02-20,18,3190,3190,0,LSE-001048,expired
LSE-001050,PROP-00380,RES-00725,2026-04-02,2027-04-02,12,3445,1722,0,,active
LSE-001051,PROP-00381,RES-00726,2023-12-01,2024-12-01,12,2825,1412,0,,expired
LSE-001052,PROP-00381,RES-00726,2025-02-10,2027-02-10,24,2935,1467,0,LSE-001051,active
LSE-001053,PROP-00382,RES-00727,2023-07-19,2025-01-19,18,2655,1327,0,,expired
LSE-001054,PROP-00382,RES-00728,2025-01-27,2026-01-27,12,2640,1320,1,,expired
LSE-001055,PROP-00382,RES-00729,2026-03-18,2028-03-18,24,2860,2860,0,,active
LSE-001056,PROP-00383,RES-00730,2023-06-17,2025-06-17,24,2635,2635,0,,expired
LSE-001057,PROP-00383,RES-00730,2025-07-24,2026-07-24,12,2905,1452,1,LSE-001056,expired
LSE-001058,PROP-00383,RES-00730,2026-09-19,2027-09-19,12,3045,3045,0,LSE-001057,active
LSE-001059,PROP-00384,RES-00731,2024-03-27,2026-03-27,24,2720,2720,0,,expired
LSE-001060,PROP-00384,RES-00731,2026-06-05,2027-06-05,12,2995,2995,0,LSE-001059,active
LSE-001061,PROP-00385,RES-00732,2023-02-08,2024-08-08,18,3025,1512,0,,expired
LSE-001062,PROP-00385,RES-00733,2024-10-01,2025-10-01,12,3150,1575,0,,expired
LSE-001063,PROP-00385,RES-00733,2025-11-22,2027-11-22,24,3260,1630,0,LSE-001062,active
LSE-001064,PROP-00386,RES-00734,2023-08-12,2025-08-12,24,2595,1297,0,,expired
LSE-001065,PROP-00386,RES-00735,2025-08-24,2026-08-24,12,2960,1480,0,,expired
LSE-001066,PROP-00386,RES-00736,2026-09-29,2028-09-29,24,3000,3000,0,,active
LSE-001067,PROP-00387,RES-00737,2024-03-23,2025-09-23,18,2680,2680,0,,expired
LSE-001068,PROP-00387,RES-00737,2025-10-06,2026-10-06,12,2800,1400,1,LSE-001067,active
LSE-001069,PROP-00388,RES-00738,2024-03-17,2025-03-17,12,2685,2685,0,,expired
LSE-001070,PROP-00388,RES-00739,2025-04-08,2026-04-08,12,2890,2890,0,,expired
LSE-001071,PROP-00388,RES-00739,2026-04-17,2028-04-17,24,3020,3020,0,LSE-001070,active
LSE-001072,PROP-00389,RES-00740,2024-05-20,2025-05-20,12,2835,2835,0,,expired
LSE-001073,PROP-00389,RES-00741,2025-06-08,2026-06-08,12,2925,2925,0,,expired
LSE-001074,PROP-00389,RES-00741,2026-06-18,2027-06-18,12,2995,2995,0,LSE-001073,active
LSE-001075,PROP-00390,RES-00742,2022-05-10,2023-05-10,12,2895,2895,0,,expired
LSE-001076,PROP-00390,RES-00742,2023-07-08,2025-07-08,24,2970,2970,1,LSE-001075,expired
LSE-001077,PROP-00390,RES-00743,2025-08-25,2026-08-25,12,3150,3150,0,,expired
LSE-001078,PROP-00390,RES-00743,2026-09-20,2028-03-20,18,3260,3260,0,LSE-001077,active
LSE-001079,PROP-00391,RES-00744,2023-06-13,2025-06-13,24,2925,1462,0,,expired
LSE-001080,PROP-00391,RES-00744,2025-07-09,2026-07-09,12,3240,3240,0,LSE-001079,expired
LSE-001081,PROP-00391,RES-00745,2026-07-22,2027-07-22,12,3320,1660,0,,active
LSE-001082,PROP-00392,RES-00746,2022-07-17,2024-07-17,24,2685,1342,0,,expired
LSE-001083,PROP-00392,RES-00747,2024-08-20,2026-08-20,24,2860,1430,0,,expired
LSE-001084,PROP-00393,RES-00748,2021-12-05,2023-12-05,24,2610,2610,0,,expired
LSE-001085,PROP-00393,RES-00748,2023-12-21,2024-12-21,12,2695,1347,0,LSE-001084,expired
LSE-001086,PROP-00393,RES-00749,2025-03-06,2027-03-06,24,2785,2785,1,,active
LSE-001087,PROP-00394,RES-00750,2024-05-23,2025-05-23,12,3255,3255,0,,expired
LSE-001088,PROP-00394,RES-00751,2025-06-13,2026-06-13,12,3310,1655,0,,expired
LSE-001089,PROP-00394,RES-00752,2026-07-10,2027-07-10,12,3350,3350,0,,active
LSE-001090,PROP-00395,RES-00753,2023-07-22,2024-07-22,12,2790,2790,0,,expired
LSE-001091,PROP-00395,RES-00754,2024-08-08,2025-08-08,12,2950,2950,0,,expired
LSE-001092,PROP-00395,RES-00754,2025-08-17,2027-08-17,24,3055,1527,1,LSE-001091,active
LSE-001093,PROP-00396,RES-00755,2024-06-12,2025-06-12,12,3060,3060,0,,expired
LSE-001094,PROP-00396,RES-00756,2025-07-10,2027-01-10,18,3210,3210,1,,active
LSE-001095,PROP-00397,RES-00757,2022-08-23,2024-08-23,24,2495,1247,0,,expired
LSE-001096,PROP-00397,RES-00757,2024-09-09,2025-09-09,12,2535,2535,0,LSE-001095,expired
LSE-001097,PROP-00397,RES-00758,2025-10-26,2026-10-26,12,2705,2705,0,,active
LSE-001098,PROP-00398,RES-00759,2023-06-17,2025-06-17,24,2615,2615,0,,expired
LSE-001099,PROP-00398,RES-00759,2025-07-02,2026-07-02,12,2725,2725,1,LSE-001098,expired
LSE-001100,PROP-00398,RES-00759,2026-08-11,2028-08-11,24,2840,1420,0,LSE-001099,active
LSE-001101,PROP-00399,RES-00760,2023-08-20,2024-08-20,12,2540,2540,1,,expired
LSE-001102,PROP-00399,RES-00761,2024-10-01,2025-10-01,12,2645,2645,0,,expired
LSE-001103,PROP-00399,RES-00762,2025-11-06,2026-11-06,12,2620,1310,0,,active
LSE-001104,PROP-00400,RES-00763,2023-10-15,2025-04-15,18,2605,1302,1,,expired
LSE-001105,PROP-00400,RES-00763,2025-06-03,2026-06-03,12,2850,2850,0,LSE-001104,expired
LSE-001106,PROP-00400,RES-00764,2026-06-30,2028-06-30,24,2955,2955,0,,active
LSE-001107,PROP-00401,RES-00765,2023-04-15,2024-04-15,12,2625,2625,0,,expired
LSE-001108,PROP-00401,RES-00766,2024-04-26,2025-04-26,12,2725,2725,0,,expired
LSE-001109,PROP-00401,RES-00766,2025-05-31,2027-05-31,24,2820,2820,0,LSE-001108,active
LSE-001110,PROP-00402,RES-00767,2023-04-16,2025-04-16,24,2860,1430,0,,expired
LSE-001111,PROP-00402,RES-00767,2025-05-04,2026-05-04,12,3125,3125,0,LSE-001110,expired
LSE-001112,PROP-00402,RES-00768,2026-05-21,2028-05-21,24,3135,3135,0,,active
LSE-001113,PROP-00403,RES-00769,2024-01-10,2025-01-10,12,2590,2590,0,,expired
LSE-001114,PROP-00403,RES-00770,2025-03-17,2026-03-17,12,2695,1347,0,,expired
LSE-001115,PROP-00403,RES-00771,2026-03-27,2027-03-27,12,2720,1360,0,,active
LSE-001116,PROP-00404,RES-00772,2023-07-24,2024-07-24,12,2640,2640,1,,expired
LSE-001117,PROP-00404,RES-00772,2024-08-01,2025-08-01,12,2730,2730,0,LSE-001116,expired
LSE-001118,PROP-00404,RES-00773,2025-10-05,2027-10-05,24,2650,1325,0,,active
LSE-001119,PROP-00405,RES-00774,2022-07-18,2023-07-18,12,2545,1272,1,,expired
LSE-001120,PROP-00405,RES-00775,2023-08-03,2024-08-03,12,2560,1280,0,,expired
LSE-001121,PROP-00405,RES-00775,2024-09-07,2026-09-07,24,2665,2665,1,LSE-001120,expired
LSE-001122,PROP-00406,RES-00776,2022-06-17,2024-06-17,24,2900,1450,0,,expired
LSE-001123,PROP-00406,RES-00777,2024-07-04,2026-07-04,24,3135,3135,0,,expired
LSE-001124,PROP-00406,RES-00777,2026-09-03,2028-09-03,24,3195,3195,0,LSE-001123,active
LSE-001125,PROP-00407,RES-00778,2021-11-12,2023-11-12,24,2785,2785,0,,expired
LSE-001126,PROP-00407,RES-00778,2023-12-06,2025-06-06,18,2910,2910,0,LSE-001125,expired
LSE-001127,PROP-00407,RES-00779,2025-07-18,2027-07-18,24,3025,3025,0,,active
LSE-001128,PROP-00408,RES-00780,2024-02-14,2025-02-14,12,2880,1440,0,,expired
LSE-001129,PROP-00408,RES-00780,2025-04-24,2027-04-24,24,2925,2925,0,LSE-001128,active
LSE-001130,PROP-00409,RES-00781,2023-06-28,2024-06-28,12,2565,1282,0,,expired
LSE-001131,PROP-00409,RES-00781,2024-09-01,2026-09-01,24,2640,1320,0,LSE-001130,expired
LSE-001132,PROP-00410,RES-00782,2022-01-13,2024-01-13,24,2915,2915,0,,expired
LSE-001133,PROP-00410,RES-00783,2024-03-09,2025-03-09,12,2910,1455,0,,expired
LSE-001134,PROP-00410,RES-00784,2025-04-17,2026-10-17,18,3065,3065,0,,active
LSE-001135,PROP-00411,RES-00785,2022-07-17,2023-07-17,12,2500,1250,0,,expired
LSE-001136,PROP-00411,RES-00785,2023-08-31,2025-08-31,24,2615,1307,0,LSE-001135,expired
LSE-001137,PROP-00411,RES-00785,2025-09-09,2027-09-09,24,2740,1370,0,LSE-001136,active
LSE-001138,PROP-00412,RES-00786,2023-06-13,2025-06-13,24,2995,2995,0,,expired
LSE-001139,PROP-00412,RES-00786,2025-07-05,2026-07-05,12,3105,1552,1,LSE-001138,expired
LSE-001140,PROP-00412,RES-00787,2026-07-10,2027-07-10,12,3225,1612,0,,active
LSE-001141,PROP-00413,RES-00788,2022-04-10,2023-04-10,12,2550,2550,1,,expired
LSE-001142,PROP-00413,RES-00789,2023-06-11,2024-06-11,12,2550,1275,0,,expired
LSE-001143,PROP-00413,RES-00789,2024-08-24,2026-02-24,18,2675,1337,0,LSE-001142,expired
LSE-001144,PROP-00413,RES-00790,2026-03-03,2028-03-03,24,2770,2770,0,,active
LSE-001145,PROP-00414,RES-00791,2024-03-25,2026-03-25,24,3030,1515,0,,expired
LSE-001146,PROP-00414,RES-00792,2026-05-10,2027-05-10,12,3160,1580,0,,active
LSE-001147,PROP-00415,RES-00793,2023-03-07,2024-03-07,12,2670,2670,0,,expired
LSE-001148,PROP-00415,RES-00794,2024-03-16,2026-03-16,24,2665,2665,0,,expired
LSE-001149,PROP-00415,RES-00795,2026-05-11,2028-05-11,24,2960,1480,1,,active
LSE-001150,PROP-00416,RES-00796,2023-05-11,2024-05-11,12,2600,2600,0,,expired
LSE-001151,PROP-00416,RES-00796,2024-06-06,2025-12-06,18,2715,1357,0,LSE-001150,expired
LSE-001152,PROP-00416,RES-00796,2026-02-19,2027-08-19,18,2805,2805,1,LSE-001151,active
LSE-001153,PROP-00417,RES-00797,2022-05-18,2023-05-18,12,2665,1332,0,,expired
LSE-001154,PROP-00417,RES-00797,2023-07-02,2024-07-02,12,2740,2740,0,LSE-001153,expired
LSE-001155,PROP-00417,RES-00797,2024-07-26,2025-07-26,12,2875,1437,0,LSE-001154,expired
LSE-001156,PROP-00417,RES-00797,2025-09-26,2027-09-26,24,2990,2990,0,LSE-001155,active
LSE-001157,PROP-00418,RES-00798,2023-06-12,2025-06-12,24,2620,2620,0,,expired
LSE-001158,PROP-00418,RES-00799,2025-07-01,2026-07-01,12,2770,2770,0,,expired
LSE-001159,PROP-00418,RES-00800,2026-08-25,2027-08-25,12,2830,1415,1,,active
LSE-001160,PROP-00419,RES-00801,2024-02-23,2025-02-23,12,3015,3015,0,,expired
LSE-001161,PROP-00419,RES-00802,2025-04-30,2026-04-30,12,3175,3175,1,,expired
LSE-001162,PROP-00419,RES-00803,2026-07-11,2028-07-11,24,3290,3290,0,,active
LSE-001163,PROP-00420,RES-00804,2024-09-04,2025-09-04,12,3065,3065,0,,expired
LSE-001164,PROP-00420,RES-00804,2025-09-26,2027-03-26,18,3185,3185,0,LSE-001163,active
LSE-001165,PROP-00421,RES-00805,2022-09-16,2023-09-16,12,2870,2870,0,,expired
LSE-001166,PROP-00421,RES-00805,2023-10-16,2025-10-16,24,2995,1497,0,LSE-001165,expired
LSE-001167,PROP-00421,RES-00806,2025-12-07,2026-12-07,12,2965,1482,0,,active
LSE-001168,PROP-00422,RES-00807,2023-09-17,2024-09-17,12,2625,2625,0,,expired
LSE-001169,PROP-00422,RES-00807,2024-10-31,2025-10-31,12,2730,2730,0,LSE-001168,expired
LSE-001170,PROP-00422,RES-00807,2025-12-29,2027-06-29,18,2775,1387,0,LSE-001169,active
LSE-001171,PROP-00423,RES-00808,2021-10-10,2022-10-10,12,2640,2640,0,,expired
LSE-001172,PROP-00423,RES-00809,2022-10-25,2023-10-25,12,2630,2630,0,,expired
LSE-001173,PROP-00423,RES-00809,2023-12-18,2025-12-18,24,2680,2680,0,LSE-001172,expired
LSE-001174,PROP-00423,RES-00809,2026-01-09,2028-01-09,24,2780,2780,1,LSE-001173,active
LSE-001175,PROP-00424,RES-00810,2023-02-18,2024-02-18,12,2625,1312,0,,expired
LSE-001176,PROP-00424,RES-00810,2024-04-07,2026-04-07,24,2730,2730,0,LSE-001175,expired
LSE-001177,PROP-00424,RES-00811,2026-04-21,2027-04-21,12,2945,2945,0,,active
LSE-001178,PROP-00425,RES-00812,2022-07-12,2024-07-12,24,2610,2610,0,,expired
LSE-001179,PROP-00425,RES-00813,2024-08-27,2026-02-27,18,2750,2750,0,,expired
LSE-001180,PROP-00425,RES-00814,2026-05-11,2027-11-11,18,2915,1457,0,,active
LSE-001181,PROP-00426,RES-00815,2022-08-08,2024-08-08,24,2645,1322,0,,expired
LSE-001182,PROP-00426,RES-00815,2024-10-11,2025-10-11,12,2720,1360,0,LSE-001181,expired
LSE-001183,PROP-00426,RES-00815,2025-11-14,2027-11-14,24,2840,2840,0,LSE-001182,active
LSE-001184,PROP-00427,RES-00816,2022-11-03,2023-11-03,12,2855,2855,0,,expired
LSE-001185,PROP-00427,RES-00817,2023-12-04,2024-12-04,12,2820,1410,0,,expired
LSE-001186,PROP-00427,RES-00817,2025-01-23,2026-01-23,12,2945,2945,0,LSE-001185,expired
LSE-001187,PROP-00427,RES-00818,2026-02-01,2027-08-01,18,3110,3110,0,,active
LSE-001188,PROP-00428,RES-00819,2022-04-11,2023-10-11,18,2860,2860,0,,expired
LSE-001189,PROP-00428,RES-00819,2023-12-19,2024-12-19,12,2910,1455,1,LSE-001188,expired
LSE-001190,PROP-00428,RES-00820,2025-01-20,2026-01-20,12,2900,2900,0,,expired
LSE-001191,PROP-00428,RES-00821,2026-03-15,2028-03-15,24,3105,3105,0,,active
LSE-001192,PROP-00429,RES-00822,2022-05-18,2023-05-18,12,2770,2770,0,,expired
LSE-001193,PROP-00429,RES-00823,2023-06-02,2025-06-02,24,2785,1392,0,,expired
LSE-001194,PROP-00429,RES-00824,2025-07-25,2026-07-25,12,3115,3115,0,,expired
LSE-001195,PROP-00429,RES-00825,2026-08-27,2028-02-27,18,3375,3375,1,,active
LSE-001196,PROP-00430,RES-00826,2024-08-22,2025-08-22,12,2400,1200,1,,expired
LSE-001197,PROP-00430,RES-00826,2025-09-30,2026-09-30,12,2495,2495,0,LSE-001196,expired
LSE-001198,PROP-00431,RES-00827,2023-10-17,2024-10-17,12,2575,2575,0,,expired
LSE-001199,PROP-00431,RES-00827,2024-10-31,2025-10-31,12,2610,2610,0,LSE-001198,expired
LSE-001200,PROP-00431,RES-00827,2025-11-09,2026-11-09,12,2715,2715,1,LSE-001199,active
LSE-001201,PROP-00432,RES-00828,2023-11-06,2025-11-06,24,2750,1375,0,,expired
LSE-001202,PROP-00432,RES-00828,2026-01-02,2028-01-02,24,3070,1535,0,LSE-001201,active
LSE-001203,PROP-00433,RES-00829,2024-02-12,2026-02-12,24,2240,2240,0,,expired
LSE-001204,PROP-00433,RES-00829,2026-04-21,2027-04-21,12,2450,1225,0,LSE-001203,active
LSE-001205,PROP-00434,RES-00830,2023-06-09,2025-06-09,24,2825,1412,1,,expired
LSE-001206,PROP-00434,RES-00831,2025-07-14,2026-07-14,12,3265,1632,0,,expired
LSE-001207,PROP-00434,RES-00831,2026-07-20,2028-07-20,24,3345,3345,1,LSE-001206,active
LSE-001208,PROP-00435,RES-00832,2022-04-15,2023-04-15,12,2400,1200,0,,expired
LSE-001209,PROP-00435,RES-00832,2023-05-17,2024-05-17,12,2480,2480,1,LSE-001208,expired
LSE-001210,PROP-00435,RES-00833,2024-06-29,2025-12-29,18,2665,2665,0,,expired
LSE-001211,PROP-00435,RES-00834,2026-01-25,2027-07-25,18,2625,2625,0,,active
LSE-001212,PROP-00436,RES-00835,2022-07-19,2023-07-19,12,2835,2835,0,,expired
LSE-001213,PROP-00436,RES-00835,2023-09-18,2024-09-18,12,2950,2950,0,LSE-001212,expired
LSE-001214,PROP-00436,RES-00835,2024-10-25,2026-10-25,24,2980,2980,0,LSE-001213,active
LSE-001215,PROP-00437,RES-00836,2021-12-25,2023-12-25,24,2595,2595,0,,expired
LSE-001216,PROP-00437,RES-00837,2024-01-18,2025-01-18,12,2635,2635,0,,expired
LSE-001217,PROP-00437,RES-00838,2025-03-08,2027-03-08,24,2720,2720,0,,active
LSE-001218,PROP-00438,RES-00839,2022-07-16,2024-07-16,24,2570,2570,0,,expired
LSE-001219,PROP-00438,RES-00840,2024-09-23,2026-09-23,24,2690,1345,0,,expired
LSE-001220,PROP-00439,RES-00841,2022-10-11,2023-10-11,12,2265,2265,0,,expired
LSE-001221,PROP-00439,RES-00841,2023-10-24,2024-10-24,12,2320,2320,0,LSE-001220,expired
LSE-001222,PROP-00439,RES-00841,2024-12-14,2026-12-14,24,2345,1172,0,LSE-001221,active
LSE-001223,PROP-00440,RES-00842,2023-06-09,2024-06-09,12,2785,1392,0,,expired
LSE-001224,PROP-00440,RES-00842,2024-07-14,2025-07-14,12,2910,2910,0,LSE-001223,expired
LSE-001225,PROP-00440,RES-00843,2025-08-26,2026-08-26,12,3135,3135,0,,expired
LSE-001226,PROP-00441,RES-00844,2023-09-25,2025-09-25,24,2485,2485,0,,expired
LSE-001227,PROP-00441,RES-00845,2025-10-10,2026-10-10,12,2670,2670,0,,active
LSE-001228,PROP-00442,RES-00846,2024-03-22,2025-03-22,12,2875,1437,0,,expired
LSE-001229,PROP-00442,RES-00846,2025-04-14,2026-10-14,18,3070,3070,0,LSE-001228,active
LSE-001230,PROP-00443,RES-00847,2022-11-10,2024-11-10,24,2445,1222,0,,expired
LSE-001231,PROP-00443,RES-00847,2025-01-07,2027-01-07,24,2495,2495,0,LSE-001230,active
LSE-001232,PROP-00444,RES-00848,2022-06-12,2023-06-12,12,2200,1100,1,,expired
LSE-001233,PROP-00444,RES-00849,2023-07-17,2025-07-17,24,2325,2325,0,,expired
LSE-001234,PROP-00444,RES-00850,2025-07-24,2027-01-24,18,2490,1245,0,,active
LSE-001235,PROP-00445,RES-00851,2023-07-10,2025-07-10,24,2885,2885,0,,expired
LSE-001236,PROP-00445,RES-00851,2025-07-28,2026-07-28,12,3120,1560,0,LSE-001235,expired
LSE-001237,PROP-00445,RES-00852,2026-09-22,2027-09-22,12,3220,1610,0,,active
LSE-001238,PROP-00446,RES-00853,2023-01-11,2024-01-11,12,2755,2755,0,,expired
LSE-001239,PROP-00446,RES-00853,2024-01-16,2025-01-16,12,2825,2825,0,LSE-001238,expired
LSE-001240,PROP-00446,RES-00854,2025-01-25,2026-01-25,12,2965,2965,0,,expired
LSE-001241,PROP-00446,RES-00855,2026-02-25,2027-02-25,12,2990,2990,1,,active
LSE-001242,PROP-00447,RES-00856,2022-07-13,2023-07-13,12,2840,2840,0,,expired
LSE-001243,PROP-00447,RES-00857,2023-08-17,2025-08-17,24,2795,2795,0,,expired
LSE-001244,PROP-00447,RES-00857,2025-10-09,2026-10-09,12,3050,3050,0,LSE-001243,active
LSE-001245,PROP-00448,RES-00858,2024-03-01,2026-03-01,24,2860,1430,0,,expired
LSE-001246,PROP-00448,RES-00858,2026-05-15,2027-05-15,12,3140,3140,0,LSE-001245,active
LSE-001247,PROP-00449,RES-00859,2024-02-22,2025-08-22,18,2645,2645,0,,expired
LSE-001248,PROP-00449,RES-00859,2025-11-03,2027-11-03,24,2760,2760,0,LSE-001247,active
LSE-001249,PROP-00450,RES-00860,2022-06-19,2023-06-19,12,2790,1395,0,,expired
LSE-001250,PROP-00450,RES-00861,2023-08-16,2025-08-16,24,2875,1437,0,,expired
LSE-001251,PROP-00450,RES-00862,2025-09-12,2026-09-12,12,3140,1570,0,,expired
LSE-001252,PROP-00451,RES-00863,2024-04-28,2025-10-28,18,3035,3035,0,,expired
LSE-001253,PROP-00451,RES-00864,2025-11-21,2027-11-21,24,3045,3045,0,,active
LSE-001254,PROP-00452,RES-00865,2024-07-11,2025-07-11,12,2775,2775,1,,expired
LSE-001255,PROP-00452,RES-00865,2025-08-12,2027-08-12,24,2865,1432,0,LSE-001254,active
LSE-001256,PROP-00453,RES-00866,2023-11-22,2024-11-22,12,2460,2460,0,,expired
LSE-001257,PROP-00453,RES-00867,2025-01-09,2026-01-09,12,2560,1280,0,,expired
LSE-001258,PROP-00453,RES-00867,2026-03-24,2027-03-24,12,2710,1355,0,LSE-001257,active
LSE-001259,PROP-00454,RES-00868,2023-03-21,2024-03-21,12,2885,1442,0,,expired
LSE-001260,PROP-00454,RES-00869,2024-05-22,2025-05-22,12,3000,3000,0,,expired
LSE-001261,PROP-00454,RES-00869,2025-06-17,2026-06-17,12,3180,1590,0,LSE-001260,expired
LSE-001262,PROP-00454,RES-00869,2026-06-28,2027-06-28,12,3260,3260,0,LSE-001261,active
LSE-001263,PROP-00455,RES-00870,2023-07-28,2025-07-28,24,2265,2265,1,,expired
LSE-001264,PROP-00455,RES-00871,2025-09-17,2026-09-17,12,2465,1232,0,,expired
LSE-001265,PROP-00456,RES-00872,2023-04-07,2024-04-07,12,2190,2190,0,,terminated-early
LSE-001266,PROP-00456,RES-00873,2024-06-03,2025-12-03,18,2435,2435,0,,expired
LSE-001267,PROP-00456,RES-00873,2025-12-17,2026-12-17,12,2475,2475,0,LSE-001266,active
LSE-001268,PROP-00457,RES-00874,2023-12-27,2024-12-27,12,2830,2830,0,,expired
LSE-001269,PROP-00457,RES-00874,2025-02-11,2027-02-11,24,2940,2940,0,LSE-001268,active
LSE-001270,PROP-00458,RES-00875,2023-05-23,2024-05-23,12,2460,1230,0,,expired
LSE-001271,PROP-00458,RES-00876,2024-06-23,2025-06-23,12,2730,2730,0,,expired
LSE-001272,PROP-00458,RES-00877,2025-08-18,2027-08-18,24,2780,2780,0,,active
LSE-001273,PROP-00459,RES-00878,2024-07-31,2025-07-31,12,3035,3035,0,,expired
LSE-001274,PROP-00459,RES-00878,2025-08-08,2026-08-08,12,3165,3165,0,LSE-001273,expired
LSE-001275,PROP-00460,RES-00879,2024-05-04,2025-05-04,12,2700,1350,0,,terminated-early
LSE-001276,PROP-00460,RES-00880,2025-06-26,2026-06-26,12,2835,1417,0,,expired
LSE-001277,PROP-00460,RES-00880,2026-07-01,2027-07-01,12,2970,1485,0,LSE-001276,active
LSE-001278,PROP-00461,RES-00881,2024-05-20,2025-05-20,12,2490,1245,0,,expired
LSE-001279,PROP-00461,RES-00881,2025-06-24,2027-06-24,24,2525,2525,0,LSE-001278,active
LSE-001280,PROP-00462,RES-00882,2024-01-26,2026-01-26,24,2860,2860,1,,expired
LSE-001281,PROP-00462,RES-00883,2026-03-03,2027-03-03,12,3080,1540,0,,active
LSE-001282,PROP-00463,RES-00884,2024-07-05,2025-07-05,12,2805,2805,1,,expired
LSE-001283,PROP-00463,RES-00885,2025-07-29,2026-07-29,12,2765,2765,0,,expired
LSE-001284,PROP-00463,RES-00885,2026-08-24,2028-08-24,24,2860,2860,0,LSE-001283,active
LSE-001285,PROP-00464,RES-00886,2024-03-21,2026-03-21,24,2675,2675,1,,expired
LSE-001286,PROP-00464,RES-00887,2026-05-05,2028-05-05,24,2940,2940,0,,active
LSE-001287,PROP-00465,RES-00888,2023-07-23,2025-07-23,24,2250,2250,1,,expired
LSE-001288,PROP-00465,RES-00889,2025-08-04,2026-08-04,12,2465,2465,1,,expired
LSE-001289,PROP-00465,RES-00889,2026-09-06,2027-09-06,12,2530,2530,0,LSE-001288,active
LSE-001290,PROP-00466,RES-00890,2023-12-21,2024-12-21,12,2740,2740,0,,expired
LSE-001291,PROP-00466,RES-00891,2025-02-26,2026-02-26,12,2895,1447,0,,expired
LSE-001292,PROP-00466,RES-00891,2026-04-11,2028-04-11,24,3115,3115,0,LSE-001291,active
LSE-001293,PROP-00467,RES-00892,2021-10-26,2023-10-26,24,2310,2310,0,,expired
LSE-001294,PROP-00467,RES-00892,2024-01-05,2025-01-05,12,2380,2380,0,LSE-001293,expired
LSE-001295,PROP-00467,RES-00892,2025-02-16,2027-02-16,24,2420,2420,0,LSE-001294,active
LSE-001296,PROP-00468,RES-00893,2023-08-20,2024-08-20,12,2850,2850,0,,expired
LSE-001297,PROP-00468,RES-00894,2024-08-31,2025-08-31,12,2995,1497,0,,expired
LSE-001298,PROP-00468,RES-00895,2025-09-22,2026-09-22,12,3150,1575,1,,expired
LSE-001299,PROP-00469,RES-00896,2023-03-12,2024-03-12,12,2460,2460,0,,expired
LSE-001300,PROP-00469,RES-00896,2024-04-29,2025-04-29,12,2550,1275,0,LSE-001299,expired
LSE-001301,PROP-00469,RES-00896,2025-05-20,2026-05-20,12,2680,1340,0,LSE-001300,expired
LSE-001302,PROP-00469,RES-00896,2026-07-07,2027-07-07,12,2860,2860,0,LSE-001301,active
LSE-001303,PROP-00470,RES-00897,2024-05-01,2025-05-01,12,3065,3065,0,,expired
LSE-001304,PROP-00470,RES-00898,2025-05-13,2026-11-13,18,3245,3245,0,,active
LSE-001305,PROP-00471,RES-00899,2023-05-08,2025-05-08,24,2255,2255,0,,expired
LSE-001306,PROP-00471,RES-00899,2025-07-03,2026-07-03,12,2420,2420,0,LSE-001305,expired
LSE-001307,PROP-00471,RES-00900,2026-07-13,2027-07-13,12,2650,2650,0,,active
LSE-001308,PROP-00472,RES-00901,2024-09-15,2025-09-15,12,2325,2325,0,,expired
LSE-001309,PROP-00472,RES-00902,2025-09-27,2027-03-27,18,2475,2475,0,,active
LSE-001310,PROP-00473,RES-00903,2024-08-03,2026-08-03,24,2480,2480,0,,terminated-early
LSE-001311,PROP-00474,RES-00904,2023-10-10,2024-10-10,12,2805,2805,0,,expired
LSE-001312,PROP-00474,RES-00905,2024-11-01,2026-05-01,18,2815,2815,0,,expired
LSE-001313,PROP-00474,RES-00905,2026-05-16,2027-05-16,12,3155,1577,1,LSE-001312,active
LSE-001314,PROP-00475,RES-00906,2025-02-20,2026-02-20,12,2700,1350,0,,expired
LSE-001315,PROP-00475,RES-00907,2026-04-27,2028-04-27,24,2905,2905,1,,active
LSE-001316,PROP-00476,RES-00908,2023-02-20,2024-08-20,18,2805,2805,0,,expired
LSE-001317,PROP-00476,RES-00909,2024-10-17,2026-10-17,24,2970,2970,1,,active
LSE-001318,PROP-00477,RES-00910,2022-11-22,2024-11-22,24,2480,1240,1,,expired
LSE-001319,PROP-00477,RES-00910,2024-12-10,2026-12-10,24,2550,1275,0,LSE-001318,active
LSE-001320,PROP-00478,RES-00911,2023-08-22,2025-02-22,18,2595,1297,0,,expired
LSE-001321,PROP-00478,RES-00912,2025-04-23,2026-10-23,18,2765,2765,0,,active
LSE-001322,PROP-00479,RES-00913,2023-09-15,2025-09-15,24,2245,2245,0,,expired
LSE-001323,PROP-00479,RES-00913,2025-09-28,2026-09-28,12,2430,2430,0,LSE-001322,expired
LSE-001324,PROP-00480,RES-00914,2021-12-27,2022-12-27,12,2515,1257,1,,expired
LSE-001325,PROP-00480,RES-00915,2023-02-09,2024-02-09,12,2535,2535,0,,expired
LSE-001326,PROP-00480,RES-00915,2024-02-14,2025-02-14,12,2660,2660,0,LSE-001325,expired
LSE-001327,PROP-00480,RES-00915,2025-04-19,2026-04-19,12,2780,2780,0,LSE-001326,expired
LSE-001328,PROP-00480,RES-00915,2026-06-28,2027-06-28,12,2895,2895,0,LSE-001327,active
LSE-001329,PROP-00481,RES-00916,2022-05-19,2023-05-19,12,2800,1400,0,,expired
LSE-001330,PROP-00481,RES-00917,2023-07-29,2024-07-29,12,2755,1377,0,,expired
LSE-001331,PROP-00481,RES-00917,2024-08-18,2025-08-18,12,2945,2945,0,LSE-001330,expired
LSE-001332,PROP-00481,RES-00918,2025-10-13,2026-10-13,12,3050,1525,0,,active
LSE-001333,PROP-00482,RES-00919,2024-02-15,2026-02-15,24,2635,2635,0,,expired
LSE-001334,PROP-00482,RES-00920,2026-04-24,2027-04-24,12,3030,1515,0,,active
LSE-001335,PROP-00483,RES-00921,2024-03-22,2026-03-22,24,2350,1175,0,,expired
LSE-001336,PROP-00483,RES-00921,2026-05-07,2027-11-07,18,2550,2550,1,LSE-001335,active
LSE-001337,PROP-00484,RES-00922,2023-12-09,2024-12-09,12,2445,1222,0,,expired
LSE-001338,PROP-00484,RES-00922,2025-02-12,2026-02-12,12,2670,2670,0,LSE-001337,expired
LSE-001339,PROP-00484,RES-00922,2026-04-03,2027-04-03,12,2795,2795,0,LSE-001338,active
LSE-001340,PROP-00485,RES-00923,2023-06-06,2025-06-06,24,2495,2495,0,,expired
LSE-001341,PROP-00485,RES-00924,2025-07-14,2026-07-14,12,2845,2845,0,,expired
LSE-001342,PROP-00485,RES-00924,2026-08-20,2027-08-20,12,2945,2945,0,LSE-001341,active
LSE-001343,PROP-00486,RES-00925,2023-06-20,2025-06-20,24,2610,1305,0,,expired
LSE-001344,PROP-00486,RES-00925,2025-08-22,2027-08-22,24,2745,2745,0,LSE-001343,active
LSE-001345,PROP-00487,RES-00926,2024-07-23,2025-07-23,12,2785,2785,0,,expired
LSE-001346,PROP-00487,RES-00926,2025-08-04,2026-08-04,12,2840,2840,0,LSE-001345,expired
LSE-001347,PROP-00487,RES-00927,2026-09-19,2028-03-19,18,2835,1417,0,,active
LSE-001348,PROP-00488,RES-00928,2024-04-07,2025-04-07,12,2690,1345,0,,expired
LSE-001349,PROP-00488,RES-00929,2025-06-14,2026-06-14,12,2915,2915,0,,expired
LSE-001350,PROP-00488,RES-00930,2026-08-07,2028-08-07,24,2890,2890,1,,active
LSE-001351,PROP-00489,RES-00931,2023-10-09,2025-04-09,18,2565,2565,0,,expired
LSE-001352,PROP-00489,RES-00932,2025-05-15,2026-05-15,12,2895,1447,0,,expired
LSE-001353,PROP-00489,RES-00933,2026-05-30,2028-05-30,24,2860,1430,0,,active
LSE-001354,PROP-00490,RES-00934,2023-08-22,2025-08-22,24,2520,2520,0,,expired
LSE-001355,PROP-00490,RES-00934,2025-10-19,2026-10-19,12,2615,2615,0,LSE-001354,active
LSE-001356,PROP-00491,RES-00935,2022-11-07,2023-11-07,12,2910,2910,0,,expired
LSE-001357,PROP-00491,RES-00935,2023-11-17,2025-11-17,24,2985,2985,0,LSE-001356,expired
LSE-001358,PROP-00491,RES-00935,2025-11-22,2027-05-22,18,3120,1560,0,LSE-001357,active
LSE-001359,PROP-00492,RES-00936,2022-10-15,2024-10-15,24,2880,2880,0,,expired
LSE-001360,PROP-00492,RES-00936,2024-10-21,2026-10-21,24,2960,2960,0,LSE-001359,active
LSE-001361,PROP-00493,RES-00937,2023-05-02,2025-05-02,24,2500,2500,0,,expired
LSE-001362,PROP-00493,RES-00938,2025-07-09,2026-07-09,12,2825,2825,0,,expired
LSE-001363,PROP-00493,RES-00938,2026-09-15,2028-03-15,18,2890,1445,0,LSE-001362,active
LSE-001364,PROP-00494,RES-00939,2025-01-23,2027-01-23,24,2915,2915,0,,active
LSE-001365,PROP-00495,RES-00940,2023-06-27,2025-06-27,24,2635,1317,0,,expired
LSE-001366,PROP-00495,RES-00941,2025-08-09,2026-08-09,12,2805,2805,0,,expired
LSE-001367,PROP-00495,RES-00941,2026-08-20,2028-08-20,24,2910,1455,0,LSE-001366,active
LSE-001368,PROP-00496,RES-00942,2022-04-28,2024-04-28,24,2575,1287,0,,expired
LSE-001369,PROP-00496,RES-00943,2024-06-14,2026-06-14,24,2850,1425,0,,expired
LSE-001370,PROP-00496,RES-00943,2026-08-04,2027-08-04,12,2935,2935,0,LSE-001369,active
LSE-001371,PROP-00497,RES-00944,2023-06-24,2024-06-24,12,2650,1325,1,,expired
LSE-001372,PROP-00497,RES-00944,2024-07-21,2025-07-21,12,2785,1392,0,LSE-001371,expired
LSE-001373,PROP-00497,RES-00944,2025-09-06,2026-09-06,12,2890,2890,0,LSE-001372,expired
LSE-001374,PROP-00497,RES-00945,2026-09-25,2027-09-25,12,2890,1445,0,,active
LSE-001375,PROP-00498,RES-00946,2023-07-08,2024-07-08,12,2600,2600,1,,expired
LSE-001376,PROP-00498,RES-00947,2024-08-04,2026-02-04,18,2705,2705,0,,expired
LSE-001377,PROP-00498,RES-00947,2026-02-25,2027-02-25,12,2800,1400,0,LSE-001376,active
LSE-001378,PROP-00499,RES-00948,2022-04-02,2023-10-02,18,2820,2820,0,,expired
LSE-001379,PROP-00499,RES-00948,2023-11-28,2024-11-28,12,2915,1457,0,LSE-001378,expired
LSE-001380,PROP-00499,RES-00949,2025-01-08,2026-01-08,12,2995,1497,0,,expired
LSE-001381,PROP-00499,RES-00950,2026-03-23,2027-03-23,12,3085,3085,0,,active
LSE-001382,PROP-00500,RES-00951,2023-08-23,2024-08-23,12,2940,1470,0,,expired
LSE-001383,PROP-00500,RES-00951,2024-08-28,2025-08-28,12,3070,3070,0,LSE-001382,expired
LSE-001384,PROP-00500,RES-00951,2025-11-03,2026-11-03,12,3150,1575,0,LSE-001383,active
LSE-001385,PROP-00501,RES-00952,2023-02-20,2024-02-20,12,2675,2675,0,,expired
LSE-001386,PROP-00501,RES-00953,2024-04-09,2026-04-09,24,2835,1417,0,,expired
LSE-001387,PROP-00501,RES-00954,2026-04-15,2028-04-15,24,2995,2995,0,,active
LSE-001388,PROP-00502,RES-00955,2022-10-22,2023-10-22,12,2805,1402,0,,expired
LSE-001389,PROP-00502,RES-00956,2023-11-19,2024-11-19,12,2875,1437,0,,expired
LSE-001390,PROP-00502,RES-00957,2024-12-12,2026-12-12,24,2850,2850,0,,active
LSE-001391,PROP-00503,RES-00958,2022-09-19,2023-09-19,12,2625,2625,0,,expired
LSE-001392,PROP-00503,RES-00958,2023-10-05,2025-04-05,18,2725,1362,0,LSE-001391,expired
LSE-001393,PROP-00503,RES-00958,2025-04-25,2026-04-25,12,2800,1400,0,LSE-001392,expired
LSE-001394,PROP-00503,RES-00959,2026-07-02,2028-07-02,24,2870,1435,0,,active
LSE-001395,PROP-00504,RES-00960,2022-06-10,2024-06-10,24,2590,2590,0,,expired
LSE-001396,PROP-00504,RES-00960,2024-08-06,2025-08-06,12,2735,2735,0,LSE-001395,expired
LSE-001397,PROP-00504,RES-00960,2025-08-20,2027-08-20,24,2835,1417,0,LSE-001396,active
LSE-001398,PROP-00505,RES-00961,2023-09-23,2024-09-23,12,2600,2600,0,,expired
LSE-001399,PROP-00505,RES-00961,2024-10-18,2025-10-18,12,2680,2680,0,LSE-001398,expired
LSE-001400,PROP-00505,RES-00962,2025-12-20,2027-12-20,24,2765,2765,0,,active
LSE-001401,PROP-00506,RES-00963,2023-05-11,2024-05-11,12,2570,2570,0,,expired
LSE-001402,PROP-00506,RES-00964,2024-06-14,2026-06-14,24,2790,2790,0,,expired
LSE-001403,PROP-00506,RES-00964,2026-08-11,2027-08-11,12,2950,1475,0,LSE-001402,active
LSE-001404,PROP-00507,RES-00965,2024-03-24,2025-03-24,12,2675,2675,0,,expired
LSE-001405,PROP-00507,RES-00965,2025-05-22,2026-05-22,12,2850,1425,0,LSE-001404,expired
LSE-001406,PROP-00507,RES-00965,2026-06-02,2027-06-02,12,2930,2930,1,LSE-001405,active
LSE-001407,PROP-00508,RES-00966,2024-06-26,2025-06-26,12,2975,2975,1,,expired
LSE-001408,PROP-00508,RES-00967,2025-08-29,2027-08-29,24,3000,3000,0,,active
LSE-001409,PROP-00509,RES-00968,2022-11-07,2023-11-07,12,2600,1300,1,,expired
LSE-001410,PROP-00509,RES-00969,2024-01-11,2025-07-11,18,2595,2595,0,,expired
LSE-001411,PROP-00509,RES-00969,2025-09-19,2027-09-19,24,2885,1442,0,LSE-001410,active
LSE-001412,PROP-00510,RES-00970,2022-10-04,2023-10-04,12,2570,1285,1,,expired
LSE-001413,PROP-00510,RES-00970,2023-12-16,2025-12-16,24,2665,2665,0,LSE-001412,expired
LSE-001414,PROP-00510,RES-00971,2025-12-22,2027-12-22,24,2755,1377,0,,active
LSE-001415,PROP-00511,RES-00972,2023-11-08,2024-11-08,12,2685,2685,0,,expired
LSE-001416,PROP-00511,RES-00972,2024-12-08,2026-06-08,18,2725,2725,0,LSE-001415,expired
LSE-001417,PROP-00511,RES-00973,2026-07-02,2028-07-02,24,3010,1505,0,,active
LSE-001418,PROP-00512,RES-00974,2023-07-05,2025-07-05,24,2640,1320,0,,expired
LSE-001419,PROP-00512,RES-00974,2025-08-10,2027-08-10,24,2935,1467,0,LSE-001418,active
LSE-001420,PROP-00513,RES-00975,2024-04-07,2025-04-07,12,2870,2870,0,,expired
LSE-001421,PROP-00513,RES-00975,2025-05-05,2027-05-05,24,2910,2910,0,LSE-001420,active
LSE-001422,PROP-00514,RES-00976,2023-09-02,2024-09-02,12,2575,2575,0,,expired
LSE-001423,PROP-00514,RES-00976,2024-09-08,2025-09-08,12,2665,1332,0,LSE-001422,expired
LSE-001424,PROP-00514,RES-00977,2025-10-13,2026-10-13,12,2750,2750,0,,active
LSE-001425,PROP-00515,RES-00978,2023-07-16,2024-07-16,12,2705,2705,1,,expired
LSE-001426,PROP-00515,RES-00978,2024-08-20,2025-08-20,12,2785,2785,0,LSE-001425,expired
LSE-001427,PROP-00515,RES-00978,2025-08-27,2026-08-27,12,2910,2910,0,LSE-001426,expired
LSE-001428,PROP-00515,RES-00978,2026-09-22,2028-09-22,24,2980,2980,0,LSE-001427,active
LSE-001429,PROP-00516,RES-00979,2023-06-03,2024-12-03,18,2685,1342,0,,expired
LSE-001430,PROP-00516,RES-00979,2025-01-16,2027-01-16,24,2755,2755,0,LSE-001429,active
LSE-001431,PROP-00517,RES-00980,2024-01-24,2026-01-24,24,2575,2575,0,,expired
LSE-001432,PROP-00517,RES-00980,2026-03-30,2027-03-30,12,2815,2815,0,LSE-001431,active
LSE-001433,PROP-00518,RES-00981,2022-06-08,2024-06-08,24,2610,1305,0,,expired
LSE-001434,PROP-00518,RES-00982,2024-07-21,2025-07-21,12,2830,2830,0,,expired
LSE-001435,PROP-00518,RES-00982,2025-08-23,2027-08-23,24,2950,1475,0,LSE-001434,active
LSE-001436,PROP-00519,RES-00983,2023-08-17,2025-08-17,24,2635,2635,0,,expired
LSE-001437,PROP-00519,RES-00983,2025-10-20,2026-10-20,12,2730,2730,0,LSE-001436,active
LSE-001438,PROP-00520,RES-00984,2022-05-06,2023-11-06,18,2705,1352,0,,expired
LSE-001439,PROP-00520,RES-00984,2024-01-15,2025-01-15,12,2815,2815,0,LSE-001438,expired
LSE-001440,PROP-00520,RES-00984,2025-03-08,2027-03-08,24,2910,2910,0,LSE-001439,active
LSE-001441,PROP-00521,RES-00985,2023-06-08,2024-06-08,12,2695,2695,0,,expired
LSE-001442,PROP-00521,RES-00985,2024-07-09,2025-07-09,12,2760,2760,0,LSE-001441,expired
LSE-001443,PROP-00521,RES-00985,2025-08-21,2027-08-21,24,2885,2885,0,LSE-001442,active
LSE-001444,PROP-00522,RES-00986,2024-01-16,2025-01-16,12,2690,2690,0,,expired
LSE-001445,PROP-00522,RES-00986,2025-02-03,2026-02-03,12,2780,2780,0,LSE-001444,expired
LSE-001446,PROP-00522,RES-00986,2026-02-18,2028-02-18,24,2845,1422,0,LSE-001445,active
LSE-001447,PROP-00523,RES-00987,2022-10-27,2024-10-27,24,2615,2615,0,,expired
LSE-001448,PROP-00523,RES-00987,2024-11-04,2025-11-04,12,2725,1362,0,LSE-001447,expired
LSE-001449,PROP-00523,RES-00988,2025-11-28,2026-11-28,12,2745,2745,0,,active
LSE-001450,PROP-00524,RES-00989,2024-07-16,2026-07-16,24,2785,2785,0,,expired
LSE-001451,PROP-00524,RES-00989,2026-09-08,2027-09-08,12,2870,1435,0,LSE-001450,active
LSE-001452,PROP-00525,RES-00990,2023-06-23,2024-06-23,12,2620,2620,0,,expired
LSE-001453,PROP-00525,RES-00990,2024-08-19,2025-08-19,12,2705,2705,0,LSE-001452,expired
LSE-001454,PROP-00525,RES-00990,2025-10-27,2026-10-27,12,2800,1400,0,LSE-001453,active
LSE-001455,PROP-00526,RES-00991,2023-10-25,2025-10-25,24,2685,2685,0,,expired
LSE-001456,PROP-00526,RES-00991,2025-12-21,2027-12-21,24,2800,1400,0,LSE-001455,active
LSE-001457,PROP-00527,RES-00992,2023-10-13,2024-10-13,12,2640,1320,0,,expired
LSE-001458,PROP-00527,RES-00992,2024-12-23,2025-12-23,12,2760,2760,0,LSE-001457,expired
LSE-001459,PROP-00527,RES-00992,2026-02-24,2027-02-24,12,2810,2810,0,LSE-001458,active
LSE-001460,PROP-00528,RES-00993,2023-11-28,2024-11-28,12,2630,2630,0,,expired
LSE-001461,PROP-00528,RES-00994,2025-01-02,2026-07-02,18,2780,1390,0,,expired
LSE-001462,PROP-00528,RES-00994,2026-08-30,2027-08-30,12,2865,2865,0,LSE-001461,active
LSE-001463,PROP-00529,RES-00995,2024-03-28,2026-03-28,24,2705,1352,0,,expired
LSE-001464,PROP-00529,RES-00995,2026-06-09,2028-06-09,24,2975,1487,1,LSE-001463,active
LSE-001465,PROP-00530,RES-00996,2023-07-24,2024-07-24,12,2565,2565,0,,expired
LSE-001466,PROP-00530,RES-00997,2024-09-23,2026-09-23,24,2665,2665,0,,expired
LSE-001467,PROP-00531,RES-00998,2022-12-20,2024-06-20,18,2620,2620,0,,expired
LSE-001468,PROP-00531,RES-00998,2024-07-17,2025-07-17,12,2810,2810,0,LSE-001467,expired
LSE-001469,PROP-00531,RES-00998,2025-08-29,2027-08-29,24,2890,1445,0,LSE-001468,active
LSE-001470,PROP-00532,RES-00999,2023-04-19,2024-04-19,12,2555,2555,0,,expired
LSE-001471,PROP-00532,RES-00999,2024-06-01,2025-06-01,12,2815,2815,0,LSE-001470,expired
LSE-001472,PROP-00532,RES-00999,2025-08-11,2027-02-11,18,2925,1462,0,LSE-001471,active
LSE-001473,PROP-00533,RES-01000,2023-12-13,2024-12-13,12,2685,1342,0,,expired
LSE-001474,PROP-00533,RES-01000,2025-02-08,2026-08-08,18,2735,2735,1,LSE-001473,expired
LSE-001475,PROP-00533,RES-01000,2026-09-22,2027-09-22,12,2825,1412,0,LSE-001474,active
LSE-001476,PROP-00534,RES-01001,2024-08-02,2026-08-02,24,2880,1440,0,,expired
LSE-001477,PROP-00534,RES-01001,2026-09-25,2027-09-25,12,2995,2995,0,LSE-001476,active
LSE-001478,PROP-00535,RES-01002,2022-07-15,2023-07-15,12,2720,1360,0,,expired
LSE-001479,PROP-00535,RES-01003,2023-09-25,2024-09-25,12,2645,2645,0,,expired
LSE-001480,PROP-00535,RES-01003,2024-11-25,2025-11-25,12,2760,2760,0,LSE-001479,expired
LSE-001481,PROP-00535,RES-01004,2026-01-19,2027-01-19,12,2855,1427,1,,active
LSE-001482,PROP-00536,RES-01005,2023-12-27,2024-12-27,12,2605,1302,0,,expired
LSE-001483,PROP-00536,RES-01006,2025-03-01,2026-03-01,12,2770,2770,0,,expired
LSE-001484,PROP-00536,RES-01007,2026-03-13,2027-03-13,12,2975,2975,0,,active
LSE-001485,PROP-00537,RES-01008,2023-08-15,2025-08-15,24,2660,2660,0,,expired
LSE-001486,PROP-00537,RES-01008,2025-08-27,2026-08-27,12,2790,2790,0,LSE-001485,expired
LSE-001487,PROP-00538,RES-01009,2023-12-02,2025-12-02,24,2555,2555,0,,expired
LSE-001488,PROP-00538,RES-01010,2026-02-12,2028-02-12,24,2860,1430,0,,active
LSE-001489,PROP-00539,RES-01011,2021-10-10,2023-10-10,24,2735,2735,0,,expired
LSE-001490,PROP-00539,RES-01011,2023-12-20,2024-12-20,12,2780,2780,0,LSE-001489,expired
LSE-001491,PROP-00539,RES-01011,2025-01-18,2027-01-18,24,2865,1432,0,LSE-001490,active
LSE-001492,PROP-00540,RES-01012,2023-06-06,2024-06-06,12,2570,2570,0,,expired
LSE-001493,PROP-00540,RES-01012,2024-08-01,2025-08-01,12,2730,1365,0,LSE-001492,expired
LSE-001494,PROP-00540,RES-01013,2025-09-07,2027-09-07,24,2790,2790,1,,active
LSE-001495,PROP-00541,RES-01014,2024-01-21,2025-07-21,18,2665,2665,0,,expired
LSE-001496,PROP-00541,RES-01015,2025-09-08,2026-09-08,12,2850,2850,0,,expired
LSE-001497,PROP-00541,RES-01016,2026-09-20,2027-09-20,12,2955,1477,0,,active
LSE-001498,PROP-00542,RES-01017,2024-03-05,2026-03-05,24,2685,2685,0,,expired
LSE-001499,PROP-00542,RES-01018,2026-05-17,2028-05-17,24,3005,1502,0,,active
LSE-001500,PROP-00543,RES-01019,2023-12-24,2024-12-24,12,2625,1312,0,,expired
LSE-001501,PROP-00543,RES-01019,2024-12-29,2026-12-29,24,2705,2705,0,LSE-001500,active
LSE-001502,PROP-00544,RES-01020,2023-11-03,2025-11-03,24,2695,2695,0,,terminated-early
LSE-001503,PROP-00544,RES-01021,2025-12-22,2026-12-22,12,2825,2825,0,,active
LSE-001504,PROP-00545,RES-01022,2023-02-06,2024-08-06,18,2560,1280,0,,expired
LSE-001505,PROP-00545,RES-01022,2024-09-02,2025-09-02,12,2675,2675,0,LSE-001504,expired
LSE-001506,PROP-00545,RES-01022,2025-09-23,2027-09-23,24,2710,1355,0,LSE-001505,active
LSE-001507,PROP-00546,RES-01023,2022-05-08,2024-05-08,24,2590,1295,0,,expired
LSE-001508,PROP-00546,RES-01024,2024-06-11,2025-06-11,12,2830,1415,0,,expired
LSE-001509,PROP-00546,RES-01024,2025-07-17,2026-07-17,12,2875,1437,0,LSE-001508,expired
LSE-001510,PROP-00546,RES-01025,2026-08-08,2028-08-08,24,3020,3020,0,,active
LSE-001511,PROP-00547,RES-01026,2023-03-28,2024-03-28,12,2670,2670,0,,expired
LSE-001512,PROP-00547,RES-01027,2024-04-11,2025-04-11,12,2805,2805,0,,expired
LSE-001513,PROP-00547,RES-01028,2025-04-30,2027-04-30,24,2785,1392,0,,active
LSE-001514,PROP-00548,RES-01029,2022-06-16,2023-12-16,18,1925,1925,0,,expired
LSE-001515,PROP-00548,RES-01029,2024-01-04,2025-01-04,12,2020,2020,0,LSE-001514,expired
LSE-001516,PROP-00548,RES-01029,2025-03-06,2027-03-06,24,2050,2050,0,LSE-001515,active
LSE-001517,PROP-00549,RES-01030,2023-12-25,2024-12-25,12,1830,1830,0,,expired
LSE-001518,PROP-00549,RES-01031,2025-02-14,2026-02-14,12,2030,2030,1,,expired
LSE-001519,PROP-00549,RES-01032,2026-04-27,2027-10-27,18,2165,2165,0,,active
LSE-001520,PROP-00550,RES-01033,2022-08-11,2023-08-11,12,1870,1870,0,,expired
LSE-001521,PROP-00550,RES-01033,2023-08-19,2025-02-19,18,1925,962,0,LSE-001520,expired
LSE-001522,PROP-00550,RES-01033,2025-03-26,2026-09-26,18,2005,2005,0,LSE-001521,expired
LSE-001523,PROP-00551,RES-01034,2023-11-07,2024-11-07,12,1885,1885,0,,expired
LSE-001524,PROP-00551,RES-01035,2024-11-18,2025-11-18,12,1915,1915,1,,expired
LSE-001525,PROP-00551,RES-01036,2025-12-26,2026-12-26,12,2000,2000,0,,active
LSE-001526,PROP-00552,RES-01037,2023-10-19,2025-10-19,24,1855,1855,1,,expired
LSE-001527,PROP-00552,RES-01037,2025-11-22,2027-05-22,18,1950,975,0,LSE-001526,active
LSE-001528,PROP-00553,RES-01038,2024-03-16,2026-03-16,24,1935,1935,0,,expired
LSE-001529,PROP-00553,RES-01039,2026-05-12,2028-05-12,24,2185,2185,0,,active
LSE-001530,PROP-00554,RES-01040,2024-05-01,2025-05-01,12,2035,2035,0,,expired
LSE-001531,PROP-00554,RES-01040,2025-05-08,2026-05-08,12,2070,2070,0,LSE-001530,expired
LSE-001532,PROP-00554,RES-01040,2026-06-30,2028-06-30,24,2125,2125,0,LSE-001531,active
LSE-001533,PROP-00555,RES-01041,2024-02-18,2026-02-18,24,1920,960,0,,expired
LSE-001534,PROP-00555,RES-01042,2026-03-10,2027-09-10,18,2085,2085,0,,active
LSE-001535,PROP-00556,RES-01043,2021-10-27,2022-10-27,12,1930,1930,0,,expired
LSE-001536,PROP-00556,RES-01044,2023-01-05,2024-01-05,12,1895,947,0,,expired
LSE-001537,PROP-00556,RES-01044,2024-03-10,2026-03-10,24,1935,1935,0,LSE-001536,expired
LSE-001538,PROP-00556,RES-01044,2026-05-14,2027-05-14,12,2065,1032,0,LSE-001537,active
LSE-001539,PROP-00557,RES-01045,2022-06-26,2023-06-26,12,1905,952,0,,expired
LSE-001540,PROP-00557,RES-01046,2023-08-17,2024-08-17,12,1915,957,0,,expired
LSE-001541,PROP-00557,RES-01046,2024-10-06,2025-10-06,12,1950,1950,0,LSE-001540,terminated-early
LSE-001542,PROP-00557,RES-01047,2025-12-14,2026-12-14,12,2005,1002,0,,active
LSE-001543,PROP-00558,RES-01048,2022-07-14,2023-07-14,12,1830,915,0,,expired
LSE-001544,PROP-00558,RES-01048,2023-07-24,2024-07-24,12,1900,950,0,LSE-001543,expired
LSE-001545,PROP-00558,RES-01048,2024-08-13,2025-08-13,12,1995,1995,0,LSE-001544,expired
LSE-001546,PROP-00558,RES-01049,2025-10-19,2027-10-19,24,2055,2055,0,,active
LSE-001547,PROP-00559,RES-01050,2024-01-21,2026-01-21,24,1870,1870,0,,expired
LSE-001548,PROP-00559,RES-01050,2026-03-01,2027-03-01,12,2025,2025,0,LSE-001547,active
LSE-001549,PROP-00560,RES-01051,2023-08-19,2024-08-19,12,1865,932,0,,expired
LSE-001550,PROP-00560,RES-01051,2024-11-01,2025-11-01,12,1950,975,0,LSE-001549,expired
LSE-001551,PROP-00560,RES-01051,2025-12-30,2027-12-30,24,2010,2010,0,LSE-001550,active
LSE-001552,PROP-00561,RES-01052,2024-04-04,2025-04-04,12,1925,1925,0,,expired
LSE-001553,PROP-00561,RES-01053,2025-05-13,2026-05-13,12,1975,1975,0,,expired
LSE-001554,PROP-00561,RES-01054,2026-06-01,2028-06-01,24,2055,1027,0,,active
LSE-001555,PROP-00562,RES-01055,2022-10-17,2024-04-17,18,1885,1885,0,,expired
LSE-001556,PROP-00562,RES-01055,2024-04-25,2025-04-25,12,1960,1960,0,LSE-001555,expired
LSE-001557,PROP-00562,RES-01055,2025-06-15,2026-12-15,18,2020,2020,0,LSE-001556,active
LSE-001558,PROP-00563,RES-01056,2023-09-20,2025-09-20,24,1870,1870,0,,expired
LSE-001559,PROP-00563,RES-01056,2025-10-15,2027-10-15,24,1965,1965,0,LSE-001558,active
LSE-001560,PROP-00564,RES-01057,2023-06-09,2025-06-09,24,1855,1855,0,,expired
LSE-001561,PROP-00564,RES-01058,2025-08-14,2027-08-14,24,2130,1065,0,,active
LSE-001562,PROP-00565,RES-01059,2022-10-03,2024-10-03,24,1840,1840,1,,expired
LSE-001563,PROP-00565,RES-01060,2024-12-08,2025-12-08,12,1885,1885,0,,expired
LSE-001564,PROP-00565,RES-01061,2026-01-19,2028-01-19,24,1995,1995,0,,active
LSE-001565,PROP-00566,RES-01062,2023-06-11,2024-06-11,12,1835,1835,0,,expired
LSE-001566,PROP-00566,RES-01062,2024-07-25,2025-07-25,12,1940,1940,1,LSE-001565,expired
LSE-001567,PROP-00566,RES-01062,2025-08-15,2026-08-15,12,2060,2060,0,LSE-001566,expired
LSE-001568,PROP-00566,RES-01063,2026-08-25,2027-08-25,12,2145,2145,0,,active
LSE-001569,PROP-00567,RES-01064,2024-05-03,2025-11-03,18,1945,1945,0,,expired
LSE-001570,PROP-00567,RES-01065,2025-12-30,2027-06-30,18,2025,2025,0,,active
LSE-001571,PROP-00568,RES-01066,2023-08-03,2025-08-03,24,1930,1930,0,,expired
LSE-001572,PROP-00568,RES-01067,2025-08-25,2026-08-25,12,2115,2115,0,,expired
LSE-001573,PROP-00568,RES-01067,2026-09-20,2027-09-20,12,2215,1107,0,LSE-001572,active
LSE-001574,PROP-00569,RES-01068,2023-07-24,2025-07-24,24,1920,1920,0,,expired
LSE-001575,PROP-00569,RES-01068,2025-09-13,2026-09-13,12,2055,1027,0,LSE-001574,expired
LSE-001576,PROP-00570,RES-01069,2024-03-11,2025-03-11,12,1950,1950,0,,expired
LSE-001577,PROP-00570,RES-01070,2025-04-06,2026-04-06,12,2055,1027,0,,expired
LSE-001578,PROP-00570,RES-01071,2026-06-12,2027-06-12,12,2160,2160,0,,active
LSE-001579,PROP-00571,RES-01072,2022-08-24,2024-02-24,18,1815,1815,0,,expired
LSE-001580,PROP-00571,RES-01072,2024-04-02,2025-04-02,12,1935,967,0,LSE-001579,expired
LSE-001581,PROP-00571,RES-01072,2025-06-06,2026-06-06,12,1975,1975,0,LSE-001580,expired
LSE-001582,PROP-00571,RES-01072,2026-06-25,2028-06-25,24,2050,1025,0,LSE-001581,active
LSE-001583,PROP-00572,RES-01073,2023-02-12,2025-02-12,24,1775,1775,0,,expired
LSE-001584,PROP-00572,RES-01073,2025-02-22,2026-02-22,12,1840,920,1,LSE-001583,expired
LSE-001585,PROP-00572,RES-01073,2026-03-15,2027-03-15,12,1980,1980,0,LSE-001584,active
LSE-001586,PROP-00573,RES-01074,2022-09-09,2024-09-09,24,1830,1830,0,,expired
LSE-001587,PROP-00573,RES-01075,2024-10-06,2025-10-06,12,1875,937,1,,expired
LSE-001588,PROP-00573,RES-01075,2025-12-17,2026-12-17,12,1930,1930,0,LSE-001587,active
LSE-001589,PROP-00574,RES-01076,2023-04-19,2024-04-19,12,1920,1920,0,,expired
LSE-001590,PROP-00574,RES-01077,2024-05-17,2026-05-17,24,2055,2055,0,,expired
LSE-001591,PROP-00574,RES-01078,2026-06-15,2027-06-15,12,2150,1075,0,,active
LSE-001592,PROP-00575,RES-01079,2023-09-21,2024-09-21,12,1890,1890,1,,expired
LSE-001593,PROP-00575,RES-01080,2024-11-14,2026-11-14,24,1860,1860,0,,active
LSE-001594,PROP-00576,RES-01081,2024-10-24,2026-10-24,24,1845,1845,0,,active
LSE-001595,PROP-00577,RES-01082,2025-03-11,2026-03-11,12,2065,1032,0,,expired
LSE-001596,PROP-00577,RES-01083,2026-03-26,2027-03-26,12,2060,1030,0,,active
LSE-001597,PROP-00578,RES-01084,2022-02-13,2024-02-13,24,1830,915,0,,expired
LSE-001598,PROP-00578,RES-01084,2024-03-15,2026-03-15,24,1920,960,0,LSE-001597,expired
LSE-001599,PROP-00578,RES-01085,2026-04-16,2028-04-16,24,2100,2100,0,,active
LSE-001600,PROP-00579,RES-01086,2022-10-09,2023-10-09,12,1845,922,0,,expired
LSE-001601,PROP-00579,RES-01086,2023-12-18,2024-12-18,12,1870,935,0,LSE-001600,expired
LSE-001602,PROP-00579,RES-01087,2025-02-04,2026-02-04,12,1970,1970,0,,expired
LSE-001603,PROP-00579,RES-01088,2026-02-23,2027-08-23,18,1995,997,0,,active
LSE-001604,PROP-00580,RES-01089,2023-04-19,2024-04-19,12,1810,1810,0,,expired
LSE-001605,PROP-00580,RES-01089,2024-06-07,2025-06-07,12,1895,1895,0,LSE-001604,expired
LSE-001606,PROP-00580,RES-01089,2025-07-25,2026-07-25,12,1960,1960,0,LSE-001605,expired
LSE-001607,PROP-00580,RES-01090,2026-09-17,2028-09-17,24,2030,1015,0,,active
LSE-001608,PROP-00581,RES-01091,2022-06-04,2023-06-04,12,1910,1910,1,,expired
LSE-001609,PROP-00581,RES-01091,2023-07-17,2024-07-17,12,1930,1930,0,LSE-001608,expired
LSE-001610,PROP-00581,RES-01091,2024-08-13,2026-08-13,24,1960,1960,0,LSE-001609,expired
LSE-001611,PROP-00581,RES-01092,2026-09-26,2027-09-26,12,2070,2070,0,,active
LSE-001612,PROP-00582,RES-01093,2023-07-18,2024-07-18,12,1895,1895,0,,expired
LSE-001613,PROP-00582,RES-01094,2024-09-18,2026-03-18,18,1930,965,1,,expired
LSE-001614,PROP-00582,RES-01094,2026-04-20,2027-04-20,12,2135,2135,0,LSE-001613,active
LSE-001615,PROP-00583,RES-01095,2022-01-19,2024-01-19,24,1795,897,1,,expired
LSE-001616,PROP-00583,RES-01096,2024-03-16,2026-03-16,24,1915,957,0,,expired
LSE-001617,PROP-00583,RES-01096,2026-05-06,2028-05-06,24,2025,2025,0,LSE-001616,active
LSE-001618,PROP-00584,RES-01097,2023-04-05,2024-04-05,12,1805,1805,0,,expired
LSE-001619,PROP-00584,RES-01097,2024-04-24,2026-04-24,24,1940,970,0,LSE-001618,expired
LSE-001620,PROP-00584,RES-01098,2026-05-31,2027-05-31,12,2170,2170,0,,active
LSE-001621,PROP-00585,RES-01099,2024-01-14,2026-01-14,24,1860,1860,0,,expired
LSE-001622,PROP-00585,RES-01100,2026-02-06,2028-02-06,24,2030,1015,0,,active
LSE-001623,PROP-00586,RES-01101,2021-10-22,2023-10-22,24,1835,1835,1,,expired
LSE-001624,PROP-00586,RES-01101,2023-12-25,2024-12-25,12,1895,1895,0,LSE-001623,expired
LSE-001625,PROP-00586,RES-01102,2025-01-25,2026-01-25,12,1910,1910,0,,expired
LSE-001626,PROP-00586,RES-01102,2026-02-25,2028-02-25,24,1960,1960,1,LSE-001625,active
LSE-001627,PROP-00587,RES-01103,2022-08-07,2024-08-07,24,1840,1840,0,,expired
LSE-001628,PROP-00587,RES-01103,2024-08-13,2025-08-13,12,1895,1895,0,LSE-001627,expired
LSE-001629,PROP-00587,RES-01104,2025-09-25,2026-09-25,12,2105,2105,0,,expired
LSE-001630,PROP-00588,RES-01105,2024-03-05,2025-03-05,12,1950,1950,0,,expired
LSE-001631,PROP-00588,RES-01105,2025-05-10,2027-05-10,24,2020,1010,1,LSE-001630,active
LSE-001632,PROP-00589,RES-01106,2023-06-01,2024-06-01,12,1785,1785,0,,expired
LSE-001633,PROP-00589,RES-01106,2024-06-23,2025-12-23,18,1990,995,0,LSE-001632,expired
LSE-001634,PROP-00589,RES-01106,2026-02-17,2028-02-17,24,2045,2045,0,LSE-001633,active
LSE-001635,PROP-00590,RES-01107,2021-10-23,2023-10-23,24,1820,1820,0,,expired
LSE-001636,PROP-00590,RES-01107,2023-10-31,2025-10-31,24,1875,1875,0,LSE-001635,expired
LSE-001637,PROP-00590,RES-01107,2025-12-18,2027-12-18,24,1945,1945,0,LSE-001636,active
LSE-001638,PROP-00591,RES-01108,2024-02-17,2026-02-17,24,1900,950,0,,expired
LSE-001639,PROP-00591,RES-01108,2026-05-01,2027-05-01,12,2115,1057,0,LSE-001638,active
LSE-001640,PROP-00592,RES-01109,2023-11-24,2025-11-24,24,1875,1875,0,,expired
LSE-001641,PROP-00592,RES-01109,2025-12-01,2027-12-01,24,1955,977,0,LSE-001640,active
LSE-001642,PROP-00593,RES-01110,2024-01-10,2025-01-10,12,1835,917,1,,expired
LSE-001643,PROP-00593,RES-01111,2025-03-04,2026-03-04,12,1975,1975,1,,expired
LSE-001644,PROP-00593,RES-01112,2026-03-19,2027-09-19,18,2080,2080,0,,active
LSE-001645,PROP-00594,RES-01113,2024-06-09,2025-06-09,12,2010,2010,0,,expired
LSE-001646,PROP-00594,RES-01113,2025-07-14,2027-07-14,24,2050,2050,0,LSE-001645,active
LSE-001647,PROP-00595,RES-01114,2023-04-26,2024-04-26,12,1875,1875,1,,expired
LSE-001648,PROP-00595,RES-01114,2024-06-26,2026-06-26,24,1975,987,0,LSE-001647,expired
LSE-001649,PROP-00595,RES-01114,2026-08-08,2028-02-08,18,2070,2070,0,LSE-001648,active
LSE-001650,PROP-00596,RES-01115,2023-09-23,2025-03-23,18,1820,1820,0,,expired
LSE-001651,PROP-00596,RES-01116,2025-05-31,2026-05-31,12,2030,1015,0,,expired
LSE-001652,PROP-00596,RES-01117,2026-08-02,2027-08-02,12,2130,2130,0,,active
LSE-001653,PROP-00597,RES-01118,2024-09-26,2025-09-26,12,2295,2295,0,,expired
LSE-001654,PROP-00597,RES-01119,2025-10-13,2027-10-13,24,2330,1165,1,,active
LSE-001655,PROP-00598,RES-01120,2023-03-14,2025-03-14,24,2190,1095,0,,expired
LSE-001656,PROP-00598,RES-01120,2025-05-11,2027-05-11,24,2345,2345,0,LSE-001655,active
LSE-001657,PROP-00599,RES-01121,2022-09-17,2023-09-17,12,2095,2095,1,,expired
LSE-001658,PROP-00599,RES-01121,2023-11-05,2025-05-05,18,2160,1080,0,LSE-001657,expired
LSE-001659,PROP-00599,RES-01122,2025-06-10,2027-06-10,24,2445,2445,1,,active
LSE-001660,PROP-00600,RES-01123,2023-08-17,2025-08-17,24,2280,2280,0,,expired
LSE-001661,PROP-00600,RES-01124,2025-10-07,2026-10-07,12,2325,2325,0,,active
LSE-001662,PROP-00601,RES-01125,2022-06-26,2023-12-26,18,2170,1085,0,,expired
LSE-001663,PROP-00601,RES-01125,2024-01-19,2025-01-19,12,2195,2195,0,LSE-001662,expired
LSE-001664,PROP-00601,RES-01126,2025-03-14,2026-09-14,18,2320,1160,0,,expired
LSE-001665,PROP-00602,RES-01127,2022-12-10,2024-12-10,24,2225,1112,0,,expired
LSE-001666,PROP-00602,RES-01128,2024-12-15,2025-12-15,12,2175,2175,1,,expired
LSE-001667,PROP-00602,RES-01129,2026-02-05,2027-02-05,12,2325,2325,0,,active
LSE-001668,PROP-00603,RES-01130,2023-06-11,2025-06-11,24,2240,1120,0,,expired
LSE-001669,PROP-00603,RES-01131,2025-06-23,2026-06-23,12,2410,2410,0,,expired
LSE-001670,PROP-00603,RES-01131,2026-07-24,2028-07-24,24,2500,2500,0,LSE-001669,active
LSE-001671,PROP-00604,RES-01132,2022-05-07,2023-05-07,12,2170,2170,0,,expired
LSE-001672,PROP-00604,RES-01132,2023-06-03,2024-06-03,12,2200,2200,0,LSE-001671,expired
LSE-001673,PROP-00604,RES-01132,2024-07-13,2026-07-13,24,2325,2325,0,LSE-001672,expired
LSE-001674,PROP-00604,RES-01133,2026-08-24,2027-08-24,12,2515,1257,0,,active
LSE-001675,PROP-00605,RES-01134,2024-12-20,2026-06-20,18,2210,2210,0,,expired
LSE-001676,PROP-00605,RES-01134,2026-08-30,2027-08-30,12,2465,1232,0,LSE-001675,active
LSE-001677,PROP-00606,RES-01135,2022-03-10,2023-03-10,12,2180,2180,0,,expired
LSE-001678,PROP-00606,RES-01136,2023-03-16,2024-03-16,12,2280,2280,0,,expired
LSE-001679,PROP-00606,RES-01136,2024-05-18,2025-05-18,12,2345,1172,0,LSE-001678,expired
LSE-001680,PROP-00606,RES-01137,2025-06-18,2027-06-18,24,2500,2500,0,,active
LSE-001681,PROP-00607,RES-01138,2023-07-23,2025-07-23,24,2290,2290,0,,expired
LSE-001682,PROP-00607,RES-01138,2025-08-29,2026-08-29,12,2410,2410,1,LSE-001681,expired
LSE-001683,PROP-00608,RES-01139,2023-12-21,2024-12-21,12,2115,2115,0,,expired
LSE-001684,PROP-00608,RES-01140,2025-03-04,2026-09-04,18,2345,1172,0,,expired
LSE-001685,PROP-00609,RES-01141,2024-08-02,2026-08-02,24,2350,2350,0,,expired
LSE-001686,PROP-00609,RES-01141,2026-09-21,2027-09-21,12,2380,2380,1,LSE-001685,active
LSE-001687,PROP-00610,RES-01142,2022-08-20,2023-08-20,12,2170,2170,0,,expired
LSE-001688,PROP-00610,RES-01142,2023-09-25,2024-09-25,12,2240,2240,0,LSE-001687,expired
LSE-001689,PROP-00610,RES-01143,2024-10-25,2025-10-25,12,2290,2290,0,,expired
LSE-001690,PROP-00610,RES-01144,2025-12-06,2027-12-06,24,2350,1175,0,,active
LSE-001691,PROP-00611,RES-01145,2023-10-15,2024-10-15,12,2270,1135,0,,expired
LSE-001692,PROP-00611,RES-01146,2024-12-05,2025-12-05,12,2250,1125,0,,expired
LSE-001693,PROP-00611,RES-01147,2026-01-30,2027-07-30,18,2390,1195,0,,active
LSE-001694,PROP-00612,RES-01148,2022-03-14,2023-03-14,12,2075,2075,0,,expired
LSE-001695,PROP-00612,RES-01148,2023-05-27,2025-05-27,24,2145,2145,0,LSE-001694,expired
LSE-001696,PROP-00612,RES-01148,2025-07-09,2027-07-09,24,2280,2280,0,LSE-001695,active
LSE-001697,PROP-00613,RES-01149,2024-05-05,2025-05-05,12,2370,2370,1,,expired
LSE-001698,PROP-00613,RES-01149,2025-07-17,2027-07-17,24,2465,1232,0,LSE-001697,active
LSE-001699,PROP-00614,RES-01150,2023-07-10,2025-07-10,24,2220,2220,0,,expired
LSE-001700,PROP-00614,RES-01150,2025-09-03,2026-09-03,12,2320,1160,0,LSE-001699,expired
LSE-001701,PROP-00615,RES-01151,2023-09-22,2024-09-22,12,2240,1120,1,,expired
LSE-001702,PROP-00615,RES-01152,2024-10-03,2026-10-03,24,2330,2330,1,,active
LSE-001703,PROP-00616,RES-01153,2023-05-18,2025-05-18,24,2150,2150,0,,expired
LSE-001704,PROP-00616,RES-01154,2025-07-11,2026-07-11,12,2475,2475,0,,expired
LSE-001705,PROP-00616,RES-01154,2026-07-20,2028-07-20,24,2545,2545,0,LSE-001704,active
LSE-001706,PROP-00617,RES-01155,2023-10-17,2025-10-17,24,2265,1132,0,,expired
LSE-001707,PROP-00617,RES-01155,2025-12-28,2026-12-28,12,2370,2370,0,LSE-001706,active
LSE-001708,PROP-00618,RES-01156,2023-06-12,2024-06-12,12,2305,2305,0,,expired
LSE-001709,PROP-00618,RES-01156,2024-06-19,2026-06-19,24,2375,1187,0,LSE-001708,expired
LSE-001710,PROP-00618,RES-01156,2026-08-27,2027-08-27,12,2445,2445,0,LSE-001709,active
LSE-001711,PROP-00619,RES-01157,2023-10-17,2024-10-17,12,2135,2135,0,,expired
LSE-001712,PROP-00619,RES-01157,2024-12-31,2026-12-31,24,2240,1120,0,LSE-001711,active
LSE-001713,PROP-00620,RES-01158,2023-05-16,2025-05-16,24,2190,1095,0,,expired
LSE-001714,PROP-00620,RES-01158,2025-06-22,2027-06-22,24,2320,1160,0,LSE-001713,active
LSE-001715,PROP-00621,RES-01159,2022-01-09,2023-01-09,12,2155,1077,0,,expired
LSE-001716,PROP-00621,RES-01160,2023-03-01,2025-03-01,24,2165,2165,0,,evicted
LSE-001717,PROP-00621,RES-01161,2025-04-07,2026-04-07,12,2465,1232,0,,expired
LSE-001718,PROP-00621,RES-01161,2026-05-25,2027-05-25,12,2580,2580,0,LSE-001717,active
LSE-001719,PROP-00622,RES-01162,2023-05-19,2025-05-19,24,3005,3005,0,,expired
LSE-001720,PROP-00622,RES-01162,2025-07-21,2026-07-21,12,3170,3170,0,LSE-001719,expired
LSE-001721,PROP-00622,RES-01163,2026-09-08,2028-09-08,24,3190,3190,0,,active
LSE-001722,PROP-00623,RES-01164,2023-01-15,2024-01-15,12,2360,2360,1,,expired
LSE-001723,PROP-00623,RES-01164,2024-03-24,2026-03-24,24,2500,1250,0,LSE-001722,expired
LSE-001724,PROP-00623,RES-01164,2026-05-11,2028-05-11,24,2730,2730,1,LSE-001723,active
LSE-001725,PROP-00624,RES-01165,2022-12-22,2024-12-22,24,2480,1240,0,,expired
LSE-001726,PROP-00624,RES-01165,2025-02-11,2026-02-11,12,2590,2590,0,LSE-001725,expired
LSE-001727,PROP-00624,RES-01165,2026-02-28,2027-02-28,12,2700,2700,1,LSE-001726,active
LSE-001728,PROP-00625,RES-01166,2022-09-21,2024-09-21,24,2360,2360,0,,expired
LSE-001729,PROP-00625,RES-01166,2024-11-11,2025-11-11,12,2400,1200,0,LSE-001728,expired
LSE-001730,PROP-00625,RES-01167,2026-01-24,2028-01-24,24,2495,2495,0,,active
LSE-001731,PROP-00626,RES-01168,2022-09-04,2024-09-04,24,2490,2490,0,,expired
LSE-001732,PROP-00626,RES-01168,2024-10-28,2025-10-28,12,2565,2565,0,LSE-001731,expired
LSE-001733,PROP-00626,RES-01169,2025-12-11,2026-12-11,12,2585,1292,0,,active
LSE-001734,PROP-00627,RES-01170,2023-11-25,2025-05-25,18,2600,2600,1,,expired
LSE-001735,PROP-00627,RES-01171,2025-06-05,2026-06-05,12,2935,2935,1,,expired
LSE-001736,PROP-00627,RES-01172,2026-06-19,2027-06-19,12,2995,2995,0,,active
LSE-001737,PROP-00628,RES-01173,2023-08-26,2024-08-26,12,2680,2680,0,,expired
LSE-001738,PROP-00628,RES-01173,2024-11-02,2026-11-02,24,2800,2800,0,LSE-001737,active
LSE-001739,PROP-00629,RES-01174,2022-04-26,2024-04-26,24,2880,2880,0,,expired
LSE-001740,PROP-00629,RES-01175,2024-07-09,2026-07-09,24,3060,3060,0,,expired
LSE-001741,PROP-00629,RES-01175,2026-08-15,2028-08-15,24,3280,3280,0,LSE-001740,active
LSE-001742,PROP-00630,RES-01176,2022-12-12,2023-12-12,12,2955,2955,1,,expired
LSE-001743,PROP-00630,RES-01177,2024-02-17,2025-02-17,12,3025,3025,0,,expired
LSE-001744,PROP-00630,RES-01177,2025-04-20,2027-04-20,24,3150,3150,0,LSE-001743,active
LSE-001745,PROP-00631,RES-01178,2022-04-25,2024-04-25,24,2935,2935,1,,expired
LSE-001746,PROP-00631,RES-01178,2024-05-13,2025-05-13,12,3075,3075,0,LSE-001745,expired
LSE-001747,PROP-00631,RES-01178,2025-07-16,2027-07-16,24,3295,3295,1,LSE-001746,active
LSE-001748,PROP-00632,RES-01179,2022-07-11,2023-07-11,12,3015,3015,0,,expired
LSE-001749,PROP-00632,RES-01180,2023-08-06,2025-08-06,24,2995,1497,0,,expired
LSE-001750,PROP-00632,RES-01180,2025-09-30,2026-09-30,12,3170,3170,0,LSE-001749,expired
LSE-001751,PROP-00633,RES-01181,2023-05-23,2024-05-23,12,2375,2375,0,,expired
LSE-001752,PROP-00633,RES-01182,2024-07-02,2026-01-02,18,2670,2670,0,,expired
LSE-001753,PROP-00633,RES-01183,2026-01-08,2027-01-08,12,2530,2530,0,,active
LSE-001754,PROP-00634,RES-01184,2023-06-22,2024-06-22,12,2945,2945,1,,expired
LSE-001755,PROP-00634,RES-01184,2024-08-07,2026-08-07,24,3040,3040,0,LSE-001754,expired
LSE-001756,PROP-00634,RES-01185,2026-09-16,2027-09-16,12,3290,3290,0,,active
LSE-001757,PROP-00635,RES-01186,2023-05-15,2025-05-15,24,2880,2880,0,,expired
LSE-001758,PROP-00635,RES-01186,2025-06-10,2026-06-10,12,3085,3085,0,LSE-001757,expired
LSE-001759,PROP-00635,RES-01187,2026-07-05,2028-07-05,24,3300,1650,0,,active
LSE-001760,PROP-00636,RES-01188,2022-03-08,2023-03-08,12,3025,3025,0,,expired
LSE-001761,PROP-00636,RES-01188,2023-03-30,2025-03-30,24,3060,3060,0,LSE-001760,expired
LSE-001762,PROP-00636,RES-01188,2025-04-28,2026-04-28,12,3120,1560,0,LSE-001761,expired
LSE-001763,PROP-00636,RES-01188,2026-07-09,2027-07-09,12,3210,1605,0,LSE-001762,active
LSE-001764,PROP-00637,RES-01189,2024-09-03,2025-09-03,12,2745,2745,0,,expired
LSE-001765,PROP-00637,RES-01190,2025-11-08,2026-11-08,12,2825,2825,0,,active
LSE-001766,PROP-00638,RES-01191,2023-06-15,2024-06-15,12,2730,1365,0,,expired
LSE-001767,PROP-00638,RES-01192,2024-07-13,2026-07-13,24,2910,2910,0,,expired
LSE-001768,PROP-00638,RES-01192,2026-07-22,2028-07-22,24,3055,1527,0,LSE-001767,active
LSE-001769,PROP-00639,RES-01193,2022-06-11,2023-12-11,18,2370,2370,1,,expired
LSE-001770,PROP-00639,RES-01193,2023-12-27,2024-12-27,12,2435,1217,0,LSE-001769,expired
LSE-001771,PROP-00639,RES-01194,2025-02-01,2026-02-01,12,2485,2485,0,,expired
LSE-001772,PROP-00639,RES-01195,2026-03-23,2027-09-23,18,2570,1285,0,,active
LSE-001773,PROP-00640,RES-01196,2022-10-16,2023-10-16,12,2480,2480,0,,expired
LSE-001774,PROP-00640,RES-01197,2023-12-28,2024-12-28,12,2345,2345,0,,expired
LSE-001775,PROP-00640,RES-01198,2025-01-03,2026-01-03,12,2485,1242,0,,expired
LSE-001776,PROP-00640,RES-01198,2026-03-03,2027-09-03,18,2645,2645,0,LSE-001775,active
LSE-001777,PROP-00641,RES-01199,2021-11-17,2022-11-17,12,2700,2700,1,,expired
LSE-001778,PROP-00641,RES-01199,2023-01-29,2024-01-29,12,2730,2730,0,LSE-001777,expired
LSE-001779,PROP-00641,RES-01200,2024-02-09,2026-02-09,24,2645,2645,0,,expired
LSE-001780,PROP-00641,RES-01201,2026-04-20,2028-04-20,24,2960,1480,0,,active
LSE-001781,PROP-00642,RES-01202,2023-08-10,2024-08-10,12,2460,2460,1,,expired
LSE-001782,PROP-00642,RES-01203,2024-10-22,2026-10-22,24,2440,1220,0,,active
LSE-001783,PROP-00643,RES-01204,2023-06-15,2024-12-15,18,2700,1350,0,,expired
LSE-001784,PROP-00643,RES-01204,2025-02-01,2026-02-01,12,2810,1405,1,LSE-001783,expired
LSE-001785,PROP-00643,RES-01204,2026-02-17,2027-02-17,12,2855,2855,0,LSE-001784,active
LSE-001786,PROP-00644,RES-01205,2022-05-05,2023-05-05,12,2385,2385,0,,expired
LSE-001787,PROP-00644,RES-01205,2023-05-17,2025-05-17,24,2475,2475,0,LSE-001786,expired
LSE-001788,PROP-00644,RES-01206,2025-06-03,2027-06-03,24,2735,1367,0,,active
LSE-001789,PROP-00645,RES-01207,2024-03-17,2025-03-17,12,2795,2795,0,,expired
LSE-001790,PROP-00645,RES-01207,2025-05-05,2027-05-05,24,2845,2845,0,LSE-001789,active
LSE-001791,PROP-00646,RES-01208,2023-04-10,2024-04-10,12,2655,2655,0,,expired
LSE-001792,PROP-00646,RES-01208,2024-06-09,2025-06-09,12,2785,1392,0,LSE-001791,expired
LSE-001793,PROP-00646,RES-01209,2025-08-02,2026-08-02,12,2900,2900,0,,expired
LSE-001794,PROP-00646,RES-01210,2026-09-03,2027-09-03,12,2895,1447,0,,active
LSE-001795,PROP-00647,RES-01211,2022-09-17,2023-09-17,12,2950,1475,0,,expired
LSE-001796,PROP-00647,RES-01211,2023-11-29,2024-11-29,12,3055,1527,0,LSE-001795,expired
LSE-001797,PROP-00647,RES-01212,2025-01-02,2027-01-02,24,2955,2955,0,,active
LSE-001798,PROP-00648,RES-01213,2024-02-23,2025-02-23,12,2630,1315,0,,expired
LSE-001799,PROP-00648,RES-01214,2025-03-19,2026-03-19,12,2850,2850,1,,expired
LSE-001800,PROP-00648,RES-01214,2026-05-24,2027-05-24,12,2990,2990,0,LSE-001799,active
LSE-001801,PROP-00649,RES-01215,2023-04-07,2024-04-07,12,2685,1342,0,,expired
LSE-001802,PROP-00649,RES-01215,2024-06-02,2025-06-02,12,2870,1435,0,LSE-001801,expired
LSE-001803,PROP-00649,RES-01215,2025-07-20,2027-07-20,24,2940,2940,0,LSE-001802,active
LSE-001804,PROP-00650,RES-01216,2024-02-23,2025-02-23,12,2385,2385,0,,expired
LSE-001805,PROP-00650,RES-01217,2025-04-25,2026-04-25,12,2610,2610,0,,expired
LSE-001806,PROP-00650,RES-01218,2026-05-15,2028-05-15,24,2815,2815,1,,active
LSE-001807,PROP-00651,RES-01219,2023-08-22,2025-02-22,18,2430,2430,1,,expired
LSE-001808,PROP-00651,RES-01219,2025-04-24,2026-10-24,18,2520,1260,1,LSE-001807,active
LSE-001809,PROP-00652,RES-01220,2024-02-08,2026-02-08,24,2735,2735,1,,expired
LSE-001810,PROP-00652,RES-01221,2026-03-09,2027-03-09,12,2825,1412,0,,active
LSE-001811,PROP-00653,RES-01222,2023-06-23,2024-06-23,12,2610,2610,0,,expired
LSE-001812,PROP-00653,RES-01223,2024-07-15,2025-07-15,12,2920,2920,0,,expired
LSE-001813,PROP-00653,RES-01223,2025-08-30,2027-08-30,24,2955,2955,0,LSE-001812,active
LSE-001814,PROP-00654,RES-01224,2023-08-08,2025-08-08,24,2375,1187,1,,expired
LSE-001815,PROP-00654,RES-01225,2025-08-29,2026-08-29,12,2640,2640,0,,expired
LSE-001816,PROP-00654,RES-01225,2026-09-03,2028-03-03,18,2745,1372,0,LSE-001815,active
LSE-001817,PROP-00655,RES-01226,2022-10-05,2023-10-05,12,2405,1202,0,,expired
LSE-001818,PROP-00655,RES-01227,2023-12-17,2024-12-17,12,2450,2450,1,,expired
LSE-001819,PROP-00655,RES-01227,2025-02-09,2026-02-09,12,2535,1267,0,LSE-001818,expired
LSE-001820,PROP-00655,RES-01227,2026-02-27,2028-02-27,24,2595,2595,0,LSE-001819,active
LSE-001821,PROP-00656,RES-01228,2024-02-11,2025-02-11,12,3035,1517,1,,expired
LSE-001822,PROP-00656,RES-01229,2025-02-20,2026-08-20,18,3045,1522,0,,expired
LSE-001823,PROP-00656,RES-01229,2026-09-11,2028-09-11,24,3225,3225,1,LSE-001822,active
LSE-001824,PROP-00657,RES-01230,2024-04-05,2025-04-05,12,1755,877,0,,expired
LSE-001825,PROP-00657,RES-01230,2025-06-03,2026-06-03,12,1835,917,1,LSE-001824,expired
LSE-001826,PROP-00657,RES-01230,2026-08-06,2027-08-06,12,1920,1920,0,LSE-001825,active
LSE-001827,PROP-00658,RES-01231,2022-12-28,2024-06-28,18,1775,1775,0,,terminated-early
LSE-001828,PROP-00658,RES-01232,2024-07-04,2025-07-04,12,1910,955,0,,expired
LSE-001829,PROP-00658,RES-01233,2025-07-23,2026-07-23,12,2020,2020,0,,expired
LSE-001830,PROP-00658,RES-01233,2026-08-10,2028-08-10,24,2085,2085,0,LSE-001829,active
LSE-001831,PROP-00659,RES-01234,2023-04-07,2024-04-07,12,1590,1590,0,,expired
LSE-001832,PROP-00659,RES-01234,2024-06-10,2025-06-10,12,1660,1660,0,LSE-001831,expired
LSE-001833,PROP-00659,RES-01235,2025-08-04,2027-02-04,18,1810,1810,1,,active
LSE-001834,PROP-00660,RES-01236,2022-12-28,2024-12-28,24,1840,1840,0,,expired
LSE-001835,PROP-00660,RES-01237,2025-01-04,2026-01-04,12,1925,1925,0,,expired
LSE-001836,PROP-00660,RES-01237,2026-01-18,2028-01-18,24,1955,1955,0,LSE-001835,active
LSE-001837,PROP-00661,RES-01238,2023-12-21,2024-12-21,12,1790,1790,0,,expired
LSE-001838,PROP-00661,RES-01239,2025-03-06,2026-09-06,18,1980,990,0,,expired
LSE-001839,PROP-00662,RES-01240,2023-04-12,2025-04-12,24,1625,812,0,,expired
LSE-001840,PROP-00662,RES-01241,2025-05-12,2027-05-12,24,1865,932,0,,active
LSE-001841,PROP-00663,RES-01242,2024-07-04,2026-07-04,24,1745,872,0,,expired
LSE-001842,PROP-00663,RES-01242,2026-09-09,2028-09-09,24,1875,937,1,LSE-001841,active
LSE-001843,PROP-00664,RES-01243,2023-07-02,2025-07-02,24,1825,912,0,,expired
LSE-001844,PROP-00664,RES-01243,2025-07-24,2026-07-24,12,1915,957,0,LSE-001843,expired
LSE-001845,PROP-00664,RES-01244,2026-09-29,2027-09-29,12,2010,2010,0,,active
LSE-001846,PROP-00665,RES-01245,2023-10-25,2024-10-25,12,1855,927,0,,expired
LSE-001847,PROP-00665,RES-01245,2024-11-25,2026-11-25,24,1920,960,1,LSE-001846,active
LSE-001848,PROP-00666,RES-01246,2023-10-10,2025-10-10,24,1650,825,1,,expired
LSE-001849,PROP-00666,RES-01247,2025-11-08,2026-11-08,12,1705,1705,0,,active
LSE-001850,PROP-00667,RES-01248,2024-07-25,2026-07-25,24,1715,857,0,,expired
LSE-001851,PROP-00667,RES-01248,2026-08-26,2027-08-26,12,1815,1815,0,LSE-001850,active
LSE-001852,PROP-00668,RES-01249,2024-03-01,2026-03-01,24,1870,1870,0,,expired
LSE-001853,PROP-00668,RES-01249,2026-05-14,2027-05-14,12,2095,2095,0,LSE-001852,active
LSE-001854,PROP-00669,RES-01250,2023-09-11,2025-03-11,18,1595,797,0,,expired
LSE-001855,PROP-00669,RES-01250,2025-05-10,2027-05-10,24,1760,1760,0,LSE-001854,active
LSE-001856,PROP-00670,RES-01251,2023-01-26,2024-07-26,18,1855,1855,1,,expired
LSE-001857,PROP-00670,RES-01251,2024-08-03,2025-08-03,12,1900,1900,0,LSE-001856,evicted
LSE-001858,PROP-00670,RES-01252,2025-08-28,2026-08-28,12,1995,997,0,,expired
LSE-001859,PROP-00671,RES-01253,2021-10-26,2023-10-26,24,1600,1600,0,,expired
LSE-001860,PROP-00671,RES-01254,2023-11-22,2025-05-22,18,1565,1565,0,,expired
LSE-001861,PROP-00671,RES-01254,2025-06-06,2026-06-06,12,1735,1735,0,LSE-001860,expired
LSE-001862,PROP-00671,RES-01254,2026-07-15,2027-07-15,12,1805,902,0,LSE-001861,active
LSE-001863,PROP-00672,RES-01255,2023-06-04,2024-06-04,12,1575,787,0,,expired
LSE-001864,PROP-00672,RES-01256,2024-06-20,2025-06-20,12,1790,1790,0,,expired
LSE-001865,PROP-00672,RES-01256,2025-06-29,2026-06-29,12,1875,1875,0,LSE-001864,expired
LSE-001866,PROP-00672,RES-01256,2026-07-18,2028-07-18,24,1925,962,0,LSE-001865,active
LSE-001867,PROP-00673,RES-01257,2023-12-11,2024-12-11,12,1860,930,0,,expired
LSE-001868,PROP-00673,RES-01258,2025-01-09,2026-07-09,18,1905,1905,0,,expired
LSE-001869,PROP-00673,RES-01259,2026-07-20,2028-07-20,24,2140,2140,0,,active
LSE-001870,PROP-00674,RES-01260,2022-09-04,2023-09-04,12,1595,1595,0,,expired
LSE-001871,PROP-00674,RES-01261,2023-11-12,2024-11-12,12,1600,800,0,,terminated-early
LSE-001872,PROP-00674,RES-01262,2024-12-14,2025-12-14,12,1635,817,1,,expired
LSE-001873,PROP-00674,RES-01262,2026-01-14,2027-01-14,12,1660,830,1,LSE-001872,active
LSE-001874,PROP-00675,RES-01263,2023-03-28,2024-03-28,12,1775,1775,1,,expired
LSE-001875,PROP-00675,RES-01263,2024-05-11,2026-05-11,24,1865,1865,0,LSE-001874,expired
LSE-001876,PROP-00675,RES-01263,2026-06-27,2028-06-27,24,2090,2090,0,LSE-001875,active
LSE-001877,PROP-00676,RES-01264,2024-05-09,2026-05-09,24,1795,1795,0,,expired
LSE-001878,PROP-00676,RES-01265,2026-06-22,2027-06-22,12,1945,1945,0,,active
LSE-001879,PROP-00677,RES-01266,2022-05-26,2024-05-26,24,1770,885,0,,expired
LSE-001880,PROP-00677,RES-01266,2024-06-30,2025-06-30,12,1935,1935,0,LSE-001879,expired
LSE-001881,PROP-00677,RES-01266,2025-08-23,2026-08-23,12,1985,992,0,LSE-001880,expired
LSE-001882,PROP-00678,RES-01267,2023-06-17,2025-06-17,24,1625,812,0,,expired
LSE-001883,PROP-00678,RES-01268,2025-08-16,2026-08-16,12,1815,1815,1,,expired
LSE-001884,PROP-00679,RES-01269,2022-07-25,2023-07-25,12,1835,917,1,,expired
LSE-001885,PROP-00679,RES-01270,2023-08-14,2025-08-14,24,1855,927,0,,expired
LSE-001886,PROP-00679,RES-01270,2025-09-13,2027-09-13,24,2020,1010,1,LSE-001885,active
LSE-001887,PROP-00680,RES-01271,2022-06-25,2024-06-25,24,1780,1780,0,,expired
LSE-001888,PROP-00680,RES-01272,2024-08-28,2025-08-28,12,1930,965,0,,expired
LSE-001889,PROP-00680,RES-01273,2025-10-23,2027-10-23,24,1970,1970,1,,active
LSE-001890,PROP-00681,RES-01274,2023-08-05,2025-08-05,24,1650,1650,0,,expired
LSE-001891,PROP-00681,RES-01275,2025-10-05,2027-10-05,24,1710,1710,0,,active
LSE-001892,PROP-00682,RES-01276,2024-02-14,2026-02-14,24,1830,1830,0,,expired
LSE-001893,PROP-00682,RES-01277,2026-04-27,2027-04-27,12,2120,1060,0,,active
LSE-001894,PROP-00683,RES-01278,2021-12-17,2022-12-17,12,1580,1580,0,,expired
LSE-001895,PROP-00683,RES-01278,2023-01-29,2024-01-29,12,1655,827,0,LSE-001894,expired
LSE-001896,PROP-00683,RES-01278,2024-04-12,2026-04-12,24,1705,1705,0,LSE-001895,expired
LSE-001897,PROP-00683,RES-01279,2026-06-22,2028-06-22,24,1835,1835,0,,active
LSE-001898,PROP-00684,RES-01280,2023-06-17,2025-06-17,24,1765,1765,0,,expired
LSE-001899,PROP-00684,RES-01281,2025-08-07,2026-08-07,12,1965,982,0,,expired
LSE-001900,PROP-00684,RES-01281,2026-08-18,2027-08-18,12,2045,2045,0,LSE-001899,active
LSE-001901,PROP-00685,RES-01282,2023-08-05,2025-08-05,24,1880,1880,0,,expired
LSE-001902,PROP-00685,RES-01282,2025-09-30,2026-09-30,12,1970,985,0,LSE-001901,expired
LSE-001903,PROP-00686,RES-01283,2023-12-25,2024-12-25,12,1645,822,0,,expired
LSE-001904,PROP-00686,RES-01283,2025-02-21,2026-02-21,12,1685,1685,0,LSE-001903,expired
LSE-001905,PROP-00686,RES-01284,2026-04-29,2028-04-29,24,1840,920,0,,active
LSE-001906,PROP-00687,RES-01285,2022-12-19,2024-12-19,24,1635,1635,0,,expired
LSE-001907,PROP-00687,RES-01286,2025-02-08,2027-02-08,24,1725,1725,0,,active
LSE-001908,PROP-00688,RES-01287,2023-01-07,2025-01-07,24,1820,910,0,,expired
LSE-001909,PROP-00688,RES-01288,2025-03-22,2027-03-22,24,1945,1945,0,,active
LSE-001910,PROP-00689,RES-01289,2024-02-17,2026-02-17,24,1665,1665,0,,expired
LSE-001911,PROP-00689,RES-01290,2026-04-22,2028-04-22,24,1830,1830,0,,active
LSE-001912,PROP-00690,RES-01291,2023-07-15,2025-07-15,24,1650,1650,0,,expired
LSE-001913,PROP-00690,RES-01292,2025-08-16,2026-08-16,12,1835,917,0,,expired
LSE-001914,PROP-00691,RES-01293,2023-09-23,2025-09-23,24,1660,1660,0,,expired
LSE-001915,PROP-00691,RES-01293,2025-11-12,2026-11-12,12,1770,885,0,LSE-001914,active
LSE-001916,PROP-00692,RES-01294,2023-09-16,2025-09-16,24,1750,1750,0,,expired
LSE-001917,PROP-00692,RES-01294,2025-10-03,2027-10-03,24,1855,927,0,LSE-001916,active
LSE-001918,PROP-00693,RES-01295,2023-07-23,2024-07-23,12,1830,915,0,,expired
LSE-001919,PROP-00693,RES-01296,2024-07-30,2025-07-30,12,1960,1960,0,,expired
LSE-001920,PROP-00693,RES-01297,2025-10-11,2027-10-11,24,2015,1007,0,,active
LSE-001921,PROP-00694,RES-01298,2024-12-24,2025-12-24,12,1855,1855,0,,expired
LSE-001922,PROP-00694,RES-01298,2026-01-31,2027-01-31,12,1950,1950,0,LSE-001921,active
LSE-001923,PROP-00695,RES-01299,2024-07-23,2025-07-23,12,1720,1720,0,,expired
LSE-001924,PROP-00695,RES-01299,2025-08-28,2026-08-28,12,1740,1740,0,LSE-001923,expired
LSE-001925,PROP-00695,RES-01299,2026-09-08,2028-09-08,24,1785,1785,0,LSE-001924,active
LSE-001926,PROP-00696,RES-01300,2022-04-16,2024-04-16,24,2675,2675,1,,expired
LSE-001927,PROP-00696,RES-01301,2024-05-08,2025-05-08,12,2795,1397,0,,expired
LSE-001928,PROP-00696,RES-01302,2025-07-05,2026-07-05,12,2865,2865,1,,expired
LSE-001929,PROP-00696,RES-01303,2026-07-18,2028-07-18,24,2840,1420,0,,active
LSE-001930,PROP-00697,RES-01304,2022-06-07,2023-06-07,12,2635,2635,0,,expired
LSE-001931,PROP-00697,RES-01304,2023-07-12,2025-07-12,24,2740,2740,0,LSE-001930,expired
LSE-001932,PROP-00697,RES-01305,2025-09-12,2026-09-12,12,2770,2770,0,,expired
LSE-001933,PROP-00698,RES-01306,2022-09-04,2024-09-04,24,2485,1242,0,,expired
LSE-001934,PROP-00698,RES-01306,2024-09-30,2026-09-30,24,2515,1257,0,LSE-001933,expired
LSE-001935,PROP-00699,RES-01307,2023-08-06,2024-08-06,12,2370,2370,0,,expired
LSE-001936,PROP-00699,RES-01308,2024-09-28,2025-09-28,12,2545,2545,1,,expired
LSE-001937,PROP-00699,RES-01308,2025-11-02,2027-11-02,24,2610,1305,0,LSE-001936,active
LSE-001938,PROP-00700,RES-01309,2022-08-09,2024-08-09,24,2575,1287,0,,expired
LSE-001939,PROP-00700,RES-01309,2024-08-14,2025-08-14,12,2695,2695,0,LSE-001938,expired
LSE-001940,PROP-00700,RES-01309,2025-10-19,2026-10-19,12,2780,1390,0,LSE-001939,active
LSE-001941,PROP-00701,RES-01310,2022-06-19,2023-12-19,18,2490,1245,0,,expired
LSE-001942,PROP-00701,RES-01311,2023-12-28,2024-12-28,12,2325,2325,0,,expired
LSE-001943,PROP-00701,RES-01312,2025-02-17,2027-02-17,24,2435,1217,0,,active
LSE-001944,PROP-00702,RES-01313,2022-06-01,2023-06-01,12,2365,2365,1,,expired
LSE-001945,PROP-00702,RES-01313,2023-07-08,2025-07-08,24,2450,2450,0,LSE-001944,expired
LSE-001946,PROP-00702,RES-01313,2025-09-10,2027-09-10,24,2510,1255,1,LSE-001945,active
LSE-001947,PROP-00703,RES-01314,2023-05-03,2024-11-03,18,2285,2285,0,,expired
LSE-001948,PROP-00703,RES-01314,2024-12-20,2026-06-20,18,2360,2360,0,LSE-001947,expired
LSE-001949,PROP-00703,RES-01315,2026-07-02,2027-07-02,12,2585,2585,1,,active
LSE-001950,PROP-00704,RES-01316,2022-06-05,2023-06-05,12,2560,2560,0,,expired
LSE-001951,PROP-00704,RES-01316,2023-08-16,2024-08-16,12,2675,1337,0,LSE-001950,expired
LSE-001952,PROP-00704,RES-01316,2024-09-16,2025-09-16,12,2710,2710,0,LSE-001951,expired
LSE-001953,PROP-00704,RES-01317,2025-11-18,2027-05-18,18,2780,1390,0,,active
LSE-001954,PROP-00705,RES-01318,2022-09-15,2023-09-15,12,2330,1165,0,,expired
LSE-001955,PROP-00705,RES-01319,2023-11-23,2024-11-23,12,2270,2270,1,,expired
LSE-001956,PROP-00705,RES-01319,2025-02-01,2026-02-01,12,2415,2415,0,LSE-001955,terminated-early
LSE-001957,PROP-00705,RES-01320,2026-02-09,2028-02-09,24,2545,2545,0,,active
LSE-001958,PROP-00706,RES-01321,2023-04-26,2025-04-26,24,2335,2335,0,,expired
LSE-001959,PROP-00706,RES-01321,2025-05-05,2027-05-05,24,2490,1245,0,LSE-001958,active
LSE-001960,PROP-00707,RES-01322,2022-08-20,2023-08-20,12,2645,1322,0,,expired
LSE-001961,PROP-00707,RES-01322,2023-09-30,2024-09-30,12,2765,2765,0,LSE-001960,expired
LSE-001962,PROP-00707,RES-01322,2024-10-16,2026-10-16,24,2795,1397,1,LSE-001961,active
LSE-001963,PROP-00708,RES-01323,2021-12-04,2023-12-04,24,2600,2600,0,,expired
LSE-001964,PROP-00708,RES-01323,2023-12-12,2025-06-12,18,2710,2710,0,LSE-001963,expired
LSE-001965,PROP-00708,RES-01324,2025-06-18,2027-06-18,24,2820,1410,0,,active
LSE-001966,PROP-00709,RES-01325,2023-10-14,2025-10-14,24,2425,1212,0,,expired
LSE-001967,PROP-00709,RES-01326,2025-11-21,2026-11-21,12,2520,2520,1,,active
LSE-001968,PROP-00710,RES-01327,2022-07-07,2023-07-07,12,2415,2415,0,,expired
LSE-001969,PROP-00710,RES-01327,2023-08-09,2024-08-09,12,2465,2465,1,LSE-001968,expired
LSE-001970,PROP-00710,RES-01327,2024-10-22,2026-10-22,24,2520,1260,0,LSE-001969,active
LSE-001971,PROP-00711,RES-01328,2023-10-18,2024-10-18,12,2325,2325,0,,expired
LSE-001972,PROP-00711,RES-01329,2024-12-27,2025-12-27,12,2285,2285,0,,expired
LSE-001973,PROP-00711,RES-01329,2026-02-11,2028-02-11,24,2445,2445,0,LSE-001972,active
LSE-001974,PROP-00712,RES-01330,2024-01-27,2025-01-27,12,2610,2610,0,,expired
LSE-001975,PROP-00712,RES-01330,2025-03-19,2026-03-19,12,2715,2715,0,LSE-001974,expired
LSE-001976,PROP-00712,RES-01330,2026-04-13,2027-04-13,12,2840,2840,0,LSE-001975,active
LSE-001977,PROP-00713,RES-01331,2024-03-28,2026-03-28,24,2615,2615,0,,expired
LSE-001978,PROP-00713,RES-01331,2026-04-14,2027-04-14,12,2780,2780,0,LSE-001977,active
LSE-001979,PROP-00714,RES-01332,2022-09-18,2023-09-18,12,2380,2380,0,,expired
LSE-001980,PROP-00714,RES-01333,2023-10-19,2024-10-19,12,2470,2470,0,,expired
LSE-001981,PROP-00714,RES-01334,2024-11-13,2026-11-13,24,2395,2395,0,,active
LSE-001982,PROP-00715,RES-01335,2023-05-01,2024-05-01,12,2625,2625,1,,expired
LSE-001983,PROP-00715,RES-01335,2024-05-10,2026-05-10,24,2805,2805,0,LSE-001982,expired
LSE-001984,PROP-00715,RES-01335,2026-06-05,2028-06-05,24,2875,2875,0,LSE-001983,active
LSE-001985,PROP-00716,RES-01336,2022-06-27,2024-06-27,24,2365,1182,0,,expired
LSE-001986,PROP-00716,RES-01337,2024-07-25,2025-07-25,12,2450,1225,0,,expired
LSE-001987,PROP-00716,RES-01338,2025-08-09,2026-08-09,12,2470,2470,0,,expired
LSE-001988,PROP-00716,RES-01338,2026-09-04,2027-09-04,12,2510,1255,0,LSE-001987,active
LSE-001989,PROP-00717,RES-01339,2024-12-31,2026-12-31,24,2700,2700,0,,active
LSE-001990,PROP-00718,RES-01340,2022-06-13,2024-06-13,24,2290,2290,0,,expired
LSE-001991,PROP-00718,RES-01341,2024-08-16,2025-08-16,12,2410,1205,0,,expired
LSE-001992,PROP-00718,RES-01341,2025-09-30,2027-03-30,18,2500,2500,0,LSE-001991,active
LSE-001993,PROP-00719,RES-01342,2024-04-04,2026-04-04,24,2510,2510,0,,expired
LSE-001994,PROP-00719,RES-01343,2026-04-23,2027-04-23,12,2540,2540,1,,active
LSE-001995,PROP-00720,RES-01344,2022-12-23,2024-12-23,24,1935,1935,0,,expired
LSE-001996,PROP-00720,RES-01344,2025-01-16,2026-01-16,12,1965,982,0,LSE-001995,expired
LSE-001997,PROP-00720,RES-01345,2026-02-16,2027-02-16,12,2155,2155,0,,active
LSE-001998,PROP-00721,RES-01346,2022-05-16,2023-11-16,18,2350,1175,0,,expired
LSE-001999,PROP-00721,RES-01347,2024-01-04,2025-01-04,12,2295,2295,0,,expired
LSE-002000,PROP-00721,RES-01347,2025-01-20,2027-01-20,24,2375,1187,0,LSE-001999,active
LSE-002001,PROP-00722,RES-01348,2022-06-15,2023-12-15,18,2130,2130,0,,expired
LSE-002002,PROP-00722,RES-01348,2024-01-10,2025-01-10,12,2220,1110,0,LSE-002001,expired
LSE-002003,PROP-00722,RES-01348,2025-01-15,2026-01-15,12,2305,1152,0,LSE-002002,expired
LSE-002004,PROP-00722,RES-01348,2026-03-18,2028-03-18,24,2415,2415,0,LSE-002003,active
LSE-002005,PROP-00723,RES-01349,2022-06-14,2023-06-14,12,2600,2600,0,,expired
LSE-002006,PROP-00723,RES-01350,2023-08-18,2024-08-18,12,2595,2595,0,,expired
LSE-002007,PROP-00723,RES-01351,2024-09-11,2026-09-11,24,2785,2785,0,,expired
LSE-002008,PROP-00723,RES-01352,2026-09-27,2027-09-27,12,2815,2815,0,,active
LSE-002009,PROP-00724,RES-01353,2023-06-12,2024-06-12,12,2375,2375,0,,expired
LSE-002010,PROP-00724,RES-01353,2024-08-02,2026-08-02,24,2440,2440,0,LSE-002009,expired
LSE-002011,PROP-00724,RES-01354,2026-08-10,2027-08-10,12,2545,2545,0,,active
LSE-002012,PROP-00725,RES-01355,2023-07-14,2024-07-14,12,1985,1985,0,,expired
LSE-002013,PROP-00725,RES-01355,2024-07-22,2026-07-22,24,2025,2025,0,LSE-002012,expired
LSE-002014,PROP-00725,RES-01356,2026-08-26,2027-08-26,12,2250,2250,0,,active
LSE-002015,PROP-00726,RES-01357,2023-08-16,2024-08-16,12,1935,967,0,,expired
LSE-002016,PROP-00726,RES-01357,2024-09-09,2026-09-09,24,2030,2030,0,LSE-002015,expired
LSE-002017,PROP-00726,RES-01357,2026-09-17,2027-09-17,12,2160,2160,0,LSE-002016,active
LSE-002018,PROP-00727,RES-01358,2022-06-15,2024-06-15,24,2145,2145,0,,expired
LSE-002019,PROP-00727,RES-01359,2024-08-04,2026-08-04,24,2285,2285,0,,expired
LSE-002020,PROP-00728,RES-01360,2023-05-16,2025-05-16,24,2570,2570,0,,expired
LSE-002021,PROP-00728,RES-01361,2025-07-01,2026-07-01,12,2885,1442,0,,expired
LSE-002022,PROP-00728,RES-01361,2026-07-24,2028-01-24,18,2980,2980,0,LSE-002021,active
LSE-002023,PROP-00729,RES-01362,2023-08-21,2024-08-21,12,2610,1305,1,,expired
LSE-002024,PROP-00729,RES-01363,2024-10-03,2026-10-03,24,2630,2630,0,,active
LSE-002025,PROP-00730,RES-01364,2024-03-05,2025-03-05,12,2370,2370,0,,expired
LSE-002026,PROP-00730,RES-01364,2025-03-18,2026-09-18,18,2410,2410,1,LSE-002025,expired
LSE-002027,PROP-00731,RES-01365,2023-03-17,2025-03-17,24,2225,2225,0,,expired
LSE-002028,PROP-00731,RES-01366,2025-05-15,2026-05-15,12,2335,2335,0,,expired
LSE-002029,PROP-00731,RES-01367,2026-07-26,2027-07-26,12,2385,1192,0,,active
LSE-002030,PROP-00732,RES-01368,2021-11-17,2022-11-17,12,2405,1202,0,,expired
LSE-002031,PROP-00732,RES-01369,2022-12-30,2024-06-30,18,2335,2335,0,,expired
LSE-002032,PROP-00732,RES-01369,2024-07-11,2026-07-11,24,2440,2440,0,LSE-002031,expired
LSE-002033,PROP-00732,RES-01369,2026-07-27,2028-07-27,24,2530,2530,1,LSE-002032,active
LSE-002034,PROP-00733,RES-01370,2025-01-01,2026-01-01,12,2190,1095,0,,expired
LSE-002035,PROP-00733,RES-01371,2026-02-07,2028-02-07,24,2255,2255,0,,active
LSE-002036,PROP-00734,RES-01372,2024-01-09,2025-01-09,12,2135,2135,0,,expired
LSE-002037,PROP-00734,RES-01373,2025-03-08,2026-09-08,18,2330,1165,0,,expired
LSE-002038,PROP-00734,RES-01374,2026-09-28,2027-09-28,12,2290,2290,0,,active
LSE-002039,PROP-00735,RES-01375,2023-01-09,2024-01-09,12,2100,1050,0,,expired
LSE-002040,PROP-00735,RES-01375,2024-02-23,2025-02-23,12,2140,2140,0,LSE-002039,expired
LSE-002041,PROP-00735,RES-01376,2025-04-04,2026-04-04,12,2320,2320,0,,expired
LSE-002042,PROP-00735,RES-01376,2026-05-01,2027-05-01,12,2375,1187,1,LSE-002041,active
LSE-002043,PROP-00736,RES-01377,2023-11-16,2025-11-16,24,1980,1980,0,,expired
LSE-002044,PROP-00736,RES-01378,2026-01-15,2027-01-15,12,2085,1042,0,,active
LSE-002045,PROP-00737,RES-01379,2023-06-06,2025-06-06,24,2035,2035,0,,expired
LSE-002046,PROP-00737,RES-01380,2025-08-15,2027-08-15,24,2135,2135,0,,active
LSE-002047,PROP-00738,RES-01381,2024-03-11,2025-03-11,12,2230,2230,0,,expired
LSE-002048,PROP-00738,RES-01382,2025-04-22,2026-04-22,12,2305,1152,0,,terminated-early
LSE-002049,PROP-00738,RES-01383,2026-06-18,2028-06-18,24,2405,1202,0,,active
LSE-002050,PROP-00739,RES-01384,2022-08-25,2023-08-25,12,1995,1995,0,,expired
LSE-002051,PROP-00739,RES-01384,2023-09-09,2025-03-09,18,2070,2070,0,LSE-002050,expired
LSE-002052,PROP-00739,RES-01384,2025-03-30,2026-03-30,12,2100,1050,0,LSE-002051,expired
LSE-002053,PROP-00739,RES-01384,2026-06-07,2027-12-07,18,2175,2175,0,LSE-002052,active
LSE-002054,PROP-00740,RES-01385,2024-05-04,2026-05-04,24,2100,2100,0,,expired
LSE-002055,PROP-00740,RES-01385,2026-05-24,2027-05-24,12,2190,1095,0,LSE-002054,active
LSE-002056,PROP-00741,RES-01386,2023-06-20,2025-06-20,24,2040,1020,0,,expired
LSE-002057,PROP-00741,RES-01386,2025-07-21,2027-07-21,24,2140,1070,0,LSE-002056,active
LSE-002058,PROP-00742,RES-01387,2024-07-12,2026-07-12,24,2295,1147,0,,expired
LSE-002059,PROP-00742,RES-01388,2026-09-22,2028-09-22,24,2290,2290,0,,active
LSE-002060,PROP-00743,RES-01389,2023-07-07,2024-07-07,12,2375,2375,0,,expired
LSE-002061,PROP-00743,RES-01390,2024-07-20,2026-01-20,18,2505,2505,0,,expired
LSE-002062,PROP-00743,RES-01391,2026-04-02,2028-04-02,24,2610,1305,0,,active
LSE-002063,PROP-00744,RES-01392,2023-07-19,2025-07-19,24,2625,2625,0,,expired
LSE-002064,PROP-00744,RES-01393,2025-08-31,2026-08-31,12,2850,2850,0,,expired
LSE-002065,PROP-00744,RES-01393,2026-09-27,2028-09-27,24,2925,2925,0,LSE-002064,active
LSE-002066,PROP-00745,RES-01394,2022-03-06,2023-03-06,12,2325,1162,0,,expired
LSE-002067,PROP-00745,RES-01394,2023-05-11,2024-05-11,12,2365,1182,1,LSE-002066,expired
LSE-002068,PROP-00745,RES-01394,2024-06-27,2025-06-27,12,2410,2410,1,LSE-002067,expired
LSE-002069,PROP-00745,RES-01394,2025-08-06,2026-08-06,12,2480,2480,0,LSE-002068,expired
LSE-002070,PROP-00745,RES-01395,2026-09-03,2027-09-03,12,2605,2605,0,,active
LSE-002071,PROP-00746,RES-01396,2022-01-27,2023-01-27,12,2630,2630,0,,expired
LSE-002072,PROP-00746,RES-01397,2023-03-17,2024-03-17,12,2670,2670,0,,expired
LSE-002073,PROP-00746,RES-01398,2024-04-30,2026-04-30,24,2690,1345,0,,expired
LSE-002074,PROP-00746,RES-01399,2026-05-21,2028-05-21,24,2830,1415,0,,active
LSE-002075,PROP-00747,RES-01400,2022-07-03,2023-07-03,12,2030,1015,1,,expired
LSE-002076,PROP-00747,RES-01400,2023-07-19,2025-07-19,24,2050,2050,0,LSE-002075,expired
LSE-002077,PROP-00747,RES-01400,2025-08-26,2026-08-26,12,2125,2125,0,LSE-002076,expired
LSE-002078,PROP-00747,RES-01400,2026-09-24,2027-09-24,12,2145,2145,0,LSE-002077,active
LSE-002079,PROP-00748,RES-01401,2024-03-23,2026-03-23,24,2275,2275,0,,expired
LSE-002080,PROP-00748,RES-01402,2026-05-02,2028-05-02,24,2425,1212,0,,active
LSE-002081,PROP-00749,RES-01403,2023-04-24,2025-04-24,24,2460,2460,0,,expired
LSE-002082,PROP-00749,RES-01404,2025-05-02,2026-05-02,12,2650,1325,0,,terminated-early
LSE-002083,PROP-00749,RES-01405,2026-05-27,2027-05-27,12,2745,2745,0,,active
LSE-002084,PROP-00750,RES-01406,2023-04-08,2024-04-08,12,2345,2345,0,,expired
LSE-002085,PROP-00750,RES-01406,2024-05-21,2025-05-21,12,2505,1252,1,LSE-002084,expired
LSE-002086,PROP-00750,RES-01407,2025-07-09,2026-07-09,12,2570,2570,0,,expired
LSE-002087,PROP-00750,RES-01408,2026-08-31,2027-08-31,12,2595,1297,0,,active
LSE-002088,PROP-00751,RES-01409,2023-10-05,2025-10-05,24,2210,2210,0,,expired
LSE-002089,PROP-00751,RES-01409,2025-11-21,2026-11-21,12,2280,2280,0,LSE-002088,active
LSE-002090,PROP-00752,RES-01410,2024-01-20,2025-01-20,12,2120,2120,1,,expired
LSE-002091,PROP-00752,RES-01410,2025-03-15,2026-03-15,12,2315,2315,0,LSE-002090,expired
LSE-002092,PROP-00752,RES-01411,2026-05-16,2027-05-16,12,2475,2475,0,,active
LSE-002093,PROP-00753,RES-01412,2022-07-17,2023-07-17,12,2445,1222,0,,expired
LSE-002094,PROP-00753,RES-01412,2023-09-20,2025-09-20,24,2520,2520,0,LSE-002093,expired
LSE-002095,PROP-00753,RES-01412,2025-11-22,2027-11-22,24,2550,2550,1,LSE-002094,active
LSE-002096,PROP-00754,RES-01413,2022-02-12,2023-02-12,12,2125,1062,0,,expired
LSE-002097,PROP-00754,RES-01413,2023-03-16,2025-03-16,24,2200,2200,0,LSE-002096,expired
LSE-002098,PROP-00754,RES-01413,2025-05-27,2026-05-27,12,2250,2250,0,LSE-002097,expired
LSE-002099,PROP-00754,RES-01413,2026-06-29,2027-06-29,12,2365,2365,0,LSE-002098,active
LSE-002100,PROP-00755,RES-01414,2024-10-18,2025-10-18,12,2190,2190,0,,expired
LSE-002101,PROP-00755,RES-01414,2025-11-02,2027-11-02,24,2270,2270,0,LSE-002100,active
LSE-002102,PROP-00756,RES-01415,2024-01-09,2025-07-09,18,2120,1060,0,,expired
LSE-002103,PROP-00756,RES-01416,2025-08-02,2026-08-02,12,2280,2280,0,,expired
LSE-002104,PROP-00756,RES-01416,2026-08-15,2027-08-15,12,2345,2345,0,LSE-002103,active
LSE-002105,PROP-00757,RES-01417,2022-12-21,2024-12-21,24,2380,2380,0,,expired
LSE-002106,PROP-00757,RES-01418,2025-02-17,2027-02-17,24,2515,1257,0,,active
LSE-002107,PROP-00758,RES-01419,2022-07-23,2023-07-23,12,2190,2190,1,,expired
LSE-002108,PROP-00758,RES-01420,2023-08-17,2025-08-17,24,2110,2110,0,,expired
LSE-002109,PROP-00758,RES-01421,2025-10-07,2026-10-07,12,2305,2305,0,,active
LSE-002110,PROP-00759,RES-01422,2022-09-28,2024-03-28,18,2150,1075,0,,expired
LSE-002111,PROP-00759,RES-01422,2024-04-09,2026-04-09,24,2210,1105,0,LSE-002110,terminated-early
LSE-002112,PROP-00759,RES-01423,2026-06-05,2027-06-05,12,2380,1190,0,,active
LSE-002113,PROP-00760,RES-01424,2024-10-21,2026-04-21,18,2280,2280,0,,expired
LSE-002114,PROP-00760,RES-01424,2026-06-08,2027-06-08,12,2340,2340,0,LSE-002113,active
LSE-002115,PROP-00761,RES-01425,2022-08-13,2024-08-13,24,2370,1185,0,,expired
LSE-002116,PROP-00761,RES-01426,2024-09-26,2026-09-26,24,2595,2595,0,,expired
LSE-002117,PROP-00762,RES-01427,2022-06-24,2023-06-24,12,2210,2210,0,,expired
LSE-002118,PROP-00762,RES-01428,2023-08-03,2025-08-03,24,2205,2205,0,,expired
LSE-002119,PROP-00762,RES-01428,2025-10-17,2026-10-17,12,2280,2280,0,LSE-002118,active
LSE-002120,PROP-00763,RES-01429,2022-11-26,2024-11-26,24,2405,2405,0,,expired
LSE-002121,PROP-00763,RES-01429,2025-01-23,2026-07-23,18,2430,2430,0,LSE-002120,expired
LSE-002122,PROP-00763,RES-01430,2026-09-01,2027-09-01,12,2730,2730,1,,active
LSE-002123,PROP-00764,RES-01431,2024-03-27,2025-03-27,12,2245,2245,0,,expired
LSE-002124,PROP-00764,RES-01432,2025-05-18,2026-11-18,18,2420,2420,0,,active
LSE-002125,PROP-00765,RES-01433,2023-07-23,2025-07-23,24,2500,1250,0,,expired
LSE-002126,PROP-00765,RES-01434,2025-08-13,2026-08-13,12,2685,1342,1,,expired
LSE-002127,PROP-00765,RES-01435,2026-09-10,2027-09-10,12,2640,2640,0,,active
LSE-002128,PROP-00766,RES-01436,2023-03-27,2024-03-27,12,2135,1067,0,,expired
LSE-002129,PROP-00766,RES-01436,2024-06-09,2025-06-09,12,2205,2205,0,LSE-002128,expired
LSE-002130,PROP-00766,RES-01436,2025-08-13,2026-08-13,12,2330,2330,0,LSE-002129,expired
LSE-002131,PROP-00767,RES-01437,2023-07-21,2024-07-21,12,2490,2490,0,,expired
LSE-002132,PROP-00767,RES-01438,2024-08-21,2025-08-21,12,2580,1290,0,,expired
LSE-002133,PROP-00767,RES-01438,2025-10-26,2026-10-26,12,2695,1347,0,LSE-002132,active
LSE-002134,PROP-00768,RES-01439,2023-07-04,2025-07-04,24,2120,2120,0,,expired
LSE-002135,PROP-00768,RES-01440,2025-08-22,2026-08-22,12,2325,1162,1,,expired
LSE-002136,PROP-00768,RES-01441,2026-09-28,2027-09-28,12,2300,1150,0,,active
LSE-002137,PROP-00769,RES-01442,2023-06-10,2025-06-10,24,2470,2470,0,,expired
LSE-002138,PROP-00769,RES-01442,2025-07-02,2027-07-02,24,2695,1347,0,LSE-002137,active
LSE-002139,PROP-00770,RES-01443,2022-12-04,2024-06-04,18,2175,2175,0,,expired
LSE-002140,PROP-00770,RES-01444,2024-07-13,2026-07-13,24,2230,1115,0,,expired
LSE-002141,PROP-00770,RES-01444,2026-07-21,2028-07-21,24,2340,2340,0,LSE-002140,active
LSE-002142,PROP-00771,RES-01445,2024-07-22,2026-07-22,24,2505,2505,0,,expired
LSE-002143,PROP-00771,RES-01446,2026-09-07,2027-09-07,12,2635,2635,0,,active
LSE-002144,PROP-00772,RES-01447,2022-11-27,2023-11-27,12,2135,2135,0,,expired
LSE-002145,PROP-00772,RES-01447,2023-12-23,2025-12-23,24,2180,2180,0,LSE-002144,expired
LSE-002146,PROP-00772,RES-01448,2025-12-29,2027-12-29,24,2225,2225,0,,active
LSE-002147,PROP-00773,RES-01449,2022-05-16,2024-05-16,24,2135,2135,0,,expired
LSE-002148,PROP-00773,RES-01450,2024-06-07,2025-06-07,12,2255,1127,0,,expired
LSE-002149,PROP-00773,RES-01450,2025-07-22,2026-07-22,12,2325,2325,0,LSE-002148,expired
LSE-002150,PROP-00773,RES-01450,2026-08-22,2028-02-22,18,2415,2415,1,LSE-002149,active
LSE-002151,PROP-00774,RES-01451,2022-07-22,2023-07-22,12,2465,2465,0,,expired
LSE-002152,PROP-00774,RES-01452,2023-08-16,2024-08-16,12,2495,2495,0,,expired
LSE-002153,PROP-00774,RES-01453,2024-10-26,2026-10-26,24,2560,1280,0,,active
LSE-002154,PROP-00775,RES-01454,2022-06-04,2023-06-04,12,2430,2430,0,,expired
LSE-002155,PROP-00775,RES-01454,2023-06-22,2024-06-22,12,2510,2510,0,LSE-002154,expired
LSE-002156,PROP-00775,RES-01454,2024-07-17,2026-07-17,24,2545,2545,0,LSE-002155,expired
LSE-002157,PROP-00775,RES-01455,2026-09-23,2027-09-23,12,2605,2605,0,,active
LSE-002158,PROP-00776,RES-01456,2023-10-12,2024-10-12,12,2405,2405,0,,expired
LSE-002159,PROP-00776,RES-01456,2024-11-19,2025-11-19,12,2430,2430,0,LSE-002158,expired
LSE-002160,PROP-00776,RES-01457,2026-01-08,2027-07-08,18,2565,2565,0,,active
LSE-002161,PROP-00777,RES-01458,2022-05-15,2023-05-15,12,2225,2225,0,,expired
LSE-002162,PROP-00777,RES-01459,2023-06-25,2024-06-25,12,2185,2185,0,,expired
LSE-002163,PROP-00777,RES-01460,2024-08-13,2026-08-13,24,2350,1175,0,,expired
LSE-002164,PROP-00777,RES-01460,2026-09-27,2028-03-27,18,2460,1230,0,LSE-002163,active
LSE-002165,PROP-00778,RES-01461,2023-10-31,2024-10-31,12,2200,2200,0,,expired
LSE-002166,PROP-00778,RES-01462,2024-11-18,2025-11-18,12,2125,2125,0,,expired
LSE-002167,PROP-00778,RES-01462,2025-12-20,2026-12-20,12,2175,2175,0,LSE-002166,active
LSE-002168,PROP-00779,RES-01463,2022-04-06,2023-04-06,12,2165,2165,0,,expired
LSE-002169,PROP-00779,RES-01464,2023-05-24,2024-05-24,12,2190,2190,0,,expired
LSE-002170,PROP-00779,RES-01464,2024-07-04,2026-01-04,18,2255,2255,0,LSE-002169,expired
LSE-002171,PROP-00779,RES-01464,2026-02-26,2027-02-26,12,2290,2290,0,LSE-002170,active
LSE-002172,PROP-00780,RES-01465,2024-12-06,2026-12-06,24,2205,2205,1,,active
LSE-002173,PROP-00781,RES-01466,2022-06-11,2023-06-11,12,2340,2340,0,,expired
LSE-002174,PROP-00781,RES-01467,2023-07-11,2024-07-11,12,2330,2330,0,,expired
LSE-002175,PROP-00781,RES-01467,2024-09-15,2025-09-15,12,2385,1192,0,LSE-002174,expired
LSE-002176,PROP-00781,RES-01468,2025-10-05,2026-10-05,12,2445,1222,0,,active
LSE-002177,PROP-00782,RES-01469,2024-02-21,2025-02-21,12,2520,2520,0,,expired
LSE-002178,PROP-00782,RES-01470,2025-04-10,2026-04-10,12,2615,2615,0,,expired
LSE-002179,PROP-00782,RES-01471,2026-04-26,2027-04-26,12,2580,1290,0,,active
LSE-002180,PROP-00783,RES-01472,2024-03-27,2025-03-27,12,2260,2260,0,,expired
LSE-002181,PROP-00783,RES-01472,2025-04-22,2026-04-22,12,2285,1142,0,LSE-002180,expired
LSE-002182,PROP-00783,RES-01472,2026-06-03,2027-06-03,12,2385,1192,0,LSE-002181,active
LSE-002183,PROP-00784,RES-01473,2023-07-07,2025-07-07,24,2450,2450,0,,expired
LSE-002184,PROP-00784,RES-01474,2025-08-09,2026-08-09,12,2540,2540,0,,expired
LSE-002185,PROP-00785,RES-01475,2023-11-03,2025-05-03,18,2175,2175,1,,expired
LSE-002186,PROP-00785,RES-01475,2025-05-31,2026-05-31,12,2325,1162,0,LSE-002185,expired
LSE-002187,PROP-00785,RES-01476,2026-06-07,2027-12-07,18,2420,2420,0,,active
LSE-002188,PROP-00786,RES-01477,2023-02-06,2024-02-06,12,2145,2145,0,,expired
LSE-002189,PROP-00786,RES-01478,2024-03-04,2025-03-04,12,2175,2175,1,,expired
LSE-002190,PROP-00786,RES-01478,2025-05-11,2027-05-11,24,2285,1142,0,LSE-002189,active
LSE-002191,PROP-00787,RES-01479,2023-03-15,2024-03-15,12,2360,2360,0,,expired
LSE-002192,PROP-00787,RES-01479,2024-03-31,2025-03-31,12,2485,1242,0,LSE-002191,expired
LSE-002193,PROP-00787,RES-01479,2025-05-10,2026-05-10,12,2595,1297,0,LSE-002192,expired
LSE-002194,PROP-00787,RES-01480,2026-06-06,2028-06-06,24,2595,2595,0,,active
LSE-002195,PROP-00788,RES-01481,2022-10-02,2024-10-02,24,2125,2125,0,,expired
LSE-002196,PROP-00788,RES-01482,2024-10-07,2026-04-07,18,2260,2260,0,,expired
LSE-002197,PROP-00788,RES-01483,2026-05-16,2027-11-16,18,2390,2390,0,,active
LSE-002198,PROP-00789,RES-01484,2024-02-09,2025-02-09,12,2215,1107,0,,expired
LSE-002199,PROP-00789,RES-01485,2025-04-07,2026-04-07,12,2285,2285,0,,terminated-early
LSE-002200,PROP-00789,RES-01486,2026-06-17,2027-06-17,12,2375,2375,0,,active
LSE-002201,PROP-00790,RES-01487,2022-08-20,2023-08-20,12,2385,2385,0,,expired
LSE-002202,PROP-00790,RES-01488,2023-08-29,2024-08-29,12,2370,2370,0,,expired
LSE-002203,PROP-00790,RES-01488,2024-09-15,2026-03-15,18,2435,2435,0,LSE-002202,expired
LSE-002204,PROP-00790,RES-01489,2026-05-29,2027-05-29,12,2585,2585,0,,active
LSE-002205,PROP-00791,RES-01490,2022-07-12,2024-07-12,24,2130,2130,0,,expired
LSE-002206,PROP-00791,RES-01491,2024-09-09,2025-09-09,12,2195,1097,0,,expired
LSE-002207,PROP-00791,RES-01492,2025-10-04,2026-10-04,12,2300,1150,1,,active
LSE-002208,PROP-00792,RES-01493,2024-03-12,2025-03-12,12,2275,2275,0,,expired
LSE-002209,PROP-00792,RES-01494,2025-05-07,2027-05-07,24,2305,1152,0,,active
LSE-002210,PROP-00793,RES-01495,2022-10-06,2024-10-06,24,2160,1080,0,,expired
LSE-002211,PROP-00793,RES-01496,2024-11-26,2025-11-26,12,2195,2195,0,,expired
LSE-002212,PROP-00793,RES-01496,2026-01-13,2027-01-13,12,2290,2290,1,LSE-002211,active
LSE-002213,PROP-00794,RES-01497,2024-12-06,2025-12-06,12,2170,1085,0,,expired
LSE-002214,PROP-00794,RES-01497,2025-12-18,2027-06-18,18,2210,2210,0,LSE-002213,active
LSE-002215,PROP-00795,RES-01498,2023-09-06,2024-09-06,12,2525,2525,0,,expired
LSE-002216,PROP-00795,RES-01499,2024-09-24,2026-09-24,24,2540,2540,0,,expired
LSE-002217,PROP-00796,RES-01500,2022-07-12,2023-07-12,12,2165,2165,0,,expired
LSE-002218,PROP-00796,RES-01501,2023-07-23,2024-07-23,12,2280,2280,1,,expired
LSE-002219,PROP-00796,RES-01501,2024-08-10,2025-08-10,12,2345,2345,0,LSE-002218,expired
LSE-002220,PROP-00796,RES-01501,2025-08-26,2027-08-26,24,2415,2415,0,LSE-002219,active
LSE-002221,PROP-00797,RES-01502,2023-07-21,2024-07-21,12,2370,1185,0,,expired
LSE-002222,PROP-00797,RES-01502,2024-08-22,2026-02-22,18,2475,2475,0,LSE-002221,expired
LSE-002223,PROP-00797,RES-01503,2026-04-23,2027-04-23,12,2590,2590,0,,active
LSE-002224,PROP-00798,RES-01504,2023-11-01,2024-11-01,12,2145,2145,1,,expired
LSE-002225,PROP-00798,RES-01505,2025-01-14,2026-01-14,12,2175,2175,0,,expired
LSE-002226,PROP-00798,RES-01505,2026-03-30,2027-09-30,18,2260,2260,0,LSE-002225,active
LSE-002227,PROP-00799,RES-01506,2023-06-23,2024-06-23,12,2420,2420,0,,expired
LSE-002228,PROP-00799,RES-01506,2024-08-12,2026-02-12,18,2525,2525,0,LSE-002227,expired
LSE-002229,PROP-00799,RES-01506,2026-03-24,2027-03-24,12,2620,2620,0,LSE-002228,active
LSE-002230,PROP-00800,RES-01507,2023-05-18,2024-05-18,12,2430,2430,0,,expired
LSE-002231,PROP-00800,RES-01507,2024-06-28,2025-06-28,12,2510,1255,0,LSE-002230,expired
LSE-002232,PROP-00800,RES-01508,2025-07-27,2026-07-27,12,2645,1322,1,,expired
LSE-002233,PROP-00800,RES-01509,2026-09-07,2027-09-07,12,2595,1297,0,,active
LSE-002234,PROP-00801,RES-01510,2023-12-18,2025-12-18,24,2120,2120,0,,expired
LSE-002235,PROP-00801,RES-01511,2026-02-03,2028-02-03,24,2195,2195,0,,active
LSE-002236,PROP-00802,RES-01512,2022-02-22,2024-02-22,24,2395,2395,0,,expired
LSE-002237,PROP-00802,RES-01512,2024-03-22,2025-03-22,12,2515,1257,0,LSE-002236,expired
LSE-002238,PROP-00802,RES-01513,2025-05-21,2026-05-21,12,2745,2745,1,,expired
LSE-002239,PROP-00802,RES-01514,2026-07-27,2028-01-27,18,2735,2735,0,,active
LSE-002240,PROP-00803,RES-01515,2022-04-10,2023-10-10,18,2375,1187,0,,expired
LSE-002241,PROP-00803,RES-01516,2023-11-02,2024-11-02,12,2380,2380,0,,expired
LSE-002242,PROP-00803,RES-01516,2024-11-30,2026-11-30,24,2420,2420,1,LSE-002241,active
LSE-002243,PROP-00804,RES-01517,2023-07-27,2025-07-27,24,2430,1215,0,,expired
LSE-002244,PROP-00804,RES-01518,2025-09-20,2026-09-20,12,2540,1270,0,,expired
LSE-002245,PROP-00805,RES-01519,2021-12-15,2022-12-15,12,2195,2195,0,,expired
LSE-002246,PROP-00805,RES-01519,2023-01-05,2025-01-05,24,2235,2235,0,LSE-002245,expired
LSE-002247,PROP-00805,RES-01520,2025-02-11,2027-02-11,24,2260,2260,0,,active
LSE-002248,PROP-00806,RES-01521,2023-09-13,2025-09-13,24,2500,2500,0,,expired
LSE-002249,PROP-00806,RES-01522,2025-10-11,2027-04-11,18,2515,2515,0,,active
LSE-002250,PROP-00807,RES-01523,2023-04-28,2025-04-28,24,2390,1195,0,,expired
LSE-002251,PROP-00807,RES-01523,2025-06-21,2027-06-21,24,2545,2545,0,LSE-002250,active
LSE-002252,PROP-00808,RES-01524,2022-06-14,2023-06-14,12,2520,2520,0,,expired
LSE-002253,PROP-00808,RES-01524,2023-08-14,2025-08-14,24,2630,1315,0,LSE-002252,expired
LSE-002254,PROP-00808,RES-01524,2025-08-29,2027-02-28,18,2735,2735,0,LSE-002253,active
LSE-002255,PROP-00809,RES-01525,2023-06-03,2025-06-03,24,2160,2160,0,,expired
LSE-002256,PROP-00809,RES-01526,2025-08-08,2027-08-08,24,2280,1140,0,,active
LSE-002257,PROP-00810,RES-01527,2024-03-24,2025-03-24,12,2135,2135,0,,terminated-early
LSE-002258,PROP-00810,RES-01528,2025-04-14,2027-04-14,24,2330,2330,0,,active
LSE-002259,PROP-00811,RES-01529,2022-11-11,2024-11-11,24,2415,2415,0,,expired
LSE-002260,PROP-00811,RES-01529,2025-01-02,2026-01-02,12,2470,1235,0,LSE-002259,expired
LSE-002261,PROP-00811,RES-01529,2026-02-06,2027-02-06,12,2565,2565,0,LSE-002260,active
LSE-002262,PROP-00812,RES-01530,2022-07-23,2024-07-23,24,2405,1202,0,,expired
LSE-002263,PROP-00812,RES-01531,2024-09-28,2026-03-28,18,2520,1260,0,,expired
LSE-002264,PROP-00812,RES-01531,2026-05-09,2027-11-09,18,2655,1327,0,LSE-002263,active
LSE-002265,PROP-00813,RES-01532,2023-12-02,2025-12-02,24,2420,2420,0,,expired
LSE-002266,PROP-00813,RES-01532,2026-01-05,2027-01-05,12,2470,1235,1,LSE-002265,active
LSE-002267,PROP-00814,RES-01533,2024-01-04,2026-01-04,24,2195,1097,1,,expired
LSE-002268,PROP-00814,RES-01534,2026-03-12,2027-03-12,12,2280,2280,0,,active
LSE-002269,PROP-00815,RES-01535,2024-02-10,2025-02-10,12,2420,2420,0,,expired
LSE-002270,PROP-00815,RES-01536,2025-03-28,2026-03-28,12,2595,2595,0,,expired
LSE-002271,PROP-00815,RES-01536,2026-04-11,2028-04-11,24,2670,2670,0,LSE-002270,active
LSE-002272,PROP-00816,RES-01537,2023-04-15,2024-04-15,12,2240,2240,0,,expired
LSE-002273,PROP-00816,RES-01537,2024-06-20,2026-06-20,24,2290,1145,0,LSE-002272,expired
LSE-002274,PROP-00816,RES-01537,2026-08-13,2027-08-13,12,2430,2430,0,LSE-002273,active
LSE-002275,PROP-00817,RES-01538,2023-08-15,2025-08-15,24,2400,2400,0,,expired
LSE-002276,PROP-00817,RES-01539,2025-09-17,2027-09-17,24,2530,1265,0,,active
LSE-002277,PROP-00818,RES-01540,2022-07-15,2023-07-15,12,2485,2485,0,,expired
LSE-002278,PROP-00818,RES-01541,2023-09-15,2025-09-15,24,2455,1227,0,,expired
LSE-002279,PROP-00818,RES-01541,2025-10-08,2027-04-08,18,2560,2560,0,LSE-002278,active
LSE-002280,PROP-00819,RES-01542,2023-07-14,2025-07-14,24,2145,2145,0,,evicted
LSE-002281,PROP-00819,RES-01543,2025-08-14,2026-08-14,12,2295,2295,0,,expired
LSE-002282,PROP-00819,RES-01544,2026-09-26,2028-09-26,24,2380,2380,0,,active
LSE-002283,PROP-00820,RES-01545,2024-11-22,2026-05-22,18,2185,1092,0,,expired
LSE-002284,PROP-00820,RES-01545,2026-06-09,2027-12-09,18,2360,2360,0,LSE-002283,active
LSE-002285,PROP-00821,RES-01546,2022-05-20,2023-05-20,12,2140,2140,0,,expired
LSE-002286,PROP-00821,RES-01547,2023-07-17,2025-07-17,24,2195,2195,0,,expired
LSE-002287,PROP-00821,RES-01548,2025-07-28,2026-07-28,12,2380,2380,0,,expired
LSE-002288,PROP-00821,RES-01548,2026-09-11,2028-03-11,18,2475,2475,0,LSE-002287,active
LSE-002289,PROP-00822,RES-01549,2023-05-28,2025-05-28,24,2130,2130,0,,expired
LSE-002290,PROP-00822,RES-01550,2025-07-15,2026-07-15,12,2420,2420,1,,expired
LSE-002291,PROP-00822,RES-01550,2026-07-22,2027-07-22,12,2500,1250,0,LSE-002290,active
LSE-002292,PROP-00823,RES-01551,2024-03-04,2026-03-04,24,2525,2525,0,,expired
LSE-002293,PROP-00823,RES-01552,2026-04-26,2027-04-26,12,2685,2685,0,,active
LSE-002294,PROP-00824,RES-01553,2021-11-16,2022-11-16,12,2205,2205,0,,expired
LSE-002295,PROP-00824,RES-01553,2022-12-03,2024-12-03,24,2280,2280,0,LSE-002294,expired
LSE-002296,PROP-00824,RES-01553,2025-01-05,2027-01-05,24,2330,2330,0,LSE-002295,active
LSE-002297,PROP-00825,RES-01554,2023-11-27,2024-11-27,12,2135,2135,0,,expired
LSE-002298,PROP-00825,RES-01555,2025-01-23,2026-01-23,12,2235,1117,0,,expired
LSE-002299,PROP-00825,RES-01556,2026-03-22,2027-03-22,12,2290,2290,0,,active
LSE-002300,PROP-00826,RES-01557,2022-04-03,2023-04-03,12,2400,1200,0,,expired
LSE-002301,PROP-00826,RES-01558,2023-05-18,2024-11-18,18,2460,2460,0,,evicted
LSE-002302,PROP-00826,RES-01559,2025-01-30,2026-07-30,18,2495,2495,0,,expired
LSE-002303,PROP-00826,RES-01560,2026-09-07,2027-09-07,12,2655,1327,0,,active
LSE-002304,PROP-00827,RES-01561,2024-11-23,2025-11-23,12,2145,2145,0,,expired
LSE-002305,PROP-00827,RES-01561,2025-12-13,2027-12-13,24,2245,1122,0,LSE-002304,active
LSE-002306,PROP-00828,RES-01562,2023-12-09,2024-12-09,12,2450,1225,1,,evicted
LSE-002307,PROP-00828,RES-01563,2024-12-17,2026-12-17,24,2395,1197,1,,active
LSE-002308,PROP-00829,RES-01564,2024-03-22,2026-03-22,24,2255,1127,0,,expired
LSE-002309,PROP-00829,RES-01564,2026-04-24,2027-04-24,12,2355,1177,0,LSE-002308,active
LSE-002310,PROP-00830,RES-01565,2024-10-15,2026-10-15,24,2415,2415,0,,active
LSE-002311,PROP-00831,RES-01566,2023-06-13,2024-06-13,12,2175,1087,0,,expired
LSE-002312,PROP-00831,RES-01567,2024-08-07,2025-08-07,12,2335,1167,0,,expired
LSE-002313,PROP-00831,RES-01567,2025-10-14,2027-10-14,24,2425,1212,0,LSE-002312,active
LSE-002314,PROP-00832,RES-01568,2022-10-22,2023-10-22,12,2155,2155,0,,expired
LSE-002315,PROP-00832,RES-01568,2023-11-15,2024-11-15,12,2220,2220,0,LSE-002314,expired
LSE-002316,PROP-00832,RES-01569,2024-11-24,2025-11-24,12,2135,2135,0,,expired
LSE-002317,PROP-00832,RES-01570,2026-01-11,2027-01-11,12,2270,2270,0,,active
LSE-002318,PROP-00833,RES-01571,2023-05-03,2024-11-03,18,2185,2185,1,,expired
LSE-002319,PROP-00833,RES-01572,2024-12-24,2025-12-24,12,2150,1075,0,,expired
LSE-002320,PROP-00833,RES-01573,2026-01-15,2027-01-15,12,2275,1137,1,,active
LSE-002321,PROP-00834,RES-01574,2023-07-06,2024-07-06,12,2505,2505,0,,expired
LSE-002322,PROP-00834,RES-01575,2024-09-18,2025-09-18,12,2545,1272,0,,expired
LSE-002323,PROP-00834,RES-01576,2025-11-04,2027-05-04,18,2605,1302,0,,active
LSE-002324,PROP-00835,RES-01577,2023-02-17,2024-02-17,12,2470,2470,0,,expired
LSE-002325,PROP-00835,RES-01578,2024-03-19,2026-03-19,24,2555,2555,1,,expired
LSE-002326,PROP-00835,RES-01579,2026-05-06,2028-05-06,24,2740,1370,0,,active
LSE-002327,PROP-00836,RES-01580,2022-11-15,2023-11-15,12,2420,2420,0,,expired
LSE-002328,PROP-00836,RES-01581,2023-12-27,2025-12-27,24,2400,2400,0,,expired
LSE-002329,PROP-00836,RES-01582,2026-03-02,2027-03-02,12,2530,2530,0,,active
LSE-002330,PROP-00837,RES-01583,2022-04-27,2023-04-27,12,2230,2230,0,,expired
LSE-002331,PROP-00837,RES-01584,2023-07-04,2025-07-04,24,2215,2215,1,,expired
LSE-002332,PROP-00837,RES-01585,2025-08-25,2026-08-25,12,2360,2360,0,,expired
LSE-002333,PROP-00837,RES-01586,2026-09-12,2028-03-12,18,2390,2390,0,,active
LSE-002334,PROP-00838,RES-01587,2023-07-20,2025-01-20,18,2400,2400,0,,expired
LSE-002335,PROP-00838,RES-01588,2025-03-07,2026-03-07,12,2640,2640,1,,expired
LSE-002336,PROP-00838,RES-01589,2026-05-15,2027-05-15,12,2745,2745,0,,active
LSE-002337,PROP-00839,RES-01590,2023-05-15,2024-11-15,18,2435,2435,0,,expired
LSE-002338,PROP-00839,RES-01591,2025-01-19,2026-01-19,12,2480,2480,0,,expired
LSE-002339,PROP-00839,RES-01591,2026-01-31,2027-01-31,12,2580,1290,0,LSE-002338,active
LSE-002340,PROP-00840,RES-01592,2024-03-21,2026-03-21,24,2525,1262,0,,expired
LSE-002341,PROP-00840,RES-01592,2026-05-12,2027-05-12,12,2570,2570,0,LSE-002340,active
LSE-002342,PROP-00841,RES-01593,2022-07-15,2023-07-15,12,2145,1072,0,,terminated-early
LSE-002343,PROP-00841,RES-01594,2023-07-23,2025-01-23,18,2170,2170,1,,expired
LSE-002344,PROP-00841,RES-01594,2025-02-11,2027-02-11,24,2275,2275,0,LSE-002343,active
LSE-002345,PROP-00842,RES-01595,2023-09-27,2024-09-27,12,2200,2200,0,,expired
LSE-002346,PROP-00842,RES-01596,2024-12-06,2025-12-06,12,2235,1117,0,,expired
LSE-002347,PROP-00842,RES-01597,2026-01-21,2027-01-21,12,2300,2300,0,,active
LSE-002348,PROP-00843,RES-01598,2023-10-12,2024-10-12,12,2160,2160,0,,expired
LSE-002349,PROP-00843,RES-01598,2024-10-28,2026-10-28,24,2205,1102,0,LSE-002348,active
LSE-002350,PROP-00844,RES-01599,2024-02-04,2026-02-04,24,2210,2210,0,,expired
LSE-002351,PROP-00844,RES-01599,2026-04-12,2027-04-12,12,2320,2320,1,LSE-002350,active
LSE-002352,PROP-00845,RES-01600,2023-05-08,2024-05-08,12,2195,1097,0,,expired
LSE-002353,PROP-00845,RES-01601,2024-06-18,2025-06-18,12,2260,1130,0,,expired
LSE-002354,PROP-00845,RES-01602,2025-08-17,2026-08-17,12,2280,2280,0,,expired
LSE-002355,PROP-00846,RES-01603,2024-01-18,2026-01-18,24,2380,2380,0,,expired
LSE-002356,PROP-00846,RES-01604,2026-03-05,2027-03-05,12,2515,2515,0,,active
LSE-002357,PROP-00847,RES-01605,2022-12-18,2024-12-18,24,2485,1242,1,,expired
LSE-002358,PROP-00847,RES-01605,2025-02-19,2027-02-19,24,2530,2530,0,LSE-002357,active
LSE-002359,PROP-00848,RES-01606,2024-02-14,2026-02-14,24,2180,2180,1,,expired
LSE-002360,PROP-00848,RES-01607,2026-03-23,2027-03-23,12,2395,2395,0,,active
LSE-002361,PROP-00849,RES-01608,2021-12-07,2023-06-07,18,2385,2385,0,,expired
LSE-002362,PROP-00849,RES-01609,2023-07-11,2025-07-11,24,2405,1202,0,,expired
LSE-002363,PROP-00849,RES-01609,2025-08-15,2026-08-15,12,2555,1277,1,LSE-002362,expired
LSE-002364,PROP-00849,RES-01610,2026-08-21,2027-08-21,12,2690,2690,0,,active
LSE-002365,PROP-00850,RES-01611,2023-11-25,2024-11-25,12,2360,1180,0,,expired
LSE-002366,PROP-00850,RES-01611,2025-01-29,2026-01-29,12,2450,2450,0,LSE-002365,expired
LSE-002367,PROP-00850,RES-01611,2026-03-12,2027-03-12,12,2510,2510,0,LSE-002366,active
LSE-002368,PROP-00851,RES-01612,2023-12-13,2024-12-13,12,2330,2330,0,,expired
LSE-002369,PROP-00851,RES-01613,2025-01-17,2026-01-17,12,2425,1212,0,,expired
LSE-002370,PROP-00851,RES-01614,2026-03-22,2027-03-22,12,2645,1322,0,,active
LSE-002371,PROP-00852,RES-01615,2024-03-18,2025-03-18,12,2160,2160,0,,expired
LSE-002372,PROP-00852,RES-01615,2025-04-10,2026-04-10,12,2275,1137,0,LSE-002371,expired
LSE-002373,PROP-00852,RES-01616,2026-06-17,2028-06-17,24,2355,1177,0,,active
LSE-002374,PROP-00853,RES-01617,2022-02-02,2024-02-02,24,2325,2325,0,,expired
LSE-002375,PROP-00853,RES-01618,2024-02-19,2025-02-19,12,2445,2445,0,,expired
LSE-002376,PROP-00853,RES-01619,2025-03-30,2027-03-30,24,2465,2465,0,,active
LSE-002377,PROP-00854,RES-01620,2022-06-26,2023-06-26,12,2135,2135,0,,expired
LSE-002378,PROP-00854,RES-01620,2023-09-02,2024-09-02,12,2235,2235,1,LSE-002377,expired
LSE-002379,PROP-00854,RES-01620,2024-10-22,2025-10-22,12,2320,2320,1,LSE-002378,expired
LSE-002380,PROP-00854,RES-01621,2025-10-29,2026-10-29,12,2250,2250,0,,active
LSE-002381,PROP-00855,RES-01622,2024-03-24,2025-03-24,12,2500,1250,0,,expired
LSE-002382,PROP-00855,RES-01622,2025-05-16,2027-05-16,24,2635,2635,0,LSE-002381,active
LSE-002383,PROP-00856,RES-01623,2024-03-27,2025-03-27,12,2280,1140,0,,expired
LSE-002384,PROP-00856,RES-01623,2025-05-30,2026-11-30,18,2355,1177,0,LSE-002383,active
LSE-002385,PROP-00857,RES-01624,2022-06-07,2024-06-07,24,2170,2170,0,,expired
LSE-002386,PROP-00857,RES-01625,2024-07-19,2025-07-19,12,2355,1177,0,,expired
LSE-002387,PROP-00857,RES-01626,2025-08-25,2026-08-25,12,2370,2370,0,,expired
LSE-002388,PROP-00857,RES-01627,2026-09-03,2028-09-03,24,2345,2345,0,,active
LSE-002389,PROP-00858,RES-01628,2022-06-07,2023-06-07,12,2365,2365,0,,evicted
LSE-002390,PROP-00858,RES-01629,2023-06-28,2024-12-28,18,2430,2430,0,,expired
LSE-002391,PROP-00858,RES-01629,2025-03-12,2027-03-12,24,2490,1245,0,LSE-002390,active
LSE-002392,PROP-00859,RES-01630,2023-08-10,2024-08-10,12,2400,2400,0,,expired
LSE-002393,PROP-00859,RES-01630,2024-09-29,2026-09-29,24,2545,1272,0,LSE-002392,expired
LSE-002394,PROP-00860,RES-01631,2023-05-27,2024-11-27,18,2140,2140,0,,expired
LSE-002395,PROP-00860,RES-01631,2024-12-17,2026-06-17,18,2185,1092,0,LSE-002394,expired
LSE-002396,PROP-00860,RES-01632,2026-07-15,2027-07-15,12,2360,2360,0,,active
LSE-002397,PROP-00861,RES-01633,2023-10-22,2024-10-22,12,2135,2135,1,,expired
LSE-002398,PROP-00861,RES-01633,2024-11-17,2026-11-17,24,2195,2195,0,LSE-002397,active
LSE-002399,PROP-00862,RES-01634,2023-04-09,2024-04-09,12,2410,2410,1,,expired
LSE-002400,PROP-00862,RES-01635,2024-04-26,2026-04-26,24,2565,2565,0,,expired
LSE-002401,PROP-00862,RES-01635,2026-05-29,2028-05-29,24,2675,2675,0,LSE-002400,active
LSE-002402,PROP-00863,RES-01636,2024-06-05,2026-06-05,24,2355,1177,0,,expired
LSE-002403,PROP-00863,RES-01637,2026-07-07,2028-07-07,24,2430,2430,0,,active
LSE-002404,PROP-00864,RES-01638,2024-03-04,2025-09-04,18,2430,1215,0,,expired
LSE-002405,PROP-00864,RES-01639,2025-10-30,2027-10-30,24,2485,2485,0,,active
LSE-002406,PROP-00865,RES-01640,2022-06-12,2023-06-12,12,2390,2390,0,,expired
LSE-002407,PROP-00865,RES-01640,2023-08-06,2025-08-06,24,2495,2495,0,LSE-002406,expired
LSE-002408,PROP-00865,RES-01640,2025-10-09,2027-10-09,24,2555,1277,0,LSE-002407,active
LSE-002409,PROP-00866,RES-01641,2022-10-21,2023-10-21,12,2410,1205,0,,terminated-early
LSE-002410,PROP-00866,RES-01642,2023-11-26,2024-11-26,12,2340,2340,1,,expired
LSE-002411,PROP-00866,RES-01643,2025-01-01,2026-07-01,18,2355,2355,0,,expired
LSE-002412,PROP-00866,RES-01643,2026-08-09,2028-08-09,24,2525,2525,1,LSE-002411,active
LSE-002413,PROP-00867,RES-01644,2025-02-11,2026-02-11,12,2500,1250,0,,expired
LSE-002414,PROP-00867,RES-01644,2026-03-04,2028-03-04,24,2595,1297,0,LSE-002413,active
LSE-002415,PROP-00868,RES-01645,2022-08-01,2024-08-01,24,2420,2420,0,,expired
LSE-002416,PROP-00868,RES-01645,2024-09-28,2025-09-28,12,2485,1242,1,LSE-002415,expired
LSE-002417,PROP-00868,RES-01645,2025-11-02,2026-11-02,12,2515,1257,0,LSE-002416,active
LSE-002418,PROP-00869,RES-01646,2022-06-16,2024-06-16,24,3150,3150,0,,expired
LSE-002419,PROP-00869,RES-01646,2024-07-02,2025-07-02,12,3220,3220,0,LSE-002418,expired
LSE-002420,PROP-00869,RES-01647,2025-08-07,2026-08-07,12,3350,3350,0,,expired
LSE-002421,PROP-00869,RES-01648,2026-09-20,2027-09-20,12,3510,3510,0,,active
LSE-002422,PROP-00870,RES-01649,2022-04-16,2024-04-16,24,2815,2815,0,,expired
LSE-002423,PROP-00870,RES-01650,2024-06-29,2026-06-29,24,3110,3110,1,,expired
LSE-002424,PROP-00870,RES-01650,2026-07-05,2028-07-05,24,3235,1617,0,LSE-002423,active
LSE-002425,PROP-00871,RES-01651,2023-12-02,2025-12-02,24,2775,1387,0,,expired
LSE-002426,PROP-00871,RES-01651,2026-01-22,2027-01-22,12,2870,2870,0,LSE-002425,active
LSE-002427,PROP-00872,RES-01652,2021-12-28,2023-06-28,18,3090,3090,0,,expired
LSE-002428,PROP-00872,RES-01653,2023-07-11,2025-01-11,18,3090,1545,0,,expired
LSE-002429,PROP-00872,RES-01654,2025-03-02,2027-03-02,24,3390,3390,0,,active
LSE-002430,PROP-00873,RES-01655,2023-03-16,2025-03-16,24,3185,1592,0,,expired
LSE-002431,PROP-00873,RES-01655,2025-04-11,2027-04-11,24,3460,1730,0,LSE-002430,active
LSE-002432,PROP-00874,RES-01656,2023-09-22,2024-09-22,12,3150,3150,0,,expired
LSE-002433,PROP-00874,RES-01656,2024-10-10,2026-04-10,18,3245,1622,0,LSE-002432,expired
LSE-002434,PROP-00874,RES-01656,2026-04-26,2027-04-26,12,3400,3400,0,LSE-002433,active
LSE-002435,PROP-00875,RES-01657,2023-07-07,2025-07-07,24,2955,1477,0,,expired
LSE-002436,PROP-00875,RES-01658,2025-07-13,2026-07-13,12,3195,3195,0,,expired
LSE-002437,PROP-00875,RES-01659,2026-09-12,2028-09-12,24,3210,3210,1,,active
LSE-002438,PROP-00876,RES-01660,2023-06-26,2024-06-26,12,3135,1567,0,,expired
LSE-002439,PROP-00876,RES-01660,2024-08-03,2026-08-03,24,3255,3255,0,LSE-002438,expired
LSE-002440,PROP-00876,RES-01661,2026-09-16,2027-09-16,12,3525,3525,0,,active
LSE-002441,PROP-00877,RES-01662,2023-02-10,2024-02-10,12,2775,2775,0,,expired
LSE-002442,PROP-00877,RES-01663,2024-03-29,2025-03-29,12,2840,2840,0,,expired
LSE-002443,PROP-00877,RES-01663,2025-05-28,2027-05-28,24,3160,3160,0,LSE-002442,active
LSE-002444,PROP-00878,RES-01664,2023-06-24,2025-06-24,24,3245,3245,0,,expired
LSE-002445,PROP-00878,RES-01664,2025-06-30,2026-06-30,12,3445,3445,0,LSE-002444,expired
LSE-002446,PROP-00878,RES-01665,2026-08-25,2028-08-25,24,3620,3620,0,,active
LSE-002447,PROP-00879,RES-01666,2023-04-21,2025-04-21,24,3080,3080,0,,expired
LSE-002448,PROP-00879,RES-01667,2025-06-03,2026-12-03,18,3515,3515,0,,active
LSE-002449,PROP-00880,RES-01668,2024-03-05,2025-03-05,12,2960,1480,0,,expired
LSE-002450,PROP-00880,RES-01669,2025-05-01,2027-05-01,24,3100,1550,0,,active
LSE-002451,PROP-00881,RES-01670,2022-06-24,2023-06-24,12,3235,1617,0,,expired
LSE-002452,PROP-00881,RES-01671,2023-09-04,2025-09-04,24,3145,3145,0,,expired
LSE-002453,PROP-00881,RES-01672,2025-10-27,2027-04-27,18,3475,3475,0,,active
LSE-002454,PROP-00882,RES-01673,2023-03-07,2025-03-07,24,3055,3055,0,,expired
LSE-002455,PROP-00882,RES-01673,2025-04-25,2027-04-25,24,3265,1632,0,LSE-002454,active
LSE-002456,PROP-00883,RES-01674,2021-10-20,2023-10-20,24,2880,2880,0,,expired
LSE-002457,PROP-00883,RES-01674,2023-12-10,2025-12-10,24,2920,1460,0,LSE-002456,expired
LSE-002458,PROP-00883,RES-01675,2026-02-14,2027-02-14,12,3135,3135,0,,active
LSE-002459,PROP-00884,RES-01676,2022-03-22,2024-03-22,24,2910,2910,0,,expired
LSE-002460,PROP-00884,RES-01676,2024-06-03,2026-06-03,24,3035,3035,0,LSE-002459,expired
LSE-002461,PROP-00884,RES-01677,2026-08-13,2028-02-13,18,3175,3175,0,,active
LSE-002462,PROP-00885,RES-01678,2022-08-16,2023-08-16,12,2875,1437,0,,expired
LSE-002463,PROP-00885,RES-01678,2023-10-02,2025-04-02,18,2925,1462,0,LSE-002462,expired
LSE-002464,PROP-00885,RES-01679,2025-05-07,2027-05-07,24,3105,1552,0,,active
LSE-002465,PROP-00886,RES-01680,2024-11-11,2026-05-11,18,3075,3075,0,,expired
LSE-002466,PROP-00886,RES-01681,2026-06-08,2027-06-08,12,3625,3625,1,,active
LSE-002467,PROP-00887,RES-01682,2022-06-13,2023-06-13,12,2790,1395,0,,expired
LSE-002468,PROP-00887,RES-01683,2023-06-19,2024-06-19,12,2910,2910,0,,expired
LSE-002469,PROP-00887,RES-01683,2024-08-15,2025-08-15,12,3015,3015,0,LSE-002468,expired
LSE-002470,PROP-00887,RES-01684,2025-08-27,2026-08-27,12,3105,3105,0,,expired
LSE-002471,PROP-00888,RES-01685,2023-11-07,2024-11-07,12,3030,3030,0,,expired
LSE-002472,PROP-00888,RES-01686,2024-12-31,2025-12-31,12,3295,3295,0,,expired
LSE-002473,PROP-00888,RES-01687,2026-01-25,2027-01-25,12,3400,3400,0,,active
LSE-002474,PROP-00889,RES-01688,2024-10-18,2026-10-18,24,3250,1625,0,,active
LSE-002475,PROP-00890,RES-01689,2021-10-06,2022-10-06,12,3165,3165,1,,expired
LSE-002476,PROP-00890,RES-01689,2022-10-17,2024-10-17,24,3255,3255,0,LSE-002475,expired
LSE-002477,PROP-00890,RES-01690,2024-11-28,2025-11-28,12,3320,1660,0,,expired
LSE-002478,PROP-00890,RES-01691,2026-01-21,2027-01-21,12,3335,3335,0,,active
LSE-002479,PROP-00891,RES-01692,2024-03-02,2025-03-02,12,2340,2340,0,,expired
LSE-002480,PROP-00891,RES-01692,2025-05-10,2026-11-10,18,2420,2420,0,LSE-002479,active
LSE-002481,PROP-00892,RES-01693,2023-06-03,2024-06-03,12,2310,2310,0,,expired
LSE-002482,PROP-00892,RES-01694,2024-06-27,2026-06-27,24,2390,2390,0,,expired
LSE-002483,PROP-00892,RES-01695,2026-08-02,2027-08-02,12,2510,2510,1,,active
LSE-002484,PROP-00893,RES-01696,2021-10-26,2022-10-26,12,2230,1115,0,,expired
LSE-002485,PROP-00893,RES-01697,2023-01-04,2024-01-04,12,2195,1097,0,,expired
LSE-002486,PROP-00893,RES-01698,2024-01-21,2025-01-21,12,2270,2270,0,,expired
LSE-002487,PROP-00893,RES-01699,2025-03-19,2027-03-19,24,2295,2295,0,,active
LSE-002488,PROP-00894,RES-01700,2023-06-16,2024-06-16,12,2335,1167,0,,expired
LSE-002489,PROP-00894,RES-01701,2024-08-08,2025-08-08,12,2365,2365,0,,expired
LSE-002490,PROP-00894,RES-01702,2025-10-04,2027-10-04,24,2320,1160,0,,active
LSE-002491,PROP-00895,RES-01703,2022-05-21,2024-05-21,24,2570,2570,0,,expired
LSE-002492,PROP-00895,RES-01703,2024-06-03,2025-06-03,12,2720,1360,0,LSE-002491,expired
LSE-002493,PROP-00895,RES-01703,2025-06-09,2026-06-09,12,2775,1387,0,LSE-002492,expired
LSE-002494,PROP-00895,RES-01703,2026-07-27,2027-07-27,12,2815,1407,0,LSE-002493,active
LSE-002495,PROP-00896,RES-01704,2021-10-21,2023-10-21,24,2310,2310,0,,expired
LSE-002496,PROP-00896,RES-01705,2023-12-04,2024-12-04,12,2260,2260,0,,expired
LSE-002497,PROP-00896,RES-01705,2025-01-20,2026-01-20,12,2330,2330,1,LSE-002496,expired
LSE-002498,PROP-00896,RES-01706,2026-03-20,2027-09-20,18,2405,2405,0,,active
LSE-002499,PROP-00897,RES-01707,2023-12-04,2025-12-04,24,2260,2260,0,,expired
LSE-002500,PROP-00897,RES-01708,2025-12-30,2026-12-30,12,2415,2415,0,,active
LSE-002501,PROP-00898,RES-01709,2024-02-04,2025-02-04,12,2505,1252,0,,expired
LSE-002502,PROP-00898,RES-01710,2025-04-14,2027-04-14,24,2735,2735,0,,active
LSE-002503,PROP-00899,RES-01711,2023-01-18,2024-07-18,18,2185,2185,0,,expired
LSE-002504,PROP-00899,RES-01711,2024-08-14,2025-08-14,12,2325,2325,0,LSE-002503,expired
LSE-002505,PROP-00899,RES-01711,2025-10-13,2026-10-13,12,2435,2435,0,LSE-002504,active
LSE-002506,PROP-00900,RES-01712,2023-04-23,2024-04-23,12,2560,2560,0,,expired
LSE-002507,PROP-00900,RES-01713,2024-06-19,2025-06-19,12,2700,1350,0,,expired
LSE-002508,PROP-00900,RES-01713,2025-06-24,2027-06-24,24,2770,1385,0,LSE-002507,active
LSE-002509,PROP-00901,RES-01714,2023-07-28,2025-07-28,24,2570,2570,0,,expired
LSE-002510,PROP-00901,RES-01715,2025-08-07,2026-08-07,12,2720,2720,0,,expired
LSE-002511,PROP-00902,RES-01716,2023-09-08,2025-09-08,24,2300,1150,1,,expired
LSE-002512,PROP-00902,RES-01716,2025-10-30,2027-04-30,18,2355,2355,0,LSE-002511,active
LSE-002513,PROP-00903,RES-01717,2023-07-16,2025-07-16,24,2200,2200,0,,expired
LSE-002514,PROP-00903,RES-01717,2025-09-04,2027-03-04,18,2355,2355,0,LSE-002513,active
LSE-002515,PROP-00904,RES-01718,2024-03-11,2026-03-11,24,2340,1170,0,,expired
LSE-002516,PROP-00904,RES-01719,2026-04-16,2027-04-16,12,2485,1242,0,,active
LSE-002517,PROP-00905,RES-01720,2023-04-26,2025-04-26,24,2255,2255,0,,expired
LSE-002518,PROP-00905,RES-01720,2025-05-26,2027-05-26,24,2465,2465,0,LSE-002517,active
LSE-002519,PROP-00906,RES-01721,2023-12-24,2024-12-24,12,2280,1140,0,,expired
LSE-002520,PROP-00906,RES-01722,2025-01-31,2026-07-31,18,2265,1132,0,,expired
LSE-002521,PROP-00906,RES-01723,2026-09-17,2028-09-17,24,2510,2510,0,,active
LSE-002522,PROP-00907,RES-01724,2024-03-13,2026-03-13,24,2320,1160,0,,expired
LSE-002523,PROP-00907,RES-01724,2026-05-10,2028-05-10,24,2535,1267,0,LSE-002522,active
LSE-002524,PROP-00908,RES-01725,2025-01-18,2027-01-18,24,2650,1325,0,,active
LSE-002525,PROP-00909,RES-01726,2022-10-10,2024-04-10,18,2505,2505,0,,expired
LSE-002526,PROP-00909,RES-01726,2024-06-11,2025-12-11,18,2620,1310,0,LSE-002525,expired
LSE-002527,PROP-00909,RES-01726,2026-02-16,2027-02-16,12,2695,1347,0,LSE-002526,active
LSE-002528,PROP-00910,RES-01727,2022-04-12,2023-04-12,12,2555,2555,0,,expired
LSE-002529,PROP-00910,RES-01727,2023-04-28,2024-04-28,12,2585,2585,0,LSE-002528,expired
LSE-002530,PROP-00910,RES-01728,2024-07-09,2026-07-09,24,2840,2840,0,,expired
LSE-002531,PROP-00910,RES-01729,2026-08-20,2028-08-20,24,2790,2790,0,,active
LSE-002532,PROP-00911,RES-01730,2024-12-13,2025-12-13,12,2640,2640,0,,expired
LSE-002533,PROP-00911,RES-01730,2026-01-09,2027-01-09,12,2715,2715,0,LSE-002532,active
LSE-002534,PROP-00912,RES-01731,2021-12-26,2022-12-26,12,2325,1162,1,,expired
LSE-002535,PROP-00912,RES-01731,2023-02-08,2025-02-08,24,2420,1210,0,LSE-002534,expired
LSE-002536,PROP-00912,RES-01732,2025-03-28,2027-03-28,24,2445,2445,0,,active
LSE-002537,PROP-00913,RES-01733,2024-01-28,2025-01-28,12,2320,1160,0,,expired
LSE-002538,PROP-00913,RES-01734,2025-03-18,2026-09-18,18,2415,2415,0,,evicted
LSE-002539,PROP-00914,RES-01735,2022-06-25,2023-06-25,12,2255,2255,0,,expired
LSE-002540,PROP-00914,RES-01735,2023-07-18,2024-07-18,12,2355,1177,0,LSE-002539,expired
LSE-002541,PROP-00914,RES-01736,2024-08-19,2025-08-19,12,2485,2485,0,,expired
LSE-002542,PROP-00914,RES-01736,2025-10-24,2027-04-24,18,2550,2550,0,LSE-002541,active
LSE-002543,PROP-00915,RES-01737,2023-07-13,2025-01-13,18,2520,2520,0,,expired
LSE-002544,PROP-00915,RES-01738,2025-02-27,2026-02-27,12,2640,1320,1,,expired
LSE-002545,PROP-00915,RES-01739,2026-04-18,2027-04-18,12,2775,2775,0,,active
LSE-002546,PROP-00916,RES-01740,2023-02-08,2024-02-08,12,2250,2250,0,,expired
LSE-002547,PROP-00916,RES-01740,2024-03-04,2025-03-04,12,2355,2355,1,LSE-002546,expired
LSE-002548,PROP-00916,RES-01740,2025-04-28,2027-04-28,24,2385,2385,0,LSE-002547,active
LSE-002549,PROP-00917,RES-01741,2022-04-26,2023-10-26,18,2585,2585,0,,expired
LSE-002550,PROP-00917,RES-01741,2023-12-06,2025-06-06,18,2635,2635,0,LSE-002549,expired
LSE-002551,PROP-00917,RES-01742,2025-07-03,2026-07-03,12,2765,2765,0,,expired
LSE-002552,PROP-00917,RES-01743,2026-08-18,2028-08-18,24,2870,2870,0,,active
LSE-002553,PROP-00918,RES-01744,2021-10-21,2022-10-21,12,2545,2545,0,,expired
LSE-002554,PROP-00918,RES-01745,2022-11-07,2023-11-07,12,2600,2600,0,,expired
LSE-002555,PROP-00918,RES-01746,2023-12-25,2024-12-25,12,2465,2465,0,,expired
LSE-002556,PROP-00918,RES-01746,2025-01-04,2027-01-04,24,2545,1272,0,LSE-002555,active
LSE-002557,PROP-00919,RES-01747,2024-03-11,2025-03-11,12,2300,2300,0,,expired
LSE-002558,PROP-00919,RES-01747,2025-05-11,2026-05-11,12,2405,1202,1,LSE-002557,expired
LSE-002559,PROP-00919,RES-01748,2026-06-10,2027-06-10,12,2520,2520,0,,active
LSE-002560,PROP-00920,RES-01749,2024-11-01,2025-11-01,12,2625,2625,1,,expired
LSE-002561,PROP-00920,RES-01750,2026-01-05,2028-01-05,24,2665,1332,0,,active
LSE-002562,PROP-00921,RES-01751,2024-01-24,2025-01-24,12,2580,2580,0,,expired
LSE-002563,PROP-00921,RES-01752,2025-03-28,2026-03-28,12,2620,1310,0,,expired
LSE-002564,PROP-00921,RES-01752,2026-06-10,2027-06-10,12,2820,2820,0,LSE-002563,active
LSE-002565,PROP-00922,RES-01753,2022-06-28,2024-06-28,24,2540,1270,0,,expired
LSE-002566,PROP-00922,RES-01754,2024-07-21,2026-01-21,18,2705,2705,0,,expired
LSE-002567,PROP-00922,RES-01755,2026-02-04,2028-02-04,24,2635,1317,0,,active
LSE-002568,PROP-00923,RES-01756,2022-05-04,2023-05-04,12,2500,2500,0,,expired
LSE-002569,PROP-00923,RES-01756,2023-06-14,2024-06-14,12,2550,1275,0,LSE-002568,expired
LSE-002570,PROP-00923,RES-01757,2024-07-11,2026-01-11,18,2705,2705,0,,expired
LSE-002571,PROP-00923,RES-01758,2026-02-26,2028-02-26,24,2730,2730,1,,active
LSE-002572,PROP-00924,RES-01759,2023-05-11,2024-11-11,18,2595,1297,0,,expired
LSE-002573,PROP-00924,RES-01759,2024-12-08,2026-06-08,18,2650,2650,0,LSE-002572,expired
LSE-002574,PROP-00924,RES-01759,2026-06-13,2028-06-13,24,2865,2865,0,LSE-002573,active
LSE-002575,PROP-00925,RES-01760,2023-06-21,2024-06-21,12,2625,1312,0,,expired
LSE-002576,PROP-00925,RES-01761,2024-08-29,2026-08-29,24,2760,2760,0,,expired
LSE-002577,PROP-00925,RES-01761,2026-09-15,2028-09-15,24,2885,2885,0,LSE-002576,active
LSE-002578,PROP-00926,RES-01762,2023-08-03,2025-02-03,18,2220,1110,0,,expired
LSE-002579,PROP-00926,RES-01763,2025-04-04,2027-04-04,24,2385,1192,0,,active
LSE-002580,PROP-00927,RES-01764,2022-06-13,2023-06-13,12,2325,1162,0,,expired
LSE-002581,PROP-00927,RES-01764,2023-08-05,2025-08-05,24,2395,1197,0,LSE-002580,expired
LSE-002582,PROP-00927,RES-01765,2025-10-18,2027-10-18,24,2460,2460,0,,active
LSE-002583,PROP-00928,RES-01766,2021-11-23,2023-11-23,24,2320,1160,0,,expired
LSE-002584,PROP-00928,RES-01766,2023-12-07,2024-12-07,12,2425,2425,1,LSE-002583,expired
LSE-002585,PROP-00928,RES-01767,2024-12-28,2025-12-28,12,2380,2380,0,,expired
LSE-002586,PROP-00928,RES-01767,2026-03-03,2028-03-03,24,2405,1202,0,LSE-002585,active
LSE-002587,PROP-00929,RES-01768,2023-10-06,2025-10-06,24,2510,1255,1,,expired
LSE-002588,PROP-00929,RES-01769,2025-12-07,2027-06-07,18,2545,2545,1,,active
LSE-002589,PROP-00930,RES-01770,2023-05-23,2024-05-23,12,2535,1267,0,,expired
LSE-002590,PROP-00930,RES-01770,2024-06-03,2025-12-03,18,2585,2585,0,LSE-002589,expired
LSE-002591,PROP-00930,RES-01770,2026-02-15,2027-02-15,12,2680,2680,0,LSE-002590,active
LSE-002592,PROP-00931,RES-01771,2022-12-14,2023-12-14,12,2360,1180,0,,expired
LSE-002593,PROP-00931,RES-01772,2023-12-27,2024-12-27,12,2265,2265,1,,expired
LSE-002594,PROP-00931,RES-01772,2025-03-06,2026-03-06,12,2375,1187,0,LSE-002593,expired
LSE-002595,PROP-00931,RES-01772,2026-03-19,2028-03-19,24,2455,1227,0,LSE-002594,active
LSE-002596,PROP-00932,RES-01773,2024-03-21,2026-03-21,24,2675,1337,0,,expired
LSE-002597,PROP-00932,RES-01773,2026-03-30,2028-03-30,24,2735,2735,0,LSE-002596,active
LSE-002598,PROP-00933,RES-01774,2023-08-01,2025-08-01,24,2590,2590,0,,expired
LSE-002599,PROP-00933,RES-01775,2025-09-12,2027-09-12,24,2750,1375,0,,active
LSE-002600,PROP-00934,RES-01776,2024-03-25,2026-03-25,24,2425,1212,0,,expired
LSE-002601,PROP-00934,RES-01777,2026-05-21,2028-05-21,24,2510,2510,0,,active
LSE-002602,PROP-00935,RES-01778,2022-03-23,2023-03-23,12,2530,1265,0,,expired
LSE-002603,PROP-00935,RES-01779,2023-04-24,2024-10-24,18,2550,2550,1,,expired
LSE-002604,PROP-00935,RES-01779,2024-12-03,2025-12-03,12,2660,2660,0,LSE-002603,expired
LSE-002605,PROP-00935,RES-01780,2026-01-29,2027-01-29,12,2605,2605,0,,active
LSE-002606,PROP-00936,RES-01781,2024-08-13,2026-08-13,24,2735,2735,0,,expired
LSE-002607,PROP-00937,RES-01782,2023-03-07,2024-09-07,18,2615,1307,0,,expired
LSE-002608,PROP-00937,RES-01783,2024-10-21,2025-10-21,12,2625,2625,0,,expired
LSE-002609,PROP-00937,RES-01784,2025-12-20,2027-12-20,24,2595,1297,0,,active
LSE-002610,PROP-00938,RES-01785,2023-01-09,2024-01-09,12,2530,1265,0,,expired
LSE-002611,PROP-00938,RES-01786,2024-02-20,2025-02-20,12,2560,2560,0,,expired
LSE-002612,PROP-00938,RES-01786,2025-02-25,2026-02-25,12,2630,1315,0,LSE-002611,expired
LSE-002613,PROP-00938,RES-01786,2026-04-11,2028-04-11,24,2730,1365,0,LSE-002612,active
LSE-002614,PROP-00939,RES-01787,2022-02-17,2023-02-17,12,2650,2650,0,,expired
LSE-002615,PROP-00939,RES-01788,2023-04-25,2025-04-25,24,2525,1262,0,,expired
LSE-002616,PROP-00939,RES-01788,2025-07-08,2027-01-08,18,2830,1415,1,LSE-002615,active
LSE-002617,PROP-00940,RES-01789,2023-07-16,2024-07-16,12,2300,2300,0,,expired
LSE-002618,PROP-00940,RES-01790,2024-08-24,2025-08-24,12,2400,2400,0,,expired
LSE-002619,PROP-00940,RES-01790,2025-10-11,2026-10-11,12,2485,2485,0,LSE-002618,active
LSE-002620,PROP-00941,RES-01791,2024-12-24,2025-12-24,12,2555,2555,0,,expired
LSE-002621,PROP-00941,RES-01791,2026-01-24,2027-01-24,12,2625,2625,0,LSE-002620,active
LSE-002622,PROP-00942,RES-01792,2023-07-22,2025-07-22,24,2495,2495,0,,expired
LSE-002623,PROP-00942,RES-01792,2025-09-02,2027-09-02,24,2550,1275,0,LSE-002622,active
LSE-002624,PROP-00943,RES-01793,2022-09-08,2024-09-08,24,2535,2535,1,,expired
LSE-002625,PROP-00943,RES-01793,2024-10-13,2025-10-13,12,2570,1285,0,LSE-002624,expired
LSE-002626,PROP-00943,RES-01793,2025-12-20,2026-12-20,12,2620,2620,0,LSE-002625,active
LSE-002627,PROP-00944,RES-01794,2022-07-09,2023-07-09,12,2200,1100,0,,expired
LSE-002628,PROP-00944,RES-01794,2023-09-21,2025-09-21,24,2230,2230,0,LSE-002627,expired
LSE-002629,PROP-00944,RES-01794,2025-10-03,2026-10-03,12,2280,2280,0,LSE-002628,active
LSE-002630,PROP-00945,RES-01795,2022-06-24,2023-06-24,12,2640,2640,0,,expired
LSE-002631,PROP-00945,RES-01796,2023-09-01,2024-09-01,12,2520,2520,0,,expired
LSE-002632,PROP-00945,RES-01797,2024-11-06,2026-11-06,24,2530,2530,1,,active
LSE-002633,PROP-00946,RES-01798,2022-10-15,2024-10-15,24,2350,2350,0,,expired
LSE-002634,PROP-00946,RES-01799,2024-12-03,2025-12-03,12,2260,2260,0,,expired
LSE-002635,PROP-00946,RES-01800,2026-02-16,2028-02-16,24,2360,2360,0,,active
LSE-002636,PROP-00947,RES-01801,2021-11-16,2022-11-16,12,2580,2580,0,,expired
LSE-002637,PROP-00947,RES-01802,2022-12-10,2024-12-10,24,2630,1315,0,,expired
LSE-002638,PROP-00947,RES-01803,2025-02-09,2027-02-09,24,2700,2700,0,,active
LSE-002639,PROP-00948,RES-01804,2023-12-10,2024-12-10,12,2225,1112,0,,expired
LSE-002640,PROP-00948,RES-01804,2024-12-25,2025-12-25,12,2275,1137,0,LSE-002639,expired
LSE-002641,PROP-00948,RES-01805,2026-03-08,2027-09-08,18,2395,1197,0,,active
LSE-002642,PROP-00949,RES-01806,2023-08-02,2025-08-02,24,2475,1237,0,,expired
LSE-002643,PROP-00949,RES-01807,2025-08-07,2027-08-07,24,2690,1345,1,,active
LSE-002644,PROP-00950,RES-01808,2024-03-06,2026-03-06,24,2335,2335,0,,terminated-early
LSE-002645,PROP-00950,RES-01809,2026-04-28,2027-04-28,12,2470,1235,0,,active
LSE-002646,PROP-00951,RES-01810,2023-12-20,2025-12-20,24,2160,1080,0,,expired
LSE-002647,PROP-00951,RES-01810,2026-01-25,2027-01-25,12,2230,2230,0,LSE-002646,active
LSE-002648,PROP-00952,RES-01811,2024-03-08,2025-03-08,12,3285,1642,0,,expired
LSE-002649,PROP-00952,RES-01811,2025-05-09,2026-05-09,12,3440,1720,0,LSE-002648,expired
LSE-002650,PROP-00952,RES-01811,2026-06-02,2028-06-02,24,3605,3605,0,LSE-002649,active
LSE-002651,PROP-00953,RES-01812,2022-09-13,2023-09-13,12,2795,2795,0,,expired
LSE-002652,PROP-00953,RES-01812,2023-10-15,2025-10-15,24,2870,1435,0,LSE-002651,expired
LSE-002653,PROP-00953,RES-01812,2025-12-22,2026-12-22,12,3005,1502,0,LSE-002652,active
LSE-002654,PROP-00954,RES-01813,2024-02-21,2026-02-21,24,3230,3230,0,,expired
LSE-002655,PROP-00954,RES-01814,2026-02-28,2027-02-28,12,3515,3515,0,,active
LSE-002656,PROP-00955,RES-01815,2023-05-12,2024-05-12,12,2800,2800,1,,expired
LSE-002657,PROP-00955,RES-01815,2024-06-08,2025-06-08,12,2970,2970,0,LSE-002656,expired
LSE-002658,PROP-00955,RES-01815,2025-06-24,2026-12-24,18,3155,3155,0,LSE-002657,active
LSE-002659,PROP-00956,RES-01816,2023-09-03,2025-03-03,18,3045,3045,0,,expired
LSE-002660,PROP-00956,RES-01816,2025-03-24,2027-03-24,24,3285,3285,0,LSE-002659,active
LSE-002661,PROP-00957,RES-01817,2021-10-09,2023-10-09,24,3160,3160,0,,expired
LSE-002662,PROP-00957,RES-01817,2023-10-19,2024-10-19,12,3270,3270,0,LSE-002661,expired
LSE-002663,PROP-00957,RES-01818,2024-10-31,2025-10-31,12,3325,3325,0,,expired
LSE-002664,PROP-00957,RES-01818,2025-12-16,2026-12-16,12,3360,3360,0,LSE-002663,active
LSE-002665,PROP-00958,RES-01819,2022-09-18,2023-09-18,12,3110,1555,0,,expired
LSE-002666,PROP-00958,RES-01819,2023-10-30,2024-10-30,12,3210,1605,0,LSE-002665,expired
LSE-002667,PROP-00958,RES-01820,2024-12-21,2025-12-21,12,3135,3135,0,,expired
LSE-002668,PROP-00958,RES-01821,2026-02-20,2027-02-20,12,3345,3345,0,,active
LSE-002669,PROP-00959,RES-01822,2023-11-05,2025-11-05,24,3165,1582,1,,expired
LSE-002670,PROP-00959,RES-01822,2025-11-10,2027-05-10,18,3245,3245,0,LSE-002669,active
LSE-002671,PROP-00960,RES-01823,2023-08-18,2024-08-18,12,2720,2720,0,,expired
LSE-002672,PROP-00960,RES-01823,2024-09-09,2026-03-09,18,2810,2810,0,LSE-002671,expired
LSE-002673,PROP-00960,RES-01824,2026-03-27,2028-03-27,24,3055,3055,0,,active
LSE-002674,PROP-00961,RES-01825,2023-05-11,2024-05-11,12,3140,3140,0,,expired
LSE-002675,PROP-00961,RES-01826,2024-05-22,2026-05-22,24,3435,3435,1,,expired
LSE-002676,PROP-00961,RES-01826,2026-07-31,2028-07-31,24,3705,3705,0,LSE-002675,active
LSE-002677,PROP-00962,RES-01827,2022-03-14,2023-03-14,12,3150,3150,1,,expired
LSE-002678,PROP-00962,RES-01827,2023-04-30,2025-04-30,24,3200,3200,0,LSE-002677,expired
LSE-002679,PROP-00962,RES-01827,2025-05-09,2027-05-09,24,3320,3320,0,LSE-002678,active
LSE-002680,PROP-00963,RES-01828,2022-06-22,2024-06-22,24,3115,3115,0,,expired
LSE-002681,PROP-00963,RES-01828,2024-07-22,2025-07-22,12,3410,3410,0,LSE-002680,expired
LSE-002682,PROP-00963,RES-01828,2025-07-29,2026-07-29,12,3575,3575,0,LSE-002681,expired
LSE-002683,PROP-00964,RES-01829,2024-03-12,2025-03-12,12,2935,2935,0,,expired
LSE-002684,PROP-00964,RES-01830,2025-03-18,2026-03-18,12,3075,1537,0,,expired
LSE-002685,PROP-00964,RES-01830,2026-05-13,2027-11-13,18,3280,1640,0,LSE-002684,active
LSE-002686,PROP-00965,RES-01831,2023-10-27,2025-10-27,24,2930,1465,1,,expired
LSE-002687,PROP-00965,RES-01831,2025-12-16,2026-12-16,12,3035,3035,0,LSE-002686,active
LSE-002688,PROP-00966,RES-01832,2022-03-18,2024-03-18,24,2835,2835,0,,expired
LSE-002689,PROP-00966,RES-01832,2024-04-07,2026-04-07,24,2950,1475,0,LSE-002688,expired
LSE-002690,PROP-00966,RES-01832,2026-04-15,2027-04-15,12,3085,3085,0,LSE-002689,active
LSE-002691,PROP-00967,RES-01833,2022-09-28,2023-09-28,12,3185,3185,0,,expired
LSE-002692,PROP-00967,RES-01834,2023-12-10,2024-12-10,12,3130,3130,1,,expired
LSE-002693,PROP-00967,RES-01835,2025-01-12,2027-01-12,24,3240,3240,0,,active
LSE-002694,PROP-00968,RES-01836,2022-03-25,2023-03-25,12,3130,3130,0,,expired
LSE-002695,PROP-00968,RES-01837,2023-05-17,2025-05-17,24,3250,3250,0,,expired
LSE-002696,PROP-00968,RES-01837,2025-07-26,2027-07-26,24,3440,3440,1,LSE-002695,active
LSE-002697,PROP-00969,RES-01838,2023-05-17,2025-05-17,24,3210,3210,0,,expired
LSE-002698,PROP-00969,RES-01838,2025-07-22,2026-07-22,12,3485,3485,0,LSE-002697,expired
LSE-002699,PROP-00969,RES-01838,2026-08-16,2028-08-16,24,3650,3650,0,LSE-002698,active
LSE-002700,PROP-00970,RES-01839,2023-04-27,2024-10-27,18,2875,2875,0,,expired
LSE-002701,PROP-00970,RES-01839,2024-12-07,2025-12-07,12,2925,2925,1,LSE-002700,expired
LSE-002702,PROP-00970,RES-01839,2026-01-31,2027-01-31,12,3050,3050,0,LSE-002701,active
LSE-002703,PROP-00971,RES-01840,2022-03-02,2023-03-02,12,2840,1420,0,,expired
LSE-002704,PROP-00971,RES-01840,2023-04-02,2025-04-02,24,2915,2915,0,LSE-002703,expired
LSE-002705,PROP-00971,RES-01841,2025-05-23,2027-05-23,24,3135,3135,0,,active
LSE-002706,PROP-00972,RES-01842,2024-07-28,2025-07-28,12,3105,3105,0,,expired
LSE-002707,PROP-00972,RES-01843,2025-09-18,2027-09-18,24,3120,3120,0,,active
LSE-002708,PROP-00973,RES-01844,2024-06-19,2025-06-19,12,3335,3335,0,,expired
LSE-002709,PROP-00973,RES-01844,2025-08-19,2026-08-19,12,3405,1702,0,LSE-002708,expired
LSE-002710,PROP-00974,RES-01845,2023-07-03,2025-07-03,24,3280,3280,0,,expired
LSE-002711,PROP-00974,RES-01845,2025-08-02,2027-08-02,24,3530,3530,0,LSE-002710,active
LSE-002712,PROP-00975,RES-01846,2022-09-25,2024-03-25,18,3150,3150,0,,expired
LSE-002713,PROP-00975,RES-01846,2024-05-07,2025-05-07,12,3250,3250,1,LSE-002712,expired
LSE-002714,PROP-00975,RES-01847,2025-07-09,2027-07-09,24,3665,1832,0,,active
LSE-002715,PROP-00976,RES-01848,2023-08-18,2025-02-18,18,2815,1407,0,,expired
LSE-002716,PROP-00976,RES-01848,2025-04-18,2026-10-18,18,3095,3095,0,LSE-002715,active
LSE-002717,PROP-00977,RES-01849,2022-08-14,2024-08-14,24,2905,2905,0,,expired
LSE-002718,PROP-00977,RES-01850,2024-10-10,2026-10-10,24,2935,2935,0,,active
LSE-002719,PROP-00978,RES-01851,2023-09-15,2024-09-15,12,3165,1582,0,,evicted
LSE-002720,PROP-00978,RES-01852,2024-11-29,2026-11-29,24,3205,3205,0,,active
LSE-002721,PROP-00979,RES-01853,2022-07-09,2024-07-09,24,2105,2105,1,,expired
LSE-002722,PROP-00979,RES-01853,2024-08-06,2025-08-06,12,2270,2270,0,LSE-002721,expired
LSE-002723,PROP-00979,RES-01853,2025-09-06,2027-09-06,24,2375,2375,0,LSE-002722,active
LSE-002724,PROP-00980,RES-01854,2023-06-17,2024-06-17,12,1945,1945,0,,expired
LSE-002725,PROP-00980,RES-01854,2024-07-30,2025-07-30,12,2030,1015,0,LSE-002724,expired
LSE-002726,PROP-00980,RES-01855,2025-08-05,2027-08-05,24,2090,2090,0,,active
LSE-002727,PROP-00981,RES-01856,2023-06-26,2024-06-26,12,1865,1865,0,,expired
LSE-002728,PROP-00981,RES-01857,2024-07-01,2026-01-01,18,1995,1995,0,,expired
LSE-002729,PROP-00981,RES-01857,2026-01-14,2027-07-14,18,2070,1035,1,LSE-002728,active
LSE-002730,PROP-00982,RES-01858,2023-07-28,2024-07-28,12,1830,1830,0,,expired
LSE-002731,PROP-00982,RES-01858,2024-09-30,2025-09-30,12,1895,947,0,LSE-002730,expired
LSE-002732,PROP-00982,RES-01859,2025-12-10,2027-12-10,24,1965,1965,0,,active
LSE-002733,PROP-00983,RES-01860,2023-11-09,2025-11-09,24,1915,1915,0,,expired
LSE-002734,PROP-00983,RES-01860,2026-01-12,2028-01-12,24,1970,985,0,LSE-002733,active
LSE-002735,PROP-00984,RES-01861,2024-08-12,2025-08-12,12,2055,2055,0,,expired
LSE-002736,PROP-00984,RES-01861,2025-09-28,2027-03-28,18,2140,2140,0,LSE-002735,active
LSE-002737,PROP-00985,RES-01862,2023-06-11,2025-06-11,24,2170,2170,0,,expired
LSE-002738,PROP-00985,RES-01863,2025-08-05,2027-08-05,24,2230,2230,0,,active
LSE-002739,PROP-00986,RES-01864,2023-12-25,2025-06-25,18,1840,920,0,,expired
LSE-002740,PROP-00986,RES-01864,2025-09-02,2026-09-02,12,1920,960,1,LSE-002739,expired
LSE-002741,PROP-00987,RES-01865,2022-07-09,2024-07-09,24,1835,917,0,,expired
LSE-002742,PROP-00987,RES-01865,2024-08-26,2025-08-26,12,1945,1945,0,LSE-002741,expired
LSE-002743,PROP-00987,RES-01866,2025-09-02,2026-09-02,12,2050,1025,0,,expired
LSE-002744,PROP-00988,RES-01867,2023-04-20,2024-04-20,12,1960,1960,0,,expired
LSE-002745,PROP-00988,RES-01868,2024-06-27,2025-06-27,12,2010,2010,1,,expired
LSE-002746,PROP-00988,RES-01869,2025-07-28,2026-07-28,12,2115,2115,0,,expired
LSE-002747,PROP-00988,RES-01870,2026-09-10,2027-09-10,12,2080,1040,0,,active
LSE-002748,PROP-00989,RES-01871,2024-05-13,2025-05-13,12,1975,1975,0,,expired
LSE-002749,PROP-00989,RES-01871,2025-05-30,2026-05-30,12,2070,2070,0,LSE-002748,expired
LSE-002750,PROP-00989,RES-01871,2026-07-17,2027-07-17,12,2160,1080,0,LSE-002749,active
LSE-002751,PROP-00990,RES-01872,2024-01-08,2026-01-08,24,1840,1840,0,,expired
LSE-002752,PROP-00990,RES-01873,2026-02-16,2027-08-16,18,2030,2030,0,,active
LSE-002753,PROP-00991,RES-01874,2022-07-06,2023-07-06,12,2110,1055,0,,expired
LSE-002754,PROP-00991,RES-01875,2023-08-04,2024-08-04,12,2235,1117,0,,expired
LSE-002755,PROP-00991,RES-01876,2024-08-11,2026-02-11,18,2225,2225,0,,expired
LSE-002756,PROP-00991,RES-01877,2026-04-23,2028-04-23,24,2370,1185,0,,active
LSE-002757,PROP-00992,RES-01878,2021-12-05,2023-12-05,24,1935,967,0,,expired
LSE-002758,PROP-00992,RES-01878,2023-12-21,2024-12-21,12,2025,2025,0,LSE-002757,expired
LSE-002759,PROP-00992,RES-01879,2025-02-01,2027-02-01,24,1905,1905,0,,active
LSE-002760,PROP-00993,RES-01880,2023-07-04,2025-07-04,24,2180,1090,0,,expired
LSE-002761,PROP-00993,RES-01881,2025-09-07,2027-03-07,18,2265,2265,0,,active
LSE-002762,PROP-00994,RES-01882,2023-01-04,2025-01-04,24,2100,2100,1,,expired
LSE-002763,PROP-00994,RES-01883,2025-01-11,2026-01-11,12,2170,2170,0,,expired
LSE-002764,PROP-00994,RES-01884,2026-01-19,2027-01-19,12,2170,2170,0,,active
LSE-002765,PROP-00995,RES-01885,2023-08-22,2025-08-22,24,1825,912,0,,expired
LSE-002766,PROP-00995,RES-01886,2025-10-12,2027-10-12,24,1950,1950,0,,active
LSE-002767,PROP-00996,RES-01887,2022-09-03,2024-03-03,18,2100,2100,1,,expired
LSE-002768,PROP-00996,RES-01887,2024-05-02,2025-05-02,12,2180,1090,0,LSE-002767,expired
LSE-002769,PROP-00996,RES-01887,2025-06-09,2027-06-09,24,2265,2265,0,LSE-002768,active
LSE-002770,PROP-00997,RES-01888,2023-08-05,2025-08-05,24,1840,1840,0,,expired
LSE-002771,PROP-00997,RES-01888,2025-09-25,2027-09-25,24,1895,1895,0,LSE-002770,active
LSE-002772,PROP-00998,RES-01889,2023-07-24,2025-07-24,24,1985,1985,0,,expired
LSE-002773,PROP-00998,RES-01890,2025-10-06,2026-10-06,12,2020,1010,0,,active
LSE-002774,PROP-00999,RES-01891,2023-09-22,2024-09-22,12,2220,2220,0,,expired
LSE-002775,PROP-00999,RES-01891,2024-10-15,2026-10-15,24,2265,1132,0,LSE-002774,active
LSE-002776,PROP-01000,RES-01892,2022-01-21,2023-01-21,12,1890,1890,0,,expired
LSE-002777,PROP-01000,RES-01892,2023-04-03,2025-04-03,24,1945,972,0,LSE-002776,expired
LSE-002778,PROP-01000,RES-01893,2025-05-07,2026-05-07,12,2060,2060,0,,expired
LSE-002779,PROP-01000,RES-01893,2026-07-12,2027-07-12,12,2125,1062,0,LSE-002778,active
LSE-002780,PROP-01001,RES-01894,2023-06-24,2025-06-24,24,2170,2170,0,,expired
LSE-002781,PROP-01001,RES-01895,2025-07-04,2026-07-04,12,2315,2315,0,,expired
LSE-002782,PROP-01001,RES-01895,2026-07-13,2027-07-13,12,2375,2375,0,LSE-002781,active
LSE-002783,PROP-01002,RES-01896,2023-10-04,2025-10-04,24,1850,925,0,,expired
LSE-002784,PROP-01002,RES-01896,2025-11-05,2026-11-05,12,1875,1875,0,LSE-002783,active
LSE-002785,PROP-01003,RES-01897,2024-03-01,2025-03-01,12,2145,1072,1,,expired
LSE-002786,PROP-01003,RES-01898,2025-04-18,2026-04-18,12,2315,2315,0,,expired
LSE-002787,PROP-01003,RES-01898,2026-05-27,2027-05-27,12,2355,2355,0,LSE-002786,active
LSE-002788,PROP-01004,RES-01899,2022-02-05,2024-02-05,24,2160,2160,0,,expired
LSE-002789,PROP-01004,RES-01900,2024-03-28,2025-03-28,12,2230,1115,0,,expired
LSE-002790,PROP-01004,RES-01901,2025-06-06,2026-06-06,12,2330,1165,0,,expired
LSE-002791,PROP-01004,RES-01901,2026-07-17,2028-07-17,24,2370,2370,0,LSE-002790,active
LSE-002792,PROP-01005,RES-01902,2023-11-28,2025-11-28,24,2140,2140,0,,expired
LSE-002793,PROP-01005,RES-01903,2025-12-12,2027-12-12,24,2140,2140,0,,active
LSE-002794,PROP-01006,RES-01904,2024-12-22,2025-12-22,12,1945,1945,0,,expired
LSE-002795,PROP-01006,RES-01904,2026-01-25,2027-01-25,12,1980,990,0,LSE-002794,active
LSE-002796,PROP-01007,RES-01905,2023-02-13,2024-02-13,12,2180,2180,0,,expired
LSE-002797,PROP-01007,RES-01905,2024-02-29,2026-02-28,24,2215,2215,0,LSE-002796,expired
LSE-002798,PROP-01007,RES-01905,2026-04-22,2028-04-22,24,2275,2275,0,LSE-002797,active
LSE-002799,PROP-01008,RES-01906,2023-03-18,2025-03-18,24,1905,1905,1,,expired
LSE-002800,PROP-01008,RES-01907,2025-05-01,2026-05-01,12,2000,2000,0,,expired
LSE-002801,PROP-01008,RES-01907,2026-07-08,2027-07-08,12,2085,1042,0,LSE-002800,active
LSE-002802,PROP-01009,RES-01908,2022-08-23,2024-02-23,18,1865,1865,1,,expired
LSE-002803,PROP-01009,RES-01908,2024-03-20,2026-03-20,24,1945,1945,0,LSE-002802,expired
LSE-002804,PROP-01009,RES-01909,2026-05-14,2027-11-14,18,2140,2140,0,,active
LSE-002805,PROP-01010,RES-01910,2022-09-13,2024-09-13,24,1845,1845,1,,expired
LSE-002806,PROP-01010,RES-01910,2024-11-15,2025-11-15,12,1935,967,0,LSE-002805,expired
LSE-002807,PROP-01010,RES-01910,2026-01-07,2027-01-07,12,1990,1990,0,LSE-002806,active
LSE-002808,PROP-01011,RES-01911,2024-01-28,2026-01-28,24,2075,1037,0,,expired
LSE-002809,PROP-01011,RES-01911,2026-04-06,2027-04-06,12,2205,1102,0,LSE-002808,active
LSE-002810,PROP-01012,RES-01912,2025-01-18,2027-01-18,24,2175,2175,0,,active
LSE-002811,PROP-01013,RES-01913,2022-08-18,2023-08-18,12,2125,2125,0,,expired
LSE-002812,PROP-01013,RES-01914,2023-10-02,2025-10-02,24,2165,2165,1,,expired
LSE-002813,PROP-01013,RES-01915,2025-11-08,2027-11-08,24,2200,1100,0,,active
LSE-002814,PROP-01014,RES-01916,2022-06-23,2023-06-23,12,2135,1067,0,,expired
LSE-002815,PROP-01014,RES-01916,2023-07-27,2024-07-27,12,2220,1110,0,LSE-002814,expired
LSE-002816,PROP-01014,RES-01917,2024-09-12,2026-09-12,24,2175,2175,0,,expired
LSE-002817,PROP-01015,RES-01918,2023-08-10,2024-08-10,12,2090,1045,0,,expired
LSE-002818,PROP-01015,RES-01919,2024-08-20,2026-02-20,18,2260,1130,0,,expired
LSE-002819,PROP-01015,RES-01920,2026-03-29,2028-03-29,24,2325,1162,0,,active
LSE-002820,PROP-01016,RES-01921,2022-07-18,2024-07-18,24,1880,940,0,,expired
LSE-002821,PROP-01016,RES-01921,2024-08-25,2025-08-25,12,1915,957,0,LSE-002820,terminated-early
LSE-002822,PROP-01016,RES-01922,2025-10-10,2026-10-10,12,1915,1915,0,,active
LSE-002823,PROP-01017,RES-01923,2022-03-14,2024-03-14,24,2135,2135,0,,expired
LSE-002824,PROP-01017,RES-01923,2024-03-28,2025-09-28,18,2240,2240,0,LSE-002823,expired
LSE-002825,PROP-01017,RES-01923,2025-11-19,2027-11-19,24,2325,1162,0,LSE-002824,active
LSE-002826,PROP-01018,RES-01924,2023-06-06,2024-06-06,12,2165,2165,0,,expired
LSE-002827,PROP-01018,RES-01924,2024-08-18,2025-08-18,12,2220,2220,0,LSE-002826,expired
LSE-002828,PROP-01018,RES-01925,2025-10-22,2027-10-22,24,2265,2265,0,,active
LSE-002829,PROP-01019,RES-01926,2022-09-22,2024-09-22,24,1890,1890,0,,expired
LSE-002830,PROP-01019,RES-01926,2024-11-19,2025-11-19,12,1950,1950,0,LSE-002829,expired
LSE-002831,PROP-01019,RES-01927,2026-01-21,2027-01-21,12,1925,962,0,,active
LSE-002832,PROP-01020,RES-01928,2022-06-11,2024-06-11,24,1930,1930,0,,expired
LSE-002833,PROP-01020,RES-01929,2024-07-23,2026-01-23,18,1985,1985,0,,expired
LSE-002834,PROP-01020,RES-01929,2026-04-07,2027-04-07,12,2060,2060,0,LSE-002833,active
LSE-002835,PROP-01021,RES-01930,2022-06-23,2023-06-23,12,2185,2185,0,,expired
LSE-002836,PROP-01021,RES-01930,2023-08-01,2025-08-01,24,2235,2235,1,LSE-002835,expired
LSE-002837,PROP-01021,RES-01931,2025-08-28,2026-08-28,12,2275,2275,0,,expired
LSE-002838,PROP-01022,RES-01932,2023-07-11,2024-07-11,12,2155,2155,0,,expired
LSE-002839,PROP-01022,RES-01933,2024-08-16,2026-08-16,24,2330,2330,1,,expired
LSE-002840,PROP-01023,RES-01934,2023-03-11,2025-03-11,24,1900,1900,1,,expired
LSE-002841,PROP-01023,RES-01934,2025-05-01,2026-05-01,12,2050,2050,0,LSE-002840,expired
LSE-002842,PROP-01023,RES-01934,2026-05-18,2027-05-18,12,2095,2095,0,LSE-002841,active
LSE-002843,PROP-01024,RES-01935,2023-09-23,2024-09-23,12,2070,1035,0,,expired
LSE-002844,PROP-01024,RES-01936,2024-09-29,2025-09-29,12,2180,1090,0,,expired
LSE-002845,PROP-01024,RES-01936,2025-11-14,2027-11-14,24,2265,1132,0,LSE-002844,active
LSE-002846,PROP-01025,RES-01937,2023-08-21,2025-02-21,18,1875,1875,1,,expired
LSE-002847,PROP-01025,RES-01938,2025-04-15,2027-04-15,24,2045,2045,0,,active
LSE-002848,PROP-01026,RES-01939,2022-04-21,2023-04-21,12,2205,1102,0,,expired
LSE-002849,PROP-01026,RES-01940,2023-06-22,2025-06-22,24,2135,1067,1,,expired
LSE-002850,PROP-01026,RES-01941,2025-08-05,2027-08-05,24,2335,1167,0,,active
LSE-002851,PROP-01027,RES-01942,2022-06-01,2023-12-01,18,2155,2155,0,,expired
LSE-002852,PROP-01027,RES-01942,2024-01-17,2025-01-17,12,2235,2235,1,LSE-002851,expired
LSE-002853,PROP-01027,RES-01943,2025-02-21,2026-02-21,12,2145,2145,0,,expired
LSE-002854,PROP-01027,RES-01944,2026-03-21,2027-03-21,12,2270,2270,1,,active
LSE-002855,PROP-01028,RES-01945,2021-12-02,2022-12-02,12,1910,955,0,,expired
LSE-002856,PROP-01028,RES-01946,2022-12-27,2023-12-27,12,1880,1880,0,,expired
LSE-002857,PROP-01028,RES-01946,2024-01-08,2025-01-08,12,1960,1960,1,LSE-002856,expired
LSE-002858,PROP-01028,RES-01947,2025-02-23,2027-02-23,24,1950,1950,0,,active
LSE-002859,PROP-01029,RES-01948,2023-07-16,2025-07-16,24,1910,1910,0,,expired
LSE-002860,PROP-01029,RES-01948,2025-08-26,2027-08-26,24,2030,2030,0,LSE-002859,active
LSE-002861,PROP-01030,RES-01949,2024-12-20,2026-12-20,24,1855,927,0,,active
LSE-002862,PROP-01031,RES-01950,2022-01-10,2023-01-10,12,2075,2075,0,,expired
LSE-002863,PROP-01031,RES-01951,2023-01-20,2024-01-20,12,1990,1990,1,,expired
LSE-002864,PROP-01031,RES-01952,2024-03-18,2025-03-18,12,2035,2035,0,,expired
LSE-002865,PROP-01031,RES-01952,2025-05-10,2026-05-10,12,2145,2145,1,LSE-002864,expired
LSE-002866,PROP-01031,RES-01952,2026-06-22,2027-06-22,12,2305,1152,0,LSE-002865,active
LSE-002867,PROP-01032,RES-01953,2024-03-16,2026-03-16,24,2075,2075,0,,expired
LSE-002868,PROP-01032,RES-01954,2026-05-14,2027-05-14,12,2275,2275,0,,active
LSE-002869,PROP-01033,RES-01955,2022-07-20,2024-07-20,24,2095,2095,0,,expired
LSE-002870,PROP-01033,RES-01956,2024-08-13,2025-08-13,12,2200,1100,0,,expired
LSE-002871,PROP-01033,RES-01957,2025-09-25,2027-03-25,18,2270,1135,0,,active
LSE-002872,PROP-01034,RES-01958,2023-07-27,2025-07-27,24,2000,1000,0,,expired
LSE-002873,PROP-01034,RES-01958,2025-08-07,2027-02-07,18,2100,2100,0,LSE-002872,active
LSE-002874,PROP-01035,RES-01959,2022-01-16,2024-01-16,24,1965,1965,0,,expired
LSE-002875,PROP-01035,RES-01960,2024-02-11,2026-02-11,24,1980,1980,0,,expired
LSE-002876,PROP-01035,RES-01961,2026-02-22,2028-02-22,24,2125,1062,0,,active
LSE-002877,PROP-01036,RES-01962,2024-02-22,2025-08-22,18,2030,1015,1,,expired
LSE-002878,PROP-01036,RES-01963,2025-09-28,2026-09-28,12,2170,2170,0,,expired
LSE-002879,PROP-01037,RES-01964,2024-11-14,2026-11-14,24,2035,2035,0,,active
LSE-002880,PROP-01038,RES-01965,2023-06-14,2024-12-14,18,2110,1055,0,,expired
LSE-002881,PROP-01038,RES-01966,2025-02-15,2026-02-15,12,2135,2135,1,,expired
LSE-002882,PROP-01038,RES-01967,2026-03-08,2028-03-08,24,2275,1137,0,,active
LSE-002883,PROP-01039,RES-01968,2023-09-09,2025-09-09,24,2010,2010,0,,expired
LSE-002884,PROP-01039,RES-01969,2025-10-20,2027-10-20,24,2210,2210,0,,active
LSE-002885,PROP-01040,RES-01970,2023-11-22,2024-11-22,12,1980,990,0,,expired
LSE-002886,PROP-01040,RES-01971,2024-12-19,2025-12-19,12,2025,2025,0,,expired
LSE-002887,PROP-01040,RES-01971,2026-02-17,2028-02-17,24,2135,2135,0,LSE-002886,active
LSE-002888,PROP-01041,RES-01972,2023-07-13,2025-07-13,24,2075,2075,0,,expired
LSE-002889,PROP-01041,RES-01973,2025-09-08,2026-09-08,12,2180,1090,0,,expired
LSE-002890,PROP-01041,RES-01974,2026-09-26,2028-09-26,24,2240,2240,0,,active
LSE-002891,PROP-01042,RES-01975,2022-08-04,2024-08-04,24,2085,1042,0,,terminated-early
LSE-002892,PROP-01042,RES-01976,2024-09-01,2026-09-01,24,2080,2080,1,,expired
LSE-002893,PROP-01043,RES-01977,2023-03-18,2024-03-18,12,2005,1002,0,,expired
LSE-002894,PROP-01043,RES-01978,2024-05-27,2026-05-27,24,2180,2180,0,,expired
LSE-002895,PROP-01043,RES-01978,2026-07-01,2027-07-01,12,2270,2270,0,LSE-002894,active
LSE-002896,PROP-01044,RES-01979,2023-03-15,2024-03-15,12,1990,1990,0,,expired
LSE-002897,PROP-01044,RES-01979,2024-04-29,2026-04-29,24,2075,1037,0,LSE-002896,expired
LSE-002898,PROP-01044,RES-01980,2026-06-27,2028-06-27,24,2320,2320,0,,active
LSE-002899,PROP-01045,RES-01981,2024-01-21,2026-01-21,24,1950,975,0,,expired
LSE-002900,PROP-01045,RES-01982,2026-02-04,2027-02-04,12,2145,1072,1,,active
LSE-002901,PROP-01046,RES-01983,2022-10-25,2024-10-25,24,1960,980,0,,expired
LSE-002902,PROP-01046,RES-01984,2024-11-02,2025-11-02,12,2000,2000,0,,expired
LSE-002903,PROP-01046,RES-01985,2025-12-03,2026-12-03,12,2085,2085,0,,active
LSE-002904,PROP-01047,RES-01986,2023-06-07,2024-12-07,18,2055,1027,0,,expired
LSE-002905,PROP-01047,RES-01986,2025-01-16,2027-01-16,24,2145,2145,0,LSE-002904,active
LSE-002906,PROP-01048,RES-01987,2024-05-13,2025-11-13,18,2200,1100,0,,expired
LSE-002907,PROP-01048,RES-01988,2025-12-03,2026-12-03,12,2080,2080,1,,active
LSE-002908,PROP-01049,RES-01989,2023-03-20,2024-09-20,18,2085,1042,0,,expired
LSE-002909,PROP-01049,RES-01990,2024-11-08,2026-11-08,24,2085,1042,0,,active
LSE-002910,PROP-01050,RES-01991,2023-12-19,2024-12-19,12,1940,1940,0,,expired
LSE-002911,PROP-01050,RES-01991,2024-12-30,2026-06-30,18,2005,2005,0,LSE-002910,expired
LSE-002912,PROP-01050,RES-01992,2026-09-13,2028-09-13,24,2190,2190,0,,active
LSE-002913,PROP-01051,RES-01993,2023-02-05,2025-02-05,24,2060,1030,0,,expired
LSE-002914,PROP-01051,RES-01993,2025-04-12,2027-04-12,24,2175,2175,0,LSE-002913,active
LSE-002915,PROP-01052,RES-01994,2022-06-28,2024-06-28,24,2080,2080,0,,expired
LSE-002916,PROP-01052,RES-01995,2024-07-13,2025-07-13,12,2220,1110,0,,expired
LSE-002917,PROP-01052,RES-01996,2025-08-24,2026-08-24,12,2170,2170,1,,expired
LSE-002918,PROP-01052,RES-01996,2026-09-08,2028-09-08,24,2210,1105,0,LSE-002917,active
LSE-002919,PROP-01053,RES-01997,2024-03-06,2025-03-06,12,2090,2090,0,,expired
LSE-002920,PROP-01053,RES-01998,2025-05-03,2026-05-03,12,2285,2285,0,,expired
LSE-002921,PROP-01053,RES-01998,2026-07-16,2028-01-16,18,2335,2335,0,LSE-002920,active
LSE-002922,PROP-01054,RES-01999,2022-07-23,2024-01-23,18,2040,1020,0,,expired
LSE-002923,PROP-01054,RES-01999,2024-02-28,2025-02-28,12,2060,2060,0,LSE-002922,expired
LSE-002924,PROP-01054,RES-01999,2025-04-20,2026-04-20,12,2115,1057,0,LSE-002923,expired
LSE-002925,PROP-01054,RES-02000,2026-05-02,2027-11-02,18,2250,2250,0,,active
LSE-002926,PROP-01055,RES-02001,2023-09-14,2025-03-14,18,2065,1032,1,,expired
LSE-002927,PROP-01055,RES-02002,2025-05-09,2027-05-09,24,2190,1095,0,,active
LSE-002928,PROP-01056,RES-02003,2024-03-06,2026-03-06,24,2080,1040,0,,expired
LSE-002929,PROP-01056,RES-02004,2026-03-31,2028-03-31,24,2315,2315,0,,active
LSE-002930,PROP-01057,RES-02005,2023-07-05,2024-07-05,12,2070,2070,0,,expired
LSE-002931,PROP-01057,RES-02005,2024-07-10,2026-07-10,24,2160,2160,0,LSE-002930,expired
LSE-002932,PROP-01057,RES-02005,2026-08-05,2027-08-05,12,2355,1177,0,LSE-002931,active
LSE-002933,PROP-01058,RES-02006,2023-10-06,2025-10-06,24,2065,1032,0,,expired
LSE-002934,PROP-01058,RES-02007,2025-12-18,2026-12-18,12,2080,2080,0,,active
LSE-002935,PROP-01059,RES-02008,2022-08-08,2024-02-08,18,2575,2575,0,,expired
LSE-002936,PROP-01059,RES-02008,2024-04-14,2026-04-14,24,2690,2690,0,LSE-002935,expired
LSE-002937,PROP-01059,RES-02009,2026-06-22,2028-06-22,24,2965,2965,0,,active
LSE-002938,PROP-01060,RES-02010,2022-11-12,2023-11-12,12,2675,1337,0,,expired
LSE-002939,PROP-01060,RES-02011,2023-12-23,2025-12-23,24,2640,2640,1,,expired
LSE-002940,PROP-01060,RES-02011,2026-02-14,2027-02-14,12,2705,2705,1,LSE-002939,active
LSE-002941,PROP-01061,RES-02012,2024-02-05,2025-02-05,12,2520,1260,0,,expired
LSE-002942,PROP-01061,RES-02012,2025-03-24,2027-03-24,24,2635,1317,0,LSE-002941,active
LSE-002943,PROP-01062,RES-02013,2023-07-21,2024-07-21,12,2590,2590,1,,expired
LSE-002944,PROP-01062,RES-02014,2024-09-09,2026-09-09,24,2690,2690,1,,expired
LSE-002945,PROP-01063,RES-02015,2023-12-23,2024-12-23,12,2515,2515,0,,expired
LSE-002946,PROP-01063,RES-02015,2024-12-30,2025-12-30,12,2610,1305,0,LSE-002945,expired
LSE-002947,PROP-01063,RES-02015,2026-02-18,2027-02-18,12,2770,2770,0,LSE-002946,active
LSE-002948,PROP-01064,RES-02016,2022-04-21,2024-04-21,24,2585,2585,0,,expired
LSE-002949,PROP-01064,RES-02016,2024-05-31,2025-11-30,18,2690,2690,0,LSE-002948,expired
LSE-002950,PROP-01064,RES-02016,2026-01-25,2028-01-25,24,2755,2755,0,LSE-002949,active
LSE-002951,PROP-01065,RES-02017,2022-07-27,2024-07-27,24,2630,2630,0,,expired
LSE-002952,PROP-01065,RES-02017,2024-09-02,2026-09-02,24,2755,2755,0,LSE-002951,expired
LSE-002953,PROP-01066,RES-02018,2023-03-13,2024-09-13,18,2665,2665,0,,expired
LSE-002954,PROP-01066,RES-02018,2024-11-22,2026-05-22,18,2755,1377,0,LSE-002953,expired
LSE-002955,PROP-01066,RES-02019,2026-06-02,2028-06-02,24,2895,2895,1,,active
LSE-002956,PROP-01067,RES-02020,2022-09-02,2024-09-02,24,2645,1322,0,,expired
LSE-002957,PROP-01067,RES-02020,2024-10-24,2025-10-24,12,2715,1357,0,LSE-002956,expired
LSE-002958,PROP-01067,RES-02020,2025-12-17,2027-12-17,24,2790,2790,0,LSE-002957,active
LSE-002959,PROP-01068,RES-02021,2023-06-22,2024-06-22,12,2530,2530,0,,expired
LSE-002960,PROP-01068,RES-02022,2024-08-24,2025-08-24,12,2780,2780,0,,expired
LSE-002961,PROP-01068,RES-02022,2025-10-06,2027-10-06,24,2890,2890,0,LSE-002960,active
LSE-002962,PROP-01069,RES-02023,2024-03-17,2025-03-17,12,2765,2765,0,,expired
LSE-002963,PROP-01069,RES-02023,2025-04-25,2027-04-25,24,2875,2875,0,LSE-002962,active
LSE-002964,PROP-01070,RES-02024,2023-09-12,2024-09-12,12,2550,2550,0,,expired
LSE-002965,PROP-01070,RES-02024,2024-09-23,2026-03-23,18,2735,1367,1,LSE-002964,expired
LSE-002966,PROP-01070,RES-02025,2026-04-09,2027-04-09,12,2820,2820,0,,active
LSE-002967,PROP-01071,RES-02026,2023-03-04,2025-03-04,24,2685,1342,0,,expired
LSE-002968,PROP-01071,RES-02026,2025-04-13,2027-04-13,24,2810,2810,1,LSE-002967,active
LSE-002969,PROP-01072,RES-02027,2023-09-04,2025-09-04,24,2500,2500,0,,expired
LSE-002970,PROP-01072,RES-02028,2025-10-10,2027-10-10,24,2675,2675,0,,active
LSE-002971,PROP-01073,RES-02029,2024-03-16,2025-03-16,12,2665,1332,0,,expired
LSE-002972,PROP-01073,RES-02029,2025-05-03,2027-05-03,24,2740,2740,0,LSE-002971,active
LSE-002973,PROP-01074,RES-02030,2022-04-04,2024-04-04,24,2660,2660,0,,expired
LSE-002974,PROP-01074,RES-02031,2024-06-08,2026-06-08,24,2705,2705,0,,expired
LSE-002975,PROP-01074,RES-02032,2026-07-03,2027-07-03,12,2815,2815,0,,active
LSE-002976,PROP-01075,RES-02033,2023-08-26,2024-08-26,12,2620,2620,0,,expired
LSE-002977,PROP-01075,RES-02033,2024-10-11,2025-10-11,12,2700,2700,0,LSE-002976,expired
LSE-002978,PROP-01075,RES-02033,2025-11-03,2027-11-03,24,2745,2745,0,LSE-002977,active
LSE-002979,PROP-01076,RES-02034,2022-03-09,2023-03-09,12,2590,2590,0,,expired
LSE-002980,PROP-01076,RES-02034,2023-03-26,2024-09-26,18,2670,1335,0,LSE-002979,expired
LSE-002981,PROP-01076,RES-02035,2024-11-17,2025-11-17,12,2685,2685,0,,expired
LSE-002982,PROP-01076,RES-02035,2026-01-08,2027-01-08,12,2730,2730,0,LSE-002981,active
LSE-002983,PROP-01077,RES-02036,2023-06-01,2024-12-01,18,2040,2040,0,,expired
LSE-002984,PROP-01077,RES-02037,2025-01-05,2027-01-05,24,2030,2030,0,,active
LSE-002985,PROP-01078,RES-02038,2022-11-28,2024-05-28,18,2290,1145,0,,expired
LSE-002986,PROP-01078,RES-02038,2024-07-14,2025-07-14,12,2345,2345,0,LSE-002985,expired
LSE-002987,PROP-01078,RES-02039,2025-08-26,2026-08-26,12,2515,2515,1,,expired
LSE-002988,PROP-01079,RES-02040,2022-03-06,2023-03-06,12,1975,987,0,,expired
LSE-002989,PROP-01079,RES-02041,2023-04-10,2025-04-10,24,2035,2035,0,,expired
LSE-002990,PROP-01079,RES-02041,2025-06-19,2026-06-19,12,2175,2175,0,LSE-002989,terminated-early
LSE-002991,PROP-01079,RES-02042,2026-08-04,2027-08-04,12,2290,2290,0,,active
LSE-002992,PROP-01080,RES-02043,2023-06-08,2024-06-08,12,2030,1015,0,,expired
LSE-002993,PROP-01080,RES-02043,2024-07-03,2026-07-03,24,2145,2145,1,LSE-002992,expired
LSE-002994,PROP-01080,RES-02043,2026-09-06,2028-09-06,24,2200,2200,0,LSE-002993,active
LSE-002995,PROP-01081,RES-02044,2024-03-20,2025-03-20,12,2130,2130,0,,expired
LSE-002996,PROP-01081,RES-02044,2025-05-30,2027-05-30,24,2250,2250,0,LSE-002995,active
LSE-002997,PROP-01082,RES-02045,2023-05-03,2024-05-03,12,2275,2275,0,,expired
LSE-002998,PROP-01082,RES-02045,2024-06-13,2026-06-13,24,2425,2425,0,LSE-002997,terminated-early
LSE-002999,PROP-01082,RES-02046,2026-07-14,2027-07-14,12,2580,1290,0,,active
LSE-003000,PROP-01083,RES-02047,2024-03-25,2026-03-25,24,2380,1190,0,,expired
LSE-003001,PROP-01083,RES-02048,2026-04-20,2027-04-20,12,2485,1242,0,,active
LSE-003002,PROP-01084,RES-02049,2023-10-10,2025-10-10,24,2280,2280,0,,expired
LSE-003003,PROP-01084,RES-02049,2025-11-07,2026-11-07,12,2380,1190,0,LSE-003002,active
LSE-003004,PROP-01085,RES-02050,2023-01-07,2024-07-07,18,2065,2065,0,,expired
LSE-003005,PROP-01085,RES-02050,2024-07-30,2025-07-30,12,2190,2190,0,LSE-003004,expired
LSE-003006,PROP-01085,RES-02050,2025-08-19,2027-08-19,24,2265,2265,0,LSE-003005,active
LSE-003007,PROP-01086,RES-02051,2023-11-07,2024-11-07,12,2210,1105,0,,expired
LSE-003008,PROP-01086,RES-02052,2024-12-10,2025-12-10,12,2395,2395,0,,expired
LSE-003009,PROP-01086,RES-02052,2026-02-10,2028-02-10,24,2475,2475,0,LSE-003008,active
LSE-003010,PROP-01087,RES-02053,2022-06-18,2023-06-18,12,2050,2050,0,,expired
LSE-003011,PROP-01087,RES-02054,2023-06-24,2024-12-24,18,1975,1975,0,,expired
LSE-003012,PROP-01087,RES-02054,2025-01-22,2027-01-22,24,2085,2085,0,LSE-003011,active
LSE-003013,PROP-01088,RES-02055,2024-10-01,2025-10-01,12,2130,2130,0,,expired
LSE-003014,PROP-01088,RES-02056,2025-11-26,2026-11-26,12,2215,2215,0,,active
LSE-003015,PROP-01089,RES-02057,2022-07-15,2023-07-15,12,2240,2240,0,,expired
LSE-003016,PROP-01089,RES-02057,2023-07-21,2025-07-21,24,2295,2295,0,LSE-003015,expired
LSE-003017,PROP-01089,RES-02057,2025-08-03,2027-08-03,24,2460,1230,0,LSE-003016,active
LSE-003018,PROP-01090,RES-02058,2024-05-03,2025-11-03,18,2485,2485,0,,expired
LSE-003019,PROP-01090,RES-02059,2025-11-23,2026-11-23,12,2415,2415,0,,active
LSE-003020,PROP-01091,RES-02060,2022-05-28,2024-05-28,24,2270,2270,0,,expired
LSE-003021,PROP-01091,RES-02060,2024-07-05,2025-07-05,12,2425,1212,1,LSE-003020,expired
LSE-003022,PROP-01091,RES-02060,2025-07-25,2027-07-25,24,2500,2500,0,LSE-003021,active
LSE-003023,PROP-01092,RES-02061,2023-08-12,2024-08-12,12,1975,1975,0,,expired
LSE-003024,PROP-01092,RES-02061,2024-10-01,2026-10-01,24,2105,2105,0,LSE-003023,active
LSE-003025,PROP-01093,RES-02062,2024-03-04,2025-03-04,12,2125,2125,1,,expired
LSE-003026,PROP-01093,RES-02063,2025-05-07,2027-05-07,24,2230,2230,1,,active
LSE-003027,PROP-01094,RES-02064,2023-04-18,2024-04-18,12,2325,2325,0,,expired
LSE-003028,PROP-01094,RES-02065,2024-05-18,2025-05-18,12,2450,2450,0,,expired
LSE-003029,PROP-01094,RES-02065,2025-06-17,2026-06-17,12,2570,1285,0,LSE-003028,expired
LSE-003030,PROP-01094,RES-02065,2026-06-30,2028-06-30,24,2695,1347,0,LSE-003029,active
LSE-003031,PROP-01095,RES-02066,2022-07-22,2023-07-22,12,2200,2200,0,,expired
LSE-003032,PROP-01095,RES-02066,2023-08-12,2025-02-12,18,2265,2265,0,LSE-003031,expired
LSE-003033,PROP-01095,RES-02066,2025-03-03,2026-03-03,12,2400,2400,0,LSE-003032,expired
LSE-003034,PROP-01095,RES-02066,2026-04-04,2027-04-04,12,2555,1277,0,LSE-003033,active
LSE-003035,PROP-01096,RES-02067,2024-09-14,2026-09-14,24,2365,2365,0,,expired
LSE-003036,PROP-01096,RES-02067,2026-09-25,2027-09-25,12,2520,2520,0,LSE-003035,active
LSE-003037,PROP-01097,RES-02068,2022-05-10,2023-05-10,12,1980,1980,0,,expired
LSE-003038,PROP-01097,RES-02069,2023-07-16,2024-07-16,12,1965,1965,0,,expired
LSE-003039,PROP-01097,RES-02070,2024-08-31,2026-02-28,18,2195,2195,0,,expired
LSE-003040,PROP-01097,RES-02070,2026-04-08,2028-04-08,24,2335,1167,0,LSE-003039,active
LSE-003041,PROP-01098,RES-02071,2023-08-23,2025-08-23,24,2240,2240,0,,expired
LSE-003042,PROP-01098,RES-02072,2025-09-25,2026-09-25,12,2460,1230,0,,expired
LSE-003043,PROP-01099,RES-02073,2023-07-12,2025-07-12,24,1980,1980,0,,expired
LSE-003044,PROP-01099,RES-02073,2025-08-02,2027-02-02,18,2220,1110,0,LSE-003043,active
LSE-003045,PROP-01100,RES-02074,2023-04-10,2024-04-10,12,1990,995,0,,expired
LSE-003046,PROP-01100,RES-02075,2024-05-13,2025-05-13,12,2140,1070,1,,expired
LSE-003047,PROP-01100,RES-02075,2025-06-11,2027-06-11,24,2235,2235,1,LSE-003046,active
LSE-003048,PROP-01101,RES-02076,2023-07-05,2024-07-05,12,2270,1135,0,,expired
LSE-003049,PROP-01101,RES-02077,2024-08-05,2026-08-05,24,2395,2395,0,,expired
LSE-003050,PROP-01101,RES-02078,2026-09-09,2028-09-09,24,2535,2535,0,,active
LSE-003051,PROP-01102,RES-02079,2022-01-22,2024-01-22,24,2240,2240,0,,expired
LSE-003052,PROP-01102,RES-02080,2024-02-20,2026-02-20,24,2275,2275,0,,expired
LSE-003053,PROP-01102,RES-02081,2026-04-22,2028-04-22,24,2555,2555,1,,active
LSE-003054,PROP-01103,RES-02082,2023-05-25,2024-05-25,12,2050,2050,0,,expired
LSE-003055,PROP-01103,RES-02083,2024-06-09,2026-06-09,24,2140,1070,0,,expired
LSE-003056,PROP-01103,RES-02083,2026-06-25,2027-06-25,12,2335,1167,0,LSE-003055,active
LSE-003057,PROP-01104,RES-02084,2024-08-04,2026-08-04,24,2150,2150,0,,expired
LSE-003058,PROP-01105,RES-02085,2023-11-26,2024-11-26,12,1960,1960,0,,expired
LSE-003059,PROP-01105,RES-02085,2024-12-10,2025-12-10,12,2015,2015,0,LSE-003058,expired
LSE-003060,PROP-01105,RES-02085,2025-12-16,2027-12-16,24,2175,2175,0,LSE-003059,active
LSE-003061,PROP-01106,RES-02086,2024-05-13,2025-05-13,12,2435,1217,0,,expired
LSE-003062,PROP-01106,RES-02087,2025-06-14,2027-06-14,24,2570,2570,0,,active
LSE-003063,PROP-01107,RES-02088,2023-02-13,2025-02-13,24,2055,2055,0,,expired
LSE-003064,PROP-01107,RES-02088,2025-03-21,2026-03-21,12,2135,2135,0,LSE-003063,expired
LSE-003065,PROP-01107,RES-02088,2026-04-06,2027-04-06,12,2285,1142,0,LSE-003064,active
LSE-003066,PROP-01108,RES-02089,2022-05-13,2024-05-13,24,2035,2035,0,,expired
LSE-003067,PROP-01108,RES-02089,2024-07-09,2026-07-09,24,2095,1047,1,LSE-003066,expired
LSE-003068,PROP-01108,RES-02090,2026-09-19,2027-09-19,12,2275,2275,0,,active
LSE-003069,PROP-01109,RES-02091,2021-12-07,2023-06-07,18,2065,2065,0,,expired
LSE-003070,PROP-01109,RES-02091,2023-08-10,2024-08-10,12,2090,2090,0,LSE-003069,expired
LSE-003071,PROP-01109,RES-02092,2024-09-03,2026-09-03,24,2140,2140,0,,expired
LSE-003072,PROP-01110,RES-02093,2022-07-26,2024-07-26,24,2035,2035,0,,expired
LSE-003073,PROP-01110,RES-02094,2024-08-23,2026-02-23,18,2085,1042,0,,expired
LSE-003074,PROP-01110,RES-02095,2026-04-26,2027-04-26,12,2310,2310,0,,active
LSE-003075,PROP-01111,RES-02096,2023-05-19,2024-05-19,12,2040,2040,0,,expired
LSE-003076,PROP-01111,RES-02096,2024-06-07,2026-06-07,24,2125,2125,0,LSE-003075,expired
LSE-003077,PROP-01111,RES-02096,2026-06-13,2027-12-13,18,2285,2285,0,LSE-003076,active
LSE-003078,PROP-01112,RES-02097,2024-09-23,2025-09-23,12,2375,1187,0,,expired
LSE-003079,PROP-01112,RES-02097,2025-11-13,2027-11-13,24,2435,2435,1,LSE-003078,active
LSE-003080,PROP-01113,RES-02098,2023-04-23,2025-04-23,24,2250,1125,0,,expired
LSE-003081,PROP-01113,RES-02098,2025-06-26,2027-06-26,24,2485,1242,0,LSE-003080,active
LSE-003082,PROP-01114,RES-02099,2024-06-05,2025-12-05,18,2275,2275,0,,expired
LSE-003083,PROP-01114,RES-02099,2026-01-08,2027-01-08,12,2340,2340,0,LSE-003082,active
LSE-003084,PROP-01115,RES-02100,2022-10-24,2023-10-24,12,2105,1052,0,,expired
LSE-003085,PROP-01115,RES-02100,2023-11-11,2024-11-11,12,2150,1075,0,LSE-003084,expired
LSE-003086,PROP-01115,RES-02100,2025-01-19,2027-01-19,24,2210,2210,0,LSE-003085,active
LSE-003087,PROP-01116,RES-02101,2022-09-18,2023-09-18,12,2215,1107,1,,expired
LSE-003088,PROP-01116,RES-02102,2023-10-25,2025-10-25,24,2320,1160,1,,expired
LSE-003089,PROP-01116,RES-02102,2026-01-08,2027-07-08,18,2390,1195,0,LSE-003088,active
LSE-003090,PROP-01117,RES-02103,2024-09-30,2026-03-30,18,2430,2430,1,,expired
LSE-003091,PROP-01117,RES-02104,2026-06-08,2028-06-08,24,2645,1322,0,,active
LSE-003092,PROP-01118,RES-02105,2022-04-26,2024-04-26,24,2285,2285,0,,expired
LSE-003093,PROP-01118,RES-02106,2024-07-04,2025-07-04,12,2465,2465,1,,expired
LSE-003094,PROP-01118,RES-02107,2025-08-26,2027-08-26,24,2500,2500,0,,active
LSE-003095,PROP-01119,RES-02108,2023-06-09,2025-06-09,24,2260,1130,0,,expired
LSE-003096,PROP-01119,RES-02109,2025-08-10,2027-08-10,24,2530,2530,0,,active
LSE-003097,PROP-01120,RES-02110,2022-04-29,2023-10-29,18,2085,1042,0,,expired
LSE-003098,PROP-01120,RES-02110,2023-11-13,2025-05-13,18,2140,2140,0,LSE-003097,expired
LSE-003099,PROP-01120,RES-02111,2025-07-23,2026-07-23,12,2240,2240,0,,expired
LSE-003100,PROP-01120,RES-02112,2026-08-07,2028-08-07,24,2285,1142,0,,active
LSE-003101,PROP-01121,RES-02113,2024-03-15,2026-03-15,24,2060,2060,0,,expired
LSE-003102,PROP-01121,RES-02113,2026-04-22,2027-04-22,12,2230,1115,0,LSE-003101,active
LSE-003103,PROP-01122,RES-02114,2025-03-07,2026-03-07,12,2410,2410,0,,expired
LSE-003104,PROP-01122,RES-02115,2026-05-17,2027-11-17,18,2495,2495,0,,active
LSE-003105,PROP-01123,RES-02116,2025-03-06,2026-03-06,12,2215,1107,0,,expired
LSE-003106,PROP-01123,RES-02116,2026-04-05,2027-04-05,12,2310,2310,0,LSE-003105,active
LSE-003107,PROP-01124,RES-02117,2024-01-27,2025-07-27,18,2170,1085,0,,expired
LSE-003108,PROP-01124,RES-02118,2025-09-18,2026-09-18,12,2360,2360,0,,expired
LSE-003109,PROP-01125,RES-02119,2023-05-20,2025-05-20,24,2185,2185,0,,expired
LSE-003110,PROP-01125,RES-02120,2025-07-13,2027-07-13,24,2400,2400,0,,active
LSE-003111,PROP-01126,RES-02121,2023-12-06,2024-12-06,12,2170,2170,1,,terminated-early
LSE-003112,PROP-01126,RES-02122,2024-12-26,2026-06-26,18,2225,2225,0,,expired
LSE-003113,PROP-01126,RES-02122,2026-07-31,2027-07-31,12,2460,1230,0,LSE-003112,active
LSE-003114,PROP-01127,RES-02123,2023-06-22,2024-06-22,12,2265,2265,0,,expired
LSE-003115,PROP-01127,RES-02124,2024-08-05,2025-08-05,12,2305,1152,1,,expired
LSE-003116,PROP-01127,RES-02125,2025-08-16,2026-08-16,12,2370,1185,0,,expired
LSE-003117,PROP-01128,RES-02126,2023-05-19,2024-05-19,12,2165,2165,0,,expired
LSE-003118,PROP-01128,RES-02127,2024-07-18,2026-01-18,18,2365,2365,0,,expired
LSE-003119,PROP-01128,RES-02128,2026-03-19,2028-03-19,24,2375,2375,0,,active
LSE-003120,PROP-01129,RES-02129,2023-02-05,2025-02-05,24,2125,2125,0,,expired
LSE-003121,PROP-01129,RES-02129,2025-02-11,2026-02-11,12,2295,2295,0,LSE-003120,expired
LSE-003122,PROP-01129,RES-02129,2026-04-05,2028-04-05,24,2345,2345,0,LSE-003121,active
LSE-003123,PROP-01130,RES-02130,2023-11-09,2024-11-09,12,2110,1055,0,,expired
LSE-003124,PROP-01130,RES-02131,2024-12-10,2026-06-10,18,2175,1087,0,,expired
LSE-003125,PROP-01130,RES-02131,2026-08-10,2027-08-10,12,2435,2435,0,LSE-003124,active
LSE-003126,PROP-01131,RES-02132,2023-04-27,2025-04-27,24,2160,2160,0,,expired
LSE-003127,PROP-01131,RES-02132,2025-06-21,2027-06-21,24,2345,1172,0,LSE-003126,active
LSE-003128,PROP-01132,RES-02133,2023-10-19,2025-04-19,18,2145,2145,0,,expired
LSE-003129,PROP-01132,RES-02134,2025-05-19,2026-05-19,12,2385,2385,1,,expired
LSE-003130,PROP-01132,RES-02134,2026-07-07,2028-07-07,24,2435,2435,0,LSE-003129,active
LSE-003131,PROP-01133,RES-02135,2022-09-02,2023-09-02,12,2185,2185,0,,expired
LSE-003132,PROP-01133,RES-02136,2023-09-10,2024-09-10,12,2095,2095,0,,expired
LSE-003133,PROP-01133,RES-02137,2024-10-16,2026-04-16,18,2270,2270,1,,expired
LSE-003134,PROP-01133,RES-02137,2026-05-27,2027-05-27,12,2450,1225,0,LSE-003133,active
LSE-003135,PROP-01134,RES-02138,2021-12-28,2022-12-28,12,2180,2180,0,,expired
LSE-003136,PROP-01134,RES-02139,2023-01-13,2025-01-13,24,2140,1070,1,,expired
LSE-003137,PROP-01134,RES-02139,2025-01-28,2027-01-28,24,2235,1117,0,LSE-003136,active
LSE-003138,PROP-01135,RES-02140,2024-03-19,2025-03-19,12,2305,2305,0,,expired
LSE-003139,PROP-01135,RES-02141,2025-05-12,2027-05-12,24,2475,2475,0,,active
LSE-003140,PROP-01136,RES-02142,2024-02-14,2025-02-14,12,2320,2320,0,,expired
LSE-003141,PROP-01136,RES-02143,2025-03-07,2026-03-07,12,2375,1187,0,,expired
LSE-003142,PROP-01136,RES-02144,2026-04-07,2028-04-07,24,2540,1270,0,,active
LSE-003143,PROP-01137,RES-02145,2022-06-07,2024-06-07,24,2230,1115,0,,expired
LSE-003144,PROP-01137,RES-02145,2024-06-27,2025-06-27,12,2290,1145,1,LSE-003143,expired
LSE-003145,PROP-01137,RES-02145,2025-07-30,2027-07-30,24,2380,2380,0,LSE-003144,active
LSE-003146,PROP-01138,RES-02146,2023-07-21,2025-01-21,18,2180,2180,0,,expired
LSE-003147,PROP-01138,RES-02146,2025-02-08,2027-02-08,24,2280,2280,0,LSE-003146,active
LSE-003148,PROP-01139,RES-02147,2023-05-13,2025-05-13,24,2235,2235,0,,expired
LSE-003149,PROP-01139,RES-02147,2025-06-01,2027-06-01,24,2460,1230,0,LSE-003148,active
LSE-003150,PROP-01140,RES-02148,2023-07-01,2024-07-01,12,2190,2190,0,,expired
LSE-003151,PROP-01140,RES-02148,2024-07-30,2025-07-30,12,2275,2275,1,LSE-003150,expired
LSE-003152,PROP-01140,RES-02149,2025-10-11,2026-10-11,12,2355,2355,0,,active
LSE-003153,PROP-01141,RES-02150,2022-04-13,2024-04-13,24,2195,2195,0,,expired
LSE-003154,PROP-01141,RES-02150,2024-05-24,2025-05-24,12,2310,2310,0,LSE-003153,expired
LSE-003155,PROP-01141,RES-02150,2025-06-01,2027-06-01,24,2425,1212,0,LSE-003154,active
LSE-003156,PROP-01142,RES-02151,2022-06-16,2023-06-16,12,2105,2105,0,,expired
LSE-003157,PROP-01142,RES-02151,2023-08-18,2025-08-18,24,2190,2190,0,LSE-003156,expired
LSE-003158,PROP-01142,RES-02152,2025-10-03,2027-10-03,24,2335,2335,0,,active
LSE-003159,PROP-01143,RES-02153,2023-08-17,2024-08-17,12,2270,2270,0,,expired
LSE-003160,PROP-01143,RES-02153,2024-10-13,2025-10-13,12,2315,1157,1,LSE-003159,expired
LSE-003161,PROP-01143,RES-02154,2025-12-17,2026-12-17,12,2300,2300,0,,active
LSE-003162,PROP-01144,RES-02155,2023-07-21,2024-07-21,12,2190,2190,0,,expired
LSE-003163,PROP-01144,RES-02156,2024-09-16,2025-09-16,12,2360,1180,0,,expired
LSE-003164,PROP-01144,RES-02157,2025-11-21,2026-11-21,12,2300,2300,0,,active
LSE-003165,PROP-01145,RES-02158,2022-11-28,2024-05-28,18,2270,2270,0,,expired
LSE-003166,PROP-01145,RES-02159,2024-07-25,2026-07-25,24,2435,2435,0,,expired
LSE-003167,PROP-01145,RES-02160,2026-08-30,2027-08-30,12,2605,2605,0,,active
LSE-003168,PROP-01146,RES-02161,2022-07-11,2024-07-11,24,2140,2140,0,,expired
LSE-003169,PROP-01146,RES-02161,2024-08-08,2025-08-08,12,2290,1145,0,LSE-003168,expired
LSE-003170,PROP-01146,RES-02162,2025-10-12,2026-10-12,12,2335,1167,1,,active
LSE-003171,PROP-01147,RES-02163,2022-06-28,2024-06-28,24,2190,1095,0,,expired
LSE-003172,PROP-01147,RES-02163,2024-08-20,2025-08-20,12,2290,2290,0,LSE-003171,expired
LSE-003173,PROP-01147,RES-02163,2025-09-27,2027-09-27,24,2395,2395,0,LSE-003172,active
LSE-003174,PROP-01148,RES-02164,2023-04-07,2024-04-07,12,2175,2175,0,,expired
LSE-003175,PROP-01148,RES-02165,2024-05-11,2025-05-11,12,2280,1140,0,,expired
LSE-003176,PROP-01148,RES-02165,2025-05-27,2026-05-27,12,2405,2405,1,LSE-003175,expired
LSE-003177,PROP-01148,RES-02166,2026-07-09,2028-01-09,18,2545,2545,0,,active
LSE-003178,PROP-01149,RES-02167,2022-11-23,2024-05-23,18,2140,2140,0,,expired
LSE-003179,PROP-01149,RES-02168,2024-06-28,2026-06-28,24,2385,2385,0,,expired
LSE-003180,PROP-01149,RES-02168,2026-08-09,2027-08-09,12,2480,1240,0,LSE-003179,active
LSE-003181,PROP-01150,RES-02169,2022-09-20,2023-09-20,12,2220,1110,0,,expired
LSE-003182,PROP-01150,RES-02170,2023-11-14,2025-05-14,18,2180,1090,1,,expired
LSE-003183,PROP-01150,RES-02171,2025-06-24,2026-06-24,12,2440,2440,0,,expired
LSE-003184,PROP-01150,RES-02171,2026-07-08,2028-07-08,24,2545,2545,0,LSE-003183,active
LSE-003185,PROP-01151,RES-02172,2024-03-16,2025-03-16,12,2375,1187,0,,expired
LSE-003186,PROP-01151,RES-02173,2025-04-19,2026-04-19,12,2485,1242,0,,expired
LSE-003187,PROP-01151,RES-02174,2026-06-21,2028-06-21,24,2530,2530,0,,active
LSE-003188,PROP-01152,RES-02175,2022-05-18,2023-05-18,12,2260,2260,0,,expired
LSE-003189,PROP-01152,RES-02175,2023-06-06,2024-12-06,18,2330,2330,0,LSE-003188,expired
LSE-003190,PROP-01152,RES-02176,2025-02-15,2026-02-15,12,2350,2350,0,,expired
LSE-003191,PROP-01152,RES-02177,2026-03-31,2027-03-31,12,2420,1210,0,,active
LSE-003192,PROP-01153,RES-02178,2022-08-15,2023-08-15,12,2145,2145,1,,expired
LSE-003193,PROP-01153,RES-02178,2023-10-22,2025-10-22,24,2235,1117,0,LSE-003192,expired
LSE-003194,PROP-01153,RES-02179,2025-10-28,2026-10-28,12,2250,1125,0,,active
LSE-003195,PROP-01154,RES-02180,2023-09-08,2025-03-08,18,2195,2195,0,,expired
LSE-003196,PROP-01154,RES-02180,2025-05-08,2027-05-08,24,2250,1125,0,LSE-003195,active
LSE-003197,PROP-01155,RES-02181,2022-06-28,2023-06-28,12,2230,2230,0,,expired
LSE-003198,PROP-01155,RES-02182,2023-08-19,2025-08-19,24,2160,2160,0,,expired
LSE-003199,PROP-01155,RES-02183,2025-09-28,2027-09-28,24,2365,2365,0,,active
LSE-003200,PROP-01156,RES-02184,2023-07-17,2024-07-17,12,2180,2180,0,,expired
LSE-003201,PROP-01156,RES-02185,2024-08-13,2025-08-13,12,2415,2415,0,,expired
LSE-003202,PROP-01156,RES-02186,2025-10-13,2027-10-13,24,2370,2370,0,,active
LSE-003203,PROP-01157,RES-02187,2023-02-27,2025-02-27,24,2210,2210,0,,expired
LSE-003204,PROP-01157,RES-02187,2025-04-08,2026-04-08,12,2365,1182,0,LSE-003203,expired
LSE-003205,PROP-01157,RES-02188,2026-06-21,2027-12-21,18,2560,1280,1,,active
LSE-003206,PROP-01158,RES-02189,2023-03-11,2025-03-11,24,2130,2130,1,,expired
LSE-003207,PROP-01158,RES-02189,2025-03-19,2027-03-19,24,2200,2200,0,LSE-003206,active
LSE-003208,PROP-01159,RES-02190,2022-07-04,2023-07-04,12,2120,2120,0,,expired
LSE-003209,PROP-01159,RES-02190,2023-07-15,2025-01-15,18,2175,2175,0,LSE-003208,expired
LSE-003210,PROP-01159,RES-02191,2025-03-14,2027-03-14,24,2255,1127,0,,active
LSE-003211,PROP-01160,RES-02192,2023-03-10,2025-03-10,24,2115,2115,0,,expired
LSE-003212,PROP-01160,RES-02193,2025-05-12,2027-05-12,24,2400,2400,0,,active
LSE-003213,PROP-01161,RES-02194,2023-07-09,2025-07-09,24,2155,1077,0,,expired
LSE-003214,PROP-01161,RES-02194,2025-08-02,2027-08-02,24,2260,1130,1,LSE-003213,active
LSE-003215,PROP-01162,RES-02195,2023-06-18,2024-06-18,12,2195,2195,0,,expired
LSE-003216,PROP-01162,RES-02195,2024-06-27,2026-06-27,24,2295,1147,0,LSE-003215,expired
LSE-003217,PROP-01162,RES-02196,2026-07-29,2028-07-29,24,2560,1280,1,,active
LSE-003218,PROP-01163,RES-02197,2022-03-05,2023-03-05,12,2190,1095,0,,expired
LSE-003219,PROP-01163,RES-02197,2023-03-22,2024-03-22,12,2255,1127,0,LSE-003218,expired
LSE-003220,PROP-01163,RES-02197,2024-04-20,2025-04-20,12,2330,1165,1,LSE-003219,expired
LSE-003221,PROP-01163,RES-02198,2025-04-28,2026-04-28,12,2425,2425,0,,expired
LSE-003222,PROP-01163,RES-02199,2026-06-18,2027-06-18,12,2550,1275,0,,active
LSE-003223,PROP-01164,RES-02200,2024-03-24,2026-03-24,24,2220,2220,0,,expired
LSE-003224,PROP-01164,RES-02201,2026-05-09,2028-05-09,24,2480,2480,0,,active
LSE-003225,PROP-01165,RES-02202,2022-04-18,2023-04-18,12,2190,2190,1,,expired
LSE-003226,PROP-01165,RES-02203,2023-05-09,2024-05-09,12,2150,1075,0,,expired
LSE-003227,PROP-01165,RES-02204,2024-05-31,2025-11-30,18,2340,2340,0,,expired
LSE-003228,PROP-01165,RES-02205,2025-12-28,2027-12-28,24,2315,1157,0,,active
LSE-003229,PROP-01166,RES-02206,2023-09-13,2025-09-13,24,2780,2780,0,,expired
LSE-003230,PROP-01166,RES-02206,2025-10-25,2026-10-25,12,2915,2915,0,LSE-003229,active
LSE-003231,PROP-01167,RES-02207,2024-06-01,2026-06-01,24,2910,2910,0,,expired
LSE-003232,PROP-01167,RES-02207,2026-08-12,2027-08-12,12,2940,2940,0,LSE-003231,active
LSE-003233,PROP-01168,RES-02208,2024-01-20,2025-01-20,12,2585,2585,0,,expired
LSE-003234,PROP-01168,RES-02208,2025-03-24,2026-03-24,12,2690,1345,0,LSE-003233,expired
LSE-003235,PROP-01168,RES-02208,2026-04-08,2028-04-08,24,2845,2845,0,LSE-003234,active
LSE-003236,PROP-01169,RES-02209,2023-05-10,2025-05-10,24,2745,2745,0,,expired
LSE-003237,PROP-01169,RES-02209,2025-05-16,2026-05-16,12,2965,1482,0,LSE-003236,expired
LSE-003238,PROP-01169,RES-02210,2026-06-09,2028-06-09,24,3045,3045,0,,active
LSE-003239,PROP-01170,RES-02211,2023-07-20,2024-07-20,12,2645,2645,0,,expired
LSE-003240,PROP-01170,RES-02212,2024-07-31,2025-07-31,12,2855,1427,1,,expired
LSE-003241,PROP-01170,RES-02212,2025-10-09,2027-10-09,24,2960,1480,0,LSE-003240,active
LSE-003242,PROP-01171,RES-02213,2023-05-03,2025-05-03,24,2705,2705,0,,terminated-early
LSE-003243,PROP-01171,RES-02214,2025-06-21,2027-06-21,24,2975,2975,0,,active
LSE-003244,PROP-01172,RES-02215,2023-07-01,2025-07-01,24,2625,2625,0,,expired
LSE-003245,PROP-01172,RES-02215,2025-07-06,2027-07-06,24,2720,2720,0,LSE-003244,active
LSE-003246,PROP-01173,RES-02216,2025-03-07,2026-03-07,12,2855,2855,1,,expired
LSE-003247,PROP-01173,RES-02216,2026-03-23,2027-03-23,12,2945,2945,0,LSE-003246,active
LSE-003248,PROP-01174,RES-02217,2024-01-24,2025-01-24,12,2710,2710,0,,expired
LSE-003249,PROP-01174,RES-02217,2025-02-01,2027-02-01,24,2800,2800,0,LSE-003248,active
LSE-003250,PROP-01175,RES-02218,2021-11-08,2023-11-08,24,2700,2700,0,,expired
LSE-003251,PROP-01175,RES-02218,2023-12-23,2025-06-23,18,2795,1397,0,LSE-003250,expired
LSE-003252,PROP-01175,RES-02219,2025-06-28,2027-06-28,24,2880,2880,0,,active
LSE-003253,PROP-01176,RES-02220,2024-11-09,2025-11-09,12,2745,2745,0,,expired
LSE-003254,PROP-01176,RES-02221,2025-12-28,2026-12-28,12,2805,2805,0,,active
LSE-003255,PROP-01177,RES-02222,2024-01-23,2026-01-23,24,2665,2665,0,,expired
LSE-003256,PROP-01177,RES-02222,2026-04-02,2027-04-02,12,2925,2925,0,LSE-003255,active
LSE-003257,PROP-01178,RES-02223,2022-06-24,2023-12-24,18,2650,1325,0,,expired
LSE-003258,PROP-01178,RES-02224,2024-01-07,2025-01-07,12,2610,1305,0,,expired
LSE-003259,PROP-01178,RES-02224,2025-01-30,2026-01-30,12,2690,2690,0,LSE-003258,expired
LSE-003260,PROP-01178,RES-02224,2026-04-10,2027-04-10,12,2825,1412,0,LSE-003259,active
LSE-003261,PROP-01179,RES-02225,2024-03-26,2026-03-26,24,2770,1385,0,,expired
LSE-003262,PROP-01179,RES-02225,2026-05-25,2028-05-25,24,2935,2935,0,LSE-003261,active
LSE-003263,PROP-01180,RES-02226,2023-11-26,2025-11-26,24,2620,2620,0,,expired
LSE-003264,PROP-01180,RES-02226,2025-12-30,2027-12-30,24,2745,2745,0,LSE-003263,active
LSE-003265,PROP-01181,RES-02227,2022-06-10,2024-06-10,24,2680,2680,0,,expired
LSE-003266,PROP-01181,RES-02227,2024-08-23,2025-08-23,12,2750,2750,0,LSE-003265,expired
LSE-003267,PROP-01181,RES-02228,2025-08-31,2027-08-31,24,2890,2890,0,,active
LSE-003268,PROP-01182,RES-02229,2023-10-08,2025-10-08,24,2555,2555,0,,expired
LSE-003269,PROP-01182,RES-02229,2025-12-01,2026-12-01,12,2680,2680,0,LSE-003268,active
LSE-003270,PROP-01183,RES-02230,2022-07-08,2023-07-08,12,2645,2645,0,,expired
LSE-003271,PROP-01183,RES-02231,2023-09-09,2024-09-09,12,2655,2655,0,,expired
LSE-003272,PROP-01183,RES-02231,2024-10-03,2026-10-03,24,2765,2765,0,LSE-003271,active
LSE-003273,PROP-01184,RES-02232,2022-04-12,2023-04-12,12,2655,2655,0,,expired
LSE-003274,PROP-01184,RES-02232,2023-06-21,2025-06-21,24,2700,2700,0,LSE-003273,expired
LSE-003275,PROP-01184,RES-02233,2025-09-02,2027-09-02,24,2830,1415,0,,active
LSE-003276,PROP-01185,RES-02234,2023-06-18,2024-06-18,12,2710,2710,0,,expired
LSE-003277,PROP-01185,RES-02235,2024-07-22,2026-07-22,24,2860,2860,0,,expired
LSE-003278,PROP-01185,RES-02236,2026-09-11,2028-09-11,24,2880,1440,0,,active
LSE-003279,PROP-01186,RES-02237,2024-02-21,2026-02-21,24,2765,2765,0,,expired
LSE-003280,PROP-01186,RES-02238,2026-05-04,2028-05-04,24,2975,2975,0,,active
LSE-003281,PROP-01187,RES-02239,2022-07-04,2024-07-04,24,2655,2655,0,,expired
LSE-003282,PROP-01187,RES-02240,2024-07-10,2026-07-10,24,2855,1427,0,,expired
LSE-003283,PROP-01187,RES-02240,2026-09-05,2028-09-05,24,2915,1457,0,LSE-003282,active
LSE-003284,PROP-01188,RES-02241,2022-06-19,2023-06-19,12,2615,2615,0,,expired
LSE-003285,PROP-01188,RES-02241,2023-07-06,2024-07-06,12,2715,2715,0,LSE-003284,expired
LSE-003286,PROP-01188,RES-02241,2024-09-07,2025-09-07,12,2845,1422,0,LSE-003285,expired
LSE-003287,PROP-01188,RES-02241,2025-09-23,2027-09-23,24,2910,2910,0,LSE-003286,active
LSE-003288,PROP-01189,RES-02242,2023-01-20,2025-01-20,24,2650,2650,0,,expired
LSE-003289,PROP-01189,RES-02243,2025-03-24,2026-03-24,12,2760,1380,0,,expired
LSE-003290,PROP-01189,RES-02244,2026-06-04,2027-06-04,12,2945,1472,0,,active
LSE-003291,PROP-01190,RES-02245,2024-02-15,2025-02-15,12,2640,2640,0,,expired
LSE-003292,PROP-01190,RES-02245,2025-04-30,2026-04-30,12,2750,1375,0,LSE-003291,expired
LSE-003293,PROP-01190,RES-02245,2026-06-16,2028-06-16,24,2845,2845,0,LSE-003292,active
LSE-003294,PROP-01191,RES-02246,2022-05-14,2023-05-14,12,2685,2685,1,,expired
LSE-003295,PROP-01191,RES-02247,2023-07-23,2025-07-23,24,2700,2700,1,,expired
LSE-003296,PROP-01191,RES-02247,2025-08-13,2026-08-13,12,2900,2900,0,LSE-003295,expired
LSE-003297,PROP-01192,RES-02248,2023-07-08,2025-01-08,18,2710,1355,1,,expired
LSE-003298,PROP-01192,RES-02249,2025-02-19,2027-02-19,24,2805,2805,1,,active
LSE-003299,PROP-01193,RES-02250,2023-11-27,2024-11-27,12,2620,2620,0,,expired
LSE-003300,PROP-01193,RES-02251,2025-01-11,2027-01-11,24,2825,2825,0,,active
LSE-003301,PROP-01194,RES-02252,2022-07-12,2024-01-12,18,2630,2630,0,,expired
LSE-003302,PROP-01194,RES-02253,2024-01-25,2026-01-25,24,2740,1370,0,,expired
LSE-003303,PROP-01194,RES-02254,2026-04-08,2028-04-08,24,3015,1507,0,,active
LSE-003304,PROP-01195,RES-02255,2021-11-09,2023-05-09,18,2700,2700,1,,expired
LSE-003305,PROP-01195,RES-02256,2023-07-14,2025-07-14,24,2680,2680,0,,expired
LSE-003306,PROP-01195,RES-02256,2025-08-13,2026-08-13,12,2895,2895,0,LSE-003305,expired
LSE-003307,PROP-01196,RES-02257,2022-12-16,2023-12-16,12,2685,2685,0,,expired
LSE-003308,PROP-01196,RES-02257,2024-02-11,2026-02-11,24,2765,2765,0,LSE-003307,expired
LSE-003309,PROP-01196,RES-02257,2026-03-04,2028-03-04,24,2860,2860,0,LSE-003308,active
LSE-003310,PROP-01197,RES-02258,2022-06-09,2023-12-09,18,2740,1370,0,,expired
LSE-003311,PROP-01197,RES-02258,2024-02-14,2025-08-14,18,2875,2875,0,LSE-003310,expired
LSE-003312,PROP-01197,RES-02259,2025-09-09,2027-09-09,24,2855,1427,0,,active
LSE-003313,PROP-01198,RES-02260,2022-11-22,2023-11-22,12,2720,2720,0,,expired
LSE-003314,PROP-01198,RES-02261,2024-01-02,2025-01-02,12,2730,2730,0,,expired
LSE-003315,PROP-01198,RES-02262,2025-02-26,2027-02-26,24,2685,2685,0,,active
LSE-003316,PROP-01199,RES-02263,2023-12-06,2025-06-06,18,2545,2545,0,,expired
LSE-003317,PROP-01199,RES-02263,2025-06-20,2026-06-20,12,2730,2730,0,LSE-003316,expired
LSE-003318,PROP-01199,RES-02263,2026-08-08,2027-08-08,12,2840,2840,0,LSE-003317,active
LSE-003319,PROP-01200,RES-02264,2024-02-20,2026-02-20,24,2615,2615,0,,expired
LSE-003320,PROP-01200,RES-02265,2026-03-28,2027-03-28,12,2865,2865,0,,active
LSE-003321,PROP-01201,RES-02266,2023-09-13,2025-09-13,24,2635,1317,0,,expired
LSE-003322,PROP-01201,RES-02266,2025-09-23,2027-09-23,24,2775,1387,0,LSE-003321,active
LSE-003323,PROP-01202,RES-02267,2022-06-18,2024-06-18,24,1840,920,0,,expired
LSE-003324,PROP-01202,RES-02267,2024-07-05,2026-07-05,24,1990,1990,0,LSE-003323,expired
LSE-003325,PROP-01202,RES-02267,2026-07-27,2027-07-27,12,2085,2085,0,LSE-003324,active
LSE-003326,PROP-01203,RES-02268,2023-01-06,2025-01-06,24,1865,932,0,,expired
LSE-003327,PROP-01203,RES-02269,2025-03-16,2026-03-16,12,2030,1015,0,,expired
LSE-003328,PROP-01203,RES-02270,2026-04-13,2027-04-13,12,2085,2085,0,,active
LSE-003329,PROP-01204,RES-02271,2023-09-10,2024-09-10,12,1845,922,0,,expired
LSE-003330,PROP-01204,RES-02272,2024-10-02,2025-10-02,12,1890,945,0,,expired
LSE-003331,PROP-01204,RES-02272,2025-10-26,2026-10-26,12,1970,1970,0,LSE-003330,active
LSE-003332,PROP-01205,RES-02273,2024-02-03,2026-02-03,24,1925,962,0,,expired
LSE-003333,PROP-01205,RES-02273,2026-02-20,2027-02-20,12,1955,977,1,LSE-003332,active
LSE-003334,PROP-01206,RES-02274,2023-03-16,2024-03-16,12,1705,1705,0,,expired
LSE-003335,PROP-01206,RES-02274,2024-05-17,2025-05-17,12,1770,885,0,LSE-003334,expired
LSE-003336,PROP-01206,RES-02274,2025-06-21,2026-06-21,12,1845,1845,0,LSE-003335,expired
LSE-003337,PROP-01206,RES-02274,2026-08-03,2027-08-03,12,1910,1910,0,LSE-003336,active
LSE-003338,PROP-01207,RES-02275,2024-11-27,2025-11-27,12,1735,1735,0,,expired
LSE-003339,PROP-01207,RES-02276,2026-01-31,2027-01-31,12,1765,1765,0,,active
LSE-003340,PROP-01208,RES-02277,2024-03-22,2025-09-22,18,1665,1665,0,,expired
LSE-003341,PROP-01208,RES-02277,2025-10-02,2026-10-02,12,1750,1750,0,LSE-003340,active
LSE-003342,PROP-01209,RES-02278,2023-04-22,2024-04-22,12,1650,825,0,,expired
LSE-003343,PROP-01209,RES-02279,2024-07-03,2025-07-03,12,1810,905,0,,expired
LSE-003344,PROP-01209,RES-02279,2025-09-04,2027-09-04,24,1895,947,1,LSE-003343,active
LSE-003345,PROP-01210,RES-02280,2023-02-16,2025-02-16,24,1895,1895,0,,expired
LSE-003346,PROP-01210,RES-02281,2025-03-31,2026-03-31,12,1945,1945,1,,expired
LSE-003347,PROP-01210,RES-02281,2026-04-21,2028-04-21,24,1995,1995,1,LSE-003346,active
LSE-003348,PROP-01211,RES-02282,2024-10-27,2026-04-27,18,1710,1710,0,,expired
LSE-003349,PROP-01211,RES-02283,2026-07-07,2028-07-07,24,1910,1910,0,,active
LSE-003350,PROP-01212,RES-02284,2023-04-10,2025-04-10,24,1885,942,0,,expired
LSE-003351,PROP-01212,RES-02284,2025-06-02,2026-12-02,18,1945,1945,0,LSE-003350,active
LSE-003352,PROP-01213,RES-02285,2024-01-11,2025-01-11,12,1635,817,1,,expired
LSE-003353,PROP-01213,RES-02285,2025-03-13,2027-03-13,24,1755,877,0,LSE-003352,active
LSE-003354,PROP-01214,RES-02286,2022-03-18,2023-03-18,12,1900,1900,0,,expired
LSE-003355,PROP-01214,RES-02287,2023-03-28,2024-03-28,12,1855,1855,0,,expired
LSE-003356,PROP-01214,RES-02287,2024-05-25,2025-05-25,12,1920,1920,0,LSE-003355,terminated-early
LSE-003357,PROP-01214,RES-02288,2025-06-29,2027-06-29,24,2055,1027,0,,active
LSE-003358,PROP-01215,RES-02289,2024-03-11,2026-03-11,24,1700,850,0,,expired
LSE-003359,PROP-01215,RES-02289,2026-03-31,2028-03-31,24,1775,1775,0,LSE-003358,active
LSE-003360,PROP-01216,RES-02290,2023-11-11,2025-05-11,18,1870,1870,0,,expired
LSE-003361,PROP-01216,RES-02290,2025-06-07,2026-06-07,12,1965,1965,0,LSE-003360,expired
LSE-003362,PROP-01216,RES-02290,2026-06-19,2027-06-19,12,1990,1990,0,LSE-003361,active
LSE-003363,PROP-01217,RES-02291,2022-11-27,2023-11-27,12,1900,950,1,,expired
LSE-003364,PROP-01217,RES-02292,2024-02-09,2025-08-09,18,1890,1890,0,,expired
LSE-003365,PROP-01217,RES-02292,2025-10-06,2026-10-06,12,1925,1925,0,LSE-003364,active
LSE-003366,PROP-01218,RES-02293,2024-03-19,2025-03-19,12,1700,850,1,,expired
LSE-003367,PROP-01218,RES-02294,2025-04-06,2027-04-06,24,1805,1805,0,,active
LSE-003368,PROP-01219,RES-02295,2023-07-02,2025-07-02,24,1645,1645,0,,expired
LSE-003369,PROP-01219,RES-02296,2025-08-31,2026-08-31,12,1775,1775,0,,expired
LSE-003370,PROP-01220,RES-02297,2022-07-23,2023-07-23,12,1705,852,0,,expired
LSE-003371,PROP-01220,RES-02298,2023-08-20,2025-08-20,24,1700,1700,0,,expired
LSE-003372,PROP-01220,RES-02299,2025-10-07,2026-10-07,12,1755,1755,1,,active
LSE-003373,PROP-01221,RES-02300,2023-08-18,2024-08-18,12,1640,1640,0,,expired
LSE-003374,PROP-01221,RES-02300,2024-10-09,2025-10-09,12,1715,1715,0,LSE-003373,expired
LSE-003375,PROP-01221,RES-02300,2025-11-25,2026-11-25,12,1785,892,0,LSE-003374,active
LSE-003376,PROP-01222,RES-02301,2023-07-07,2024-07-07,12,1900,950,0,,expired
LSE-003377,PROP-01222,RES-02301,2024-09-18,2025-09-18,12,1945,1945,0,LSE-003376,expired
LSE-003378,PROP-01222,RES-02301,2025-10-19,2027-04-19,18,1965,1965,0,LSE-003377,active
LSE-003379,PROP-01223,RES-02302,2023-08-24,2024-08-24,12,1840,1840,0,,expired
LSE-003380,PROP-01223,RES-02302,2024-09-14,2026-09-14,24,1925,962,0,LSE-003379,expired
LSE-003381,PROP-01224,RES-02303,2024-07-30,2025-07-30,12,1845,1845,0,,expired
LSE-003382,PROP-01224,RES-02304,2025-08-21,2026-08-21,12,1855,927,0,,expired
LSE-003383,PROP-01224,RES-02304,2026-08-26,2028-02-26,18,1875,937,0,LSE-003382,active
LSE-003384,PROP-01225,RES-02305,2022-08-16,2023-08-16,12,1895,1895,0,,expired
LSE-003385,PROP-01225,RES-02306,2023-09-22,2024-09-22,12,1810,905,0,,expired
LSE-003386,PROP-01225,RES-02307,2024-10-27,2026-10-27,24,1860,1860,0,,active
LSE-003387,PROP-01226,RES-02308,2023-07-16,2025-07-16,24,1725,1725,0,,expired
LSE-003388,PROP-01226,RES-02308,2025-08-02,2027-08-02,24,1790,1790,1,LSE-003387,active
LSE-003389,PROP-01227,RES-02309,2023-02-15,2024-08-15,18,1675,1675,0,,expired
LSE-003390,PROP-01227,RES-02309,2024-09-25,2025-09-25,12,1700,1700,1,LSE-003389,expired
LSE-003391,PROP-01227,RES-02310,2025-12-08,2027-12-08,24,1775,1775,0,,active
LSE-003392,PROP-01228,RES-02311,2022-06-01,2024-06-01,24,1875,937,0,,expired
LSE-003393,PROP-01228,RES-02311,2024-07-19,2026-07-19,24,2005,1002,0,LSE-003392,expired
LSE-003394,PROP-01228,RES-02311,2026-07-27,2028-07-27,24,2150,2150,1,LSE-003393,active
LSE-003395,PROP-01229,RES-02312,2024-03-27,2026-03-27,24,1970,1970,0,,expired
LSE-003396,PROP-01229,RES-02313,2026-04-30,2027-04-30,12,2090,2090,0,,active
LSE-003397,PROP-01230,RES-02314,2023-07-26,2024-07-26,12,1725,1725,0,,expired
LSE-003398,PROP-01230,RES-02315,2024-08-25,2025-08-25,12,1750,1750,0,,expired
LSE-003399,PROP-01230,RES-02315,2025-09-03,2027-09-03,24,1805,902,0,LSE-003398,active
LSE-003400,PROP-01231,RES-02316,2023-06-17,2024-06-17,12,1870,935,0,,expired
LSE-003401,PROP-01231,RES-02316,2024-07-17,2025-07-17,12,1995,997,0,LSE-003400,expired
LSE-003402,PROP-01231,RES-02316,2025-08-07,2026-08-07,12,2020,1010,0,LSE-003401,expired
LSE-003403,PROP-01231,RES-02316,2026-09-08,2028-09-08,24,2065,1032,0,LSE-003402,active
LSE-003404,PROP-01232,RES-02317,2022-06-05,2023-06-05,12,1650,1650,0,,expired
LSE-003405,PROP-01232,RES-02318,2023-07-29,2024-07-29,12,1625,812,0,,expired
LSE-003406,PROP-01232,RES-02318,2024-10-02,2025-10-02,12,1720,860,0,LSE-003405,expired
LSE-003407,PROP-01232,RES-02319,2025-11-07,2026-11-07,12,1775,887,0,,active
LSE-003408,PROP-01233,RES-02320,2023-04-25,2024-04-25,12,1695,1695,0,,expired
LSE-003409,PROP-01233,RES-02320,2024-06-23,2026-06-23,24,1720,1720,1,LSE-003408,expired
LSE-003410,PROP-01233,RES-02320,2026-08-28,2028-02-28,18,1880,940,1,LSE-003409,active
LSE-003411,PROP-01234,RES-02321,2023-11-24,2025-05-24,18,1895,1895,0,,expired
LSE-003412,PROP-01234,RES-02321,2025-06-17,2026-12-17,18,1985,1985,0,LSE-003411,active
LSE-003413,PROP-01235,RES-02322,2023-06-01,2025-06-01,24,1720,860,0,,expired
LSE-003414,PROP-01235,RES-02322,2025-07-22,2026-07-22,12,1790,1790,0,LSE-003413,expired
LSE-003415,PROP-01235,RES-02323,2026-09-15,2028-09-15,24,1795,1795,0,,active
LSE-003416,PROP-01236,RES-02324,2025-01-11,2027-01-11,24,1955,1955,1,,active
LSE-003417,PROP-01237,RES-02325,2021-11-25,2022-11-25,12,1940,1940,0,,expired
LSE-003418,PROP-01237,RES-02326,2022-12-20,2023-12-20,12,1920,1920,0,,expired
LSE-003419,PROP-01237,RES-02327,2024-02-24,2026-02-24,24,1965,982,0,,expired
LSE-003420,PROP-01237,RES-02328,2026-03-16,2027-03-16,12,2020,1010,0,,active
LSE-003421,PROP-01238,RES-02329,2023-09-21,2024-09-21,12,1705,1705,0,,expired
LSE-003422,PROP-01238,RES-02330,2024-10-11,2025-10-11,12,1720,1720,0,,expired
LSE-003423,PROP-01238,RES-02331,2025-12-08,2027-12-08,24,1725,1725,1,,active
LSE-003424,PROP-01239,RES-02332,2021-11-04,2022-11-04,12,1685,842,0,,expired
LSE-003425,PROP-01239,RES-02332,2022-12-04,2024-12-04,24,1715,1715,0,LSE-003424,expired
LSE-003426,PROP-01239,RES-02332,2025-01-26,2027-01-26,24,1740,870,0,LSE-003425,active
LSE-003427,PROP-01240,RES-02333,2023-06-02,2024-06-02,12,1715,857,0,,expired
LSE-003428,PROP-01240,RES-02334,2024-07-02,2025-07-02,12,1730,865,0,,expired
LSE-003429,PROP-01240,RES-02335,2025-07-18,2026-07-18,12,1870,1870,0,,expired
LSE-003430,PROP-01240,RES-02335,2026-08-26,2028-08-26,24,1945,972,0,LSE-003429,active
LSE-003431,PROP-01241,RES-02336,2023-06-23,2024-06-23,12,1660,830,0,,expired
LSE-003432,PROP-01241,RES-02336,2024-09-04,2026-09-04,24,1730,1730,0,LSE-003431,expired
LSE-003433,PROP-01242,RES-02337,2022-08-13,2024-08-13,24,2260,2260,1,,expired
LSE-003434,PROP-01242,RES-02338,2024-10-26,2025-10-26,12,2395,2395,0,,expired
LSE-003435,PROP-01242,RES-02338,2025-12-14,2026-12-14,12,2420,2420,0,LSE-003434,active
LSE-003436,PROP-01243,RES-02339,2024-09-05,2026-09-05,24,2400,2400,0,,expired
LSE-003437,PROP-01244,RES-02340,2022-12-14,2024-12-14,24,2330,2330,0,,expired
LSE-003438,PROP-01244,RES-02341,2025-02-01,2026-02-01,12,2490,2490,0,,expired
LSE-003439,PROP-01244,RES-02342,2026-04-12,2028-04-12,24,2600,2600,0,,active
LSE-003440,PROP-01245,RES-02343,2022-08-16,2023-08-16,12,2585,2585,0,,expired
LSE-003441,PROP-01245,RES-02343,2023-08-27,2024-08-27,12,2665,2665,0,LSE-003440,expired
LSE-003442,PROP-01245,RES-02344,2024-10-09,2026-10-09,24,2625,1312,0,,active
LSE-003443,PROP-01246,RES-02345,2023-10-05,2024-10-05,12,2300,2300,1,,expired
LSE-003444,PROP-01246,RES-02345,2024-11-07,2025-11-07,12,2330,1165,0,LSE-003443,expired
LSE-003445,PROP-01246,RES-02345,2025-11-19,2027-11-19,24,2405,2405,0,LSE-003444,active
LSE-003446,PROP-01247,RES-02346,2022-10-26,2024-10-26,24,2330,2330,0,,expired
LSE-003447,PROP-01247,RES-02347,2024-12-13,2025-12-13,12,2420,1210,0,,expired
LSE-003448,PROP-01247,RES-02348,2026-01-01,2027-01-01,12,2545,2545,0,,active
LSE-003449,PROP-01248,RES-02349,2023-06-03,2024-12-03,18,2675,2675,0,,expired
LSE-003450,PROP-01248,RES-02349,2024-12-17,2026-12-17,24,2725,1362,0,LSE-003449,active
LSE-003451,PROP-01249,RES-02350,2021-11-08,2023-05-08,18,2330,2330,0,,expired
LSE-003452,PROP-01249,RES-02351,2023-06-15,2024-06-15,12,2380,2380,1,,expired
LSE-003453,PROP-01249,RES-02352,2024-07-21,2025-07-21,12,2515,2515,0,,expired
LSE-003454,PROP-01249,RES-02352,2025-09-14,2027-03-14,18,2585,2585,1,LSE-003453,active
LSE-003455,PROP-01250,RES-02353,2022-07-28,2024-07-28,24,2405,2405,0,,expired
LSE-003456,PROP-01250,RES-02354,2024-10-04,2025-10-04,12,2480,2480,0,,expired
LSE-003457,PROP-01250,RES-02355,2025-11-24,2026-11-24,12,2490,2490,0,,active
LSE-003458,PROP-01251,RES-02356,2022-09-16,2023-09-16,12,2575,2575,1,,expired
LSE-003459,PROP-01251,RES-02357,2023-09-24,2024-09-24,12,2560,1280,0,,expired
LSE-003460,PROP-01251,RES-02358,2024-10-24,2026-10-24,24,2610,2610,0,,active
LSE-003461,PROP-01252,RES-02359,2023-05-05,2024-05-05,12,2535,2535,1,,expired
LSE-003462,PROP-01252,RES-02360,2024-06-08,2026-06-08,24,2765,1382,0,,expired
LSE-003463,PROP-01252,RES-02360,2026-08-18,2028-08-18,24,2875,2875,0,LSE-003462,active
LSE-003464,PROP-01253,RES-02361,2022-10-26,2023-10-26,12,2570,2570,0,,expired
LSE-003465,PROP-01253,RES-02362,2023-12-24,2025-06-24,18,2500,2500,0,,expired
LSE-003466,PROP-01253,RES-02363,2025-08-07,2026-08-07,12,2885,2885,0,,expired
LSE-003467,PROP-01253,RES-02363,2026-09-10,2028-09-10,24,2965,2965,1,LSE-003466,active
LSE-003468,PROP-01254,RES-02364,2023-03-23,2025-03-23,24,2230,1115,0,,expired
LSE-003469,PROP-01254,RES-02365,2025-04-15,2026-04-15,12,2465,2465,0,,expired
LSE-003470,PROP-01254,RES-02366,2026-05-01,2028-05-01,24,2555,1277,0,,active
LSE-003471,PROP-01255,RES-02367,2022-05-18,2023-05-18,12,2295,2295,0,,expired
LSE-003472,PROP-01255,RES-02367,2023-07-29,2025-07-29,24,2350,2350,0,LSE-003471,expired
LSE-003473,PROP-01255,RES-02368,2025-09-17,2026-09-17,12,2515,1257,0,,expired
LSE-003474,PROP-01255,RES-02369,2026-09-25,2028-09-25,24,2640,1320,0,,active
LSE-003475,PROP-01256,RES-02370,2022-08-19,2023-08-19,12,2565,2565,0,,expired
LSE-003476,PROP-01256,RES-02370,2023-08-24,2025-08-24,24,2650,2650,0,LSE-003475,expired
LSE-003477,PROP-01256,RES-02371,2025-10-06,2026-10-06,12,2805,2805,0,,active
LSE-003478,PROP-01257,RES-02372,2023-06-01,2025-06-01,24,2605,2605,0,,expired
LSE-003479,PROP-01257,RES-02373,2025-07-28,2026-07-28,12,2875,2875,0,,expired
LSE-003480,PROP-01257,RES-02374,2026-08-08,2028-02-08,18,2930,2930,0,,active
LSE-003481,PROP-01258,RES-02375,2022-08-27,2023-08-27,12,2285,2285,0,,expired
LSE-003482,PROP-01258,RES-02376,2023-09-13,2024-09-13,12,2320,2320,0,,expired
LSE-003483,PROP-01258,RES-02376,2024-10-01,2025-10-01,12,2405,2405,0,LSE-003482,expired
LSE-003484,PROP-01258,RES-02376,2025-11-08,2027-11-08,24,2435,2435,0,LSE-003483,active
LSE-003485,PROP-01259,RES-02377,2023-10-01,2025-10-01,24,2265,1132,0,,expired
LSE-003486,PROP-01259,RES-02377,2025-11-25,2026-11-25,12,2335,2335,0,LSE-003485,active
LSE-003487,PROP-01260,RES-02378,2023-11-10,2025-11-10,24,2505,2505,0,,expired
LSE-003488,PROP-01260,RES-02379,2026-01-06,2027-01-06,12,2735,2735,0,,active
LSE-003489,PROP-01261,RES-02380,2022-06-01,2023-06-01,12,2285,2285,0,,expired
LSE-003490,PROP-01261,RES-02381,2023-06-27,2025-06-27,24,2330,1165,0,,terminated-early
LSE-003491,PROP-01261,RES-02382,2025-07-18,2026-07-18,12,2540,2540,0,,expired
LSE-003492,PROP-01261,RES-02383,2026-08-07,2028-02-07,18,2580,2580,0,,active
LSE-003493,PROP-01262,RES-02384,2022-01-16,2023-07-16,18,2340,2340,0,,expired
LSE-003494,PROP-01262,RES-02384,2023-08-22,2025-08-22,24,2370,2370,0,LSE-003493,expired
LSE-003495,PROP-01262,RES-02384,2025-10-30,2027-04-30,18,2435,1217,0,LSE-003494,active
LSE-003496,PROP-01263,RES-02385,2022-04-19,2023-04-19,12,2540,1270,0,,expired
LSE-003497,PROP-01263,RES-02385,2023-06-11,2024-06-11,12,2640,1320,0,LSE-003496,expired
LSE-003498,PROP-01263,RES-02385,2024-07-28,2026-07-28,24,2680,1340,0,LSE-003497,expired
LSE-003499,PROP-01263,RES-02385,2026-09-20,2027-09-20,12,2805,2805,0,LSE-003498,active
LSE-003500,PROP-01264,RES-02386,2022-03-27,2023-03-27,12,2620,1310,0,,expired
LSE-003501,PROP-01264,RES-02387,2023-05-22,2024-11-22,18,2625,2625,0,,expired
LSE-003502,PROP-01264,RES-02388,2025-01-01,2026-01-01,12,2600,2600,0,,expired
LSE-003503,PROP-01264,RES-02389,2026-02-27,2027-02-27,12,2750,2750,1,,active
LSE-003504,PROP-01265,RES-02390,2023-06-01,2024-06-01,12,2540,2540,0,,expired
LSE-003505,PROP-01265,RES-02391,2024-07-11,2026-07-11,24,2700,2700,0,,expired
LSE-003506,PROP-01265,RES-02391,2026-07-16,2027-07-16,12,2950,1475,0,LSE-003505,active
LSE-003507,PROP-01266,RES-02392,2023-07-15,2025-01-15,18,2650,1325,0,,expired
LSE-003508,PROP-01266,RES-02392,2025-02-01,2026-02-01,12,2740,2740,0,LSE-003507,expired
LSE-003509,PROP-01266,RES-02392,2026-04-17,2027-10-17,18,2900,2900,0,LSE-003508,active
LSE-003510,PROP-01267,RES-02393,2024-02-24,2026-02-24,24,2405,2405,0,,expired
LSE-003511,PROP-01267,RES-02393,2026-03-23,2027-03-23,12,2510,2510,0,LSE-003510,active
LSE-003512,PROP-01268,RES-02394,2022-08-18,2024-08-18,24,2585,1292,0,,expired
LSE-003513,PROP-01268,RES-02394,2024-09-30,2026-09-30,24,2695,2695,0,LSE-003512,expired
LSE-003514,PROP-01269,RES-02395,2023-07-27,2025-07-27,24,2650,1325,0,,expired
LSE-003515,PROP-01269,RES-02396,2025-08-24,2026-08-24,12,2860,2860,0,,expired
LSE-003516,PROP-01270,RES-02397,2022-11-27,2024-11-27,24,2655,2655,0,,expired
LSE-003517,PROP-01270,RES-02398,2025-01-16,2026-01-16,12,2655,2655,0,,evicted
LSE-003518,PROP-01270,RES-02399,2026-02-09,2027-02-09,12,2780,2780,0,,active
LSE-003519,PROP-01271,RES-02400,2024-02-15,2025-02-15,12,2310,1155,0,,expired
LSE-003520,PROP-01271,RES-02401,2025-02-20,2027-02-20,24,2400,2400,0,,active
LSE-003521,PROP-01272,RES-02402,2023-06-02,2024-06-02,12,2375,2375,0,,expired
LSE-003522,PROP-01272,RES-02403,2024-06-26,2026-06-26,24,2455,1227,0,,expired
LSE-003523,PROP-01272,RES-02403,2026-07-12,2028-01-12,18,2550,2550,0,LSE-003522,active
LSE-003524,PROP-01273,RES-02404,2023-12-20,2025-06-20,18,2315,2315,0,,expired
LSE-003525,PROP-01273,RES-02405,2025-08-25,2026-08-25,12,2530,1265,0,,expired
LSE-003526,PROP-01274,RES-02406,2023-10-27,2025-10-27,24,2650,1325,0,,expired
LSE-003527,PROP-01274,RES-02406,2025-11-07,2027-05-07,18,2740,1370,0,LSE-003526,active
LSE-003528,PROP-01275,RES-02407,2024-01-13,2025-01-13,12,2595,2595,0,,expired
LSE-003529,PROP-01275,RES-02407,2025-03-26,2027-03-26,24,2700,1350,0,LSE-003528,active
LSE-003530,PROP-01276,RES-02408,2022-05-13,2023-05-13,12,2355,1177,0,,expired
LSE-003531,PROP-01276,RES-02408,2023-07-12,2025-07-12,24,2405,1202,0,LSE-003530,expired
LSE-003532,PROP-01276,RES-02409,2025-08-18,2026-08-18,12,2555,2555,0,,expired
LSE-003533,PROP-01277,RES-02410,2022-07-03,2023-07-03,12,2595,2595,0,,expired
LSE-003534,PROP-01277,RES-02411,2023-08-18,2024-08-18,12,2580,2580,0,,expired
LSE-003535,PROP-01277,RES-02411,2024-09-28,2026-09-28,24,2635,2635,0,LSE-003534,expired
LSE-003536,PROP-01278,RES-02412,2023-05-25,2024-05-25,12,2375,2375,0,,expired
LSE-003537,PROP-01278,RES-02412,2024-07-31,2026-07-31,24,2475,2475,0,LSE-003536,expired
LSE-003538,PROP-01278,RES-02413,2026-08-23,2027-08-23,12,2615,1307,0,,active
LSE-003539,PROP-01279,RES-02414,2021-12-22,2023-12-22,24,2240,1120,0,,expired
LSE-003540,PROP-01279,RES-02415,2024-03-05,2025-03-05,12,2365,2365,0,,expired
LSE-003541,PROP-01279,RES-02416,2025-05-18,2026-05-18,12,2610,2610,0,,expired
LSE-003542,PROP-01279,RES-02417,2026-07-19,2027-07-19,12,2615,1307,0,,active
LSE-003543,PROP-01280,RES-02418,2021-12-18,2023-12-18,24,2265,1132,0,,expired
LSE-003544,PROP-01280,RES-02419,2024-02-09,2025-02-09,12,2430,2430,1,,expired
LSE-003545,PROP-01280,RES-02420,2025-03-01,2026-03-01,12,2465,2465,0,,expired
LSE-003546,PROP-01280,RES-02420,2026-04-10,2027-04-10,12,2525,2525,0,LSE-003545,active
LSE-003547,PROP-01281,RES-02421,2023-06-26,2024-06-26,12,2590,2590,1,,expired
LSE-003548,PROP-01281,RES-02421,2024-08-21,2026-08-21,24,2820,2820,1,LSE-003547,expired
LSE-003549,PROP-01281,RES-02422,2026-09-12,2027-09-12,12,2970,1485,0,,active
LSE-003550,PROP-01282,RES-02423,2023-07-20,2024-07-20,12,2580,2580,0,,expired
LSE-003551,PROP-01282,RES-02423,2024-08-10,2026-02-10,18,2705,2705,1,LSE-003550,expired
LSE-003552,PROP-01282,RES-02423,2026-02-22,2028-02-22,24,2740,2740,0,LSE-003551,active
LSE-003553,PROP-01283,RES-02424,2022-11-28,2023-11-28,12,2290,2290,0,,expired
LSE-003554,PROP-01283,RES-02425,2023-12-17,2025-06-17,18,2235,1117,0,,expired
LSE-003555,PROP-01283,RES-02426,2025-06-27,2026-12-27,18,2535,2535,0,,active
LSE-003556,PROP-01284,RES-02427,2022-10-09,2024-10-09,24,2345,1172,0,,expired
LSE-003557,PROP-01284,RES-02428,2024-11-30,2026-11-30,24,2305,2305,0,,active
LSE-003558,PROP-01285,RES-02429,2023-07-04,2024-07-04,12,2270,1135,0,,expired
LSE-003559,PROP-01285,RES-02430,2024-08-05,2025-08-05,12,2515,2515,0,,expired
LSE-003560,PROP-01285,RES-02431,2025-08-18,2027-08-18,24,2485,2485,0,,active
LSE-003561,PROP-01286,RES-02432,2021-10-05,2022-10-05,12,2585,1292,0,,expired
LSE-003562,PROP-01286,RES-02432,2022-10-10,2024-10-10,24,2710,1355,0,LSE-003561,expired
LSE-003563,PROP-01286,RES-02432,2024-10-25,2025-10-25,12,2795,1397,0,LSE-003562,expired
LSE-003564,PROP-01286,RES-02432,2025-12-07,2027-12-07,24,2910,2910,0,LSE-003563,active
LSE-003565,PROP-01287,RES-02433,2022-06-22,2024-06-22,24,2545,2545,0,,expired
LSE-003566,PROP-01287,RES-02433,2024-07-17,2025-07-17,12,2750,2750,0,LSE-003565,expired
LSE-003567,PROP-01287,RES-02434,2025-07-28,2026-07-28,12,2890,2890,1,,expired
LSE-003568,PROP-01287,RES-02435,2026-09-25,2028-09-25,24,3015,3015,0,,active
LSE-003569,PROP-01288,RES-02436,2022-06-20,2024-06-20,24,2315,2315,0,,expired
LSE-003570,PROP-01288,RES-02437,2024-08-30,2025-08-30,12,2525,1262,0,,expired
LSE-003571,PROP-01288,RES-02437,2025-10-01,2026-10-01,12,2615,1307,1,LSE-003570,active
LSE-003572,PROP-01289,RES-02438,2023-12-17,2025-12-17,24,2285,2285,1,,expired
LSE-003573,PROP-01289,RES-02439,2026-01-27,2027-07-27,18,2445,2445,0,,active
LSE-003574,PROP-01290,RES-02440,2023-02-27,2025-02-27,24,2370,2370,1,,expired
LSE-003575,PROP-01290,RES-02440,2025-03-28,2026-09-28,18,2465,2465,1,LSE-003574,expired
LSE-003576,PROP-01291,RES-02441,2023-04-23,2025-04-23,24,2305,2305,0,,expired
LSE-003577,PROP-01291,RES-02442,2025-06-06,2026-06-06,12,2635,2635,0,,expired
LSE-003578,PROP-01291,RES-02443,2026-08-05,2028-02-05,18,2645,2645,0,,active
LSE-003579,PROP-01292,RES-02444,2025-01-09,2027-01-09,24,2395,1197,0,,active
LSE-003580,PROP-01293,RES-02445,2023-12-06,2025-06-06,18,2615,2615,0,,expired
LSE-003581,PROP-01293,RES-02445,2025-07-09,2027-07-09,24,2930,2930,0,LSE-003580,active
LSE-003582,PROP-01294,RES-02446,2023-10-01,2024-10-01,12,2535,1267,0,,expired
LSE-003583,PROP-01294,RES-02447,2024-10-11,2026-10-11,24,2725,1362,0,,active
LSE-003584,PROP-01295,RES-02448,2023-05-27,2024-11-27,18,2270,1135,0,,expired
LSE-003585,PROP-01295,RES-02448,2025-01-28,2026-01-28,12,2360,2360,0,LSE-003584,expired
LSE-003586,PROP-01295,RES-02449,2026-02-04,2027-02-04,12,2545,2545,0,,active
LSE-003587,PROP-01296,RES-02450,2024-02-07,2025-08-07,18,2680,2680,0,,expired
LSE-003588,PROP-01296,RES-02450,2025-08-26,2026-08-26,12,2925,1462,0,LSE-003587,expired
LSE-003589,PROP-01297,RES-02451,2022-01-28,2023-07-28,18,1860,1860,0,,expired
LSE-003590,PROP-01297,RES-02452,2023-09-28,2024-09-28,12,1800,900,0,,expired
LSE-003591,PROP-01297,RES-02453,2024-12-11,2026-06-11,18,1910,1910,0,,expired
LSE-003592,PROP-01297,RES-02454,2026-08-08,2028-08-08,24,2010,1005,0,,active
LSE-003593,PROP-01298,RES-02455,2023-06-23,2024-06-23,12,1830,915,0,,expired
LSE-003594,PROP-01298,RES-02455,2024-07-03,2025-07-03,12,1870,935,0,LSE-003593,expired
LSE-003595,PROP-01298,RES-02456,2025-08-20,2026-08-20,12,1960,1960,0,,expired
LSE-003596,PROP-01298,RES-02457,2026-09-17,2027-09-17,12,2000,2000,0,,active
LSE-003597,PROP-01299,RES-02458,2024-01-08,2025-01-08,12,1780,890,0,,expired
LSE-003598,PROP-01299,RES-02458,2025-02-20,2027-02-20,24,1845,922,0,LSE-003597,active
LSE-003599,PROP-01300,RES-02459,2024-03-12,2026-03-12,24,1905,1905,0,,expired
LSE-003600,PROP-01300,RES-02459,2026-05-16,2027-05-16,12,1990,1990,0,LSE-003599,active
LSE-003601,PROP-01301,RES-02460,2024-02-14,2025-02-14,12,1810,905,0,,expired
LSE-003602,PROP-01301,RES-02460,2025-04-19,2026-10-19,18,1880,940,0,LSE-003601,active
LSE-003603,PROP-01302,RES-02461,2024-01-25,2025-01-25,12,1840,1840,0,,expired
LSE-003604,PROP-01302,RES-02461,2025-03-13,2026-03-13,12,1940,1940,0,LSE-003603,expired
LSE-003605,PROP-01302,RES-02461,2026-04-15,2028-04-15,24,2010,2010,0,LSE-003604,active
LSE-003606,PROP-01303,RES-02462,2022-06-28,2023-06-28,12,1855,1855,0,,expired
LSE-003607,PROP-01303,RES-02463,2023-08-23,2025-08-23,24,1835,917,0,,expired
LSE-003608,PROP-01303,RES-02464,2025-10-09,2027-10-09,24,2040,1020,0,,active
LSE-003609,PROP-01304,RES-02465,2022-07-23,2023-07-23,12,1815,1815,0,,expired
LSE-003610,PROP-01304,RES-02466,2023-10-03,2024-10-03,12,1775,1775,0,,expired
LSE-003611,PROP-01304,RES-02467,2024-10-29,2026-10-29,24,1865,932,0,,active
LSE-003612,PROP-01305,RES-02468,2023-06-04,2024-06-04,12,1875,937,0,,expired
LSE-003613,PROP-01305,RES-02469,2024-06-14,2025-06-14,12,2000,2000,0,,expired
LSE-003614,PROP-01305,RES-02470,2025-06-20,2026-06-20,12,2070,2070,0,,expired
LSE-003615,PROP-01305,RES-02471,2026-08-14,2027-08-14,12,2100,2100,0,,active
LSE-003616,PROP-01306,RES-02472,2022-08-20,2024-02-20,18,1820,1820,0,,terminated-early
LSE-003617,PROP-01306,RES-02473,2024-04-02,2026-04-02,24,1940,970,0,,expired
LSE-003618,PROP-01306,RES-02474,2026-06-15,2027-06-15,12,2110,2110,0,,active
LSE-003619,PROP-01307,RES-02475,2023-08-10,2025-08-10,24,1865,1865,0,,expired
LSE-003620,PROP-01307,RES-02476,2025-08-25,2027-08-25,24,2080,2080,0,,active
LSE-003621,PROP-01308,RES-02477,2023-05-22,2025-05-22,24,1840,1840,0,,expired
LSE-003622,PROP-01308,RES-02477,2025-07-15,2027-07-15,24,1945,972,0,LSE-003621,active
LSE-003623,PROP-01309,RES-02478,2023-05-22,2024-11-22,18,1845,1845,0,,expired
LSE-003624,PROP-01309,RES-02479,2025-01-07,2026-07-07,18,1905,1905,0,,expired
LSE-003625,PROP-01309,RES-02480,2026-08-04,2028-08-04,24,2100,1050,0,,active
LSE-003626,PROP-01310,RES-02481,2024-08-25,2025-08-25,12,2000,2000,0,,expired
LSE-003627,PROP-01310,RES-02481,2025-09-17,2027-03-17,18,2080,2080,0,LSE-003626,active
LSE-003628,PROP-01311,RES-02482,2023-02-21,2025-02-21,24,1765,882,0,,expired
LSE-003629,PROP-01311,RES-02482,2025-04-28,2027-04-28,24,1895,1895,1,LSE-003628,active
LSE-003630,PROP-01312,RES-02483,2024-12-09,2026-12-09,24,1860,1860,0,,active
LSE-003631,PROP-01313,RES-02484,2022-07-02,2024-07-02,24,1855,927,0,,expired
LSE-003632,PROP-01313,RES-02484,2024-08-27,2026-08-27,24,1915,1915,0,LSE-003631,expired
LSE-003633,PROP-01314,RES-02485,2021-11-14,2023-11-14,24,1845,1845,0,,expired
LSE-003634,PROP-01314,RES-02485,2023-11-20,2025-05-20,18,1890,945,0,LSE-003633,expired
LSE-003635,PROP-01314,RES-02485,2025-06-01,2026-06-01,12,2065,2065,0,LSE-003634,expired
LSE-003636,PROP-01314,RES-02486,2026-07-29,2027-07-29,12,2165,2165,0,,active
LSE-003637,PROP-01315,RES-02487,2022-03-16,2023-09-16,18,1795,1795,0,,expired
LSE-003638,PROP-01315,RES-02488,2023-10-01,2025-04-01,18,1855,927,0,,expired
LSE-003639,PROP-01315,RES-02489,2025-05-24,2027-05-24,24,2065,2065,1,,active
LSE-003640,PROP-01316,RES-02490,2023-04-19,2025-04-19,24,1885,1885,0,,expired
LSE-003641,PROP-01316,RES-02491,2025-06-03,2027-06-03,24,2090,2090,0,,active
LSE-003642,PROP-01317,RES-02492,2022-12-25,2024-12-25,24,1855,927,0,,expired
LSE-003643,PROP-01317,RES-02492,2025-02-24,2026-08-24,18,1940,1940,0,LSE-003642,expired
LSE-003644,PROP-01317,RES-02492,2026-09-23,2027-09-23,12,2035,1017,0,LSE-003643,active
LSE-003645,PROP-01318,RES-02493,2023-06-03,2024-06-03,12,1865,1865,0,,expired
LSE-003646,PROP-01318,RES-02493,2024-07-22,2026-01-22,18,1920,1920,0,LSE-003645,expired
LSE-003647,PROP-01318,RES-02494,2026-03-23,2027-03-23,12,1970,1970,0,,active
LSE-003648,PROP-01319,RES-02495,2022-05-14,2023-05-14,12,1805,902,1,,expired
LSE-003649,PROP-01319,RES-02495,2023-05-20,2025-05-20,24,1855,927,0,LSE-003648,expired
LSE-003650,PROP-01319,RES-02496,2025-06-16,2026-12-16,18,2065,1032,0,,active
LSE-003651,PROP-01320,RES-02497,2023-12-09,2024-12-09,12,1785,892,0,,expired
LSE-003652,PROP-01320,RES-02498,2025-02-02,2027-02-02,24,1905,1905,0,,active
LSE-003653,PROP-01321,RES-02499,2022-07-23,2023-07-23,12,1815,1815,0,,expired
LSE-003654,PROP-01321,RES-02499,2023-10-04,2025-10-04,24,1865,1865,0,LSE-003653,expired
LSE-003655,PROP-01321,RES-02500,2025-12-09,2027-12-09,24,1910,955,0,,active
LSE-003656,PROP-01322,RES-02501,2023-01-09,2024-01-09,12,1765,882,1,,expired
LSE-003657,PROP-01322,RES-02502,2024-03-12,2025-03-12,12,1840,920,0,,expired
LSE-003658,PROP-01322,RES-02502,2025-05-11,2026-11-11,18,1885,942,0,LSE-003657,active
LSE-003659,PROP-01323,RES-02503,2023-05-05,2025-05-05,24,1890,1890,1,,expired
LSE-003660,PROP-01323,RES-02503,2025-06-26,2027-06-26,24,2045,2045,1,LSE-003659,active
LSE-003661,PROP-01324,RES-02504,2024-01-03,2025-01-03,12,1895,947,0,,expired
LSE-003662,PROP-01324,RES-02504,2025-03-15,2027-03-15,24,1950,1950,0,LSE-003661,active
LSE-003663,PROP-01325,RES-02505,2023-09-09,2024-09-09,12,1850,925,0,,expired
LSE-003664,PROP-01325,RES-02505,2024-09-22,2026-03-22,18,1955,977,0,LSE-003663,expired
LSE-003665,PROP-01325,RES-02505,2026-03-30,2027-03-30,12,1980,1980,0,LSE-003664,active
LSE-003666,PROP-01326,RES-02506,2022-03-23,2024-03-23,24,1885,1885,0,,expired
LSE-003667,PROP-01326,RES-02507,2024-05-11,2026-05-11,24,1985,1985,0,,expired
LSE-003668,PROP-01326,RES-02508,2026-05-30,2028-05-30,24,2080,1040,0,,active
LSE-003669,PROP-01327,RES-02509,2022-07-21,2023-07-21,12,1760,1760,0,,expired
LSE-003670,PROP-01327,RES-02510,2023-08-15,2024-08-15,12,1860,930,0,,expired
LSE-003671,PROP-01327,RES-02511,2024-10-27,2025-10-27,12,1885,1885,0,,terminated-early
LSE-003672,PROP-01327,RES-02512,2025-12-24,2026-12-24,12,1960,980,0,,active
LSE-003673,PROP-01328,RES-02513,2022-05-14,2024-05-14,24,1800,1800,0,,expired
LSE-003674,PROP-01328,RES-02513,2024-07-15,2025-07-15,12,1870,1870,0,LSE-003673,expired
LSE-003675,PROP-01328,RES-02514,2025-09-22,2026-09-22,12,2030,1015,0,,expired
LSE-003676,PROP-01329,RES-02515,2023-05-03,2025-05-03,24,1805,1805,1,,expired
LSE-003677,PROP-01329,RES-02515,2025-05-18,2026-05-18,12,1920,1920,0,LSE-003676,expired
LSE-003678,PROP-01329,RES-02516,2026-07-16,2028-07-16,24,2180,2180,0,,active
LSE-003679,PROP-01330,RES-02517,2024-05-29,2025-05-29,12,1970,1970,0,,expired
LSE-003680,PROP-01330,RES-02517,2025-06-24,2027-06-24,24,2040,1020,0,LSE-003679,active
LSE-003681,PROP-01331,RES-02518,2025-03-02,2026-03-02,12,1905,952,0,,expired
LSE-003682,PROP-01331,RES-02518,2026-05-02,2027-05-02,12,2115,1057,1,LSE-003681,active
LSE-003683,PROP-01332,RES-02519,2024-01-15,2025-01-15,12,1790,1790,0,,expired
LSE-003684,PROP-01332,RES-02519,2025-03-28,2027-03-28,24,1875,1875,0,LSE-003683,active
LSE-003685,PROP-01333,RES-02520,2021-12-02,2022-12-02,12,1820,910,0,,expired
LSE-003686,PROP-01333,RES-02521,2023-01-12,2024-01-12,12,1865,1865,0,,expired
LSE-003687,PROP-01333,RES-02521,2024-03-11,2025-03-11,12,1890,945,0,LSE-003686,expired
LSE-003688,PROP-01333,RES-02521,2025-04-16,2026-04-16,12,1980,1980,0,LSE-003687,expired
LSE-003689,PROP-01333,RES-02522,2026-06-06,2027-06-06,12,2135,2135,0,,active
LSE-003690,PROP-01334,RES-02523,2023-09-28,2024-09-28,12,1885,1885,0,,expired
LSE-003691,PROP-01334,RES-02523,2024-10-24,2025-10-24,12,1920,960,0,LSE-003690,expired
LSE-003692,PROP-01334,RES-02524,2025-11-14,2026-11-14,12,1895,1895,0,,active
LSE-003693,PROP-01335,RES-02525,2022-07-05,2023-07-05,12,1845,922,0,,expired
LSE-003694,PROP-01335,RES-02525,2023-09-03,2024-09-03,12,1875,1875,0,LSE-003693,expired
LSE-003695,PROP-01335,RES-02526,2024-09-12,2026-03-12,18,2010,2010,0,,expired
LSE-003696,PROP-01335,RES-02526,2026-05-15,2028-05-15,24,2060,2060,1,LSE-003695,active
LSE-003697,PROP-01336,RES-02527,2022-08-08,2024-08-08,24,1835,1835,0,,expired
LSE-003698,PROP-01336,RES-02527,2024-10-01,2025-10-01,12,1855,1855,0,LSE-003697,expired
LSE-003699,PROP-01336,RES-02527,2025-11-09,2026-11-09,12,1900,1900,0,LSE-003698,active
LSE-003700,PROP-01337,RES-02528,2023-05-04,2025-05-04,24,1875,1875,0,,expired
LSE-003701,PROP-01337,RES-02528,2025-05-14,2026-11-14,18,1965,1965,0,LSE-003700,active
LSE-003702,PROP-01338,RES-02529,2024-03-14,2025-03-14,12,2685,1342,0,,expired
LSE-003703,PROP-01338,RES-02529,2025-05-03,2026-05-03,12,2745,2745,0,LSE-003702,expired
LSE-003704,PROP-01338,RES-02530,2026-06-15,2027-06-15,12,3060,3060,0,,active
LSE-003705,PROP-01339,RES-02531,2021-12-04,2022-12-04,12,2675,1337,0,,expired
LSE-003706,PROP-01339,RES-02531,2023-01-07,2025-01-07,24,2765,2765,0,LSE-003705,expired
LSE-003707,PROP-01339,RES-02531,2025-02-05,2027-02-05,24,2905,1452,1,LSE-003706,active
LSE-003708,PROP-01340,RES-02532,2022-03-23,2024-03-23,24,2890,2890,0,,expired
LSE-003709,PROP-01340,RES-02533,2024-05-28,2026-05-28,24,3015,1507,0,,expired
LSE-003710,PROP-01340,RES-02533,2026-07-01,2028-07-01,24,3125,3125,0,LSE-003709,active
LSE-003711,PROP-01341,RES-02534,2022-04-19,2023-04-19,12,2600,1300,1,,expired
LSE-003712,PROP-01341,RES-02534,2023-05-14,2024-05-14,12,2655,2655,0,LSE-003711,expired
LSE-003713,PROP-01341,RES-02534,2024-06-10,2026-06-10,24,2735,2735,0,LSE-003712,expired
LSE-003714,PROP-01341,RES-02534,2026-06-26,2028-06-26,24,2870,2870,0,LSE-003713,active
LSE-003715,PROP-01342,RES-02535,2024-03-14,2025-03-14,12,2720,2720,0,,expired
LSE-003716,PROP-01342,RES-02536,2025-04-28,2026-04-28,12,2825,2825,1,,expired
LSE-003717,PROP-01342,RES-02536,2026-05-21,2028-05-21,24,2995,2995,0,LSE-003716,active
LSE-003718,PROP-01343,RES-02537,2022-02-07,2023-02-07,12,2525,1262,0,,expired
LSE-003719,PROP-01343,RES-02537,2023-03-07,2024-03-07,12,2595,2595,0,LSE-003718,expired
LSE-003720,PROP-01343,RES-02538,2024-03-29,2025-03-29,12,2755,2755,1,,expired
LSE-003721,PROP-01343,RES-02539,2025-04-08,2027-04-08,24,2850,2850,0,,active
LSE-003722,PROP-01344,RES-02540,2022-11-20,2023-11-20,12,2595,1297,0,,expired
LSE-003723,PROP-01344,RES-02541,2023-12-01,2025-12-01,24,2515,2515,0,,expired
LSE-003724,PROP-01344,RES-02541,2026-01-28,2027-01-28,12,2620,1310,0,LSE-003723,active
LSE-003725,PROP-01345,RES-02542,2023-03-10,2025-03-10,24,2910,2910,0,,expired
LSE-003726,PROP-01345,RES-02542,2025-03-23,2027-03-23,24,3000,1500,0,LSE-003725,active
LSE-003727,PROP-01346,RES-02543,2023-05-10,2024-05-10,12,2875,2875,0,,expired
LSE-003728,PROP-01346,RES-02543,2024-06-01,2026-06-01,24,2980,2980,0,LSE-003727,expired
LSE-003729,PROP-01346,RES-02544,2026-07-25,2028-07-25,24,3330,3330,0,,active
LSE-003730,PROP-01347,RES-02545,2025-01-13,2027-01-13,24,2920,1460,0,,active
LSE-003731,PROP-01348,RES-02546,2024-01-25,2025-01-25,12,2935,1467,0,,expired
LSE-003732,PROP-01348,RES-02546,2025-04-01,2026-10-01,18,3095,1547,1,LSE-003731,active
LSE-003733,PROP-01349,RES-02547,2023-06-11,2024-06-11,12,2760,2760,0,,expired
LSE-003734,PROP-01349,RES-02547,2024-07-18,2025-07-18,12,3040,3040,0,LSE-003733,expired
LSE-003735,PROP-01349,RES-02547,2025-07-28,2027-07-28,24,3165,1582,1,LSE-003734,active
LSE-003736,PROP-01350,RES-02548,2023-03-22,2024-09-22,18,2270,1135,0,,expired
LSE-003737,PROP-01350,RES-02548,2024-10-04,2026-04-04,18,2410,2410,0,LSE-003736,expired
LSE-003738,PROP-01350,RES-02549,2026-04-26,2028-04-26,24,2640,2640,1,,active
LSE-003739,PROP-01351,RES-02550,2023-07-14,2024-07-14,12,2375,1187,0,,expired
LSE-003740,PROP-01351,RES-02551,2024-08-06,2025-08-06,12,2505,2505,0,,expired
LSE-003741,PROP-01351,RES-02552,2025-08-29,2027-08-29,24,2575,1287,0,,active
LSE-003742,PROP-01352,RES-02553,2023-03-26,2025-03-26,24,2980,1490,0,,expired
LSE-003743,PROP-01352,RES-02553,2025-05-07,2026-05-07,12,3120,3120,0,LSE-003742,expired
LSE-003744,PROP-01352,RES-02553,2026-07-04,2028-01-04,18,3380,3380,0,LSE-003743,active
LSE-003745,PROP-01353,RES-02554,2023-08-07,2025-08-07,24,2655,2655,0,,expired
LSE-003746,PROP-01353,RES-02555,2025-10-19,2027-04-19,18,2885,1442,0,,active
LSE-003747,PROP-01354,RES-02556,2022-06-20,2024-06-20,24,2880,1440,1,,expired
LSE-003748,PROP-01354,RES-02556,2024-08-23,2026-08-23,24,2995,1497,0,LSE-003747,terminated-early
LSE-003749,PROP-01354,RES-02557,2026-09-28,2028-09-28,24,3255,1627,1,,active
LSE-003750,PROP-01355,RES-02558,2021-12-05,2022-12-05,12,2565,1282,0,,expired
LSE-003751,PROP-01355,RES-02559,2022-12-12,2023-12-12,12,2605,2605,0,,expired
LSE-003752,PROP-01355,RES-02560,2024-01-01,2025-01-01,12,2580,2580,0,,expired
LSE-003753,PROP-01355,RES-02561,2025-03-08,2027-03-08,24,2850,2850,0,,active
LSE-003754,PROP-01356,RES-02562,2023-09-18,2025-09-18,24,2850,2850,0,,expired
LSE-003755,PROP-01356,RES-02562,2025-09-30,2026-09-30,12,3005,3005,0,LSE-003754,expired
LSE-003756,PROP-01357,RES-02563,2023-06-20,2024-06-20,12,2810,2810,0,,expired
LSE-003757,PROP-01357,RES-02563,2024-08-12,2026-08-12,24,2915,1457,1,LSE-003756,expired
LSE-003758,PROP-01358,RES-02564,2022-12-17,2023-12-17,12,2305,1152,0,,expired
LSE-003759,PROP-01358,RES-02565,2024-02-13,2026-02-13,24,2345,1172,0,,expired
LSE-003760,PROP-01358,RES-02565,2026-03-26,2027-03-26,12,2460,1230,0,LSE-003759,active
LSE-003761,PROP-01359,RES-02566,2023-06-17,2024-06-17,12,2945,1472,0,,expired
LSE-003762,PROP-01359,RES-02567,2024-08-09,2025-08-09,12,3055,3055,0,,expired
LSE-003763,PROP-01359,RES-02568,2025-10-18,2027-10-18,24,3060,1530,0,,active
LSE-003764,PROP-01360,RES-02569,2022-05-25,2023-05-25,12,2225,2225,0,,expired
LSE-003765,PROP-01360,RES-02570,2023-06-07,2024-06-07,12,2260,2260,0,,expired
LSE-003766,PROP-01360,RES-02570,2024-08-10,2025-08-10,12,2360,2360,0,LSE-003765,expired
LSE-003767,PROP-01360,RES-02571,2025-08-30,2027-02-28,18,2475,1237,0,,active
LSE-003768,PROP-01361,RES-02572,2024-02-18,2026-02-18,24,2295,2295,0,,expired
LSE-003769,PROP-01361,RES-02572,2026-03-24,2027-03-24,12,2500,2500,0,LSE-003768,active
LSE-003770,PROP-01362,RES-02573,2024-03-20,2025-03-20,12,2670,2670,0,,expired
LSE-003771,PROP-01362,RES-02574,2025-05-24,2026-11-24,18,2865,2865,0,,active
LSE-003772,PROP-01363,RES-02575,2024-12-14,2026-12-14,24,2865,1432,1,,active
LSE-003773,PROP-01364,RES-02576,2024-09-12,2025-09-12,12,2485,1242,0,,evicted
LSE-003774,PROP-01364,RES-02577,2025-10-06,2026-10-06,12,2410,2410,0,,active
LSE-003775,PROP-01365,RES-02578,2023-09-24,2025-09-24,24,2590,2590,0,,expired
LSE-003776,PROP-01365,RES-02579,2025-11-25,2027-05-25,18,2870,2870,0,,active
LSE-003777,PROP-01366,RES-02580,2022-08-07,2023-08-07,12,2585,2585,0,,expired
LSE-003778,PROP-01366,RES-02580,2023-09-20,2025-09-20,24,2665,2665,0,LSE-003777,expired
LSE-003779,PROP-01366,RES-02580,2025-10-03,2027-10-03,24,2735,2735,0,LSE-003778,active
LSE-003780,PROP-01367,RES-02581,2023-04-26,2024-10-26,18,2575,1287,0,,expired
LSE-003781,PROP-01367,RES-02581,2024-12-18,2025-12-18,12,2605,2605,0,LSE-003780,expired
LSE-003782,PROP-01367,RES-02581,2026-01-06,2027-07-06,18,2705,2705,0,LSE-003781,active
LSE-003783,PROP-01368,RES-02582,2022-10-26,2024-10-26,24,2560,2560,0,,expired
LSE-003784,PROP-01368,RES-02583,2024-11-23,2026-11-23,24,2565,2565,0,,active
LSE-003785,PROP-01369,RES-02584,2022-06-22,2024-06-22,24,2285,2285,1,,expired
LSE-003786,PROP-01369,RES-02584,2024-08-27,2025-08-27,12,2475,1237,0,LSE-003785,expired
LSE-003787,PROP-01369,RES-02584,2025-09-25,2026-09-25,12,2575,1287,0,LSE-003786,expired
LSE-003788,PROP-01370,RES-02585,2022-11-23,2024-05-23,18,2665,2665,0,,expired
LSE-003789,PROP-01370,RES-02585,2024-07-02,2025-07-02,12,2790,2790,0,LSE-003788,expired
LSE-003790,PROP-01370,RES-02585,2025-07-29,2027-07-29,24,2890,2890,0,LSE-003789,active
LSE-003791,PROP-01371,RES-02586,2023-04-09,2025-04-09,24,2285,2285,0,,expired
LSE-003792,PROP-01371,RES-02586,2025-05-23,2027-05-23,24,2425,2425,0,LSE-003791,active
LSE-003793,PROP-01372,RES-02587,2021-12-24,2022-12-24,12,2575,1287,1,,expired
LSE-003794,PROP-01372,RES-02587,2023-03-08,2025-03-08,24,2645,1322,0,LSE-003793,expired
LSE-003795,PROP-01372,RES-02587,2025-05-10,2026-11-10,18,2960,2960,0,LSE-003794,active
LSE-003796,PROP-01373,RES-02588,2021-10-16,2023-10-16,24,2345,1172,0,,expired
LSE-003797,PROP-01373,RES-02589,2023-12-09,2024-12-09,12,2280,2280,0,,expired
LSE-003798,PROP-01373,RES-02589,2025-01-05,2027-01-05,24,2390,1195,0,LSE-003797,active
LSE-003799,PROP-01374,RES-02590,2022-10-05,2023-10-05,12,2345,1172,0,,expired
LSE-003800,PROP-01374,RES-02591,2023-10-13,2025-10-13,24,2425,1212,0,,expired
LSE-003801,PROP-01374,RES-02592,2025-12-18,2026-12-18,12,2595,1297,0,,active
LSE-003802,PROP-01375,RES-02593,2023-03-11,2025-03-11,24,2275,2275,0,,expired
LSE-003803,PROP-01375,RES-02594,2025-04-22,2027-04-22,24,2550,2550,0,,active
LSE-003804,PROP-01376,RES-02595,2023-10-20,2024-10-20,12,2590,2590,0,,expired
LSE-003805,PROP-01376,RES-02595,2024-12-08,2026-12-08,24,2680,2680,0,LSE-003804,active
LSE-003806,PROP-01377,RES-02596,2023-02-05,2024-02-05,12,2550,2550,0,,expired
LSE-003807,PROP-01377,RES-02597,2024-04-19,2025-04-19,12,2680,1340,0,,expired
LSE-003808,PROP-01377,RES-02597,2025-06-09,2027-06-09,24,2845,1422,1,LSE-003807,active
LSE-003809,PROP-01378,RES-02598,2022-03-02,2024-03-02,24,2645,2645,0,,expired
LSE-003810,PROP-01378,RES-02598,2024-04-19,2026-04-19,24,2795,1397,0,LSE-003809,expired
LSE-003811,PROP-01378,RES-02599,2026-06-05,2028-06-05,24,3045,3045,1,,active
LSE-003812,PROP-01379,RES-02600,2022-09-01,2023-09-01,12,2255,2255,0,,expired
LSE-003813,PROP-01379,RES-02601,2023-10-04,2025-10-04,24,2215,2215,0,,expired
LSE-003814,PROP-01379,RES-02602,2025-10-16,2027-10-16,24,2500,2500,1,,active
LSE-003815,PROP-01380,RES-02603,2022-08-27,2023-08-27,12,2510,2510,1,,expired
LSE-003816,PROP-01380,RES-02604,2023-09-05,2024-09-05,12,2630,1315,1,,expired
LSE-003817,PROP-01380,RES-02604,2024-09-12,2026-09-12,24,2710,1355,1,LSE-003816,expired
LSE-003818,PROP-01381,RES-02605,2023-01-04,2024-07-04,18,2595,2595,0,,expired
LSE-003819,PROP-01381,RES-02605,2024-07-22,2026-07-22,24,2795,2795,1,LSE-003818,expired
LSE-003820,PROP-01381,RES-02606,2026-08-20,2027-08-20,12,2970,2970,0,,active
LSE-003821,PROP-01382,RES-02607,2023-10-05,2024-10-05,12,2560,2560,0,,expired
LSE-003822,PROP-01382,RES-02607,2024-11-25,2025-11-25,12,2640,1320,0,LSE-003821,expired
LSE-003823,PROP-01382,RES-02607,2026-01-24,2027-07-24,18,2815,2815,1,LSE-003822,active
LSE-003824,PROP-01383,RES-02608,2023-08-12,2025-08-12,24,2580,1290,0,,expired
LSE-003825,PROP-01383,RES-02608,2025-10-23,2026-10-23,12,2770,2770,0,LSE-003824,active
LSE-003826,PROP-01384,RES-02609,2022-06-22,2023-06-22,12,2560,1280,0,,expired
LSE-003827,PROP-01384,RES-02610,2023-06-29,2024-12-29,18,2565,2565,0,,expired
LSE-003828,PROP-01384,RES-02610,2025-03-01,2026-03-01,12,2675,2675,0,LSE-003827,expired
LSE-003829,PROP-01384,RES-02611,2026-05-11,2027-05-11,12,3010,3010,0,,active
LSE-003830,PROP-01385,RES-02612,2024-03-18,2025-03-18,12,2655,2655,0,,expired
LSE-003831,PROP-01385,RES-02613,2025-05-19,2026-05-19,12,2930,2930,0,,expired
LSE-003832,PROP-01385,RES-02613,2026-05-26,2027-05-26,12,3005,3005,0,LSE-003831,active
LSE-003833,PROP-01386,RES-02614,2022-01-02,2023-01-02,12,2625,2625,0,,expired
LSE-003834,PROP-01386,RES-02615,2023-02-12,2025-02-12,24,2680,1340,0,,expired
LSE-003835,PROP-01386,RES-02615,2025-03-18,2026-03-18,12,2815,2815,0,LSE-003834,expired
LSE-003836,PROP-01386,RES-02615,2026-05-06,2028-05-06,24,2920,2920,0,LSE-003835,active
LSE-003837,PROP-01387,RES-02616,2024-03-09,2025-03-09,12,2745,1372,0,,expired
LSE-003838,PROP-01387,RES-02616,2025-05-19,2026-05-19,12,2890,2890,0,LSE-003837,expired
LSE-003839,PROP-01387,RES-02617,2026-06-15,2028-06-15,24,3060,3060,0,,active
LSE-003840,PROP-01388,RES-02618,2023-08-10,2025-08-10,24,2590,1295,0,,expired
LSE-003841,PROP-01388,RES-02619,2025-09-09,2026-09-09,12,2870,1435,0,,expired
LSE-003842,PROP-01388,RES-02620,2026-09-16,2028-09-16,24,2850,1425,0,,active
LSE-003843,PROP-01389,RES-02621,2022-05-06,2023-05-06,12,2375,2375,0,,expired
LSE-003844,PROP-01389,RES-02622,2023-06-06,2024-06-06,12,2330,2330,0,,expired
LSE-003845,PROP-01389,RES-02622,2024-06-12,2025-06-12,12,2410,2410,0,LSE-003844,expired
LSE-003846,PROP-01389,RES-02623,2025-07-27,2026-07-27,12,2515,1257,0,,expired
LSE-003847,PROP-01389,RES-02623,2026-08-16,2028-08-16,24,2615,2615,0,LSE-003846,active
LSE-003848,PROP-01390,RES-02624,2024-02-03,2025-08-03,18,2245,2245,0,,expired
LSE-003849,PROP-01390,RES-02625,2025-08-16,2026-08-16,12,2455,1227,0,,expired
LSE-003850,PROP-01391,RES-02626,2023-04-04,2025-04-04,24,2350,2350,0,,expired
LSE-003851,PROP-01391,RES-02626,2025-04-16,2027-04-16,24,2450,2450,0,LSE-003850,active
LSE-003852,PROP-01392,RES-02627,2022-03-17,2023-03-17,12,2680,2680,1,,expired
LSE-003853,PROP-01392,RES-02628,2023-05-08,2024-05-08,12,2575,2575,0,,expired
LSE-003854,PROP-01392,RES-02628,2024-06-02,2026-06-02,24,2685,2685,0,LSE-003853,expired
LSE-003855,PROP-01392,RES-02628,2026-07-10,2028-01-10,18,2945,2945,0,LSE-003854,active
LSE-003856,PROP-01393,RES-02629,2022-06-02,2023-06-02,12,2625,2625,0,,expired
LSE-003857,PROP-01393,RES-02630,2023-06-18,2024-12-18,18,2560,1280,0,,expired
LSE-003858,PROP-01393,RES-02630,2025-02-14,2026-08-14,18,2650,2650,0,LSE-003857,expired
LSE-003859,PROP-01393,RES-02631,2026-09-14,2028-09-14,24,2900,1450,0,,active
LSE-003860,PROP-01394,RES-02632,2022-05-18,2023-05-18,12,2275,1137,0,,expired
LSE-003861,PROP-01394,RES-02632,2023-06-24,2024-06-24,12,2320,2320,0,LSE-003860,expired
LSE-003862,PROP-01394,RES-02632,2024-08-20,2026-08-20,24,2415,2415,0,LSE-003861,expired
LSE-003863,PROP-01394,RES-02632,2026-09-27,2027-09-27,12,2510,2510,0,LSE-003862,active
LSE-003864,PROP-01395,RES-02633,2024-10-28,2026-10-28,24,2695,2695,1,,active
LSE-003865,PROP-01396,RES-02634,2024-07-30,2026-01-30,18,2475,2475,0,,expired
LSE-003866,PROP-01396,RES-02634,2026-04-15,2028-04-15,24,2580,2580,0,LSE-003865,active
LSE-003867,PROP-01397,RES-02635,2023-08-27,2024-08-27,12,2570,2570,0,,expired
LSE-003868,PROP-01397,RES-02636,2024-11-09,2026-05-09,18,2625,2625,0,,expired
LSE-003869,PROP-01397,RES-02636,2026-05-18,2028-05-18,24,2940,2940,0,LSE-003868,active
LSE-003870,PROP-01398,RES-02637,2022-07-01,2024-07-01,24,2245,2245,0,,expired
LSE-003871,PROP-01398,RES-02637,2024-07-10,2025-07-10,12,2510,2510,0,LSE-003870,expired
LSE-003872,PROP-01398,RES-02637,2025-08-15,2026-08-15,12,2560,1280,1,LSE-003871,expired
LSE-003873,PROP-01399,RES-02638,2022-08-26,2024-08-26,24,2355,2355,0,,expired
LSE-003874,PROP-01399,RES-02638,2024-10-29,2026-04-29,18,2425,1212,0,LSE-003873,expired
LSE-003875,PROP-01399,RES-02639,2026-05-04,2027-05-04,12,2720,2720,0,,active
LSE-003876,PROP-01400,RES-02640,2024-07-30,2026-07-30,24,2810,1405,0,,expired
LSE-003877,PROP-01400,RES-02640,2026-09-18,2028-03-18,18,2920,2920,0,LSE-003876,active
LSE-003878,PROP-01401,RES-02641,2022-07-27,2023-07-27,12,2675,1337,0,,expired
LSE-003879,PROP-01401,RES-02642,2023-09-25,2024-09-25,12,2605,2605,0,,expired
LSE-003880,PROP-01401,RES-02642,2024-11-06,2025-11-06,12,2720,2720,0,LSE-003879,expired
LSE-003881,PROP-01401,RES-02642,2025-12-03,2026-12-03,12,2785,2785,0,LSE-003880,active
LSE-003882,PROP-01402,RES-02643,2022-12-09,2024-06-09,18,2640,1320,1,,expired
LSE-003883,PROP-01402,RES-02643,2024-07-17,2025-07-17,12,2745,2745,0,LSE-003882,expired
LSE-003884,PROP-01402,RES-02643,2025-07-29,2027-07-29,24,2905,2905,0,LSE-003883,active
LSE-003885,PROP-01403,RES-02644,2024-09-20,2026-09-20,24,2780,2780,1,,expired
LSE-003886,PROP-01404,RES-02645,2022-01-22,2024-01-22,24,2395,1197,0,,expired
LSE-003887,PROP-01404,RES-02646,2024-02-21,2025-02-21,12,2295,1147,0,,expired
LSE-003888,PROP-01404,RES-02646,2025-04-26,2026-10-26,18,2515,1257,0,LSE-003887,active
LSE-003889,PROP-01405,RES-02647,2021-11-18,2023-11-18,24,2265,2265,0,,expired
LSE-003890,PROP-01405,RES-02647,2023-12-31,2025-06-30,18,2305,2305,0,LSE-003889,expired
LSE-003891,PROP-01405,RES-02647,2025-08-14,2027-08-14,24,2550,2550,0,LSE-003890,active
LSE-003892,PROP-01406,RES-02648,2023-07-21,2025-07-21,24,2570,2570,1,,expired
LSE-003893,PROP-01406,RES-02648,2025-08-09,2026-08-09,12,2735,2735,0,LSE-003892,expired
LSE-003894,PROP-01406,RES-02649,2026-09-27,2027-09-27,12,2875,1437,0,,active
LSE-003895,PROP-01407,RES-02650,2022-11-17,2023-11-17,12,2620,1310,0,,expired
LSE-003896,PROP-01407,RES-02651,2024-01-02,2025-01-02,12,2505,2505,0,,expired
LSE-003897,PROP-01407,RES-02651,2025-01-23,2026-01-23,12,2625,2625,0,LSE-003896,expired
LSE-003898,PROP-01407,RES-02651,2026-03-13,2028-03-13,24,2870,1435,0,LSE-003897,active
LSE-003899,PROP-01408,RES-02652,2024-01-19,2026-01-19,24,2550,2550,0,,expired
LSE-003900,PROP-01408,RES-02653,2026-03-19,2027-03-19,12,2860,2860,0,,active
LSE-003901,PROP-01409,RES-02654,2024-07-15,2025-07-15,12,2905,2905,0,,expired
LSE-003902,PROP-01409,RES-02654,2025-08-25,2026-08-25,12,2970,2970,0,LSE-003901,expired
LSE-003903,PROP-01410,RES-02655,2022-06-09,2024-06-09,24,2650,2650,0,,expired
LSE-003904,PROP-01410,RES-02655,2024-08-05,2026-08-05,24,2780,2780,0,LSE-003903,expired
LSE-003905,PROP-01410,RES-02656,2026-09-25,2027-09-25,12,2965,1482,0,,active
LSE-003906,PROP-01411,RES-02657,2021-12-23,2022-12-23,12,2335,2335,0,,expired
LSE-003907,PROP-01411,RES-02657,2023-01-25,2024-01-25,12,2365,2365,0,LSE-003906,expired
LSE-003908,PROP-01411,RES-02657,2024-02-07,2026-02-07,24,2435,1217,0,LSE-003907,expired
LSE-003909,PROP-01411,RES-02658,2026-03-10,2028-03-10,24,2550,1275,0,,active
LSE-003910,PROP-01412,RES-02659,2024-05-17,2025-05-17,12,2495,2495,0,,expired
LSE-003911,PROP-01412,RES-02659,2025-07-22,2027-07-22,24,2525,2525,1,LSE-003910,active
LSE-003912,PROP-01413,RES-02660,2024-05-04,2026-05-04,24,2470,2470,1,,expired
LSE-003913,PROP-01413,RES-02660,2026-05-11,2027-05-11,12,2695,2695,0,LSE-003912,active
LSE-003914,PROP-01414,RES-02661,2023-08-23,2024-08-23,12,2595,2595,0,,expired
LSE-003915,PROP-01414,RES-02662,2024-10-04,2026-10-04,24,2665,1332,0,,active
LSE-003916,PROP-01415,RES-02663,2022-10-22,2024-10-22,24,2535,2535,0,,expired
LSE-003917,PROP-01415,RES-02664,2024-12-19,2025-12-19,12,2605,2605,0,,expired
LSE-003918,PROP-01415,RES-02665,2026-02-17,2027-02-17,12,2830,2830,0,,active
LSE-003919,PROP-01416,RES-02666,2024-10-23,2026-10-23,24,2410,2410,1,,active
LSE-003920,PROP-01417,RES-02667,2023-05-01,2024-05-01,12,2645,2645,0,,expired
LSE-003921,PROP-01417,RES-02667,2024-06-27,2026-06-27,24,2775,2775,0,LSE-003920,expired
LSE-003922,PROP-01417,RES-02668,2026-08-17,2028-08-17,24,3025,3025,0,,active
LSE-003923,PROP-01418,RES-02669,2023-07-21,2025-07-21,24,2340,2340,0,,expired
LSE-003924,PROP-01418,RES-02670,2025-09-27,2027-03-27,18,2475,2475,0,,active
LSE-003925,PROP-01419,RES-02671,2022-06-26,2024-06-26,24,2515,1257,0,,expired
LSE-003926,PROP-01419,RES-02671,2024-08-14,2025-08-14,12,2615,2615,0,LSE-003925,expired
LSE-003927,PROP-01419,RES-02671,2025-09-28,2026-09-28,12,2805,2805,0,LSE-003926,expired
LSE-003928,PROP-01420,RES-02672,2022-06-19,2023-12-19,18,2255,2255,0,,expired
LSE-003929,PROP-01420,RES-02672,2024-02-15,2025-08-15,18,2335,2335,0,LSE-003928,expired
LSE-003930,PROP-01420,RES-02673,2025-08-25,2026-08-25,12,2600,2600,0,,expired
LSE-003931,PROP-01421,RES-02674,2024-10-17,2026-04-17,18,2675,2675,1,,expired
LSE-003932,PROP-01421,RES-02675,2026-05-21,2027-05-21,12,2830,1415,0,,active
LSE-003933,PROP-01422,RES-02676,2024-12-19,2026-12-19,24,2625,2625,0,,active
LSE-003934,PROP-01423,RES-02677,2024-05-29,2025-05-29,12,2840,2840,0,,expired
LSE-003935,PROP-01423,RES-02677,2025-06-09,2027-06-09,24,2875,2875,0,LSE-003934,active
LSE-003936,PROP-01424,RES-02678,2023-05-10,2024-05-10,12,2295,2295,0,,expired
LSE-003937,PROP-01424,RES-02679,2024-07-08,2025-07-08,12,2495,2495,0,,expired
LSE-003938,PROP-01424,RES-02679,2025-08-08,2027-08-08,24,2615,2615,0,LSE-003937,active
LSE-003939,PROP-01425,RES-02680,2023-08-13,2025-08-13,24,2340,2340,0,,expired
LSE-003940,PROP-01425,RES-02681,2025-10-22,2027-10-22,24,2470,2470,0,,active
LSE-003941,PROP-01426,RES-02682,2023-03-19,2024-09-19,18,2230,2230,0,,expired
LSE-003942,PROP-01426,RES-02683,2024-11-19,2025-11-19,12,2360,2360,0,,expired
LSE-003943,PROP-01426,RES-02684,2026-01-10,2028-01-10,24,2430,2430,0,,active
LSE-003944,PROP-01427,RES-02685,2023-11-23,2024-11-23,12,2245,2245,0,,expired
LSE-003945,PROP-01427,RES-02686,2025-02-01,2027-02-01,24,2375,2375,0,,active
LSE-003946,PROP-01428,RES-02687,2024-07-04,2025-07-04,12,2495,2495,0,,expired
LSE-003947,PROP-01428,RES-02687,2025-08-14,2027-08-14,24,2615,1307,0,LSE-003946,active
LSE-003948,PROP-01429,RES-02688,2024-03-25,2025-09-25,18,2630,2630,0,,expired
LSE-003949,PROP-01429,RES-02689,2025-11-08,2027-11-08,24,2760,2760,0,,active
LSE-003950,PROP-01430,RES-02690,2022-11-07,2023-11-07,12,2345,2345,0,,evicted
LSE-003951,PROP-01430,RES-02691,2023-12-19,2024-12-19,12,2340,2340,0,,expired
LSE-003952,PROP-01430,RES-02691,2025-02-20,2026-08-20,18,2430,1215,1,LSE-003951,expired
LSE-003953,PROP-01431,RES-02692,2022-04-04,2024-04-04,24,2540,2540,0,,expired
LSE-003954,PROP-01431,RES-02693,2024-05-21,2025-11-21,18,2795,2795,0,,expired
LSE-003955,PROP-01431,RES-02694,2025-12-11,2026-12-11,12,2665,2665,0,,active
LSE-003956,PROP-01432,RES-02695,2024-01-03,2026-01-03,24,2550,2550,1,,expired
LSE-003957,PROP-01432,RES-02695,2026-01-16,2027-01-16,12,2760,2760,0,LSE-003956,active
LSE-003958,PROP-01433,RES-02696,2022-06-10,2023-06-10,12,2605,1302,0,,expired
LSE-003959,PROP-01433,RES-02697,2023-08-08,2024-08-08,12,2540,1270,0,,expired
LSE-003960,PROP-01433,RES-02697,2024-09-05,2026-09-05,24,2700,2700,0,LSE-003959,expired
LSE-003961,PROP-01434,RES-02698,2022-08-15,2023-08-15,12,2350,1175,0,,expired
LSE-003962,PROP-01434,RES-02699,2023-09-07,2025-09-07,24,2430,2430,0,,expired
LSE-003963,PROP-01434,RES-02700,2025-10-07,2027-10-07,24,2505,2505,0,,active
LSE-003964,PROP-01435,RES-02701,2022-06-24,2023-06-24,12,2580,2580,1,,expired
LSE-003965,PROP-01435,RES-02701,2023-07-29,2025-07-29,24,2610,2610,0,LSE-003964,expired
LSE-003966,PROP-01435,RES-02701,2025-08-24,2026-08-24,12,2850,1425,0,LSE-003965,expired
LSE-003967,PROP-01436,RES-02702,2022-05-01,2023-05-01,12,2305,2305,0,,expired
LSE-003968,PROP-01436,RES-02702,2023-05-09,2024-11-09,18,2415,2415,0,LSE-003967,expired
LSE-003969,PROP-01436,RES-02702,2024-12-04,2025-12-04,12,2475,2475,0,LSE-003968,expired
LSE-003970,PROP-01436,RES-02702,2026-01-18,2027-01-18,12,2545,2545,0,LSE-003969,active
LSE-003971,PROP-01437,RES-02703,2022-05-02,2024-05-02,24,2655,2655,0,,expired
LSE-003972,PROP-01437,RES-02703,2024-07-12,2026-07-12,24,2715,1357,0,LSE-003971,expired
LSE-003973,PROP-01437,RES-02703,2026-08-13,2028-08-13,24,2995,2995,1,LSE-003972,active
LSE-003974,PROP-01438,RES-02704,2024-02-11,2025-02-11,12,2580,2580,0,,expired
LSE-003975,PROP-01438,RES-02705,2025-04-19,2026-04-19,12,2860,2860,0,,expired
LSE-003976,PROP-01438,RES-02705,2026-06-24,2028-06-24,24,2930,1465,0,LSE-003975,active
LSE-003977,PROP-01439,RES-02706,2023-11-05,2025-11-05,24,2365,2365,0,,expired
LSE-003978,PROP-01439,RES-02706,2025-12-01,2026-12-01,12,2450,2450,1,LSE-003977,active
LSE-003979,PROP-01440,RES-02707,2024-04-19,2025-04-19,12,2455,1227,0,,expired
LSE-003980,PROP-01440,RES-02707,2025-05-07,2026-05-07,12,2570,2570,0,LSE-003979,expired
LSE-003981,PROP-01440,RES-02708,2026-06-22,2027-06-22,12,2730,2730,0,,active
LSE-003982,PROP-01441,RES-02709,2025-03-15,2027-03-15,24,2785,2785,1,,active
LSE-003983,PROP-01442,RES-02710,2022-08-20,2024-08-20,24,2245,1122,0,,expired
LSE-003984,PROP-01442,RES-02711,2024-09-26,2026-03-26,18,2460,1230,0,,expired
LSE-003985,PROP-01442,RES-02712,2026-04-07,2027-04-07,12,2615,2615,0,,active
LSE-003986,PROP-01443,RES-02713,2022-08-29,2023-08-29,12,2375,2375,1,,expired
LSE-003987,PROP-01443,RES-02713,2023-11-02,2025-11-02,24,2405,2405,0,LSE-003986,expired
LSE-003988,PROP-01443,RES-02714,2025-12-23,2026-12-23,12,2425,1212,0,,active
LSE-003989,PROP-01444,RES-02715,2023-05-04,2024-05-04,12,2540,1270,0,,expired
LSE-003990,PROP-01444,RES-02716,2024-05-31,2026-05-31,24,2750,1375,0,,expired
LSE-003991,PROP-01444,RES-02717,2026-07-08,2028-07-08,24,2960,1480,0,,active
LSE-003992,PROP-01445,RES-02718,2023-06-27,2025-06-27,24,2375,1187,0,,expired
LSE-003993,PROP-01445,RES-02719,2025-07-13,2027-07-13,24,2580,2580,1,,active
LSE-003994,PROP-01446,RES-02720,2023-08-18,2025-08-18,24,2640,2640,0,,expired
LSE-003995,PROP-01446,RES-02721,2025-09-17,2026-09-17,12,2765,2765,0,,expired
LSE-003996,PROP-01447,RES-02722,2024-02-13,2025-02-13,12,2545,2545,0,,expired
LSE-003997,PROP-01447,RES-02722,2025-03-16,2026-03-16,12,2705,2705,0,LSE-003996,expired
LSE-003998,PROP-01447,RES-02723,2026-05-08,2027-05-08,12,2910,2910,0,,active
LSE-003999,PROP-01448,RES-02724,2022-06-07,2024-06-07,24,2650,2650,0,,expired
LSE-004000,PROP-01448,RES-02725,2024-08-09,2025-08-09,12,2700,2700,1,,expired
LSE-004001,PROP-01448,RES-02726,2025-08-15,2027-02-15,18,2905,2905,0,,active
LSE-004002,PROP-01449,RES-02727,2023-05-19,2024-05-19,12,2525,2525,0,,expired
LSE-004003,PROP-01449,RES-02728,2024-07-01,2025-07-01,12,2730,1365,1,,expired
LSE-004004,PROP-01449,RES-02728,2025-08-12,2026-08-12,12,2825,2825,0,LSE-004003,expired
LSE-004005,PROP-01449,RES-02728,2026-09-19,2027-09-19,12,2880,2880,0,LSE-004004,active
LSE-004006,PROP-01450,RES-02729,2023-04-21,2024-04-21,12,2500,2500,0,,expired
LSE-004007,PROP-01450,RES-02730,2024-05-09,2025-05-09,12,2710,2710,0,,expired
LSE-004008,PROP-01450,RES-02730,2025-06-10,2026-06-10,12,2820,2820,0,LSE-004007,expired
LSE-004009,PROP-01450,RES-02731,2026-08-22,2027-08-22,12,2870,1435,0,,active
LSE-004010,PROP-01451,RES-02732,2022-03-24,2023-03-24,12,2510,2510,0,,expired
LSE-004011,PROP-01451,RES-02733,2023-05-29,2024-05-29,12,2505,2505,0,,expired
LSE-004012,PROP-01451,RES-02733,2024-08-10,2026-08-10,24,2695,1347,1,LSE-004011,expired
LSE-004013,PROP-01451,RES-02733,2026-09-02,2028-09-02,24,2905,2905,0,LSE-004012,active
LSE-004014,PROP-01452,RES-02734,2022-05-08,2023-05-08,12,2355,2355,0,,expired
LSE-004015,PROP-01452,RES-02735,2023-06-02,2025-06-02,24,2290,1145,0,,expired
LSE-004016,PROP-01452,RES-02736,2025-08-03,2026-08-03,12,2590,2590,0,,expired
LSE-004017,PROP-01452,RES-02736,2026-09-26,2027-09-26,12,2700,1350,0,LSE-004016,active
LSE-004018,PROP-01453,RES-02737,2021-12-13,2022-12-13,12,2645,2645,0,,expired
LSE-004019,PROP-01453,RES-02738,2023-01-14,2025-01-14,24,2625,2625,0,,expired
LSE-004020,PROP-01453,RES-02738,2025-03-21,2026-03-21,12,2725,2725,0,LSE-004019,expired
LSE-004021,PROP-01453,RES-02739,2026-04-22,2027-04-22,12,2940,2940,0,,active
LSE-004022,PROP-01454,RES-02740,2024-06-01,2026-06-01,24,2730,2730,1,,expired
LSE-004023,PROP-01454,RES-02740,2026-07-03,2028-07-03,24,2910,2910,0,LSE-004022,active
LSE-004024,PROP-01455,RES-02741,2024-12-06,2025-12-06,12,2695,1347,1,,expired
LSE-004025,PROP-01455,RES-02741,2026-01-24,2027-01-24,12,2825,2825,0,LSE-004024,active
LSE-004026,PROP-01456,RES-02742,2023-09-27,2025-09-27,24,2310,2310,0,,expired
LSE-004027,PROP-01456,RES-02743,2025-10-17,2027-10-17,24,2450,2450,0,,active
LSE-004028,PROP-01457,RES-02744,2023-08-03,2025-02-03,18,2335,1167,0,,expired
LSE-004029,PROP-01457,RES-02744,2025-04-05,2026-04-05,12,2520,2520,0,LSE-004028,expired
LSE-004030,PROP-01457,RES-02744,2026-04-14,2028-04-14,24,2640,1320,0,LSE-004029,active
LSE-004031,PROP-01458,RES-02745,2022-07-09,2024-01-09,18,2410,2410,0,,expired
LSE-004032,PROP-01458,RES-02745,2024-01-28,2026-01-28,24,2475,1237,0,LSE-004031,expired
LSE-004033,PROP-01458,RES-02746,2026-02-14,2027-08-14,18,2585,2585,0,,active
LSE-004034,PROP-01459,RES-02747,2023-09-25,2024-09-25,12,2385,2385,0,,expired
LSE-004035,PROP-01459,RES-02748,2024-11-23,2025-11-23,12,2305,1152,1,,expired
LSE-004036,PROP-01459,RES-02749,2025-12-09,2026-12-09,12,2415,1207,1,,active
LSE-004037,PROP-01460,RES-02750,2024-02-17,2026-02-17,24,2430,2430,0,,expired
LSE-004038,PROP-01460,RES-02750,2026-03-30,2028-03-30,24,2465,1232,0,LSE-004037,active
LSE-004039,PROP-01461,RES-02751,2022-01-16,2023-01-16,12,2255,1127,0,,expired
LSE-004040,PROP-01461,RES-02752,2023-01-31,2024-01-31,12,2320,1160,0,,expired
LSE-004041,PROP-01461,RES-02752,2024-04-13,2025-04-13,12,2440,2440,0,LSE-004040,expired
LSE-004042,PROP-01461,RES-02753,2025-06-23,2027-06-23,24,2650,1325,0,,active
LSE-004043,PROP-01462,RES-02754,2024-02-15,2025-08-15,18,2330,2330,0,,expired
LSE-004044,PROP-01462,RES-02754,2025-10-05,2027-10-05,24,2440,2440,0,LSE-004043,active
LSE-004045,PROP-01463,RES-02755,2023-07-27,2025-07-27,24,2320,1160,0,,expired
LSE-004046,PROP-01463,RES-02756,2025-08-17,2027-08-17,24,2600,2600,0,,active
LSE-004047,PROP-01464,RES-02757,2023-07-11,2025-07-11,24,2295,2295,0,,expired
LSE-004048,PROP-01464,RES-02757,2025-07-25,2027-07-25,24,2505,2505,1,LSE-004047,active
LSE-004049,PROP-01465,RES-02758,2023-07-28,2025-07-28,24,2330,1165,0,,expired
LSE-004050,PROP-01465,RES-02759,2025-10-03,2027-04-03,18,2460,2460,1,,active
LSE-004051,PROP-01466,RES-02760,2024-10-22,2026-04-22,18,2420,1210,0,,expired
LSE-004052,PROP-01466,RES-02760,2026-05-10,2027-05-10,12,2585,2585,0,LSE-004051,active
LSE-004053,PROP-01467,RES-02761,2022-06-16,2023-06-16,12,2345,2345,0,,expired
LSE-004054,PROP-01467,RES-02761,2023-08-07,2024-08-07,12,2375,2375,0,LSE-004053,expired
LSE-004055,PROP-01467,RES-02761,2024-10-12,2026-10-12,24,2465,1232,0,LSE-004054,active
LSE-004056,PROP-01468,RES-02762,2024-12-16,2025-12-16,12,2405,1202,0,,expired
LSE-004057,PROP-01468,RES-02762,2026-01-20,2028-01-20,24,2480,2480,1,LSE-004056,active
LSE-004058,PROP-01469,RES-02763,2023-12-17,2025-12-17,24,2270,1135,0,,expired
LSE-004059,PROP-01469,RES-02764,2026-03-01,2028-03-01,24,2595,1297,0,,active
LSE-004060,PROP-01470,RES-02765,2023-11-20,2025-11-20,24,2345,1172,0,,expired
LSE-004061,PROP-01470,RES-02765,2025-11-25,2026-11-25,12,2425,2425,0,LSE-004060,active
LSE-004062,PROP-01471,RES-02766,2024-04-17,2025-04-17,12,2460,2460,0,,expired
LSE-004063,PROP-01471,RES-02767,2025-05-18,2026-05-18,12,2555,2555,1,,expired
LSE-004064,PROP-01471,RES-02768,2026-06-30,2027-06-30,12,2695,1347,0,,active
LSE-004065,PROP-01472,RES-02769,2023-08-04,2024-08-04,12,2350,2350,0,,expired
LSE-004066,PROP-01472,RES-02770,2024-08-28,2025-08-28,12,2455,2455,0,,expired
LSE-004067,PROP-01472,RES-02771,2025-10-03,2027-10-03,24,2425,2425,0,,active
LSE-004068,PROP-01473,RES-02772,2022-07-23,2024-07-23,24,2305,2305,0,,expired
LSE-004069,PROP-01473,RES-02773,2024-09-11,2025-09-11,12,2445,2445,0,,expired
LSE-004070,PROP-01473,RES-02773,2025-10-21,2026-10-21,12,2550,1275,0,LSE-004069,active
LSE-004071,PROP-01474,RES-02774,2022-10-04,2023-10-04,12,2315,1157,0,,expired
LSE-004072,PROP-01474,RES-02775,2023-11-21,2025-11-21,24,2320,2320,0,,expired
LSE-004073,PROP-01474,RES-02776,2025-12-22,2027-12-22,24,2490,1245,0,,active
LSE-004074,PROP-01475,RES-02777,2023-06-22,2024-06-22,12,2265,2265,0,,expired
LSE-004075,PROP-01475,RES-02777,2024-08-16,2026-08-16,24,2465,2465,0,LSE-004074,expired
LSE-004076,PROP-01476,RES-02778,2023-06-05,2024-12-05,18,2295,2295,1,,expired
LSE-004077,PROP-01476,RES-02779,2025-02-02,2026-02-02,12,2405,2405,0,,expired
LSE-004078,PROP-01476,RES-02779,2026-02-15,2027-02-15,12,2490,2490,0,LSE-004077,active
LSE-004079,PROP-01477,RES-02780,2023-06-27,2025-06-27,24,2315,2315,0,,expired
LSE-004080,PROP-01477,RES-02780,2025-08-11,2027-08-11,24,2595,1297,0,LSE-004079,active
LSE-004081,PROP-01478,RES-02781,2024-02-09,2026-02-09,24,2365,1182,0,,expired
LSE-004082,PROP-01478,RES-02781,2026-04-14,2028-04-14,24,2650,2650,0,LSE-004081,active
LSE-004083,PROP-01479,RES-02782,2024-03-07,2025-09-07,18,2455,1227,0,,expired
LSE-004084,PROP-01479,RES-02782,2025-10-12,2027-10-12,24,2535,1267,0,LSE-004083,active
LSE-004085,PROP-01480,RES-02783,2024-03-05,2025-03-05,12,2425,2425,0,,expired
LSE-004086,PROP-01480,RES-02784,2025-05-04,2027-05-04,24,2590,2590,0,,active
LSE-004087,PROP-01481,RES-02785,2023-10-12,2025-10-12,24,2325,1162,0,,expired
LSE-004088,PROP-01481,RES-02786,2025-11-16,2027-11-16,24,2485,2485,0,,active
LSE-004089,PROP-01482,RES-02787,2023-11-16,2025-05-16,18,2285,1142,0,,expired
LSE-004090,PROP-01482,RES-02788,2025-06-14,2027-06-14,24,2600,1300,1,,active
LSE-004091,PROP-01483,RES-02789,2023-12-25,2024-12-25,12,2285,1142,0,,expired
LSE-004092,PROP-01483,RES-02789,2025-01-05,2026-01-05,12,2370,1185,1,LSE-004091,expired
LSE-004093,PROP-01483,RES-02790,2026-02-02,2027-08-02,18,2480,1240,0,,active
LSE-004094,PROP-01484,RES-02791,2023-09-26,2024-09-26,12,2295,1147,0,,expired
LSE-004095,PROP-01484,RES-02791,2024-10-29,2025-10-29,12,2390,1195,0,LSE-004094,expired
LSE-004096,PROP-01484,RES-02791,2025-11-12,2026-11-12,12,2490,2490,1,LSE-004095,active
LSE-004097,PROP-01485,RES-02792,2022-05-19,2024-05-19,24,2360,1180,1,,expired
LSE-004098,PROP-01485,RES-02792,2024-07-23,2026-07-23,24,2505,2505,0,LSE-004097,expired
LSE-004099,PROP-01485,RES-02792,2026-08-30,2027-08-30,12,2565,2565,0,LSE-004098,active
LSE-004100,PROP-01486,RES-02793,2022-01-11,2023-01-11,12,2350,2350,1,,expired
LSE-004101,PROP-01486,RES-02793,2023-03-15,2024-03-15,12,2425,2425,0,LSE-004100,expired
LSE-004102,PROP-01486,RES-02793,2024-05-21,2026-05-21,24,2545,1272,0,LSE-004101,expired
LSE-004103,PROP-01486,RES-02794,2026-06-01,2027-06-01,12,2705,1352,0,,active
LSE-004104,PROP-01487,RES-02795,2022-07-20,2024-07-20,24,2310,1155,0,,expired
LSE-004105,PROP-01487,RES-02796,2024-07-29,2025-07-29,12,2440,2440,0,,expired
LSE-004106,PROP-01487,RES-02796,2025-09-08,2026-09-08,12,2515,2515,0,LSE-004105,expired
LSE-004107,PROP-01488,RES-02797,2024-03-06,2026-03-06,24,2315,2315,0,,expired
LSE-004108,PROP-01488,RES-02797,2026-05-10,2028-05-10,24,2545,2545,0,LSE-004107,active
LSE-004109,PROP-01489,RES-02798,2023-11-23,2024-11-23,12,2280,1140,0,,expired
LSE-004110,PROP-01489,RES-02798,2024-12-26,2026-06-26,18,2365,1182,0,LSE-004109,expired
LSE-004111,PROP-01489,RES-02798,2026-08-29,2028-08-29,24,2585,2585,0,LSE-004110,active
LSE-004112,PROP-01490,RES-02799,2022-07-03,2023-07-03,12,2330,1165,0,,expired
LSE-004113,PROP-01490,RES-02799,2023-08-13,2024-08-13,12,2385,2385,0,LSE-004112,expired
LSE-004114,PROP-01490,RES-02799,2024-10-05,2025-10-05,12,2455,2455,0,LSE-004113,expired
LSE-004115,PROP-01490,RES-02800,2025-12-12,2027-06-12,18,2415,2415,1,,active
LSE-004116,PROP-01491,RES-02801,2023-01-06,2024-01-06,12,2265,1132,0,,expired
LSE-004117,PROP-01491,RES-02801,2024-03-04,2025-09-04,18,2295,2295,0,LSE-004116,expired
LSE-004118,PROP-01491,RES-02802,2025-10-24,2027-10-24,24,2415,2415,0,,active
LSE-004119,PROP-01492,RES-02803,2022-07-25,2024-07-25,24,2385,1192,0,,expired
LSE-004120,PROP-01492,RES-02803,2024-09-16,2026-09-16,24,2490,1245,0,LSE-004119,expired
LSE-004121,PROP-01493,RES-02804,2023-12-28,2024-12-28,12,2245,1122,0,,expired
LSE-004122,PROP-01493,RES-02804,2025-01-16,2026-07-16,18,2355,2355,0,LSE-004121,expired
LSE-004123,PROP-01493,RES-02805,2026-08-01,2027-08-01,12,2655,2655,0,,active
LSE-004124,PROP-01494,RES-02806,2022-06-24,2024-06-24,24,2320,2320,1,,expired
LSE-004125,PROP-01494,RES-02806,2024-07-03,2025-07-03,12,2430,1215,0,LSE-004124,expired
LSE-004126,PROP-01494,RES-02806,2025-08-10,2027-08-10,24,2545,2545,0,LSE-004125,active
LSE-004127,PROP-01495,RES-02807,2025-02-25,2026-02-25,12,2495,2495,0,,expired
LSE-004128,PROP-01495,RES-02808,2026-04-10,2028-04-10,24,2610,2610,0,,active
LSE-004129,PROP-01496,RES-02809,2022-06-12,2023-06-12,12,2340,2340,0,,expired
LSE-004130,PROP-01496,RES-02809,2023-08-01,2025-08-01,24,2420,2420,0,LSE-004129,expired
LSE-004131,PROP-01496,RES-02810,2025-09-22,2027-03-22,18,2585,2585,0,,active
LSE-004132,PROP-01497,RES-02811,2022-07-05,2024-07-05,24,2250,2250,0,,expired
LSE-004133,PROP-01497,RES-02811,2024-08-23,2025-08-23,12,2405,2405,0,LSE-004132,expired
LSE-004134,PROP-01497,RES-02811,2025-10-24,2027-10-24,24,2455,1227,0,LSE-004133,active
LSE-004135,PROP-01498,RES-02812,2022-03-03,2024-03-03,24,2340,2340,0,,expired
LSE-004136,PROP-01498,RES-02813,2024-05-07,2026-05-07,24,2445,1222,0,,expired
LSE-004137,PROP-01498,RES-02814,2026-06-02,2027-06-02,12,2615,2615,1,,active
LSE-004138,PROP-01499,RES-02815,2021-10-18,2023-10-18,24,2380,2380,1,,expired
LSE-004139,PROP-01499,RES-02816,2023-12-11,2025-12-11,24,2235,1117,0,,evicted
LSE-004140,PROP-01499,RES-02817,2026-01-30,2028-01-30,24,2505,1252,0,,active
LSE-004141,PROP-01500,RES-02818,2024-11-08,2025-11-08,12,2290,2290,0,,expired
LSE-004142,PROP-01500,RES-02818,2025-12-30,2027-12-30,24,2400,2400,1,LSE-004141,active
LSE-004143,PROP-01501,RES-02819,2022-07-26,2024-07-26,24,2340,2340,0,,expired
LSE-004144,PROP-01501,RES-02819,2024-09-01,2026-09-01,24,2435,1217,0,LSE-004143,expired
LSE-004145,PROP-01501,RES-02819,2026-09-14,2028-03-14,18,2540,2540,0,LSE-004144,active
LSE-004146,PROP-01502,RES-02820,2024-02-24,2025-02-24,12,2450,2450,1,,expired
LSE-004147,PROP-01502,RES-02821,2025-03-20,2026-03-20,12,2495,2495,0,,expired
LSE-004148,PROP-01502,RES-02821,2026-05-04,2027-05-04,12,2730,1365,0,LSE-004147,active
LSE-004149,PROP-01503,RES-02822,2024-09-19,2025-09-19,12,2460,2460,1,,expired
LSE-004150,PROP-01503,RES-02822,2025-11-14,2026-11-14,12,2555,2555,0,LSE-004149,active
LSE-004151,PROP-01504,RES-02823,2022-02-21,2023-02-21,12,2310,2310,0,,expired
LSE-004152,PROP-01504,RES-02824,2023-03-01,2024-03-01,12,2265,2265,0,,expired
LSE-004153,PROP-01504,RES-02825,2024-05-02,2026-05-02,24,2525,2525,0,,expired
LSE-004154,PROP-01504,RES-02826,2026-07-10,2028-01-10,18,2705,2705,0,,active
LSE-004155,PROP-01505,RES-02827,2023-01-04,2024-07-04,18,2325,1162,1,,expired
LSE-004156,PROP-01505,RES-02827,2024-09-16,2025-09-16,12,2440,1220,1,LSE-004155,expired
LSE-004157,PROP-01505,RES-02827,2025-10-30,2027-10-30,24,2475,2475,0,LSE-004156,active
LSE-004158,PROP-01506,RES-02828,2022-05-19,2023-05-19,12,2295,1147,0,,expired
LSE-004159,PROP-01506,RES-02828,2023-06-27,2025-06-27,24,2385,2385,0,LSE-004158,expired
LSE-004160,PROP-01506,RES-02829,2025-07-09,2026-07-09,12,2700,2700,0,,expired
LSE-004161,PROP-01506,RES-02829,2026-09-02,2028-03-02,18,2750,2750,0,LSE-004160,active
LSE-004162,PROP-01507,RES-02830,2021-10-22,2023-10-22,24,2390,1195,0,,expired
LSE-004163,PROP-01507,RES-02830,2023-11-13,2025-11-13,24,2430,1215,0,LSE-004162,expired
LSE-004164,PROP-01507,RES-02831,2025-12-16,2027-12-16,24,2620,2620,1,,active
LSE-004165,PROP-01508,RES-02832,2023-10-16,2024-10-16,12,2325,1162,0,,expired
LSE-004166,PROP-01508,RES-02832,2024-11-12,2026-05-12,18,2425,2425,0,LSE-004165,expired
LSE-004167,PROP-01508,RES-02832,2026-07-01,2028-07-01,24,2660,1330,0,LSE-004166,active
LSE-004168,PROP-01509,RES-02833,2022-08-20,2023-08-20,12,2275,1137,0,,expired
LSE-004169,PROP-01509,RES-02833,2023-10-01,2025-10-01,24,2385,1192,0,LSE-004168,expired
LSE-004170,PROP-01509,RES-02833,2025-11-25,2027-11-25,24,2535,2535,1,LSE-004169,active
LSE-004171,PROP-01510,RES-02834,2022-10-08,2023-10-08,12,2285,1142,1,,terminated-early
LSE-004172,PROP-01510,RES-02835,2023-10-19,2025-10-19,24,2305,1152,0,,expired
LSE-004173,PROP-01510,RES-02835,2025-12-01,2027-06-01,18,2405,2405,0,LSE-004172,active
LSE-004174,PROP-01511,RES-02836,2022-03-26,2023-03-26,12,2440,1220,0,,expired
LSE-004175,PROP-01511,RES-02837,2023-04-03,2024-04-03,12,2385,1192,0,,expired
LSE-004176,PROP-01511,RES-02837,2024-05-09,2025-11-09,18,2545,2545,0,LSE-004175,expired
LSE-004177,PROP-01511,RES-02837,2025-12-09,2026-12-09,12,2570,1285,0,LSE-004176,active
LSE-004178,PROP-01512,RES-02838,2022-05-13,2023-05-13,12,2345,2345,0,,expired
LSE-004179,PROP-01512,RES-02838,2023-07-08,2025-07-08,24,2420,1210,0,LSE-004178,expired
LSE-004180,PROP-01512,RES-02839,2025-09-05,2026-09-05,12,2520,2520,0,,expired
LSE-004181,PROP-01512,RES-02839,2026-09-23,2028-09-23,24,2570,2570,0,LSE-004180,active
LSE-004182,PROP-01513,RES-02840,2022-06-21,2024-06-21,24,2315,2315,0,,expired
LSE-004183,PROP-01513,RES-02840,2024-08-14,2026-08-14,24,2475,2475,0,LSE-004182,expired
LSE-004184,PROP-01513,RES-02840,2026-09-18,2027-09-18,12,2670,2670,0,LSE-004183,active
LSE-004185,PROP-01514,RES-02841,2024-03-19,2026-03-19,24,2495,2495,0,,expired
LSE-004186,PROP-01514,RES-02842,2026-05-27,2027-05-27,12,2760,2760,0,,active
LSE-004187,PROP-01515,RES-02843,2023-06-17,2025-06-17,24,2340,1170,0,,expired
LSE-004188,PROP-01515,RES-02844,2025-06-27,2026-06-27,12,2615,1307,0,,expired
LSE-004189,PROP-01515,RES-02844,2026-09-02,2028-03-02,18,2720,2720,0,LSE-004188,active
LSE-004190,PROP-01516,RES-02845,2023-06-26,2024-06-26,12,2400,2400,0,,expired
LSE-004191,PROP-01516,RES-02846,2024-08-20,2025-08-20,12,2485,2485,0,,expired
LSE-004192,PROP-01516,RES-02847,2025-10-31,2027-10-31,24,2535,1267,0,,active
LSE-004193,PROP-01517,RES-02848,2024-03-04,2026-03-04,24,2455,2455,0,,expired
LSE-004194,PROP-01517,RES-02848,2026-04-14,2028-04-14,24,2590,2590,0,LSE-004193,active
LSE-004195,PROP-01518,RES-02849,2024-03-16,2025-03-16,12,2400,1200,0,,expired
LSE-004196,PROP-01518,RES-02850,2025-05-10,2026-05-10,12,2620,2620,0,,expired
LSE-004197,PROP-01518,RES-02851,2026-05-16,2027-05-16,12,2675,2675,0,,active
LSE-004198,PROP-01519,RES-02852,2023-07-18,2024-07-18,12,2335,2335,0,,expired
LSE-004199,PROP-01519,RES-02852,2024-09-03,2025-09-03,12,2415,2415,0,LSE-004198,expired
LSE-004200,PROP-01519,RES-02852,2025-09-22,2027-03-22,18,2585,2585,0,LSE-004199,active
LSE-004201,PROP-01520,RES-02853,2023-10-12,2024-10-12,12,2420,1210,0,,expired
LSE-004202,PROP-01520,RES-02853,2024-11-04,2026-11-04,24,2445,1222,0,LSE-004201,active
LSE-004203,PROP-01521,RES-02854,2023-01-06,2025-01-06,24,2425,2425,0,,expired
LSE-004204,PROP-01521,RES-02854,2025-02-12,2027-02-12,24,2510,1255,0,LSE-004203,active
LSE-004205,PROP-01522,RES-02855,2021-12-08,2023-12-08,24,2420,2420,0,,expired
LSE-004206,PROP-01522,RES-02856,2024-01-09,2025-01-09,12,2435,2435,0,,expired
LSE-004207,PROP-01522,RES-02856,2025-03-20,2026-03-20,12,2550,1275,0,LSE-004206,expired
LSE-004208,PROP-01522,RES-02857,2026-04-26,2028-04-26,24,2640,2640,0,,active
LSE-004209,PROP-01523,RES-02858,2023-08-15,2024-08-15,12,2375,2375,0,,expired
LSE-004210,PROP-01523,RES-02858,2024-09-01,2026-09-01,24,2450,1225,1,LSE-004209,expired
LSE-004211,PROP-01524,RES-02859,2022-04-20,2023-04-20,12,2385,2385,0,,expired
LSE-004212,PROP-01524,RES-02859,2023-05-19,2024-05-19,12,2420,1210,0,LSE-004211,expired
LSE-004213,PROP-01524,RES-02859,2024-07-08,2025-07-08,12,2480,2480,0,LSE-004212,expired
LSE-004214,PROP-01524,RES-02860,2025-08-10,2027-08-10,24,2630,2630,0,,active
LSE-004215,PROP-01525,RES-02861,2023-05-19,2024-11-19,18,2345,1172,0,,expired
LSE-004216,PROP-01525,RES-02861,2024-12-01,2026-12-01,24,2415,1207,0,LSE-004215,active
LSE-004217,PROP-01526,RES-02862,2021-12-03,2023-12-03,24,2360,2360,0,,expired
LSE-004218,PROP-01526,RES-02863,2024-01-12,2025-01-12,12,2315,1157,0,,expired
LSE-004219,PROP-01526,RES-02863,2025-03-05,2027-03-05,24,2550,2550,0,LSE-004218,active
LSE-004220,PROP-01527,RES-02864,2022-10-16,2023-10-16,12,2430,1215,0,,expired
LSE-004221,PROP-01527,RES-02865,2023-11-05,2025-05-05,18,2335,1167,0,,expired
LSE-004222,PROP-01527,RES-02866,2025-07-18,2026-07-18,12,2645,1322,0,,expired
LSE-004223,PROP-01527,RES-02866,2026-08-26,2028-08-26,24,2750,2750,0,LSE-004222,active
LSE-004224,PROP-01528,RES-02867,2023-06-13,2024-06-13,12,2420,1210,0,,expired
LSE-004225,PROP-01528,RES-02868,2024-07-23,2025-07-23,12,2545,2545,0,,terminated-early
LSE-004226,PROP-01528,RES-02869,2025-08-23,2026-08-23,12,2595,1297,0,,expired
LSE-004227,PROP-01528,RES-02869,2026-09-19,2028-09-19,24,2695,2695,0,LSE-004226,active
LSE-004228,PROP-01529,RES-02870,2024-08-17,2026-08-17,24,2545,2545,0,,expired
LSE-004229,PROP-01529,RES-02871,2026-09-23,2028-09-23,24,2615,2615,1,,active
LSE-004230,PROP-01530,RES-02872,2022-05-23,2024-05-23,24,2400,2400,0,,expired
LSE-004231,PROP-01530,RES-02872,2024-07-26,2026-07-26,24,2475,1237,0,LSE-004230,expired
LSE-004232,PROP-01530,RES-02873,2026-08-04,2027-08-04,12,2710,2710,0,,active
LSE-004233,PROP-01531,RES-02874,2023-08-08,2025-02-08,18,2325,2325,0,,expired
LSE-004234,PROP-01531,RES-02874,2025-04-24,2026-04-24,12,2605,1302,1,LSE-004233,expired
LSE-004235,PROP-01531,RES-02875,2026-05-22,2028-05-22,24,2750,1375,0,,active
LSE-004236,PROP-01532,RES-02876,2024-02-18,2026-02-18,24,2300,2300,0,,expired
LSE-004237,PROP-01532,RES-02876,2026-04-19,2028-04-19,24,2545,2545,0,LSE-004236,active
LSE-004238,PROP-01533,RES-02877,2023-11-13,2024-11-13,12,2365,1182,0,,expired
LSE-004239,PROP-01533,RES-02878,2025-01-18,2026-01-18,12,2395,2395,0,,expired
LSE-004240,PROP-01533,RES-02879,2026-02-01,2028-02-01,24,2530,1265,0,,active
LSE-004241,PROP-01534,RES-02880,2023-08-28,2025-08-28,24,2330,2330,0,,expired
LSE-004242,PROP-01534,RES-02880,2025-09-29,2027-09-29,24,2530,1265,0,LSE-004241,active
LSE-004243,PROP-01535,RES-02881,2022-10-01,2024-10-01,24,2395,2395,0,,expired
LSE-004244,PROP-01535,RES-02882,2024-10-10,2025-10-10,12,2395,1197,0,,expired
LSE-004245,PROP-01535,RES-02882,2025-10-28,2026-10-28,12,2475,1237,0,LSE-004244,active
LSE-004246,PROP-01536,RES-02883,2022-08-28,2024-08-28,24,2365,2365,0,,expired
LSE-004247,PROP-01536,RES-02883,2024-10-09,2026-10-09,24,2480,2480,0,LSE-004246,active
LSE-004248,PROP-01537,RES-02884,2024-03-08,2025-03-08,12,2495,1247,0,,expired
LSE-004249,PROP-01537,RES-02885,2025-05-01,2026-05-01,12,2635,2635,0,,expired
LSE-004250,PROP-01537,RES-02885,2026-05-08,2027-05-08,12,2790,2790,0,LSE-004249,active
LSE-004251,PROP-01538,RES-02886,2021-12-17,2022-12-17,12,2370,1185,0,,expired
LSE-004252,PROP-01538,RES-02886,2022-12-29,2024-12-29,24,2485,2485,0,LSE-004251,expired
LSE-004253,PROP-01538,RES-02887,2025-01-30,2026-01-30,12,2375,2375,0,,expired
LSE-004254,PROP-01538,RES-02887,2026-04-09,2027-04-09,12,2660,2660,0,LSE-004253,active
LSE-004255,PROP-01539,RES-02888,2022-10-26,2023-10-26,12,2285,2285,1,,expired
LSE-004256,PROP-01539,RES-02888,2023-12-15,2025-06-15,18,2360,2360,0,LSE-004255,expired
LSE-004257,PROP-01539,RES-02888,2025-06-27,2027-06-27,24,2600,2600,0,LSE-004256,active
LSE-004258,PROP-01540,RES-02889,2024-02-18,2025-08-18,18,2500,1250,1,,expired
LSE-004259,PROP-01540,RES-02889,2025-10-06,2026-10-06,12,2555,1277,0,LSE-004258,active
LSE-004260,PROP-01541,RES-02890,2023-07-05,2024-07-05,12,2345,2345,0,,expired
LSE-004261,PROP-01541,RES-02891,2024-08-13,2026-02-13,18,2570,2570,0,,expired
LSE-004262,PROP-01541,RES-02892,2026-04-06,2027-04-06,12,2790,2790,0,,active
LSE-004263,PROP-01542,RES-02893,2022-05-18,2023-11-18,18,2315,2315,0,,expired
LSE-004264,PROP-01542,RES-02894,2024-01-31,2025-01-31,12,2405,2405,0,,expired
LSE-004265,PROP-01542,RES-02894,2025-02-14,2026-02-14,12,2485,2485,0,LSE-004264,expired
LSE-004266,PROP-01542,RES-02895,2026-04-24,2028-04-24,24,2715,2715,0,,active
LSE-004267,PROP-01543,RES-02896,2024-09-09,2025-09-09,12,2505,2505,0,,expired
LSE-004268,PROP-01543,RES-02897,2025-09-24,2026-09-24,12,2565,2565,0,,expired
LSE-004269,PROP-01544,RES-02898,2022-07-01,2024-01-01,18,2440,2440,0,,expired
LSE-004270,PROP-01544,RES-02899,2024-02-11,2025-02-11,12,2510,2510,0,,expired
LSE-004271,PROP-01544,RES-02899,2025-04-01,2027-04-01,24,2550,2550,0,LSE-004270,active
LSE-004272,PROP-01545,RES-02900,2021-12-14,2022-12-14,12,2420,1210,0,,expired
LSE-004273,PROP-01545,RES-02901,2023-01-27,2024-01-27,12,2360,2360,0,,expired
LSE-004274,PROP-01545,RES-02901,2024-03-25,2026-03-25,24,2445,2445,0,LSE-004273,expired
LSE-004275,PROP-01545,RES-02901,2026-04-21,2028-04-21,24,2690,1345,0,LSE-004274,active
LSE-004276,PROP-01546,RES-02902,2023-04-06,2024-04-06,12,2475,2475,0,,expired
LSE-004277,PROP-01546,RES-02902,2024-04-27,2026-04-27,24,2530,2530,0,LSE-004276,expired
LSE-004278,PROP-01546,RES-02902,2026-06-07,2028-06-07,24,2695,2695,1,LSE-004277,active
LSE-004279,PROP-01547,RES-02903,2024-02-02,2026-02-02,24,2485,2485,0,,expired
LSE-004280,PROP-01547,RES-02904,2026-04-14,2027-04-14,12,2715,2715,1,,active
LSE-004281,PROP-01548,RES-02905,2022-03-16,2024-03-16,24,2345,2345,0,,expired
LSE-004282,PROP-01548,RES-02905,2024-05-12,2026-05-12,24,2505,2505,1,LSE-004281,expired
LSE-004283,PROP-01548,RES-02906,2026-06-10,2027-06-10,12,2870,1435,0,,active
LSE-004284,PROP-01549,RES-02907,2023-11-26,2025-11-26,24,2285,1142,0,,expired
LSE-004285,PROP-01549,RES-02908,2026-02-05,2027-02-05,12,2535,1267,0,,active
LSE-004286,PROP-01550,RES-02909,2022-04-12,2024-04-12,24,2430,2430,0,,expired
LSE-004287,PROP-01550,RES-02910,2024-05-21,2025-05-21,12,2570,2570,0,,expired
LSE-004288,PROP-01550,RES-02911,2025-06-23,2026-06-23,12,2665,1332,0,,expired
LSE-004289,PROP-01550,RES-02911,2026-07-13,2027-07-13,12,2765,2765,0,LSE-004288,active
LSE-004290,PROP-01551,RES-02912,2024-02-19,2026-02-19,24,2460,2460,0,,expired
LSE-004291,PROP-01551,RES-02913,2026-03-20,2027-03-20,12,2575,2575,0,,active
LSE-004292,PROP-01552,RES-02914,2021-11-08,2022-11-08,12,2330,2330,0,,expired
LSE-004293,PROP-01552,RES-02914,2023-01-01,2025-01-01,24,2435,2435,0,LSE-004292,expired
LSE-004294,PROP-01552,RES-02915,2025-03-17,2026-03-17,12,2590,2590,1,,expired
LSE-004295,PROP-01552,RES-02915,2026-04-07,2027-04-07,12,2680,2680,0,LSE-004294,active
LSE-004296,PROP-01553,RES-02916,2022-07-20,2024-01-20,18,2405,2405,0,,expired
LSE-004297,PROP-01553,RES-02917,2024-03-15,2026-03-15,24,2395,1197,1,,expired
LSE-004298,PROP-01553,RES-02917,2026-05-05,2028-05-05,24,2665,2665,1,LSE-004297,active
LSE-004299,PROP-01554,RES-02918,2024-03-11,2025-03-11,12,2490,1245,0,,expired
LSE-004300,PROP-01554,RES-02919,2025-05-02,2027-05-02,24,2700,2700,0,,active
LSE-004301,PROP-01555,RES-02920,2024-09-21,2025-09-21,12,2510,2510,0,,expired
LSE-004302,PROP-01555,RES-02920,2025-11-17,2026-11-17,12,2580,2580,0,LSE-004301,active
LSE-004303,PROP-01556,RES-02921,2022-08-28,2024-02-28,18,2315,2315,1,,expired
LSE-004304,PROP-01556,RES-02922,2024-05-07,2025-11-07,18,2625,2625,0,,expired
LSE-004305,PROP-01556,RES-02922,2025-12-19,2026-12-19,12,2705,1352,0,LSE-004304,active
LSE-004306,PROP-01557,RES-02923,2023-01-21,2024-01-21,12,2095,2095,0,,expired
LSE-004307,PROP-01557,RES-02924,2024-03-04,2025-03-04,12,2070,1035,0,,expired
LSE-004308,PROP-01557,RES-02924,2025-05-11,2026-05-11,12,2310,1155,0,LSE-004307,expired
LSE-004309,PROP-01557,RES-02925,2026-06-28,2027-06-28,12,2410,1205,0,,active
LSE-004310,PROP-01558,RES-02926,2021-10-22,2023-10-22,24,2020,1010,0,,expired
LSE-004311,PROP-01558,RES-02926,2023-11-29,2024-11-29,12,2070,2070,0,LSE-004310,expired
LSE-004312,PROP-01558,RES-02926,2025-02-07,2026-08-07,18,2095,2095,0,LSE-004311,expired
LSE-004313,PROP-01558,RES-02927,2026-08-13,2028-08-13,24,2395,2395,0,,active
LSE-004314,PROP-01559,RES-02928,2022-06-26,2023-06-26,12,2085,2085,0,,expired
LSE-004315,PROP-01559,RES-02929,2023-08-10,2024-08-10,12,2060,2060,1,,expired
LSE-004316,PROP-01559,RES-02929,2024-10-24,2026-10-24,24,2125,2125,0,LSE-004315,active
LSE-004317,PROP-01560,RES-02930,2023-05-13,2025-05-13,24,1990,995,0,,expired
LSE-004318,PROP-01560,RES-02931,2025-07-27,2026-07-27,12,2365,1182,0,,expired
LSE-004319,PROP-01560,RES-02932,2026-08-14,2028-08-14,24,2335,2335,0,,active
LSE-004320,PROP-01561,RES-02933,2022-08-12,2024-08-12,24,1995,1995,0,,expired
LSE-004321,PROP-01561,RES-02934,2024-08-20,2026-02-20,18,2115,2115,0,,expired
LSE-004322,PROP-01561,RES-02934,2026-04-12,2027-04-12,12,2310,1155,0,LSE-004321,active
LSE-004323,PROP-01562,RES-02935,2023-03-16,2024-09-16,18,1950,975,0,,expired
LSE-004324,PROP-01562,RES-02935,2024-10-26,2026-04-26,18,2055,1027,0,LSE-004323,expired
LSE-004325,PROP-01562,RES-02935,2026-06-14,2027-06-14,12,2250,2250,0,LSE-004324,active
LSE-004326,PROP-01563,RES-02936,2024-12-19,2025-12-19,12,2040,1020,0,,expired
LSE-004327,PROP-01563,RES-02936,2025-12-27,2026-12-27,12,2190,2190,0,LSE-004326,active
LSE-004328,PROP-01564,RES-02937,2023-03-16,2024-03-16,12,1970,985,1,,expired
LSE-004329,PROP-01564,RES-02938,2024-03-26,2026-03-26,24,2115,1057,0,,expired
LSE-004330,PROP-01564,RES-02939,2026-04-18,2027-10-18,18,2330,2330,0,,active
LSE-004331,PROP-01565,RES-02940,2024-03-18,2025-03-18,12,2040,2040,0,,expired
LSE-004332,PROP-01565,RES-02940,2025-04-27,2027-04-27,24,2225,2225,0,LSE-004331,active
LSE-004333,PROP-01566,RES-02941,2023-06-15,2025-06-15,24,2015,2015,0,,expired
LSE-004334,PROP-01566,RES-02941,2025-06-28,2027-06-28,24,2255,2255,0,LSE-004333,active
LSE-004335,PROP-01567,RES-02942,2022-08-28,2024-08-28,24,2065,2065,1,,expired
LSE-004336,PROP-01567,RES-02942,2024-09-15,2026-09-15,24,2155,2155,0,LSE-004335,expired
LSE-004337,PROP-01568,RES-02943,2023-09-22,2025-09-22,24,2005,1002,0,,expired
LSE-004338,PROP-01568,RES-02944,2025-10-10,2027-10-10,24,2220,2220,0,,active
LSE-004339,PROP-01569,RES-02945,2023-10-23,2024-10-23,12,1995,1995,0,,expired
LSE-004340,PROP-01569,RES-02945,2024-12-31,2025-12-31,12,2025,2025,0,LSE-004339,expired
LSE-004341,PROP-01569,RES-02945,2026-01-27,2028-01-27,24,2090,2090,0,LSE-004340,active
LSE-004342,PROP-01570,RES-02946,2023-09-15,2024-09-15,12,1985,1985,0,,expired
LSE-004343,PROP-01570,RES-02947,2024-11-29,2026-11-29,24,2120,1060,0,,active
LSE-004344,PROP-01571,RES-02948,2023-04-28,2024-04-28,12,1985,1985,0,,expired
LSE-004345,PROP-01571,RES-02948,2024-05-18,2026-05-18,24,2165,1082,0,LSE-004344,expired
LSE-004346,PROP-01571,RES-02948,2026-06-01,2028-06-01,24,2310,1155,0,LSE-004345,active
LSE-004347,PROP-01572,RES-02949,2024-01-28,2025-07-28,18,2020,2020,0,,expired
LSE-004348,PROP-01572,RES-02950,2025-09-06,2027-09-06,24,2210,2210,0,,active
LSE-004349,PROP-01573,RES-02951,2022-06-20,2023-12-20,18,2050,2050,0,,expired
LSE-004350,PROP-01573,RES-02951,2024-01-11,2025-01-11,12,2085,2085,0,LSE-004349,expired
LSE-004351,PROP-01573,RES-02951,2025-03-16,2027-03-16,24,2165,2165,0,LSE-004350,active
LSE-004352,PROP-01574,RES-02952,2023-10-22,2025-10-22,24,2035,2035,0,,expired
LSE-004353,PROP-01574,RES-02952,2025-12-15,2026-12-15,12,2180,2180,0,LSE-004352,active
LSE-004354,PROP-01575,RES-02953,2023-11-03,2025-05-03,18,1975,1975,0,,expired
LSE-004355,PROP-01575,RES-02954,2025-06-26,2026-06-26,12,2245,2245,0,,expired
LSE-004356,PROP-01575,RES-02954,2026-07-29,2027-07-29,12,2345,1172,1,LSE-004355,active
LSE-004357,PROP-01576,RES-02955,2024-08-09,2025-08-09,12,2235,1117,1,,expired
LSE-004358,PROP-01576,RES-02956,2025-09-28,2026-09-28,12,2270,2270,0,,expired
LSE-004359,PROP-01577,RES-02957,2022-07-01,2024-01-01,18,2030,2030,0,,expired
LSE-004360,PROP-01577,RES-02958,2024-01-25,2026-01-25,24,1970,985,0,,expired
LSE-004361,PROP-01577,RES-02958,2026-03-19,2028-03-19,24,2205,1102,0,LSE-004360,active
LSE-004362,PROP-01578,RES-02959,2023-02-08,2024-02-08,12,2015,1007,0,,expired
LSE-004363,PROP-01578,RES-02960,2024-03-08,2025-03-08,12,2060,1030,1,,expired
LSE-004364,PROP-01578,RES-02960,2025-05-04,2027-05-04,24,2155,1077,0,LSE-004363,active
LSE-004365,PROP-01579,RES-02961,2022-12-26,2023-12-26,12,2020,2020,0,,expired
LSE-004366,PROP-01579,RES-02961,2024-02-21,2025-08-21,18,2055,2055,0,LSE-004365,expired
LSE-004367,PROP-01579,RES-02962,2025-09-23,2027-09-23,24,2190,2190,0,,active
LSE-004368,PROP-01580,RES-02963,2022-09-20,2023-09-20,12,1990,995,0,,expired
LSE-004369,PROP-01580,RES-02964,2023-10-15,2024-10-15,12,1975,1975,0,,expired
LSE-004370,PROP-01580,RES-02965,2024-11-23,2025-11-23,12,2045,2045,0,,expired
LSE-004371,PROP-01580,RES-02966,2025-12-19,2026-12-19,12,2155,1077,0,,active
LSE-004372,PROP-01581,RES-02967,2023-12-22,2024-12-22,12,1990,1990,0,,expired
LSE-004373,PROP-01581,RES-02968,2025-01-26,2026-07-26,18,2055,2055,0,,expired
LSE-004374,PROP-01581,RES-02968,2026-09-13,2027-09-13,12,2200,1100,0,LSE-004373,active
LSE-004375,PROP-01582,RES-02969,2022-09-05,2024-03-05,18,1970,1970,0,,expired
LSE-004376,PROP-01582,RES-02969,2024-03-24,2025-03-24,12,2090,2090,1,LSE-004375,expired
LSE-004377,PROP-01582,RES-02969,2025-05-20,2027-05-20,24,2205,2205,0,LSE-004376,active
LSE-004378,PROP-01583,RES-02970,2023-09-27,2024-09-27,12,1965,982,0,,expired
LSE-004379,PROP-01583,RES-02970,2024-12-01,2026-12-01,24,2070,2070,0,LSE-004378,active
LSE-004380,PROP-01584,RES-02971,2021-12-11,2022-12-11,12,2075,2075,0,,expired
LSE-004381,PROP-01584,RES-02971,2023-02-19,2024-02-19,12,2145,2145,0,LSE-004380,expired
LSE-004382,PROP-01584,RES-02971,2024-03-22,2025-03-22,12,2170,2170,1,LSE-004381,expired
LSE-004383,PROP-01584,RES-02972,2025-04-06,2027-04-06,24,2200,2200,0,,active
LSE-004384,PROP-01585,RES-02973,2023-08-21,2025-08-21,24,2015,1007,1,,expired
LSE-004385,PROP-01585,RES-02974,2025-09-15,2027-09-15,24,2255,1127,0,,active
LSE-004386,PROP-01586,RES-02975,2023-07-05,2024-07-05,12,2035,2035,0,,expired
LSE-004387,PROP-01586,RES-02975,2024-08-20,2025-08-20,12,2170,1085,0,LSE-004386,expired
LSE-004388,PROP-01586,RES-02976,2025-10-10,2027-10-10,24,2140,1070,0,,active
LSE-004389,PROP-01587,RES-02977,2023-07-07,2024-07-07,12,2090,1045,0,,expired
LSE-004390,PROP-01587,RES-02978,2024-09-13,2026-09-13,24,2125,1062,1,,expired
LSE-004391,PROP-01588,RES-02979,2023-06-20,2024-12-20,18,2105,2105,0,,expired
LSE-004392,PROP-01588,RES-02979,2024-12-27,2025-12-27,12,2135,1067,0,LSE-004391,expired
LSE-004393,PROP-01588,RES-02979,2026-02-20,2027-02-20,12,2210,2210,0,LSE-004392,active
LSE-004394,PROP-01589,RES-02980,2024-02-07,2025-02-07,12,2035,1017,0,,expired
LSE-004395,PROP-01589,RES-02980,2025-02-17,2026-08-17,18,2130,1065,0,LSE-004394,expired
LSE-004396,PROP-01590,RES-02981,2022-02-20,2023-02-20,12,2100,2100,0,,expired
LSE-004397,PROP-01590,RES-02982,2023-03-03,2024-03-03,12,2050,2050,1,,expired
LSE-004398,PROP-01590,RES-02983,2024-04-10,2025-04-10,12,2235,1117,0,,expired
LSE-004399,PROP-01590,RES-02984,2025-06-19,2026-06-19,12,2320,2320,0,,expired
LSE-004400,PROP-01590,RES-02985,2026-07-10,2028-01-10,18,2375,2375,0,,active
LSE-004401,PROP-01591,RES-02986,2022-12-08,2023-12-08,12,1975,1975,0,,expired
LSE-004402,PROP-01591,RES-02987,2024-01-30,2026-01-30,24,2025,2025,0,,expired
LSE-004403,PROP-01591,RES-02988,2026-02-27,2027-02-27,12,2220,2220,0,,active
LSE-004404,PROP-01592,RES-02989,2023-04-06,2024-04-06,12,1970,1970,0,,expired
LSE-004405,PROP-01592,RES-02989,2024-06-08,2025-06-08,12,2125,2125,1,LSE-004404,expired
LSE-004406,PROP-01592,RES-02989,2025-06-25,2026-06-25,12,2255,2255,0,LSE-004405,expired
LSE-004407,PROP-01592,RES-02989,2026-07-07,2027-07-07,12,2335,1167,0,LSE-004406,active
LSE-004408,PROP-01593,RES-02990,2022-09-05,2023-09-05,12,2000,1000,0,,evicted
LSE-004409,PROP-01593,RES-02991,2023-10-30,2025-04-30,18,2035,2035,0,,terminated-early
LSE-004410,PROP-01593,RES-02992,2025-06-29,2027-06-29,24,2335,1167,0,,active
LSE-004411,PROP-01594,RES-02993,2024-03-25,2025-09-25,18,2050,1025,0,,expired
LSE-004412,PROP-01594,RES-02993,2025-12-04,2026-12-04,12,2085,1042,0,LSE-004411,active
LSE-004413,PROP-01595,RES-02994,2022-09-24,2023-09-24,12,2060,2060,0,,expired
LSE-004414,PROP-01595,RES-02994,2023-11-11,2024-11-11,12,2100,2100,0,LSE-004413,expired
LSE-004415,PROP-01595,RES-02994,2024-12-03,2025-12-03,12,2180,2180,0,LSE-004414,expired
LSE-004416,PROP-01595,RES-02995,2025-12-25,2026-12-25,12,2190,1095,0,,active
LSE-004417,PROP-01596,RES-02996,2024-07-12,2026-07-12,24,2100,2100,0,,expired
LSE-004418,PROP-01596,RES-02997,2026-08-11,2027-08-11,12,2335,1167,0,,active
LSE-004419,PROP-01597,RES-02998,2022-10-16,2023-10-16,12,2050,2050,1,,expired
LSE-004420,PROP-01597,RES-02999,2023-11-21,2025-05-21,18,2015,2015,0,,expired
LSE-004421,PROP-01597,RES-03000,2025-06-20,2026-06-20,12,2315,2315,0,,expired
LSE-004422,PROP-01597,RES-03001,2026-08-30,2028-08-30,24,2340,1170,1,,active
LSE-004423,PROP-01598,RES-03002,2024-01-20,2025-01-20,12,2035,1017,0,,expired
LSE-004424,PROP-01598,RES-03003,2025-03-03,2027-03-03,24,2210,1105,0,,active
LSE-004425,PROP-01599,RES-03004,2024-09-29,2025-09-29,12,2130,1065,0,,expired
LSE-004426,PROP-01599,RES-03004,2025-10-13,2026-10-13,12,2215,1107,1,LSE-004425,active
LSE-004427,PROP-01600,RES-03005,2023-06-10,2024-06-10,12,2125,2125,0,,expired
LSE-004428,PROP-01600,RES-03005,2024-07-09,2025-07-09,12,2185,2185,0,LSE-004427,expired
LSE-004429,PROP-01600,RES-03006,2025-09-10,2027-09-10,24,2265,1132,0,,active
LSE-004430,PROP-01601,RES-03007,2022-06-02,2024-06-02,24,2445,2445,0,,expired
LSE-004431,PROP-01601,RES-03007,2024-08-14,2025-08-14,12,2520,1260,0,LSE-004430,expired
LSE-004432,PROP-01601,RES-03007,2025-09-09,2026-09-09,12,2600,2600,0,LSE-004431,expired
LSE-004433,PROP-01601,RES-03007,2026-09-29,2028-09-29,24,2650,2650,1,LSE-004432,active
LSE-004434,PROP-01602,RES-03008,2022-03-21,2023-09-21,18,2390,2390,0,,expired
LSE-004435,PROP-01602,RES-03009,2023-10-31,2025-10-31,24,2435,1217,0,,expired
LSE-004436,PROP-01602,RES-03009,2025-11-06,2026-11-06,12,2475,2475,0,LSE-004435,active
LSE-004437,PROP-01603,RES-03010,2022-06-23,2024-06-23,24,2105,1052,1,,expired
LSE-004438,PROP-01603,RES-03011,2024-08-30,2026-08-30,24,2235,1117,0,,expired
LSE-004439,PROP-01603,RES-03012,2026-09-22,2027-09-22,12,2355,1177,0,,active
LSE-004440,PROP-01604,RES-03013,2023-12-12,2025-12-12,24,2395,2395,0,,expired
LSE-004441,PROP-01604,RES-03014,2026-01-19,2028-01-19,24,2510,2510,0,,active
LSE-004442,PROP-01605,RES-03015,2022-08-23,2023-08-23,12,2115,1057,0,,expired
LSE-004443,PROP-01605,RES-03016,2023-10-05,2025-04-05,18,2230,1115,0,,expired
LSE-004444,PROP-01605,RES-03017,2025-04-16,2027-04-16,24,2405,1202,0,,active
LSE-004445,PROP-01606,RES-03018,2023-09-09,2025-03-09,18,2370,2370,0,,expired
LSE-004446,PROP-01606,RES-03018,2025-04-06,2026-04-06,12,2615,2615,0,LSE-004445,expired
LSE-004447,PROP-01606,RES-03019,2026-06-15,2028-06-15,24,2820,2820,0,,active
LSE-004448,PROP-01607,RES-03020,2023-06-19,2025-06-19,24,2210,2210,0,,expired
LSE-004449,PROP-01607,RES-03020,2025-07-18,2026-07-18,12,2330,1165,0,LSE-004448,expired
LSE-004450,PROP-01608,RES-03021,2023-12-17,2025-12-17,24,2485,1242,0,,expired
LSE-004451,PROP-01608,RES-03021,2026-01-21,2027-01-21,12,2590,2590,1,LSE-004450,active
LSE-004452,PROP-01609,RES-03022,2024-02-23,2026-02-23,24,2180,2180,0,,expired
LSE-004453,PROP-01609,RES-03022,2026-03-03,2027-09-03,18,2310,2310,0,LSE-004452,active
LSE-004454,PROP-01610,RES-03023,2024-01-05,2026-01-05,24,2090,2090,0,,expired
LSE-004455,PROP-01610,RES-03024,2026-01-19,2028-01-19,24,2235,2235,0,,active
LSE-004456,PROP-01611,RES-03025,2024-04-04,2025-04-04,12,2270,2270,0,,expired
LSE-004457,PROP-01611,RES-03026,2025-05-25,2027-05-25,24,2365,2365,0,,active
LSE-004458,PROP-01612,RES-03027,2022-01-22,2023-01-22,12,2140,2140,0,,expired
LSE-004459,PROP-01612,RES-03028,2023-03-23,2025-03-23,24,2155,2155,0,,expired
LSE-004460,PROP-01612,RES-03029,2025-05-24,2027-05-24,24,2340,2340,0,,active
LSE-004461,PROP-01613,RES-03030,2022-10-16,2023-10-16,12,2155,2155,1,,expired
LSE-004462,PROP-01613,RES-03030,2023-12-01,2025-12-01,24,2250,2250,0,LSE-004461,terminated-early
LSE-004463,PROP-01613,RES-03031,2025-12-20,2026-12-20,12,2200,2200,0,,active
LSE-004464,PROP-01614,RES-03032,2023-10-23,2025-10-23,24,2360,2360,0,,expired
LSE-004465,PROP-01614,RES-03032,2025-12-28,2027-06-28,18,2440,2440,0,LSE-004464,active
LSE-004466,PROP-01615,RES-03033,2024-06-30,2025-12-30,18,2595,2595,0,,expired
LSE-004467,PROP-01615,RES-03034,2026-02-03,2028-02-03,24,2620,2620,0,,active
LSE-004468,PROP-01616,RES-03035,2022-11-11,2023-11-11,12,2465,2465,1,,expired
LSE-004469,PROP-01616,RES-03035,2023-12-05,2024-12-05,12,2530,2530,0,LSE-004468,expired
LSE-004470,PROP-01616,RES-03035,2025-01-04,2026-07-04,18,2595,2595,0,LSE-004469,expired
LSE-004471,PROP-01616,RES-03035,2026-08-10,2027-08-10,12,2670,1335,0,LSE-004470,active
LSE-004472,PROP-01617,RES-03036,2022-12-20,2024-12-20,24,2420,1210,0,,expired
LSE-004473,PROP-01617,RES-03037,2025-01-18,2026-01-18,12,2465,1232,0,,expired
LSE-004474,PROP-01617,RES-03038,2026-02-05,2027-02-05,12,2575,1287,0,,active
LSE-004475,PROP-01618,RES-03039,2023-09-28,2025-09-28,24,2090,2090,0,,expired
LSE-004476,PROP-01618,RES-03039,2025-10-16,2027-10-16,24,2130,1065,0,LSE-004475,active
LSE-004477,PROP-01619,RES-03040,2023-03-17,2024-03-17,12,2125,2125,1,,expired
LSE-004478,PROP-01619,RES-03040,2024-05-30,2025-05-30,12,2220,2220,0,LSE-004477,expired
LSE-004479,PROP-01619,RES-03040,2025-07-05,2026-07-05,12,2275,1137,0,LSE-004478,expired
LSE-004480,PROP-01619,RES-03040,2026-07-27,2028-07-27,24,2405,2405,0,LSE-004479,active
LSE-004481,PROP-01620,RES-03041,2022-07-14,2023-07-14,12,2170,2170,0,,expired
LSE-004482,PROP-01620,RES-03041,2023-09-26,2024-09-26,12,2205,2205,0,LSE-004481,expired
LSE-004483,PROP-01620,RES-03041,2024-10-06,2026-10-06,24,2305,1152,0,LSE-004482,active
LSE-004484,PROP-01621,RES-03042,2024-03-16,2026-03-16,24,2525,2525,0,,expired
LSE-004485,PROP-01621,RES-03042,2026-03-21,2027-03-21,12,2630,1315,0,LSE-004484,active
LSE-004486,PROP-01622,RES-03043,2023-07-13,2025-01-13,18,2380,2380,0,,expired
LSE-004487,PROP-01622,RES-03043,2025-03-11,2027-03-11,24,2545,1272,0,LSE-004486,active
LSE-004488,PROP-01623,RES-03044,2023-04-27,2024-04-27,12,2215,2215,1,,expired
LSE-004489,PROP-01623,RES-03044,2024-05-29,2025-05-29,12,2255,2255,0,LSE-004488,expired
LSE-004490,PROP-01623,RES-03044,2025-07-16,2026-07-16,12,2400,2400,0,LSE-004489,expired
LSE-004491,PROP-01623,RES-03045,2026-09-18,2028-09-18,24,2345,1172,0,,active
LSE-004492,PROP-01624,RES-03046,2022-10-17,2024-10-17,24,2180,2180,0,,expired
LSE-004493,PROP-01624,RES-03047,2024-11-20,2026-11-20,24,2160,2160,0,,active
LSE-004494,PROP-01625,RES-03048,2022-06-16,2024-06-16,24,2415,2415,1,,expired
LSE-004495,PROP-01625,RES-03048,2024-07-12,2025-07-12,12,2510,1255,0,LSE-004494,expired
LSE-004496,PROP-01625,RES-03049,2025-08-21,2027-08-21,24,2680,1340,0,,active
LSE-004497,PROP-01626,RES-03050,2023-10-11,2024-10-11,12,2450,2450,0,,expired
LSE-004498,PROP-01626,RES-03050,2024-11-03,2025-11-03,12,2500,2500,0,LSE-004497,expired
LSE-004499,PROP-01626,RES-03050,2025-11-29,2027-05-29,18,2555,2555,0,LSE-004498,active
LSE-004500,PROP-01627,RES-03051,2022-09-19,2024-09-19,24,2460,1230,0,,expired
LSE-004501,PROP-01627,RES-03051,2024-09-29,2025-09-29,12,2485,2485,0,LSE-004500,expired
LSE-004502,PROP-01627,RES-03052,2025-11-14,2026-11-14,12,2470,1235,0,,active
LSE-004503,PROP-01628,RES-03053,2023-06-06,2024-06-06,12,2410,2410,1,,expired
LSE-004504,PROP-01628,RES-03053,2024-06-27,2026-06-27,24,2545,1272,0,LSE-004503,expired
LSE-004505,PROP-01628,RES-03053,2026-08-08,2027-08-08,12,2735,2735,0,LSE-004504,active
LSE-004506,PROP-01629,RES-03054,2023-06-17,2024-06-17,12,2220,2220,0,,expired
LSE-004507,PROP-01629,RES-03055,2024-07-04,2026-01-04,18,2300,1150,0,,expired
LSE-004508,PROP-01629,RES-03055,2026-03-11,2028-03-11,24,2375,1187,1,LSE-004507,active
LSE-004509,PROP-01630,RES-03056,2023-06-05,2025-06-05,24,2395,2395,0,,expired
LSE-004510,PROP-01630,RES-03056,2025-06-18,2026-06-18,12,2570,2570,0,LSE-004509,expired
LSE-004511,PROP-01630,RES-03056,2026-08-11,2027-08-11,12,2765,2765,0,LSE-004510,active
LSE-004512,PROP-01631,RES-03057,2022-11-25,2023-11-25,12,2320,2320,0,,expired
LSE-004513,PROP-01631,RES-03057,2024-02-05,2026-02-05,24,2375,1187,0,LSE-004512,expired
LSE-004514,PROP-01631,RES-03058,2026-04-15,2027-04-15,12,2620,2620,0,,active
LSE-004515,PROP-01632,RES-03059,2023-09-19,2025-03-19,18,2290,2290,1,,expired
LSE-004516,PROP-01632,RES-03059,2025-05-04,2026-05-04,12,2565,1282,0,LSE-004515,expired
LSE-004517,PROP-01632,RES-03060,2026-05-25,2028-05-25,24,2785,1392,0,,active
LSE-004518,PROP-01633,RES-03061,2024-03-08,2025-03-08,12,2390,2390,0,,expired
LSE-004519,PROP-01633,RES-03061,2025-05-13,2026-05-13,12,2490,1245,0,LSE-004518,expired
LSE-004520,PROP-01633,RES-03061,2026-06-03,2027-12-03,18,2615,2615,0,LSE-004519,active
LSE-004521,PROP-01634,RES-03062,2022-05-02,2023-05-02,12,2330,2330,0,,expired
LSE-004522,PROP-01634,RES-03062,2023-05-23,2024-05-23,12,2360,2360,0,LSE-004521,expired
LSE-004523,PROP-01634,RES-03063,2024-07-31,2025-07-31,12,2445,2445,0,,expired
LSE-004524,PROP-01634,RES-03063,2025-08-24,2027-02-24,18,2535,2535,0,LSE-004523,active
LSE-004525,PROP-01635,RES-03064,2023-11-27,2025-11-27,24,2280,2280,0,,expired
LSE-004526,PROP-01635,RES-03065,2026-01-28,2027-01-28,12,2475,2475,1,,active
LSE-004527,PROP-01636,RES-03066,2022-06-25,2024-06-25,24,2270,2270,0,,expired
LSE-004528,PROP-01636,RES-03067,2024-08-18,2025-08-18,12,2555,1277,1,,expired
LSE-004529,PROP-01636,RES-03068,2025-10-30,2027-10-30,24,2485,1242,0,,active
LSE-004530,PROP-01637,RES-03069,2023-06-24,2024-06-24,12,2330,2330,0,,expired
LSE-004531,PROP-01637,RES-03070,2024-08-09,2026-02-09,18,2505,2505,0,,expired
LSE-004532,PROP-01637,RES-03071,2026-04-14,2027-04-14,12,2665,2665,1,,active
LSE-004533,PROP-01638,RES-03072,2024-03-23,2025-03-23,12,2485,2485,0,,expired
LSE-004534,PROP-01638,RES-03073,2025-04-25,2026-04-25,12,2655,1327,0,,expired
LSE-004535,PROP-01638,RES-03073,2026-05-12,2027-05-12,12,2765,1382,0,LSE-004534,active
LSE-004536,PROP-01639,RES-03074,2023-03-25,2024-03-25,12,2315,2315,0,,expired
LSE-004537,PROP-01639,RES-03075,2024-06-05,2026-06-05,24,2630,1315,0,,terminated-early
LSE-004538,PROP-01639,RES-03076,2026-07-02,2028-07-02,24,2755,1377,0,,active
LSE-004539,PROP-01640,RES-03077,2024-03-23,2025-03-23,12,2435,2435,0,,expired
LSE-004540,PROP-01640,RES-03077,2025-04-05,2026-04-05,12,2545,2545,0,LSE-004539,expired
LSE-004541,PROP-01640,RES-03077,2026-04-30,2028-04-30,24,2645,1322,1,LSE-004540,active
LSE-004542,PROP-01641,RES-03078,2024-02-18,2026-02-18,24,2390,2390,0,,expired
LSE-004543,PROP-01641,RES-03079,2026-05-01,2027-11-01,18,2670,1335,0,,active
LSE-004544,PROP-01642,RES-03080,2024-03-19,2025-03-19,12,2465,2465,0,,expired
LSE-004545,PROP-01642,RES-03080,2025-05-12,2026-05-12,12,2620,2620,0,LSE-004544,expired
LSE-004546,PROP-01642,RES-03080,2026-05-26,2028-05-26,24,2745,2745,0,LSE-004545,active
LSE-004547,PROP-01643,RES-03081,2024-03-09,2026-03-09,24,2365,2365,0,,expired
LSE-004548,PROP-01643,RES-03081,2026-03-19,2028-03-19,24,2615,2615,0,LSE-004547,active
LSE-004549,PROP-01644,RES-03082,2021-12-14,2023-12-14,24,2320,2320,0,,expired
LSE-004550,PROP-01644,RES-03083,2024-01-12,2026-01-12,24,2435,2435,0,,expired
LSE-004551,PROP-01644,RES-03084,2026-01-28,2027-07-28,18,2625,2625,0,,active
LSE-004552,PROP-01645,RES-03085,2021-11-24,2022-11-24,12,2375,2375,0,,expired
LSE-004553,PROP-01645,RES-03085,2023-01-11,2025-01-11,24,2445,2445,0,LSE-004552,expired
LSE-004554,PROP-01645,RES-03086,2025-02-11,2027-02-11,24,2470,1235,0,,active
LSE-004555,PROP-01646,RES-03087,2022-06-26,2023-06-26,12,2335,2335,0,,expired
LSE-004556,PROP-01646,RES-03087,2023-07-22,2025-01-22,18,2445,1222,0,LSE-004555,expired
LSE-004557,PROP-01646,RES-03087,2025-02-13,2027-02-13,24,2475,1237,1,LSE-004556,active
LSE-004558,PROP-01647,RES-03088,2022-06-17,2023-06-17,12,2390,1195,0,,expired
LSE-004559,PROP-01647,RES-03089,2023-08-23,2024-08-23,12,2340,2340,0,,expired
LSE-004560,PROP-01647,RES-03089,2024-10-10,2026-10-10,24,2415,2415,0,LSE-004559,active
LSE-004561,PROP-01648,RES-03090,2024-03-06,2026-03-06,24,2450,2450,0,,expired
LSE-004562,PROP-01648,RES-03090,2026-03-20,2028-03-20,24,2545,2545,0,LSE-004561,active
LSE-004563,PROP-01649,RES-03091,2021-10-14,2023-10-14,24,2295,2295,0,,expired
LSE-004564,PROP-01649,RES-03091,2023-11-16,2025-11-16,24,2355,2355,0,LSE-004563,expired
LSE-004565,PROP-01649,RES-03092,2026-01-29,2027-01-29,12,2575,1287,1,,active
LSE-004566,PROP-01650,RES-03093,2024-03-05,2025-03-05,12,2450,2450,0,,expired
LSE-004567,PROP-01650,RES-03093,2025-03-27,2027-03-27,24,2545,2545,0,LSE-004566,active
LSE-004568,PROP-01651,RES-03094,2022-05-09,2023-05-09,12,2245,2245,0,,expired
LSE-004569,PROP-01651,RES-03094,2023-06-30,2024-06-30,12,2355,2355,0,LSE-004568,expired
LSE-004570,PROP-01651,RES-03094,2024-08-07,2025-08-07,12,2450,2450,0,LSE-004569,expired
LSE-004571,PROP-01651,RES-03094,2025-09-11,2026-09-11,12,2500,2500,0,LSE-004570,expired
LSE-004572,PROP-01652,RES-03095,2023-02-16,2025-02-16,24,2340,1170,1,,expired
LSE-004573,PROP-01652,RES-03095,2025-03-18,2027-03-18,24,2410,1205,1,LSE-004572,active
LSE-004574,PROP-01653,RES-03096,2023-05-01,2024-11-01,18,2315,2315,0,,expired
LSE-004575,PROP-01653,RES-03096,2024-11-26,2025-11-26,12,2360,1180,0,LSE-004574,expired
LSE-004576,PROP-01653,RES-03096,2025-12-28,2027-06-28,18,2490,2490,0,LSE-004575,active
LSE-004577,PROP-01654,RES-03097,2023-11-18,2025-11-18,24,2325,1162,0,,expired
LSE-004578,PROP-01654,RES-03098,2025-12-27,2026-12-27,12,2485,2485,0,,active
LSE-004579,PROP-01655,RES-03099,2023-02-05,2024-02-05,12,2345,1172,0,,expired
LSE-004580,PROP-01655,RES-03099,2024-02-10,2025-02-10,12,2420,2420,0,LSE-004579,expired
LSE-004581,PROP-01655,RES-03099,2025-03-28,2026-03-28,12,2510,1255,0,LSE-004580,expired
LSE-004582,PROP-01655,RES-03099,2026-05-20,2027-05-20,12,2635,1317,0,LSE-004581,active
LSE-004583,PROP-01656,RES-03100,2023-04-21,2024-04-21,12,2275,1137,0,,expired
LSE-004584,PROP-01656,RES-03101,2024-06-19,2026-06-19,24,2530,1265,0,,expired
LSE-004585,PROP-01656,RES-03102,2026-06-26,2027-06-26,12,2715,2715,0,,active
LSE-004586,PROP-01657,RES-03103,2023-01-22,2024-01-22,12,2370,2370,0,,expired
LSE-004587,PROP-01657,RES-03104,2024-03-06,2025-03-06,12,2370,1185,1,,expired
LSE-004588,PROP-01657,RES-03105,2025-05-01,2026-11-01,18,2660,2660,0,,active
LSE-004589,PROP-01658,RES-03106,2022-01-02,2023-07-02,18,2315,2315,0,,expired
LSE-004590,PROP-01658,RES-03107,2023-08-26,2025-08-26,24,2315,1157,1,,expired
LSE-004591,PROP-01658,RES-03107,2025-10-17,2026-10-17,12,2485,1242,0,LSE-004590,active
LSE-004592,PROP-01659,RES-03108,2023-03-20,2024-09-20,18,2340,2340,0,,expired
LSE-004593,PROP-01659,RES-03108,2024-11-12,2025-11-12,12,2425,2425,1,LSE-004592,expired
LSE-004594,PROP-01659,RES-03109,2026-01-19,2028-01-19,24,2445,1222,1,,active
LSE-004595,PROP-01660,RES-03110,2022-02-07,2023-08-07,18,2320,2320,0,,expired
LSE-004596,PROP-01660,RES-03111,2023-09-11,2024-09-11,12,2350,2350,0,,expired
LSE-004597,PROP-01660,RES-03111,2024-10-30,2026-10-30,24,2395,2395,0,LSE-004596,active
LSE-004598,PROP-01661,RES-03112,2023-11-04,2025-11-04,24,2315,1157,0,,expired
LSE-004599,PROP-01661,RES-03112,2025-11-28,2026-11-28,12,2390,1195,0,LSE-004598,active
LSE-004600,PROP-01662,RES-03113,2022-09-06,2023-09-06,12,2390,2390,0,,expired
LSE-004601,PROP-01662,RES-03114,2023-09-15,2025-09-15,24,2360,1180,0,,expired
LSE-004602,PROP-01662,RES-03115,2025-10-15,2026-10-15,12,2620,1310,1,,active
LSE-004603,PROP-01663,RES-03116,2021-12-28,2022-12-28,12,2335,2335,0,,expired
LSE-004604,PROP-01663,RES-03117,2023-01-23,2024-01-23,12,2370,2370,0,,expired
LSE-004605,PROP-01663,RES-03118,2024-02-17,2026-02-17,24,2355,1177,0,,expired
LSE-004606,PROP-01663,RES-03118,2026-03-29,2028-03-29,24,2515,2515,0,LSE-004605,active
LSE-004607,PROP-01664,RES-03119,2022-06-09,2023-06-09,12,2345,2345,0,,expired
LSE-004608,PROP-01664,RES-03119,2023-06-23,2024-06-23,12,2410,1205,0,LSE-004607,expired
LSE-004609,PROP-01664,RES-03119,2024-08-07,2026-08-07,24,2465,1232,0,LSE-004608,expired
LSE-004610,PROP-01664,RES-03119,2026-08-19,2027-08-19,12,2595,2595,0,LSE-004609,active
LSE-004611,PROP-01665,RES-03120,2022-04-19,2024-04-19,24,2305,2305,0,,expired
LSE-004612,PROP-01665,RES-03120,2024-06-27,2025-12-27,18,2455,2455,0,LSE-004611,expired
LSE-004613,PROP-01665,RES-03121,2026-01-08,2027-07-08,18,2610,1305,0,,active
LSE-004614,PROP-01666,RES-03122,2023-08-03,2025-08-03,24,2330,2330,0,,expired
LSE-004615,PROP-01666,RES-03123,2025-08-18,2027-08-18,24,2615,1307,0,,active
LSE-004616,PROP-01667,RES-03124,2021-11-01,2023-11-01,24,2320,2320,0,,expired
LSE-004617,PROP-01667,RES-03124,2024-01-08,2026-01-08,24,2420,2420,0,LSE-004616,expired
LSE-004618,PROP-01667,RES-03124,2026-03-02,2028-03-02,24,2575,2575,0,LSE-004617,active
LSE-004619,PROP-01668,RES-03125,2023-02-06,2025-02-06,24,2325,2325,0,,expired
LSE-004620,PROP-01668,RES-03126,2025-02-25,2026-02-25,12,2500,1250,0,,expired
LSE-004621,PROP-01668,RES-03126,2026-04-11,2028-04-11,24,2560,1280,0,LSE-004620,active
LSE-004622,PROP-01669,RES-03127,2021-12-06,2023-06-06,18,2280,2280,0,,expired
LSE-004623,PROP-01669,RES-03127,2023-07-09,2025-01-09,18,2320,1160,0,LSE-004622,expired
LSE-004624,PROP-01669,RES-03128,2025-01-15,2026-07-15,18,2365,1182,0,,expired
LSE-004625,PROP-01669,RES-03129,2026-09-28,2028-09-28,24,2645,1322,0,,active
LSE-004626,PROP-01670,RES-03130,2022-04-19,2023-04-19,12,2345,2345,0,,expired
LSE-004627,PROP-01670,RES-03130,2023-07-03,2025-07-03,24,2455,1227,1,LSE-004626,expired
LSE-004628,PROP-01670,RES-03130,2025-08-25,2026-08-25,12,2570,1285,0,LSE-004627,expired
LSE-004629,PROP-01671,RES-03131,2024-10-29,2025-10-29,12,2390,2390,0,,expired
LSE-004630,PROP-01671,RES-03131,2025-12-20,2027-12-20,24,2525,2525,0,LSE-004629,active
LSE-004631,PROP-01672,RES-03132,2024-07-15,2025-07-15,12,2520,2520,0,,expired
LSE-004632,PROP-01672,RES-03133,2025-07-24,2027-01-24,18,2670,2670,0,,active
LSE-004633,PROP-01673,RES-03134,2022-05-26,2023-05-26,12,2300,2300,0,,expired
LSE-004634,PROP-01673,RES-03135,2023-06-06,2025-06-06,24,2270,2270,0,,expired
LSE-004635,PROP-01673,RES-03135,2025-08-14,2026-08-14,12,2540,2540,0,LSE-004634,expired
LSE-004636,PROP-01674,RES-03136,2023-05-28,2025-05-28,24,2420,2420,1,,expired
LSE-004637,PROP-01674,RES-03137,2025-06-11,2026-06-11,12,2740,2740,0,,expired
LSE-004638,PROP-01674,RES-03137,2026-08-15,2027-08-15,12,2840,2840,0,LSE-004637,active
LSE-004639,PROP-01675,RES-03138,2024-03-28,2026-03-28,24,2345,1172,0,,expired
LSE-004640,PROP-01675,RES-03139,2026-04-15,2027-04-15,12,2695,1347,0,,active
LSE-004641,PROP-01676,RES-03140,2023-12-11,2024-12-11,12,2325,1162,0,,expired
LSE-004642,PROP-01676,RES-03141,2024-12-28,2026-06-28,18,2385,2385,0,,expired
LSE-004643,PROP-01676,RES-03142,2026-08-04,2028-02-04,18,2750,2750,0,,active
LSE-004644,PROP-01677,RES-03143,2023-07-04,2025-07-04,24,2285,2285,0,,expired
LSE-004645,PROP-01677,RES-03143,2025-07-25,2026-07-25,12,2500,2500,0,LSE-004644,expired
LSE-004646,PROP-01678,RES-03144,2023-05-13,2024-05-13,12,2380,1190,0,,expired
LSE-004647,PROP-01678,RES-03145,2024-06-17,2025-06-17,12,2470,2470,0,,expired
LSE-004648,PROP-01678,RES-03146,2025-07-09,2026-07-09,12,2580,2580,0,,expired
LSE-004649,PROP-01678,RES-03146,2026-09-13,2027-09-13,12,2650,1325,0,LSE-004648,active
LSE-004650,PROP-01679,RES-03147,2025-01-19,2026-01-19,12,2395,2395,0,,expired
LSE-004651,PROP-01679,RES-03148,2026-01-24,2028-01-24,24,2550,2550,0,,active
LSE-004652,PROP-01680,RES-03149,2024-09-12,2026-03-12,18,3480,3480,0,,expired
LSE-004653,PROP-01680,RES-03150,2026-03-22,2027-03-22,12,3710,3710,0,,active
LSE-004654,PROP-01681,RES-03151,2023-07-02,2025-07-02,24,2795,2795,0,,expired
LSE-004655,PROP-01681,RES-03151,2025-07-19,2027-01-19,18,2990,1495,0,LSE-004654,active
LSE-004656,PROP-01682,RES-03152,2022-07-11,2024-07-11,24,2665,2665,0,,expired
LSE-004657,PROP-01682,RES-03153,2024-08-24,2026-08-24,24,2900,1450,0,,expired
LSE-004658,PROP-01683,RES-03154,2022-02-19,2023-02-19,12,3005,3005,0,,expired
LSE-004659,PROP-01683,RES-03155,2023-02-27,2025-02-27,24,2895,1447,0,,expired
LSE-004660,PROP-01683,RES-03155,2025-03-11,2026-03-11,12,3230,3230,0,LSE-004659,expired
LSE-004661,PROP-01683,RES-03155,2026-04-18,2027-04-18,12,3305,1652,0,LSE-004660,active
LSE-004662,PROP-01684,RES-03156,2023-04-18,2024-04-18,12,3265,3265,0,,expired
LSE-004663,PROP-01684,RES-03157,2024-05-26,2025-05-26,12,3705,3705,0,,expired
LSE-004664,PROP-01684,RES-03157,2025-07-05,2027-07-05,24,3875,1937,0,LSE-004663,active
LSE-004665,PROP-01685,RES-03158,2024-03-20,2026-03-20,24,3345,3345,0,,expired
LSE-004666,PROP-01685,RES-03159,2026-05-21,2027-05-21,12,3765,3765,0,,active
LSE-004667,PROP-01686,RES-03160,2023-03-14,2025-03-14,24,3080,3080,0,,expired
LSE-004668,PROP-01686,RES-03160,2025-05-11,2026-05-11,12,3360,3360,0,LSE-004667,expired
LSE-004669,PROP-01686,RES-03161,2026-05-22,2028-05-22,24,3565,3565,1,,active
LSE-004670,PROP-01687,RES-03162,2022-10-22,2023-10-22,12,3350,3350,0,,expired
LSE-004671,PROP-01687,RES-03163,2023-12-05,2024-12-05,12,3260,1630,0,,expired
LSE-004672,PROP-01687,RES-03163,2024-12-13,2026-06-13,18,3325,3325,0,LSE-004671,expired
LSE-004673,PROP-01687,RES-03163,2026-06-30,2027-06-30,12,3725,3725,0,LSE-004672,active
LSE-004674,PROP-01688,RES-03164,2022-05-23,2023-05-23,12,2675,1337,0,,expired
LSE-004675,PROP-01688,RES-03165,2023-07-04,2024-07-04,12,2770,1385,0,,expired
LSE-004676,PROP-01688,RES-03165,2024-09-16,2025-09-16,12,2830,2830,0,LSE-004675,expired
LSE-004677,PROP-01688,RES-03165,2025-10-25,2026-10-25,12,2965,1482,1,LSE-004676,active
LSE-004678,PROP-01689,RES-03166,2023-07-16,2024-07-16,12,2655,2655,0,,expired
LSE-004679,PROP-01689,RES-03167,2024-09-18,2026-03-18,18,2850,2850,1,,expired
LSE-004680,PROP-01689,RES-03167,2026-04-08,2027-04-08,12,3110,3110,1,LSE-004679,active
LSE-004681,PROP-01690,RES-03168,2023-06-26,2025-06-26,24,2790,2790,0,,expired
LSE-004682,PROP-01690,RES-03169,2025-08-09,2027-02-09,18,3060,3060,0,,active
LSE-004683,PROP-01691,RES-03170,2021-10-15,2023-10-15,24,2975,2975,1,,expired
LSE-004684,PROP-01691,RES-03171,2023-10-24,2025-10-24,24,2980,2980,0,,expired
LSE-004685,PROP-01691,RES-03171,2025-11-10,2027-05-10,18,3210,3210,0,LSE-004684,active
LSE-004686,PROP-01692,RES-03172,2023-12-17,2025-12-17,24,3015,3015,0,,expired
LSE-004687,PROP-01692,RES-03172,2026-01-31,2027-01-31,12,3130,3130,0,LSE-004686,active
LSE-004688,PROP-01693,RES-03173,2023-12-27,2025-12-27,24,3305,3305,0,,expired
LSE-004689,PROP-01693,RES-03173,2026-01-25,2028-01-25,24,3625,1812,0,LSE-004688,active
LSE-004690,PROP-01694,RES-03174,2023-05-13,2025-05-13,24,2705,2705,0,,expired
LSE-004691,PROP-01694,RES-03174,2025-05-26,2026-05-26,12,2930,1465,0,LSE-004690,expired
LSE-004692,PROP-01694,RES-03174,2026-06-03,2027-06-03,12,3155,1577,0,LSE-004691,active
LSE-004693,PROP-01695,RES-03175,2024-03-21,2025-03-21,12,3060,3060,0,,expired
LSE-004694,PROP-01695,RES-03175,2025-04-22,2027-04-22,24,3175,1587,0,LSE-004693,active
LSE-004695,PROP-01696,RES-03176,2023-12-03,2024-12-03,12,2605,2605,0,,terminated-early
LSE-004696,PROP-01696,RES-03177,2025-02-07,2026-08-07,18,2785,1392,0,,expired
LSE-004697,PROP-01696,RES-03177,2026-09-19,2027-09-19,12,2955,2955,0,LSE-004696,active
LSE-004698,PROP-01697,RES-03178,2023-02-09,2024-02-09,12,3440,1720,0,,expired
LSE-004699,PROP-01697,RES-03178,2024-03-29,2026-03-29,24,3535,3535,0,LSE-004698,expired
LSE-004700,PROP-01697,RES-03178,2026-05-11,2027-05-11,12,3775,3775,0,LSE-004699,active
LSE-004701,PROP-01698,RES-03179,2024-06-21,2025-06-21,12,3600,1800,0,,expired
LSE-004702,PROP-01698,RES-03180,2025-08-01,2026-08-01,12,3815,3815,0,,expired
LSE-004703,PROP-01698,RES-03180,2026-08-16,2028-02-16,18,3895,3895,0,LSE-004702,active
LSE-004704,PROP-01699,RES-03181,2022-08-04,2024-02-04,18,3405,1702,0,,expired
LSE-004705,PROP-01699,RES-03181,2024-02-19,2026-02-19,24,3510,1755,0,LSE-004704,expired
LSE-004706,PROP-01699,RES-03182,2026-03-31,2028-03-31,24,3635,3635,1,,active
LSE-004707,PROP-01700,RES-03183,2023-03-19,2025-03-19,24,3480,1740,1,,evicted
LSE-004708,PROP-01700,RES-03184,2025-04-19,2027-04-19,24,3660,1830,0,,active
LSE-004709,PROP-01701,RES-03185,2023-12-22,2024-12-22,12,2630,2630,0,,expired
LSE-004710,PROP-01701,RES-03185,2025-02-10,2026-02-10,12,2775,2775,0,LSE-004709,expired
LSE-004711,PROP-01701,RES-03186,2026-02-19,2027-02-19,12,2995,2995,0,,active
LSE-004712,PROP-01702,RES-03187,2024-10-13,2026-10-13,24,2860,1430,0,,active
LSE-004713,PROP-01703,RES-03188,2023-06-14,2025-06-14,24,2935,2935,0,,expired
LSE-004714,PROP-01703,RES-03188,2025-07-19,2027-07-19,24,3225,3225,0,LSE-004713,active
LSE-004715,PROP-01704,RES-03189,2022-07-13,2024-01-13,18,3010,3010,1,,expired
LSE-004716,PROP-01704,RES-03189,2024-01-31,2026-01-31,24,3090,3090,0,LSE-004715,expired
LSE-004717,PROP-01704,RES-03190,2026-03-31,2027-09-30,18,3320,1660,0,,active
LSE-004718,PROP-01705,RES-03191,2022-12-04,2023-12-04,12,3120,3120,0,,expired
LSE-004719,PROP-01705,RES-03191,2024-02-06,2025-08-06,18,3250,1625,0,LSE-004718,expired
LSE-004720,PROP-01705,RES-03191,2025-08-23,2026-08-23,12,3315,1657,0,LSE-004719,expired
LSE-004721,PROP-01706,RES-03192,2022-08-01,2024-08-01,24,2955,2955,0,,expired
LSE-004722,PROP-01706,RES-03192,2024-09-21,2026-09-21,24,3100,3100,0,LSE-004721,expired
LSE-004723,PROP-01707,RES-03193,2022-06-02,2023-06-02,12,2730,1365,0,,expired
LSE-004724,PROP-01707,RES-03194,2023-06-18,2024-06-18,12,2765,2765,0,,expired
LSE-004725,PROP-01707,RES-03194,2024-08-25,2026-08-25,24,2875,1437,0,LSE-004724,expired
LSE-004726,PROP-01708,RES-03195,2024-03-02,2025-03-02,12,3545,1772,0,,expired
LSE-004727,PROP-01708,RES-03196,2025-04-28,2026-10-28,18,3670,1835,0,,active
LSE-004728,PROP-01709,RES-03197,2024-06-17,2026-06-17,24,3705,3705,0,,expired
LSE-004729,PROP-01709,RES-03197,2026-08-28,2027-08-28,12,3810,3810,1,LSE-004728,active
LSE-004730,PROP-01710,RES-03198,2022-06-10,2024-06-10,24,3565,1782,0,,expired
LSE-004731,PROP-01710,RES-03199,2024-07-29,2025-07-29,12,3640,1820,0,,expired
LSE-004732,PROP-01710,RES-03200,2025-08-10,2027-08-10,24,3680,3680,0,,active
LSE-004733,PROP-01711,RES-03201,2022-04-11,2024-04-11,24,3540,3540,0,,expired
LSE-004734,PROP-01711,RES-03202,2024-05-09,2026-05-09,24,3650,3650,0,,expired
LSE-004735,PROP-01711,RES-03202,2026-07-13,2028-07-13,24,3720,3720,1,LSE-004734,active
LSE-004736,PROP-01712,RES-03203,2023-07-18,2025-07-18,24,3465,1732,0,,expired
LSE-004737,PROP-01712,RES-03203,2025-07-25,2027-01-25,18,3575,1787,0,LSE-004736,active
LSE-004738,PROP-01713,RES-03204,2023-08-01,2024-08-01,12,3380,3380,0,,expired
LSE-004739,PROP-01713,RES-03205,2024-10-05,2025-10-05,12,3595,3595,1,,expired
LSE-004740,PROP-01713,RES-03205,2025-11-08,2026-11-08,12,3645,1822,0,LSE-004739,active
LSE-004741,PROP-01714,RES-03206,2023-12-08,2025-06-08,18,3490,3490,0,,expired
LSE-004742,PROP-01714,RES-03206,2025-06-15,2027-06-15,24,3775,3775,0,LSE-004741,active
LSE-004743,PROP-01715,RES-03207,2024-03-11,2026-03-11,24,3485,3485,1,,expired
LSE-004744,PROP-01715,RES-03207,2026-03-27,2028-03-27,24,3650,3650,0,LSE-004743,active
LSE-004745,PROP-01716,RES-03208,2023-11-02,2025-11-02,24,3065,3065,0,,expired
LSE-004746,PROP-01716,RES-03209,2026-01-06,2027-01-06,12,3235,3235,0,,active
LSE-004747,PROP-01717,RES-03210,2023-05-01,2025-05-01,24,2945,2945,0,,expired
LSE-004748,PROP-01717,RES-03211,2025-06-01,2026-06-01,12,3240,3240,0,,expired
LSE-004749,PROP-01717,RES-03211,2026-07-05,2028-07-05,24,3420,3420,0,LSE-004748,active
LSE-004750,PROP-01718,RES-03212,2021-10-10,2023-10-10,24,3125,3125,0,,expired
LSE-004751,PROP-01718,RES-03213,2023-12-11,2025-12-11,24,3060,3060,0,,expired
LSE-004752,PROP-01718,RES-03213,2026-01-05,2028-01-05,24,3115,3115,0,LSE-004751,active
LSE-004753,PROP-01719,RES-03214,2023-04-19,2025-04-19,24,2815,1407,0,,expired
LSE-004754,PROP-01719,RES-03214,2025-04-26,2026-04-26,12,2915,2915,0,LSE-004753,expired
LSE-004755,PROP-01719,RES-03214,2026-06-24,2027-06-24,12,3115,3115,0,LSE-004754,active
LSE-004756,PROP-01720,RES-03215,2022-09-18,2023-09-18,12,3080,3080,1,,expired
LSE-004757,PROP-01720,RES-03215,2023-10-21,2025-10-21,24,3175,3175,0,LSE-004756,expired
LSE-004758,PROP-01720,RES-03215,2025-12-03,2026-12-03,12,3330,3330,0,LSE-004757,active
LSE-004759,PROP-01721,RES-03216,2023-04-26,2024-04-26,12,3185,3185,0,,expired
LSE-004760,PROP-01721,RES-03216,2024-07-04,2025-07-04,12,3220,1610,0,LSE-004759,expired
LSE-004761,PROP-01721,RES-03216,2025-07-20,2026-07-20,12,3300,3300,0,LSE-004760,expired
LSE-004762,PROP-01721,RES-03216,2026-08-20,2028-02-20,18,3420,3420,1,LSE-004761,active
LSE-004763,PROP-01722,RES-03217,2021-12-19,2022-12-19,12,3175,1587,0,,expired
LSE-004764,PROP-01722,RES-03217,2023-01-21,2025-01-21,24,3325,3325,0,LSE-004763,expired
LSE-004765,PROP-01722,RES-03218,2025-03-04,2027-03-04,24,3360,3360,0,,active
LSE-004766,PROP-01723,RES-03219,2023-10-07,2024-10-07,12,3465,1732,1,,expired
LSE-004767,PROP-01723,RES-03219,2024-12-06,2026-12-06,24,3580,1790,0,LSE-004766,active
LSE-004768,PROP-01724,RES-03220,2024-04-26,2026-04-26,24,3575,3575,0,,expired
LSE-004769,PROP-01724,RES-03221,2026-05-07,2027-05-07,12,3870,3870,1,,active
LSE-004770,PROP-01725,RES-03222,2022-07-17,2023-07-17,12,3380,3380,0,,expired
LSE-004771,PROP-01725,RES-03222,2023-07-23,2025-07-23,24,3505,3505,0,LSE-004770,expired
LSE-004772,PROP-01725,RES-03223,2025-09-24,2027-09-24,24,3560,3560,0,,active
LSE-004773,PROP-01726,RES-03224,2022-07-16,2024-07-16,24,3515,3515,0,,expired
LSE-004774,PROP-01726,RES-03224,2024-08-28,2026-08-28,24,3610,3610,0,LSE-004773,expired
LSE-004775,PROP-01727,RES-03225,2022-07-14,2024-07-14,24,2820,2820,0,,expired
LSE-004776,PROP-01727,RES-03226,2024-07-31,2025-07-31,12,2905,2905,0,,expired
LSE-004777,PROP-01727,RES-03227,2025-09-02,2026-09-02,12,2915,2915,0,,expired
LSE-004778,PROP-01728,RES-03228,2023-12-11,2024-12-11,12,2800,2800,0,,expired
LSE-004779,PROP-01728,RES-03228,2024-12-30,2026-06-30,18,2905,1452,0,LSE-004778,expired
LSE-004780,PROP-01728,RES-03228,2026-08-30,2028-02-29,18,3015,1507,1,LSE-004779,active
LSE-004781,PROP-01729,RES-03229,2022-05-27,2023-05-27,12,3115,3115,0,,expired
LSE-004782,PROP-01729,RES-03230,2023-06-16,2024-06-16,12,3110,3110,0,,expired
LSE-004783,PROP-01729,RES-03230,2024-08-15,2025-08-15,12,3210,3210,1,LSE-004782,expired
LSE-004784,PROP-01729,RES-03231,2025-10-20,2026-10-20,12,3240,3240,0,,active
LSE-004785,PROP-01730,RES-03232,2024-03-23,2025-03-23,12,3155,3155,0,,expired
LSE-004786,PROP-01730,RES-03232,2025-04-08,2026-04-08,12,3315,3315,0,LSE-004785,expired
LSE-004787,PROP-01730,RES-03232,2026-06-14,2027-06-14,12,3470,1735,0,LSE-004786,active
LSE-004788,PROP-01731,RES-03233,2023-06-06,2025-06-06,24,2680,2680,1,,expired
LSE-004789,PROP-01731,RES-03234,2025-08-07,2026-08-07,12,2895,1447,0,,expired
LSE-004790,PROP-01731,RES-03234,2026-09-24,2028-09-24,24,2980,2980,0,LSE-004789,active
LSE-004791,PROP-01732,RES-03235,2024-10-29,2025-10-29,12,3585,3585,0,,expired
LSE-004792,PROP-01732,RES-03235,2026-01-04,2027-01-04,12,3730,3730,0,LSE-004791,active
LSE-004793,PROP-01733,RES-03236,2024-03-22,2025-09-22,18,3175,3175,0,,expired
LSE-004794,PROP-01733,RES-03236,2025-10-19,2026-10-19,12,3320,3320,0,LSE-004793,active
LSE-004795,PROP-01734,RES-03237,2023-02-05,2024-08-05,18,2995,2995,0,,expired
LSE-004796,PROP-01734,RES-03237,2024-08-18,2026-02-18,18,3085,1542,1,LSE-004795,expired
LSE-004797,PROP-01734,RES-03238,2026-04-08,2027-04-08,12,3465,3465,0,,active
LSE-004798,PROP-01735,RES-03239,2023-08-11,2024-08-11,12,2090,2090,0,,expired
LSE-004799,PROP-01735,RES-03239,2024-09-11,2025-09-11,12,2125,1062,0,LSE-004798,expired
LSE-004800,PROP-01735,RES-03240,2025-11-17,2027-05-17,18,2090,2090,0,,active
LSE-004801,PROP-01736,RES-03241,2023-08-26,2024-08-26,12,2075,2075,0,,expired
LSE-004802,PROP-01736,RES-03241,2024-10-31,2026-10-31,24,2145,1072,0,LSE-004801,active
LSE-004803,PROP-01737,RES-03242,2023-01-19,2025-01-19,24,2035,2035,0,,expired
LSE-004804,PROP-01737,RES-03242,2025-03-17,2026-09-17,18,2085,2085,0,LSE-004803,expired
LSE-004805,PROP-01738,RES-03243,2024-03-14,2025-09-14,18,2260,2260,1,,expired
LSE-004806,PROP-01738,RES-03243,2025-09-26,2027-09-26,24,2395,2395,0,LSE-004805,active
LSE-004807,PROP-01739,RES-03244,2024-04-29,2026-04-29,24,2045,2045,0,,expired
LSE-004808,PROP-01739,RES-03244,2026-07-12,2027-07-12,12,2175,2175,0,LSE-004807,active
LSE-004809,PROP-01740,RES-03245,2024-03-14,2026-03-14,24,2365,1182,0,,expired
LSE-004810,PROP-01740,RES-03246,2026-04-26,2027-04-26,12,2565,1282,0,,active
LSE-004811,PROP-01741,RES-03247,2023-04-09,2024-04-09,12,2030,2030,0,,expired
LSE-004812,PROP-01741,RES-03247,2024-05-26,2025-05-26,12,2115,2115,0,LSE-004811,expired
LSE-004813,PROP-01741,RES-03248,2025-07-13,2027-07-13,24,2245,2245,0,,active
LSE-004814,PROP-01742,RES-03249,2022-04-28,2023-04-28,12,2095,1047,0,,expired
LSE-004815,PROP-01742,RES-03250,2023-06-16,2025-06-16,24,2110,1055,0,,expired
LSE-004816,PROP-01742,RES-03251,2025-07-04,2026-07-04,12,2200,2200,0,,expired
LSE-004817,PROP-01742,RES-03252,2026-09-04,2027-09-04,12,2290,1145,0,,active
LSE-004818,PROP-01743,RES-03253,2022-08-15,2023-08-15,12,2670,2670,0,,expired
LSE-004819,PROP-01743,RES-03254,2023-10-16,2025-10-16,24,2670,2670,0,,expired
LSE-004820,PROP-01743,RES-03254,2025-11-21,2027-11-21,24,2740,2740,1,LSE-004819,active
LSE-004821,PROP-01744,RES-03255,2022-06-22,2023-12-22,18,2260,1130,0,,expired
LSE-004822,PROP-01744,RES-03256,2024-02-02,2026-02-02,24,2240,2240,0,,expired
LSE-004823,PROP-01744,RES-03256,2026-02-10,2028-02-10,24,2280,2280,0,LSE-004822,active
LSE-004824,PROP-01745,RES-03257,2023-03-11,2024-03-11,12,2245,2245,0,,expired
LSE-004825,PROP-01745,RES-03258,2024-05-17,2026-05-17,24,2355,2355,0,,expired
LSE-004826,PROP-01745,RES-03258,2026-06-19,2027-12-19,18,2445,2445,0,LSE-004825,active
LSE-004827,PROP-01746,RES-03259,2022-09-12,2023-09-12,12,2445,2445,0,,expired
LSE-004828,PROP-01746,RES-03259,2023-10-18,2025-10-18,24,2560,1280,0,LSE-004827,expired
LSE-004829,PROP-01746,RES-03260,2025-12-11,2027-06-11,18,2595,1297,0,,active
LSE-004830,PROP-01747,RES-03261,2023-12-16,2025-12-16,24,2275,2275,0,,expired
LSE-004831,PROP-01747,RES-03261,2026-01-01,2028-01-01,24,2385,1192,0,LSE-004830,active
LSE-004832,PROP-01748,RES-03262,2022-01-06,2023-01-06,12,2260,2260,0,,expired
LSE-004833,PROP-01748,RES-03263,2023-01-14,2024-07-14,18,2305,2305,0,,expired
LSE-004834,PROP-01748,RES-03263,2024-09-23,2026-03-23,18,2355,1177,0,LSE-004833,expired
LSE-004835,PROP-01748,RES-03263,2026-05-24,2028-05-24,24,2490,2490,1,LSE-004834,active
LSE-004836,PROP-01749,RES-03264,2022-11-23,2023-11-23,12,2490,2490,0,,expired
LSE-004837,PROP-01749,RES-03265,2023-12-13,2025-12-13,24,2500,2500,0,,expired
LSE-004838,PROP-01749,RES-03265,2026-02-24,2027-08-24,18,2685,2685,0,LSE-004837,active
LSE-004839,PROP-01750,RES-03266,2023-07-06,2024-07-06,12,2485,2485,0,,expired
LSE-004840,PROP-01750,RES-03266,2024-09-08,2025-09-08,12,2610,2610,0,LSE-004839,expired
LSE-004841,PROP-01750,RES-03266,2025-09-19,2027-09-19,24,2710,1355,0,LSE-004840,active
LSE-004842,PROP-01751,RES-03267,2023-07-08,2025-01-08,18,2020,2020,1,,expired
LSE-004843,PROP-01751,RES-03268,2025-03-24,2027-03-24,24,2100,1050,0,,active
LSE-004844,PROP-01752,RES-03269,2023-10-11,2024-10-11,12,2295,2295,0,,expired
LSE-004845,PROP-01752,RES-03270,2024-11-22,2026-05-22,18,2320,2320,0,,expired
LSE-004846,PROP-01752,RES-03271,2026-08-03,2027-08-03,12,2525,2525,0,,active
LSE-004847,PROP-01753,RES-03272,2022-09-11,2023-09-11,12,2290,1145,0,,expired
LSE-004848,PROP-01753,RES-03272,2023-10-20,2024-10-20,12,2350,2350,0,LSE-004847,expired
LSE-004849,PROP-01753,RES-03272,2024-11-10,2026-05-10,18,2405,1202,0,LSE-004848,expired
LSE-004850,PROP-01753,RES-03272,2026-06-27,2027-06-27,12,2455,2455,0,LSE-004849,active
LSE-004851,PROP-01754,RES-03273,2023-10-23,2024-10-23,12,2320,2320,0,,expired
LSE-004852,PROP-01754,RES-03274,2024-11-27,2026-11-27,24,2360,1180,0,,active
LSE-004853,PROP-01755,RES-03275,2023-11-11,2025-05-11,18,2405,2405,0,,expired
LSE-004854,PROP-01755,RES-03276,2025-06-05,2027-06-05,24,2790,1395,0,,active
LSE-004855,PROP-01756,RES-03277,2023-10-22,2025-10-22,24,2315,2315,0,,expired
LSE-004856,PROP-01756,RES-03277,2025-12-23,2026-12-23,12,2420,1210,0,LSE-004855,active
LSE-004857,PROP-01757,RES-03278,2024-10-03,2025-10-03,12,2330,2330,0,,expired
LSE-004858,PROP-01757,RES-03279,2025-10-28,2026-10-28,12,2455,1227,0,,active
LSE-004859,PROP-01758,RES-03280,2023-07-16,2025-01-16,18,2285,1142,1,,expired
LSE-004860,PROP-01758,RES-03281,2025-03-23,2027-03-23,24,2425,2425,1,,active
LSE-004861,PROP-01759,RES-03282,2023-08-11,2024-08-11,12,2105,2105,0,,expired
LSE-004862,PROP-01759,RES-03283,2024-09-29,2026-03-29,18,2160,2160,0,,expired
LSE-004863,PROP-01759,RES-03283,2026-04-13,2027-10-13,18,2220,1110,0,LSE-004862,active
LSE-004864,PROP-01760,RES-03284,2022-06-03,2023-06-03,12,2040,2040,0,,expired
LSE-004865,PROP-01760,RES-03285,2023-07-15,2024-07-15,12,2055,1027,0,,expired
LSE-004866,PROP-01760,RES-03286,2024-09-16,2026-09-16,24,2120,2120,0,,expired
LSE-004867,PROP-01760,RES-03286,2026-09-22,2028-09-22,24,2205,2205,0,LSE-004866,active
LSE-004868,PROP-01761,RES-03287,2023-04-20,2025-04-20,24,2470,1235,0,,expired
LSE-004869,PROP-01761,RES-03287,2025-06-03,2026-06-03,12,2595,2595,0,LSE-004868,expired
LSE-004870,PROP-01761,RES-03287,2026-06-11,2028-06-11,24,2680,2680,0,LSE-004869,active
LSE-004871,PROP-01762,RES-03288,2023-07-12,2024-07-12,12,2055,2055,0,,expired
LSE-004872,PROP-01762,RES-03288,2024-08-06,2026-08-06,24,2170,1085,0,LSE-004871,expired
LSE-004873,PROP-01763,RES-03289,2023-11-09,2024-11-09,12,2470,1235,0,,expired
LSE-004874,PROP-01763,RES-03290,2024-12-19,2025-12-19,12,2665,1332,0,,expired
LSE-004875,PROP-01763,RES-03290,2026-02-26,2027-02-26,12,2715,2715,0,LSE-004874,active
LSE-004876,PROP-01764,RES-03291,2023-11-17,2025-11-17,24,2555,1277,0,,expired
LSE-004877,PROP-01764,RES-03291,2025-11-23,2027-11-23,24,2590,2590,0,LSE-004876,active
LSE-004878,PROP-01765,RES-03292,2023-06-05,2025-06-05,24,2550,2550,0,,expired
LSE-004879,PROP-01765,RES-03292,2025-08-06,2026-08-06,12,2595,2595,0,LSE-004878,expired
LSE-004880,PROP-01765,RES-03293,2026-09-01,2027-09-01,12,2810,1405,0,,active
LSE-004881,PROP-01766,RES-03294,2024-03-15,2026-03-15,24,2330,2330,1,,expired
LSE-004882,PROP-01766,RES-03295,2026-04-16,2027-10-16,18,2565,2565,0,,active
LSE-004883,PROP-01767,RES-03296,2024-03-12,2026-03-12,24,2045,2045,0,,expired
LSE-004884,PROP-01767,RES-03296,2026-05-16,2027-11-16,18,2245,1122,0,LSE-004883,active
LSE-004885,PROP-01768,RES-03297,2022-09-20,2023-09-20,12,2085,2085,0,,expired
LSE-004886,PROP-01768,RES-03297,2023-11-24,2025-05-24,18,2125,2125,0,LSE-004885,expired
LSE-004887,PROP-01768,RES-03297,2025-07-05,2026-07-05,12,2185,1092,0,LSE-004886,expired
LSE-004888,PROP-01768,RES-03298,2026-07-16,2027-07-16,12,2285,2285,0,,active
LSE-004889,PROP-01769,RES-03299,2023-09-23,2024-09-23,12,2095,2095,0,,expired
LSE-004890,PROP-01769,RES-03299,2024-10-21,2026-10-21,24,2120,2120,0,LSE-004889,active
LSE-004891,PROP-01770,RES-03300,2024-02-06,2025-02-06,12,2375,2375,0,,expired
LSE-004892,PROP-01770,RES-03301,2025-04-21,2026-04-21,12,2510,1255,0,,expired
LSE-004893,PROP-01770,RES-03302,2026-06-05,2027-06-05,12,2655,2655,1,,active
LSE-004894,PROP-01771,RES-03303,2023-05-26,2025-05-26,24,2060,2060,0,,expired
LSE-004895,PROP-01771,RES-03303,2025-07-23,2026-07-23,12,2225,2225,0,LSE-004894,expired
LSE-004896,PROP-01771,RES-03303,2026-09-04,2028-09-04,24,2265,2265,1,LSE-004895,active
LSE-004897,PROP-01772,RES-03304,2022-05-08,2023-05-08,12,2575,2575,0,,expired
LSE-004898,PROP-01772,RES-03304,2023-06-11,2024-06-11,12,2660,2660,1,LSE-004897,expired
LSE-004899,PROP-01772,RES-03304,2024-06-20,2026-06-20,24,2740,2740,0,LSE-004898,expired
LSE-004900,PROP-01772,RES-03305,2026-08-08,2027-08-08,12,2900,2900,0,,active
LSE-004901,PROP-01773,RES-03306,2023-08-06,2024-08-06,12,2225,2225,1,,expired
LSE-004902,PROP-01773,RES-03307,2024-09-10,2025-09-10,12,2350,1175,0,,expired
LSE-004903,PROP-01773,RES-03307,2025-10-16,2026-10-16,12,2375,2375,0,LSE-004902,active
LSE-004904,PROP-01774,RES-03308,2022-01-14,2024-01-14,24,2515,2515,0,,expired
LSE-004905,PROP-01774,RES-03309,2024-03-27,2025-03-27,12,2560,2560,1,,expired
LSE-004906,PROP-01774,RES-03309,2025-06-09,2026-06-09,12,2680,2680,0,LSE-004905,expired
LSE-004907,PROP-01774,RES-03309,2026-06-29,2027-06-29,12,2775,1387,0,LSE-004906,active
LSE-004908,PROP-01775,RES-03310,2023-06-22,2025-06-22,24,2000,2000,0,,expired
LSE-004909,PROP-01775,RES-03311,2025-08-06,2027-08-06,24,2180,2180,0,,active
LSE-004910,PROP-01776,RES-03312,2024-01-20,2026-01-20,24,2620,2620,0,,expired
LSE-004911,PROP-01776,RES-03313,2026-02-17,2028-02-17,24,2755,2755,0,,active
LSE-004912,PROP-01777,RES-03314,2023-04-26,2024-04-26,12,2590,2590,0,,expired
LSE-004913,PROP-01777,RES-03314,2024-06-22,2025-06-22,12,2645,2645,0,LSE-004912,expired
LSE-004914,PROP-01777,RES-03315,2025-07-03,2026-07-03,12,2745,2745,0,,expired
LSE-004915,PROP-01777,RES-03315,2026-08-24,2027-08-24,12,2825,2825,0,LSE-004914,active
LSE-004916,PROP-01778,RES-03316,2024-11-25,2026-11-25,24,2635,2635,0,,active
LSE-004917,PROP-01779,RES-03317,2024-01-03,2025-01-03,12,2065,1032,0,,expired
LSE-004918,PROP-01779,RES-03317,2025-01-12,2026-01-12,12,2125,1062,0,LSE-004917,expired
LSE-004919,PROP-01779,RES-03317,2026-02-10,2027-02-10,12,2225,1112,0,LSE-004918,active
LSE-004920,PROP-01780,RES-03318,2021-10-19,2023-10-19,24,2525,2525,0,,expired
LSE-004921,PROP-01780,RES-03318,2023-11-09,2024-11-09,12,2575,1287,1,LSE-004920,expired
LSE-004922,PROP-01780,RES-03318,2024-12-29,2025-12-29,12,2685,1342,0,LSE-004921,expired
LSE-004923,PROP-01780,RES-03319,2026-03-13,2028-03-13,24,2730,1365,0,,active
LSE-004924,PROP-01781,RES-03320,2022-06-18,2024-06-18,24,2090,1045,0,,expired
LSE-004925,PROP-01781,RES-03321,2024-07-10,2025-07-10,12,2210,2210,0,,expired
LSE-004926,PROP-01781,RES-03322,2025-08-23,2027-08-23,24,2200,2200,0,,active
LSE-004927,PROP-01782,RES-03323,2022-06-11,2023-06-11,12,2480,2480,0,,expired
LSE-004928,PROP-01782,RES-03323,2023-06-20,2025-06-20,24,2585,1292,0,LSE-004927,expired
LSE-004929,PROP-01782,RES-03323,2025-07-17,2026-07-17,12,2720,2720,0,LSE-004928,expired
LSE-004930,PROP-01782,RES-03323,2026-08-03,2028-08-03,24,2810,2810,0,LSE-004929,active
LSE-004931,PROP-01783,RES-03324,2024-02-23,2026-02-23,24,2285,2285,0,,expired
LSE-004932,PROP-01783,RES-03325,2026-03-13,2028-03-13,24,2400,2400,0,,active
LSE-004933,PROP-01784,RES-03326,2023-11-12,2025-11-12,24,2190,2190,0,,terminated-early
LSE-004934,PROP-01784,RES-03327,2026-01-01,2027-01-01,12,2390,2390,0,,active
LSE-004935,PROP-01785,RES-03328,2024-03-06,2025-03-06,12,2335,2335,0,,expired
LSE-004936,PROP-01785,RES-03329,2025-05-19,2026-05-19,12,2485,2485,0,,expired
LSE-004937,PROP-01785,RES-03329,2026-07-29,2027-07-29,12,2590,2590,0,LSE-004936,active
LSE-004938,PROP-01786,RES-03330,2022-09-04,2023-09-04,12,2560,2560,0,,expired
LSE-004939,PROP-01786,RES-03331,2023-10-24,2025-10-24,24,2490,2490,0,,expired
LSE-004940,PROP-01786,RES-03331,2025-11-14,2027-11-14,24,2575,2575,0,LSE-004939,active
LSE-004941,PROP-01787,RES-03332,2023-10-08,2024-10-08,12,2000,1000,0,,expired
LSE-004942,PROP-01787,RES-03332,2024-12-20,2026-06-20,18,2085,1042,0,LSE-004941,expired
LSE-004943,PROP-01787,RES-03332,2026-08-28,2027-08-28,12,2180,2180,1,LSE-004942,active
LSE-004944,PROP-01788,RES-03333,2023-09-16,2025-09-16,24,2285,1142,0,,expired
LSE-004945,PROP-01788,RES-03334,2025-09-26,2026-09-26,12,2515,2515,0,,expired
LSE-004946,PROP-01789,RES-03335,2023-03-02,2025-03-02,24,2235,2235,0,,expired
LSE-004947,PROP-01789,RES-03335,2025-04-02,2026-10-02,18,2325,1162,0,LSE-004946,active
LSE-004948,PROP-01790,RES-03336,2022-07-19,2024-07-19,24,2040,2040,1,,expired
LSE-004949,PROP-01790,RES-03337,2024-08-06,2026-08-06,24,2140,2140,0,,expired
LSE-004950,PROP-01791,RES-03338,2022-03-14,2023-03-14,12,2485,2485,1,,expired
LSE-004951,PROP-01791,RES-03339,2023-04-25,2024-04-25,12,2475,2475,0,,expired
LSE-004952,PROP-01791,RES-03339,2024-06-22,2026-06-22,24,2560,2560,0,LSE-004951,expired
LSE-004953,PROP-01791,RES-03339,2026-08-05,2027-08-05,12,2780,1390,1,LSE-004952,active
LSE-004954,PROP-01792,RES-03340,2021-10-02,2023-10-02,24,1990,1990,1,,expired
LSE-004955,PROP-01792,RES-03340,2023-11-03,2024-11-03,12,2080,2080,0,LSE-004954,expired
LSE-004956,PROP-01792,RES-03341,2024-11-22,2026-11-22,24,2055,2055,0,,active
LSE-004957,PROP-01793,RES-03342,2022-01-28,2024-01-28,24,2100,2100,0,,expired
LSE-004958,PROP-01793,RES-03343,2024-02-26,2025-02-26,12,2060,2060,0,,expired
LSE-004959,PROP-01793,RES-03343,2025-03-21,2027-03-21,24,2165,1082,0,LSE-004958,active
LSE-004960,PROP-01794,RES-03344,2023-02-08,2024-08-08,18,2510,2510,1,,expired
LSE-004961,PROP-01794,RES-03344,2024-08-22,2026-08-22,24,2585,2585,0,LSE-004960,expired
LSE-004962,PROP-01795,RES-03345,2023-08-04,2024-08-04,12,2075,2075,0,,expired
LSE-004963,PROP-01795,RES-03346,2024-09-12,2025-09-12,12,2135,2135,0,,expired
LSE-004964,PROP-01795,RES-03346,2025-11-09,2026-11-09,12,2235,2235,0,LSE-004963,active
LSE-004965,PROP-01796,RES-03347,2023-09-22,2024-09-22,12,1960,1960,0,,expired
LSE-004966,PROP-01796,RES-03348,2024-10-16,2025-10-16,12,2080,1040,0,,terminated-early
LSE-004967,PROP-01796,RES-03349,2025-12-22,2026-12-22,12,2135,2135,0,,active
LSE-004968,PROP-01797,RES-03350,2023-05-15,2024-05-15,12,2025,2025,1,,expired
LSE-004969,PROP-01797,RES-03350,2024-05-29,2025-11-29,18,2050,2050,0,LSE-004968,expired
LSE-004970,PROP-01797,RES-03350,2026-01-15,2027-07-15,18,2105,2105,0,LSE-004969,active
LSE-004971,PROP-01798,RES-03351,2022-08-12,2023-08-12,12,2585,2585,0,,expired
LSE-004972,PROP-01798,RES-03351,2023-09-01,2024-09-01,12,2655,1327,0,LSE-004971,expired
LSE-004973,PROP-01798,RES-03352,2024-10-23,2026-04-23,18,2590,2590,0,,expired
LSE-004974,PROP-01798,RES-03353,2026-05-24,2027-05-24,12,2875,2875,0,,active
LSE-004975,PROP-01799,RES-03354,2022-03-18,2023-03-18,12,2315,2315,0,,expired
LSE-004976,PROP-01799,RES-03354,2023-04-27,2024-04-27,12,2410,1205,0,LSE-004975,expired
LSE-004977,PROP-01799,RES-03354,2024-06-26,2026-06-26,24,2495,1247,0,LSE-004976,expired
LSE-004978,PROP-01799,RES-03354,2026-08-01,2027-08-01,12,2555,2555,0,LSE-004977,active
LSE-004979,PROP-01800,RES-03355,2023-10-04,2025-10-04,24,2250,2250,0,,expired
LSE-004980,PROP-01800,RES-03355,2025-10-15,2026-10-15,12,2320,2320,0,LSE-004979,active
LSE-004981,PROP-01801,RES-03356,2023-06-23,2025-06-23,24,2055,2055,0,,expired
LSE-004982,PROP-01801,RES-03357,2025-07-13,2027-07-13,24,2165,2165,0,,active
LSE-004983,PROP-01802,RES-03358,2023-03-02,2024-03-02,12,2085,1042,0,,expired
LSE-004984,PROP-01802,RES-03358,2024-05-15,2026-05-15,24,2140,2140,0,LSE-004983,expired
LSE-004985,PROP-01802,RES-03358,2026-07-04,2028-07-04,24,2225,2225,0,LSE-004984,active
LSE-004986,PROP-01803,RES-03359,2022-05-11,2023-05-11,12,2580,2580,0,,expired
LSE-004987,PROP-01803,RES-03359,2023-06-04,2025-06-04,24,2645,2645,0,LSE-004986,expired
LSE-004988,PROP-01803,RES-03360,2025-07-09,2027-01-09,18,2740,2740,0,,active
LSE-004989,PROP-01804,RES-03361,2022-09-01,2024-09-01,24,2500,2500,1,,expired
LSE-004990,PROP-01804,RES-03361,2024-09-20,2026-09-20,24,2610,1305,1,LSE-004989,expired
LSE-004991,PROP-01805,RES-03362,2025-01-02,2027-01-02,24,2550,2550,0,,active
LSE-004992,PROP-01806,RES-03363,2023-08-19,2025-08-19,24,2555,2555,0,,expired
LSE-004993,PROP-01806,RES-03363,2025-09-30,2027-09-30,24,2715,2715,1,LSE-004992,active
LSE-004994,PROP-01807,RES-03364,2023-12-16,2024-12-16,12,2300,2300,0,,expired
LSE-004995,PROP-01807,RES-03365,2024-12-29,2025-12-29,12,2285,1142,0,,expired
LSE-004996,PROP-01807,RES-03365,2026-03-09,2027-03-09,12,2395,2395,0,LSE-004995,active
LSE-004997,PROP-01808,RES-03366,2024-02-16,2026-02-16,24,2860,2860,0,,expired
LSE-004998,PROP-01808,RES-03367,2026-03-02,2028-03-02,24,3230,1615,0,,active
LSE-004999,PROP-01809,RES-03368,2023-08-19,2025-08-19,24,2270,2270,0,,expired
LSE-005000,PROP-01809,RES-03368,2025-10-01,2027-10-01,24,2435,2435,0,LSE-004999,active
LSE-005001,PROP-01810,RES-03369,2024-02-02,2025-02-02,12,2350,1175,0,,expired
LSE-005002,PROP-01810,RES-03369,2025-04-09,2027-04-09,24,2395,2395,0,LSE-005001,active
LSE-005003,PROP-01811,RES-03370,2024-01-13,2025-01-13,12,2200,1100,0,,expired
LSE-005004,PROP-01811,RES-03371,2025-03-16,2027-03-16,24,2375,1187,1,,active
LSE-005005,PROP-01812,RES-03372,2023-01-25,2025-01-25,24,2260,2260,0,,expired
LSE-005006,PROP-01812,RES-03372,2025-02-25,2026-08-25,18,2300,1150,0,LSE-005005,expired
LSE-005007,PROP-01812,RES-03373,2026-09-08,2027-09-08,12,2485,2485,0,,active
LSE-005008,PROP-01813,RES-03374,2022-07-06,2023-07-06,12,2610,2610,1,,expired
LSE-005009,PROP-01813,RES-03375,2023-07-27,2025-01-27,18,2605,2605,0,,expired
LSE-005010,PROP-01813,RES-03375,2025-04-08,2027-04-08,24,2755,2755,0,LSE-005009,active
LSE-005011,PROP-01814,RES-03376,2022-04-19,2024-04-19,24,2240,2240,0,,expired
LSE-005012,PROP-01814,RES-03376,2024-06-18,2025-06-18,12,2355,2355,0,LSE-005011,expired
LSE-005013,PROP-01814,RES-03377,2025-08-19,2026-08-19,12,2490,1245,0,,expired
LSE-005014,PROP-01815,RES-03378,2021-10-14,2023-10-14,24,2855,2855,1,,expired
LSE-005015,PROP-01815,RES-03379,2023-11-15,2025-11-15,24,2845,1422,1,,terminated-early
LSE-005016,PROP-01815,RES-03380,2026-01-22,2027-01-22,12,3025,3025,0,,active
LSE-005017,PROP-01816,RES-03381,2023-05-11,2024-05-11,12,2865,2865,0,,expired
LSE-005018,PROP-01816,RES-03382,2024-07-17,2025-07-17,12,3120,3120,0,,expired
LSE-005019,PROP-01816,RES-03382,2025-08-28,2026-08-28,12,3255,1627,0,LSE-005018,expired
LSE-005020,PROP-01817,RES-03383,2022-06-15,2024-06-15,24,2295,2295,0,,expired
LSE-005021,PROP-01817,RES-03384,2024-06-29,2025-06-29,12,2525,2525,0,,expired
LSE-005022,PROP-01817,RES-03385,2025-07-19,2026-07-19,12,2520,2520,0,,expired
LSE-005023,PROP-01817,RES-03386,2026-07-24,2028-07-24,24,2690,1345,0,,active
LSE-005024,PROP-01818,RES-03387,2024-03-02,2026-03-02,24,2380,1190,1,,expired
LSE-005025,PROP-01818,RES-03388,2026-03-25,2027-03-25,12,2545,2545,0,,active
LSE-005026,PROP-01819,RES-03389,2024-03-30,2026-03-30,24,2905,2905,0,,expired
LSE-005027,PROP-01819,RES-03389,2026-06-06,2027-06-06,12,3175,3175,0,LSE-005026,active
LSE-005028,PROP-01820,RES-03390,2024-03-23,2025-09-23,18,2335,1167,0,,expired
LSE-005029,PROP-01820,RES-03391,2025-10-17,2027-10-17,24,2430,2430,0,,active
LSE-005030,PROP-01821,RES-03392,2022-04-06,2023-10-06,18,3000,3000,0,,expired
LSE-005031,PROP-01821,RES-03393,2023-10-14,2024-10-14,12,2985,1492,0,,expired
LSE-005032,PROP-01821,RES-03393,2024-11-20,2026-05-20,18,3030,3030,0,LSE-005031,expired
LSE-005033,PROP-01821,RES-03393,2026-06-14,2027-06-14,12,3215,1607,0,LSE-005032,active
LSE-005034,PROP-01822,RES-03394,2022-04-14,2023-04-14,12,2375,1187,0,,expired
LSE-005035,PROP-01822,RES-03394,2023-06-26,2025-06-26,24,2400,2400,0,LSE-005034,expired
LSE-005036,PROP-01822,RES-03395,2025-08-23,2026-08-23,12,2480,2480,1,,expired
LSE-005037,PROP-01822,RES-03396,2026-09-29,2028-09-29,24,2545,2545,1,,active
LSE-005038,PROP-01823,RES-03397,2023-08-02,2024-08-02,12,2355,2355,0,,expired
LSE-005039,PROP-01823,RES-03397,2024-08-12,2026-02-12,18,2440,1220,0,LSE-005038,expired
LSE-005040,PROP-01823,RES-03397,2026-03-03,2027-03-03,12,2490,2490,0,LSE-005039,active
LSE-005041,PROP-01824,RES-03398,2023-03-19,2024-03-19,12,2345,2345,0,,expired
LSE-005042,PROP-01824,RES-03399,2024-05-29,2025-05-29,12,2405,2405,0,,expired
LSE-005043,PROP-01824,RES-03400,2025-08-11,2026-08-11,12,2505,2505,0,,expired
LSE-005044,PROP-01824,RES-03400,2026-09-07,2027-09-07,12,2590,2590,0,LSE-005043,active
LSE-005045,PROP-01825,RES-03401,2024-04-11,2025-04-11,12,2975,2975,0,,expired
LSE-005046,PROP-01825,RES-03402,2025-04-26,2027-04-26,24,3180,1590,1,,active
LSE-005047,PROP-01826,RES-03403,2023-11-02,2025-05-02,18,2310,1155,0,,expired
LSE-005048,PROP-01826,RES-03404,2025-06-05,2027-06-05,24,2525,1262,0,,active
LSE-005049,PROP-01827,RES-03405,2023-03-07,2025-03-07,24,2335,2335,0,,expired
LSE-005050,PROP-01827,RES-03405,2025-04-21,2026-10-21,18,2475,2475,0,LSE-005049,active
LSE-005051,PROP-01828,RES-03406,2024-02-03,2025-08-03,18,2875,2875,0,,expired
LSE-005052,PROP-01828,RES-03407,2025-09-02,2027-03-02,18,3040,1520,1,,active
LSE-005053,PROP-01829,RES-03408,2022-06-27,2023-06-27,12,2335,1167,0,,expired
LSE-005054,PROP-01829,RES-03408,2023-07-08,2025-07-08,24,2395,1197,0,LSE-005053,expired
LSE-005055,PROP-01829,RES-03409,2025-07-23,2027-07-23,24,2595,2595,0,,active
LSE-005056,PROP-01830,RES-03410,2023-10-27,2025-10-27,24,2635,2635,0,,expired
LSE-005057,PROP-01830,RES-03411,2025-12-19,2026-12-19,12,2735,1367,0,,active
LSE-005058,PROP-01831,RES-03412,2024-10-22,2026-04-22,18,2450,2450,0,,expired
LSE-005059,PROP-01831,RES-03412,2026-04-30,2028-04-30,24,2550,2550,0,LSE-005058,active
LSE-005060,PROP-01832,RES-03413,2022-07-06,2023-07-06,12,2595,1297,0,,expired
LSE-005061,PROP-01832,RES-03414,2023-08-02,2024-08-02,12,2560,2560,0,,expired
LSE-005062,PROP-01832,RES-03414,2024-09-20,2025-09-20,12,2620,1310,1,LSE-005061,expired
LSE-005063,PROP-01832,RES-03414,2025-10-11,2027-10-11,24,2740,2740,0,LSE-005062,active
LSE-005064,PROP-01833,RES-03415,2022-07-23,2023-07-23,12,2795,2795,0,,expired
LSE-005065,PROP-01833,RES-03416,2023-09-28,2025-09-28,24,2790,2790,0,,expired
LSE-005066,PROP-01833,RES-03416,2025-11-04,2026-11-04,12,3010,3010,0,LSE-005065,active
LSE-005067,PROP-01834,RES-03417,2024-01-20,2025-01-20,12,2360,2360,0,,expired
LSE-005068,PROP-01834,RES-03417,2025-03-04,2026-03-04,12,2410,2410,0,LSE-005067,expired
LSE-005069,PROP-01834,RES-03417,2026-05-16,2027-11-16,18,2600,2600,0,LSE-005068,active
LSE-005070,PROP-01835,RES-03418,2022-08-24,2023-08-24,12,2390,1195,0,,expired
LSE-005071,PROP-01835,RES-03419,2023-09-02,2025-09-02,24,2280,1140,0,,expired
LSE-005072,PROP-01835,RES-03419,2025-10-30,2027-10-30,24,2500,2500,0,LSE-005071,active
LSE-005073,PROP-01836,RES-03420,2023-01-17,2024-07-17,18,2855,2855,0,,expired
LSE-005074,PROP-01836,RES-03420,2024-08-31,2025-08-31,12,2935,2935,0,LSE-005073,expired
LSE-005075,PROP-01836,RES-03421,2025-10-26,2026-10-26,12,3140,1570,0,,active
LSE-005076,PROP-01837,RES-03422,2024-10-24,2025-10-24,12,2700,2700,0,,expired
LSE-005077,PROP-01837,RES-03422,2025-12-10,2026-12-10,12,2835,2835,0,LSE-005076,active
LSE-005078,PROP-01838,RES-03423,2023-09-05,2025-03-05,18,2840,2840,0,,expired
LSE-005079,PROP-01838,RES-03424,2025-04-17,2026-04-17,12,3000,3000,0,,expired
LSE-005080,PROP-01838,RES-03424,2026-05-08,2027-05-08,12,3115,3115,0,LSE-005079,active
LSE-005081,PROP-01839,RES-03425,2022-03-19,2024-03-19,24,2900,1450,0,,expired
LSE-005082,PROP-01839,RES-03426,2024-05-02,2025-05-02,12,3185,1592,0,,expired
LSE-005083,PROP-01839,RES-03426,2025-06-21,2026-06-21,12,3245,3245,0,LSE-005082,expired
LSE-005084,PROP-01839,RES-03426,2026-06-28,2027-06-28,12,3295,1647,1,LSE-005083,active
LSE-005085,PROP-01840,RES-03427,2022-07-05,2024-07-05,24,2825,2825,0,,expired
LSE-005086,PROP-01840,RES-03427,2024-08-01,2026-02-01,18,2960,2960,0,LSE-005085,expired
LSE-005087,PROP-01840,RES-03427,2026-02-06,2028-02-06,24,2995,1497,0,LSE-005086,active
LSE-005088,PROP-01841,RES-03428,2025-01-06,2026-01-06,12,2990,2990,0,,expired
LSE-005089,PROP-01841,RES-03428,2026-03-14,2027-03-14,12,3110,3110,0,LSE-005088,active
LSE-005090,PROP-01842,RES-03429,2023-05-03,2024-11-03,18,2270,2270,0,,expired
LSE-005091,PROP-01842,RES-03429,2024-11-17,2026-11-17,24,2355,2355,0,LSE-005090,active
LSE-005092,PROP-01843,RES-03430,2022-11-18,2023-11-18,12,2660,2660,0,,expired
LSE-005093,PROP-01843,RES-03430,2023-12-28,2024-12-28,12,2780,2780,0,LSE-005092,expired
LSE-005094,PROP-01843,RES-03430,2025-03-03,2026-03-03,12,2865,2865,0,LSE-005093,expired
LSE-005095,PROP-01843,RES-03431,2026-04-04,2027-04-04,12,2965,2965,0,,active
LSE-005096,PROP-01844,RES-03432,2021-12-06,2022-12-06,12,2550,1275,0,,expired
LSE-005097,PROP-01844,RES-03433,2022-12-28,2023-12-28,12,2515,2515,0,,expired
LSE-005098,PROP-01844,RES-03434,2024-03-09,2025-03-09,12,2660,2660,0,,expired
LSE-005099,PROP-01844,RES-03435,2025-05-07,2026-05-07,12,2855,1427,0,,expired
LSE-005100,PROP-01844,RES-03435,2026-07-09,2028-07-09,24,2920,1460,0,LSE-005099,active
LSE-005101,PROP-01845,RES-03436,2022-12-27,2024-06-27,18,2520,1260,0,,terminated-early
LSE-005102,PROP-01845,RES-03437,2024-07-10,2026-01-10,18,2695,1347,0,,expired
LSE-005103,PROP-01845,RES-03437,2026-03-13,2027-03-13,12,2750,2750,0,LSE-005102,active
LSE-005104,PROP-01846,RES-03438,2022-01-01,2024-01-01,24,2590,2590,0,,expired
LSE-005105,PROP-01846,RES-03438,2024-02-10,2026-02-10,24,2665,1332,0,LSE-005104,expired
LSE-005106,PROP-01846,RES-03438,2026-03-14,2028-03-14,24,2760,2760,1,LSE-005105,active
LSE-005107,PROP-01847,RES-03439,2022-12-06,2024-12-06,24,2350,2350,0,,expired
LSE-005108,PROP-01847,RES-03439,2025-02-15,2026-08-15,18,2395,1197,0,LSE-005107,expired
LSE-005109,PROP-01847,RES-03439,2026-09-09,2027-09-09,12,2440,2440,0,LSE-005108,active
LSE-005110,PROP-01848,RES-03440,2023-06-24,2025-06-24,24,2940,2940,0,,expired
LSE-005111,PROP-01848,RES-03440,2025-07-31,2026-07-31,12,3125,3125,0,LSE-005110,expired
LSE-005112,PROP-01849,RES-03441,2023-06-11,2025-06-11,24,2825,2825,0,,expired
LSE-005113,PROP-01849,RES-03441,2025-07-18,2026-07-18,12,3015,3015,0,LSE-005112,expired
LSE-005114,PROP-01849,RES-03441,2026-08-10,2028-02-10,18,3115,1557,0,LSE-005113,active
LSE-005115,PROP-01850,RES-03442,2024-03-13,2025-03-13,12,2890,2890,1,,expired
LSE-005116,PROP-01850,RES-03442,2025-03-29,2027-03-29,24,3040,3040,0,LSE-005115,active
LSE-005117,PROP-01851,RES-03443,2024-02-13,2025-02-13,12,2360,2360,0,,expired
LSE-005118,PROP-01851,RES-03443,2025-02-27,2026-02-27,12,2420,1210,0,LSE-005117,expired
LSE-005119,PROP-01851,RES-03443,2026-04-06,2028-04-06,24,2530,1265,0,LSE-005118,active
LSE-005120,PROP-01852,RES-03444,2023-06-20,2025-06-20,24,2650,2650,0,,terminated-early
LSE-005121,PROP-01852,RES-03445,2025-07-15,2026-07-15,12,2790,1395,0,,expired
LSE-005122,PROP-01852,RES-03446,2026-07-28,2028-01-28,18,2885,2885,0,,active
LSE-005123,PROP-01853,RES-03447,2023-05-22,2025-05-22,24,2565,2565,0,,expired
LSE-005124,PROP-01853,RES-03447,2025-07-06,2026-07-06,12,2835,2835,0,LSE-005123,expired
LSE-005125,PROP-01853,RES-03447,2026-08-10,2028-08-10,24,2960,2960,0,LSE-005124,active
LSE-005126,PROP-01854,RES-03448,2023-05-02,2024-11-02,18,2875,2875,0,,expired
LSE-005127,PROP-01854,RES-03448,2024-11-23,2025-11-23,12,2965,1482,0,LSE-005126,expired
LSE-005128,PROP-01854,RES-03449,2026-01-24,2027-01-24,12,3040,3040,1,,active
LSE-005129,PROP-01855,RES-03450,2023-02-25,2024-02-25,12,2595,1297,0,,expired
LSE-005130,PROP-01855,RES-03450,2024-04-06,2026-04-06,24,2650,1325,1,LSE-005129,expired
LSE-005131,PROP-01855,RES-03451,2026-04-14,2027-04-14,12,2925,1462,0,,active
LSE-005132,PROP-01856,RES-03452,2022-07-08,2024-07-08,24,2635,2635,0,,expired
LSE-005133,PROP-01856,RES-03453,2024-09-06,2026-09-06,24,2755,2755,0,,expired
LSE-005134,PROP-01857,RES-03454,2023-07-10,2025-07-10,24,2540,1270,0,,expired
LSE-005135,PROP-01857,RES-03454,2025-08-24,2026-08-24,12,2730,2730,0,LSE-005134,expired
LSE-005136,PROP-01857,RES-03455,2026-09-22,2027-09-22,12,2900,2900,0,,active
LSE-005137,PROP-01858,RES-03456,2022-04-01,2024-04-01,24,2310,2310,0,,expired
LSE-005138,PROP-01858,RES-03456,2024-04-19,2025-04-19,12,2385,1192,1,LSE-005137,expired
LSE-005139,PROP-01858,RES-03457,2025-06-21,2027-06-21,24,2445,2445,0,,active
LSE-005140,PROP-01859,RES-03458,2022-06-08,2023-12-08,18,2345,2345,0,,expired
LSE-005141,PROP-01859,RES-03458,2023-12-26,2025-12-26,24,2375,1187,0,LSE-005140,expired
LSE-005142,PROP-01859,RES-03459,2026-02-01,2028-02-01,24,2565,2565,1,,active
LSE-005143,PROP-01860,RES-03460,2022-11-16,2024-11-16,24,2245,2245,0,,expired
LSE-005144,PROP-01860,RES-03461,2025-01-29,2026-01-29,12,2455,2455,0,,expired
LSE-005145,PROP-01860,RES-03462,2026-04-12,2028-04-12,24,2675,1337,0,,active
LSE-005146,PROP-01861,RES-03463,2023-09-05,2025-03-05,18,2265,2265,0,,expired
LSE-005147,PROP-01861,RES-03463,2025-03-30,2026-03-30,12,2410,2410,0,LSE-005146,expired
LSE-005148,PROP-01861,RES-03464,2026-05-25,2027-05-25,12,2705,2705,0,,active
LSE-005149,PROP-01862,RES-03465,2023-06-28,2024-06-28,12,2620,1310,0,,expired
LSE-005150,PROP-01862,RES-03465,2024-07-22,2026-07-22,24,2805,2805,1,LSE-005149,expired
LSE-005151,PROP-01862,RES-03465,2026-09-18,2028-09-18,24,2990,2990,0,LSE-005150,active
LSE-005152,PROP-01863,RES-03466,2023-02-20,2025-02-20,24,2295,1147,0,,expired
LSE-005153,PROP-01863,RES-03467,2025-04-01,2027-04-01,24,2550,2550,0,,active
LSE-005154,PROP-01864,RES-03468,2025-01-29,2026-07-29,18,2740,2740,0,,expired
LSE-005155,PROP-01864,RES-03469,2026-09-21,2027-09-21,12,2955,1477,0,,active
LSE-005156,PROP-01865,RES-03470,2022-04-21,2023-04-21,12,2250,1125,1,,expired
LSE-005157,PROP-01865,RES-03471,2023-05-22,2024-05-22,12,2340,2340,0,,expired
LSE-005158,PROP-01865,RES-03471,2024-08-02,2025-08-02,12,2415,2415,0,LSE-005157,expired
LSE-005159,PROP-01865,RES-03471,2025-08-27,2026-08-27,12,2495,2495,0,LSE-005158,expired
LSE-005160,PROP-01866,RES-03472,2023-02-17,2024-08-17,18,2305,2305,0,,expired
LSE-005161,PROP-01866,RES-03472,2024-10-14,2026-10-14,24,2395,1197,0,LSE-005160,active
LSE-005162,PROP-01867,RES-03473,2023-12-23,2025-12-23,24,2360,1180,1,,expired
LSE-005163,PROP-01867,RES-03474,2026-01-13,2027-07-13,18,2470,2470,0,,active
LSE-005164,PROP-01868,RES-03475,2024-05-14,2025-05-14,12,2740,2740,0,,terminated-early
LSE-005165,PROP-01868,RES-03476,2025-07-02,2026-07-02,12,2930,2930,0,,expired
LSE-005166,PROP-01868,RES-03477,2026-08-13,2027-08-13,12,2945,1472,0,,active
LSE-005167,PROP-01869,RES-03478,2023-07-27,2025-01-27,18,2335,1167,0,,expired
LSE-005168,PROP-01869,RES-03479,2025-02-18,2027-02-18,24,2390,2390,0,,active
LSE-005169,PROP-01870,RES-03480,2024-03-23,2025-03-23,12,2460,2460,0,,expired
LSE-005170,PROP-01870,RES-03481,2025-05-17,2027-05-17,24,2600,2600,0,,active
LSE-005171,PROP-01871,RES-03482,2023-12-10,2025-06-10,18,2285,2285,0,,expired
LSE-005172,PROP-01871,RES-03482,2025-08-10,2027-02-10,18,2455,2455,0,LSE-005171,active
LSE-005173,PROP-01872,RES-03483,2024-01-11,2025-01-11,12,2380,2380,0,,expired
LSE-005174,PROP-01872,RES-03484,2025-01-21,2026-01-21,12,2425,2425,0,,expired
LSE-005175,PROP-01872,RES-03484,2026-02-06,2028-02-06,24,2495,2495,0,LSE-005174,active
LSE-005176,PROP-01873,RES-03485,2024-01-11,2025-01-11,12,2625,2625,0,,expired
LSE-005177,PROP-01873,RES-03486,2025-02-06,2027-02-06,24,2635,2635,1,,active
LSE-005178,PROP-01874,RES-03487,2022-07-10,2024-07-10,24,2545,2545,0,,expired
LSE-005179,PROP-01874,RES-03487,2024-08-11,2025-08-11,12,2695,2695,0,LSE-005178,expired
LSE-005180,PROP-01874,RES-03487,2025-09-16,2026-09-16,12,2795,2795,0,LSE-005179,expired
LSE-005181,PROP-01875,RES-03488,2023-09-27,2025-03-27,18,2365,2365,0,,expired
LSE-005182,PROP-01875,RES-03489,2025-04-02,2026-04-02,12,2500,1250,1,,expired
LSE-005183,PROP-01875,RES-03490,2026-05-15,2028-05-15,24,2700,2700,0,,active
LSE-005184,PROP-01876,RES-03491,2022-02-06,2023-02-06,12,2605,2605,0,,expired
LSE-005185,PROP-01876,RES-03492,2023-04-09,2025-04-09,24,2535,2535,0,,expired
LSE-005186,PROP-01876,RES-03493,2025-04-29,2026-04-29,12,2865,1432,0,,expired
LSE-005187,PROP-01876,RES-03494,2026-06-10,2027-12-10,18,3010,3010,0,,active
LSE-005188,PROP-01877,RES-03495,2023-01-08,2025-01-08,24,2320,1160,0,,expired
LSE-005189,PROP-01877,RES-03496,2025-01-17,2026-01-17,12,2405,1202,0,,expired
LSE-005190,PROP-01877,RES-03496,2026-02-16,2027-02-16,12,2450,2450,1,LSE-005189,active
LSE-005191,PROP-01878,RES-03497,2022-06-28,2024-06-28,24,2245,2245,1,,expired
LSE-005192,PROP-01878,RES-03497,2024-07-05,2025-07-05,12,2480,2480,1,LSE-005191,expired
LSE-005193,PROP-01878,RES-03498,2025-08-10,2026-08-10,12,2645,2645,0,,expired
LSE-005194,PROP-01879,RES-03499,2023-05-09,2024-05-09,12,2660,2660,0,,expired
LSE-005195,PROP-01879,RES-03500,2024-06-05,2026-06-05,24,2890,2890,0,,expired
LSE-005196,PROP-01879,RES-03500,2026-06-13,2028-06-13,24,2960,2960,0,LSE-005195,active
LSE-005197,PROP-01880,RES-03501,2022-03-07,2023-03-07,12,2580,2580,0,,expired
LSE-005198,PROP-01880,RES-03501,2023-05-04,2024-05-04,12,2645,1322,0,LSE-005197,expired
LSE-005199,PROP-01880,RES-03501,2024-06-07,2025-06-07,12,2810,1405,0,LSE-005198,expired
LSE-005200,PROP-01880,RES-03501,2025-07-07,2027-07-07,24,2895,2895,0,LSE-005199,active
LSE-005201,PROP-01881,RES-03502,2023-05-12,2025-05-12,24,2620,2620,1,,expired
LSE-005202,PROP-01881,RES-03502,2025-07-13,2027-07-13,24,2810,2810,0,LSE-005201,active
LSE-005203,PROP-01882,RES-03503,2021-12-07,2022-12-07,12,2615,2615,0,,expired
LSE-005204,PROP-01882,RES-03504,2022-12-13,2024-12-13,24,2545,1272,0,,expired
LSE-005205,PROP-01882,RES-03504,2024-12-25,2025-12-25,12,2590,2590,0,LSE-005204,expired
LSE-005206,PROP-01882,RES-03505,2026-02-19,2027-02-19,12,2845,1422,0,,active
LSE-005207,PROP-01883,RES-03506,2022-08-24,2024-02-24,18,2695,2695,0,,expired
LSE-005208,PROP-01883,RES-03506,2024-04-30,2025-04-30,12,2830,2830,0,LSE-005207,expired
LSE-005209,PROP-01883,RES-03507,2025-06-01,2026-06-01,12,2965,2965,1,,expired
LSE-005210,PROP-01883,RES-03508,2026-06-18,2028-06-18,24,3075,3075,0,,active
LSE-005211,PROP-01884,RES-03509,2023-07-20,2024-07-20,12,2320,2320,0,,expired
LSE-005212,PROP-01884,RES-03509,2024-08-08,2026-02-08,18,2485,2485,0,LSE-005211,expired
LSE-005213,PROP-01884,RES-03509,2026-03-15,2027-09-15,18,2595,1297,0,LSE-005212,active
LSE-005214,PROP-01885,RES-03510,2021-12-12,2022-12-12,12,2685,2685,0,,expired
LSE-005215,PROP-01885,RES-03510,2023-01-01,2024-01-01,12,2820,1410,0,LSE-005214,expired
LSE-005216,PROP-01885,RES-03510,2024-02-10,2025-02-10,12,2885,2885,0,LSE-005215,expired
LSE-005217,PROP-01885,RES-03510,2025-03-14,2027-03-14,24,2990,1495,0,LSE-005216,active
LSE-005218,PROP-01886,RES-03511,2023-07-07,2024-07-07,12,1805,1805,0,,expired
LSE-005219,PROP-01886,RES-03512,2024-07-17,2025-07-17,12,1930,1930,0,,expired
LSE-005220,PROP-01886,RES-03512,2025-08-18,2026-08-18,12,2020,2020,0,LSE-005219,expired
LSE-005221,PROP-01886,RES-03512,2026-09-12,2027-09-12,12,2075,2075,0,LSE-005220,active
LSE-005222,PROP-01887,RES-03513,2023-03-03,2024-03-03,12,1840,920,0,,expired
LSE-005223,PROP-01887,RES-03514,2024-04-03,2026-04-03,24,2015,2015,0,,expired
LSE-005224,PROP-01887,RES-03514,2026-06-03,2027-06-03,12,2035,2035,1,LSE-005223,active
LSE-005225,PROP-01888,RES-03515,2024-03-24,2025-09-24,18,1965,1965,0,,expired
LSE-005226,PROP-01888,RES-03516,2025-11-05,2027-11-05,24,1965,1965,0,,active
LSE-005227,PROP-01889,RES-03517,2022-03-14,2023-09-14,18,1880,1880,0,,expired
LSE-005228,PROP-01889,RES-03518,2023-10-16,2025-10-16,24,1895,947,1,,expired
LSE-005229,PROP-01889,RES-03518,2025-10-31,2026-10-31,12,1975,1975,0,LSE-005228,active
LSE-005230,PROP-01890,RES-03519,2023-03-11,2024-03-11,12,1810,1810,0,,expired
LSE-005231,PROP-01890,RES-03519,2024-03-23,2026-03-23,24,1885,1885,1,LSE-005230,expired
LSE-005232,PROP-01890,RES-03520,2026-04-20,2027-04-20,12,1965,982,0,,active
LSE-005233,PROP-01891,RES-03521,2023-03-18,2024-03-18,12,1925,962,1,,expired
LSE-005234,PROP-01891,RES-03521,2024-06-01,2026-06-01,24,2005,2005,0,LSE-005233,expired
LSE-005235,PROP-01891,RES-03521,2026-06-28,2028-06-28,24,2110,2110,0,LSE-005234,active
LSE-005236,PROP-01892,RES-03522,2023-07-05,2025-07-05,24,1835,1835,0,,expired
LSE-005237,PROP-01892,RES-03522,2025-09-03,2026-09-03,12,1895,1895,0,LSE-005236,expired
LSE-005238,PROP-01892,RES-03522,2026-09-19,2027-09-19,12,2050,1025,0,LSE-005237,active
LSE-005239,PROP-01893,RES-03523,2023-05-08,2024-11-08,18,1825,1825,0,,expired
LSE-005240,PROP-01893,RES-03524,2024-12-05,2025-12-05,12,1935,1935,1,,expired
LSE-005241,PROP-01893,RES-03524,2025-12-16,2027-12-16,24,2010,1005,0,LSE-005240,active
LSE-005242,PROP-01894,RES-03525,2024-01-17,2025-07-17,18,1840,920,0,,expired
LSE-005243,PROP-01894,RES-03525,2025-08-31,2027-08-31,24,2055,2055,0,LSE-005242,active
LSE-005244,PROP-01895,RES-03526,2024-03-31,2026-03-31,24,1895,1895,0,,expired
LSE-005245,PROP-01895,RES-03527,2026-05-03,2027-11-03,18,2070,2070,0,,active
LSE-005246,PROP-01896,RES-03528,2024-09-07,2025-09-07,12,1895,947,0,,expired
LSE-005247,PROP-01896,RES-03528,2025-10-05,2026-10-05,12,1965,982,0,LSE-005246,active
LSE-005248,PROP-01897,RES-03529,2023-08-12,2024-08-12,12,1915,957,1,,expired
LSE-005249,PROP-01897,RES-03530,2024-08-23,2025-08-23,12,1975,1975,0,,expired
LSE-005250,PROP-01897,RES-03530,2025-10-22,2027-10-22,24,2065,2065,0,LSE-005249,active
LSE-005251,PROP-01898,RES-03531,2023-12-15,2025-06-15,18,1815,907,0,,expired
LSE-005252,PROP-01898,RES-03531,2025-08-03,2027-08-03,24,1990,1990,1,LSE-005251,active
LSE-005253,PROP-01899,RES-03532,2022-03-15,2023-09-15,18,1820,910,1,,expired
LSE-005254,PROP-01899,RES-03533,2023-09-25,2025-03-25,18,1905,1905,0,,expired
LSE-005255,PROP-01899,RES-03533,2025-05-10,2026-05-10,12,1985,992,0,LSE-005254,expired
LSE-005256,PROP-01899,RES-03534,2026-06-06,2027-06-06,12,2040,1020,0,,active
LSE-005257,PROP-01900,RES-03535,2025-02-17,2027-02-17,24,2040,2040,0,,active
LSE-005258,PROP-01901,RES-03536,2023-07-07,2024-07-07,12,1845,1845,1,,expired
LSE-005259,PROP-01901,RES-03537,2024-09-06,2025-09-06,12,1975,1975,0,,expired
LSE-005260,PROP-01901,RES-03538,2025-09-18,2027-09-18,24,2030,2030,0,,active
LSE-005261,PROP-01902,RES-03539,2024-10-11,2025-10-11,12,1980,990,0,,expired
LSE-005262,PROP-01902,RES-03540,2025-11-19,2027-11-19,24,1970,1970,0,,active
LSE-005263,PROP-01903,RES-03541,2024-08-31,2025-08-31,12,1985,1985,0,,expired
LSE-005264,PROP-01903,RES-03542,2025-10-23,2027-10-23,24,2015,2015,0,,active
LSE-005265,PROP-01904,RES-03543,2022-11-03,2024-11-03,24,1905,1905,0,,expired
LSE-005266,PROP-01904,RES-03544,2024-12-14,2026-12-14,24,1950,1950,0,,active
LSE-005267,PROP-01905,RES-03545,2024-03-06,2026-03-06,24,1910,1910,0,,expired
LSE-005268,PROP-01905,RES-03546,2026-05-10,2028-05-10,24,2055,2055,0,,active
LSE-005269,PROP-01906,RES-03547,2022-12-27,2023-12-27,12,1875,1875,0,,expired
LSE-005270,PROP-01906,RES-03548,2024-01-13,2026-01-13,24,1895,1895,0,,expired
LSE-005271,PROP-01906,RES-03548,2026-03-28,2027-03-28,12,1960,980,0,LSE-005270,active
LSE-005272,PROP-01907,RES-03549,2023-07-12,2025-07-12,24,1865,1865,0,,expired
LSE-005273,PROP-01907,RES-03549,2025-07-30,2026-07-30,12,1970,1970,0,LSE-005272,expired
LSE-005274,PROP-01907,RES-03550,2026-09-05,2027-09-05,12,2030,1015,1,,active
LSE-005275,PROP-01908,RES-03551,2023-10-07,2024-10-07,12,1915,1915,0,,expired
LSE-005276,PROP-01908,RES-03552,2024-11-06,2025-11-06,12,1975,1975,1,,expired
LSE-005277,PROP-01908,RES-03552,2025-12-26,2026-12-26,12,2010,2010,0,LSE-005276,active
LSE-005278,PROP-01909,RES-03553,2023-08-14,2025-08-14,24,1870,935,0,,expired
LSE-005279,PROP-01909,RES-03554,2025-09-22,2027-09-22,24,2040,1020,1,,active
LSE-005280,PROP-01910,RES-03555,2022-10-03,2024-10-03,24,1860,1860,0,,expired
LSE-005281,PROP-01910,RES-03556,2024-10-08,2025-10-08,12,1855,1855,0,,expired
LSE-005282,PROP-01910,RES-03557,2025-10-15,2027-10-15,24,2010,1005,0,,active
LSE-005283,PROP-01911,RES-03558,2023-12-21,2024-12-21,12,1845,922,0,,expired
LSE-005284,PROP-01911,RES-03558,2025-02-26,2026-02-26,12,1920,1920,0,LSE-005283,expired
LSE-005285,PROP-01911,RES-03559,2026-05-11,2028-05-11,24,2125,2125,0,,active
LSE-005286,PROP-01912,RES-03560,2024-01-16,2026-01-16,24,1915,1915,0,,expired
LSE-005287,PROP-01912,RES-03561,2026-03-21,2027-03-21,12,2065,2065,0,,active
LSE-005288,PROP-01913,RES-03562,2022-05-07,2023-05-07,12,1995,997,1,,expired
LSE-005289,PROP-01913,RES-03563,2023-06-02,2024-06-02,12,1895,1895,0,,expired
LSE-005290,PROP-01913,RES-03563,2024-07-15,2026-07-15,24,2080,2080,1,LSE-005289,expired
LSE-005291,PROP-01913,RES-03563,2026-08-14,2028-08-14,24,2160,1080,0,LSE-005290,active
LSE-005292,PROP-01914,RES-03564,2023-07-04,2024-07-04,12,1815,1815,0,,expired
LSE-005293,PROP-01914,RES-03564,2024-08-11,2026-08-11,24,1955,977,0,LSE-005292,expired
LSE-005294,PROP-01914,RES-03564,2026-09-18,2028-09-18,24,2025,1012,0,LSE-005293,active
LSE-005295,PROP-01915,RES-03565,2022-05-12,2023-11-12,18,1820,910,0,,expired
LSE-005296,PROP-01915,RES-03565,2023-11-20,2024-11-20,12,1910,955,0,LSE-005295,expired
LSE-005297,PROP-01915,RES-03566,2024-12-22,2026-12-22,24,1885,1885,0,,active
LSE-005298,PROP-01916,RES-03567,2023-05-16,2024-05-16,12,1910,1910,0,,expired
LSE-005299,PROP-01916,RES-03567,2024-07-01,2026-07-01,24,1940,1940,1,LSE-005298,expired
LSE-005300,PROP-01916,RES-03567,2026-09-13,2027-09-13,12,2015,2015,0,LSE-005299,active
LSE-005301,PROP-01917,RES-03568,2022-06-20,2023-06-20,12,1845,1845,0,,expired
LSE-005302,PROP-01917,RES-03569,2023-07-07,2025-07-07,24,1895,1895,0,,expired
LSE-005303,PROP-01917,RES-03569,2025-07-25,2027-07-25,24,2005,2005,0,LSE-005302,active
LSE-005304,PROP-01918,RES-03570,2023-07-25,2024-07-25,12,1800,1800,0,,expired
LSE-005305,PROP-01918,RES-03571,2024-09-25,2025-09-25,12,1900,1900,0,,expired
LSE-005306,PROP-01918,RES-03571,2025-10-07,2027-10-07,24,1925,1925,0,LSE-005305,active
LSE-005307,PROP-01919,RES-03572,2022-08-24,2024-08-24,24,1900,950,0,,expired
LSE-005308,PROP-01919,RES-03573,2024-09-15,2025-09-15,12,1945,972,0,,expired
LSE-005309,PROP-01919,RES-03573,2025-11-16,2027-11-16,24,2040,2040,0,LSE-005308,active
LSE-005310,PROP-01920,RES-03574,2022-04-26,2023-04-26,12,1935,967,0,,expired
LSE-005311,PROP-01920,RES-03574,2023-05-17,2024-11-17,18,2020,1010,0,LSE-005310,expired
LSE-005312,PROP-01920,RES-03575,2024-12-14,2026-12-14,24,1890,1890,0,,active
LSE-005313,PROP-01921,RES-03576,2021-10-25,2022-10-25,12,1900,1900,0,,expired
LSE-005314,PROP-01921,RES-03576,2023-01-03,2024-01-03,12,1965,982,1,LSE-005313,expired
LSE-005315,PROP-01921,RES-03577,2024-03-09,2025-03-09,12,1935,967,0,,expired
LSE-005316,PROP-01921,RES-03578,2025-05-17,2027-05-17,24,2000,2000,0,,active
LSE-005317,PROP-01922,RES-03579,2023-11-28,2025-11-28,24,1850,925,0,,expired
LSE-005318,PROP-01922,RES-03579,2025-12-04,2027-12-04,24,1890,1890,0,LSE-005317,active
LSE-005319,PROP-01923,RES-03580,2024-02-09,2026-02-09,24,1935,967,0,,expired
LSE-005320,PROP-01923,RES-03581,2026-04-25,2027-04-25,12,2075,1037,0,,active
LSE-005321,PROP-01924,RES-03582,2024-03-24,2025-03-24,12,1860,1860,0,,expired
LSE-005322,PROP-01924,RES-03583,2025-04-09,2027-04-09,24,1985,1985,0,,active
LSE-005323,PROP-01925,RES-03584,2022-03-16,2024-03-16,24,1865,932,0,,expired
LSE-005324,PROP-01925,RES-03584,2024-05-15,2026-05-15,24,1980,1980,0,LSE-005323,expired
LSE-005325,PROP-01925,RES-03584,2026-06-08,2027-06-08,12,2065,2065,0,LSE-005324,active
LSE-005326,PROP-01926,RES-03585,2023-06-16,2024-12-16,18,1940,1940,1,,expired
LSE-005327,PROP-01926,RES-03585,2025-02-20,2026-02-20,12,2015,2015,0,LSE-005326,expired
LSE-005328,PROP-01926,RES-03586,2026-03-11,2027-09-11,18,1980,1980,0,,active
LSE-005329,PROP-01927,RES-03587,2024-01-10,2026-01-10,24,1870,1870,0,,expired
LSE-005330,PROP-01927,RES-03588,2026-02-20,2027-02-20,12,1970,1970,0,,active
LSE-005331,PROP-01928,RES-03589,2022-10-16,2024-10-16,24,1805,902,0,,expired
LSE-005332,PROP-01928,RES-03590,2024-11-13,2025-11-13,12,1875,1875,0,,expired
LSE-005333,PROP-01928,RES-03590,2025-11-22,2027-11-22,24,1960,1960,0,LSE-005332,active
LSE-005334,PROP-01929,RES-03591,2022-06-12,2023-12-12,18,1920,1920,0,,expired
LSE-005335,PROP-01929,RES-03591,2024-01-19,2025-01-19,12,1970,985,0,LSE-005334,expired
LSE-005336,PROP-01929,RES-03592,2025-03-12,2027-03-12,24,2010,2010,0,,active
LSE-005337,PROP-01930,RES-03593,2024-03-07,2025-03-07,12,1865,932,1,,expired
LSE-005338,PROP-01930,RES-03594,2025-04-05,2026-04-05,12,1995,997,0,,expired
LSE-005339,PROP-01930,RES-03594,2026-04-28,2027-04-28,12,2090,2090,0,LSE-005338,active
LSE-005340,PROP-01931,RES-03595,2022-04-23,2023-04-23,12,2180,2180,0,,expired
LSE-005341,PROP-01931,RES-03596,2023-06-28,2025-06-28,24,2290,2290,1,,expired
LSE-005342,PROP-01931,RES-03597,2025-07-04,2026-07-04,12,2450,2450,0,,expired
LSE-005343,PROP-01931,RES-03598,2026-07-13,2028-07-13,24,2495,1247,0,,active
LSE-005344,PROP-01932,RES-03599,2022-02-25,2023-08-25,18,2485,2485,0,,terminated-early
LSE-005345,PROP-01932,RES-03600,2023-10-25,2024-10-25,12,2550,2550,0,,expired
LSE-005346,PROP-01932,RES-03600,2024-11-25,2026-11-25,24,2580,2580,0,LSE-005345,active
LSE-005347,PROP-01933,RES-03601,2023-02-15,2025-02-15,24,2250,1125,0,,expired
LSE-005348,PROP-01933,RES-03602,2025-03-09,2026-03-09,12,2440,2440,0,,expired
LSE-005349,PROP-01933,RES-03603,2026-05-18,2027-11-18,18,2580,2580,0,,active
LSE-005350,PROP-01934,RES-03604,2022-06-04,2023-12-04,18,2495,2495,0,,expired
LSE-005351,PROP-01934,RES-03605,2023-12-23,2025-12-23,24,2520,2520,0,,expired
LSE-005352,PROP-01934,RES-03605,2026-01-07,2027-01-07,12,2635,2635,0,LSE-005351,active
LSE-005353,PROP-01935,RES-03606,2023-05-02,2025-05-02,24,2475,1237,0,,expired
LSE-005354,PROP-01935,RES-03607,2025-07-10,2026-07-10,12,2855,2855,0,,expired
LSE-005355,PROP-01935,RES-03608,2026-08-25,2028-08-25,24,2880,2880,0,,active
LSE-005356,PROP-01936,RES-03609,2025-03-02,2027-03-02,24,2375,2375,1,,active
LSE-005357,PROP-01937,RES-03610,2022-10-28,2024-04-28,18,2475,2475,0,,expired
LSE-005358,PROP-01937,RES-03610,2024-05-28,2025-05-28,12,2565,2565,0,LSE-005357,expired
LSE-005359,PROP-01937,RES-03610,2025-07-04,2026-07-04,12,2680,2680,0,LSE-005358,expired
LSE-005360,PROP-01937,RES-03610,2026-07-30,2028-01-30,18,2730,2730,0,LSE-005359,active
LSE-005361,PROP-01938,RES-03611,2022-05-22,2024-05-22,24,2415,1207,0,,expired
LSE-005362,PROP-01938,RES-03612,2024-06-11,2025-06-11,12,2735,2735,0,,expired
LSE-005363,PROP-01938,RES-03612,2025-07-02,2027-07-02,24,2830,2830,0,LSE-005362,active
LSE-005364,PROP-01939,RES-03613,2021-10-20,2023-10-20,24,2475,1237,0,,expired
LSE-005365,PROP-01939,RES-03613,2023-12-30,2025-12-30,24,2530,2530,0,LSE-005364,expired
LSE-005366,PROP-01939,RES-03614,2026-03-02,2028-03-02,24,2800,1400,0,,active
LSE-005367,PROP-01940,RES-03615,2022-09-23,2024-09-23,24,2565,2565,0,,expired
LSE-005368,PROP-01940,RES-03616,2024-10-31,2025-10-31,12,2715,2715,0,,expired
LSE-005369,PROP-01940,RES-03616,2025-12-18,2026-12-18,12,2750,2750,0,LSE-005368,active
LSE-005370,PROP-01941,RES-03617,2022-03-04,2024-03-04,24,2575,2575,1,,expired
LSE-005371,PROP-01941,RES-03618,2024-05-17,2025-11-17,18,2725,2725,1,,expired
LSE-005372,PROP-01941,RES-03618,2025-12-19,2027-12-19,24,2820,1410,0,LSE-005371,active
LSE-005373,PROP-01942,RES-03619,2024-07-04,2026-01-04,18,2335,2335,0,,expired
LSE-005374,PROP-01942,RES-03619,2026-02-04,2027-02-04,12,2430,2430,0,LSE-005373,active
LSE-005375,PROP-01943,RES-03620,2024-11-12,2026-11-12,24,2280,2280,0,,active
LSE-005376,PROP-01944,RES-03621,2023-11-07,2025-11-07,24,2430,1215,0,,expired
LSE-005377,PROP-01944,RES-03621,2025-12-26,2027-12-26,24,2625,1312,0,LSE-005376,active
LSE-005378,PROP-01945,RES-03622,2024-03-29,2026-03-29,24,2345,2345,0,,expired
LSE-005379,PROP-01945,RES-03623,2026-04-27,2028-04-27,24,2505,2505,0,,active
LSE-005380,PROP-01946,RES-03624,2024-12-15,2026-12-15,24,2285,2285,0,,active
LSE-005381,PROP-01947,RES-03625,2022-10-24,2024-10-24,24,2275,1137,0,,expired
LSE-005382,PROP-01947,RES-03626,2025-01-01,2026-01-01,12,2290,2290,0,,expired
LSE-005383,PROP-01947,RES-03626,2026-02-09,2027-08-09,18,2375,2375,0,LSE-005382,active
LSE-005384,PROP-01948,RES-03627,2023-07-20,2025-07-20,24,2225,1112,0,,expired
LSE-005385,PROP-01948,RES-03627,2025-09-21,2027-09-21,24,2300,2300,0,LSE-005384,active
LSE-005386,PROP-01949,RES-03628,2022-08-08,2023-08-08,12,2270,2270,0,,expired
LSE-005387,PROP-01949,RES-03628,2023-08-27,2025-08-27,24,2315,2315,0,LSE-005386,expired
LSE-005388,PROP-01949,RES-03628,2025-10-21,2026-10-21,12,2405,2405,0,LSE-005387,active
LSE-005389,PROP-01950,RES-03629,2023-05-09,2025-05-09,24,2550,1275,1,,expired
LSE-005390,PROP-01950,RES-03630,2025-06-07,2026-06-07,12,2860,2860,0,,expired
LSE-005391,PROP-01950,RES-03631,2026-07-31,2027-07-31,12,2785,2785,0,,active
LSE-005392,PROP-01951,RES-03632,2022-11-14,2024-11-14,24,2525,1262,0,,expired
LSE-005393,PROP-01951,RES-03633,2025-01-20,2026-01-20,12,2630,2630,0,,expired
LSE-005394,PROP-01951,RES-03634,2026-03-05,2027-03-05,12,2800,1400,0,,active
LSE-005395,PROP-01952,RES-03635,2023-11-21,2025-11-21,24,2440,1220,1,,expired
LSE-005396,PROP-01952,RES-03635,2026-01-23,2027-01-23,12,2525,2525,0,LSE-005395,active
LSE-005397,PROP-01953,RES-03636,2022-03-15,2023-09-15,18,2280,2280,0,,expired
LSE-005398,PROP-01953,RES-03636,2023-11-14,2025-11-14,24,2315,2315,0,LSE-005397,expired
LSE-005399,PROP-01953,RES-03636,2026-01-22,2028-01-22,24,2430,2430,1,LSE-005398,active
LSE-005400,PROP-01954,RES-03637,2023-01-14,2025-01-14,24,2445,2445,0,,expired
LSE-005401,PROP-01954,RES-03637,2025-01-21,2026-01-21,12,2530,2530,1,LSE-005400,expired
LSE-005402,PROP-01954,RES-03638,2026-02-26,2027-02-26,12,2765,2765,0,,active
LSE-005403,PROP-01955,RES-03639,2022-03-10,2024-03-10,24,2455,2455,0,,expired
LSE-005404,PROP-01955,RES-03639,2024-04-12,2025-10-12,18,2525,1262,0,LSE-005403,expired
LSE-005405,PROP-01955,RES-03640,2025-12-09,2027-12-09,24,2565,2565,0,,active
LSE-005406,PROP-01956,RES-03641,2024-03-25,2025-03-25,12,2325,2325,0,,expired
LSE-005407,PROP-01956,RES-03641,2025-05-04,2026-05-04,12,2505,2505,0,LSE-005406,expired
LSE-005408,PROP-01956,RES-03641,2026-06-13,2027-06-13,12,2545,2545,0,LSE-005407,active
LSE-005409,PROP-01957,RES-03642,2024-10-15,2025-10-15,12,2285,1142,0,,expired
LSE-005410,PROP-01957,RES-03643,2025-11-20,2026-11-20,12,2250,2250,0,,active
LSE-005411,PROP-01958,RES-03644,2023-09-03,2024-09-03,12,2255,2255,0,,expired
LSE-005412,PROP-01958,RES-03644,2024-09-22,2025-09-22,12,2315,1157,1,LSE-005411,expired
LSE-005413,PROP-01958,RES-03644,2025-11-12,2026-11-12,12,2360,2360,0,LSE-005412,active
LSE-005414,PROP-01959,RES-03645,2023-06-18,2025-06-18,24,2190,2190,0,,expired
LSE-005415,PROP-01959,RES-03645,2025-06-23,2027-06-23,24,2385,2385,0,LSE-005414,active
LSE-005416,PROP-01960,RES-03646,2023-07-02,2025-01-02,18,2190,2190,0,,expired
LSE-005417,PROP-01960,RES-03646,2025-02-23,2026-08-23,18,2235,2235,0,LSE-005416,expired
LSE-005418,PROP-01961,RES-03647,2023-07-25,2025-01-25,18,2230,2230,0,,expired
LSE-005419,PROP-01961,RES-03648,2025-03-29,2026-03-29,12,2340,2340,0,,expired
LSE-005420,PROP-01961,RES-03648,2026-04-11,2027-04-11,12,2450,2450,0,LSE-005419,active
LSE-005421,PROP-01962,RES-03649,2023-02-13,2024-02-13,12,2260,1130,0,,expired
LSE-005422,PROP-01962,RES-03650,2024-03-15,2026-03-15,24,2250,1125,0,,expired
LSE-005423,PROP-01962,RES-03650,2026-03-24,2027-09-24,18,2300,2300,0,LSE-005422,active
LSE-005424,PROP-01963,RES-03651,2021-10-04,2023-10-04,24,2455,2455,1,,expired
LSE-005425,PROP-01963,RES-03652,2023-10-25,2024-10-25,12,2490,2490,0,,expired
LSE-005426,PROP-01963,RES-03652,2024-12-21,2025-12-21,12,2575,1287,0,LSE-005425,expired
LSE-005427,PROP-01963,RES-03653,2026-01-25,2027-01-25,12,2655,2655,1,,active
LSE-005428,PROP-01964,RES-03654,2023-07-03,2025-07-03,24,2210,1105,0,,expired
LSE-005429,PROP-01964,RES-03654,2025-08-06,2027-08-06,24,2320,1160,0,LSE-005428,active
LSE-005430,PROP-01965,RES-03655,2023-06-05,2024-12-05,18,2160,2160,0,,expired
LSE-005431,PROP-01965,RES-03656,2025-01-30,2026-01-30,12,2215,2215,0,,expired
LSE-005432,PROP-01965,RES-03657,2026-04-04,2027-04-04,12,2440,2440,0,,active
LSE-005433,PROP-01966,RES-03658,2023-03-22,2024-03-22,12,2495,2495,1,,expired
LSE-005434,PROP-01966,RES-03658,2024-05-26,2025-05-26,12,2615,2615,1,LSE-005433,terminated-early
LSE-005435,PROP-01966,RES-03659,2025-06-18,2027-06-18,24,2805,1402,0,,active
LSE-005436,PROP-01967,RES-03660,2024-03-09,2025-09-09,18,2235,2235,0,,terminated-early
LSE-005437,PROP-01967,RES-03661,2025-11-23,2026-11-23,12,2350,2350,0,,active
LSE-005438,PROP-01968,RES-03662,2024-01-13,2025-01-13,12,2455,2455,0,,expired
LSE-005439,PROP-01968,RES-03662,2025-02-10,2026-08-10,18,2550,2550,0,LSE-005438,expired
LSE-005440,PROP-01968,RES-03663,2026-08-19,2027-08-19,12,2800,2800,1,,active
LSE-005441,PROP-01969,RES-03664,2023-08-21,2025-08-21,24,2150,1075,0,,expired
LSE-005442,PROP-01969,RES-03664,2025-09-29,2027-09-29,24,2290,2290,0,LSE-005441,active
LSE-005443,PROP-01970,RES-03665,2023-06-04,2024-06-04,12,2395,1197,0,,expired
LSE-005444,PROP-01970,RES-03666,2024-06-29,2025-06-29,12,2690,2690,0,,expired
LSE-005445,PROP-01970,RES-03666,2025-08-26,2027-02-26,18,2820,1410,0,LSE-005444,active
LSE-005446,PROP-01971,RES-03667,2023-10-08,2024-10-08,12,2380,2380,0,,expired
LSE-005447,PROP-01971,RES-03668,2024-11-02,2025-11-02,12,2400,2400,0,,expired
LSE-005448,PROP-01971,RES-03669,2025-12-04,2026-12-04,12,2565,2565,0,,active
LSE-005449,PROP-01972,RES-03670,2022-05-15,2023-05-15,12,2450,1225,0,,expired
LSE-005450,PROP-01972,RES-03670,2023-06-21,2024-12-21,18,2485,1242,0,LSE-005449,expired
LSE-005451,PROP-01972,RES-03670,2024-12-27,2026-06-27,18,2580,2580,0,LSE-005450,expired
LSE-005452,PROP-01972,RES-03671,2026-08-30,2028-08-30,24,2810,1405,0,,active
LSE-005453,PROP-01973,RES-03672,2023-03-27,2025-03-27,24,2500,2500,0,,expired
LSE-005454,PROP-01973,RES-03672,2025-06-06,2027-06-06,24,2540,1270,0,LSE-005453,active
LSE-005455,PROP-01974,RES-03673,2023-06-10,2024-06-10,12,2460,2460,0,,expired
LSE-005456,PROP-01974,RES-03674,2024-08-16,2025-08-16,12,2615,2615,0,,expired
LSE-005457,PROP-01974,RES-03674,2025-08-24,2027-02-24,18,2700,1350,0,LSE-005456,active
LSE-005458,PROP-01975,RES-03675,2022-03-05,2024-03-05,24,2520,2520,0,,expired
LSE-005459,PROP-01975,RES-03675,2024-05-14,2026-05-14,24,2590,2590,0,LSE-005458,expired
LSE-005460,PROP-01975,RES-03675,2026-06-02,2028-06-02,24,2815,1407,0,LSE-005459,active
LSE-005461,PROP-01976,RES-03676,2024-06-25,2025-06-25,12,2640,1320,0,,expired
LSE-005462,PROP-01976,RES-03677,2025-08-21,2027-02-21,18,2725,2725,0,,active
LSE-005463,PROP-01977,RES-03678,2022-02-12,2024-02-12,24,2520,2520,0,,expired
LSE-005464,PROP-01977,RES-03678,2024-03-04,2025-03-04,12,2605,2605,0,LSE-005463,terminated-early
LSE-005465,PROP-01977,RES-03679,2025-05-17,2027-05-17,24,2745,2745,0,,active
LSE-005466,PROP-01978,RES-03680,2024-08-21,2025-08-21,12,2620,2620,0,,expired
LSE-005467,PROP-01978,RES-03680,2025-09-28,2026-09-28,12,2680,2680,0,LSE-005466,expired
LSE-005468,PROP-01979,RES-03681,2024-05-21,2025-05-21,12,2375,2375,0,,expired
LSE-005469,PROP-01979,RES-03681,2025-06-28,2026-06-28,12,2495,2495,0,LSE-005468,expired
LSE-005470,PROP-01979,RES-03681,2026-07-14,2028-07-14,24,2600,2600,0,LSE-005469,active
LSE-005471,PROP-01980,RES-03682,2023-07-13,2025-07-13,24,2420,2420,1,,expired
LSE-005472,PROP-01980,RES-03682,2025-09-12,2026-09-12,12,2525,2525,1,LSE-005471,expired
LSE-005473,PROP-01981,RES-03683,2023-05-28,2024-05-28,12,2445,2445,0,,expired
LSE-005474,PROP-01981,RES-03683,2024-07-16,2026-01-16,18,2625,2625,0,LSE-005473,expired
LSE-005475,PROP-01981,RES-03684,2026-03-12,2027-03-12,12,2665,2665,0,,active
LSE-005476,PROP-01982,RES-03685,2023-05-23,2025-05-23,24,2105,2105,0,,expired
LSE-005477,PROP-01982,RES-03686,2025-07-22,2026-07-22,12,2360,2360,0,,expired
LSE-005478,PROP-01982,RES-03686,2026-08-19,2027-08-19,12,2450,1225,0,LSE-005477,active
LSE-005479,PROP-01983,RES-03687,2023-08-20,2025-02-20,18,2445,2445,0,,expired
LSE-005480,PROP-01983,RES-03688,2025-04-10,2027-04-10,24,2575,2575,1,,active
LSE-005481,PROP-01984,RES-03689,2022-08-28,2023-08-28,12,2210,1105,0,,expired
LSE-005482,PROP-01984,RES-03690,2023-09-30,2025-09-30,24,2175,2175,0,,expired
LSE-005483,PROP-01984,RES-03690,2025-10-21,2026-10-21,12,2300,2300,0,LSE-005482,active
LSE-005484,PROP-01985,RES-03691,2024-02-07,2025-08-07,18,2225,2225,1,,expired
LSE-005485,PROP-01985,RES-03691,2025-09-09,2027-03-09,18,2280,1140,0,LSE-005484,active
LSE-005486,PROP-01986,RES-03692,2023-08-05,2024-08-05,12,2455,2455,0,,expired
LSE-005487,PROP-01986,RES-03692,2024-09-12,2026-09-12,24,2610,1305,0,LSE-005486,expired
LSE-005488,PROP-01986,RES-03693,2026-09-19,2027-09-19,12,2825,2825,0,,active
LSE-005489,PROP-01987,RES-03694,2022-08-03,2024-02-03,18,2430,2430,0,,expired
LSE-005490,PROP-01987,RES-03694,2024-03-11,2025-03-11,12,2465,1232,0,LSE-005489,expired
LSE-005491,PROP-01987,RES-03694,2025-04-01,2026-04-01,12,2630,1315,0,LSE-005490,expired
LSE-005492,PROP-01987,RES-03695,2026-04-07,2027-04-07,12,2675,2675,1,,active
LSE-005493,PROP-01988,RES-03696,2023-09-17,2024-09-17,12,2225,2225,0,,expired
LSE-005494,PROP-01988,RES-03696,2024-11-03,2025-11-03,12,2275,1137,0,LSE-005493,expired
LSE-005495,PROP-01988,RES-03696,2025-11-25,2027-11-25,24,2340,2340,0,LSE-005494,active
LSE-005496,PROP-01989,RES-03697,2024-02-03,2026-02-03,24,2550,1275,1,,expired
LSE-005497,PROP-01989,RES-03698,2026-03-03,2028-03-03,24,2735,2735,0,,active
LSE-005498,PROP-01990,RES-03699,2023-07-09,2025-07-09,24,2530,2530,0,,expired
LSE-005499,PROP-01990,RES-03700,2025-09-02,2027-09-02,24,2675,2675,0,,active
LSE-005500,PROP-01991,RES-03701,2023-07-23,2024-07-23,12,2495,2495,0,,expired
LSE-005501,PROP-01991,RES-03701,2024-08-17,2025-08-17,12,2540,1270,0,LSE-005500,expired
LSE-005502,PROP-01991,RES-03702,2025-10-27,2027-10-27,24,2670,2670,0,,active
LSE-005503,PROP-01992,RES-03703,2022-04-26,2024-04-26,24,2215,1107,0,,expired
LSE-005504,PROP-01992,RES-03703,2024-05-24,2025-05-24,12,2310,2310,0,LSE-005503,expired
LSE-005505,PROP-01992,RES-03704,2025-06-03,2027-06-03,24,2330,2330,0,,active
LSE-005506,PROP-01993,RES-03705,2024-12-02,2026-12-02,24,2400,2400,0,,active
LSE-005507,PROP-01994,RES-03706,2021-12-13,2023-12-13,24,2195,2195,0,,expired
LSE-005508,PROP-01994,RES-03706,2024-02-23,2025-02-23,12,2285,1142,1,LSE-005507,expired
LSE-005509,PROP-01994,RES-03707,2025-05-05,2026-05-05,12,2415,2415,0,,expired
LSE-005510,PROP-01994,RES-03707,2026-05-19,2027-05-19,12,2445,2445,0,LSE-005509,active
LSE-005511,PROP-01995,RES-03708,2023-07-17,2024-07-17,12,2220,2220,0,,expired
LSE-005512,PROP-01995,RES-03709,2024-09-27,2025-09-27,12,2295,2295,1,,evicted
LSE-005513,PROP-01995,RES-03710,2025-12-03,2026-12-03,12,2340,2340,0,,active
LSE-005514,PROP-01996,RES-03711,2023-03-09,2024-03-09,12,2140,2140,0,,expired
LSE-005515,PROP-01996,RES-03711,2024-03-23,2026-03-23,24,2250,2250,0,LSE-005514,expired
LSE-005516,PROP-01996,RES-03712,2026-04-12,2027-10-12,18,2505,2505,1,,active
LSE-005517,PROP-01997,RES-03713,2022-11-09,2023-11-09,12,2450,2450,0,,expired
LSE-005518,PROP-01997,RES-03714,2023-12-02,2025-12-02,24,2455,2455,0,,expired
LSE-005519,PROP-01997,RES-03715,2025-12-31,2026-12-31,12,2590,2590,0,,active
LSE-005520,PROP-01998,RES-03716,2023-12-13,2025-06-13,18,2410,1205,0,,expired
LSE-005521,PROP-01998,RES-03716,2025-06-29,2026-06-29,12,2700,2700,0,LSE-005520,expired
LSE-005522,PROP-01998,RES-03716,2026-08-14,2027-08-14,12,2735,2735,0,LSE-005521,active
LSE-005523,PROP-01999,RES-03717,2023-10-24,2025-04-24,18,2170,1085,0,,expired
LSE-005524,PROP-01999,RES-03718,2025-06-11,2027-06-11,24,2400,2400,0,,active
LSE-005525,PROP-02000,RES-03719,2022-05-12,2023-05-12,12,2450,1225,0,,expired
LSE-005526,PROP-02000,RES-03720,2023-06-25,2025-06-25,24,2520,2520,0,,expired
LSE-005527,PROP-02000,RES-03721,2025-07-29,2026-07-29,12,2745,2745,0,,expired
LSE-005528,PROP-02000,RES-03721,2026-08-08,2028-08-08,24,2855,2855,0,LSE-005527,active
LSE-005529,PROP-02001,RES-03722,2024-07-21,2026-01-21,18,2635,2635,0,,expired
LSE-005530,PROP-02001,RES-03723,2026-01-27,2027-01-27,12,2630,2630,1,,active
LSE-005531,PROP-02002,RES-03724,2023-10-26,2024-10-26,12,2505,2505,0,,expired
LSE-005532,PROP-02002,RES-03724,2024-11-20,2025-11-20,12,2595,2595,0,LSE-005531,expired
LSE-005533,PROP-02002,RES-03724,2026-01-02,2027-01-02,12,2710,2710,1,LSE-005532,active
LSE-005534,PROP-02003,RES-03725,2023-05-28,2025-05-28,24,2130,2130,1,,expired
LSE-005535,PROP-02003,RES-03725,2025-07-07,2027-07-07,24,2385,2385,0,LSE-005534,active
LSE-005536,PROP-02004,RES-03726,2024-03-13,2025-09-13,18,2300,2300,0,,expired
LSE-005537,PROP-02004,RES-03727,2025-10-18,2027-10-18,24,2330,1165,0,,active
LSE-005538,PROP-02005,RES-03728,2024-03-18,2025-09-18,18,2455,2455,0,,expired
LSE-005539,PROP-02005,RES-03729,2025-11-02,2027-05-02,18,2540,2540,0,,active
LSE-005540,PROP-02006,RES-03730,2023-07-27,2024-07-27,12,2350,2350,0,,expired
LSE-005541,PROP-02006,RES-03731,2024-08-24,2025-08-24,12,2460,2460,0,,expired
LSE-005542,PROP-02006,RES-03731,2025-09-27,2027-09-27,24,2545,2545,0,LSE-005541,active
LSE-005543,PROP-02007,RES-03732,2024-05-04,2025-05-04,12,2650,1325,0,,expired
LSE-005544,PROP-02007,RES-03732,2025-05-14,2026-05-14,12,2685,2685,0,LSE-005543,expired
LSE-005545,PROP-02007,RES-03733,2026-07-15,2027-07-15,12,2760,2760,0,,active
LSE-005546,PROP-02008,RES-03734,2024-01-18,2026-01-18,24,2400,2400,1,,expired
LSE-005547,PROP-02008,RES-03734,2026-02-12,2027-02-12,12,2615,2615,0,LSE-005546,active
LSE-005548,PROP-02009,RES-03735,2023-09-15,2024-09-15,12,2150,1075,0,,expired
LSE-005549,PROP-02009,RES-03736,2024-10-09,2025-10-09,12,2290,2290,0,,expired
LSE-005550,PROP-02009,RES-03737,2025-11-22,2027-05-22,18,2225,2225,0,,active
LSE-005551,PROP-02010,RES-03738,2022-05-04,2023-11-04,18,2095,2095,0,,expired
LSE-005552,PROP-02010,RES-03738,2023-11-29,2024-11-29,12,2180,2180,0,LSE-005551,expired
LSE-005553,PROP-02010,RES-03738,2025-02-09,2026-02-09,12,2275,2275,0,LSE-005552,expired
LSE-005554,PROP-02010,RES-03738,2026-02-26,2028-02-26,24,2340,2340,0,LSE-005553,active
LSE-005555,PROP-02011,RES-03739,2024-02-16,2025-08-16,18,2195,1097,0,,expired
LSE-005556,PROP-02011,RES-03739,2025-09-26,2026-09-26,12,2305,1152,1,LSE-005555,evicted
LSE-005557,PROP-02012,RES-03740,2022-12-17,2024-12-17,24,2515,1257,1,,expired
LSE-005558,PROP-02012,RES-03740,2025-01-08,2027-01-08,24,2600,1300,0,LSE-005557,active
LSE-005559,PROP-02013,RES-03741,2022-07-15,2023-07-15,12,2215,1107,0,,expired
LSE-005560,PROP-02013,RES-03742,2023-09-14,2025-03-14,18,2225,1112,0,,expired
LSE-005561,PROP-02013,RES-03742,2025-05-11,2026-11-11,18,2330,2330,0,LSE-005560,active
LSE-005562,PROP-02014,RES-03743,2022-02-27,2023-02-27,12,2235,2235,0,,expired
LSE-005563,PROP-02014,RES-03743,2023-03-14,2025-03-14,24,2260,2260,1,LSE-005562,expired
LSE-005564,PROP-02014,RES-03743,2025-05-17,2027-05-17,24,2295,1147,0,LSE-005563,active
LSE-005565,PROP-02015,RES-03744,2024-09-25,2026-09-25,24,2195,2195,0,,expired
LSE-005566,PROP-02016,RES-03745,2024-03-13,2025-09-13,18,2255,2255,0,,expired
LSE-005567,PROP-02016,RES-03746,2025-10-11,2027-10-11,24,2280,2280,0,,active
LSE-005568,PROP-02017,RES-03747,2023-06-24,2024-06-24,12,2150,2150,0,,expired
LSE-005569,PROP-02017,RES-03748,2024-08-08,2025-08-08,12,2330,2330,0,,expired
LSE-005570,PROP-02017,RES-03749,2025-08-16,2027-08-16,24,2365,2365,0,,active
LSE-005571,PROP-02018,RES-03750,2024-03-25,2025-03-25,12,2505,1252,0,,expired
LSE-005572,PROP-02018,RES-03751,2025-04-06,2026-04-06,12,2705,1352,0,,expired
LSE-005573,PROP-02018,RES-03751,2026-04-13,2028-04-13,24,2785,1392,0,LSE-005572,active
LSE-005574,PROP-02019,RES-03752,2022-08-12,2024-08-12,24,2205,1102,0,,expired
LSE-005575,PROP-02019,RES-03752,2024-08-25,2026-08-25,24,2280,2280,0,LSE-005574,expired
LSE-005576,PROP-02020,RES-03753,2022-05-21,2024-05-21,24,2425,1212,0,,expired
LSE-005577,PROP-02020,RES-03754,2024-06-30,2025-06-30,12,2690,2690,0,,expired
LSE-005578,PROP-02020,RES-03755,2025-08-10,2027-08-10,24,2680,2680,0,,active
LSE-005579,PROP-02021,RES-03756,2025-01-15,2026-01-15,12,2590,2590,0,,expired
LSE-005580,PROP-02021,RES-03756,2026-03-07,2027-03-07,12,2710,2710,0,LSE-005579,active
LSE-005581,PROP-02022,RES-03757,2023-10-27,2024-10-27,12,2420,1210,0,,expired
LSE-005582,PROP-02022,RES-03757,2024-12-27,2025-12-27,12,2520,2520,0,LSE-005581,expired
LSE-005583,PROP-02022,RES-03758,2026-01-07,2027-01-07,12,2515,2515,0,,active
LSE-005584,PROP-02023,RES-03759,2022-12-11,2024-12-11,24,2370,2370,0,,expired
LSE-005585,PROP-02023,RES-03760,2024-12-27,2025-12-27,12,2400,2400,0,,expired
LSE-005586,PROP-02023,RES-03761,2026-02-22,2027-08-22,18,2655,1327,0,,active
LSE-005587,PROP-02024,RES-03762,2023-01-12,2025-01-12,24,1910,955,0,,expired
LSE-005588,PROP-02024,RES-03762,2025-03-07,2027-03-07,24,1980,1980,0,LSE-005587,active
LSE-005589,PROP-02025,RES-03763,2022-05-26,2023-11-26,18,1795,1795,0,,expired
LSE-005590,PROP-02025,RES-03763,2024-02-04,2026-02-04,24,1850,925,0,LSE-005589,expired
LSE-005591,PROP-02025,RES-03763,2026-04-12,2028-04-12,24,2005,2005,0,LSE-005590,active
LSE-005592,PROP-02026,RES-03764,2024-07-16,2026-07-16,24,1825,912,0,,expired
LSE-005593,PROP-02026,RES-03765,2026-08-05,2028-08-05,24,1995,1995,0,,active
LSE-005594,PROP-02027,RES-03766,2022-04-23,2023-04-23,12,1670,1670,0,,expired
LSE-005595,PROP-02027,RES-03766,2023-05-09,2024-05-09,12,1740,870,0,LSE-005594,expired
LSE-005596,PROP-02027,RES-03766,2024-06-05,2025-12-05,18,1810,1810,0,LSE-005595,expired
LSE-005597,PROP-02027,RES-03766,2025-12-29,2027-12-29,24,1840,1840,0,LSE-005596,active
LSE-005598,PROP-02028,RES-03767,2024-04-05,2025-04-05,12,1770,1770,0,,expired
LSE-005599,PROP-02028,RES-03768,2025-04-18,2026-04-18,12,1800,1800,0,,expired
LSE-005600,PROP-02028,RES-03769,2026-06-10,2028-06-10,24,1915,1915,0,,active
LSE-005601,PROP-02029,RES-03770,2021-11-28,2023-11-28,24,1665,1665,1,,expired
LSE-005602,PROP-02029,RES-03770,2024-02-04,2025-08-04,18,1695,1695,0,LSE-005601,expired
LSE-005603,PROP-02029,RES-03770,2025-10-02,2026-10-02,12,1820,1820,0,LSE-005602,active
LSE-005604,PROP-02030,RES-03771,2023-10-26,2025-10-26,24,1730,1730,0,,expired
LSE-005605,PROP-02030,RES-03771,2025-12-05,2026-12-05,12,1765,882,0,LSE-005604,active
LSE-005606,PROP-02031,RES-03772,2023-11-04,2025-11-04,24,1715,1715,0,,expired
LSE-005607,PROP-02031,RES-03773,2025-12-14,2027-12-14,24,1765,1765,0,,active
LSE-005608,PROP-02032,RES-03774,2024-02-28,2026-02-28,24,1920,960,0,,expired
LSE-005609,PROP-02032,RES-03774,2026-03-22,2028-03-22,24,2005,2005,0,LSE-005608,active
LSE-005610,PROP-02033,RES-03775,2023-03-02,2025-03-02,24,1915,957,0,,expired
LSE-005611,PROP-02033,RES-03775,2025-05-06,2026-05-06,12,2090,2090,0,LSE-005610,expired
LSE-005612,PROP-02033,RES-03776,2026-07-12,2027-07-12,12,2180,2180,1,,active
LSE-005613,PROP-02034,RES-03777,2023-10-25,2025-10-25,24,1715,1715,0,,expired
LSE-005614,PROP-02034,RES-03777,2025-12-23,2026-12-23,12,1750,1750,0,LSE-005613,active
LSE-005615,PROP-02035,RES-03778,2023-03-20,2024-03-20,12,1920,960,0,,expired
LSE-005616,PROP-02035,RES-03778,2024-04-09,2026-04-09,24,1975,987,0,LSE-005615,expired
LSE-005617,PROP-02035,RES-03778,2026-05-30,2028-05-30,24,2070,2070,0,LSE-005616,active
LSE-005618,PROP-02036,RES-03779,2025-02-04,2026-08-04,18,2000,2000,0,,expired
LSE-005619,PROP-02036,RES-03780,2026-09-02,2027-09-02,12,2160,2160,0,,active
LSE-005620,PROP-02037,RES-03781,2021-11-10,2023-11-10,24,1910,955,0,,expired
LSE-005621,PROP-02037,RES-03782,2023-11-19,2025-11-19,24,1870,935,0,,expired
LSE-005622,PROP-02037,RES-03783,2025-12-11,2026-12-11,12,2035,1017,0,,active
LSE-005623,PROP-02038,RES-03784,2024-02-03,2025-02-03,12,1670,1670,0,,expired
LSE-005624,PROP-02038,RES-03784,2025-02-13,2026-02-13,12,1730,865,0,LSE-005623,expired
LSE-005625,PROP-02038,RES-03784,2026-03-30,2027-03-30,12,1840,1840,0,LSE-005624,active
LSE-005626,PROP-02039,RES-03785,2022-05-21,2023-05-21,12,1860,1860,1,,expired
LSE-005627,PROP-02039,RES-03785,2023-06-01,2025-06-01,24,1940,1940,0,LSE-005626,expired
LSE-005628,PROP-02039,RES-03786,2025-07-15,2026-07-15,12,2130,2130,0,,expired
LSE-005629,PROP-02039,RES-03786,2026-09-14,2027-09-14,12,2235,2235,0,LSE-005628,active
LSE-005630,PROP-02040,RES-03787,2024-05-18,2025-05-18,12,1850,1850,0,,expired
LSE-005631,PROP-02040,RES-03787,2025-05-27,2026-05-27,12,1890,945,0,LSE-005630,expired
LSE-005632,PROP-02040,RES-03788,2026-07-27,2028-07-27,24,1915,957,0,,active
LSE-005633,PROP-02041,RES-03789,2025-01-23,2026-01-23,12,1950,1950,0,,expired
LSE-005634,PROP-02041,RES-03790,2026-03-10,2028-03-10,24,2060,1030,0,,active
LSE-005635,PROP-02042,RES-03791,2025-01-22,2026-01-22,12,1925,1925,0,,expired
LSE-005636,PROP-02042,RES-03791,2026-03-15,2027-03-15,12,2020,2020,0,LSE-005635,active
LSE-005637,PROP-02043,RES-03792,2024-02-20,2025-08-20,18,1850,925,0,,expired
LSE-005638,PROP-02043,RES-03792,2025-10-14,2027-04-14,18,1985,1985,0,LSE-005637,active
LSE-005639,PROP-02044,RES-03793,2023-06-06,2024-12-06,18,1695,1695,1,,expired
LSE-005640,PROP-02044,RES-03793,2024-12-20,2025-12-20,12,1780,1780,0,LSE-005639,expired
LSE-005641,PROP-02044,RES-03793,2026-02-09,2027-02-09,12,1840,1840,1,LSE-005640,active
LSE-005642,PROP-02045,RES-03794,2023-05-28,2024-05-28,12,1810,1810,0,,expired
LSE-005643,PROP-02045,RES-03794,2024-06-22,2025-06-22,12,1990,995,0,LSE-005642,expired
LSE-005644,PROP-02045,RES-03794,2025-07-13,2027-07-13,24,2065,1032,1,LSE-005643,active
LSE-005645,PROP-02046,RES-03795,2025-01-28,2026-01-28,12,1775,887,0,,expired
LSE-005646,PROP-02046,RES-03795,2026-03-28,2027-03-28,12,1855,927,1,LSE-005645,active
LSE-005647,PROP-02047,RES-03796,2023-01-08,2024-01-08,12,1640,1640,0,,expired
LSE-005648,PROP-02047,RES-03797,2024-01-21,2026-01-21,24,1690,1690,0,,expired
LSE-005649,PROP-02047,RES-03798,2026-03-29,2027-09-29,18,1930,1930,0,,active
LSE-005650,PROP-02048,RES-03799,2022-06-15,2023-06-15,12,1695,847,0,,expired
LSE-005651,PROP-02048,RES-03799,2023-06-30,2025-06-30,24,1770,1770,0,LSE-005650,expired
LSE-005652,PROP-02048,RES-03800,2025-08-17,2026-08-17,12,1830,915,0,,expired
LSE-005653,PROP-02049,RES-03801,2024-02-19,2026-02-19,24,1850,1850,0,,expired
LSE-005654,PROP-02049,RES-03801,2026-04-25,2027-04-25,12,2020,2020,0,LSE-005653,active
LSE-005655,PROP-02050,RES-03802,2023-10-06,2025-10-06,24,1725,1725,0,,expired
LSE-005656,PROP-02050,RES-03802,2025-10-26,2027-10-26,24,1785,892,0,LSE-005655,active
LSE-005657,PROP-02051,RES-03803,2022-04-05,2023-04-05,12,1805,902,0,,expired
LSE-005658,PROP-02051,RES-03804,2023-04-11,2024-04-11,12,1915,957,0,,expired
LSE-005659,PROP-02051,RES-03804,2024-04-28,2025-04-28,12,1965,1965,0,LSE-005658,expired
LSE-005660,PROP-02051,RES-03805,2025-07-12,2027-07-12,24,2075,1037,0,,active
LSE-005661,PROP-02052,RES-03806,2023-06-24,2024-12-24,18,1835,917,0,,expired
LSE-005662,PROP-02052,RES-03806,2024-12-30,2025-12-30,12,1890,945,1,LSE-005661,expired
LSE-005663,PROP-02052,RES-03807,2026-03-13,2028-03-13,24,2115,1057,0,,active
LSE-005664,PROP-02053,RES-03808,2023-03-22,2024-03-22,12,1655,827,0,,expired
LSE-005665,PROP-02053,RES-03809,2024-05-28,2025-11-28,18,1805,902,0,,expired
LSE-005666,PROP-02053,RES-03810,2025-12-12,2027-06-12,18,1840,1840,0,,active
LSE-005667,PROP-02054,RES-03811,2024-01-12,2025-01-12,12,1815,1815,0,,expired
LSE-005668,PROP-02054,RES-03812,2025-03-07,2027-03-07,24,1990,995,0,,active
LSE-005669,PROP-02055,RES-03813,2024-12-16,2026-06-16,18,1935,1935,0,,expired
LSE-005670,PROP-02055,RES-03814,2026-07-31,2028-07-31,24,2175,2175,0,,active
LSE-005671,PROP-02056,RES-03815,2022-04-16,2023-04-16,12,1835,917,0,,expired
LSE-005672,PROP-02056,RES-03816,2023-05-04,2024-05-04,12,1855,1855,0,,expired
LSE-005673,PROP-02056,RES-03817,2024-06-04,2026-06-04,24,2010,2010,0,,expired
LSE-005674,PROP-02056,RES-03817,2026-06-14,2028-06-14,24,2070,2070,0,LSE-005673,active
LSE-005675,PROP-02057,RES-03818,2023-05-01,2024-05-01,12,1915,1915,0,,expired
LSE-005676,PROP-02057,RES-03819,2024-05-29,2025-05-29,12,2030,2030,1,,expired
LSE-005677,PROP-02057,RES-03820,2025-06-03,2026-06-03,12,2155,1077,0,,expired
LSE-005678,PROP-02057,RES-03821,2026-07-03,2028-07-03,24,2225,2225,0,,active
LSE-005679,PROP-02058,RES-03822,2024-01-19,2026-01-19,24,1700,850,1,,expired
LSE-005680,PROP-02058,RES-03822,2026-03-22,2027-03-22,12,1780,1780,0,LSE-005679,active
LSE-005681,PROP-02059,RES-03823,2021-10-02,2022-10-02,12,1870,1870,0,,expired
LSE-005682,PROP-02059,RES-03823,2022-10-11,2023-10-11,12,1920,1920,1,LSE-005681,expired
LSE-005683,PROP-02059,RES-03824,2023-11-30,2024-11-30,12,1890,1890,0,,expired
LSE-005684,PROP-02059,RES-03825,2025-02-10,2026-02-10,12,2005,2005,0,,expired
LSE-005685,PROP-02059,RES-03825,2026-03-25,2027-09-25,18,2100,1050,1,LSE-005684,active
LSE-005686,PROP-02060,RES-03826,2023-08-25,2025-08-25,24,1805,1805,0,,expired
LSE-005687,PROP-02060,RES-03827,2025-10-06,2027-04-06,18,2015,2015,0,,active
LSE-005688,PROP-02061,RES-03828,2022-07-24,2023-07-24,12,1720,1720,0,,expired
LSE-005689,PROP-02061,RES-03828,2023-10-04,2024-10-04,12,1775,887,0,LSE-005688,expired
LSE-005690,PROP-02061,RES-03828,2024-10-23,2025-10-23,12,1855,1855,1,LSE-005689,expired
LSE-005691,PROP-02061,RES-03828,2025-11-20,2027-11-20,24,1915,1915,0,LSE-005690,active
LSE-005692,PROP-02062,RES-03829,2021-10-08,2022-10-08,12,1725,1725,0,,expired
LSE-005693,PROP-02062,RES-03829,2022-10-23,2024-10-23,24,1760,1760,0,LSE-005692,terminated-early
LSE-005694,PROP-02062,RES-03830,2024-11-17,2026-11-17,24,1715,1715,0,,active
LSE-005695,PROP-02063,RES-03831,2023-06-01,2024-06-01,12,1830,1830,0,,expired
LSE-005696,PROP-02063,RES-03832,2024-08-01,2026-02-01,18,1935,1935,0,,expired
LSE-005697,PROP-02063,RES-03832,2026-02-06,2027-08-06,18,1995,997,0,LSE-005696,active
LSE-005698,PROP-02064,RES-03833,2024-05-15,2026-05-15,24,1955,1955,0,,expired
LSE-005699,PROP-02064,RES-03834,2026-06-29,2027-06-29,12,2180,2180,0,,active
LSE-005700,PROP-02065,RES-03835,2022-11-16,2024-11-16,24,1955,977,0,,expired
LSE-005701,PROP-02065,RES-03836,2024-12-12,2026-12-12,24,1905,952,0,,active
LSE-005702,PROP-02066,RES-03837,2023-08-07,2024-08-07,12,1850,1850,0,,expired
LSE-005703,PROP-02066,RES-03838,2024-10-20,2026-10-20,24,1875,1875,0,,active
LSE-005704,PROP-02067,RES-03839,2023-05-01,2024-05-01,12,1650,825,0,,expired
LSE-005705,PROP-02067,RES-03839,2024-05-24,2026-05-24,24,1725,1725,0,LSE-005704,expired
LSE-005706,PROP-02067,RES-03839,2026-07-07,2028-07-07,24,1895,947,0,LSE-005705,active
LSE-005707,PROP-02068,RES-03840,2023-06-09,2025-06-09,24,1840,1840,0,,expired
LSE-005708,PROP-02068,RES-03841,2025-08-06,2026-08-06,12,2070,2070,0,,expired
LSE-005709,PROP-02069,RES-03842,2023-06-18,2025-06-18,24,1690,845,0,,expired
LSE-005710,PROP-02069,RES-03842,2025-06-26,2026-06-26,12,1840,1840,0,LSE-005709,expired
LSE-005711,PROP-02069,RES-03843,2026-07-12,2027-07-12,12,1965,1965,0,,active
LSE-005712,PROP-02070,RES-03844,2023-09-25,2025-09-25,24,1820,910,0,,expired
LSE-005713,PROP-02070,RES-03845,2025-10-30,2027-04-30,18,1960,1960,0,,active
LSE-005714,PROP-02071,RES-03846,2023-10-23,2024-10-23,12,1710,855,0,,expired
LSE-005715,PROP-02071,RES-03846,2024-12-18,2025-12-18,12,1760,1760,0,LSE-005714,expired
LSE-005716,PROP-02071,RES-03847,2026-02-15,2027-02-15,12,1885,1885,0,,active
LSE-005717,PROP-02072,RES-03848,2023-06-30,2024-06-30,12,1865,932,0,,expired
LSE-005718,PROP-02072,RES-03849,2024-08-27,2026-08-27,24,1960,1960,0,,expired
LSE-005719,PROP-02072,RES-03849,2026-09-28,2028-09-28,24,2110,2110,0,LSE-005718,active
LSE-005720,PROP-02073,RES-03850,2023-11-21,2024-11-21,12,1655,827,0,,expired
LSE-005721,PROP-02073,RES-03851,2024-12-08,2026-06-08,18,1720,860,0,,expired
LSE-005722,PROP-02073,RES-03851,2026-08-16,2028-02-16,18,1825,1825,1,LSE-005721,active
LSE-005723,PROP-02074,RES-03852,2021-11-14,2022-11-14,12,1815,1815,0,,expired
LSE-005724,PROP-02074,RES-03853,2022-12-09,2024-12-09,24,1855,1855,0,,expired
LSE-005725,PROP-02074,RES-03853,2025-01-25,2027-01-25,24,1925,1925,1,LSE-005724,active
LSE-005726,PROP-02075,RES-03854,2022-12-19,2024-12-19,24,1675,1675,0,,expired
LSE-005727,PROP-02075,RES-03855,2025-01-21,2027-01-21,24,1730,865,0,,active
LSE-005728,PROP-02076,RES-03856,2022-03-20,2024-03-20,24,1710,1710,0,,expired
LSE-005729,PROP-02076,RES-03857,2024-03-29,2026-03-29,24,1710,1710,0,,expired
LSE-005730,PROP-02076,RES-03857,2026-06-04,2027-06-04,12,1915,957,0,LSE-005729,active
LSE-005731,PROP-02077,RES-03858,2022-02-19,2024-02-19,24,1880,940,0,,expired
LSE-005732,PROP-02077,RES-03858,2024-03-06,2025-03-06,12,1970,985,0,LSE-005731,expired
LSE-005733,PROP-02077,RES-03858,2025-03-21,2026-09-21,18,2055,1027,0,LSE-005732,expired
LSE-005734,PROP-02078,RES-03859,2022-08-03,2024-08-03,24,1905,952,0,,expired
LSE-005735,PROP-02078,RES-03860,2024-08-08,2025-08-08,12,2015,2015,0,,expired
LSE-005736,PROP-02078,RES-03860,2025-09-14,2027-09-14,24,2090,2090,0,LSE-005735,active
LSE-005737,PROP-02079,RES-03861,2022-06-06,2023-06-06,12,2020,2020,0,,expired
LSE-005738,PROP-02079,RES-03861,2023-06-15,2025-06-15,24,2070,2070,0,LSE-005737,expired
LSE-005739,PROP-02079,RES-03862,2025-06-20,2026-06-20,12,2365,1182,0,,expired
LSE-005740,PROP-02079,RES-03863,2026-08-01,2027-08-01,12,2330,2330,0,,active
LSE-005741,PROP-02080,RES-03864,2023-10-04,2025-10-04,24,1850,925,0,,expired
LSE-005742,PROP-02080,RES-03864,2025-11-06,2027-11-06,24,1925,962,0,LSE-005741,active
LSE-005743,PROP-02081,RES-03865,2023-02-12,2025-02-12,24,1865,932,0,,expired
LSE-005744,PROP-02081,RES-03865,2025-02-20,2027-02-20,24,1940,1940,0,LSE-005743,active
LSE-005745,PROP-02082,RES-03866,2022-05-22,2023-05-22,12,1810,1810,0,,expired
LSE-005746,PROP-02082,RES-03866,2023-06-09,2024-06-09,12,1895,947,0,LSE-005745,expired
LSE-005747,PROP-02082,RES-03866,2024-07-02,2025-07-02,12,1950,1950,0,LSE-005746,expired
LSE-005748,PROP-02082,RES-03866,2025-08-14,2026-08-14,12,2075,2075,0,LSE-005747,expired
LSE-005749,PROP-02082,RES-03866,2026-09-10,2028-09-10,24,2105,2105,0,LSE-005748,active
LSE-005750,PROP-02083,RES-03867,2022-05-02,2023-11-02,18,1885,1885,0,,expired
LSE-005751,PROP-02083,RES-03867,2023-11-11,2025-11-11,24,1940,1940,0,LSE-005750,expired
LSE-005752,PROP-02083,RES-03868,2025-11-16,2026-11-16,12,1930,965,0,,active
LSE-005753,PROP-02084,RES-03869,2022-09-14,2023-09-14,12,2020,1010,0,,expired
LSE-005754,PROP-02084,RES-03870,2023-10-31,2024-10-31,12,2095,1047,1,,expired
LSE-005755,PROP-02084,RES-03870,2024-12-13,2026-12-13,24,2135,2135,0,LSE-005754,active
LSE-005756,PROP-02085,RES-03871,2023-09-01,2024-09-01,12,2060,2060,0,,expired
LSE-005757,PROP-02085,RES-03872,2024-09-28,2026-03-28,18,2140,1070,0,,expired
LSE-005758,PROP-02085,RES-03873,2026-04-02,2027-04-02,12,2415,1207,0,,active
LSE-005759,PROP-02086,RES-03874,2023-06-04,2024-12-04,18,2080,2080,0,,expired
LSE-005760,PROP-02086,RES-03875,2024-12-23,2026-12-23,24,2115,2115,0,,active
LSE-005761,PROP-02087,RES-03876,2023-09-19,2024-09-19,12,1840,1840,0,,expired
LSE-005762,PROP-02087,RES-03876,2024-10-26,2026-04-26,18,1910,1910,0,LSE-005761,expired
LSE-005763,PROP-02087,RES-03876,2026-05-21,2028-05-21,24,2055,2055,0,LSE-005762,active
LSE-005764,PROP-02088,RES-03877,2022-06-27,2023-06-27,12,1850,1850,1,,expired
LSE-005765,PROP-02088,RES-03877,2023-07-22,2024-07-22,12,1910,955,1,LSE-005764,expired
LSE-005766,PROP-02088,RES-03877,2024-09-19,2026-09-19,24,1945,972,0,LSE-005765,expired
LSE-005767,PROP-02089,RES-03878,2023-08-07,2024-08-07,12,1910,1910,0,,expired
LSE-005768,PROP-02089,RES-03879,2024-10-20,2026-10-20,24,1970,1970,0,,active
LSE-005769,PROP-02090,RES-03880,2023-10-13,2024-10-13,12,1860,1860,0,,expired
LSE-005770,PROP-02090,RES-03881,2024-12-05,2026-12-05,24,1900,1900,0,,active
LSE-005771,PROP-02091,RES-03882,2024-03-10,2026-03-10,24,2195,2195,0,,expired
LSE-005772,PROP-02091,RES-03882,2026-04-16,2027-04-16,12,2315,2315,1,LSE-005771,active
LSE-005773,PROP-02092,RES-03883,2023-08-01,2025-08-01,24,1835,917,1,,expired
LSE-005774,PROP-02092,RES-03883,2025-09-27,2026-09-27,12,1965,1965,0,LSE-005773,expired
LSE-005775,PROP-02093,RES-03884,2022-06-25,2023-06-25,12,1825,912,0,,expired
LSE-005776,PROP-02093,RES-03885,2023-08-10,2025-08-10,24,1875,937,0,,expired
LSE-005777,PROP-02093,RES-03885,2025-09-02,2027-09-02,24,1950,1950,0,LSE-005776,active
LSE-005778,PROP-02094,RES-03886,2023-10-13,2025-10-13,24,2095,2095,0,,expired
LSE-005779,PROP-02094,RES-03887,2025-11-03,2027-11-03,24,2255,2255,0,,active
LSE-005780,PROP-02095,RES-03888,2023-05-07,2024-05-07,12,1930,1930,0,,expired
LSE-005781,PROP-02095,RES-03889,2024-05-22,2026-05-22,24,2065,2065,0,,expired
LSE-005782,PROP-02095,RES-03890,2026-07-29,2028-07-29,24,2220,2220,0,,active
LSE-005783,PROP-02096,RES-03891,2022-06-10,2023-12-10,18,2015,2015,0,,expired
LSE-005784,PROP-02096,RES-03892,2023-12-31,2024-12-31,12,2095,1047,0,,expired
LSE-005785,PROP-02096,RES-03893,2025-02-20,2026-02-20,12,2145,1072,0,,expired
LSE-005786,PROP-02096,RES-03893,2026-04-07,2028-04-07,24,2250,2250,0,LSE-005785,active
LSE-005787,PROP-02097,RES-03894,2022-03-06,2023-03-06,12,1820,910,0,,expired
LSE-005788,PROP-02097,RES-03895,2023-04-03,2025-04-03,24,1810,1810,0,,expired
LSE-005789,PROP-02097,RES-03895,2025-06-16,2026-06-16,12,2025,2025,1,LSE-005788,expired
LSE-005790,PROP-02097,RES-03895,2026-08-27,2028-08-27,24,2120,1060,0,LSE-005789,active
LSE-005791,PROP-02098,RES-03896,2022-08-25,2024-08-25,24,1840,920,0,,expired
LSE-005792,PROP-02098,RES-03897,2024-09-06,2025-09-06,12,2000,2000,0,,expired
LSE-005793,PROP-02098,RES-03898,2025-11-17,2027-11-17,24,2000,1000,0,,active
LSE-005794,PROP-02099,RES-03899,2022-08-27,2024-08-27,24,2055,2055,0,,expired
LSE-005795,PROP-02099,RES-03900,2024-09-15,2025-09-15,12,2140,1070,0,,expired
LSE-005796,PROP-02099,RES-03900,2025-11-07,2027-11-07,24,2245,1122,1,LSE-005795,active
LSE-005797,PROP-02100,RES-03901,2023-07-02,2024-07-02,12,2080,2080,0,,expired
LSE-005798,PROP-02100,RES-03902,2024-09-15,2025-09-15,12,2165,1082,0,,expired
LSE-005799,PROP-02100,RES-03902,2025-11-25,2026-11-25,12,2275,2275,0,LSE-005798,active
LSE-005800,PROP-02101,RES-03903,2022-06-26,2023-06-26,12,1855,1855,0,,expired
LSE-005801,PROP-02101,RES-03904,2023-08-16,2024-08-16,12,1830,1830,0,,expired
LSE-005802,PROP-02101,RES-03904,2024-10-12,2026-04-12,18,1905,1905,0,LSE-005801,expired
LSE-005803,PROP-02101,RES-03904,2026-06-26,2028-06-26,24,2090,2090,0,LSE-005802,active
LSE-005804,PROP-02102,RES-03905,2022-06-02,2023-06-02,12,1805,902,0,,expired
LSE-005805,PROP-02102,RES-03905,2023-08-15,2024-08-15,12,1835,917,1,LSE-005804,expired
LSE-005806,PROP-02102,RES-03905,2024-08-29,2025-08-29,12,1980,1980,0,LSE-005805,expired
LSE-005807,PROP-02102,RES-03906,2025-09-21,2026-09-21,12,2015,2015,0,,expired
LSE-005808,PROP-02103,RES-03907,2022-04-22,2024-04-22,24,1840,1840,0,,expired
LSE-005809,PROP-02103,RES-03908,2024-05-05,2026-05-05,24,1950,975,0,,expired
LSE-005810,PROP-02103,RES-03909,2026-06-14,2028-06-14,24,2120,2120,1,,active
LSE-005811,PROP-02104,RES-03910,2024-07-22,2026-07-22,24,2190,1095,0,,expired
LSE-005812,PROP-02105,RES-03911,2022-02-13,2023-08-13,18,2080,2080,0,,expired
LSE-005813,PROP-02105,RES-03912,2023-10-04,2025-10-04,24,2120,2120,0,,expired
LSE-005814,PROP-02105,RES-03913,2025-12-12,2027-12-12,24,2285,1142,0,,active
LSE-005815,PROP-02106,RES-03914,2024-05-17,2025-05-17,12,1980,1980,0,,expired
LSE-005816,PROP-02106,RES-03915,2025-06-04,2026-06-04,12,2030,2030,0,,expired
LSE-005817,PROP-02106,RES-03915,2026-06-24,2027-12-24,18,2130,2130,0,LSE-005816,active
LSE-005818,PROP-02107,RES-03916,2024-11-22,2025-11-22,12,1835,1835,0,,expired
LSE-005819,PROP-02107,RES-03917,2025-12-30,2027-12-30,24,1950,1950,0,,active
LSE-005820,PROP-02108,RES-03918,2024-08-25,2025-08-25,12,1965,982,0,,expired
LSE-005821,PROP-02108,RES-03918,2025-10-01,2027-10-01,24,1995,1995,0,LSE-005820,active
LSE-005822,PROP-02109,RES-03919,2024-05-17,2026-05-17,24,1930,1930,0,,expired
LSE-005823,PROP-02109,RES-03919,2026-06-14,2028-06-14,24,2095,2095,1,LSE-005822,active
LSE-005824,PROP-02110,RES-03920,2023-06-02,2024-06-02,12,1895,1895,0,,expired
LSE-005825,PROP-02110,RES-03920,2024-07-31,2026-07-31,24,2005,2005,0,LSE-005824,expired
LSE-005826,PROP-02110,RES-03921,2026-09-20,2027-09-20,12,2185,2185,0,,active
LSE-005827,PROP-02111,RES-03922,2022-05-08,2024-05-08,24,1820,910,0,,expired
LSE-005828,PROP-02111,RES-03922,2024-06-20,2025-12-20,18,1900,1900,0,LSE-005827,expired
LSE-005829,PROP-02111,RES-03923,2026-01-10,2027-01-10,12,2015,2015,1,,active
LSE-005830,PROP-02112,RES-03924,2025-01-19,2026-07-19,18,2090,2090,0,,expired
LSE-005831,PROP-02112,RES-03924,2026-09-29,2028-09-29,24,2235,2235,0,LSE-005830,active
LSE-005832,PROP-02113,RES-03925,2022-04-10,2023-04-10,12,1830,1830,0,,expired
LSE-005833,PROP-02113,RES-03925,2023-06-05,2024-06-05,12,1920,1920,0,LSE-005832,expired
LSE-005834,PROP-02113,RES-03925,2024-07-08,2025-07-08,12,2030,1015,0,LSE-005833,expired
LSE-005835,PROP-02113,RES-03925,2025-07-19,2027-01-19,18,2085,2085,0,LSE-005834,active
LSE-005836,PROP-02114,RES-03926,2023-10-10,2025-10-10,24,2050,2050,0,,expired
LSE-005837,PROP-02114,RES-03926,2025-11-29,2026-11-29,12,2115,1057,0,LSE-005836,active
LSE-005838,PROP-02115,RES-03927,2022-10-21,2024-10-21,24,2085,2085,0,,expired
LSE-005839,PROP-02115,RES-03928,2024-12-08,2025-12-08,12,2150,1075,1,,expired
LSE-005840,PROP-02115,RES-03928,2026-01-25,2027-07-25,18,2225,2225,0,LSE-005839,active
LSE-005841,PROP-02116,RES-03929,2022-10-23,2024-10-23,24,1900,1900,0,,expired
LSE-005842,PROP-02116,RES-03930,2024-12-02,2025-12-02,12,1925,1925,0,,expired
LSE-005843,PROP-02116,RES-03931,2025-12-15,2026-12-15,12,2050,2050,0,,active
LSE-005844,PROP-02117,RES-03932,2023-06-16,2024-06-16,12,1900,1900,0,,expired
LSE-005845,PROP-02117,RES-03932,2024-08-08,2025-08-08,12,1965,1965,0,LSE-005844,expired
LSE-005846,PROP-02117,RES-03932,2025-10-16,2026-10-16,12,2030,2030,0,LSE-005845,active
LSE-005847,PROP-02118,RES-03933,2024-05-30,2025-05-30,12,2180,2180,0,,expired
LSE-005848,PROP-02118,RES-03933,2025-08-13,2026-08-13,12,2260,2260,0,LSE-005847,expired
LSE-005849,PROP-02118,RES-03934,2026-09-22,2028-03-22,18,2310,2310,0,,active
LSE-005850,PROP-02119,RES-03935,2023-05-21,2025-05-21,24,2075,2075,0,,expired
LSE-005851,PROP-02119,RES-03936,2025-06-13,2026-06-13,12,2375,1187,0,,expired
LSE-005852,PROP-02119,RES-03936,2026-07-29,2028-01-29,18,2420,2420,0,LSE-005851,active
LSE-005853,PROP-02120,RES-03937,2022-08-26,2023-08-26,12,2095,2095,0,,expired
LSE-005854,PROP-02120,RES-03937,2023-10-01,2025-10-01,24,2160,2160,0,LSE-005853,expired
LSE-005855,PROP-02120,RES-03938,2025-11-10,2026-11-10,12,2295,1147,0,,active
LSE-005856,PROP-02121,RES-03939,2022-01-24,2023-07-24,18,2000,2000,0,,expired
LSE-005857,PROP-02121,RES-03939,2023-10-01,2025-10-01,24,2085,2085,0,LSE-005856,expired
LSE-005858,PROP-02121,RES-03939,2025-12-11,2026-12-11,12,2140,2140,0,LSE-005857,active
LSE-005859,PROP-02122,RES-03940,2023-04-24,2025-04-24,24,2045,2045,0,,expired
LSE-005860,PROP-02122,RES-03940,2025-05-13,2027-05-13,24,2250,2250,0,LSE-005859,active
LSE-005861,PROP-02123,RES-03941,2023-09-01,2025-09-01,24,1850,1850,0,,expired
LSE-005862,PROP-02123,RES-03942,2025-11-13,2026-11-13,12,2010,1005,0,,active
LSE-005863,PROP-02124,RES-03943,2023-09-12,2025-09-12,24,2095,2095,0,,expired
LSE-005864,PROP-02124,RES-03943,2025-10-20,2027-10-20,24,2230,2230,0,LSE-005863,active
LSE-005865,PROP-02125,RES-03944,2024-01-03,2026-01-03,24,2030,1015,0,,expired
LSE-005866,PROP-02125,RES-03944,2026-02-13,2027-02-13,12,2275,1137,0,LSE-005865,active
LSE-005867,PROP-02126,RES-03945,2023-09-19,2024-09-19,12,2035,1017,0,,expired
LSE-005868,PROP-02126,RES-03946,2024-09-26,2025-09-26,12,2140,2140,1,,expired
LSE-005869,PROP-02126,RES-03946,2025-10-22,2026-10-22,12,2190,1095,0,LSE-005868,active
LSE-005870,PROP-02127,RES-03947,2022-02-04,2023-02-04,12,2055,2055,0,,expired
LSE-005871,PROP-02127,RES-03947,2023-02-13,2024-02-13,12,2140,1070,0,LSE-005870,expired
LSE-005872,PROP-02127,RES-03947,2024-03-07,2026-03-07,24,2195,1097,0,LSE-005871,expired
LSE-005873,PROP-02127,RES-03948,2026-05-04,2027-05-04,12,2365,2365,0,,active
LSE-005874,PROP-02128,RES-03949,2021-11-07,2023-05-07,18,1810,905,0,,expired
LSE-005875,PROP-02128,RES-03950,2023-07-10,2025-07-10,24,1865,1865,0,,expired
LSE-005876,PROP-02128,RES-03950,2025-09-09,2026-09-09,12,1930,1930,0,LSE-005875,expired
LSE-005877,PROP-02129,RES-03951,2024-12-01,2025-12-01,12,1905,952,1,,terminated-early
LSE-005878,PROP-02129,RES-03952,2025-12-24,2027-12-24,24,2030,2030,0,,active
LSE-005879,PROP-02130,RES-03953,2023-04-24,2024-04-24,12,1980,1980,0,,expired
LSE-005880,PROP-02130,RES-03953,2024-07-07,2026-07-07,24,2170,2170,0,LSE-005879,expired
LSE-005881,PROP-02130,RES-03953,2026-09-16,2028-03-16,18,2275,1137,0,LSE-005880,active
LSE-005882,PROP-02131,RES-03954,2023-09-18,2024-09-18,12,2070,1035,0,,expired
LSE-005883,PROP-02131,RES-03954,2024-10-11,2025-10-11,12,2130,2130,0,LSE-005882,expired
LSE-005884,PROP-02131,RES-03955,2025-10-24,2026-10-24,12,2190,1095,0,,active
LSE-005885,PROP-02132,RES-03956,2024-10-14,2025-10-14,12,2060,2060,1,,expired
LSE-005886,PROP-02132,RES-03956,2025-12-23,2026-12-23,12,2170,2170,0,LSE-005885,active
LSE-005887,PROP-02133,RES-03957,2022-05-27,2023-05-27,12,1810,1810,0,,expired
LSE-005888,PROP-02133,RES-03958,2023-07-20,2024-07-20,12,1855,1855,0,,expired
LSE-005889,PROP-02133,RES-03958,2024-08-27,2025-08-27,12,1965,1965,0,LSE-005888,expired
LSE-005890,PROP-02133,RES-03958,2025-09-13,2027-09-13,24,2050,2050,0,LSE-005889,active
LSE-005891,PROP-02134,RES-03959,2022-07-23,2023-07-23,12,1830,1830,0,,expired
LSE-005892,PROP-02134,RES-03960,2023-08-22,2025-08-22,24,1855,1855,0,,expired
LSE-005893,PROP-02134,RES-03961,2025-10-02,2027-10-02,24,2075,1037,0,,active
LSE-005894,PROP-02135,RES-03962,2021-12-23,2023-12-23,24,1835,917,1,,expired
LSE-005895,PROP-02135,RES-03962,2024-02-13,2026-02-13,24,1855,1855,0,LSE-005894,expired
LSE-005896,PROP-02135,RES-03962,2026-04-14,2027-04-14,12,2045,2045,0,LSE-005895,active
LSE-005897,PROP-02136,RES-03963,2023-11-21,2024-11-21,12,1865,1865,1,,expired
LSE-005898,PROP-02136,RES-03963,2024-12-28,2026-06-28,18,1920,960,0,LSE-005897,expired
LSE-005899,PROP-02136,RES-03964,2026-07-19,2028-01-19,18,2150,2150,0,,active
LSE-005900,PROP-02137,RES-03965,2024-12-05,2026-06-05,18,2155,2155,0,,expired
LSE-005901,PROP-02137,RES-03966,2026-08-18,2027-08-18,12,2345,2345,0,,active
LSE-005902,PROP-02138,RES-03967,2023-07-16,2024-07-16,12,2025,1012,0,,expired
LSE-005903,PROP-02138,RES-03968,2024-08-07,2025-08-07,12,2210,2210,0,,expired
LSE-005904,PROP-02138,RES-03968,2025-09-15,2027-03-15,18,2255,1127,0,LSE-005903,active
LSE-005905,PROP-02139,RES-03969,2023-08-28,2025-08-28,24,1835,1835,1,,expired
LSE-005906,PROP-02139,RES-03969,2025-09-19,2026-09-19,12,2015,2015,0,LSE-005905,expired
LSE-005907,PROP-02139,RES-03969,2026-09-27,2028-09-27,24,2105,2105,0,LSE-005906,active
LSE-005908,PROP-02140,RES-03970,2021-11-15,2023-11-15,24,2035,1017,0,,expired
LSE-005909,PROP-02140,RES-03971,2024-01-23,2025-07-23,18,2030,1015,0,,expired
LSE-005910,PROP-02140,RES-03971,2025-09-05,2027-09-05,24,2225,1112,0,LSE-005909,active
LSE-005911,PROP-02141,RES-03972,2023-07-18,2025-07-18,24,2130,1065,0,,expired
LSE-005912,PROP-02141,RES-03973,2025-07-31,2026-07-31,12,2380,2380,0,,expired
LSE-005913,PROP-02141,RES-03973,2026-08-19,2027-08-19,12,2415,2415,0,LSE-005912,active
LSE-005914,PROP-02142,RES-03974,2024-06-11,2026-06-11,24,2285,2285,0,,expired
LSE-005915,PROP-02142,RES-03975,2026-07-03,2028-07-03,24,2365,1182,0,,active
LSE-005916,PROP-02143,RES-03976,2023-07-25,2025-07-25,24,1980,1980,0,,expired
LSE-005917,PROP-02143,RES-03977,2025-09-02,2027-03-02,18,2270,1135,0,,active
LSE-005918,PROP-02144,RES-03978,2023-07-01,2025-07-01,24,2015,2015,0,,expired
LSE-005919,PROP-02144,RES-03978,2025-07-22,2026-07-22,12,2255,2255,0,LSE-005918,expired
LSE-005920,PROP-02145,RES-03979,2024-09-03,2026-09-03,24,2140,2140,0,,expired
LSE-005921,PROP-02146,RES-03980,2023-07-15,2025-07-15,24,1840,1840,0,,expired
LSE-005922,PROP-02146,RES-03981,2025-08-06,2026-08-06,12,2065,1032,0,,expired
LSE-005923,PROP-02147,RES-03982,2024-03-12,2025-03-12,12,1895,1895,0,,expired
LSE-005924,PROP-02147,RES-03983,2025-05-05,2026-05-05,12,2060,2060,1,,expired
LSE-005925,PROP-02147,RES-03983,2026-07-10,2028-07-10,24,2150,1075,0,LSE-005924,active
LSE-005926,PROP-02148,RES-03984,2024-02-08,2025-02-08,12,2030,2030,0,,expired
LSE-005927,PROP-02148,RES-03985,2025-03-05,2026-03-05,12,2195,2195,0,,expired
LSE-005928,PROP-02148,RES-03985,2026-05-09,2027-05-09,12,2345,1172,0,LSE-005927,active
LSE-005929,PROP-02149,RES-03986,2023-07-14,2025-07-14,24,2085,2085,0,,expired
LSE-005930,PROP-02149,RES-03986,2025-08-03,2027-08-03,24,2215,2215,0,LSE-005929,active
LSE-005931,PROP-02150,RES-03987,2022-09-15,2023-09-15,12,1985,1985,0,,expired
LSE-005932,PROP-02150,RES-03988,2023-10-26,2025-10-26,24,1980,1980,0,,expired
LSE-005933,PROP-02150,RES-03989,2025-12-10,2026-12-10,12,2165,2165,0,,active
LSE-005934,PROP-02151,RES-03990,2023-05-23,2024-05-23,12,1855,927,0,,expired
LSE-005935,PROP-02151,RES-03990,2024-07-08,2025-07-08,12,1975,1975,0,LSE-005934,expired
LSE-005936,PROP-02151,RES-03991,2025-08-31,2026-08-31,12,2060,2060,1,,expired
LSE-005937,PROP-02152,RES-03992,2024-06-25,2026-06-25,24,2270,1135,0,,expired
LSE-005938,PROP-02152,RES-03993,2026-07-28,2027-07-28,12,2365,2365,1,,active
LSE-005939,PROP-02153,RES-03994,2023-07-21,2025-07-21,24,1835,917,1,,expired
LSE-005940,PROP-02153,RES-03994,2025-09-04,2027-03-04,18,1920,1920,0,LSE-005939,active
LSE-005941,PROP-02154,RES-03995,2022-12-12,2024-06-12,18,1620,1620,0,,expired
LSE-005942,PROP-02154,RES-03996,2024-08-25,2025-08-25,12,1710,855,1,,expired
LSE-005943,PROP-02154,RES-03997,2025-09-02,2026-09-02,12,1710,1710,0,,expired
LSE-005944,PROP-02154,RES-03998,2026-09-16,2027-09-16,12,1695,1695,0,,active
LSE-005945,PROP-02155,RES-03999,2024-01-12,2025-07-12,18,1720,1720,0,,expired
LSE-005946,PROP-02155,RES-03999,2025-09-18,2026-09-18,12,1785,1785,0,LSE-005945,expired
LSE-005947,PROP-02156,RES-04000,2023-02-24,2025-02-24,24,1595,1595,0,,expired
LSE-005948,PROP-02156,RES-04000,2025-03-29,2026-09-29,18,1635,1635,0,LSE-005947,expired
LSE-005949,PROP-02157,RES-04001,2022-10-28,2024-04-28,18,1625,1625,0,,expired
LSE-005950,PROP-02157,RES-04001,2024-06-28,2025-06-28,12,1650,1650,0,LSE-005949,expired
LSE-005951,PROP-02157,RES-04001,2025-07-10,2027-01-10,18,1720,1720,0,LSE-005950,active
LSE-005952,PROP-02158,RES-04002,2023-08-26,2025-08-26,24,1600,1600,0,,expired
LSE-005953,PROP-02158,RES-04003,2025-09-30,2027-03-30,18,1650,1650,0,,active
LSE-005954,PROP-02159,RES-04004,2024-03-20,2025-03-20,12,1595,1595,0,,expired
LSE-005955,PROP-02159,RES-04005,2025-05-25,2027-05-25,24,1680,1680,0,,active
LSE-005956,PROP-02160,RES-04006,2024-02-26,2026-02-26,24,1720,1720,0,,expired
LSE-005957,PROP-02160,RES-04006,2026-03-29,2028-03-29,24,1815,1815,0,LSE-005956,active
LSE-005958,PROP-02161,RES-04007,2023-05-21,2024-05-21,12,1785,1785,0,,expired
LSE-005959,PROP-02161,RES-04008,2024-06-21,2025-06-21,12,1955,1955,0,,expired
LSE-005960,PROP-02161,RES-04008,2025-07-29,2027-07-29,24,2025,2025,0,LSE-005959,active
LSE-005961,PROP-02162,RES-04009,2022-04-15,2023-04-15,12,1790,1790,1,,expired
LSE-005962,PROP-02162,RES-04009,2023-05-22,2024-05-22,12,1825,1825,0,LSE-005961,expired
LSE-005963,PROP-02162,RES-04010,2024-08-05,2025-08-05,12,1830,915,0,,expired
LSE-005964,PROP-02162,RES-04011,2025-08-29,2027-08-29,24,1935,1935,0,,active
LSE-005965,PROP-02163,RES-04012,2024-01-04,2025-01-04,12,1510,1510,0,,expired
LSE-005966,PROP-02163,RES-04013,2025-02-03,2027-02-03,24,1660,1660,1,,active
LSE-005967,PROP-02164,RES-04014,2025-01-27,2027-01-27,24,1615,807,1,,active
LSE-005968,PROP-02165,RES-04015,2021-10-23,2023-10-23,24,1700,850,1,,expired
LSE-005969,PROP-02165,RES-04016,2024-01-06,2025-01-06,12,1725,1725,0,,expired
LSE-005970,PROP-02165,RES-04016,2025-01-11,2026-01-11,12,1785,1785,0,LSE-005969,expired
LSE-005971,PROP-02165,RES-04016,2026-02-06,2027-02-06,12,1875,1875,0,LSE-005970,active
LSE-005972,PROP-02166,RES-04017,2023-01-16,2024-07-16,18,1770,1770,0,,expired
LSE-005973,PROP-02166,RES-04018,2024-09-10,2025-09-10,12,1815,1815,0,,expired
LSE-005974,PROP-02166,RES-04018,2025-11-11,2027-11-11,24,1865,1865,0,LSE-005973,active
LSE-005975,PROP-02167,RES-04019,2022-04-08,2024-04-08,24,1595,1595,1,,expired
LSE-005976,PROP-02167,RES-04020,2024-06-17,2026-06-17,24,1735,1735,0,,expired
LSE-005977,PROP-02167,RES-04021,2026-07-12,2027-07-12,12,1800,1800,0,,active
LSE-005978,PROP-02168,RES-04022,2024-10-31,2025-10-31,12,1630,1630,1,,expired
LSE-005979,PROP-02168,RES-04022,2025-11-23,2027-11-23,24,1650,825,0,LSE-005978,active
LSE-005980,PROP-02169,RES-04023,2022-05-18,2024-05-18,24,1775,1775,0,,expired
LSE-005981,PROP-02169,RES-04023,2024-06-02,2026-06-02,24,1900,1900,0,LSE-005980,expired
LSE-005982,PROP-02169,RES-04024,2026-07-27,2028-07-27,24,1960,1960,0,,active
LSE-005983,PROP-02170,RES-04025,2024-10-09,2026-04-09,18,1805,902,0,,expired
LSE-005984,PROP-02170,RES-04026,2026-05-04,2028-05-04,24,1940,970,0,,active
LSE-005985,PROP-02171,RES-04027,2024-12-09,2025-12-09,12,1775,887,0,,expired
LSE-005986,PROP-02171,RES-04027,2026-02-02,2027-02-02,12,1895,1895,0,LSE-005985,active
LSE-005987,PROP-02172,RES-04028,2022-08-11,2024-08-11,24,1835,917,0,,expired
LSE-005988,PROP-02172,RES-04029,2024-08-23,2026-08-23,24,1890,1890,0,,expired
LSE-005989,PROP-02172,RES-04030,2026-09-19,2027-09-19,12,2015,2015,0,,active
LSE-005990,PROP-02173,RES-04031,2024-05-27,2025-05-27,12,1915,1915,0,,terminated-early
LSE-005991,PROP-02173,RES-04032,2025-06-01,2026-12-01,18,1920,1920,0,,active
LSE-005992,PROP-02174,RES-04033,2024-03-20,2026-03-20,24,1855,1855,0,,expired
LSE-005993,PROP-02174,RES-04034,2026-05-28,2028-05-28,24,2200,2200,0,,active
LSE-005994,PROP-02175,RES-04035,2024-04-17,2025-10-17,18,1995,1995,0,,expired
LSE-005995,PROP-02175,RES-04035,2025-10-27,2027-10-27,24,2070,1035,0,LSE-005994,active
LSE-005996,PROP-02176,RES-04036,2022-12-28,2023-12-28,12,1860,930,0,,expired
LSE-005997,PROP-02176,RES-04036,2024-01-20,2025-01-20,12,1900,950,0,LSE-005996,expired
LSE-005998,PROP-02176,RES-04036,2025-03-28,2026-03-28,12,1950,975,1,LSE-005997,expired
LSE-005999,PROP-02176,RES-04037,2026-05-14,2028-05-14,24,2190,2190,0,,active
LSE-006000,PROP-02177,RES-04038,2023-06-18,2025-06-18,24,2030,2030,0,,expired
LSE-006001,PROP-02177,RES-04039,2025-07-15,2026-07-15,12,2240,2240,0,,expired
LSE-006002,PROP-02177,RES-04039,2026-07-30,2028-07-30,24,2370,2370,0,LSE-006001,active
LSE-006003,PROP-02178,RES-04040,2022-07-07,2024-07-07,24,2140,2140,1,,expired
LSE-006004,PROP-02178,RES-04041,2024-08-09,2026-08-09,24,2305,2305,0,,expired
LSE-006005,PROP-02178,RES-04042,2026-09-25,2027-09-25,12,2430,2430,0,,active
LSE-006006,PROP-02179,RES-04043,2022-04-03,2023-10-03,18,1860,930,0,,expired
LSE-006007,PROP-02179,RES-04044,2023-11-13,2025-11-13,24,1850,1850,0,,expired
LSE-006008,PROP-02179,RES-04045,2025-12-11,2026-12-11,12,1910,955,0,,active
LSE-006009,PROP-02180,RES-04046,2022-04-24,2023-04-24,12,1880,1880,0,,expired
LSE-006010,PROP-02180,RES-04047,2023-07-04,2025-07-04,24,1880,1880,0,,expired
LSE-006011,PROP-02180,RES-04048,2025-08-29,2027-08-29,24,1975,1975,0,,active
LSE-006012,PROP-02181,RES-04049,2023-10-24,2024-10-24,12,1730,1730,0,,expired
LSE-006013,PROP-02181,RES-04049,2024-11-21,2025-11-21,12,1775,1775,0,LSE-006012,expired
LSE-006014,PROP-02181,RES-04050,2026-01-22,2028-01-22,24,1795,1795,0,,active
LSE-006015,PROP-02182,RES-04051,2024-06-05,2026-06-05,24,2060,1030,0,,expired
LSE-006016,PROP-02182,RES-04051,2026-06-22,2028-06-22,24,2215,2215,0,LSE-006015,active
LSE-006017,PROP-02183,RES-04052,2023-05-03,2024-05-03,12,1995,997,0,,expired
LSE-006018,PROP-02183,RES-04053,2024-07-04,2025-07-04,12,2180,1090,0,,terminated-early
LSE-006019,PROP-02183,RES-04054,2025-08-02,2026-08-02,12,2335,1167,0,,expired
LSE-006020,PROP-02183,RES-04055,2026-08-23,2028-02-23,18,2415,2415,0,,active
LSE-006021,PROP-02184,RES-04056,2023-03-10,2024-03-10,12,1660,1660,0,,expired
LSE-006022,PROP-02184,RES-04056,2024-03-20,2026-03-20,24,1720,1720,0,LSE-006021,expired
LSE-006023,PROP-02184,RES-04057,2026-04-12,2027-04-12,12,1865,1865,0,,active
LSE-006024,PROP-02185,RES-04058,2023-05-13,2025-05-13,24,1710,1710,0,,expired
LSE-006025,PROP-02185,RES-04058,2025-05-22,2026-05-22,12,1785,1785,0,LSE-006024,expired
LSE-006026,PROP-02185,RES-04058,2026-07-26,2028-07-26,24,1855,1855,0,LSE-006025,active
LSE-006027,PROP-02186,RES-04059,2023-12-22,2025-12-22,24,1625,1625,1,,expired
LSE-006028,PROP-02186,RES-04060,2026-02-17,2027-02-17,12,1815,1815,1,,active
LSE-006029,PROP-02187,RES-04061,2023-06-21,2025-06-21,24,1685,1685,0,,expired
LSE-006030,PROP-02187,RES-04061,2025-07-09,2027-07-09,24,1805,902,0,LSE-006029,active
LSE-006031,PROP-02188,RES-04062,2023-03-26,2024-09-26,18,2005,2005,0,,expired
LSE-006032,PROP-02188,RES-04062,2024-10-28,2026-10-28,24,2045,2045,0,LSE-006031,active
LSE-006033,PROP-02189,RES-04063,2024-04-06,2026-04-06,24,2190,2190,0,,expired
LSE-006034,PROP-02189,RES-04063,2026-05-01,2028-05-01,24,2395,1197,0,LSE-006033,active
LSE-006035,PROP-02190,RES-04064,2023-09-11,2024-09-11,12,1650,825,0,,expired
LSE-006036,PROP-02190,RES-04065,2024-10-12,2025-10-12,12,1745,872,0,,expired
LSE-006037,PROP-02190,RES-04065,2025-12-23,2027-06-23,18,1795,1795,1,LSE-006036,active
LSE-006038,PROP-02191,RES-04066,2022-11-15,2023-11-15,12,1850,1850,0,,expired
LSE-006039,PROP-02191,RES-04066,2023-12-25,2024-12-25,12,1880,1880,0,LSE-006038,expired
LSE-006040,PROP-02191,RES-04066,2025-01-02,2027-01-02,24,1970,985,0,LSE-006039,active
LSE-006041,PROP-02192,RES-04067,2022-12-20,2023-12-20,12,1640,1640,0,,expired
LSE-006042,PROP-02192,RES-04067,2024-02-08,2025-02-08,12,1710,855,0,LSE-006041,expired
LSE-006043,PROP-02192,RES-04067,2025-04-15,2026-04-15,12,1810,1810,0,LSE-006042,expired
LSE-006044,PROP-02192,RES-04067,2026-06-03,2028-06-03,24,1915,957,0,LSE-006043,active
LSE-006045,PROP-02193,RES-04068,2024-01-26,2025-01-26,12,2030,2030,0,,expired
LSE-006046,PROP-02193,RES-04069,2025-04-04,2027-04-04,24,2235,2235,0,,active
LSE-006047,PROP-02194,RES-04070,2024-07-03,2025-07-03,12,1785,1785,0,,expired
LSE-006048,PROP-02194,RES-04071,2025-09-15,2026-09-15,12,1805,1805,0,,expired
LSE-006049,PROP-02195,RES-04072,2022-06-03,2023-06-03,12,2060,2060,1,,expired
LSE-006050,PROP-02195,RES-04073,2023-07-02,2024-07-02,12,2155,2155,0,,expired
LSE-006051,PROP-02195,RES-04073,2024-08-16,2026-08-16,24,2205,2205,1,LSE-006050,expired
LSE-006052,PROP-02195,RES-04074,2026-09-24,2028-09-24,24,2345,1172,1,,active
LSE-006053,PROP-02196,RES-04075,2023-09-09,2024-09-09,12,1710,855,0,,expired
LSE-006054,PROP-02196,RES-04075,2024-10-24,2025-10-24,12,1745,1745,0,LSE-006053,expired
LSE-006055,PROP-02196,RES-04076,2025-10-30,2026-10-30,12,1805,1805,0,,active
LSE-006056,PROP-02197,RES-04077,2024-04-13,2026-04-13,24,1825,1825,1,,expired
LSE-006057,PROP-02197,RES-04078,2026-06-07,2027-06-07,12,2000,2000,0,,active
LSE-006058,PROP-02198,RES-04079,2024-03-20,2025-03-20,12,1840,1840,0,,expired
LSE-006059,PROP-02198,RES-04080,2025-04-20,2026-04-20,12,2005,2005,0,,expired
LSE-006060,PROP-02198,RES-04081,2026-06-05,2027-06-05,12,2145,2145,0,,active
LSE-006061,PROP-02199,RES-04082,2025-02-01,2027-02-01,24,1765,1765,0,,active
LSE-006062,PROP-02200,RES-04083,2023-08-26,2025-02-26,18,1830,1830,0,,expired
LSE-006063,PROP-02200,RES-04083,2025-04-17,2027-04-17,24,2050,2050,0,LSE-006062,active
LSE-006064,PROP-02201,RES-04084,2022-06-02,2024-06-02,24,1815,1815,0,,expired
LSE-006065,PROP-02201,RES-04085,2024-06-27,2025-06-27,12,1975,1975,0,,expired
LSE-006066,PROP-02201,RES-04085,2025-07-13,2026-07-13,12,2050,1025,0,LSE-006065,expired
LSE-006067,PROP-02201,RES-04085,2026-08-25,2027-08-25,12,2140,1070,0,LSE-006066,active
LSE-006068,PROP-02202,RES-04086,2022-02-16,2023-02-16,12,2110,1055,0,,expired
LSE-006069,PROP-02202,RES-04087,2023-04-03,2025-04-03,24,2100,1050,0,,expired
LSE-006070,PROP-02202,RES-04087,2025-05-06,2026-05-06,12,2235,2235,0,LSE-006069,expired
LSE-006071,PROP-02202,RES-04087,2026-06-04,2027-06-04,12,2340,2340,0,LSE-006070,active
LSE-006072,PROP-02203,RES-04088,2023-04-09,2024-04-09,12,1840,1840,0,,expired
LSE-006073,PROP-02203,RES-04088,2024-04-15,2026-04-15,24,1965,1965,0,LSE-006072,expired
LSE-006074,PROP-02203,RES-04089,2026-06-04,2027-06-04,12,2150,1075,0,,active
LSE-006075,PROP-02204,RES-04090,2024-03-20,2025-09-20,18,1695,1695,0,,expired
LSE-006076,PROP-02204,RES-04090,2025-11-14,2026-11-14,12,1760,1760,0,LSE-006075,active
LSE-006077,PROP-02205,RES-04091,2022-08-04,2023-08-04,12,2065,1032,0,,expired
LSE-006078,PROP-02205,RES-04091,2023-09-10,2025-09-10,24,2115,2115,0,LSE-006077,expired
LSE-006079,PROP-02205,RES-04091,2025-11-12,2026-11-12,12,2140,2140,0,LSE-006078,active
LSE-006080,PROP-02206,RES-04092,2024-02-10,2026-02-10,24,1720,860,1,,expired
LSE-006081,PROP-02206,RES-04093,2026-02-23,2027-02-23,12,1845,922,0,,active
LSE-006082,PROP-02207,RES-04094,2024-03-06,2025-03-06,12,1935,967,0,,expired
LSE-006083,PROP-02207,RES-04094,2025-04-20,2026-04-20,12,2050,2050,0,LSE-006082,expired
LSE-006084,PROP-02207,RES-04095,2026-06-25,2027-06-25,12,2190,2190,0,,active
LSE-006085,PROP-02208,RES-04096,2023-11-11,2024-11-11,12,1805,902,0,,expired
LSE-006086,PROP-02208,RES-04097,2025-01-02,2027-01-02,24,1865,1865,0,,active
LSE-006087,PROP-02209,RES-04098,2023-02-22,2024-02-22,12,1800,1800,0,,expired
LSE-006088,PROP-02209,RES-04098,2024-03-12,2025-03-12,12,1875,937,0,LSE-006087,expired
LSE-006089,PROP-02209,RES-04098,2025-05-05,2027-05-05,24,1995,1995,0,LSE-006088,active
LSE-006090,PROP-02210,RES-04099,2024-03-11,2025-03-11,12,1940,1940,0,,expired
LSE-006091,PROP-02210,RES-04099,2025-05-07,2026-11-07,18,2045,2045,0,LSE-006090,active
LSE-006092,PROP-02211,RES-04100,2022-12-21,2024-12-21,24,1820,1820,0,,expired
LSE-006093,PROP-02211,RES-04100,2025-02-28,2026-02-28,12,1990,1990,0,LSE-006092,expired
LSE-006094,PROP-02211,RES-04101,2026-05-12,2027-05-12,12,2185,2185,0,,active
LSE-006095,PROP-02212,RES-04102,2021-11-21,2022-11-21,12,1835,1835,0,,expired
LSE-006096,PROP-02212,RES-04102,2022-12-27,2023-12-27,12,1900,1900,0,LSE-006095,expired
LSE-006097,PROP-02212,RES-04103,2024-02-22,2026-02-22,24,1845,1845,0,,expired
LSE-006098,PROP-02212,RES-04104,2026-03-26,2027-03-26,12,2030,2030,0,,active
LSE-006099,PROP-02213,RES-04105,2023-02-11,2024-08-11,18,2060,1030,0,,expired
LSE-006100,PROP-02213,RES-04106,2024-09-22,2025-09-22,12,2150,2150,0,,expired
LSE-006101,PROP-02213,RES-04106,2025-10-10,2027-10-10,24,2215,1107,0,LSE-006100,active
LSE-006102,PROP-02214,RES-04107,2024-10-14,2025-10-14,12,1745,872,0,,expired
LSE-006103,PROP-02214,RES-04108,2025-10-28,2026-10-28,12,1800,1800,0,,active
LSE-006104,PROP-02215,RES-04109,2022-08-11,2023-08-11,12,1850,925,1,,expired
LSE-006105,PROP-02215,RES-04109,2023-08-31,2024-08-31,12,1910,955,0,LSE-006104,expired
LSE-006106,PROP-02215,RES-04110,2024-09-07,2026-03-07,18,1930,1930,0,,expired
LSE-006107,PROP-02215,RES-04110,2026-05-09,2028-05-09,24,2095,2095,0,LSE-006106,active
LSE-006108,PROP-02216,RES-04111,2022-08-12,2023-08-12,12,1650,1650,0,,expired
LSE-006109,PROP-02216,RES-04111,2023-09-24,2025-09-24,24,1690,1690,0,LSE-006108,expired
LSE-006110,PROP-02216,RES-04112,2025-12-05,2027-06-05,18,1795,1795,0,,active
LSE-006111,PROP-02217,RES-04113,2022-06-06,2023-06-06,12,1850,925,0,,terminated-early
LSE-006112,PROP-02217,RES-04114,2023-07-31,2025-07-31,24,1855,1855,0,,expired
LSE-006113,PROP-02217,RES-04114,2025-10-07,2026-10-07,12,1905,1905,0,LSE-006112,active
LSE-006114,PROP-02218,RES-04115,2021-10-15,2023-10-15,24,1880,1880,0,,expired
LSE-006115,PROP-02218,RES-04115,2023-11-09,2024-11-09,12,1935,1935,0,LSE-006114,expired
LSE-006116,PROP-02218,RES-04115,2024-12-06,2026-06-06,18,1980,1980,0,LSE-006115,expired
LSE-006117,PROP-02218,RES-04115,2026-08-17,2028-02-17,18,2150,2150,0,LSE-006116,active
LSE-006118,PROP-02219,RES-04116,2023-10-05,2025-10-05,24,1670,1670,0,,expired
LSE-006119,PROP-02219,RES-04116,2025-10-13,2026-10-13,12,1800,1800,0,LSE-006118,active
LSE-006120,PROP-02220,RES-04117,2023-11-01,2024-11-01,12,1880,1880,0,,expired
LSE-006121,PROP-02220,RES-04118,2024-11-25,2026-11-25,24,1910,955,0,,active
LSE-006122,PROP-02221,RES-04119,2022-12-26,2023-12-26,12,2155,2155,0,,expired
LSE-006123,PROP-02221,RES-04120,2024-03-06,2026-03-06,24,2170,2170,0,,expired
LSE-006124,PROP-02221,RES-04120,2026-04-04,2027-04-04,12,2335,2335,0,LSE-006123,active
LSE-006125,PROP-02222,RES-04121,2023-05-04,2024-11-04,18,2075,1037,0,,expired
LSE-006126,PROP-02222,RES-04122,2024-11-30,2025-11-30,12,2155,1077,0,,expired
LSE-006127,PROP-02222,RES-04122,2026-01-27,2027-01-27,12,2245,2245,0,LSE-006126,active
LSE-006128,PROP-02223,RES-04123,2023-04-16,2025-04-16,24,1850,1850,0,,expired
LSE-006129,PROP-02223,RES-04123,2025-06-22,2026-06-22,12,1995,997,0,LSE-006128,expired
LSE-006130,PROP-02223,RES-04124,2026-08-18,2027-08-18,12,2150,2150,1,,active
LSE-006131,PROP-02224,RES-04125,2023-05-16,2025-05-16,24,2080,2080,0,,expired
LSE-006132,PROP-02224,RES-04125,2025-06-03,2026-06-03,12,2330,1165,0,LSE-006131,expired
LSE-006133,PROP-02224,RES-04126,2026-07-09,2027-07-09,12,2355,2355,0,,active
LSE-006134,PROP-02225,RES-04127,2022-07-18,2024-07-18,24,2025,2025,0,,expired
LSE-006135,PROP-02225,RES-04127,2024-07-28,2026-07-28,24,2165,2165,0,LSE-006134,expired
LSE-006136,PROP-02225,RES-04128,2026-08-03,2027-08-03,12,2365,1182,0,,active
LSE-006137,PROP-02226,RES-04129,2023-11-25,2024-11-25,12,1890,945,0,,expired
LSE-006138,PROP-02226,RES-04130,2024-12-08,2026-12-08,24,1930,1930,0,,active
LSE-006139,PROP-02227,RES-04131,2024-03-17,2025-03-17,12,2170,1085,0,,expired
LSE-006140,PROP-02227,RES-04131,2025-04-19,2026-04-19,12,2235,2235,0,LSE-006139,expired
LSE-006141,PROP-02227,RES-04132,2026-06-18,2027-06-18,12,2380,1190,1,,active
LSE-006142,PROP-02228,RES-04133,2023-04-03,2025-04-03,24,1875,1875,0,,expired
LSE-006143,PROP-02228,RES-04133,2025-05-01,2026-05-01,12,1960,980,0,LSE-006142,expired
LSE-006144,PROP-02228,RES-04133,2026-06-08,2027-06-08,12,2095,2095,0,LSE-006143,active
LSE-006145,PROP-02229,RES-04134,2022-05-11,2023-05-11,12,1730,865,0,,expired
LSE-006146,PROP-02229,RES-04134,2023-06-15,2024-06-15,12,1790,895,0,LSE-006145,terminated-early
LSE-006147,PROP-02229,RES-04135,2024-08-12,2026-08-12,24,1755,877,0,,expired
LSE-006148,PROP-02230,RES-04136,2022-01-06,2023-01-06,12,1800,1800,0,,expired
LSE-006149,PROP-02230,RES-04137,2023-02-26,2025-02-26,24,1790,1790,0,,expired
LSE-006150,PROP-02230,RES-04138,2025-03-14,2026-09-14,18,1995,1995,0,,expired
LSE-006151,PROP-02231,RES-04139,2022-08-11,2023-08-11,12,2045,1022,0,,expired
LSE-006152,PROP-02231,RES-04140,2023-08-29,2025-02-28,18,2060,1030,0,,expired
LSE-006153,PROP-02231,RES-04140,2025-05-07,2027-05-07,24,2280,1140,0,LSE-006152,active
LSE-006154,PROP-02232,RES-04141,2022-06-15,2023-06-15,12,2130,2130,0,,expired
LSE-006155,PROP-02232,RES-04141,2023-07-10,2024-07-10,12,2175,1087,1,LSE-006154,expired
LSE-006156,PROP-02232,RES-04142,2024-07-15,2025-07-15,12,2290,2290,0,,expired
LSE-006157,PROP-02232,RES-04142,2025-08-04,2027-08-04,24,2350,2350,0,LSE-006156,active
LSE-006158,PROP-02233,RES-04143,2023-11-25,2025-11-25,24,1895,1895,0,,expired
LSE-006159,PROP-02233,RES-04144,2026-02-04,2027-02-04,12,2040,2040,0,,active
LSE-006160,PROP-02234,RES-04145,2021-11-23,2022-11-23,12,1855,1855,0,,expired
LSE-006161,PROP-02234,RES-04145,2022-12-16,2023-12-16,12,1890,1890,1,LSE-006160,expired
LSE-006162,PROP-02234,RES-04146,2024-02-16,2026-02-16,24,1870,1870,0,,expired
LSE-006163,PROP-02234,RES-04147,2026-04-14,2028-04-14,24,2090,1045,0,,active
LSE-006164,PROP-02235,RES-04148,2023-11-22,2025-11-22,24,1835,917,0,,expired
LSE-006165,PROP-02235,RES-04149,2026-01-07,2027-07-07,18,1965,982,0,,active
LSE-006166,PROP-02236,RES-04150,2023-05-11,2024-05-11,12,1885,1885,1,,expired
LSE-006167,PROP-02236,RES-04151,2024-06-03,2025-06-03,12,2030,2030,0,,expired
LSE-006168,PROP-02236,RES-04151,2025-07-09,2027-07-09,24,2125,2125,0,LSE-006167,active
LSE-006169,PROP-02237,RES-04152,2024-01-12,2026-01-12,24,1690,1690,0,,expired
LSE-006170,PROP-02237,RES-04152,2026-03-10,2027-03-10,12,1825,1825,0,LSE-006169,active
LSE-006171,PROP-02238,RES-04153,2023-06-03,2025-06-03,24,1855,927,0,,expired
LSE-006172,PROP-02238,RES-04153,2025-06-09,2026-12-09,18,2040,2040,0,LSE-006171,active
LSE-006173,PROP-02239,RES-04154,2025-02-16,2026-02-16,12,1940,1940,1,,expired
LSE-006174,PROP-02239,RES-04155,2026-04-27,2027-04-27,12,2110,1055,0,,active
LSE-006175,PROP-02240,RES-04156,2023-04-03,2024-04-03,12,1730,1730,0,,expired
LSE-006176,PROP-02240,RES-04156,2024-05-19,2026-05-19,24,1785,892,0,LSE-006175,expired
LSE-006177,PROP-02240,RES-04156,2026-07-22,2027-07-22,12,1955,1955,1,LSE-006176,active
LSE-006178,PROP-02241,RES-04157,2022-05-09,2023-05-09,12,1905,1905,0,,expired
LSE-006179,PROP-02241,RES-04158,2023-05-19,2025-05-19,24,1825,912,0,,expired
LSE-006180,PROP-02241,RES-04159,2025-07-17,2026-07-17,12,2150,2150,0,,expired
LSE-006181,PROP-02241,RES-04160,2026-08-29,2028-08-29,24,2210,2210,0,,active
LSE-006182,PROP-02242,RES-04161,2022-06-05,2023-06-05,12,2110,2110,1,,expired
LSE-006183,PROP-02242,RES-04161,2023-08-07,2025-08-07,24,2155,2155,1,LSE-006182,expired
LSE-006184,PROP-02242,RES-04162,2025-09-22,2027-03-22,18,2220,1110,1,,active
LSE-006185,PROP-02243,RES-04163,2022-09-21,2024-09-21,24,2095,1047,0,,expired
LSE-006186,PROP-02243,RES-04164,2024-11-05,2026-11-05,24,2175,1087,0,,active
LSE-006187,PROP-02244,RES-04165,2022-08-02,2023-08-02,12,2040,1020,0,,expired
LSE-006188,PROP-02244,RES-04165,2023-09-08,2024-09-08,12,2105,2105,0,LSE-006187,expired
LSE-006189,PROP-02244,RES-04166,2024-10-05,2026-10-05,24,2165,2165,0,,active
LSE-006190,PROP-02245,RES-04167,2024-04-04,2025-04-04,12,2190,1095,0,,expired
LSE-006191,PROP-02245,RES-04167,2025-04-25,2026-04-25,12,2245,2245,0,LSE-006190,expired
LSE-006192,PROP-02245,RES-04167,2026-05-09,2028-05-09,24,2340,2340,0,LSE-006191,active
LSE-006193,PROP-02246,RES-04168,2024-01-23,2025-01-23,12,2105,2105,0,,expired
LSE-006194,PROP-02246,RES-04168,2025-04-02,2026-10-02,18,2235,1117,0,LSE-006193,active
LSE-006195,PROP-02247,RES-04169,2024-04-27,2026-04-27,24,2175,1087,0,,expired
LSE-006196,PROP-02247,RES-04170,2026-05-27,2027-05-27,12,2325,2325,1,,active
LSE-006197,PROP-02248,RES-04171,2023-01-22,2024-01-22,12,2095,1047,0,,expired
LSE-006198,PROP-02248,RES-04171,2024-03-02,2026-03-02,24,2160,2160,0,LSE-006197,expired
LSE-006199,PROP-02248,RES-04171,2026-05-07,2027-05-07,12,2265,1132,0,LSE-006198,active
LSE-006200,PROP-02249,RES-04172,2023-06-03,2024-12-03,18,2045,1022,0,,expired
LSE-006201,PROP-02249,RES-04172,2025-02-04,2027-02-04,24,2130,2130,0,LSE-006200,active
LSE-006202,PROP-02250,RES-04173,2024-12-01,2025-12-01,12,2090,1045,1,,expired
LSE-006203,PROP-02250,RES-04173,2026-02-01,2027-08-01,18,2270,2270,0,LSE-006202,active
LSE-006204,PROP-02251,RES-04174,2024-02-24,2025-02-24,12,2155,2155,0,,expired
LSE-006205,PROP-02251,RES-04175,2025-03-15,2026-03-15,12,2170,2170,0,,expired
LSE-006206,PROP-02251,RES-04175,2026-05-02,2028-05-02,24,2395,2395,0,LSE-006205,active
LSE-006207,PROP-02252,RES-04176,2023-10-21,2025-10-21,24,2045,2045,1,,expired
LSE-006208,PROP-02252,RES-04177,2025-10-31,2026-10-31,12,2220,1110,0,,active
LSE-006209,PROP-02253,RES-04178,2024-01-24,2025-01-24,12,2085,1042,0,,expired
LSE-006210,PROP-02253,RES-04179,2025-02-03,2026-02-03,12,2140,1070,0,,terminated-early
LSE-006211,PROP-02253,RES-04180,2026-03-30,2028-03-30,24,2380,2380,0,,active
LSE-006212,PROP-02254,RES-04181,2023-07-06,2025-07-06,24,2085,2085,0,,expired
LSE-006213,PROP-02254,RES-04182,2025-08-21,2026-08-21,12,2320,2320,0,,expired
LSE-006214,PROP-02255,RES-04183,2021-10-24,2022-10-24,12,2085,2085,0,,expired
LSE-006215,PROP-02255,RES-04183,2022-11-14,2023-11-14,12,2165,2165,0,LSE-006214,expired
LSE-006216,PROP-02255,RES-04183,2023-11-27,2024-11-27,12,2230,2230,0,LSE-006215,expired
LSE-006217,PROP-02255,RES-04184,2024-12-30,2026-06-30,18,2155,1077,0,,expired
LSE-006218,PROP-02255,RES-04184,2026-08-07,2028-08-07,24,2275,1137,0,LSE-006217,active
LSE-006219,PROP-02256,RES-04185,2022-06-23,2023-06-23,12,2025,1012,0,,expired
LSE-006220,PROP-02256,RES-04186,2023-07-29,2024-07-29,12,2140,2140,0,,expired
LSE-006221,PROP-02256,RES-04186,2024-10-05,2025-10-05,12,2220,2220,0,LSE-006220,expired
LSE-006222,PROP-02256,RES-04187,2025-10-21,2026-10-21,12,2225,2225,0,,active
LSE-006223,PROP-02257,RES-04188,2023-12-17,2025-12-17,24,2025,1012,0,,expired
LSE-006224,PROP-02257,RES-04189,2026-01-20,2028-01-20,24,2265,1132,0,,active
LSE-006225,PROP-02258,RES-04190,2022-02-04,2023-08-04,18,2030,2030,0,,expired
LSE-006226,PROP-02258,RES-04190,2023-10-03,2025-10-03,24,2080,2080,0,LSE-006225,expired
LSE-006227,PROP-02258,RES-04191,2025-12-01,2026-12-01,12,2250,2250,0,,active
LSE-006228,PROP-02259,RES-04192,2023-09-14,2024-09-14,12,2120,1060,0,,expired
LSE-006229,PROP-02259,RES-04193,2024-10-23,2026-04-23,18,2145,2145,0,,expired
LSE-006230,PROP-02259,RES-04193,2026-06-20,2027-06-20,12,2400,2400,0,LSE-006229,active
LSE-006231,PROP-02260,RES-04194,2022-08-01,2023-08-01,12,3675,3675,1,,expired
LSE-006232,PROP-02260,RES-04194,2023-09-20,2025-09-20,24,3840,3840,0,LSE-006231,expired
LSE-006233,PROP-02260,RES-04195,2025-10-06,2026-10-06,12,4040,2020,0,,active
LSE-006234,PROP-02261,RES-04196,2024-08-06,2025-08-06,12,4560,4560,0,,expired
LSE-006235,PROP-02261,RES-04196,2025-08-14,2027-08-14,24,4755,2377,1,LSE-006234,active
LSE-006236,PROP-02262,RES-04197,2024-04-16,2026-04-16,24,4065,4065,0,,expired
LSE-006237,PROP-02262,RES-04198,2026-04-22,2027-04-22,12,4425,4425,0,,active
LSE-006238,PROP-02263,RES-04199,2023-05-12,2024-05-12,12,4300,2150,1,,expired
LSE-006239,PROP-02263,RES-04200,2024-06-18,2025-12-18,18,4730,4730,0,,expired
LSE-006240,PROP-02263,RES-04200,2026-02-21,2027-02-21,12,4940,4940,1,LSE-006239,active
LSE-006241,PROP-02264,RES-04201,2024-02-11,2026-02-11,24,4370,4370,0,,expired
LSE-006242,PROP-02264,RES-04201,2026-04-02,2027-04-02,12,4685,2342,0,LSE-006241,active
LSE-006243,PROP-02265,RES-04202,2023-11-16,2024-11-16,12,3840,3840,0,,expired
LSE-006244,PROP-02265,RES-04202,2025-01-17,2027-01-17,24,4010,4010,0,LSE-006243,active
LSE-006245,PROP-02266,RES-04203,2021-11-11,2023-11-11,24,3870,3870,0,,expired
LSE-006246,PROP-02266,RES-04204,2023-12-16,2024-12-16,12,3775,1887,0,,expired
LSE-006247,PROP-02266,RES-04204,2024-12-27,2026-12-27,24,3935,3935,0,LSE-006246,active
LSE-006248,PROP-02267,RES-04205,2023-04-20,2024-04-20,12,4205,4205,1,,expired
LSE-006249,PROP-02267,RES-04206,2024-06-22,2025-12-22,18,4715,2357,0,,expired
LSE-006250,PROP-02267,RES-04206,2026-03-04,2027-03-04,12,4950,4950,0,LSE-006249,active
LSE-006251,PROP-02268,RES-04207,2023-03-09,2025-03-09,24,3890,3890,0,,expired
LSE-006252,PROP-02268,RES-04207,2025-03-18,2027-03-18,24,4020,4020,1,LSE-006251,active
LSE-006253,PROP-02269,RES-04208,2023-07-11,2024-07-11,12,4400,4400,0,,expired
LSE-006254,PROP-02269,RES-04208,2024-07-31,2026-07-31,24,4600,4600,0,LSE-006253,expired
LSE-006255,PROP-02270,RES-04209,2023-07-27,2025-07-27,24,4385,2192,0,,expired
LSE-006256,PROP-02270,RES-04210,2025-08-22,2027-08-22,24,4705,4705,1,,active
LSE-006257,PROP-02271,RES-04211,2024-10-11,2025-10-11,12,3985,1992,0,,expired
LSE-006258,PROP-02271,RES-04211,2025-10-18,2027-10-18,24,4085,2042,0,LSE-006257,active
LSE-006259,PROP-02272,RES-04212,2021-12-13,2022-12-13,12,4100,4100,0,,expired
LSE-006260,PROP-02272,RES-04212,2023-02-18,2024-02-18,12,4210,4210,0,LSE-006259,expired
LSE-006261,PROP-02272,RES-04213,2024-04-09,2025-10-09,18,4515,4515,0,,expired
LSE-006262,PROP-02272,RES-04214,2025-11-28,2026-11-28,12,4370,4370,0,,active
LSE-006263,PROP-02273,RES-04215,2023-12-09,2024-12-09,12,3740,3740,0,,expired
LSE-006264,PROP-02273,RES-04215,2024-12-25,2026-12-25,24,3880,1940,0,LSE-006263,active
LSE-006265,PROP-02274,RES-04216,2021-10-20,2022-10-20,12,3755,3755,0,,expired
LSE-006266,PROP-02274,RES-04216,2022-11-03,2024-11-03,24,3875,3875,0,LSE-006265,expired
LSE-006267,PROP-02274,RES-04216,2024-11-14,2025-11-14,12,4030,2015,0,LSE-006266,expired
LSE-006268,PROP-02274,RES-04217,2026-01-26,2028-01-26,24,4195,4195,0,,active
LSE-006269,PROP-02275,RES-04218,2022-02-17,2023-02-17,12,4380,2190,0,,expired
LSE-006270,PROP-02275,RES-04219,2023-05-03,2025-05-03,24,4270,4270,0,,expired
LSE-006271,PROP-02275,RES-04220,2025-07-11,2026-07-11,12,4950,2475,1,,expired
LSE-006272,PROP-02275,RES-04221,2026-08-30,2027-08-30,12,4855,2427,1,,active
LSE-006273,PROP-02276,RES-04222,2021-10-04,2023-10-04,24,3865,1932,0,,expired
LSE-006274,PROP-02276,RES-04223,2023-12-02,2025-06-02,18,3855,1927,0,,expired
LSE-006275,PROP-02276,RES-04223,2025-08-05,2027-08-05,24,4070,4070,0,LSE-006274,active
LSE-006276,PROP-02277,RES-04224,2023-04-16,2024-04-16,12,3855,1927,0,,expired
LSE-006277,PROP-02277,RES-04225,2024-05-13,2025-11-13,18,4010,2005,0,,expired
LSE-006278,PROP-02277,RES-04226,2026-01-12,2027-01-12,12,3980,3980,0,,active
LSE-006279,PROP-02278,RES-04227,2022-06-13,2023-06-13,12,3830,3830,0,,expired
LSE-006280,PROP-02278,RES-04227,2023-07-15,2025-07-15,24,3880,3880,0,LSE-006279,expired
LSE-006281,PROP-02278,RES-04228,2025-08-01,2026-08-01,12,4180,4180,0,,expired
LSE-006282,PROP-02278,RES-04229,2026-09-29,2028-09-29,24,4425,4425,1,,active
LSE-006283,PROP-02279,RES-04230,2024-05-04,2026-05-04,24,4590,4590,0,,expired
LSE-006284,PROP-02279,RES-04231,2026-06-06,2028-06-06,24,5085,2542,0,,active
LSE-006285,PROP-02280,RES-04232,2023-07-14,2025-07-14,24,3930,3930,0,,expired
LSE-006286,PROP-02280,RES-04232,2025-09-26,2027-09-26,24,4345,4345,0,LSE-006285,active
LSE-006287,PROP-02281,RES-04233,2023-08-27,2025-08-27,24,3760,3760,0,,expired
LSE-006288,PROP-02281,RES-04234,2025-09-22,2026-09-22,12,4210,2105,0,,expired
LSE-006289,PROP-02282,RES-04235,2024-02-16,2025-08-16,18,4490,2245,0,,expired
LSE-006290,PROP-02282,RES-04235,2025-10-01,2027-10-01,24,4705,2352,0,LSE-006289,active
LSE-006291,PROP-02283,RES-04236,2022-04-14,2023-04-14,12,3965,3965,0,,expired
LSE-006292,PROP-02283,RES-04237,2023-06-13,2024-12-13,18,3810,3810,0,,expired
LSE-006293,PROP-02283,RES-04238,2025-02-26,2026-02-26,12,4035,2017,0,,expired
LSE-006294,PROP-02283,RES-04238,2026-03-22,2028-03-22,24,4155,2077,0,LSE-006293,active
LSE-006295,PROP-02284,RES-04239,2021-11-25,2022-11-25,12,3865,1932,0,,expired
LSE-006296,PROP-02284,RES-04240,2022-12-14,2024-12-14,24,3795,3795,1,,expired
LSE-006297,PROP-02284,RES-04240,2024-12-24,2026-12-24,24,3950,3950,0,LSE-006296,active
LSE-006298,PROP-02285,RES-04241,2022-01-21,2023-01-21,12,4355,2177,0,,expired
LSE-006299,PROP-02285,RES-04242,2023-03-16,2025-03-16,24,4305,4305,0,,expired
LSE-006300,PROP-02285,RES-04243,2025-03-28,2026-09-28,18,4450,4450,0,,expired
LSE-006301,PROP-02286,RES-04244,2024-02-09,2026-02-09,24,3830,3830,0,,expired
LSE-006302,PROP-02286,RES-04245,2026-04-25,2027-10-25,18,4260,2130,0,,active
LSE-006303,PROP-02287,RES-04246,2022-10-25,2024-04-25,18,3920,1960,0,,expired
LSE-006304,PROP-02287,RES-04247,2024-05-03,2025-05-03,12,4000,2000,0,,expired
LSE-006305,PROP-02287,RES-04247,2025-06-11,2026-12-11,18,4160,4160,0,LSE-006304,active
LSE-006306,PROP-02288,RES-04248,2022-05-10,2024-05-10,24,4235,4235,0,,expired
LSE-006307,PROP-02288,RES-04249,2024-07-15,2026-07-15,24,4570,4570,0,,expired
LSE-006308,PROP-02288,RES-04250,2026-07-23,2028-07-23,24,4850,4850,0,,active
LSE-006309,PROP-02289,RES-04251,2024-03-22,2025-03-22,12,2095,2095,0,,expired
LSE-006310,PROP-02289,RES-04252,2025-05-14,2026-05-14,12,2240,2240,0,,expired
LSE-006311,PROP-02289,RES-04252,2026-07-07,2028-07-07,24,2350,2350,0,LSE-006310,active
LSE-006312,PROP-02290,RES-04253,2023-06-08,2024-06-08,12,2235,2235,0,,expired
LSE-006313,PROP-02290,RES-04253,2024-07-17,2025-07-17,12,2420,1210,0,LSE-006312,expired
LSE-006314,PROP-02290,RES-04254,2025-08-29,2026-08-29,12,2460,2460,0,,expired
LSE-006315,PROP-02290,RES-04254,2026-09-22,2028-03-22,18,2545,1272,0,LSE-006314,active
LSE-006316,PROP-02291,RES-04255,2023-04-10,2024-04-10,12,2260,2260,0,,expired
LSE-006317,PROP-02291,RES-04256,2024-05-25,2026-05-25,24,2420,2420,0,,expired
LSE-006318,PROP-02291,RES-04256,2026-07-12,2027-07-12,12,2575,2575,0,LSE-006317,active
LSE-006319,PROP-02292,RES-04257,2024-05-25,2026-05-25,24,2455,2455,0,,expired
LSE-006320,PROP-02292,RES-04257,2026-07-13,2028-01-13,18,2565,1282,0,LSE-006319,active
LSE-006321,PROP-02293,RES-04258,2024-01-20,2025-01-20,12,2035,1017,0,,expired
LSE-006322,PROP-02293,RES-04259,2025-02-26,2026-02-26,12,2145,2145,0,,expired
LSE-006323,PROP-02293,RES-04260,2026-03-03,2027-03-03,12,2165,1082,0,,active
LSE-006324,PROP-02294,RES-04261,2024-08-07,2025-08-07,12,2265,1132,1,,expired
LSE-006325,PROP-02294,RES-04261,2025-08-31,2027-08-31,24,2300,2300,1,LSE-006324,active
LSE-006326,PROP-02295,RES-04262,2023-09-05,2025-03-05,18,2010,2010,1,,expired
LSE-006327,PROP-02295,RES-04262,2025-04-16,2026-04-16,12,2200,2200,0,LSE-006326,expired
LSE-006328,PROP-02295,RES-04262,2026-06-10,2027-06-10,12,2270,2270,0,LSE-006327,active
LSE-006329,PROP-02296,RES-04263,2022-08-08,2024-08-08,24,2045,2045,0,,expired
LSE-006330,PROP-02296,RES-04264,2024-10-06,2025-10-06,12,2085,2085,0,,expired
LSE-006331,PROP-02296,RES-04264,2025-11-26,2027-11-26,24,2185,1092,1,LSE-006330,active
LSE-006332,PROP-02297,RES-04265,2023-12-26,2025-12-26,24,2270,2270,0,,expired
LSE-006333,PROP-02297,RES-04265,2026-02-16,2027-02-16,12,2365,1182,1,LSE-006332,active
LSE-006334,PROP-02298,RES-04266,2022-04-02,2024-04-02,24,2010,2010,1,,expired
LSE-006335,PROP-02298,RES-04266,2024-04-18,2025-04-18,12,2110,2110,0,LSE-006334,expired
LSE-006336,PROP-02298,RES-04266,2025-06-23,2026-06-23,12,2140,1070,0,LSE-006335,expired
LSE-006337,PROP-02298,RES-04266,2026-07-08,2028-07-08,24,2240,2240,0,LSE-006336,active
LSE-006338,PROP-02299,RES-04267,2021-10-07,2023-10-07,24,2205,2205,0,,expired
LSE-006339,PROP-02299,RES-04267,2023-11-13,2024-11-13,12,2300,1150,0,LSE-006338,expired
LSE-006340,PROP-02299,RES-04267,2024-11-29,2026-11-29,24,2395,2395,0,LSE-006339,active
LSE-006341,PROP-02300,RES-04268,2023-11-19,2024-11-19,12,1965,1965,0,,expired
LSE-006342,PROP-02300,RES-04269,2025-01-01,2026-01-01,12,2030,2030,0,,expired
LSE-006343,PROP-02300,RES-04269,2026-03-10,2027-03-10,12,2145,2145,0,LSE-006342,active
LSE-006344,PROP-02301,RES-04270,2021-10-24,2023-10-24,24,2320,1160,0,,expired
LSE-006345,PROP-02301,RES-04270,2023-11-28,2024-11-28,12,2350,2350,0,LSE-006344,expired
LSE-006346,PROP-02301,RES-04270,2025-01-01,2026-01-01,12,2440,2440,0,LSE-006345,expired
LSE-006347,PROP-02301,RES-04271,2026-03-05,2028-03-05,24,2445,2445,0,,active
LSE-006348,PROP-02302,RES-04272,2024-03-02,2026-03-02,24,2065,2065,0,,expired
LSE-006349,PROP-02302,RES-04273,2026-03-09,2028-03-09,24,2185,2185,0,,active
LSE-006350,PROP-02303,RES-04274,2024-01-22,2026-01-22,24,2050,1025,0,,expired
LSE-006351,PROP-02303,RES-04275,2026-03-21,2027-03-21,12,2265,1132,0,,active
LSE-006352,PROP-02304,RES-04276,2021-11-09,2023-11-09,24,2025,1012,0,,expired
LSE-006353,PROP-02304,RES-04277,2024-01-23,2026-01-23,24,1955,977,0,,expired
LSE-006354,PROP-02304,RES-04278,2026-03-03,2027-03-03,12,2190,2190,1,,active
LSE-006355,PROP-02305,RES-04279,2024-08-31,2025-08-31,12,2470,2470,0,,expired
LSE-006356,PROP-02305,RES-04280,2025-10-19,2027-10-19,24,2465,2465,0,,active
LSE-006357,PROP-02306,RES-04281,2022-07-28,2023-07-28,12,2380,2380,0,,expired
LSE-006358,PROP-02306,RES-04281,2023-10-04,2024-10-04,12,2470,2470,0,LSE-006357,expired
LSE-006359,PROP-02306,RES-04282,2024-10-26,2025-10-26,12,2345,2345,0,,expired
LSE-006360,PROP-02306,RES-04282,2025-12-14,2026-12-14,12,2415,1207,0,LSE-006359,active
LSE-006361,PROP-02307,RES-04283,2023-12-18,2025-12-18,24,2160,1080,0,,expired
LSE-006362,PROP-02307,RES-04284,2026-01-12,2027-01-12,12,2390,1195,0,,active
LSE-006363,PROP-02308,RES-04285,2023-08-13,2025-02-13,18,2040,1020,0,,expired
LSE-006364,PROP-02308,RES-04286,2025-03-02,2027-03-02,24,2235,2235,0,,active
LSE-006365,PROP-02309,RES-04287,2023-01-07,2024-01-07,12,2250,2250,0,,expired
LSE-006366,PROP-02309,RES-04288,2024-01-15,2025-01-15,12,2270,1135,0,,expired
LSE-006367,PROP-02309,RES-04288,2025-03-04,2026-03-04,12,2355,2355,0,LSE-006366,expired
LSE-006368,PROP-02309,RES-04288,2026-03-12,2027-09-12,18,2445,2445,0,LSE-006367,active
LSE-006369,PROP-02310,RES-04289,2025-02-05,2026-02-05,12,2295,2295,0,,expired
LSE-006370,PROP-02310,RES-04289,2026-04-10,2028-04-10,24,2515,2515,0,LSE-006369,active
LSE-006371,PROP-02311,RES-04290,2021-10-07,2023-04-07,18,2345,2345,0,,expired
LSE-006372,PROP-02311,RES-04291,2023-05-31,2024-05-31,12,2365,1182,0,,expired
LSE-006373,PROP-02311,RES-04291,2024-07-24,2025-07-24,12,2390,1195,1,LSE-006372,expired
LSE-006374,PROP-02311,RES-04292,2025-08-19,2027-08-19,24,2600,2600,0,,active
LSE-006375,PROP-02312,RES-04293,2024-03-09,2025-03-09,12,2290,2290,1,,expired
LSE-006376,PROP-02312,RES-04293,2025-03-26,2027-03-26,24,2385,1192,0,LSE-006375,active
LSE-006377,PROP-02313,RES-04294,2022-10-28,2023-10-28,12,2275,2275,0,,expired
LSE-006378,PROP-02313,RES-04295,2023-12-23,2025-12-23,24,2200,2200,0,,expired
LSE-006379,PROP-02313,RES-04295,2026-01-13,2028-01-13,24,2375,1187,1,LSE-006378,active
LSE-006380,PROP-02314,RES-04296,2023-11-18,2024-11-18,12,2005,2005,0,,expired
LSE-006381,PROP-02314,RES-04297,2025-01-25,2026-01-25,12,2035,2035,0,,expired
LSE-006382,PROP-02314,RES-04298,2026-03-04,2027-09-04,18,2180,2180,0,,active
LSE-006383,PROP-02315,RES-04299,2021-10-11,2023-10-11,24,2125,2125,0,,expired
LSE-006384,PROP-02315,RES-04299,2023-10-29,2025-10-29,24,2195,2195,0,LSE-006383,expired
LSE-006385,PROP-02315,RES-04300,2026-01-11,2027-01-11,12,2185,2185,0,,active
LSE-006386,PROP-02316,RES-04301,2022-07-07,2024-07-07,24,2255,1127,0,,expired
LSE-006387,PROP-02316,RES-04302,2024-07-17,2026-07-17,24,2520,1260,0,,expired
LSE-006388,PROP-02316,RES-04303,2026-09-09,2027-09-09,12,2570,2570,0,,active
LSE-006389,PROP-02317,RES-04304,2022-05-11,2023-05-11,12,2395,2395,0,,expired
LSE-006390,PROP-02317,RES-04304,2023-07-15,2024-07-15,12,2485,1242,0,LSE-006389,expired
LSE-006391,PROP-02317,RES-04304,2024-07-27,2025-07-27,12,2570,2570,0,LSE-006390,expired
LSE-006392,PROP-02317,RES-04305,2025-08-20,2026-08-20,12,2475,2475,0,,expired
LSE-006393,PROP-02317,RES-04306,2026-09-27,2027-09-27,12,2605,2605,0,,active
LSE-006394,PROP-02318,RES-04307,2024-01-10,2025-01-10,12,1975,987,0,,expired
LSE-006395,PROP-02318,RES-04308,2025-02-08,2027-02-08,24,2105,1052,0,,active
LSE-006396,PROP-02319,RES-04309,2022-06-01,2023-06-01,12,2270,2270,0,,expired
LSE-006397,PROP-02319,RES-04309,2023-07-30,2024-07-30,12,2335,1167,0,LSE-006396,expired
LSE-006398,PROP-02319,RES-04309,2024-08-26,2026-08-26,24,2390,2390,0,LSE-006397,expired
LSE-006399,PROP-02320,RES-04310,2022-07-18,2024-07-18,24,2070,2070,0,,expired
LSE-006400,PROP-02320,RES-04310,2024-07-30,2025-07-30,12,2140,2140,0,LSE-006399,expired
LSE-006401,PROP-02320,RES-04310,2025-08-15,2026-08-15,12,2190,2190,0,LSE-006400,expired
LSE-006402,PROP-02320,RES-04311,2026-08-20,2028-02-20,18,2295,1147,0,,active
LSE-006403,PROP-02321,RES-04312,2024-03-31,2025-03-31,12,2140,2140,0,,expired
LSE-006404,PROP-02321,RES-04313,2025-05-20,2026-05-20,12,2200,1100,1,,expired
LSE-006405,PROP-02321,RES-04313,2026-07-05,2027-07-05,12,2285,1142,0,LSE-006404,active
LSE-006406,PROP-02322,RES-04314,2023-05-11,2024-05-11,12,2120,2120,1,,expired
LSE-006407,PROP-02322,RES-04315,2024-05-16,2025-05-16,12,2165,2165,0,,expired
LSE-006408,PROP-02322,RES-04316,2025-06-01,2027-06-01,24,2295,1147,0,,active
LSE-006409,PROP-02323,RES-04317,2023-02-14,2025-02-14,24,2105,2105,0,,expired
LSE-006410,PROP-02323,RES-04318,2025-04-27,2027-04-27,24,2235,2235,0,,active
LSE-006411,PROP-02324,RES-04319,2023-06-13,2025-06-13,24,2325,1162,0,,expired
LSE-006412,PROP-02324,RES-04320,2025-07-29,2026-07-29,12,2460,2460,0,,expired
LSE-006413,PROP-02324,RES-04321,2026-09-08,2027-09-08,12,2455,2455,0,,active
LSE-006414,PROP-02325,RES-04322,2022-06-24,2023-06-24,12,2000,1000,1,,expired
LSE-006415,PROP-02325,RES-04322,2023-07-14,2024-07-14,12,2030,2030,0,LSE-006414,expired
LSE-006416,PROP-02325,RES-04323,2024-08-18,2025-08-18,12,2095,1047,0,,expired
LSE-006417,PROP-02325,RES-04323,2025-10-16,2027-10-16,24,2170,2170,0,LSE-006416,active
LSE-006418,PROP-02326,RES-04324,2022-06-14,2024-06-14,24,2385,2385,0,,expired
LSE-006419,PROP-02326,RES-04324,2024-08-19,2026-08-19,24,2470,1235,0,LSE-006418,expired
LSE-006420,PROP-02326,RES-04325,2026-08-26,2027-08-26,12,2680,2680,0,,active
LSE-006421,PROP-02327,RES-04326,2024-02-07,2025-02-07,12,2375,1187,0,,expired
LSE-006422,PROP-02327,RES-04327,2025-04-18,2026-04-18,12,2650,2650,0,,expired
LSE-006423,PROP-02327,RES-04328,2026-06-05,2027-06-05,12,2670,2670,1,,active
LSE-006424,PROP-02328,RES-04329,2024-03-28,2025-09-28,18,2485,2485,0,,expired
LSE-006425,PROP-02328,RES-04330,2025-12-04,2027-12-04,24,2495,2495,0,,active
LSE-006426,PROP-02329,RES-04331,2023-04-05,2025-04-05,24,2355,1177,0,,expired
LSE-006427,PROP-02329,RES-04331,2025-05-26,2027-05-26,24,2640,2640,0,LSE-006426,active
LSE-006428,PROP-02330,RES-04332,2023-06-19,2025-06-19,24,2325,1162,0,,expired
LSE-006429,PROP-02330,RES-04333,2025-07-01,2026-07-01,12,2530,1265,0,,expired
LSE-006430,PROP-02330,RES-04333,2026-09-10,2027-09-10,12,2600,2600,0,LSE-006429,active
LSE-006431,PROP-02331,RES-04334,2023-07-15,2025-01-15,18,2405,2405,0,,expired
LSE-006432,PROP-02331,RES-04334,2025-03-19,2026-03-19,12,2450,2450,0,LSE-006431,expired
LSE-006433,PROP-02331,RES-04334,2026-04-03,2027-04-03,12,2680,1340,0,LSE-006432,active
LSE-006434,PROP-02332,RES-04335,2023-05-23,2024-05-23,12,2300,1150,0,,expired
LSE-006435,PROP-02332,RES-04335,2024-06-09,2025-06-09,12,2500,1250,0,LSE-006434,expired
LSE-006436,PROP-02332,RES-04336,2025-06-27,2026-06-27,12,2655,1327,0,,expired
LSE-006437,PROP-02332,RES-04336,2026-07-12,2027-07-12,12,2725,2725,0,LSE-006436,active
LSE-006438,PROP-02333,RES-04337,2023-05-19,2024-05-19,12,2375,2375,0,,terminated-early
LSE-006439,PROP-02333,RES-04338,2024-06-02,2026-06-02,24,2545,1272,0,,expired
LSE-006440,PROP-02333,RES-04339,2026-06-20,2027-06-20,12,2700,2700,0,,active
LSE-006441,PROP-02334,RES-04340,2024-09-07,2025-09-07,12,2475,2475,0,,expired
LSE-006442,PROP-02334,RES-04340,2025-10-31,2027-10-31,24,2590,1295,0,LSE-006441,active
LSE-006443,PROP-02335,RES-04341,2024-02-09,2025-02-09,12,2285,2285,1,,expired
LSE-006444,PROP-02335,RES-04341,2025-03-12,2026-03-12,12,2390,1195,0,LSE-006443,expired
LSE-006445,PROP-02335,RES-04341,2026-04-08,2027-10-08,18,2580,2580,0,LSE-006444,active
LSE-006446,PROP-02336,RES-04342,2023-06-22,2024-06-22,12,2335,2335,0,,expired
LSE-006447,PROP-02336,RES-04343,2024-06-28,2026-06-28,24,2490,2490,0,,expired
LSE-006448,PROP-02336,RES-04343,2026-08-23,2027-08-23,12,2635,1317,0,LSE-006447,active
LSE-006449,PROP-02337,RES-04344,2022-07-22,2023-07-22,12,2235,1117,0,,expired
LSE-006450,PROP-02337,RES-04345,2023-09-25,2025-03-25,18,2270,2270,0,,expired
LSE-006451,PROP-02337,RES-04346,2025-04-19,2027-04-19,24,2450,2450,0,,active
LSE-006452,PROP-02338,RES-04347,2023-01-27,2024-01-27,12,2280,2280,1,,expired
LSE-006453,PROP-02338,RES-04348,2024-03-21,2025-09-21,18,2430,2430,0,,expired
LSE-006454,PROP-02338,RES-04348,2025-10-02,2026-10-02,12,2510,1255,1,LSE-006453,active
LSE-006455,PROP-02339,RES-04349,2022-02-07,2024-02-07,24,2320,2320,0,,expired
LSE-006456,PROP-02339,RES-04350,2024-04-20,2026-04-20,24,2410,2410,0,,expired
LSE-006457,PROP-02339,RES-04351,2026-07-04,2027-07-04,12,2740,2740,0,,active
LSE-006458,PROP-02340,RES-04352,2024-06-18,2025-12-18,18,2460,2460,0,,expired
LSE-006459,PROP-02340,RES-04353,2026-01-10,2027-01-10,12,2515,2515,0,,active
LSE-006460,PROP-02341,RES-04354,2025-01-13,2026-01-13,12,2335,1167,1,,expired
LSE-006461,PROP-02341,RES-04355,2026-03-28,2028-03-28,24,2535,2535,0,,active
LSE-006462,PROP-02342,RES-04356,2023-01-27,2025-01-27,24,2320,2320,0,,expired
LSE-006463,PROP-02342,RES-04357,2025-03-03,2027-03-03,24,2575,2575,0,,active
LSE-006464,PROP-02343,RES-04358,2023-07-01,2025-01-01,18,2305,2305,0,,expired
LSE-006465,PROP-02343,RES-04358,2025-02-28,2026-08-28,18,2405,1202,0,LSE-006464,expired
LSE-006466,PROP-02344,RES-04359,2023-06-15,2025-06-15,24,2290,2290,0,,expired
LSE-006467,PROP-02344,RES-04359,2025-08-13,2026-08-13,12,2455,2455,0,LSE-006466,expired
LSE-006468,PROP-02344,RES-04360,2026-09-01,2028-09-01,24,2540,2540,0,,active
LSE-006469,PROP-02345,RES-04361,2021-11-08,2022-11-08,12,2320,2320,0,,expired
LSE-006470,PROP-02345,RES-04362,2022-12-08,2024-06-08,18,2250,2250,0,,expired
LSE-006471,PROP-02345,RES-04362,2024-06-24,2026-06-24,24,2350,2350,0,LSE-006470,expired
LSE-006472,PROP-02345,RES-04362,2026-07-28,2028-07-28,24,2575,2575,0,LSE-006471,active
LSE-006473,PROP-02346,RES-04363,2023-01-14,2024-01-14,12,2325,1162,0,,expired
LSE-006474,PROP-02346,RES-04363,2024-02-09,2025-02-09,12,2425,2425,0,LSE-006473,expired
LSE-006475,PROP-02346,RES-04363,2025-03-01,2026-03-01,12,2520,2520,0,LSE-006474,expired
LSE-006476,PROP-02346,RES-04364,2026-04-15,2027-04-15,12,2655,2655,0,,active
LSE-006477,PROP-02347,RES-04365,2022-07-23,2024-07-23,24,2310,2310,0,,expired
LSE-006478,PROP-02347,RES-04366,2024-08-15,2026-08-15,24,2580,2580,0,,expired
LSE-006479,PROP-02347,RES-04367,2026-08-24,2028-08-24,24,2760,2760,0,,active
LSE-006480,PROP-02348,RES-04368,2021-10-23,2022-10-23,12,2300,2300,0,,expired
LSE-006481,PROP-02348,RES-04368,2022-12-24,2024-12-24,24,2395,2395,1,LSE-006480,expired
LSE-006482,PROP-02348,RES-04368,2025-01-31,2026-01-31,12,2465,1232,0,LSE-006481,expired
LSE-006483,PROP-02348,RES-04368,2026-02-07,2027-02-07,12,2535,1267,0,LSE-006482,active
LSE-006484,PROP-02349,RES-04369,2021-10-18,2023-04-18,18,2315,2315,1,,expired
LSE-006485,PROP-02349,RES-04369,2023-05-19,2024-05-19,12,2400,1200,0,LSE-006484,expired
LSE-006486,PROP-02349,RES-04370,2024-06-08,2025-06-08,12,2540,2540,0,,expired
LSE-006487,PROP-02349,RES-04370,2025-07-10,2027-07-10,24,2640,2640,0,LSE-006486,active
LSE-006488,PROP-02350,RES-04371,2021-10-10,2023-10-10,24,2290,2290,0,,expired
LSE-006489,PROP-02350,RES-04371,2023-12-13,2025-12-13,24,2345,1172,0,LSE-006488,expired
LSE-006490,PROP-02350,RES-04371,2026-01-16,2027-07-16,18,2495,1247,0,LSE-006489,active
LSE-006491,PROP-02351,RES-04372,2022-04-19,2023-04-19,12,2325,1162,0,,expired
LSE-006492,PROP-02351,RES-04373,2023-06-05,2024-12-05,18,2315,2315,0,,expired
LSE-006493,PROP-02351,RES-04373,2025-02-01,2026-02-01,12,2480,2480,0,LSE-006492,expired
LSE-006494,PROP-02351,RES-04373,2026-04-08,2027-04-08,12,2610,2610,0,LSE-006493,active
LSE-006495,PROP-02352,RES-04374,2023-07-26,2025-07-26,24,2370,1185,0,,expired
LSE-006496,PROP-02352,RES-04374,2025-09-27,2027-09-27,24,2470,2470,0,LSE-006495,active
LSE-006497,PROP-02353,RES-04375,2024-08-28,2025-08-28,12,2475,2475,0,,expired
LSE-006498,PROP-02353,RES-04376,2025-10-02,2026-10-02,12,2515,2515,0,,active
LSE-006499,PROP-02354,RES-04377,2022-08-07,2024-08-07,24,2315,2315,0,,expired
LSE-006500,PROP-02354,RES-04378,2024-10-21,2026-10-21,24,2400,2400,0,,active
LSE-006501,PROP-02355,RES-04379,2023-09-24,2025-03-24,18,2310,1155,0,,expired
LSE-006502,PROP-02355,RES-04379,2025-05-12,2026-05-12,12,2585,1292,0,LSE-006501,expired
LSE-006503,PROP-02355,RES-04379,2026-07-08,2027-07-08,12,2690,2690,0,LSE-006502,active
LSE-006504,PROP-02356,RES-04380,2023-03-02,2024-03-02,12,2110,2110,0,,expired
LSE-006505,PROP-02356,RES-04381,2024-04-08,2025-04-08,12,2215,2215,0,,expired
LSE-006506,PROP-02356,RES-04382,2025-06-22,2026-06-22,12,2385,2385,0,,expired
LSE-006507,PROP-02356,RES-04382,2026-08-27,2027-08-27,12,2480,1240,1,LSE-006506,active
LSE-006508,PROP-02357,RES-04383,2022-07-18,2023-07-18,12,2155,1077,1,,expired
LSE-006509,PROP-02357,RES-04384,2023-08-10,2025-08-10,24,2140,2140,0,,expired
LSE-006510,PROP-02357,RES-04385,2025-09-25,2027-09-25,24,2250,2250,0,,active
LSE-006511,PROP-02358,RES-04386,2022-08-10,2024-08-10,24,2390,2390,0,,expired
LSE-006512,PROP-02358,RES-04386,2024-08-27,2025-08-27,12,2440,2440,0,LSE-006511,expired
LSE-006513,PROP-02358,RES-04387,2025-11-01,2026-11-01,12,2425,2425,0,,active
LSE-006514,PROP-02359,RES-04388,2023-02-13,2024-02-13,12,2375,2375,0,,expired
LSE-006515,PROP-02359,RES-04389,2024-02-27,2025-02-27,12,2365,1182,0,,expired
LSE-006516,PROP-02359,RES-04389,2025-03-22,2026-09-22,18,2435,2435,0,LSE-006515,expired
LSE-006517,PROP-02360,RES-04390,2023-05-26,2024-11-26,18,2285,1142,0,,expired
LSE-006518,PROP-02360,RES-04391,2025-02-04,2026-02-04,12,2420,2420,0,,expired
LSE-006519,PROP-02360,RES-04391,2026-04-07,2027-04-07,12,2585,1292,0,LSE-006518,active
LSE-006520,PROP-02361,RES-04392,2025-01-30,2026-01-30,12,2475,1237,0,,expired
LSE-006521,PROP-02361,RES-04393,2026-04-14,2027-04-14,12,2715,2715,0,,active
LSE-006522,PROP-02362,RES-04394,2023-07-27,2024-07-27,12,2070,2070,1,,expired
LSE-006523,PROP-02362,RES-04395,2024-08-19,2026-02-19,18,2245,2245,0,,expired
LSE-006524,PROP-02362,RES-04396,2026-03-11,2027-09-11,18,2375,2375,0,,active
LSE-006525,PROP-02363,RES-04397,2023-07-25,2025-07-25,24,2140,2140,0,,expired
LSE-006526,PROP-02363,RES-04398,2025-09-02,2026-09-02,12,2195,1097,0,,expired
LSE-006527,PROP-02364,RES-04399,2023-11-19,2025-05-19,18,2315,1157,0,,expired
LSE-006528,PROP-02364,RES-04399,2025-06-24,2027-06-24,24,2560,2560,0,LSE-006527,active
LSE-006529,PROP-02365,RES-04400,2024-03-23,2026-03-23,24,2480,2480,0,,expired
LSE-006530,PROP-02365,RES-04401,2026-05-24,2027-05-24,12,2660,1330,0,,active
LSE-006531,PROP-02366,RES-04402,2022-08-24,2024-08-24,24,2125,2125,0,,expired
LSE-006532,PROP-02366,RES-04402,2024-09-22,2026-09-22,24,2225,1112,1,LSE-006531,expired
LSE-006533,PROP-02367,RES-04403,2023-04-25,2024-04-25,12,2115,2115,0,,expired
LSE-006534,PROP-02367,RES-04404,2024-05-15,2026-05-15,24,2250,2250,0,,expired
LSE-006535,PROP-02367,RES-04405,2026-07-25,2028-07-25,24,2460,2460,1,,active
LSE-006536,PROP-02368,RES-04406,2023-01-09,2024-01-09,12,2425,2425,0,,expired
LSE-006537,PROP-02368,RES-04407,2024-02-24,2025-02-24,12,2405,1202,1,,terminated-early
LSE-006538,PROP-02368,RES-04408,2025-03-20,2026-03-20,12,2485,2485,0,,expired
LSE-006539,PROP-02368,RES-04409,2026-05-24,2028-05-24,24,2685,2685,0,,active
LSE-006540,PROP-02369,RES-04410,2022-04-04,2023-04-04,12,2265,1132,0,,expired
LSE-006541,PROP-02369,RES-04411,2023-05-20,2025-05-20,24,2285,2285,0,,expired
LSE-006542,PROP-02369,RES-04411,2025-06-11,2026-12-11,18,2460,1230,0,LSE-006541,active
LSE-006543,PROP-02370,RES-04412,2024-08-27,2025-08-27,12,2330,2330,0,,expired
LSE-006544,PROP-02370,RES-04412,2025-10-21,2027-10-21,24,2410,1205,0,LSE-006543,active
LSE-006545,PROP-02371,RES-04413,2023-06-02,2025-06-02,24,2350,2350,0,,expired
LSE-006546,PROP-02371,RES-04413,2025-06-25,2026-06-25,12,2630,2630,0,LSE-006545,expired
LSE-006547,PROP-02371,RES-04414,2026-07-06,2027-07-06,12,2695,1347,0,,active
LSE-006548,PROP-02372,RES-04415,2022-10-14,2023-10-14,12,2315,1157,1,,expired
LSE-006549,PROP-02372,RES-04415,2023-11-22,2024-11-22,12,2385,1192,0,LSE-006548,expired
LSE-006550,PROP-02372,RES-04416,2025-01-15,2026-07-15,18,2450,1225,0,,expired
LSE-006551,PROP-02372,RES-04417,2026-07-23,2027-07-23,12,2755,1377,1,,active
LSE-006552,PROP-02373,RES-04418,2025-01-12,2026-01-12,12,2160,2160,0,,expired
LSE-006553,PROP-02373,RES-04419,2026-02-01,2027-02-01,12,2345,2345,0,,active
LSE-006554,PROP-02374,RES-04420,2023-04-21,2024-10-21,18,2030,2030,0,,expired
LSE-006555,PROP-02374,RES-04421,2024-12-03,2025-12-03,12,2140,2140,0,,expired
LSE-006556,PROP-02374,RES-04422,2026-01-29,2027-07-29,18,2210,1105,0,,active
LSE-006557,PROP-02375,RES-04423,2023-05-06,2025-05-06,24,2105,1052,0,,expired
LSE-006558,PROP-02375,RES-04424,2025-06-27,2027-06-27,24,2290,2290,1,,active
LSE-006559,PROP-02376,RES-04425,2023-05-07,2024-05-07,12,2200,2200,0,,expired
LSE-006560,PROP-02376,RES-04425,2024-05-14,2025-05-14,12,2280,2280,0,LSE-006559,expired
LSE-006561,PROP-02376,RES-04426,2025-07-10,2026-07-10,12,2385,2385,0,,expired
LSE-006562,PROP-02376,RES-04427,2026-08-11,2028-08-11,24,2410,2410,1,,active
LSE-006563,PROP-02377,RES-04428,2023-08-19,2025-08-19,24,2090,2090,0,,expired
LSE-006564,PROP-02377,RES-04428,2025-09-23,2027-09-23,24,2240,2240,0,LSE-006563,active
LSE-006565,PROP-02378,RES-04429,2023-06-22,2025-06-22,24,2155,1077,0,,expired
LSE-006566,PROP-02378,RES-04429,2025-07-11,2027-07-11,24,2345,2345,0,LSE-006565,active
LSE-006567,PROP-02379,RES-04430,2023-04-08,2024-04-08,12,2450,2450,1,,expired
LSE-006568,PROP-02379,RES-04430,2024-05-16,2026-05-16,24,2510,2510,0,LSE-006567,expired
LSE-006569,PROP-02379,RES-04430,2026-07-27,2027-07-27,12,2690,2690,0,LSE-006568,active
LSE-006570,PROP-02380,RES-04431,2024-07-10,2026-07-10,24,2325,1162,0,,expired
LSE-006571,PROP-02380,RES-04431,2026-09-07,2027-09-07,12,2365,2365,0,LSE-006570,active
LSE-006572,PROP-02381,RES-04432,2024-07-16,2025-07-16,12,2485,2485,0,,expired
LSE-006573,PROP-02381,RES-04433,2025-08-09,2026-08-09,12,2625,2625,0,,expired
LSE-006574,PROP-02381,RES-04433,2026-08-20,2027-08-20,12,2650,2650,1,LSE-006573,active
LSE-006575,PROP-02382,RES-04434,2024-02-16,2025-08-16,18,2105,2105,0,,expired
LSE-006576,PROP-02382,RES-04435,2025-10-11,2027-04-11,18,2235,2235,0,,active
LSE-006577,PROP-02383,RES-04436,2022-03-14,2024-03-14,24,2175,2175,0,,expired
LSE-006578,PROP-02383,RES-04436,2024-03-21,2025-03-21,12,2200,1100,0,LSE-006577,expired
LSE-006579,PROP-02383,RES-04437,2025-04-07,2026-04-07,12,2320,2320,0,,expired
LSE-006580,PROP-02383,RES-04437,2026-06-11,2028-06-11,24,2425,2425,0,LSE-006579,active
LSE-006581,PROP-02384,RES-04438,2023-07-05,2024-07-05,12,2170,2170,0,,expired
LSE-006582,PROP-02384,RES-04439,2024-08-15,2026-08-15,24,2320,2320,0,,expired
LSE-006583,PROP-02385,RES-04440,2023-01-05,2025-01-05,24,2345,1172,0,,expired
LSE-006584,PROP-02385,RES-04440,2025-03-06,2027-03-06,24,2455,1227,0,LSE-006583,active
LSE-006585,PROP-02386,RES-04441,2022-06-11,2024-06-11,24,2335,2335,0,,expired
LSE-006586,PROP-02386,RES-04442,2024-08-17,2026-08-17,24,2475,2475,0,,expired
LSE-006587,PROP-02386,RES-04443,2026-09-13,2027-09-13,12,2640,2640,1,,active
LSE-006588,PROP-02387,RES-04444,2023-03-24,2024-03-24,12,2300,1150,0,,expired
LSE-006589,PROP-02387,RES-04445,2024-04-25,2025-04-25,12,2525,2525,0,,expired
LSE-006590,PROP-02387,RES-04446,2025-07-04,2026-07-04,12,2695,2695,0,,expired
LSE-006591,PROP-02387,RES-04446,2026-09-08,2027-09-08,12,2795,2795,0,LSE-006590,active
LSE-006592,PROP-02388,RES-04447,2023-10-19,2024-10-19,12,1705,852,0,,expired
LSE-006593,PROP-02388,RES-04448,2024-12-08,2026-12-08,24,1780,1780,1,,active
LSE-006594,PROP-02389,RES-04449,2023-08-10,2024-08-10,12,1735,1735,0,,expired
LSE-006595,PROP-02389,RES-04449,2024-10-15,2026-10-15,24,1770,1770,0,LSE-006594,active
LSE-006596,PROP-02390,RES-04450,2021-12-24,2023-12-24,24,1720,1720,0,,expired
LSE-006597,PROP-02390,RES-04451,2024-02-05,2025-02-05,12,1705,852,0,,expired
LSE-006598,PROP-02390,RES-04451,2025-03-02,2026-09-02,18,1850,1850,0,LSE-006597,expired
LSE-006599,PROP-02391,RES-04452,2021-11-17,2023-11-17,24,1695,847,0,,expired
LSE-006600,PROP-02391,RES-04453,2023-12-08,2024-12-08,12,1720,1720,0,,expired
LSE-006601,PROP-02391,RES-04453,2025-01-25,2026-01-25,12,1815,1815,0,LSE-006600,expired
LSE-006602,PROP-02391,RES-04453,2026-03-06,2028-03-06,24,1905,1905,0,LSE-006601,active
LSE-006603,PROP-02392,RES-04454,2023-10-02,2025-10-02,24,1755,1755,0,,expired
LSE-006604,PROP-02392,RES-04455,2025-10-29,2027-10-29,24,1945,1945,0,,active
LSE-006605,PROP-02393,RES-04456,2023-07-21,2024-07-21,12,1770,1770,0,,expired
LSE-006606,PROP-02393,RES-04456,2024-08-08,2025-08-08,12,1825,1825,0,LSE-006605,expired
LSE-006607,PROP-02393,RES-04457,2025-09-23,2027-09-23,24,1985,992,0,,active
LSE-006608,PROP-02394,RES-04458,2022-11-16,2024-11-16,24,1810,905,0,,expired
LSE-006609,PROP-02394,RES-04459,2025-01-08,2026-01-08,12,1875,1875,0,,expired
LSE-006610,PROP-02394,RES-04459,2026-02-14,2027-08-14,18,1910,1910,0,LSE-006609,active
LSE-006611,PROP-02395,RES-04460,2024-03-03,2025-03-03,12,1860,930,0,,expired
LSE-006612,PROP-02395,RES-04461,2025-03-23,2026-09-23,18,1875,937,1,,expired
LSE-006613,PROP-02396,RES-04462,2023-06-19,2025-06-19,24,1765,1765,0,,expired
LSE-006614,PROP-02396,RES-04462,2025-08-02,2026-08-02,12,1910,1910,0,LSE-006613,expired
LSE-006615,PROP-02396,RES-04462,2026-09-01,2027-09-01,12,1960,1960,1,LSE-006614,active
LSE-006616,PROP-02397,RES-04463,2023-06-13,2024-06-13,12,1720,860,0,,expired
LSE-006617,PROP-02397,RES-04464,2024-08-04,2026-02-04,18,1905,1905,0,,expired
LSE-006618,PROP-02397,RES-04464,2026-03-02,2027-03-02,12,1970,985,0,LSE-006617,active
LSE-006619,PROP-02398,RES-04465,2022-01-23,2023-01-23,12,1760,1760,0,,expired
LSE-006620,PROP-02398,RES-04466,2023-02-03,2025-02-03,24,1735,867,0,,expired
LSE-006621,PROP-02398,RES-04466,2025-03-15,2027-03-15,24,1870,1870,0,LSE-006620,active
LSE-006622,PROP-02399,RES-04467,2022-10-08,2024-10-08,24,1785,1785,0,,expired
LSE-006623,PROP-02399,RES-04467,2024-10-30,2025-10-30,12,1870,935,1,LSE-006622,expired
LSE-006624,PROP-02399,RES-04468,2025-11-04,2027-05-04,18,1970,1970,0,,active
LSE-006625,PROP-02400,RES-04469,2023-08-21,2024-08-21,12,1725,1725,1,,expired
LSE-006626,PROP-02400,RES-04469,2024-08-26,2025-08-26,12,1785,1785,0,LSE-006625,expired
LSE-006627,PROP-02400,RES-04470,2025-10-29,2027-04-29,18,1885,942,0,,active
LSE-006628,PROP-02401,RES-04471,2021-10-06,2023-10-06,24,1785,1785,0,,expired
LSE-006629,PROP-02401,RES-04471,2023-12-09,2024-12-09,12,1825,1825,0,LSE-006628,expired
LSE-006630,PROP-02401,RES-04472,2025-01-27,2026-01-27,12,1755,877,0,,expired
LSE-006631,PROP-02401,RES-04472,2026-04-10,2027-04-10,12,1905,1905,0,LSE-006630,active
LSE-006632,PROP-02402,RES-04473,2022-08-07,2024-08-07,24,1740,1740,0,,expired
LSE-006633,PROP-02402,RES-04474,2024-08-21,2025-08-21,12,1825,912,0,,expired
LSE-006634,PROP-02402,RES-04475,2025-09-01,2026-09-01,12,1865,932,1,,expired
LSE-006635,PROP-02403,RES-04476,2023-10-11,2025-10-11,24,1740,870,0,,expired
LSE-006636,PROP-02403,RES-04477,2025-12-01,2027-12-01,24,1875,937,0,,active
LSE-006637,PROP-02404,RES-04478,2023-07-19,2024-07-19,12,1785,892,0,,expired
LSE-006638,PROP-02404,RES-04479,2024-08-27,2026-08-27,24,1840,920,0,,expired
LSE-006639,PROP-02405,RES-04480,2022-06-24,2023-06-24,12,1745,1745,0,,expired
LSE-006640,PROP-02405,RES-04480,2023-07-01,2025-01-01,18,1825,1825,0,LSE-006639,expired
LSE-006641,PROP-02405,RES-04481,2025-01-12,2026-01-12,12,1835,1835,0,,expired
LSE-006642,PROP-02405,RES-04481,2026-03-24,2028-03-24,24,1925,1925,0,LSE-006641,active
LSE-006643,PROP-02406,RES-04482,2022-05-18,2023-11-18,18,1690,845,0,,expired
LSE-006644,PROP-02406,RES-04483,2023-12-24,2025-06-24,18,1710,1710,0,,expired
LSE-006645,PROP-02406,RES-04484,2025-08-09,2026-08-09,12,1955,1955,0,,expired
LSE-006646,PROP-02406,RES-04485,2026-09-27,2028-09-27,24,2005,2005,0,,active
LSE-006647,PROP-02407,RES-04486,2023-06-19,2025-06-19,24,1745,1745,0,,expired
LSE-006648,PROP-02407,RES-04486,2025-08-25,2027-08-25,24,1905,1905,0,LSE-006647,active
LSE-006649,PROP-02408,RES-04487,2025-02-26,2026-08-26,18,1880,940,0,,expired
LSE-006650,PROP-02409,RES-04488,2023-06-23,2025-06-23,24,1680,840,0,,expired
LSE-006651,PROP-02409,RES-04489,2025-09-02,2027-03-02,18,1920,1920,0,,active
LSE-006652,PROP-02410,RES-04490,2022-09-02,2023-09-02,12,1710,855,0,,expired
LSE-006653,PROP-02410,RES-04490,2023-09-18,2025-09-18,24,1780,1780,0,LSE-006652,expired
LSE-006654,PROP-02410,RES-04491,2025-10-28,2026-10-28,12,1890,1890,0,,active
LSE-006655,PROP-02411,RES-04492,2023-06-17,2024-06-17,12,1775,1775,0,,expired
LSE-006656,PROP-02411,RES-04493,2024-07-24,2025-07-24,12,1940,1940,1,,expired
LSE-006657,PROP-02411,RES-04494,2025-08-10,2026-08-10,12,2020,2020,0,,expired
LSE-006658,PROP-02411,RES-04495,2026-08-23,2027-08-23,12,2025,2025,0,,active
LSE-006659,PROP-02412,RES-04496,2023-12-11,2025-12-11,24,1730,865,1,,expired
LSE-006660,PROP-02412,RES-04496,2026-02-02,2027-02-02,12,1815,1815,0,LSE-006659,active
LSE-006661,PROP-02413,RES-04497,2022-07-28,2024-01-28,18,1775,1775,0,,expired
LSE-006662,PROP-02413,RES-04498,2024-03-11,2025-03-11,12,1780,890,0,,expired
LSE-006663,PROP-02413,RES-04498,2025-05-11,2026-11-11,18,1940,1940,0,LSE-006662,active
LSE-006664,PROP-02414,RES-04499,2023-09-09,2024-09-09,12,1690,845,0,,expired
LSE-006665,PROP-02414,RES-04499,2024-11-03,2025-11-03,12,1715,1715,0,LSE-006664,expired
LSE-006666,PROP-02414,RES-04500,2025-12-28,2026-12-28,12,1915,1915,0,,active
LSE-006667,PROP-02415,RES-04501,2023-06-01,2024-12-01,18,1760,1760,0,,expired
LSE-006668,PROP-02415,RES-04502,2025-01-15,2026-07-15,18,1875,1875,0,,expired
LSE-006669,PROP-02415,RES-04502,2026-08-09,2027-08-09,12,2030,2030,0,LSE-006668,active
LSE-006670,PROP-02416,RES-04503,2021-10-07,2022-10-07,12,1690,845,0,,expired
LSE-006671,PROP-02416,RES-04503,2022-11-21,2023-11-21,12,1770,1770,0,LSE-006670,expired
LSE-006672,PROP-02416,RES-04504,2023-12-09,2024-12-09,12,1655,1655,0,,expired
LSE-006673,PROP-02416,RES-04505,2024-12-28,2025-12-28,12,1795,897,0,,terminated-early
LSE-006674,PROP-02416,RES-04506,2026-02-17,2028-02-17,24,1875,1875,0,,active
LSE-006675,PROP-02417,RES-04507,2022-07-16,2023-07-16,12,1735,1735,0,,expired
LSE-006676,PROP-02417,RES-04508,2023-09-17,2025-09-17,24,1760,1760,0,,expired
LSE-006677,PROP-02417,RES-04509,2025-10-24,2026-10-24,12,1920,1920,0,,active
LSE-006678,PROP-02418,RES-04510,2023-01-14,2025-01-14,24,1750,1750,1,,expired
LSE-006679,PROP-02418,RES-04511,2025-02-16,2027-02-16,24,1840,920,0,,active
LSE-006680,PROP-02419,RES-04512,2023-03-03,2025-03-03,24,1805,902,0,,expired
LSE-006681,PROP-02419,RES-04512,2025-05-15,2026-05-15,12,1885,1885,0,LSE-006680,expired
LSE-006682,PROP-02419,RES-04513,2026-07-05,2027-07-05,12,2060,1030,0,,active
LSE-006683,PROP-02420,RES-04514,2022-07-28,2024-07-28,24,1775,1775,1,,expired
LSE-006684,PROP-02420,RES-04515,2024-08-31,2025-08-31,12,1815,907,1,,expired
LSE-006685,PROP-02420,RES-04516,2025-09-24,2026-09-24,12,1975,987,1,,expired
LSE-006686,PROP-02421,RES-04517,2021-10-25,2023-10-25,24,1785,1785,0,,expired
LSE-006687,PROP-02421,RES-04517,2023-11-15,2024-11-15,12,1835,917,0,LSE-006686,expired
LSE-006688,PROP-02421,RES-04518,2024-12-06,2025-12-06,12,1815,1815,0,,expired
LSE-006689,PROP-02421,RES-04518,2025-12-25,2027-06-25,18,1900,1900,0,LSE-006688,active
LSE-006690,PROP-02422,RES-04519,2023-01-07,2024-01-07,12,1810,905,0,,expired
LSE-006691,PROP-02422,RES-04519,2024-02-08,2025-02-08,12,1830,1830,0,LSE-006690,expired
LSE-006692,PROP-02422,RES-04520,2025-03-28,2026-09-28,18,1960,1960,0,,expired
LSE-006693,PROP-02423,RES-04521,2023-03-21,2025-03-21,24,1720,860,0,,expired
LSE-006694,PROP-02423,RES-04522,2025-04-15,2027-04-15,24,1910,955,0,,active
LSE-006695,PROP-02424,RES-04523,2023-07-07,2025-01-07,18,1770,885,0,,expired
LSE-006696,PROP-02424,RES-04524,2025-03-01,2026-03-01,12,1835,917,0,,expired
LSE-006697,PROP-02424,RES-04524,2026-03-31,2027-03-31,12,1940,970,0,LSE-006696,active
LSE-006698,PROP-02425,RES-04525,2024-03-26,2025-03-26,12,1805,902,0,,expired
LSE-006699,PROP-02425,RES-04526,2025-06-08,2026-06-08,12,2010,2010,1,,expired
LSE-006700,PROP-02425,RES-04526,2026-07-19,2028-07-19,24,2035,1017,0,LSE-006699,active
LSE-006701,PROP-02426,RES-04527,2022-04-12,2023-10-12,18,1775,1775,0,,expired
LSE-006702,PROP-02426,RES-04527,2023-11-19,2024-11-19,12,1815,1815,0,LSE-006701,expired
LSE-006703,PROP-02426,RES-04527,2024-12-30,2026-12-30,24,1895,1895,0,LSE-006702,active
LSE-006704,PROP-02427,RES-04528,2022-09-12,2024-03-12,18,1765,1765,0,,expired
LSE-006705,PROP-02427,RES-04528,2024-05-04,2025-11-04,18,1820,1820,0,LSE-006704,expired
LSE-006706,PROP-02427,RES-04529,2025-12-31,2026-12-31,12,1935,1935,0,,active
LSE-006707,PROP-02428,RES-04530,2024-04-02,2025-04-02,12,1800,900,0,,expired
LSE-006708,PROP-02428,RES-04530,2025-05-23,2026-05-23,12,1905,952,0,LSE-006707,expired
LSE-006709,PROP-02428,RES-04530,2026-07-03,2028-07-03,24,2020,2020,0,LSE-006708,active
LSE-006710,PROP-02429,RES-04531,2022-04-10,2024-04-10,24,1755,877,0,,expired
LSE-006711,PROP-02429,RES-04532,2024-06-24,2025-06-24,12,1850,1850,1,,expired
LSE-006712,PROP-02429,RES-04532,2025-09-05,2027-09-05,24,1930,1930,0,LSE-006711,active
LSE-006713,PROP-02430,RES-04533,2022-03-22,2024-03-22,24,1720,1720,0,,expired
LSE-006714,PROP-02430,RES-04533,2024-05-13,2025-05-13,12,1840,1840,0,LSE-006713,expired
LSE-006715,PROP-02430,RES-04533,2025-06-20,2027-06-20,24,1925,1925,0,LSE-006714,active
LSE-006716,PROP-02431,RES-04534,2022-06-10,2023-06-10,12,1760,880,0,,expired
LSE-006717,PROP-02431,RES-04535,2023-08-16,2025-08-16,24,1760,1760,1,,expired
LSE-006718,PROP-02431,RES-04536,2025-09-26,2027-09-26,24,1890,945,0,,active
LSE-006719,PROP-02432,RES-04537,2022-04-23,2024-04-23,24,1675,1675,0,,expired
LSE-006720,PROP-02432,RES-04538,2024-06-21,2025-06-21,12,1805,1805,0,,expired
LSE-006721,PROP-02432,RES-04538,2025-06-28,2026-12-28,18,1870,1870,0,LSE-006720,active
LSE-006722,PROP-02433,RES-04539,2023-05-03,2024-05-03,12,1775,1775,0,,expired
LSE-006723,PROP-02433,RES-04539,2024-05-25,2026-05-25,24,1860,1860,0,LSE-006722,expired
LSE-006724,PROP-02433,RES-04540,2026-07-09,2027-07-09,12,2010,2010,0,,active
LSE-006725,PROP-02434,RES-04541,2023-07-15,2025-07-15,24,1730,865,1,,expired
LSE-006726,PROP-02434,RES-04541,2025-09-06,2026-09-06,12,1780,890,0,LSE-006725,expired
LSE-006727,PROP-02434,RES-04541,2026-09-11,2028-09-11,24,1930,965,0,LSE-006726,active
LSE-006728,PROP-02435,RES-04542,2022-04-01,2023-04-01,12,1705,852,0,,expired
LSE-006729,PROP-02435,RES-04542,2023-05-25,2025-05-25,24,1785,1785,0,LSE-006728,expired
LSE-006730,PROP-02435,RES-04543,2025-06-13,2027-06-13,24,1920,1920,0,,active
LSE-006731,PROP-02436,RES-04544,2024-01-04,2025-01-04,12,1705,852,0,,expired
LSE-006732,PROP-02436,RES-04544,2025-02-15,2027-02-15,24,1770,885,0,LSE-006731,active
LSE-006733,PROP-02437,RES-04545,2021-10-11,2022-10-11,12,1790,1790,0,,expired
LSE-006734,PROP-02437,RES-04546,2022-12-11,2023-12-11,12,1775,887,0,,expired
LSE-006735,PROP-02437,RES-04547,2024-01-23,2025-01-23,12,1810,1810,1,,expired
LSE-006736,PROP-02437,RES-04548,2025-02-23,2027-02-23,24,1930,1930,0,,active
LSE-006737,PROP-02438,RES-04549,2024-03-10,2025-03-10,12,1775,1775,0,,expired
LSE-006738,PROP-02438,RES-04550,2025-03-19,2026-03-19,12,1935,967,0,,expired
LSE-006739,PROP-02438,RES-04550,2026-04-09,2027-04-09,12,2035,1017,0,LSE-006738,active
LSE-006740,PROP-02439,RES-04551,2021-11-14,2023-11-14,24,1825,1825,0,,expired
LSE-006741,PROP-02439,RES-04552,2023-11-25,2025-11-25,24,1780,1780,0,,expired
LSE-006742,PROP-02439,RES-04553,2025-12-06,2027-12-06,24,1965,982,0,,active
LSE-006743,PROP-02440,RES-04554,2022-06-11,2024-06-11,24,2295,1147,0,,expired
LSE-006744,PROP-02440,RES-04554,2024-08-03,2026-08-03,24,2405,2405,0,LSE-006743,expired
LSE-006745,PROP-02441,RES-04555,2022-08-14,2024-08-14,24,2235,2235,0,,expired
LSE-006746,PROP-02441,RES-04555,2024-10-10,2026-10-10,24,2365,2365,0,LSE-006745,active
LSE-006747,PROP-02442,RES-04556,2022-06-16,2023-06-16,12,2325,2325,0,,expired
LSE-006748,PROP-02442,RES-04556,2023-06-30,2024-12-30,18,2380,1190,0,LSE-006747,expired
LSE-006749,PROP-02442,RES-04556,2025-01-08,2027-01-08,24,2470,2470,0,LSE-006748,active
LSE-006750,PROP-02443,RES-04557,2024-01-25,2025-07-25,18,2350,2350,0,,expired
LSE-006751,PROP-02443,RES-04558,2025-09-21,2027-09-21,24,2505,2505,1,,active
LSE-006752,PROP-02444,RES-04559,2024-04-10,2026-04-10,24,2355,2355,0,,expired
LSE-006753,PROP-02444,RES-04559,2026-05-01,2028-05-01,24,2530,1265,0,LSE-006752,active
LSE-006754,PROP-02445,RES-04560,2022-12-28,2023-12-28,12,2340,2340,0,,expired
LSE-006755,PROP-02445,RES-04560,2024-02-15,2026-02-15,24,2440,1220,0,LSE-006754,expired
LSE-006756,PROP-02445,RES-04561,2026-04-19,2028-04-19,24,2665,1332,0,,active
LSE-006757,PROP-02446,RES-04562,2024-01-02,2025-07-02,18,2285,2285,0,,expired
LSE-006758,PROP-02446,RES-04563,2025-08-30,2026-08-30,12,2535,2535,0,,expired
LSE-006759,PROP-02447,RES-04564,2022-01-20,2024-01-20,24,2345,1172,0,,expired
LSE-006760,PROP-02447,RES-04564,2024-03-19,2025-03-19,12,2440,2440,1,LSE-006759,expired
LSE-006761,PROP-02447,RES-04564,2025-05-21,2027-05-21,24,2540,1270,0,LSE-006760,active
LSE-006762,PROP-02448,RES-04565,2023-11-18,2024-11-18,12,2325,1162,0,,expired
LSE-006763,PROP-02448,RES-04565,2025-01-11,2027-01-11,24,2430,2430,0,LSE-006762,active
LSE-006764,PROP-02449,RES-04566,2023-04-15,2024-10-15,18,2275,2275,1,,expired
LSE-006765,PROP-02449,RES-04566,2024-12-14,2026-12-14,24,2365,2365,0,LSE-006764,active
LSE-006766,PROP-02450,RES-04567,2024-03-19,2025-03-19,12,2340,1170,0,,expired
LSE-006767,PROP-02450,RES-04568,2025-04-28,2026-04-28,12,2530,2530,0,,expired
LSE-006768,PROP-02450,RES-04568,2026-06-28,2027-12-28,18,2595,1297,0,LSE-006767,active
LSE-006769,PROP-02451,RES-04569,2022-03-21,2024-03-21,24,2350,2350,0,,expired
LSE-006770,PROP-02451,RES-04569,2024-05-02,2025-05-02,12,2445,2445,1,LSE-006769,expired
LSE-006771,PROP-02451,RES-04570,2025-07-14,2026-07-14,12,2560,1280,0,,expired
LSE-006772,PROP-02451,RES-04571,2026-08-05,2027-08-05,12,2640,1320,1,,active
LSE-006773,PROP-02452,RES-04572,2023-01-09,2025-01-09,24,2225,2225,0,,expired
LSE-006774,PROP-02452,RES-04573,2025-03-01,2027-03-01,24,2415,2415,0,,active
LSE-006775,PROP-02453,RES-04574,2022-06-09,2024-06-09,24,2300,1150,0,,expired
LSE-006776,PROP-02453,RES-04574,2024-07-09,2025-07-09,12,2475,2475,0,LSE-006775,expired
LSE-006777,PROP-02453,RES-04575,2025-08-12,2026-08-12,12,2620,2620,0,,expired
LSE-006778,PROP-02453,RES-04575,2026-08-19,2027-08-19,12,2730,2730,0,LSE-006777,active
LSE-006779,PROP-02454,RES-04576,2024-03-03,2025-03-03,12,2360,2360,0,,expired
LSE-006780,PROP-02454,RES-04577,2025-03-10,2027-03-10,24,2425,1212,0,,active
LSE-006781,PROP-02455,RES-04578,2022-07-25,2023-07-25,12,2275,2275,0,,expired
LSE-006782,PROP-02455,RES-04578,2023-09-07,2024-09-07,12,2315,2315,0,LSE-006781,expired
LSE-006783,PROP-02455,RES-04579,2024-10-17,2025-10-17,12,2355,2355,0,,expired
LSE-006784,PROP-02455,RES-04580,2025-11-24,2027-11-24,24,2460,1230,1,,active
LSE-006785,PROP-02456,RES-04581,2023-03-10,2025-03-10,24,2300,1150,0,,expired
LSE-006786,PROP-02456,RES-04582,2025-04-21,2027-04-21,24,2460,2460,0,,active
LSE-006787,PROP-02457,RES-04583,2023-07-20,2024-07-20,12,2290,2290,0,,expired
LSE-006788,PROP-02457,RES-04584,2024-08-13,2026-08-13,24,2440,2440,0,,expired
LSE-006789,PROP-02458,RES-04585,2021-11-16,2022-11-16,12,2330,2330,0,,terminated-early
LSE-006790,PROP-02458,RES-04586,2023-01-09,2025-01-09,24,2335,1167,0,,expired
LSE-006791,PROP-02458,RES-04586,2025-03-15,2026-03-15,12,2460,2460,0,LSE-006790,expired
LSE-006792,PROP-02458,RES-04586,2026-05-08,2027-11-08,18,2640,2640,1,LSE-006791,active
LSE-006793,PROP-02459,RES-04587,2024-11-26,2025-11-26,12,2365,2365,0,,expired
LSE-006794,PROP-02459,RES-04587,2026-02-06,2027-02-06,12,2475,2475,0,LSE-006793,active
LSE-006795,PROP-02460,RES-04588,2022-07-13,2023-07-13,12,2340,1170,0,,expired
LSE-006796,PROP-02460,RES-04588,2023-09-15,2024-09-15,12,2420,2420,0,LSE-006795,expired
LSE-006797,PROP-02460,RES-04589,2024-10-09,2026-10-09,24,2360,2360,0,,active
LSE-006798,PROP-02461,RES-04590,2023-03-07,2025-03-07,24,2290,2290,0,,expired
LSE-006799,PROP-02461,RES-04591,2025-05-02,2026-05-02,12,2570,2570,0,,expired
LSE-006800,PROP-02461,RES-04591,2026-06-14,2028-06-14,24,2705,1352,0,LSE-006799,active
LSE-006801,PROP-02462,RES-04592,2023-04-23,2025-04-23,24,2215,2215,0,,expired
LSE-006802,PROP-02462,RES-04592,2025-06-01,2026-12-01,18,2480,2480,0,LSE-006801,active
LSE-006803,PROP-02463,RES-04593,2023-05-25,2024-05-25,12,2235,2235,0,,expired
LSE-006804,PROP-02463,RES-04594,2024-06-07,2025-06-07,12,2475,1237,0,,expired
LSE-006805,PROP-02463,RES-04595,2025-07-17,2026-07-17,12,2460,1230,0,,expired
LSE-006806,PROP-02463,RES-04596,2026-08-24,2028-02-24,18,2615,2615,0,,active
LSE-006807,PROP-02464,RES-04597,2023-05-01,2024-05-01,12,2285,2285,0,,expired
LSE-006808,PROP-02464,RES-04597,2024-07-09,2025-07-09,12,2395,1197,0,LSE-006807,expired
LSE-006809,PROP-02464,RES-04597,2025-08-18,2027-08-18,24,2525,1262,1,LSE-006808,active
LSE-006810,PROP-02465,RES-04598,2023-10-11,2024-10-11,12,2190,2190,0,,expired
LSE-006811,PROP-02465,RES-04599,2024-12-01,2026-12-01,24,2340,2340,0,,active
LSE-006812,PROP-02466,RES-04600,2023-06-23,2025-06-23,24,2265,2265,0,,expired
LSE-006813,PROP-02466,RES-04601,2025-08-05,2026-08-05,12,2490,2490,0,,expired
LSE-006814,PROP-02466,RES-04602,2026-09-19,2027-09-19,12,2675,1337,0,,active
LSE-006815,PROP-02467,RES-04603,2024-12-20,2025-12-20,12,2375,2375,0,,expired
LSE-006816,PROP-02467,RES-04603,2025-12-27,2026-12-27,12,2430,1215,1,LSE-006815,active
LSE-006817,PROP-02468,RES-04604,2021-12-21,2023-12-21,24,2320,1160,0,,expired
LSE-006818,PROP-02468,RES-04604,2024-02-11,2025-02-11,12,2405,2405,0,LSE-006817,expired
LSE-006819,PROP-02468,RES-04605,2025-03-26,2026-03-26,12,2425,2425,0,,expired
LSE-006820,PROP-02468,RES-04606,2026-04-09,2027-04-09,12,2560,2560,0,,active
LSE-006821,PROP-02469,RES-04607,2024-05-06,2026-05-06,24,2410,1205,0,,expired
LSE-006822,PROP-02469,RES-04608,2026-07-05,2027-07-05,12,2575,2575,0,,active
LSE-006823,PROP-02470,RES-04609,2024-03-24,2025-03-24,12,2005,2005,0,,expired
LSE-006824,PROP-02470,RES-04610,2025-04-29,2027-04-29,24,2095,1047,1,,active
LSE-006825,PROP-02471,RES-04611,2023-11-25,2024-11-25,12,1915,1915,0,,expired
LSE-006826,PROP-02471,RES-04611,2025-02-04,2026-02-04,12,1985,1985,0,LSE-006825,terminated-early
LSE-006827,PROP-02471,RES-04612,2026-04-03,2027-04-03,12,2225,1112,0,,active
LSE-006828,PROP-02472,RES-04613,2023-08-24,2025-08-24,24,1930,1930,0,,expired
LSE-006829,PROP-02472,RES-04614,2025-09-19,2027-03-19,18,2080,2080,0,,active
LSE-006830,PROP-02473,RES-04615,2023-05-23,2024-05-23,12,1905,952,0,,expired
LSE-006831,PROP-02473,RES-04616,2024-08-01,2025-08-01,12,2060,2060,0,,expired
LSE-006832,PROP-02473,RES-04616,2025-09-28,2027-09-28,24,2150,1075,0,LSE-006831,active
LSE-006833,PROP-02474,RES-04617,2024-02-18,2026-02-18,24,2000,2000,0,,expired
LSE-006834,PROP-02474,RES-04617,2026-04-17,2027-04-17,12,2025,1012,0,LSE-006833,active
LSE-006835,PROP-02475,RES-04618,2023-05-02,2024-11-02,18,2015,2015,0,,expired
LSE-006836,PROP-02475,RES-04619,2024-12-04,2026-12-04,24,1980,1980,0,,active
LSE-006837,PROP-02476,RES-04620,2022-11-24,2023-11-24,12,1990,1990,0,,expired
LSE-006838,PROP-02476,RES-04620,2024-01-30,2025-07-30,18,2080,1040,0,LSE-006837,expired
LSE-006839,PROP-02476,RES-04620,2025-08-20,2027-08-20,24,2160,2160,1,LSE-006838,active
LSE-006840,PROP-02477,RES-04621,2021-11-24,2022-11-24,12,1910,1910,0,,expired
LSE-006841,PROP-02477,RES-04622,2022-12-21,2023-12-21,12,1955,1955,0,,expired
LSE-006842,PROP-02477,RES-04622,2023-12-31,2024-12-31,12,2025,2025,0,LSE-006841,expired
LSE-006843,PROP-02477,RES-04622,2025-01-21,2026-07-21,18,2070,1035,0,LSE-006842,expired
LSE-006844,PROP-02477,RES-04623,2026-09-07,2027-09-07,12,2150,2150,0,,active
LSE-006845,PROP-02478,RES-04624,2023-01-08,2025-01-08,24,1980,1980,0,,expired
LSE-006846,PROP-02478,RES-04624,2025-03-23,2027-03-23,24,2065,1032,0,LSE-006845,active
LSE-006847,PROP-02479,RES-04625,2024-03-04,2025-03-04,12,1960,980,0,,expired
LSE-006848,PROP-02479,RES-04625,2025-03-16,2026-09-16,18,2050,2050,0,LSE-006847,expired
LSE-006849,PROP-02480,RES-04626,2023-09-03,2025-09-03,24,2005,2005,0,,expired
LSE-006850,PROP-02480,RES-04627,2025-10-01,2027-04-01,18,2060,2060,0,,active
LSE-006851,PROP-02481,RES-04628,2024-02-16,2026-02-16,24,1995,1995,0,,expired
LSE-006852,PROP-02481,RES-04629,2026-03-24,2027-03-24,12,2165,2165,0,,active
LSE-006853,PROP-02482,RES-04630,2023-08-23,2024-08-23,12,1905,1905,0,,expired
LSE-006854,PROP-02482,RES-04630,2024-09-04,2025-09-04,12,2045,2045,0,LSE-006853,expired
LSE-006855,PROP-02482,RES-04631,2025-11-08,2026-11-08,12,2020,2020,0,,active
LSE-006856,PROP-02483,RES-04632,2023-03-07,2025-03-07,24,1975,987,0,,expired
LSE-006857,PROP-02483,RES-04632,2025-05-19,2027-05-19,24,2040,2040,0,LSE-006856,active
LSE-006858,PROP-02484,RES-04633,2022-05-20,2023-05-20,12,1945,972,0,,expired
LSE-006859,PROP-02484,RES-04634,2023-06-22,2025-06-22,24,2010,2010,0,,expired
LSE-006860,PROP-02484,RES-04635,2025-07-05,2027-01-05,18,2175,2175,0,,active
LSE-006861,PROP-02485,RES-04636,2022-11-04,2023-11-04,12,1910,955,0,,expired
LSE-006862,PROP-02485,RES-04636,2023-12-09,2025-12-09,24,1950,1950,0,LSE-006861,expired
LSE-006863,PROP-02485,RES-04637,2025-12-17,2026-12-17,12,1980,1980,0,,active
LSE-006864,PROP-02486,RES-04638,2022-08-24,2023-08-24,12,2010,2010,0,,expired
LSE-006865,PROP-02486,RES-04638,2023-10-23,2025-10-23,24,2035,1017,0,LSE-006864,expired
LSE-006866,PROP-02486,RES-04638,2025-11-15,2027-05-15,18,2115,2115,0,LSE-006865,active
LSE-006867,PROP-02487,RES-04639,2021-10-19,2022-10-19,12,1910,1910,0,,expired
LSE-006868,PROP-02487,RES-04639,2022-12-19,2024-12-19,24,1975,1975,1,LSE-006867,expired
LSE-006869,PROP-02487,RES-04640,2025-02-01,2027-02-01,24,2065,2065,0,,active
LSE-006870,PROP-02488,RES-04641,2024-01-19,2025-01-19,12,2015,2015,0,,expired
LSE-006871,PROP-02488,RES-04642,2025-03-09,2026-03-09,12,2130,2130,0,,expired
LSE-006872,PROP-02488,RES-04642,2026-03-20,2028-03-20,24,2170,2170,0,LSE-006871,active
LSE-006873,PROP-02489,RES-04643,2023-05-15,2025-05-15,24,1950,1950,0,,expired
LSE-006874,PROP-02489,RES-04643,2025-05-28,2026-05-28,12,2120,1060,0,LSE-006873,expired
LSE-006875,PROP-02489,RES-04644,2026-07-21,2028-07-21,24,2170,2170,0,,active
LSE-006876,PROP-02490,RES-04645,2022-08-11,2023-08-11,12,2010,2010,0,,expired
LSE-006877,PROP-02490,RES-04645,2023-09-26,2025-09-26,24,2080,2080,0,LSE-006876,expired
LSE-006878,PROP-02490,RES-04645,2025-10-24,2027-10-24,24,2180,2180,1,LSE-006877,active
LSE-006879,PROP-02491,RES-04646,2022-10-19,2023-10-19,12,1910,955,0,,expired
LSE-006880,PROP-02491,RES-04647,2023-10-30,2025-10-30,24,1885,1885,0,,expired
LSE-006881,PROP-02491,RES-04647,2025-12-01,2027-06-01,18,1955,1955,0,LSE-006880,active
LSE-006882,PROP-02492,RES-04648,2022-06-17,2023-12-17,18,1980,990,0,,expired
LSE-006883,PROP-02492,RES-04649,2024-02-08,2026-02-08,24,1940,970,0,,terminated-early
LSE-006884,PROP-02492,RES-04650,2026-04-03,2027-04-03,12,2195,2195,1,,active
LSE-006885,PROP-02493,RES-04651,2023-09-16,2025-09-16,24,1960,1960,1,,expired
LSE-006886,PROP-02493,RES-04651,2025-10-24,2027-10-24,24,2070,1035,0,LSE-006885,active
LSE-006887,PROP-02494,RES-04652,2022-06-21,2024-06-21,24,1885,1885,0,,expired
LSE-006888,PROP-02494,RES-04652,2024-08-21,2026-08-21,24,1965,982,1,LSE-006887,expired
LSE-006889,PROP-02495,RES-04653,2024-03-03,2025-03-03,12,2065,2065,0,,expired
LSE-006890,PROP-02495,RES-04653,2025-05-01,2026-05-01,12,2155,2155,0,LSE-006889,expired
LSE-006891,PROP-02495,RES-04654,2026-05-25,2027-11-25,18,2220,2220,1,,active
LSE-006892,PROP-02496,RES-04655,2023-07-04,2025-07-04,24,1950,1950,0,,expired
LSE-006893,PROP-02496,RES-04656,2025-07-12,2026-07-12,12,2175,1087,0,,expired
LSE-006894,PROP-02496,RES-04657,2026-08-06,2028-02-06,18,2155,2155,0,,active
LSE-006895,PROP-02497,RES-04658,2023-12-08,2025-12-08,24,1915,1915,0,,expired
LSE-006896,PROP-02497,RES-04658,2025-12-17,2026-12-17,12,1990,1990,0,LSE-006895,active
LSE-006897,PROP-02498,RES-04659,2023-07-24,2025-07-24,24,1920,960,1,,expired
LSE-006898,PROP-02498,RES-04660,2025-09-14,2026-09-14,12,2065,1032,0,,expired
LSE-006899,PROP-02499,RES-04661,2022-07-04,2024-07-04,24,2010,2010,1,,expired
LSE-006900,PROP-02499,RES-04661,2024-08-22,2025-08-22,12,2090,1045,0,LSE-006899,expired
LSE-006901,PROP-02499,RES-04661,2025-10-11,2027-10-11,24,2195,1097,0,LSE-006900,active
LSE-006902,PROP-02500,RES-04662,2023-01-19,2025-01-19,24,1965,1965,0,,expired
LSE-006903,PROP-02500,RES-04662,2025-03-12,2026-03-12,12,2060,2060,0,LSE-006902,expired
LSE-006904,PROP-02500,RES-04663,2026-04-22,2027-10-22,18,2130,2130,0,,active
LSE-006905,PROP-02501,RES-04664,2023-04-23,2024-04-23,12,1905,1905,0,,expired
LSE-006906,PROP-02501,RES-04664,2024-07-04,2026-01-04,18,1980,990,0,LSE-006905,expired
LSE-006907,PROP-02501,RES-04664,2026-01-16,2028-01-16,24,2030,2030,0,LSE-006906,active
LSE-006908,PROP-02502,RES-04665,2023-07-02,2025-07-02,24,1960,980,0,,expired
LSE-006909,PROP-02502,RES-04666,2025-09-01,2027-09-01,24,2170,2170,0,,active
LSE-006910,PROP-02503,RES-04667,2023-03-20,2024-03-20,12,1900,950,0,,expired
LSE-006911,PROP-02503,RES-04667,2024-04-04,2026-04-04,24,1985,992,0,LSE-006910,expired
LSE-006912,PROP-02503,RES-04667,2026-04-15,2027-04-15,12,2065,2065,0,LSE-006911,active
LSE-006913,PROP-02504,RES-04668,2024-04-07,2025-04-07,12,2090,2090,0,,expired
LSE-006914,PROP-02504,RES-04669,2025-04-25,2026-04-25,12,2095,1047,0,,expired
LSE-006915,PROP-02504,RES-04670,2026-05-01,2028-05-01,24,2175,1087,0,,active
LSE-006916,PROP-02505,RES-04671,2022-06-22,2024-06-22,24,2335,1167,0,,expired
LSE-006917,PROP-02505,RES-04672,2024-09-02,2026-09-02,24,2420,2420,0,,expired
LSE-006918,PROP-02506,RES-04673,2023-05-20,2024-05-20,12,2400,2400,0,,expired
LSE-006919,PROP-02506,RES-04673,2024-06-08,2025-06-08,12,2500,1250,0,LSE-006918,expired
LSE-006920,PROP-02506,RES-04673,2025-07-19,2027-01-19,18,2580,2580,0,LSE-006919,active
LSE-006921,PROP-02507,RES-04674,2022-02-20,2023-02-20,12,2290,2290,0,,terminated-early
LSE-006922,PROP-02507,RES-04675,2023-03-29,2024-03-29,12,2230,1115,0,,expired
LSE-006923,PROP-02507,RES-04676,2024-04-04,2026-04-04,24,2355,2355,1,,expired
LSE-006924,PROP-02507,RES-04676,2026-05-30,2027-11-30,18,2505,1252,1,LSE-006923,active
LSE-006925,PROP-02508,RES-04677,2023-06-14,2024-06-14,12,2280,2280,0,,expired
LSE-006926,PROP-02508,RES-04677,2024-08-18,2025-08-18,12,2515,1257,0,LSE-006925,expired
LSE-006927,PROP-02508,RES-04678,2025-09-03,2027-09-03,24,2630,1315,0,,active
LSE-006928,PROP-02509,RES-04679,2022-06-10,2024-06-10,24,2280,2280,0,,expired
LSE-006929,PROP-02509,RES-04680,2024-07-07,2026-01-07,18,2475,1237,0,,terminated-early
LSE-006930,PROP-02509,RES-04681,2026-03-11,2027-03-11,12,2560,1280,0,,active
LSE-006931,PROP-02510,RES-04682,2022-02-06,2023-08-06,18,2325,1162,0,,expired
LSE-006932,PROP-02510,RES-04682,2023-10-12,2024-10-12,12,2435,2435,1,LSE-006931,expired
LSE-006933,PROP-02510,RES-04683,2024-11-18,2026-11-18,24,2345,1172,0,,active
LSE-006934,PROP-02511,RES-04684,2023-06-20,2024-06-20,12,2270,1135,0,,expired
LSE-006935,PROP-02511,RES-04684,2024-07-21,2026-07-21,24,2380,2380,0,LSE-006934,expired
LSE-006936,PROP-02511,RES-04684,2026-08-06,2027-08-06,12,2665,1332,0,LSE-006935,active
LSE-006937,PROP-02512,RES-04685,2024-03-22,2025-03-22,12,2425,1212,0,,expired
LSE-006938,PROP-02512,RES-04686,2025-05-12,2026-05-12,12,2590,1295,0,,expired
LSE-006939,PROP-02512,RES-04686,2026-06-19,2027-06-19,12,2675,2675,0,LSE-006938,active
LSE-006940,PROP-02513,RES-04687,2022-12-04,2024-12-04,24,2325,1162,1,,expired
LSE-006941,PROP-02513,RES-04688,2025-01-28,2027-01-28,24,2395,2395,0,,active
LSE-006942,PROP-02514,RES-04689,2023-12-14,2025-12-14,24,2325,2325,0,,expired
LSE-006943,PROP-02514,RES-04689,2025-12-20,2026-12-20,12,2415,1207,0,LSE-006942,active
LSE-006944,PROP-02515,RES-04690,2023-11-06,2024-11-06,12,2350,2350,0,,expired
LSE-006945,PROP-02515,RES-04691,2025-01-03,2026-01-03,12,2380,1190,0,,expired
LSE-006946,PROP-02515,RES-04691,2026-01-29,2027-01-29,12,2540,2540,0,LSE-006945,active
LSE-006947,PROP-02516,RES-04692,2024-07-09,2025-07-09,12,2445,1222,0,,expired
LSE-006948,PROP-02516,RES-04693,2025-07-31,2027-07-31,24,2635,2635,0,,active
LSE-006949,PROP-02517,RES-04694,2023-09-08,2024-09-08,12,2300,1150,0,,expired
LSE-006950,PROP-02517,RES-04694,2024-11-14,2026-11-14,24,2360,2360,0,LSE-006949,active
LSE-006951,PROP-02518,RES-04695,2023-09-06,2024-09-06,12,2270,2270,0,,expired
LSE-006952,PROP-02518,RES-04696,2024-10-05,2025-10-05,12,2450,2450,0,,expired
LSE-006953,PROP-02518,RES-04697,2025-10-17,2027-10-17,24,2465,1232,0,,active
LSE-006954,PROP-02519,RES-04698,2023-11-06,2024-11-06,12,2275,2275,0,,expired
LSE-006955,PROP-02519,RES-04698,2024-12-14,2025-12-14,12,2360,2360,0,LSE-006954,expired
LSE-006956,PROP-02519,RES-04699,2025-12-27,2026-12-27,12,2470,2470,0,,active
LSE-006957,PROP-02520,RES-04700,2022-02-16,2024-02-16,24,2225,1112,0,,expired
LSE-006958,PROP-02520,RES-04701,2024-04-17,2025-04-17,12,2435,1217,0,,expired
LSE-006959,PROP-02520,RES-04702,2025-06-10,2026-12-10,18,2510,2510,0,,active
LSE-006960,PROP-02521,RES-04703,2023-07-06,2024-07-06,12,2335,1167,0,,expired
LSE-006961,PROP-02521,RES-04704,2024-08-17,2026-08-17,24,2460,2460,0,,expired
LSE-006962,PROP-02522,RES-04705,2021-10-21,2022-10-21,12,2360,1180,0,,expired
LSE-006963,PROP-02522,RES-04705,2022-11-13,2024-11-13,24,2455,1227,0,LSE-006962,expired
LSE-006964,PROP-02522,RES-04705,2024-11-18,2025-11-18,12,2570,2570,1,LSE-006963,expired
LSE-006965,PROP-02522,RES-04705,2026-02-01,2027-02-01,12,2620,2620,0,LSE-006964,active
LSE-006966,PROP-02523,RES-04706,2023-10-02,2025-04-02,18,2280,2280,0,,expired
LSE-006967,PROP-02523,RES-04707,2025-04-30,2026-04-30,12,2565,1282,0,,expired
LSE-006968,PROP-02523,RES-04707,2026-07-06,2027-07-06,12,2660,2660,0,LSE-006967,active
LSE-006969,PROP-02524,RES-04708,2022-06-11,2023-06-11,12,2335,1167,0,,expired
LSE-006970,PROP-02524,RES-04708,2023-07-12,2025-07-12,24,2365,1182,0,LSE-006969,expired
LSE-006971,PROP-02524,RES-04708,2025-09-11,2027-09-11,24,2545,2545,0,LSE-006970,active
LSE-006972,PROP-02525,RES-04709,2022-03-13,2023-03-13,12,2310,2310,0,,expired
LSE-006973,PROP-02525,RES-04710,2023-03-19,2024-03-19,12,2280,2280,0,,expired
LSE-006974,PROP-02525,RES-04710,2024-04-13,2025-04-13,12,2420,2420,0,LSE-006973,expired
LSE-006975,PROP-02525,RES-04711,2025-06-21,2027-06-21,24,2565,1282,0,,active
LSE-006976,PROP-02526,RES-04712,2023-09-08,2025-09-08,24,2275,2275,0,,expired
LSE-006977,PROP-02526,RES-04713,2025-10-12,2026-10-12,12,2560,2560,0,,active
LSE-006978,PROP-02527,RES-04714,2024-03-26,2025-09-26,18,2440,1220,0,,expired
LSE-006979,PROP-02527,RES-04715,2025-11-11,2026-11-11,12,2535,1267,0,,active
LSE-006980,PROP-02528,RES-04716,2021-12-02,2023-12-02,24,2385,1192,0,,expired
LSE-006981,PROP-02528,RES-04716,2024-02-01,2026-02-01,24,2435,2435,0,LSE-006980,expired
LSE-006982,PROP-02528,RES-04717,2026-04-11,2028-04-11,24,2575,2575,0,,active
LSE-006983,PROP-02529,RES-04718,2023-02-04,2024-02-04,12,2360,1180,0,,expired
LSE-006984,PROP-02529,RES-04719,2024-03-31,2025-03-31,12,2360,2360,0,,expired
LSE-006985,PROP-02529,RES-04720,2025-05-09,2027-05-09,24,2610,1305,0,,active
LSE-006986,PROP-02530,RES-04721,2024-02-04,2025-02-04,12,2360,2360,0,,expired
LSE-006987,PROP-02530,RES-04721,2025-02-16,2026-08-16,18,2465,2465,0,LSE-006986,expired
LSE-006988,PROP-02530,RES-04721,2026-09-14,2027-09-14,12,2610,2610,0,LSE-006987,active
LSE-006989,PROP-02531,RES-04722,2024-04-21,2025-04-21,12,2430,2430,0,,expired
LSE-006990,PROP-02531,RES-04723,2025-06-03,2026-12-03,18,2575,1287,1,,active
LSE-006991,PROP-02532,RES-04724,2024-05-31,2025-11-30,18,2485,2485,0,,expired
LSE-006992,PROP-02532,RES-04724,2026-01-01,2027-01-01,12,2605,2605,0,LSE-006991,active
LSE-006993,PROP-02533,RES-04725,2023-05-11,2024-05-11,12,2295,1147,0,,expired
LSE-006994,PROP-02533,RES-04726,2024-06-18,2025-06-18,12,2615,1307,1,,expired
LSE-006995,PROP-02533,RES-04726,2025-07-26,2027-01-26,18,2700,2700,0,LSE-006994,active
LSE-006996,PROP-02534,RES-04727,2022-09-15,2024-09-15,24,2285,2285,1,,expired
LSE-006997,PROP-02534,RES-04727,2024-11-27,2026-11-27,24,2325,2325,0,LSE-006996,active
LSE-006998,PROP-02535,RES-04728,2023-05-10,2025-05-10,24,2305,1152,0,,expired
LSE-006999,PROP-02535,RES-04729,2025-06-20,2027-06-20,24,2510,2510,0,,active
LSE-007000,PROP-02536,RES-04730,2023-07-23,2025-07-23,24,2410,1205,0,,expired
LSE-007001,PROP-02536,RES-04731,2025-08-23,2027-08-23,24,2670,2670,0,,active
LSE-007002,PROP-02537,RES-04732,2024-03-10,2026-03-10,24,2395,2395,0,,expired
LSE-007003,PROP-02537,RES-04733,2026-03-21,2028-03-21,24,2575,2575,0,,active
LSE-007004,PROP-02538,RES-04734,2022-03-04,2024-03-04,24,3115,3115,1,,expired
LSE-007005,PROP-02538,RES-04735,2024-03-26,2026-03-26,24,3230,3230,0,,expired
LSE-007006,PROP-02538,RES-04736,2026-05-06,2027-05-06,12,3385,3385,1,,active
LSE-007007,PROP-02539,RES-04737,2023-06-15,2024-06-15,12,3080,3080,0,,expired
LSE-007008,PROP-02539,RES-04737,2024-06-28,2026-06-28,24,3345,1672,0,LSE-007007,expired
LSE-007009,PROP-02539,RES-04737,2026-09-07,2027-09-07,12,3380,3380,0,LSE-007008,active
LSE-007010,PROP-02540,RES-04738,2023-04-15,2025-04-15,24,3235,3235,0,,expired
LSE-007011,PROP-02540,RES-04739,2025-06-01,2026-06-01,12,3420,3420,0,,expired
LSE-007012,PROP-02540,RES-04740,2026-06-28,2028-06-28,24,3565,1782,0,,active
LSE-007013,PROP-02541,RES-04741,2023-10-07,2025-10-07,24,3090,3090,0,,expired
LSE-007014,PROP-02541,RES-04741,2025-11-19,2027-11-19,24,3155,3155,0,LSE-007013,active
LSE-007015,PROP-02542,RES-04742,2023-08-19,2024-08-19,12,3120,3120,0,,expired
LSE-007016,PROP-02542,RES-04742,2024-10-30,2026-04-30,18,3215,1607,0,LSE-007015,expired
LSE-007017,PROP-02542,RES-04743,2026-06-23,2027-06-23,12,3635,3635,0,,active
LSE-007018,PROP-02543,RES-04744,2023-06-21,2024-06-21,12,3145,3145,0,,expired
LSE-007019,PROP-02543,RES-04744,2024-07-21,2026-07-21,24,3265,1632,0,LSE-007018,expired
LSE-007020,PROP-02543,RES-04745,2026-07-27,2028-01-27,18,3440,1720,0,,active
LSE-007021,PROP-02544,RES-04746,2021-11-12,2023-11-12,24,3130,3130,0,,expired
LSE-007022,PROP-02544,RES-04747,2023-11-19,2024-11-19,12,3135,3135,0,,expired
LSE-007023,PROP-02544,RES-04748,2024-12-17,2026-12-17,24,3185,3185,0,,active
LSE-007024,PROP-02545,RES-04749,2024-01-31,2025-01-31,12,3095,1547,0,,expired
LSE-007025,PROP-02545,RES-04750,2025-03-03,2026-03-03,12,3395,3395,0,,expired
LSE-007026,PROP-02545,RES-04750,2026-04-07,2028-04-07,24,3510,1755,0,LSE-007025,active
LSE-007027,PROP-02546,RES-04751,2023-04-28,2024-04-28,12,3140,1570,1,,expired
LSE-007028,PROP-02546,RES-04752,2024-06-18,2025-06-18,12,3315,1657,0,,expired
LSE-007029,PROP-02546,RES-04753,2025-07-06,2027-01-06,18,3335,3335,0,,active
LSE-007030,PROP-02547,RES-04754,2023-02-28,2025-02-28,24,3230,3230,1,,expired
LSE-007031,PROP-02547,RES-04755,2025-05-02,2026-05-02,12,3400,3400,0,,expired
LSE-007032,PROP-02547,RES-04756,2026-06-05,2027-06-05,12,3455,3455,0,,active
LSE-007033,PROP-02548,RES-04757,2021-10-02,2023-10-02,24,3175,3175,0,,expired
LSE-007034,PROP-02548,RES-04758,2023-11-20,2024-11-20,12,3085,1542,1,,expired
LSE-007035,PROP-02548,RES-04758,2025-01-14,2027-01-14,24,3130,3130,0,LSE-007034,active
LSE-007036,PROP-02549,RES-04759,2023-04-28,2024-10-28,18,3110,3110,0,,expired
LSE-007037,PROP-02549,RES-04759,2024-11-17,2026-05-17,18,3160,3160,0,LSE-007036,expired
LSE-007038,PROP-02549,RES-04760,2026-06-05,2027-06-05,12,3475,3475,0,,active
LSE-007039,PROP-02550,RES-04761,2022-06-16,2024-06-16,24,3235,1617,0,,expired
LSE-007040,PROP-02550,RES-04762,2024-07-31,2026-01-31,18,3335,3335,1,,expired
LSE-007041,PROP-02550,RES-04763,2026-03-27,2028-03-27,24,3440,3440,0,,active
LSE-007042,PROP-02551,RES-04764,2023-01-26,2024-01-26,12,3230,3230,0,,expired
LSE-007043,PROP-02551,RES-04765,2024-02-05,2025-02-05,12,3230,3230,0,,expired
LSE-007044,PROP-02551,RES-04766,2025-04-15,2026-04-15,12,3475,1737,0,,expired
LSE-007045,PROP-02551,RES-04766,2026-06-22,2028-06-22,24,3545,1772,0,LSE-007044,active
LSE-007046,PROP-02552,RES-04767,2023-11-15,2024-11-15,12,3115,3115,0,,expired
LSE-007047,PROP-02552,RES-04767,2024-11-20,2025-11-20,12,3145,3145,0,LSE-007046,expired
LSE-007048,PROP-02552,RES-04767,2025-12-01,2027-12-01,24,3230,3230,0,LSE-007047,active
LSE-007049,PROP-02553,RES-04768,2023-07-07,2024-07-07,12,3180,1590,0,,expired
LSE-007050,PROP-02553,RES-04769,2024-09-07,2026-09-07,24,3305,3305,0,,expired
LSE-007051,PROP-02554,RES-04770,2023-03-18,2025-03-18,24,3165,3165,0,,expired
LSE-007052,PROP-02554,RES-04771,2025-05-13,2026-05-13,12,3480,1740,0,,expired
LSE-007053,PROP-02554,RES-04771,2026-07-19,2028-07-19,24,3630,3630,0,LSE-007052,active
LSE-007054,PROP-02555,RES-04772,2022-02-27,2023-08-27,18,3085,3085,0,,terminated-early
LSE-007055,PROP-02555,RES-04773,2023-10-06,2025-10-06,24,3145,1572,0,,expired
LSE-007056,PROP-02555,RES-04774,2025-10-17,2027-04-17,18,3395,3395,0,,active
LSE-007057,PROP-02556,RES-04775,2023-02-28,2024-02-28,12,3050,3050,0,,expired
LSE-007058,PROP-02556,RES-04776,2024-04-23,2026-04-23,24,3260,3260,0,,expired
LSE-007059,PROP-02556,RES-04777,2026-06-20,2027-06-20,12,3465,3465,0,,active
LSE-007060,PROP-02557,RES-04778,2021-10-05,2022-10-05,12,3090,3090,0,,expired
LSE-007061,PROP-02557,RES-04778,2022-11-10,2023-11-10,12,3135,1567,0,LSE-007060,expired
LSE-007062,PROP-02557,RES-04779,2023-12-18,2025-12-18,24,3180,1590,1,,expired
LSE-007063,PROP-02557,RES-04779,2026-01-11,2028-01-11,24,3295,3295,0,LSE-007062,active
LSE-007064,PROP-02558,RES-04780,2022-06-25,2023-06-25,12,3240,3240,0,,terminated-early
LSE-007065,PROP-02558,RES-04781,2023-07-12,2024-07-12,12,3220,3220,0,,expired
LSE-007066,PROP-02558,RES-04781,2024-08-25,2026-02-25,18,3355,3355,0,LSE-007065,expired
LSE-007067,PROP-02558,RES-04781,2026-04-01,2028-04-01,24,3520,3520,0,LSE-007066,active
LSE-007068,PROP-02559,RES-04782,2024-02-01,2025-08-01,18,3190,1595,0,,expired
LSE-007069,PROP-02559,RES-04783,2025-09-10,2026-09-10,12,3455,3455,0,,expired
LSE-007070,PROP-02560,RES-04784,2024-02-17,2026-02-17,24,3090,3090,0,,expired
LSE-007071,PROP-02560,RES-04785,2026-04-16,2027-04-16,12,3325,3325,0,,active
LSE-007072,PROP-02561,RES-04786,2022-06-22,2024-06-22,24,3210,3210,0,,expired
LSE-007073,PROP-02561,RES-04787,2024-08-09,2026-08-09,24,3330,1665,0,,expired
LSE-007074,PROP-02562,RES-04788,2023-08-02,2024-08-02,12,3250,3250,0,,expired
LSE-007075,PROP-02562,RES-04789,2024-08-09,2025-08-09,12,3465,3465,0,,expired
LSE-007076,PROP-02562,RES-04790,2025-09-17,2026-09-17,12,3460,1730,0,,expired
LSE-007077,PROP-02563,RES-04791,2024-12-23,2026-12-23,24,3200,3200,0,,active
LSE-007078,PROP-02564,RES-04792,2021-11-18,2022-11-18,12,3080,3080,0,,terminated-early
LSE-007079,PROP-02564,RES-04793,2022-12-11,2024-12-11,24,3145,1572,0,,expired
LSE-007080,PROP-02564,RES-04793,2025-01-29,2027-01-29,24,3250,3250,0,LSE-007079,active
LSE-007081,PROP-02565,RES-04794,2022-04-24,2024-04-24,24,3175,3175,0,,expired
LSE-007082,PROP-02565,RES-04795,2024-05-06,2025-05-06,12,3430,3430,0,,expired
LSE-007083,PROP-02565,RES-04796,2025-06-07,2027-06-07,24,3520,3520,0,,active
LSE-007084,PROP-02566,RES-04797,2023-07-06,2024-07-06,12,3080,3080,1,,expired
LSE-007085,PROP-02566,RES-04797,2024-08-27,2025-08-27,12,3255,1627,1,LSE-007084,expired
LSE-007086,PROP-02566,RES-04797,2025-09-10,2026-09-10,12,3375,3375,1,LSE-007085,expired
LSE-007087,PROP-02567,RES-04798,2023-01-22,2024-01-22,12,3170,1585,0,,expired
LSE-007088,PROP-02567,RES-04798,2024-03-01,2025-03-01,12,3315,3315,0,LSE-007087,terminated-early
LSE-007089,PROP-02567,RES-04799,2025-04-04,2027-04-04,24,3420,3420,0,,active
LSE-007090,PROP-02568,RES-04800,2023-05-20,2024-05-20,12,3145,3145,1,,expired
LSE-007091,PROP-02568,RES-04801,2024-06-06,2026-06-06,24,3385,1692,0,,expired
LSE-007092,PROP-02568,RES-04801,2026-08-08,2027-08-08,12,3520,1760,0,LSE-007091,active
LSE-007093,PROP-02569,RES-04802,2023-09-19,2024-09-19,12,3060,3060,0,,expired
LSE-007094,PROP-02569,RES-04803,2024-10-01,2025-10-01,12,3105,3105,0,,terminated-early
LSE-007095,PROP-02569,RES-04804,2025-12-13,2027-12-13,24,3235,1617,0,,active
LSE-007096,PROP-02570,RES-04805,2022-06-15,2023-06-15,12,3080,1540,0,,expired
LSE-007097,PROP-02570,RES-04805,2023-07-25,2024-07-25,12,3155,3155,0,LSE-007096,expired
LSE-007098,PROP-02570,RES-04805,2024-08-29,2026-02-28,18,3200,1600,1,LSE-007097,expired
LSE-007099,PROP-02570,RES-04805,2026-03-19,2027-03-19,12,3280,3280,0,LSE-007098,active
LSE-007100,PROP-02571,RES-04806,2022-01-05,2023-01-05,12,3215,3215,0,,expired
LSE-007101,PROP-02571,RES-04806,2023-02-12,2025-02-12,24,3350,3350,0,LSE-007100,expired
LSE-007102,PROP-02571,RES-04807,2025-04-25,2026-04-25,12,3430,3430,0,,expired
LSE-007103,PROP-02571,RES-04808,2026-06-27,2028-06-27,24,3530,3530,0,,active
LSE-007104,PROP-02572,RES-04809,2022-03-23,2024-03-23,24,3180,3180,0,,expired
LSE-007105,PROP-02572,RES-04810,2024-05-12,2025-05-12,12,3335,3335,0,,expired
LSE-007106,PROP-02572,RES-04811,2025-05-21,2026-05-21,12,3320,3320,1,,expired
LSE-007107,PROP-02572,RES-04811,2026-07-01,2027-07-01,12,3425,1712,0,LSE-007106,active
LSE-007108,PROP-02573,RES-04812,2023-02-19,2024-08-19,18,3285,3285,0,,expired
LSE-007109,PROP-02573,RES-04813,2024-09-08,2026-09-08,24,3305,3305,0,,expired
LSE-007110,PROP-02573,RES-04814,2026-09-17,2027-09-17,12,3590,3590,0,,active
LSE-007111,PROP-02574,RES-04815,2023-04-11,2024-04-11,12,3105,3105,0,,expired
LSE-007112,PROP-02574,RES-04816,2024-05-19,2026-05-19,24,3335,3335,0,,expired
LSE-007113,PROP-02574,RES-04817,2026-07-10,2027-07-10,12,3480,3480,0,,active
LSE-007114,PROP-02575,RES-04818,2022-02-12,2023-08-12,18,3195,3195,0,,expired
LSE-007115,PROP-02575,RES-04819,2023-09-22,2025-09-22,24,3245,3245,0,,expired
LSE-007116,PROP-02575,RES-04819,2025-10-03,2026-10-03,12,3390,1695,0,LSE-007115,active
LSE-007117,PROP-02576,RES-04820,2022-06-22,2023-06-22,12,3125,3125,0,,expired
LSE-007118,PROP-02576,RES-04820,2023-06-28,2024-06-28,12,3175,1587,0,LSE-007117,expired
LSE-007119,PROP-02576,RES-04821,2024-08-05,2025-08-05,12,3305,3305,0,,expired
LSE-007120,PROP-02576,RES-04822,2025-10-15,2027-10-15,24,3410,3410,0,,active
LSE-007121,PROP-02577,RES-04823,2022-10-04,2023-10-04,12,3190,1595,0,,expired
LSE-007122,PROP-02577,RES-04823,2023-11-28,2025-11-28,24,3255,3255,0,LSE-007121,expired
LSE-007123,PROP-02577,RES-04823,2026-01-09,2027-07-09,18,3360,3360,0,LSE-007122,active
LSE-007124,PROP-02578,RES-04824,2022-05-02,2023-05-02,12,3085,1542,0,,expired
LSE-007125,PROP-02578,RES-04825,2023-05-21,2024-05-21,12,3235,1617,0,,expired
LSE-007126,PROP-02578,RES-04825,2024-07-31,2025-07-31,12,3380,3380,0,LSE-007125,expired
LSE-007127,PROP-02578,RES-04826,2025-09-04,2026-09-04,12,3325,3325,0,,expired
LSE-007128,PROP-02578,RES-04827,2026-09-14,2027-09-14,12,3390,3390,0,,active
LSE-007129,PROP-02579,RES-04828,2022-01-15,2023-01-15,12,3195,1597,0,,expired
LSE-007130,PROP-02579,RES-04828,2023-02-17,2024-02-17,12,3310,1655,0,LSE-007129,expired
LSE-007131,PROP-02579,RES-04828,2024-04-17,2025-04-17,12,3435,3435,0,LSE-007130,expired
LSE-007132,PROP-02579,RES-04829,2025-06-19,2026-06-19,12,3385,1692,0,,expired
LSE-007133,PROP-02579,RES-04829,2026-08-27,2027-08-27,12,3530,3530,0,LSE-007132,active
LSE-007134,PROP-02580,RES-04830,2024-01-24,2026-01-24,24,2510,2510,0,,expired
LSE-007135,PROP-02580,RES-04830,2026-03-10,2027-03-10,12,2620,2620,0,LSE-007134,active
LSE-007136,PROP-02581,RES-04831,2024-01-27,2025-01-27,12,2585,1292,0,,expired
LSE-007137,PROP-02581,RES-04832,2025-03-31,2027-03-31,24,2675,1337,0,,active
LSE-007138,PROP-02582,RES-04833,2023-07-18,2024-07-18,12,3185,3185,0,,expired
LSE-007139,PROP-02582,RES-04834,2024-08-12,2025-08-12,12,3355,3355,0,,expired
LSE-007140,PROP-02582,RES-04835,2025-10-17,2027-10-17,24,3315,3315,0,,active
LSE-007141,PROP-02583,RES-04836,2023-08-17,2025-08-17,24,2520,1260,0,,expired
LSE-007142,PROP-02583,RES-04837,2025-09-24,2027-09-24,24,2600,2600,0,,active
LSE-007143,PROP-02584,RES-04838,2022-06-03,2023-06-03,12,2905,2905,1,,expired
LSE-007144,PROP-02584,RES-04838,2023-08-02,2024-08-02,12,3005,3005,0,LSE-007143,terminated-early
LSE-007145,PROP-02584,RES-04839,2024-10-05,2026-10-05,24,2945,1472,0,,active
LSE-007146,PROP-02585,RES-04840,2024-11-25,2025-11-25,12,2845,2845,0,,expired
LSE-007147,PROP-02585,RES-04841,2025-12-23,2027-06-23,18,2870,2870,1,,active
LSE-007148,PROP-02586,RES-04842,2023-03-06,2025-03-06,24,2880,2880,1,,expired
LSE-007149,PROP-02586,RES-04842,2025-05-14,2026-05-14,12,2970,1485,0,LSE-007148,expired
LSE-007150,PROP-02586,RES-04842,2026-05-22,2027-11-22,18,3120,1560,0,LSE-007149,active
LSE-007151,PROP-02587,RES-04843,2024-01-04,2026-01-04,24,2485,1242,1,,expired
LSE-007152,PROP-02587,RES-04844,2026-02-22,2028-02-22,24,2665,2665,0,,active
LSE-007153,PROP-02588,RES-04845,2023-07-18,2025-07-18,24,3530,3530,0,,expired
LSE-007154,PROP-02588,RES-04846,2025-08-14,2026-08-14,12,3670,3670,0,,expired
LSE-007155,PROP-02588,RES-04846,2026-09-16,2028-09-16,24,3710,1855,0,LSE-007154,active
LSE-007156,PROP-02589,RES-04847,2022-08-26,2024-08-26,24,3560,1780,0,,expired
LSE-007157,PROP-02589,RES-04848,2024-10-19,2025-10-19,12,3685,3685,0,,terminated-early
LSE-007158,PROP-02589,RES-04849,2025-11-02,2027-11-02,24,3665,3665,0,,active
LSE-007159,PROP-02590,RES-04850,2022-08-13,2024-08-13,24,3485,3485,0,,expired
LSE-007160,PROP-02590,RES-04851,2024-09-25,2026-09-25,24,3740,3740,0,,expired
LSE-007161,PROP-02591,RES-04852,2024-06-28,2026-06-28,24,3265,1632,0,,expired
LSE-007162,PROP-02591,RES-04853,2026-08-07,2027-08-07,12,3345,3345,0,,active
LSE-007163,PROP-02592,RES-04854,2023-07-02,2024-07-02,12,3045,3045,0,,expired
LSE-007164,PROP-02592,RES-04855,2024-07-28,2026-01-28,18,3390,3390,1,,expired
LSE-007165,PROP-02592,RES-04856,2026-04-10,2027-04-10,12,3420,3420,1,,active
LSE-007166,PROP-02593,RES-04857,2023-12-22,2025-06-22,18,3380,3380,0,,expired
LSE-007167,PROP-02593,RES-04857,2025-08-14,2026-08-14,12,3760,3760,0,LSE-007166,expired
LSE-007168,PROP-02593,RES-04857,2026-08-31,2027-08-31,12,3895,3895,0,LSE-007167,active
LSE-007169,PROP-02594,RES-04858,2023-03-13,2024-03-13,12,3230,3230,0,,expired
LSE-007170,PROP-02594,RES-04858,2024-05-25,2026-05-25,24,3375,3375,0,LSE-007169,expired
LSE-007171,PROP-02594,RES-04859,2026-07-11,2028-07-11,24,3585,1792,0,,active
LSE-007172,PROP-02595,RES-04860,2023-08-15,2025-08-15,24,2865,2865,0,,expired
LSE-007173,PROP-02595,RES-04861,2025-08-24,2027-02-24,18,3125,1562,0,,active
LSE-007174,PROP-02596,RES-04862,2023-04-23,2024-04-23,12,3450,1725,0,,expired
LSE-007175,PROP-02596,RES-04863,2024-06-01,2025-06-01,12,3835,3835,0,,expired
LSE-007176,PROP-02596,RES-04864,2025-06-30,2027-06-30,24,3755,1877,0,,active
LSE-007177,PROP-02597,RES-04865,2023-04-02,2024-04-02,12,2555,2555,0,,expired
LSE-007178,PROP-02597,RES-04866,2024-06-06,2025-06-06,12,2635,2635,0,,expired
LSE-007179,PROP-02597,RES-04866,2025-06-24,2027-06-24,24,2765,1382,0,LSE-007178,active
LSE-007180,PROP-02598,RES-04867,2023-06-02,2024-06-02,12,3475,1737,0,,expired
LSE-007181,PROP-02598,RES-04868,2024-07-09,2026-07-09,24,3635,1817,0,,expired
LSE-007182,PROP-02598,RES-04868,2026-08-27,2028-08-27,24,3840,1920,1,LSE-007181,active
LSE-007183,PROP-02599,RES-04869,2023-06-26,2025-06-26,24,2835,1417,0,,expired
LSE-007184,PROP-02599,RES-04870,2025-08-22,2027-08-22,24,3055,3055,0,,active
LSE-007185,PROP-02600,RES-04871,2024-04-10,2025-10-10,18,3515,1757,0,,expired
LSE-007186,PROP-02600,RES-04872,2025-10-17,2026-10-17,12,3585,3585,0,,active
LSE-007187,PROP-02601,RES-04873,2022-04-18,2024-04-18,24,3580,1790,0,,expired
LSE-007188,PROP-02601,RES-04873,2024-05-31,2026-05-31,24,3625,3625,0,LSE-007187,expired
LSE-007189,PROP-02601,RES-04874,2026-07-01,2027-07-01,12,3950,3950,0,,active
LSE-007190,PROP-02602,RES-04875,2024-10-23,2026-04-23,18,3570,1785,0,,expired
LSE-007191,PROP-02602,RES-04875,2026-05-27,2027-05-27,12,3905,1952,0,LSE-007190,active
LSE-007192,PROP-02603,RES-04876,2023-06-05,2024-12-05,18,3245,3245,0,,expired
LSE-007193,PROP-02603,RES-04877,2025-01-29,2027-01-29,24,3195,3195,0,,active
LSE-007194,PROP-02604,RES-04878,2022-06-14,2023-06-14,12,2445,1222,0,,expired
LSE-007195,PROP-02604,RES-04879,2023-07-09,2025-07-09,24,2535,2535,0,,expired
LSE-007196,PROP-02604,RES-04880,2025-09-19,2027-09-19,24,2625,1312,0,,active
LSE-007197,PROP-02605,RES-04881,2023-10-02,2025-10-02,24,3505,1752,0,,expired
LSE-007198,PROP-02605,RES-04882,2025-11-22,2026-11-22,12,3605,3605,1,,active
LSE-007199,PROP-02606,RES-04883,2024-11-12,2025-11-12,12,3295,3295,1,,expired
LSE-007200,PROP-02606,RES-04884,2025-12-13,2027-06-13,18,3270,3270,0,,active
LSE-007201,PROP-02607,RES-04885,2022-10-06,2024-10-06,24,3150,3150,0,,expired
LSE-007202,PROP-02607,RES-04885,2024-11-12,2026-05-12,18,3245,3245,0,LSE-007201,expired
LSE-007203,PROP-02607,RES-04886,2026-05-17,2028-05-17,24,3635,3635,0,,active
LSE-007204,PROP-02608,RES-04887,2022-04-11,2023-10-11,18,3175,1587,0,,expired
LSE-007205,PROP-02608,RES-04888,2023-10-17,2024-10-17,12,3095,3095,0,,expired
LSE-007206,PROP-02608,RES-04888,2024-12-05,2025-12-05,12,3235,3235,0,LSE-007205,expired
LSE-007207,PROP-02608,RES-04888,2026-02-16,2028-02-16,24,3335,1667,0,LSE-007206,active
LSE-007208,PROP-02609,RES-04889,2023-05-25,2025-05-25,24,2835,2835,0,,expired
LSE-007209,PROP-02609,RES-04889,2025-08-02,2027-08-02,24,2980,2980,0,LSE-007208,active
LSE-007210,PROP-02610,RES-04890,2021-12-12,2023-06-12,18,2800,2800,0,,expired
LSE-007211,PROP-02610,RES-04890,2023-07-25,2025-01-25,18,2840,2840,0,LSE-007210,expired
LSE-007212,PROP-02610,RES-04890,2025-02-20,2026-02-20,12,2985,2985,0,LSE-007211,expired
LSE-007213,PROP-02610,RES-04890,2026-02-25,2027-02-25,12,3090,3090,1,LSE-007212,active
LSE-007214,PROP-02611,RES-04891,2022-06-17,2024-06-17,24,3385,3385,0,,expired
LSE-007215,PROP-02611,RES-04892,2024-08-21,2026-08-21,24,3670,1835,0,,expired
LSE-007216,PROP-02612,RES-04893,2023-11-23,2025-11-23,24,3430,3430,0,,expired
LSE-007217,PROP-02612,RES-04893,2026-01-20,2027-01-20,12,3600,3600,0,LSE-007216,active
LSE-007218,PROP-02613,RES-04894,2023-05-26,2024-05-26,12,3230,1615,0,,expired
LSE-007219,PROP-02613,RES-04894,2024-06-12,2025-06-12,12,3380,3380,0,LSE-007218,expired
LSE-007220,PROP-02613,RES-04895,2025-08-11,2027-08-11,24,3375,1687,0,,active
LSE-007221,PROP-02614,RES-04896,2022-11-25,2024-11-25,24,3605,3605,0,,terminated-early
LSE-007222,PROP-02614,RES-04897,2025-01-10,2026-01-10,12,3625,3625,1,,expired
LSE-007223,PROP-02614,RES-04898,2026-02-13,2028-02-13,24,3705,3705,0,,active
LSE-007224,PROP-02615,RES-04899,2024-03-23,2026-03-23,24,2415,2415,0,,expired
LSE-007225,PROP-02615,RES-04899,2026-04-18,2027-04-18,12,2550,1275,0,LSE-007224,active
LSE-007226,PROP-02616,RES-04900,2024-03-03,2025-03-03,12,3155,3155,0,,expired
LSE-007227,PROP-02616,RES-04901,2025-04-04,2026-10-04,18,3355,3355,0,,active
LSE-007228,PROP-02617,RES-04902,2023-06-23,2025-06-23,24,2220,1110,0,,expired
LSE-007229,PROP-02617,RES-04903,2025-07-26,2027-07-26,24,2490,2490,0,,active
LSE-007230,PROP-02618,RES-04904,2023-05-05,2024-05-05,12,2620,2620,1,,expired
LSE-007231,PROP-02618,RES-04904,2024-05-15,2025-05-15,12,2775,2775,1,LSE-007230,expired
LSE-007232,PROP-02618,RES-04904,2025-07-15,2027-07-15,24,2970,2970,0,LSE-007231,active
LSE-007233,PROP-02619,RES-04905,2023-12-25,2024-12-25,12,3100,3100,1,,expired
LSE-007234,PROP-02619,RES-04906,2025-01-08,2027-01-08,24,3355,1677,0,,active
LSE-007235,PROP-02620,RES-04907,2021-12-23,2023-12-23,24,2840,2840,0,,expired
LSE-007236,PROP-02620,RES-04907,2024-02-18,2025-02-18,12,2940,2940,0,LSE-007235,expired
LSE-007237,PROP-02620,RES-04908,2025-04-04,2027-04-04,24,3215,3215,0,,active
LSE-007238,PROP-02621,RES-04909,2022-06-11,2023-06-11,12,2515,1257,0,,expired
LSE-007239,PROP-02621,RES-04909,2023-08-17,2025-08-17,24,2560,1280,0,LSE-007238,expired
LSE-007240,PROP-02621,RES-04910,2025-09-08,2027-09-08,24,2855,1427,0,,active
LSE-007241,PROP-02622,RES-04911,2022-05-09,2023-05-09,12,2315,2315,0,,expired
LSE-007242,PROP-02622,RES-04912,2023-05-29,2024-05-29,12,2340,2340,0,,expired
LSE-007243,PROP-02622,RES-04912,2024-08-12,2025-08-12,12,2430,1215,0,LSE-007242,expired
LSE-007244,PROP-02622,RES-04912,2025-10-13,2026-10-13,12,2470,2470,1,LSE-007243,active
LSE-007245,PROP-02623,RES-04913,2024-06-27,2026-06-27,24,2910,2910,0,,expired
LSE-007246,PROP-02623,RES-04913,2026-07-14,2028-07-14,24,3005,3005,0,LSE-007245,active
LSE-007247,PROP-02624,RES-04914,2024-09-16,2026-09-16,24,3390,3390,0,,expired
LSE-007248,PROP-02625,RES-04915,2023-07-21,2025-07-21,24,2230,2230,0,,expired
LSE-007249,PROP-02625,RES-04915,2025-08-13,2027-08-13,24,2425,2425,0,LSE-007248,active
LSE-007250,PROP-02626,RES-04916,2022-07-28,2023-07-28,12,2360,2360,0,,expired
LSE-007251,PROP-02626,RES-04916,2023-09-10,2024-09-10,12,2385,1192,0,LSE-007250,expired
LSE-007252,PROP-02626,RES-04916,2024-10-13,2026-10-13,24,2505,1252,1,LSE-007251,active
LSE-007253,PROP-02627,RES-04917,2022-08-05,2024-08-05,24,3150,3150,0,,expired
LSE-007254,PROP-02627,RES-04918,2024-08-14,2026-02-14,18,3325,3325,0,,expired
LSE-007255,PROP-02627,RES-04919,2026-04-15,2028-04-15,24,3520,3520,0,,active
LSE-007256,PROP-02628,RES-04920,2023-08-13,2024-08-13,12,2315,1157,0,,expired
LSE-007257,PROP-02628,RES-04921,2024-10-02,2025-10-02,12,2405,1202,0,,expired
LSE-007258,PROP-02628,RES-04921,2025-11-01,2026-11-01,12,2495,2495,1,LSE-007257,active
LSE-007259,PROP-02629,RES-04922,2023-06-02,2024-06-02,12,2260,2260,0,,expired
LSE-007260,PROP-02629,RES-04923,2024-06-25,2026-06-25,24,2435,2435,0,,expired
LSE-007261,PROP-02629,RES-04924,2026-07-21,2028-07-21,24,2685,1342,0,,active
LSE-007262,PROP-02630,RES-04925,2023-10-05,2024-10-05,12,3245,3245,0,,expired
LSE-007263,PROP-02630,RES-04925,2024-12-12,2025-12-12,12,3335,3335,0,LSE-007262,expired
LSE-007264,PROP-02630,RES-04926,2026-01-04,2028-01-04,24,3435,1717,0,,active
LSE-007265,PROP-02631,RES-04927,2022-04-01,2023-04-01,12,3150,1575,0,,expired
LSE-007266,PROP-02631,RES-04927,2023-06-09,2024-06-09,12,3220,1610,0,LSE-007265,expired
LSE-007267,PROP-02631,RES-04928,2024-06-20,2026-06-20,24,3430,3430,0,,expired
LSE-007268,PROP-02631,RES-04929,2026-08-13,2027-08-13,12,3635,1817,0,,active
LSE-007269,PROP-02632,RES-04930,2022-03-26,2024-03-26,24,2955,2955,0,,expired
LSE-007270,PROP-02632,RES-04930,2024-05-26,2025-11-26,18,3080,1540,1,LSE-007269,expired
LSE-007271,PROP-02632,RES-04930,2026-01-18,2027-01-18,12,3150,1575,0,LSE-007270,active
LSE-007272,PROP-02633,RES-04931,2021-10-12,2023-10-12,24,2845,1422,0,,expired
LSE-007273,PROP-02633,RES-04931,2023-12-12,2025-06-12,18,2980,2980,0,LSE-007272,expired
LSE-007274,PROP-02633,RES-04932,2025-06-25,2026-06-25,12,3165,1582,0,,expired
LSE-007275,PROP-02633,RES-04932,2026-08-26,2027-08-26,12,3295,1647,0,LSE-007274,active
LSE-007276,PROP-02634,RES-04933,2024-02-05,2025-02-05,12,2620,2620,0,,expired
LSE-007277,PROP-02634,RES-04934,2025-03-23,2026-03-23,12,2800,1400,0,,expired
LSE-007278,PROP-02634,RES-04935,2026-04-01,2027-04-01,12,2825,1412,0,,active
LSE-007279,PROP-02635,RES-04936,2022-11-07,2023-11-07,12,2305,2305,0,,expired
LSE-007280,PROP-02635,RES-04936,2023-12-12,2024-12-12,12,2410,2410,0,LSE-007279,expired
LSE-007281,PROP-02635,RES-04937,2025-02-21,2026-02-21,12,2395,2395,0,,expired
LSE-007282,PROP-02635,RES-04938,2026-03-12,2028-03-12,24,2540,1270,1,,active
LSE-007283,PROP-02636,RES-04939,2022-11-03,2024-11-03,24,3235,3235,0,,evicted
LSE-007284,PROP-02636,RES-04940,2025-01-07,2026-01-07,12,3310,3310,0,,expired
LSE-007285,PROP-02636,RES-04940,2026-02-02,2027-02-02,12,3415,3415,1,LSE-007284,active
LSE-007286,PROP-02637,RES-04941,2022-07-20,2024-07-20,24,2855,2855,0,,expired
LSE-007287,PROP-02637,RES-04942,2024-08-08,2026-08-08,24,3165,1582,0,,expired
LSE-007288,PROP-02637,RES-04942,2026-09-11,2027-09-11,12,3275,3275,0,LSE-007287,active
LSE-007289,PROP-02638,RES-04943,2024-11-15,2026-11-15,24,2925,1462,0,,active
LSE-007290,PROP-02639,RES-04944,2023-08-14,2025-02-14,18,2510,2510,0,,expired
LSE-007291,PROP-02639,RES-04945,2025-04-20,2027-04-20,24,2750,1375,0,,active
LSE-007292,PROP-02640,RES-04946,2022-06-09,2024-06-09,24,2790,2790,0,,expired
LSE-007293,PROP-02640,RES-04947,2024-08-01,2026-08-01,24,3050,3050,0,,expired
LSE-007294,PROP-02640,RES-04948,2026-08-22,2028-08-22,24,3200,3200,0,,active
LSE-007295,PROP-02641,RES-04949,2024-04-24,2026-04-24,24,2735,2735,0,,expired
LSE-007296,PROP-02641,RES-04949,2026-07-02,2027-07-02,12,2815,1407,0,LSE-007295,active
LSE-007297,PROP-02642,RES-04950,2022-05-24,2024-05-24,24,3025,1512,0,,expired
LSE-007298,PROP-02642,RES-04950,2024-07-21,2025-07-21,12,3305,3305,0,LSE-007297,expired
LSE-007299,PROP-02642,RES-04951,2025-10-01,2027-10-01,24,3385,3385,0,,active
LSE-007300,PROP-02643,RES-04952,2024-03-01,2025-03-01,12,2710,2710,0,,expired
LSE-007301,PROP-02643,RES-04952,2025-03-20,2026-03-20,12,2800,1400,0,LSE-007300,expired
LSE-007302,PROP-02643,RES-04952,2026-04-20,2027-10-20,18,2880,1440,0,LSE-007301,active
LSE-007303,PROP-02644,RES-04953,2022-11-02,2024-11-02,24,2915,1457,0,,expired
LSE-007304,PROP-02644,RES-04953,2024-12-16,2025-12-16,12,3045,1522,0,LSE-007303,expired
LSE-007305,PROP-02644,RES-04953,2026-01-03,2028-01-03,24,3090,1545,0,LSE-007304,active
LSE-007306,PROP-02645,RES-04954,2024-04-22,2025-10-22,18,2880,2880,0,,expired
LSE-007307,PROP-02645,RES-04955,2025-12-12,2027-12-12,24,2960,2960,0,,active
LSE-007308,PROP-02646,RES-04956,2023-05-25,2024-05-25,12,3270,1635,0,,expired
LSE-007309,PROP-02646,RES-04957,2024-07-21,2025-07-21,12,3540,3540,0,,expired
LSE-007310,PROP-02646,RES-04957,2025-08-22,2026-08-22,12,3665,1832,0,LSE-007309,expired
LSE-007311,PROP-02646,RES-04958,2026-09-13,2028-09-13,24,3730,3730,0,,active
LSE-007312,PROP-02647,RES-04959,2023-05-20,2025-05-20,24,3135,3135,0,,expired
LSE-007313,PROP-02647,RES-04959,2025-06-11,2026-06-11,12,3455,3455,0,LSE-007312,expired
LSE-007314,PROP-02647,RES-04959,2026-06-22,2027-06-22,12,3690,1845,0,LSE-007313,active
LSE-007315,PROP-02648,RES-04960,2022-08-14,2023-08-14,12,3005,3005,0,,expired
LSE-007316,PROP-02648,RES-04961,2023-08-25,2024-08-25,12,2995,2995,0,,expired
LSE-007317,PROP-02648,RES-04961,2024-09-13,2025-09-13,12,3085,1542,1,LSE-007316,expired
LSE-007318,PROP-02648,RES-04961,2025-09-28,2027-09-28,24,3145,3145,0,LSE-007317,active
LSE-007319,PROP-02649,RES-04962,2021-11-24,2023-11-24,24,2965,2965,0,,expired
LSE-007320,PROP-02649,RES-04962,2023-12-28,2024-12-28,12,3000,3000,0,LSE-007319,expired
LSE-007321,PROP-02649,RES-04963,2025-03-09,2027-03-09,24,3225,1612,0,,active
LSE-007322,PROP-02650,RES-04964,2023-12-27,2024-12-27,12,2860,2860,0,,expired
LSE-007323,PROP-02650,RES-04965,2025-01-16,2027-01-16,24,2990,2990,0,,active
LSE-007324,PROP-02651,RES-04966,2023-06-04,2024-12-04,18,3005,1502,0,,expired
LSE-007325,PROP-02651,RES-04967,2025-02-03,2026-08-03,18,3100,3100,1,,expired
LSE-007326,PROP-02651,RES-04967,2026-08-17,2027-08-17,12,3390,3390,0,LSE-007325,active
LSE-007327,PROP-02652,RES-04968,2022-07-25,2024-07-25,24,3040,3040,0,,expired
LSE-007328,PROP-02652,RES-04968,2024-10-07,2025-10-07,12,3140,1570,0,LSE-007327,expired
LSE-007329,PROP-02652,RES-04969,2025-10-13,2026-10-13,12,3140,1570,0,,active
LSE-007330,PROP-02653,RES-04970,2024-03-13,2026-03-13,24,3000,3000,0,,expired
LSE-007331,PROP-02653,RES-04971,2026-04-15,2027-04-15,12,3415,1707,1,,active
LSE-007332,PROP-02654,RES-04972,2021-12-23,2022-12-23,12,3055,3055,0,,expired
LSE-007333,PROP-02654,RES-04972,2023-03-07,2024-03-07,12,3140,1570,0,LSE-007332,expired
LSE-007334,PROP-02654,RES-04973,2024-04-25,2025-04-25,12,3155,1577,0,,expired
LSE-007335,PROP-02654,RES-04973,2025-05-04,2026-05-04,12,3220,3220,0,LSE-007334,expired
LSE-007336,PROP-02654,RES-04973,2026-05-10,2027-05-10,12,3270,3270,0,LSE-007335,active
LSE-007337,PROP-02655,RES-04974,2023-01-11,2024-01-11,12,2965,2965,0,,expired
LSE-007338,PROP-02655,RES-04975,2024-02-03,2026-02-03,24,2960,1480,0,,expired
LSE-007339,PROP-02655,RES-04976,2026-03-24,2027-03-24,12,3210,3210,0,,active
LSE-007340,PROP-02656,RES-04977,2022-03-03,2024-03-03,24,2900,2900,0,,expired
LSE-007341,PROP-02656,RES-04978,2024-04-22,2026-04-22,24,3100,1550,0,,expired
LSE-007342,PROP-02656,RES-04978,2026-04-27,2027-04-27,12,3390,3390,0,LSE-007341,active
LSE-007343,PROP-02657,RES-04979,2024-07-07,2025-07-07,12,3245,3245,0,,expired
LSE-007344,PROP-02657,RES-04980,2025-07-13,2027-01-13,18,3245,1622,0,,active
LSE-007345,PROP-02658,RES-04981,2021-11-21,2022-11-21,12,3000,3000,0,,expired
LSE-007346,PROP-02658,RES-04981,2022-12-06,2024-12-06,24,3105,3105,0,LSE-007345,expired
LSE-007347,PROP-02658,RES-04982,2025-01-02,2026-01-02,12,3025,1512,0,,expired
LSE-007348,PROP-02658,RES-04983,2026-03-09,2027-09-09,18,3240,3240,0,,active
LSE-007349,PROP-02659,RES-04984,2023-03-10,2025-03-10,24,2930,2930,0,,expired
LSE-007350,PROP-02659,RES-04984,2025-03-22,2026-03-22,12,3000,3000,0,LSE-007349,expired
LSE-007351,PROP-02659,RES-04984,2026-05-12,2028-05-12,24,3190,3190,0,LSE-007350,active
LSE-007352,PROP-02660,RES-04985,2021-10-24,2022-10-24,12,2930,1465,0,,expired
LSE-007353,PROP-02660,RES-04985,2022-11-11,2023-11-11,12,3035,1517,0,LSE-007352,expired
LSE-007354,PROP-02660,RES-04985,2023-12-20,2025-06-20,18,3110,3110,0,LSE-007353,expired
LSE-007355,PROP-02660,RES-04985,2025-08-15,2026-08-15,12,3185,3185,1,LSE-007354,expired
LSE-007356,PROP-02660,RES-04986,2026-09-25,2027-09-25,12,3280,3280,0,,active
LSE-007357,PROP-02661,RES-04987,2024-02-09,2025-02-09,12,3115,3115,0,,expired
LSE-007358,PROP-02661,RES-04988,2025-04-20,2026-04-20,12,3325,3325,0,,expired
LSE-007359,PROP-02661,RES-04988,2026-05-28,2028-05-28,24,3485,1742,0,LSE-007358,active
LSE-007360,PROP-02662,RES-04989,2023-06-20,2024-06-20,12,2845,2845,0,,expired
LSE-007361,PROP-02662,RES-04990,2024-07-13,2025-07-13,12,3165,1582,0,,expired
LSE-007362,PROP-02662,RES-04991,2025-09-15,2027-09-15,24,3140,3140,1,,active
LSE-007363,PROP-02663,RES-04992,2024-12-13,2025-12-13,12,3020,3020,1,,expired
LSE-007364,PROP-02663,RES-04992,2025-12-30,2026-12-30,12,3120,3120,0,LSE-007363,active
LSE-007365,PROP-02664,RES-04993,2022-10-07,2023-10-07,12,3100,3100,0,,expired
LSE-007366,PROP-02664,RES-04994,2023-10-19,2025-10-19,24,3050,3050,0,,expired
LSE-007367,PROP-02664,RES-04994,2025-12-09,2027-12-09,24,3185,1592,0,LSE-007366,active
LSE-007368,PROP-02665,RES-04995,2024-03-09,2025-03-09,12,3080,3080,0,,expired
LSE-007369,PROP-02665,RES-04995,2025-05-16,2026-05-16,12,3335,1667,0,LSE-007368,expired
LSE-007370,PROP-02665,RES-04995,2026-05-30,2028-05-30,24,3450,1725,0,LSE-007369,active
LSE-007371,PROP-02666,RES-04996,2024-09-03,2025-09-03,12,3085,3085,0,,expired
LSE-007372,PROP-02666,RES-04996,2025-10-03,2026-10-03,12,3130,3130,0,LSE-007371,active
LSE-007373,PROP-02667,RES-04997,2023-10-17,2025-10-17,24,3015,1507,0,,expired
LSE-007374,PROP-02667,RES-04998,2025-11-10,2026-11-10,12,3120,1560,0,,active
LSE-007375,PROP-02668,RES-04999,2024-02-08,2025-02-08,12,3045,3045,0,,expired
LSE-007376,PROP-02668,RES-04999,2025-04-02,2027-04-02,24,3160,3160,0,LSE-007375,active
LSE-007377,PROP-02669,RES-05000,2023-07-15,2024-07-15,12,3060,3060,0,,expired
LSE-007378,PROP-02669,RES-05001,2024-08-31,2026-02-28,18,3130,3130,0,,expired
LSE-007379,PROP-02669,RES-05001,2026-04-05,2027-10-05,18,3285,3285,0,LSE-007378,active
LSE-007380,PROP-02670,RES-05002,2022-05-04,2023-05-04,12,3050,3050,0,,expired
LSE-007381,PROP-02670,RES-05003,2023-07-03,2025-07-03,24,2925,2925,0,,expired
LSE-007382,PROP-02670,RES-05003,2025-08-24,2026-08-24,12,3225,3225,0,LSE-007381,expired
LSE-007383,PROP-02670,RES-05003,2026-09-01,2027-09-01,12,3375,3375,0,LSE-007382,active
LSE-007384,PROP-02671,RES-05004,2024-11-19,2025-11-19,12,2960,2960,0,,expired
LSE-007385,PROP-02671,RES-05004,2026-01-10,2028-01-10,24,3095,3095,0,LSE-007384,active
LSE-007386,PROP-02672,RES-05005,2023-12-01,2024-12-01,12,3065,3065,1,,evicted
LSE-007387,PROP-02672,RES-05006,2025-02-08,2026-02-08,12,3250,3250,0,,expired
LSE-007388,PROP-02672,RES-05006,2026-03-31,2027-03-31,12,3285,3285,0,LSE-007387,active
LSE-007389,PROP-02673,RES-05007,2024-03-03,2025-03-03,12,3025,1512,0,,expired
LSE-007390,PROP-02673,RES-05007,2025-03-29,2026-03-29,12,3140,1570,1,LSE-007389,expired
LSE-007391,PROP-02673,RES-05007,2026-06-10,2027-06-10,12,3325,1662,0,LSE-007390,active
LSE-007392,PROP-02674,RES-05008,2021-10-01,2023-10-01,24,3015,3015,0,,expired
LSE-007393,PROP-02674,RES-05008,2023-12-11,2025-06-11,18,3105,3105,1,LSE-007392,expired
LSE-007394,PROP-02674,RES-05009,2025-06-25,2027-06-25,24,3365,3365,0,,active
LSE-007395,PROP-02675,RES-05010,2023-09-13,2024-09-13,12,3090,3090,0,,expired
LSE-007396,PROP-02675,RES-05010,2024-09-23,2026-09-23,24,3185,1592,0,LSE-007395,expired
LSE-007397,PROP-02676,RES-05011,2023-10-05,2024-10-05,12,2985,2985,0,,expired
LSE-007398,PROP-02676,RES-05011,2024-11-16,2026-11-16,24,3125,3125,0,LSE-007397,active
LSE-007399,PROP-02677,RES-05012,2023-05-16,2025-05-16,24,2935,2935,0,,expired
LSE-007400,PROP-02677,RES-05012,2025-07-28,2026-07-28,12,3155,1577,0,LSE-007399,expired
LSE-007401,PROP-02677,RES-05012,2026-09-17,2028-09-17,24,3275,3275,0,LSE-007400,active
LSE-007402,PROP-02678,RES-05013,2022-09-20,2024-09-20,24,2940,2940,0,,expired
LSE-007403,PROP-02678,RES-05014,2024-11-09,2025-11-09,12,3020,1510,0,,expired
LSE-007404,PROP-02678,RES-05015,2025-11-24,2026-11-24,12,3100,1550,1,,active
LSE-007405,PROP-02679,RES-05016,2023-05-06,2025-05-06,24,2930,2930,0,,expired
LSE-007406,PROP-02679,RES-05017,2025-07-11,2026-07-11,12,3295,3295,0,,expired
LSE-007407,PROP-02679,RES-05017,2026-08-24,2028-08-24,24,3355,1677,0,LSE-007406,active
LSE-007408,PROP-02680,RES-05018,2021-11-23,2022-11-23,12,3020,3020,0,,expired
LSE-007409,PROP-02680,RES-05018,2023-02-04,2024-02-04,12,3055,3055,0,LSE-007408,expired
LSE-007410,PROP-02680,RES-05019,2024-03-16,2026-03-16,24,3180,3180,1,,expired
LSE-007411,PROP-02680,RES-05020,2026-04-01,2027-04-01,12,3400,3400,0,,active
LSE-007412,PROP-02681,RES-05021,2024-05-08,2026-05-08,24,3155,3155,0,,expired
LSE-007413,PROP-02681,RES-05022,2026-06-30,2027-06-30,12,3390,3390,0,,active
LSE-007414,PROP-02682,RES-05023,2023-10-14,2024-10-14,12,2925,1462,0,,expired
LSE-007415,PROP-02682,RES-05023,2024-11-17,2026-11-17,24,2970,1485,1,LSE-007414,active
LSE-007416,PROP-02683,RES-05024,2022-06-05,2023-06-05,12,2985,2985,0,,expired
LSE-007417,PROP-02683,RES-05024,2023-07-08,2025-07-08,24,3130,3130,0,LSE-007416,expired
LSE-007418,PROP-02683,RES-05024,2025-09-20,2026-09-20,12,3265,3265,0,LSE-007417,expired
LSE-007419,PROP-02684,RES-05025,2022-03-26,2024-03-26,24,2885,2885,0,,expired
LSE-007420,PROP-02684,RES-05025,2024-04-15,2026-04-15,24,2980,2980,0,LSE-007419,expired
LSE-007421,PROP-02684,RES-05026,2026-05-28,2028-05-28,24,3275,3275,0,,active
LSE-007422,PROP-02685,RES-05027,2024-06-24,2025-06-24,12,3135,1567,0,,expired
LSE-007423,PROP-02685,RES-05027,2025-07-02,2026-07-02,12,3335,1667,0,LSE-007422,expired
LSE-007424,PROP-02685,RES-05028,2026-07-21,2027-07-21,12,3400,1700,0,,active
LSE-007425,PROP-02686,RES-05029,2023-07-25,2025-07-25,24,2875,2875,0,,expired
LSE-007426,PROP-02686,RES-05030,2025-09-20,2026-09-20,12,3180,1590,0,,expired
LSE-007427,PROP-02687,RES-05031,2023-09-05,2025-09-05,24,2910,2910,0,,expired
LSE-007428,PROP-02687,RES-05032,2025-09-19,2026-09-19,12,3175,1587,0,,expired
LSE-007429,PROP-02688,RES-05033,2024-03-04,2025-03-04,12,3110,3110,0,,expired
LSE-007430,PROP-02688,RES-05033,2025-03-17,2027-03-17,24,3205,3205,0,LSE-007429,active
LSE-007431,PROP-02689,RES-05034,2023-12-01,2024-12-01,12,2940,2940,0,,expired
LSE-007432,PROP-02689,RES-05035,2025-02-08,2026-08-08,18,3150,3150,0,,expired
LSE-007433,PROP-02689,RES-05036,2026-08-29,2028-08-29,24,3280,3280,0,,active
LSE-007434,PROP-02690,RES-05037,2022-06-01,2023-12-01,18,3075,3075,0,,expired
LSE-007435,PROP-02690,RES-05038,2024-02-12,2026-02-12,24,2965,2965,0,,expired
LSE-007436,PROP-02690,RES-05039,2026-02-25,2027-02-25,12,3270,3270,0,,active
LSE-007437,PROP-02691,RES-05040,2022-08-23,2023-08-23,12,2925,2925,0,,expired
LSE-007438,PROP-02691,RES-05041,2023-09-15,2025-09-15,24,2985,2985,0,,expired
LSE-007439,PROP-02691,RES-05041,2025-09-21,2027-09-21,24,3185,1592,0,LSE-007438,active
LSE-007440,PROP-02692,RES-05042,2023-08-24,2024-08-24,12,3005,3005,0,,expired
LSE-007441,PROP-02692,RES-05043,2024-10-01,2026-04-01,18,3140,3140,0,,expired
LSE-007442,PROP-02692,RES-05044,2026-04-15,2027-04-15,12,3400,1700,0,,active
LSE-007443,PROP-02693,RES-05045,2023-07-23,2025-01-23,18,3015,3015,0,,evicted
LSE-007444,PROP-02693,RES-05046,2025-02-28,2027-02-28,24,3170,3170,1,,active
LSE-007445,PROP-02694,RES-05047,2024-02-12,2026-02-12,24,3055,3055,1,,expired
LSE-007446,PROP-02694,RES-05047,2026-03-05,2028-03-05,24,3230,3230,0,LSE-007445,active
LSE-007447,PROP-02695,RES-05048,2023-09-12,2024-09-12,12,2880,2880,0,,expired
LSE-007448,PROP-02695,RES-05048,2024-10-07,2025-10-07,12,2920,2920,0,LSE-007447,expired
LSE-007449,PROP-02695,RES-05048,2025-12-01,2027-12-01,24,3070,1535,0,LSE-007448,active
LSE-007450,PROP-02696,RES-05049,2022-12-01,2023-12-01,12,3015,3015,0,,expired
LSE-007451,PROP-02696,RES-05050,2024-02-02,2025-08-02,18,2940,2940,0,,expired
LSE-007452,PROP-02696,RES-05050,2025-08-15,2026-08-15,12,3295,1647,0,LSE-007451,expired
LSE-007453,PROP-02697,RES-05051,2024-03-09,2026-03-09,24,3020,3020,0,,expired
LSE-007454,PROP-02697,RES-05052,2026-04-03,2028-04-03,24,3335,3335,0,,active
LSE-007455,PROP-02698,RES-05053,2022-04-05,2024-04-05,24,3070,3070,0,,expired
LSE-007456,PROP-02698,RES-05054,2024-05-11,2026-05-11,24,3280,3280,0,,expired
LSE-007457,PROP-02698,RES-05054,2026-07-22,2027-07-22,12,3470,3470,0,LSE-007456,active
LSE-007458,PROP-02699,RES-05055,2023-08-12,2025-08-12,24,2945,1472,0,,expired
LSE-007459,PROP-02699,RES-05056,2025-08-18,2026-08-18,12,3215,1607,0,,expired
LSE-007460,PROP-02700,RES-05057,2023-05-14,2024-05-14,12,2910,2910,0,,expired
LSE-007461,PROP-02700,RES-05057,2024-07-02,2025-07-02,12,3165,3165,0,LSE-007460,expired
LSE-007462,PROP-02700,RES-05058,2025-08-01,2027-08-01,24,3385,1692,0,,active
LSE-007463,PROP-02701,RES-05059,2023-03-25,2024-03-25,12,3045,3045,0,,expired
LSE-007464,PROP-02701,RES-05059,2024-04-03,2026-04-03,24,3145,1572,0,LSE-007463,expired
LSE-007465,PROP-02701,RES-05060,2026-06-09,2027-06-09,12,3435,3435,1,,active
LSE-007466,PROP-02702,RES-05061,2022-06-18,2024-06-18,24,2980,2980,0,,expired
LSE-007467,PROP-02702,RES-05061,2024-07-19,2025-07-19,12,3080,1540,1,LSE-007466,expired
LSE-007468,PROP-02702,RES-05062,2025-08-10,2027-02-10,18,3240,1620,1,,active
LSE-007469,PROP-02703,RES-05063,2022-10-20,2023-10-20,12,2875,2875,0,,expired
LSE-007470,PROP-02703,RES-05064,2023-11-20,2025-05-20,18,2975,2975,0,,expired
LSE-007471,PROP-02703,RES-05065,2025-06-09,2027-06-09,24,3350,1675,0,,active
LSE-007472,PROP-02704,RES-05066,2023-06-17,2024-12-17,18,2490,2490,0,,expired
LSE-007473,PROP-02704,RES-05066,2025-01-15,2027-01-15,24,2570,2570,0,LSE-007472,active
LSE-007474,PROP-02705,RES-05067,2023-02-04,2025-02-04,24,2860,1430,0,,expired
LSE-007475,PROP-02705,RES-05068,2025-03-28,2027-03-28,24,3060,1530,0,,active
LSE-007476,PROP-02706,RES-05069,2022-07-02,2023-07-02,12,3450,3450,0,,expired
LSE-007477,PROP-02706,RES-05069,2023-07-28,2025-07-28,24,3550,1775,0,LSE-007476,expired
LSE-007478,PROP-02706,RES-05069,2025-09-18,2027-09-18,24,3710,1855,0,LSE-007477,active
LSE-007479,PROP-02707,RES-05070,2022-10-12,2024-04-12,18,3440,3440,0,,expired
LSE-007480,PROP-02707,RES-05071,2024-06-13,2025-06-13,12,3680,3680,0,,expired
LSE-007481,PROP-02707,RES-05072,2025-08-27,2027-08-27,24,3800,3800,0,,active
LSE-007482,PROP-02708,RES-05073,2023-08-17,2024-08-17,12,3450,3450,0,,expired
LSE-007483,PROP-02708,RES-05074,2024-10-10,2025-10-10,12,3510,1755,0,,expired
LSE-007484,PROP-02708,RES-05074,2025-10-25,2026-10-25,12,3545,3545,0,LSE-007483,active
LSE-007485,PROP-02709,RES-05075,2024-11-22,2026-11-22,24,3265,3265,0,,active
LSE-007486,PROP-02710,RES-05076,2022-06-04,2023-06-04,12,2475,2475,0,,expired
LSE-007487,PROP-02710,RES-05076,2023-07-02,2024-07-02,12,2560,2560,1,LSE-007486,expired
LSE-007488,PROP-02710,RES-05076,2024-07-10,2026-01-10,18,2640,2640,0,LSE-007487,expired
LSE-007489,PROP-02710,RES-05076,2026-02-01,2027-08-01,18,2670,2670,0,LSE-007488,active
LSE-007490,PROP-02711,RES-05077,2023-05-06,2025-05-06,24,2575,2575,0,,terminated-early
LSE-007491,PROP-02711,RES-05078,2025-06-05,2026-06-05,12,2760,2760,0,,expired
LSE-007492,PROP-02711,RES-05078,2026-07-19,2028-01-19,18,2820,1410,0,LSE-007491,active
LSE-007493,PROP-02712,RES-05079,2023-11-22,2025-11-22,24,3265,1632,0,,expired
LSE-007494,PROP-02712,RES-05079,2025-12-20,2026-12-20,12,3385,1692,0,LSE-007493,active
LSE-007495,PROP-02713,RES-05080,2023-06-01,2024-06-01,12,2845,2845,0,,expired
LSE-007496,PROP-02713,RES-05080,2024-06-07,2025-06-07,12,2965,2965,0,LSE-007495,expired
LSE-007497,PROP-02713,RES-05080,2025-07-10,2026-07-10,12,3070,3070,0,LSE-007496,expired
LSE-007498,PROP-02713,RES-05080,2026-07-15,2027-07-15,12,3150,3150,0,LSE-007497,active
LSE-007499,PROP-02714,RES-05081,2024-03-27,2025-03-27,12,2960,2960,1,,expired
LSE-007500,PROP-02714,RES-05082,2025-04-15,2026-04-15,12,3005,3005,0,,expired
LSE-007501,PROP-02714,RES-05082,2026-06-02,2028-06-02,24,3150,3150,0,LSE-007500,active
LSE-007502,PROP-02715,RES-05083,2024-02-10,2025-02-10,12,3490,3490,0,,expired
LSE-007503,PROP-02715,RES-05083,2025-04-13,2027-04-13,24,3660,3660,0,LSE-007502,active
LSE-007504,PROP-02716,RES-05084,2022-07-27,2024-07-27,24,3460,1730,0,,expired
LSE-007505,PROP-02716,RES-05085,2024-09-23,2025-09-23,12,3545,3545,0,,expired
LSE-007506,PROP-02716,RES-05086,2025-11-11,2026-11-11,12,3615,3615,0,,active
LSE-007507,PROP-02717,RES-05087,2022-10-09,2023-10-09,12,2945,1472,0,,expired
LSE-007508,PROP-02717,RES-05088,2023-11-05,2024-11-05,12,2880,2880,0,,expired
LSE-007509,PROP-02717,RES-05089,2025-01-15,2026-01-15,12,2945,2945,0,,expired
LSE-007510,PROP-02717,RES-05090,2026-03-26,2027-03-26,12,3050,3050,0,,active
LSE-007511,PROP-02718,RES-05091,2024-10-10,2026-10-10,24,3515,1757,0,,active
LSE-007512,PROP-02719,RES-05092,2023-11-29,2025-11-29,24,2455,2455,1,,expired
LSE-007513,PROP-02719,RES-05093,2025-12-05,2026-12-05,12,2665,2665,1,,active
LSE-007514,PROP-02720,RES-05094,2022-09-05,2023-09-05,12,3525,1762,0,,evicted
LSE-007515,PROP-02720,RES-05095,2023-09-17,2024-09-17,12,3365,3365,0,,expired
LSE-007516,PROP-02720,RES-05096,2024-10-18,2025-10-18,12,3505,3505,0,,expired
LSE-007517,PROP-02720,RES-05097,2025-11-11,2027-11-11,24,3580,3580,0,,active
LSE-007518,PROP-02721,RES-05098,2021-10-04,2022-10-04,12,2775,2775,0,,expired
LSE-007519,PROP-02721,RES-05098,2022-10-12,2024-04-12,18,2860,2860,0,LSE-007518,expired
LSE-007520,PROP-02721,RES-05099,2024-05-14,2025-05-14,12,2970,2970,0,,expired
LSE-007521,PROP-02721,RES-05100,2025-05-26,2027-05-26,24,3025,3025,0,,active
LSE-007522,PROP-02722,RES-05101,2024-08-01,2026-08-01,24,3665,3665,0,,expired
LSE-007523,PROP-02722,RES-05102,2026-08-25,2027-08-25,12,3780,1890,0,,active
LSE-007524,PROP-02723,RES-05103,2023-05-04,2025-05-04,24,2825,2825,0,,expired
LSE-007525,PROP-02723,RES-05104,2025-07-06,2027-07-06,24,3050,1525,0,,active
LSE-007526,PROP-02724,RES-05105,2023-04-20,2024-04-20,12,2420,2420,0,,expired
LSE-007527,PROP-02724,RES-05106,2024-06-18,2026-06-18,24,2625,2625,0,,expired
LSE-007528,PROP-02724,RES-05106,2026-08-07,2028-08-07,24,2720,1360,0,LSE-007527,active
LSE-007529,PROP-02725,RES-05107,2022-08-13,2024-02-13,18,3100,3100,1,,expired
LSE-007530,PROP-02725,RES-05108,2024-04-27,2025-04-27,12,3290,1645,0,,expired
LSE-007531,PROP-02725,RES-05109,2025-06-18,2027-06-18,24,3495,3495,0,,active
LSE-007532,PROP-02726,RES-05110,2022-09-06,2023-09-06,12,2505,2505,0,,expired
LSE-007533,PROP-02726,RES-05110,2023-09-23,2024-09-23,12,2575,1287,0,LSE-007532,expired
LSE-007534,PROP-02726,RES-05110,2024-09-28,2025-09-28,12,2655,1327,0,LSE-007533,expired
LSE-007535,PROP-02726,RES-05111,2025-11-09,2027-11-09,24,2600,2600,0,,active
LSE-007536,PROP-02727,RES-05112,2022-09-05,2024-09-05,24,3485,3485,0,,expired
LSE-007537,PROP-02727,RES-05113,2024-10-17,2025-10-17,12,3545,1772,0,,expired
LSE-007538,PROP-02727,RES-05114,2025-11-30,2026-11-30,12,3585,3585,0,,active
LSE-007539,PROP-02728,RES-05115,2022-01-07,2024-01-07,24,2760,2760,0,,expired
LSE-007540,PROP-02728,RES-05116,2024-02-01,2026-02-01,24,2905,1452,0,,expired
LSE-007541,PROP-02728,RES-05116,2026-03-13,2028-03-13,24,2980,2980,0,LSE-007540,active
LSE-007542,PROP-02729,RES-05117,2024-03-24,2025-03-24,12,2955,2955,0,,expired
LSE-007543,PROP-02729,RES-05118,2025-05-15,2026-05-15,12,3060,3060,1,,expired
LSE-007544,PROP-02729,RES-05119,2026-06-21,2027-06-21,12,3250,1625,0,,active
LSE-007545,PROP-02730,RES-05120,2023-05-18,2024-05-18,12,3420,3420,0,,expired
LSE-007546,PROP-02730,RES-05120,2024-06-24,2025-06-24,12,3670,3670,0,LSE-007545,expired
LSE-007547,PROP-02730,RES-05121,2025-08-19,2027-08-19,24,3860,3860,0,,active
LSE-007548,PROP-02731,RES-05122,2022-03-06,2024-03-06,24,3510,3510,0,,expired
LSE-007549,PROP-02731,RES-05123,2024-04-02,2026-04-02,24,3640,1820,0,,expired
LSE-007550,PROP-02731,RES-05124,2026-06-05,2027-12-05,18,3925,1962,0,,active
LSE-007551,PROP-02732,RES-05125,2025-01-16,2026-01-16,12,2635,2635,0,,expired
LSE-007552,PROP-02732,RES-05126,2026-01-27,2027-01-27,12,2730,2730,0,,active
LSE-007553,PROP-02733,RES-05127,2022-10-07,2024-10-07,24,2510,1255,0,,expired
LSE-007554,PROP-02733,RES-05127,2024-10-13,2026-10-13,24,2565,2565,1,LSE-007553,active
LSE-007555,PROP-02734,RES-05128,2024-01-02,2025-07-02,18,2895,1447,1,,expired
LSE-007556,PROP-02734,RES-05128,2025-09-05,2026-09-05,12,3040,3040,0,LSE-007555,expired
LSE-007557,PROP-02734,RES-05129,2026-09-18,2027-09-18,12,3150,3150,0,,active
LSE-007558,PROP-02735,RES-05130,2022-04-16,2023-04-16,12,3590,1795,0,,expired
LSE-007559,PROP-02735,RES-05130,2023-05-10,2024-05-10,12,3760,1880,0,LSE-007558,expired
LSE-007560,PROP-02735,RES-05131,2024-05-29,2025-05-29,12,3615,1807,0,,expired
LSE-007561,PROP-02735,RES-05132,2025-06-11,2026-06-11,12,3910,3910,1,,expired
LSE-007562,PROP-02735,RES-05132,2026-07-17,2028-07-17,24,4060,4060,0,LSE-007561,active
LSE-007563,PROP-02736,RES-05133,2021-10-16,2023-04-16,18,3475,1737,0,,expired
LSE-007564,PROP-02736,RES-05133,2023-06-06,2025-06-06,24,3525,1762,0,LSE-007563,expired
LSE-007565,PROP-02736,RES-05133,2025-06-17,2026-12-17,18,3830,1915,0,LSE-007564,active
LSE-007566,PROP-02737,RES-05134,2024-10-19,2026-04-19,18,2835,2835,1,,expired
LSE-007567,PROP-02737,RES-05134,2026-06-27,2027-06-27,12,3040,3040,1,LSE-007566,active
LSE-007568,PROP-02738,RES-05135,2021-10-24,2022-10-24,12,3480,3480,0,,expired
LSE-007569,PROP-02738,RES-05136,2022-12-05,2024-12-05,24,3505,3505,1,,expired
LSE-007570,PROP-02738,RES-05136,2025-01-19,2027-01-19,24,3670,1835,0,LSE-007569,active
LSE-007571,PROP-02739,RES-05137,2024-08-25,2026-08-25,24,2660,2660,1,,expired
LSE-007572,PROP-02739,RES-05138,2026-09-18,2028-09-18,24,2695,2695,0,,active
LSE-007573,PROP-02740,RES-05139,2023-07-21,2025-01-21,18,2575,2575,0,,expired
LSE-007574,PROP-02740,RES-05140,2025-02-03,2026-02-03,12,2575,1287,0,,expired
LSE-007575,PROP-02740,RES-05141,2026-03-01,2027-09-01,18,2650,2650,0,,active
LSE-007576,PROP-02741,RES-05142,2023-06-27,2024-12-27,18,3575,1787,0,,expired
LSE-007577,PROP-02741,RES-05142,2025-01-17,2026-01-17,12,3740,1870,0,LSE-007576,expired
LSE-007578,PROP-02741,RES-05142,2026-04-01,2028-04-01,24,3865,1932,0,LSE-007577,active
LSE-007579,PROP-02742,RES-05143,2022-06-28,2023-06-28,12,2815,2815,0,,expired
LSE-007580,PROP-02742,RES-05144,2023-07-26,2025-01-26,18,2795,2795,0,,expired
LSE-007581,PROP-02742,RES-05145,2025-02-21,2027-02-21,24,3020,3020,0,,active
LSE-007582,PROP-02743,RES-05146,2022-08-11,2023-08-11,12,3490,3490,0,,expired
LSE-007583,PROP-02743,RES-05146,2023-10-11,2025-10-11,24,3560,1780,0,LSE-007582,expired
LSE-007584,PROP-02743,RES-05147,2025-12-07,2027-06-07,18,3730,1865,0,,active
LSE-007585,PROP-02744,RES-05148,2022-05-13,2024-05-13,24,3525,1762,0,,expired
LSE-007586,PROP-02744,RES-05148,2024-06-14,2025-06-14,12,3755,3755,1,LSE-007585,expired
LSE-007587,PROP-02744,RES-05149,2025-06-23,2026-06-23,12,3745,3745,0,,expired
LSE-007588,PROP-02744,RES-05150,2026-08-28,2027-08-28,12,3815,1907,0,,active
LSE-007589,PROP-02745,RES-05151,2024-10-11,2026-10-11,24,3200,3200,1,,active
LSE-007590,PROP-02746,RES-05152,2022-04-06,2024-04-06,24,2750,2750,1,,expired
LSE-007591,PROP-02746,RES-05152,2024-04-12,2025-04-12,12,2920,2920,0,LSE-007590,expired
LSE-007592,PROP-02746,RES-05152,2025-06-26,2026-06-26,12,3080,3080,1,LSE-007591,expired
LSE-007593,PROP-02746,RES-05153,2026-07-29,2027-07-29,12,3190,3190,0,,active
LSE-007594,PROP-02747,RES-05154,2023-01-15,2025-01-15,24,2945,1472,0,,expired
LSE-007595,PROP-02747,RES-05155,2025-03-04,2026-03-04,12,2925,2925,1,,expired
LSE-007596,PROP-02747,RES-05155,2026-03-26,2028-03-26,24,3075,3075,0,LSE-007595,active
LSE-007597,PROP-02748,RES-05156,2022-08-05,2023-08-05,12,2745,2745,0,,expired
LSE-007598,PROP-02748,RES-05156,2023-08-18,2024-08-18,12,2870,2870,0,LSE-007597,expired
LSE-007599,PROP-02748,RES-05157,2024-09-05,2025-09-05,12,2870,2870,0,,expired
LSE-007600,PROP-02748,RES-05158,2025-09-11,2026-09-11,12,3045,3045,0,,expired
LSE-007601,PROP-02749,RES-05159,2022-03-20,2023-03-20,12,3305,3305,0,,expired
LSE-007602,PROP-02749,RES-05160,2023-03-27,2025-03-27,24,3175,1587,0,,expired
LSE-007603,PROP-02749,RES-05160,2025-06-03,2027-06-03,24,3360,1680,0,LSE-007602,active
LSE-007604,PROP-02750,RES-05161,2023-10-15,2025-10-15,24,2435,1217,1,,expired
LSE-007605,PROP-02750,RES-05161,2025-12-24,2026-12-24,12,2555,1277,0,LSE-007604,active
LSE-007606,PROP-02751,RES-05162,2023-12-17,2025-12-17,24,2755,2755,0,,expired
LSE-007607,PROP-02751,RES-05162,2026-02-13,2028-02-13,24,3005,1502,0,LSE-007606,active
LSE-007608,PROP-02752,RES-05163,2022-07-21,2024-07-21,24,2550,2550,0,,expired
LSE-007609,PROP-02752,RES-05163,2024-08-20,2025-08-20,12,2630,2630,0,LSE-007608,expired
LSE-007610,PROP-02752,RES-05164,2025-10-31,2027-10-31,24,2685,1342,0,,active
LSE-007611,PROP-02753,RES-05165,2023-12-21,2025-06-21,18,3360,3360,0,,expired
LSE-007612,PROP-02753,RES-05165,2025-07-27,2026-07-27,12,3760,1880,1,LSE-007611,expired
LSE-007613,PROP-02753,RES-05165,2026-09-09,2027-09-09,12,3810,3810,0,LSE-007612,active
LSE-007614,PROP-02754,RES-05166,2023-07-23,2024-07-23,12,3425,3425,0,,expired
LSE-007615,PROP-02754,RES-05167,2024-07-29,2026-07-29,24,3610,3610,0,,expired
LSE-007616,PROP-02754,RES-05168,2026-08-29,2028-08-29,24,3730,3730,0,,active
LSE-007617,PROP-02755,RES-05169,2022-12-08,2024-06-08,18,2815,2815,0,,expired
LSE-007618,PROP-02755,RES-05170,2024-08-22,2026-08-22,24,3090,1545,0,,expired
LSE-007619,PROP-02756,RES-05171,2022-07-19,2023-07-19,12,3615,3615,0,,expired
LSE-007620,PROP-02756,RES-05171,2023-07-25,2024-07-25,12,3755,3755,0,LSE-007619,expired
LSE-007621,PROP-02756,RES-05172,2024-08-03,2025-08-03,12,3710,1855,0,,expired
LSE-007622,PROP-02756,RES-05173,2025-09-09,2027-09-09,24,3660,3660,0,,active
LSE-007623,PROP-02757,RES-05174,2022-05-05,2023-05-05,12,2890,1445,0,,expired
LSE-007624,PROP-02757,RES-05175,2023-07-15,2025-07-15,24,2850,2850,0,,expired
LSE-007625,PROP-02757,RES-05175,2025-08-29,2027-08-29,24,2965,2965,0,LSE-007624,active
LSE-007626,PROP-02758,RES-05176,2023-08-28,2025-08-28,24,2750,2750,0,,terminated-early
LSE-007627,PROP-02758,RES-05177,2025-10-04,2027-10-04,24,2950,2950,0,,active
LSE-007628,PROP-02759,RES-05178,2022-02-05,2023-02-05,12,2925,2925,0,,expired
LSE-007629,PROP-02759,RES-05179,2023-04-21,2024-04-21,12,2885,2885,0,,expired
LSE-007630,PROP-02759,RES-05179,2024-07-05,2026-01-05,18,3035,3035,0,LSE-007629,expired
LSE-007631,PROP-02759,RES-05180,2026-03-18,2027-03-18,12,3060,3060,0,,active
LSE-007632,PROP-02760,RES-05181,2022-06-14,2024-06-14,24,2520,2520,0,,expired
LSE-007633,PROP-02760,RES-05181,2024-08-01,2025-08-01,12,2650,1325,0,LSE-007632,expired
LSE-007634,PROP-02760,RES-05181,2025-08-22,2026-08-22,12,2740,2740,0,LSE-007633,expired
LSE-007635,PROP-02761,RES-05182,2022-10-27,2023-10-27,12,2610,2610,0,,expired
LSE-007636,PROP-02761,RES-05182,2023-12-20,2025-12-20,24,2660,2660,0,LSE-007635,expired
LSE-007637,PROP-02761,RES-05183,2026-02-04,2027-02-04,12,2705,2705,0,,active
LSE-007638,PROP-02762,RES-05184,2024-01-25,2025-01-25,12,3070,1535,0,,expired
LSE-007639,PROP-02762,RES-05184,2025-02-21,2026-02-21,12,3220,3220,1,LSE-007638,expired
LSE-007640,PROP-02762,RES-05184,2026-05-07,2027-05-07,12,3560,1780,0,LSE-007639,active
LSE-007641,PROP-02763,RES-05185,2022-10-08,2024-10-08,24,3190,3190,0,,expired
LSE-007642,PROP-02763,RES-05185,2024-10-22,2026-04-22,18,3315,3315,0,LSE-007641,expired
LSE-007643,PROP-02763,RES-05185,2026-05-23,2028-05-23,24,3470,3470,0,LSE-007642,active
LSE-007644,PROP-02764,RES-05186,2022-09-23,2024-03-23,18,2800,2800,0,,expired
LSE-007645,PROP-02764,RES-05186,2024-05-31,2025-11-30,18,2920,2920,0,LSE-007644,expired
LSE-007646,PROP-02764,RES-05186,2025-12-29,2027-06-29,18,2990,1495,0,LSE-007645,active
LSE-007647,PROP-02765,RES-05187,2023-07-14,2024-07-14,12,2920,2920,0,,expired
LSE-007648,PROP-02765,RES-05187,2024-08-17,2026-02-17,18,3065,3065,0,LSE-007647,expired
LSE-007649,PROP-02765,RES-05188,2026-03-10,2027-03-10,12,3000,3000,0,,active
LSE-007650,PROP-02766,RES-05189,2022-05-01,2023-05-01,12,3135,3135,0,,expired
LSE-007651,PROP-02766,RES-05189,2023-06-23,2024-06-23,12,3180,3180,1,LSE-007650,expired
LSE-007652,PROP-02766,RES-05189,2024-08-01,2026-08-01,24,3255,1627,0,LSE-007651,expired
LSE-007653,PROP-02766,RES-05189,2026-08-27,2027-08-27,12,3315,1657,0,LSE-007652,active
LSE-007654,PROP-02767,RES-05190,2022-07-02,2023-07-02,12,3470,3470,0,,expired
LSE-007655,PROP-02767,RES-05190,2023-07-17,2025-07-17,24,3570,3570,0,LSE-007654,expired
LSE-007656,PROP-02767,RES-05191,2025-08-29,2026-08-29,12,3700,1850,0,,expired
LSE-007657,PROP-02768,RES-05192,2022-01-06,2024-01-06,24,3525,3525,0,,expired
LSE-007658,PROP-02768,RES-05192,2024-03-02,2026-03-02,24,3650,3650,0,LSE-007657,expired
LSE-007659,PROP-02768,RES-05192,2026-04-06,2028-04-06,24,3775,3775,0,LSE-007658,active
LSE-007660,PROP-02769,RES-05193,2022-11-28,2024-05-28,18,2810,2810,0,,expired
LSE-007661,PROP-02769,RES-05194,2024-06-15,2026-06-15,24,2980,1490,0,,expired
LSE-007662,PROP-02769,RES-05195,2026-07-28,2027-07-28,12,3060,3060,0,,active
LSE-007663,PROP-02770,RES-05196,2024-10-28,2025-10-28,12,2520,2520,0,,expired
LSE-007664,PROP-02770,RES-05196,2025-11-14,2026-11-14,12,2595,2595,0,LSE-007663,active
LSE-007665,PROP-02771,RES-05197,2023-10-01,2024-10-01,12,2535,2535,0,,expired
LSE-007666,PROP-02771,RES-05198,2024-10-25,2026-04-25,18,2580,1290,1,,expired
LSE-007667,PROP-02771,RES-05198,2026-05-30,2027-05-30,12,2730,1365,1,LSE-007666,active
LSE-007668,PROP-02772,RES-05199,2023-05-02,2024-05-02,12,2460,1230,0,,expired
LSE-007669,PROP-02772,RES-05199,2024-05-21,2025-05-21,12,2505,2505,1,LSE-007668,expired
LSE-007670,PROP-02772,RES-05200,2025-07-08,2027-07-08,24,2635,2635,0,,active
LSE-007671,PROP-02773,RES-05201,2024-01-24,2026-01-24,24,2370,1185,0,,expired
LSE-007672,PROP-02773,RES-05202,2026-03-09,2028-03-09,24,2735,1367,0,,active
LSE-007673,PROP-02774,RES-05203,2025-03-05,2026-03-05,12,2325,1162,0,,expired
LSE-007674,PROP-02774,RES-05204,2026-03-22,2028-03-22,24,2445,1222,0,,active
LSE-007675,PROP-02775,RES-05205,2023-10-23,2024-10-23,12,2450,2450,0,,expired
LSE-007676,PROP-02775,RES-05206,2024-11-05,2025-11-05,12,2590,2590,0,,expired
LSE-007677,PROP-02775,RES-05207,2025-12-23,2027-12-23,24,2645,1322,1,,active
LSE-007678,PROP-02776,RES-05208,2023-08-22,2025-08-22,24,2545,1272,1,,expired
LSE-007679,PROP-02776,RES-05208,2025-10-17,2026-10-17,12,2590,1295,0,LSE-007678,active
LSE-007680,PROP-02777,RES-05209,2023-03-06,2024-03-06,12,2200,1100,0,,expired
LSE-007681,PROP-02777,RES-05209,2024-03-27,2025-03-27,12,2305,2305,0,LSE-007680,expired
LSE-007682,PROP-02777,RES-05209,2025-05-26,2026-05-26,12,2390,1195,0,LSE-007681,expired
LSE-007683,PROP-02777,RES-05210,2026-07-30,2027-07-30,12,2460,1230,0,,active
LSE-007684,PROP-02778,RES-05211,2021-12-03,2022-12-03,12,2165,2165,0,,expired
LSE-007685,PROP-02778,RES-05211,2022-12-24,2023-12-24,12,2240,1120,0,LSE-007684,expired
LSE-007686,PROP-02778,RES-05212,2024-02-14,2026-02-14,24,2190,1095,0,,expired
LSE-007687,PROP-02778,RES-05213,2026-04-21,2028-04-21,24,2365,2365,0,,active
LSE-007688,PROP-02779,RES-05214,2023-08-24,2025-02-24,18,2425,1212,0,,expired
LSE-007689,PROP-02779,RES-05214,2025-05-08,2026-11-08,18,2535,2535,0,LSE-007688,active
LSE-007690,PROP-02780,RES-05215,2022-06-16,2023-12-16,18,2235,2235,0,,expired
LSE-007691,PROP-02780,RES-05215,2024-01-06,2025-01-06,12,2310,2310,0,LSE-007690,expired
LSE-007692,PROP-02780,RES-05215,2025-02-06,2026-02-06,12,2400,2400,0,LSE-007691,expired
LSE-007693,PROP-02780,RES-05215,2026-03-26,2028-03-26,24,2485,2485,0,LSE-007692,active
LSE-007694,PROP-02781,RES-05216,2023-12-13,2025-06-13,18,2415,1207,0,,expired
LSE-007695,PROP-02781,RES-05216,2025-06-30,2026-06-30,12,2705,2705,0,LSE-007694,expired
LSE-007696,PROP-02781,RES-05216,2026-08-22,2027-08-22,12,2840,1420,0,LSE-007695,active
LSE-007697,PROP-02782,RES-05217,2023-02-21,2024-02-21,12,2100,1050,0,,expired
LSE-007698,PROP-02782,RES-05217,2024-04-15,2025-04-15,12,2170,1085,0,LSE-007697,expired
LSE-007699,PROP-02782,RES-05217,2025-04-23,2026-04-23,12,2220,2220,0,LSE-007698,expired
LSE-007700,PROP-02782,RES-05217,2026-05-22,2028-05-22,24,2400,2400,0,LSE-007699,active
LSE-007701,PROP-02783,RES-05218,2023-06-14,2024-12-14,18,2490,2490,0,,expired
LSE-007702,PROP-02783,RES-05218,2024-12-19,2026-12-19,24,2590,1295,0,LSE-007701,active
LSE-007703,PROP-02784,RES-05219,2023-06-09,2024-06-09,12,2175,2175,0,,expired
LSE-007704,PROP-02784,RES-05219,2024-07-10,2025-07-10,12,2225,2225,0,LSE-007703,expired
LSE-007705,PROP-02784,RES-05219,2025-08-05,2026-08-05,12,2320,2320,0,LSE-007704,terminated-early
LSE-007706,PROP-02784,RES-05220,2026-09-07,2028-03-07,18,2360,2360,0,,active
LSE-007707,PROP-02785,RES-05221,2023-06-11,2024-12-11,18,2410,2410,0,,expired
LSE-007708,PROP-02785,RES-05222,2025-01-28,2026-01-28,12,2545,2545,0,,expired
LSE-007709,PROP-02785,RES-05222,2026-03-02,2027-03-02,12,2650,2650,0,LSE-007708,active
LSE-007710,PROP-02786,RES-05223,2023-07-19,2025-07-19,24,2170,2170,0,,expired
LSE-007711,PROP-02786,RES-05224,2025-08-19,2026-08-19,12,2385,2385,0,,expired
LSE-007712,PROP-02786,RES-05224,2026-09-10,2027-09-10,12,2420,2420,0,LSE-007711,active
LSE-007713,PROP-02787,RES-05225,2022-12-12,2024-12-12,24,2465,1232,0,,expired
LSE-007714,PROP-02787,RES-05225,2025-02-22,2027-02-22,24,2510,2510,1,LSE-007713,active
LSE-007715,PROP-02788,RES-05226,2023-11-13,2025-11-13,24,2410,2410,0,,expired
LSE-007716,PROP-02788,RES-05226,2025-12-17,2027-12-17,24,2650,2650,0,LSE-007715,active
LSE-007717,PROP-02789,RES-05227,2023-07-17,2024-07-17,12,2555,1277,0,,expired
LSE-007718,PROP-02789,RES-05227,2024-08-04,2026-08-04,24,2615,1307,0,LSE-007717,expired
LSE-007719,PROP-02789,RES-05227,2026-09-15,2027-09-15,12,2740,2740,0,LSE-007718,active
LSE-007720,PROP-02790,RES-05228,2024-03-17,2026-03-17,24,2260,2260,0,,expired
LSE-007721,PROP-02790,RES-05229,2026-03-28,2028-03-28,24,2485,2485,0,,active
LSE-007722,PROP-02791,RES-05230,2023-06-06,2024-06-06,12,2420,1210,1,,expired
LSE-007723,PROP-02791,RES-05231,2024-06-28,2025-12-28,18,2665,1332,1,,expired
LSE-007724,PROP-02791,RES-05231,2026-03-03,2027-09-03,18,2780,2780,0,LSE-007723,active
LSE-007725,PROP-02792,RES-05232,2024-02-21,2025-02-21,12,2230,1115,0,,expired
LSE-007726,PROP-02792,RES-05232,2025-04-10,2026-04-10,12,2390,1195,1,LSE-007725,expired
LSE-007727,PROP-02792,RES-05233,2026-05-10,2028-05-10,24,2545,1272,0,,active
LSE-007728,PROP-02793,RES-05234,2023-02-24,2024-02-24,12,2570,1285,1,,expired
LSE-007729,PROP-02793,RES-05234,2024-04-08,2025-04-08,12,2695,2695,0,LSE-007728,expired
LSE-007730,PROP-02793,RES-05235,2025-05-07,2027-05-07,24,2775,1387,0,,active
LSE-007731,PROP-02794,RES-05236,2022-02-10,2024-02-10,24,2510,2510,0,,expired
LSE-007732,PROP-02794,RES-05237,2024-04-16,2025-04-16,12,2565,2565,0,,expired
LSE-007733,PROP-02794,RES-05237,2025-05-14,2027-05-14,24,2685,1342,0,LSE-007732,active
LSE-007734,PROP-02795,RES-05238,2024-02-08,2026-02-08,24,2445,2445,0,,expired
LSE-007735,PROP-02795,RES-05239,2026-04-17,2028-04-17,24,2690,2690,0,,active
LSE-007736,PROP-02796,RES-05240,2025-01-15,2026-01-15,12,2500,2500,0,,expired
LSE-007737,PROP-02796,RES-05241,2026-03-23,2027-03-23,12,2695,2695,0,,active
LSE-007738,PROP-02797,RES-05242,2022-06-14,2024-06-14,24,2395,2395,0,,expired
LSE-007739,PROP-02797,RES-05243,2024-07-18,2026-07-18,24,2605,1302,0,,expired
LSE-007740,PROP-02797,RES-05243,2026-09-15,2028-03-15,18,2740,2740,0,LSE-007739,active
LSE-007741,PROP-02798,RES-05244,2023-06-03,2024-12-03,18,2245,1122,0,,expired
LSE-007742,PROP-02798,RES-05244,2024-12-27,2026-12-27,24,2340,1170,0,LSE-007741,active
LSE-007743,PROP-02799,RES-05245,2022-08-10,2023-08-10,12,2220,1110,1,,expired
LSE-007744,PROP-02799,RES-05245,2023-10-04,2025-10-04,24,2240,1120,1,LSE-007743,expired
LSE-007745,PROP-02799,RES-05245,2025-11-22,2026-11-22,12,2300,2300,0,LSE-007744,active
LSE-007746,PROP-02800,RES-05246,2024-03-23,2026-03-23,24,2340,2340,0,,expired
LSE-007747,PROP-02800,RES-05246,2026-04-21,2027-04-21,12,2400,2400,0,LSE-007746,active
LSE-007748,PROP-02801,RES-05247,2023-08-19,2025-02-19,18,2240,1120,0,,expired
LSE-007749,PROP-02801,RES-05247,2025-03-06,2026-03-06,12,2315,2315,0,LSE-007748,expired
LSE-007750,PROP-02801,RES-05248,2026-03-24,2027-09-24,18,2385,1192,1,,active
LSE-007751,PROP-02802,RES-05249,2021-10-26,2022-10-26,12,2480,2480,1,,expired
LSE-007752,PROP-02802,RES-05250,2022-12-17,2024-12-17,24,2490,1245,0,,expired
LSE-007753,PROP-02802,RES-05251,2025-01-10,2026-01-10,12,2565,2565,0,,expired
LSE-007754,PROP-02802,RES-05252,2026-02-15,2027-02-15,12,2650,1325,0,,active
LSE-007755,PROP-02803,RES-05253,2023-05-12,2025-05-12,24,2475,2475,1,,expired
LSE-007756,PROP-02803,RES-05253,2025-06-01,2026-12-01,18,2560,1280,0,LSE-007755,active
LSE-007757,PROP-02804,RES-05254,2023-08-27,2024-08-27,12,2220,2220,0,,expired
LSE-007758,PROP-02804,RES-05254,2024-09-28,2025-09-28,12,2310,2310,0,LSE-007757,expired
LSE-007759,PROP-02804,RES-05254,2025-11-02,2027-11-02,24,2405,2405,0,LSE-007758,active
LSE-007760,PROP-02805,RES-05255,2022-04-17,2024-04-17,24,2460,2460,0,,expired
LSE-007761,PROP-02805,RES-05255,2024-04-23,2025-04-23,12,2500,1250,0,LSE-007760,expired
LSE-007762,PROP-02805,RES-05255,2025-04-29,2027-04-29,24,2655,1327,0,LSE-007761,active
LSE-007763,PROP-02806,RES-05256,2024-04-10,2026-04-10,24,2335,2335,0,,expired
LSE-007764,PROP-02806,RES-05257,2026-06-06,2027-06-06,12,2570,1285,0,,active
LSE-007765,PROP-02807,RES-05258,2023-07-13,2024-07-13,12,2240,2240,0,,expired
LSE-007766,PROP-02807,RES-05259,2024-07-28,2026-07-28,24,2305,2305,0,,expired
LSE-007767,PROP-02807,RES-05260,2026-09-22,2028-09-22,24,2385,2385,0,,active
LSE-007768,PROP-02808,RES-05261,2024-01-28,2025-01-28,12,2120,2120,0,,expired
LSE-007769,PROP-02808,RES-05262,2025-04-06,2027-04-06,24,2315,2315,0,,active
LSE-007770,PROP-02809,RES-05263,2025-01-24,2027-01-24,24,2210,1105,0,,active
LSE-007771,PROP-02810,RES-05264,2024-04-19,2025-04-19,12,2565,2565,0,,expired
LSE-007772,PROP-02810,RES-05265,2025-06-30,2026-06-30,12,2790,1395,0,,expired
LSE-007773,PROP-02810,RES-05266,2026-08-30,2027-08-30,12,2905,2905,0,,active
LSE-007774,PROP-02811,RES-05267,2022-06-24,2024-06-24,24,2220,2220,0,,expired
LSE-007775,PROP-02811,RES-05267,2024-08-26,2026-08-26,24,2310,2310,0,LSE-007774,expired
LSE-007776,PROP-02812,RES-05268,2022-04-13,2023-04-13,12,2405,2405,0,,expired
LSE-007777,PROP-02812,RES-05268,2023-04-29,2024-04-29,12,2455,2455,0,LSE-007776,expired
LSE-007778,PROP-02812,RES-05268,2024-06-15,2026-06-15,24,2555,1277,0,LSE-007777,expired
LSE-007779,PROP-02812,RES-05269,2026-08-05,2028-08-05,24,2875,2875,0,,active
LSE-007780,PROP-02813,RES-05270,2023-03-27,2025-03-27,24,2210,1105,0,,expired
LSE-007781,PROP-02813,RES-05271,2025-05-21,2026-05-21,12,2345,1172,1,,expired
LSE-007782,PROP-02813,RES-05271,2026-06-22,2028-06-22,24,2470,2470,0,LSE-007781,active
LSE-007783,PROP-02814,RES-05272,2023-06-19,2024-06-19,12,2235,2235,1,,expired
LSE-007784,PROP-02814,RES-05272,2024-07-30,2025-07-30,12,2280,2280,0,LSE-007783,expired
LSE-007785,PROP-02814,RES-05272,2025-10-12,2027-10-12,24,2370,2370,0,LSE-007784,active
LSE-007786,PROP-02815,RES-05273,2023-12-07,2025-06-07,18,2450,2450,0,,expired
LSE-007787,PROP-02815,RES-05274,2025-07-06,2026-07-06,12,2720,2720,0,,expired
LSE-007788,PROP-02815,RES-05275,2026-09-07,2027-09-07,12,2780,2780,0,,active
LSE-007789,PROP-02816,RES-05276,2024-02-24,2026-02-24,24,2235,2235,0,,expired
LSE-007790,PROP-02816,RES-05276,2026-04-20,2027-04-20,12,2420,2420,0,LSE-007789,active
LSE-007791,PROP-02817,RES-05277,2023-09-27,2024-09-27,12,2525,2525,0,,expired
LSE-007792,PROP-02817,RES-05278,2024-11-16,2026-11-16,24,2550,1275,0,,active
LSE-007793,PROP-02818,RES-05279,2023-04-04,2024-10-04,18,2110,2110,0,,expired
LSE-007794,PROP-02818,RES-05280,2024-10-23,2025-10-23,12,2240,1120,0,,expired
LSE-007795,PROP-02818,RES-05280,2025-11-07,2026-11-07,12,2265,2265,0,LSE-007794,active
LSE-007796,PROP-02819,RES-05281,2023-09-07,2025-09-07,24,2505,2505,0,,expired
LSE-007797,PROP-02819,RES-05281,2025-10-17,2026-10-17,12,2595,1297,1,LSE-007796,active
LSE-007798,PROP-02820,RES-05282,2023-08-18,2025-08-18,24,2585,2585,0,,expired
LSE-007799,PROP-02820,RES-05282,2025-09-29,2026-09-29,12,2685,2685,0,LSE-007798,expired
LSE-007800,PROP-02821,RES-05283,2024-02-16,2025-02-16,12,2785,2785,0,,expired
LSE-007801,PROP-02821,RES-05284,2025-04-22,2026-04-22,12,3010,3010,0,,expired
LSE-007802,PROP-02821,RES-05284,2026-06-28,2027-06-28,12,3100,3100,1,LSE-007801,active
LSE-007803,PROP-02822,RES-05285,2023-05-19,2024-05-19,12,2595,2595,0,,expired
LSE-007804,PROP-02822,RES-05286,2024-06-12,2026-06-12,24,2750,2750,1,,expired
LSE-007805,PROP-02822,RES-05286,2026-08-14,2028-08-14,24,2810,2810,0,LSE-007804,active
LSE-007806,PROP-02823,RES-05287,2024-09-07,2026-09-07,24,2930,1465,0,,expired
LSE-007807,PROP-02824,RES-05288,2022-02-23,2023-08-23,18,2900,1450,0,,expired
LSE-007808,PROP-02824,RES-05289,2023-09-29,2025-09-29,24,2870,2870,0,,expired
LSE-007809,PROP-02824,RES-05290,2025-10-27,2026-10-27,12,2990,1495,0,,active
LSE-007810,PROP-02825,RES-05291,2022-08-08,2024-08-08,24,2770,2770,1,,expired
LSE-007811,PROP-02825,RES-05291,2024-08-13,2025-08-13,12,2800,2800,0,LSE-007810,expired
LSE-007812,PROP-02825,RES-05291,2025-10-04,2027-04-04,18,2840,1420,0,LSE-007811,active
LSE-007813,PROP-02826,RES-05292,2023-02-06,2024-02-06,12,3425,3425,0,,expired
LSE-007814,PROP-02826,RES-05293,2024-04-12,2025-04-12,12,3675,3675,0,,expired
LSE-007815,PROP-02826,RES-05294,2025-06-20,2026-06-20,12,3950,1975,0,,expired
LSE-007816,PROP-02826,RES-05294,2026-08-15,2027-08-15,12,4050,2025,0,LSE-007815,active
LSE-007817,PROP-02827,RES-05295,2024-11-11,2026-11-11,24,2845,2845,0,,active
LSE-007818,PROP-02828,RES-05296,2022-06-18,2023-06-18,12,3275,3275,0,,expired
LSE-007819,PROP-02828,RES-05296,2023-07-05,2025-07-05,24,3370,1685,0,LSE-007818,expired
LSE-007820,PROP-02828,RES-05296,2025-09-09,2027-03-09,18,3470,1735,0,LSE-007819,active
LSE-007821,PROP-02829,RES-05297,2024-10-31,2026-10-31,24,2925,2925,1,,active
LSE-007822,PROP-02830,RES-05298,2023-11-08,2024-11-08,12,2470,2470,1,,terminated-early
LSE-007823,PROP-02830,RES-05299,2025-01-22,2026-01-22,12,2610,1305,0,,expired
LSE-007824,PROP-02830,RES-05300,2026-03-03,2027-03-03,12,2790,2790,0,,active
LSE-007825,PROP-02831,RES-05301,2022-10-25,2023-10-25,12,3605,3605,0,,expired
LSE-007826,PROP-02831,RES-05302,2023-10-30,2024-10-30,12,3540,3540,0,,expired
LSE-007827,PROP-02831,RES-05302,2024-11-14,2025-11-14,12,3660,1830,0,LSE-007826,expired
LSE-007828,PROP-02831,RES-05302,2025-12-15,2027-12-15,24,3765,1882,1,LSE-007827,active
LSE-007829,PROP-02832,RES-05303,2021-11-01,2022-11-01,12,2625,2625,0,,expired
LSE-007830,PROP-02832,RES-05304,2022-12-19,2023-12-19,12,2515,2515,0,,evicted
LSE-007831,PROP-02832,RES-05305,2024-01-29,2025-01-29,12,2595,2595,0,,expired
LSE-007832,PROP-02832,RES-05305,2025-04-02,2026-04-02,12,2685,1342,0,LSE-007831,expired
LSE-007833,PROP-02832,RES-05305,2026-05-23,2027-05-23,12,2805,2805,0,LSE-007832,active
LSE-007834,PROP-02833,RES-05306,2023-12-08,2024-12-08,12,2460,2460,0,,expired
LSE-007835,PROP-02833,RES-05307,2025-01-05,2027-01-05,24,2570,2570,0,,active
LSE-007836,PROP-02834,RES-05308,2023-06-01,2024-06-01,12,3500,1750,0,,expired
LSE-007837,PROP-02834,RES-05309,2024-07-25,2026-07-25,24,3740,3740,0,,expired
LSE-007838,PROP-02834,RES-05310,2026-08-15,2028-08-15,24,3910,3910,0,,active
LSE-007839,PROP-02835,RES-05311,2022-09-12,2023-09-12,12,3245,3245,0,,expired
LSE-007840,PROP-02835,RES-05311,2023-10-14,2025-10-14,24,3405,3405,0,LSE-007839,evicted
LSE-007841,PROP-02835,RES-05312,2025-12-16,2027-12-16,24,3340,3340,0,,active
LSE-007842,PROP-02836,RES-05313,2024-02-03,2026-02-03,24,3455,3455,0,,expired
LSE-007843,PROP-02836,RES-05313,2026-04-19,2027-04-19,12,3625,1812,1,LSE-007842,active
LSE-007844,PROP-02837,RES-05314,2022-05-05,2023-05-05,12,3485,3485,0,,expired
LSE-007845,PROP-02837,RES-05314,2023-07-12,2024-07-12,12,3625,3625,1,LSE-007844,expired
LSE-007846,PROP-02837,RES-05315,2024-08-21,2025-08-21,12,3665,3665,0,,expired
LSE-007847,PROP-02837,RES-05316,2025-10-24,2027-10-24,24,3620,3620,0,,active
LSE-007848,PROP-02838,RES-05317,2024-03-12,2025-03-12,12,2975,1487,1,,expired
LSE-007849,PROP-02838,RES-05318,2025-03-29,2026-09-29,18,3010,3010,0,,expired
LSE-007850,PROP-02839,RES-05319,2022-05-14,2023-05-14,12,2925,1462,0,,expired
LSE-007851,PROP-02839,RES-05319,2023-07-01,2024-07-01,12,2990,2990,0,LSE-007850,expired
LSE-007852,PROP-02839,RES-05319,2024-07-28,2026-07-28,24,3025,1512,0,LSE-007851,expired
LSE-007853,PROP-02839,RES-05319,2026-08-13,2028-02-13,18,3160,3160,0,LSE-007852,active
LSE-007854,PROP-02840,RES-05320,2022-12-03,2023-12-03,12,3140,1570,0,,expired
LSE-007855,PROP-02840,RES-05320,2024-02-09,2025-02-09,12,3220,1610,0,LSE-007854,expired
LSE-007856,PROP-02840,RES-05321,2025-03-11,2026-09-11,18,3265,3265,0,,expired
LSE-007857,PROP-02841,RES-05322,2023-03-15,2025-03-15,24,2590,2590,0,,expired
LSE-007858,PROP-02841,RES-05323,2025-04-29,2027-04-29,24,2640,2640,0,,active
LSE-007859,PROP-02842,RES-05324,2022-07-07,2023-07-07,12,3495,3495,0,,expired
LSE-007860,PROP-02842,RES-05324,2023-09-07,2025-09-07,24,3580,3580,0,LSE-007859,expired
LSE-007861,PROP-02842,RES-05325,2025-10-17,2027-10-17,24,3750,3750,0,,active
LSE-007862,PROP-02843,RES-05326,2022-07-18,2024-07-18,24,2870,1435,0,,expired
LSE-007863,PROP-02843,RES-05326,2024-08-13,2025-08-13,12,3005,1502,0,LSE-007862,expired
LSE-007864,PROP-02843,RES-05326,2025-08-29,2026-08-29,12,3095,3095,0,LSE-007863,expired
LSE-007865,PROP-02844,RES-05327,2023-05-14,2024-05-14,12,3175,1587,0,,expired
LSE-007866,PROP-02844,RES-05328,2024-07-24,2026-07-24,24,3455,3455,1,,expired
LSE-007867,PROP-02844,RES-05329,2026-08-31,2028-08-31,24,3520,1760,0,,active
LSE-007868,PROP-02845,RES-05330,2024-03-12,2025-03-12,12,3620,3620,0,,expired
LSE-007869,PROP-02845,RES-05331,2025-04-09,2026-04-09,12,3630,1815,0,,expired
LSE-007870,PROP-02845,RES-05331,2026-05-17,2027-05-17,12,3870,3870,0,LSE-007869,active
LSE-007871,PROP-02846,RES-05332,2024-11-01,2026-11-01,24,3455,3455,0,,active
LSE-007872,PROP-02847,RES-05333,2022-09-07,2023-09-07,12,2555,2555,0,,expired
LSE-007873,PROP-02847,RES-05334,2023-11-20,2024-11-20,12,2545,1272,0,,expired
LSE-007874,PROP-02847,RES-05335,2024-12-09,2025-12-09,12,2615,2615,0,,expired
LSE-007875,PROP-02847,RES-05335,2025-12-28,2027-06-28,18,2670,1335,0,LSE-007874,active
LSE-007876,PROP-02848,RES-05336,2022-11-17,2023-11-17,12,3030,1515,0,,expired
LSE-007877,PROP-02848,RES-05336,2023-12-14,2025-12-14,24,3080,3080,0,LSE-007876,expired
LSE-007878,PROP-02848,RES-05336,2025-12-22,2026-12-22,12,3140,1570,0,LSE-007877,active
LSE-007879,PROP-02849,RES-05337,2022-03-12,2024-03-12,24,2470,2470,0,,expired
LSE-007880,PROP-02849,RES-05337,2024-04-01,2025-04-01,12,2560,2560,0,LSE-007879,expired
LSE-007881,PROP-02849,RES-05337,2025-06-07,2027-06-07,24,2745,2745,0,LSE-007880,active
LSE-007882,PROP-02850,RES-05338,2024-03-28,2025-09-28,18,2900,2900,0,,expired
LSE-007883,PROP-02850,RES-05338,2025-10-13,2027-04-13,18,2965,1482,0,LSE-007882,active
LSE-007884,PROP-02851,RES-05339,2023-06-23,2025-06-23,24,2435,1217,1,,expired
LSE-007885,PROP-02851,RES-05340,2025-07-28,2027-01-28,18,2720,2720,0,,active
LSE-007886,PROP-02852,RES-05341,2022-07-23,2023-07-23,12,3555,3555,1,,expired
LSE-007887,PROP-02852,RES-05342,2023-09-14,2024-09-14,12,3535,1767,0,,expired
LSE-007888,PROP-02852,RES-05342,2024-11-28,2026-11-28,24,3635,3635,1,LSE-007887,active
LSE-007889,PROP-02853,RES-05343,2023-12-27,2024-12-27,12,2740,1370,0,,terminated-early
LSE-007890,PROP-02853,RES-05344,2025-02-21,2026-02-21,12,2985,1492,1,,expired
LSE-007891,PROP-02853,RES-05344,2026-03-14,2027-09-14,18,3055,3055,0,LSE-007890,active
LSE-007892,PROP-02854,RES-05345,2024-01-25,2025-01-25,12,2485,2485,0,,expired
LSE-007893,PROP-02854,RES-05346,2025-03-21,2026-03-21,12,2670,1335,0,,expired
LSE-007894,PROP-02854,RES-05346,2026-06-02,2027-06-02,12,2800,2800,0,LSE-007893,active
LSE-007895,PROP-02855,RES-05347,2023-11-02,2024-11-02,12,2495,1247,0,,expired
LSE-007896,PROP-02855,RES-05347,2024-11-14,2026-11-14,24,2575,1287,0,LSE-007895,active
LSE-007897,PROP-02856,RES-05348,2021-10-19,2022-10-19,12,2945,1472,0,,expired
LSE-007898,PROP-02856,RES-05348,2022-12-05,2024-12-05,24,2995,2995,0,LSE-007897,expired
LSE-007899,PROP-02856,RES-05349,2025-01-30,2026-01-30,12,3045,3045,0,,expired
LSE-007900,PROP-02856,RES-05350,2026-03-04,2028-03-04,24,3250,1625,0,,active
LSE-007901,PROP-02857,RES-05351,2022-12-23,2024-12-23,24,2800,2800,0,,expired
LSE-007902,PROP-02857,RES-05352,2025-02-13,2026-02-13,12,2890,2890,0,,expired
LSE-007903,PROP-02857,RES-05353,2026-03-09,2027-09-09,18,3015,3015,0,,active
LSE-007904,PROP-02858,RES-05354,2023-01-08,2025-01-08,24,2885,2885,0,,expired
LSE-007905,PROP-02858,RES-05354,2025-03-14,2026-03-14,12,3005,3005,0,LSE-007904,expired
LSE-007906,PROP-02858,RES-05354,2026-05-19,2028-05-19,24,3165,1582,0,LSE-007905,active
LSE-007907,PROP-02859,RES-05355,2023-07-14,2024-07-14,12,3020,3020,0,,expired
LSE-007908,PROP-02859,RES-05355,2024-07-20,2025-07-20,12,3120,1560,0,LSE-007907,expired
LSE-007909,PROP-02859,RES-05355,2025-09-04,2027-09-04,24,3205,3205,0,LSE-007908,active
LSE-007910,PROP-02860,RES-05356,2023-08-18,2025-08-18,24,2560,2560,0,,evicted
LSE-007911,PROP-02860,RES-05357,2025-08-30,2026-08-30,12,2830,1415,0,,expired
LSE-007912,PROP-02860,RES-05358,2026-09-24,2028-09-24,24,2800,1400,0,,active
LSE-007913,PROP-02861,RES-05359,2022-06-20,2023-06-20,12,2935,1467,0,,expired
LSE-007914,PROP-02861,RES-05359,2023-07-20,2024-07-20,12,3045,3045,0,LSE-007913,expired
LSE-007915,PROP-02861,RES-05360,2024-07-31,2026-07-31,24,3105,3105,0,,expired
LSE-007916,PROP-02861,RES-05361,2026-08-24,2028-08-24,24,3160,1580,0,,active
LSE-007917,PROP-02862,RES-05362,2022-08-06,2023-08-06,12,2990,2990,0,,expired
LSE-007918,PROP-02862,RES-05362,2023-09-27,2024-09-27,12,3030,1515,1,LSE-007917,expired
LSE-007919,PROP-02862,RES-05363,2024-10-08,2026-04-08,18,2985,2985,1,,expired
LSE-007920,PROP-02862,RES-05363,2026-05-19,2027-05-19,12,3220,1610,0,LSE-007919,active
LSE-007921,PROP-02863,RES-05364,2022-08-12,2024-08-12,24,2900,2900,0,,expired
LSE-007922,PROP-02863,RES-05365,2024-10-24,2025-10-24,12,3030,3030,0,,expired
LSE-007923,PROP-02863,RES-05365,2025-12-10,2027-12-10,24,3100,3100,0,LSE-007922,active
LSE-007924,PROP-02864,RES-05366,2023-05-01,2025-05-01,24,2470,2470,0,,expired
LSE-007925,PROP-02864,RES-05367,2025-06-10,2026-12-10,18,2850,2850,0,,active
LSE-007926,PROP-02865,RES-05368,2024-02-01,2025-02-01,12,2915,2915,1,,expired
LSE-007927,PROP-02865,RES-05368,2025-03-11,2027-03-11,24,3010,3010,0,LSE-007926,active
LSE-007928,PROP-02866,RES-05369,2022-04-07,2023-04-07,12,2835,1417,0,,expired
LSE-007929,PROP-02866,RES-05369,2023-05-21,2025-05-21,24,2865,2865,1,LSE-007928,expired
LSE-007930,PROP-02866,RES-05370,2025-07-06,2027-01-06,18,3235,3235,0,,active
LSE-007931,PROP-02867,RES-05371,2022-05-03,2023-05-03,12,2835,2835,0,,expired
LSE-007932,PROP-02867,RES-05371,2023-06-06,2025-06-06,24,2975,1487,0,LSE-007931,expired
LSE-007933,PROP-02867,RES-05372,2025-07-28,2027-01-28,18,3150,3150,0,,active
LSE-007934,PROP-02868,RES-05373,2022-04-17,2024-04-17,24,2640,2640,0,,expired
LSE-007935,PROP-02868,RES-05373,2024-05-03,2025-05-03,12,2725,1362,0,LSE-007934,expired
LSE-007936,PROP-02868,RES-05373,2025-07-16,2026-07-16,12,2860,2860,0,LSE-007935,expired
LSE-007937,PROP-02868,RES-05373,2026-09-26,2027-09-26,12,2965,1482,0,LSE-007936,active
LSE-007938,PROP-02869,RES-05374,2021-11-21,2023-05-21,18,2590,2590,0,,expired
LSE-007939,PROP-02869,RES-05374,2023-06-28,2025-06-28,24,2685,2685,0,LSE-007938,expired
LSE-007940,PROP-02869,RES-05375,2025-08-24,2026-08-24,12,2925,1462,0,,expired
LSE-007941,PROP-02870,RES-05376,2024-12-31,2025-12-31,12,2895,1447,0,,expired
LSE-007942,PROP-02870,RES-05377,2026-01-29,2027-01-29,12,3150,1575,0,,active
LSE-007943,PROP-02871,RES-05378,2023-10-04,2024-10-04,12,2975,2975,0,,expired
LSE-007944,PROP-02871,RES-05379,2024-11-25,2025-11-25,12,2915,2915,0,,expired
LSE-007945,PROP-02871,RES-05379,2026-01-19,2027-01-19,12,3070,1535,0,LSE-007944,active
LSE-007946,PROP-02872,RES-05380,2024-08-31,2025-08-31,12,2695,1347,0,,expired
LSE-007947,PROP-02872,RES-05381,2025-09-17,2027-09-17,24,2815,1407,0,,active
LSE-007948,PROP-02873,RES-05382,2023-03-05,2025-03-05,24,2675,1337,0,,expired
LSE-007949,PROP-02873,RES-05382,2025-05-02,2026-05-02,12,2870,2870,0,LSE-007948,expired
LSE-007950,PROP-02873,RES-05382,2026-07-14,2028-01-14,18,2960,1480,0,LSE-007949,active
LSE-007951,PROP-02874,RES-05383,2023-01-13,2025-01-13,24,2605,2605,0,,expired
LSE-007952,PROP-02874,RES-05384,2025-02-25,2026-02-25,12,2670,1335,1,,expired
LSE-007953,PROP-02874,RES-05385,2026-03-02,2027-03-02,12,2695,1347,0,,active
LSE-007954,PROP-02875,RES-05386,2022-01-15,2024-01-15,24,2870,2870,0,,expired
LSE-007955,PROP-02875,RES-05386,2024-03-17,2025-03-17,12,2965,2965,0,LSE-007954,expired
LSE-007956,PROP-02875,RES-05386,2025-04-15,2026-04-15,12,3005,3005,0,LSE-007955,expired
LSE-007957,PROP-02875,RES-05387,2026-06-13,2028-06-13,24,3355,3355,0,,active
LSE-007958,PROP-02876,RES-05388,2022-10-15,2023-10-15,12,2980,2980,0,,expired
LSE-007959,PROP-02876,RES-05388,2023-11-16,2025-11-16,24,3075,3075,0,LSE-007958,expired
LSE-007960,PROP-02876,RES-05389,2025-12-30,2027-06-30,18,3135,3135,0,,active
LSE-007961,PROP-02877,RES-05390,2023-06-09,2024-12-09,18,2955,2955,1,,expired
LSE-007962,PROP-02877,RES-05390,2025-02-21,2027-02-21,24,3090,1545,0,LSE-007961,active
LSE-007963,PROP-02878,RES-05391,2023-08-02,2024-08-02,12,3010,1505,0,,expired
LSE-007964,PROP-02878,RES-05391,2024-08-15,2025-08-15,12,3085,1542,0,LSE-007963,expired
LSE-007965,PROP-02878,RES-05392,2025-10-28,2026-10-28,12,3090,3090,0,,active
LSE-007966,PROP-02879,RES-05393,2025-01-16,2026-01-16,12,2675,2675,0,,expired
LSE-007967,PROP-02879,RES-05394,2026-03-02,2027-03-02,12,2845,1422,0,,active
LSE-007968,PROP-02880,RES-05395,2023-07-27,2025-01-27,18,3000,3000,0,,expired
LSE-007969,PROP-02880,RES-05396,2025-02-08,2027-02-08,24,3005,3005,1,,active
LSE-007970,PROP-02881,RES-05397,2023-11-25,2025-11-25,24,2530,1265,0,,expired
LSE-007971,PROP-02881,RES-05397,2025-11-30,2027-11-30,24,2700,2700,0,LSE-007970,active
LSE-007972,PROP-02882,RES-05398,2025-03-11,2027-03-11,24,2685,2685,0,,active
LSE-007973,PROP-02883,RES-05399,2021-11-01,2023-11-01,24,2930,2930,0,,expired
LSE-007974,PROP-02883,RES-05399,2024-01-12,2025-07-12,18,2960,2960,0,LSE-007973,expired
LSE-007975,PROP-02883,RES-05400,2025-09-24,2027-03-24,18,3130,3130,0,,active
LSE-007976,PROP-02884,RES-05401,2022-03-17,2024-03-17,24,2870,2870,0,,expired
LSE-007977,PROP-02884,RES-05401,2024-04-24,2025-04-24,12,3000,3000,0,LSE-007976,expired
LSE-007978,PROP-02884,RES-05401,2025-06-18,2026-12-18,18,3160,3160,0,LSE-007977,active
LSE-007979,PROP-02885,RES-05402,2022-08-19,2024-08-19,24,2890,1445,0,,expired
LSE-007980,PROP-02885,RES-05402,2024-10-05,2026-10-05,24,3005,1502,0,LSE-007979,active
LSE-007981,PROP-02886,RES-05403,2024-03-13,2025-03-13,12,2990,2990,0,,expired
LSE-007982,PROP-02886,RES-05403,2025-05-18,2027-05-18,24,3070,1535,0,LSE-007981,active
LSE-007983,PROP-02887,RES-05404,2024-02-24,2025-02-24,12,2950,2950,1,,expired
LSE-007984,PROP-02887,RES-05404,2025-04-01,2027-04-01,24,3130,3130,0,LSE-007983,active
LSE-007985,PROP-02888,RES-05405,2024-10-25,2025-10-25,12,2585,2585,0,,expired
LSE-007986,PROP-02888,RES-05406,2025-12-12,2027-12-12,24,2610,2610,1,,active
LSE-007987,PROP-02889,RES-05407,2023-09-20,2025-03-20,18,2520,2520,0,,expired
LSE-007988,PROP-02889,RES-05407,2025-05-17,2027-05-17,24,2820,2820,0,LSE-007987,active
LSE-007989,PROP-02890,RES-05408,2023-03-01,2024-09-01,18,2845,1422,1,,expired
LSE-007990,PROP-02890,RES-05408,2024-10-15,2025-10-15,12,2960,2960,0,LSE-007989,expired
LSE-007991,PROP-02890,RES-05408,2025-12-03,2027-12-03,24,3085,3085,0,LSE-007990,active
LSE-007992,PROP-02891,RES-05409,2022-12-03,2023-12-03,12,2825,2825,1,,expired
LSE-007993,PROP-02891,RES-05409,2024-02-09,2026-02-09,24,2870,2870,0,LSE-007992,expired
LSE-007994,PROP-02891,RES-05409,2026-03-29,2027-09-29,18,3150,3150,0,LSE-007993,active
LSE-007995,PROP-02892,RES-05410,2024-12-20,2025-12-20,12,3000,1500,0,,expired
LSE-007996,PROP-02892,RES-05411,2026-03-01,2028-03-01,24,3200,1600,0,,active
LSE-007997,PROP-02893,RES-05412,2021-10-17,2023-04-17,18,2570,2570,1,,expired
LSE-007998,PROP-02893,RES-05413,2023-06-01,2025-06-01,24,2645,2645,0,,expired
LSE-007999,PROP-02893,RES-05413,2025-07-26,2026-07-26,12,2800,1400,0,LSE-007998,expired
LSE-008000,PROP-02894,RES-05414,2024-02-04,2025-02-04,12,2645,2645,0,,expired
LSE-008001,PROP-02894,RES-05414,2025-04-18,2026-04-18,12,2680,2680,0,LSE-008000,expired
LSE-008002,PROP-02894,RES-05414,2026-07-01,2028-07-01,24,2805,2805,0,LSE-008001,active
LSE-008003,PROP-02895,RES-05415,2022-08-20,2023-08-20,12,2930,2930,0,,expired
LSE-008004,PROP-02895,RES-05416,2023-08-29,2024-08-29,12,2905,2905,0,,expired
LSE-008005,PROP-02895,RES-05417,2024-10-19,2026-10-19,24,3040,3040,0,,active
LSE-008006,PROP-02896,RES-05418,2023-03-09,2025-03-09,24,2970,2970,0,,expired
LSE-008007,PROP-02896,RES-05418,2025-05-03,2027-05-03,24,3005,3005,1,LSE-008006,active
LSE-008008,PROP-02897,RES-05419,2022-05-02,2024-05-02,24,2830,1415,0,,expired
LSE-008009,PROP-02897,RES-05419,2024-07-07,2025-07-07,12,3095,3095,0,LSE-008008,expired
LSE-008010,PROP-02897,RES-05419,2025-07-14,2027-07-14,24,3180,3180,1,LSE-008009,active
LSE-008011,PROP-02898,RES-05420,2023-01-28,2024-01-28,12,2930,2930,0,,expired
LSE-008012,PROP-02898,RES-05421,2024-03-22,2025-03-22,12,2935,2935,0,,expired
LSE-008013,PROP-02898,RES-05421,2025-05-08,2026-05-08,12,3055,3055,0,LSE-008012,expired
LSE-008014,PROP-02898,RES-05422,2026-05-17,2027-05-17,12,3205,3205,0,,active
LSE-008015,PROP-02899,RES-05423,2021-12-21,2022-12-21,12,2830,2830,0,,expired
LSE-008016,PROP-02899,RES-05424,2023-03-06,2024-03-06,12,2930,2930,0,,expired
LSE-008017,PROP-02899,RES-05424,2024-04-12,2025-04-12,12,3055,1527,0,LSE-008016,expired
LSE-008018,PROP-02899,RES-05425,2025-06-10,2027-06-10,24,3120,3120,1,,active
LSE-008019,PROP-02900,RES-05426,2024-04-06,2025-10-06,18,3120,1560,0,,expired
LSE-008020,PROP-02900,RES-05426,2025-12-05,2026-12-05,12,3250,3250,0,LSE-008019,active
LSE-008021,PROP-02901,RES-05427,2021-11-22,2022-11-22,12,2975,1487,0,,expired
LSE-008022,PROP-02901,RES-05427,2023-01-04,2024-01-04,12,3005,3005,1,LSE-008021,expired
LSE-008023,PROP-02901,RES-05428,2024-02-24,2025-02-24,12,2950,2950,0,,expired
LSE-008024,PROP-02901,RES-05428,2025-04-12,2027-04-12,24,3085,3085,1,LSE-008023,active
LSE-008025,PROP-02902,RES-05429,2023-04-24,2024-04-24,12,2850,2850,0,,expired
LSE-008026,PROP-02902,RES-05430,2024-06-18,2026-06-18,24,3080,3080,0,,expired
LSE-008027,PROP-02902,RES-05431,2026-07-20,2027-07-20,12,3285,1642,0,,active
LSE-008028,PROP-02903,RES-05432,2023-02-22,2024-02-22,12,2575,1287,0,,expired
LSE-008029,PROP-02903,RES-05432,2024-03-23,2025-03-23,12,2685,2685,1,LSE-008028,expired
LSE-008030,PROP-02903,RES-05432,2025-03-31,2027-03-31,24,2800,2800,0,LSE-008029,active
LSE-008031,PROP-02904,RES-05433,2022-08-22,2024-08-22,24,2980,1490,0,,expired
LSE-008032,PROP-02904,RES-05433,2024-09-16,2025-09-16,12,3040,1520,0,LSE-008031,expired
LSE-008033,PROP-02904,RES-05433,2025-10-13,2026-10-13,12,3170,1585,0,LSE-008032,active
LSE-008034,PROP-02905,RES-05434,2024-03-01,2025-09-01,18,2675,2675,0,,expired
LSE-008035,PROP-02905,RES-05434,2025-09-15,2026-09-15,12,2730,1365,0,LSE-008034,expired
LSE-008036,PROP-02906,RES-05435,2024-05-15,2026-05-15,24,2775,1387,0,,expired
LSE-008037,PROP-02906,RES-05436,2026-06-15,2027-06-15,12,2910,1455,0,,active
LSE-008038,PROP-02907,RES-05437,2022-01-17,2024-01-17,24,2530,1265,0,,expired
LSE-008039,PROP-02907,RES-05437,2024-03-04,2025-09-04,18,2625,2625,0,LSE-008038,expired
LSE-008040,PROP-02907,RES-05437,2025-09-09,2026-09-09,12,2730,2730,0,LSE-008039,expired
LSE-008041,PROP-02908,RES-05438,2024-10-11,2025-10-11,12,2255,2255,0,,expired
LSE-008042,PROP-02908,RES-05438,2025-10-20,2027-10-20,24,2320,2320,0,LSE-008041,active
LSE-008043,PROP-02909,RES-05439,2022-05-10,2023-05-10,12,2170,1085,0,,expired
LSE-008044,PROP-02909,RES-05439,2023-06-21,2024-12-21,18,2250,2250,0,LSE-008043,expired
LSE-008045,PROP-02909,RES-05439,2025-02-24,2027-02-24,24,2330,2330,0,LSE-008044,active
LSE-008046,PROP-02910,RES-05440,2024-01-28,2026-01-28,24,2180,2180,0,,expired
LSE-008047,PROP-02910,RES-05440,2026-03-05,2028-03-05,24,2295,1147,0,LSE-008046,active
LSE-008048,PROP-02911,RES-05441,2022-06-03,2024-06-03,24,2150,2150,0,,expired
LSE-008049,PROP-02911,RES-05441,2024-08-12,2025-08-12,12,2310,2310,0,LSE-008048,expired
LSE-008050,PROP-02911,RES-05441,2025-10-07,2026-10-07,12,2415,1207,1,LSE-008049,active
LSE-008051,PROP-02912,RES-05442,2022-04-22,2023-04-22,12,2215,2215,0,,expired
LSE-008052,PROP-02912,RES-05443,2023-06-20,2025-06-20,24,2250,2250,0,,expired
LSE-008053,PROP-02912,RES-05443,2025-07-15,2026-07-15,12,2430,1215,0,LSE-008052,expired
LSE-008054,PROP-02912,RES-05443,2026-09-14,2027-09-14,12,2510,2510,0,LSE-008053,active
LSE-008055,PROP-02913,RES-05444,2022-07-10,2023-07-10,12,2190,2190,1,,expired
LSE-008056,PROP-02913,RES-05445,2023-08-30,2025-02-28,18,2145,2145,0,,expired
LSE-008057,PROP-02913,RES-05446,2025-03-29,2026-03-29,12,2390,1195,0,,expired
LSE-008058,PROP-02913,RES-05446,2026-05-29,2027-05-29,12,2510,1255,0,LSE-008057,active
LSE-008059,PROP-02914,RES-05447,2023-07-25,2024-07-25,12,2170,2170,0,,expired
LSE-008060,PROP-02914,RES-05447,2024-09-24,2026-03-24,18,2310,2310,0,LSE-008059,expired
LSE-008061,PROP-02914,RES-05448,2026-04-05,2027-10-05,18,2460,1230,1,,active
LSE-008062,PROP-02915,RES-05449,2023-01-24,2024-01-24,12,2135,2135,0,,expired
LSE-008063,PROP-02915,RES-05449,2024-03-21,2025-03-21,12,2220,1110,0,LSE-008062,expired
LSE-008064,PROP-02915,RES-05449,2025-06-01,2026-06-01,12,2435,1217,1,LSE-008063,expired
LSE-008065,PROP-02915,RES-05449,2026-06-11,2027-06-11,12,2495,2495,0,LSE-008064,active
LSE-008066,PROP-02916,RES-05450,2023-07-25,2024-07-25,12,2125,2125,0,,expired
LSE-008067,PROP-02916,RES-05451,2024-09-21,2026-09-21,24,2235,2235,0,,expired
LSE-008068,PROP-02917,RES-05452,2023-09-08,2025-09-08,24,2160,1080,0,,expired
LSE-008069,PROP-02917,RES-05453,2025-09-25,2027-03-25,18,2325,1162,0,,active
LSE-008070,PROP-02918,RES-05454,2022-08-28,2023-08-28,12,2210,2210,0,,expired
LSE-008071,PROP-02918,RES-05454,2023-10-24,2025-10-24,24,2250,1125,0,LSE-008070,expired
LSE-008072,PROP-02918,RES-05455,2026-01-02,2027-01-02,12,2230,2230,1,,active
LSE-008073,PROP-02919,RES-05456,2023-05-12,2024-05-12,12,2115,1057,0,,expired
LSE-008074,PROP-02919,RES-05456,2024-06-23,2025-06-23,12,2295,1147,0,LSE-008073,expired
LSE-008075,PROP-02919,RES-05457,2025-08-09,2026-08-09,12,2305,2305,0,,expired
LSE-008076,PROP-02919,RES-05457,2026-08-23,2028-08-23,24,2360,2360,0,LSE-008075,active
LSE-008077,PROP-02920,RES-05458,2025-01-10,2027-01-10,24,2280,2280,0,,active
LSE-008078,PROP-02921,RES-05459,2023-06-27,2024-06-27,12,2170,1085,0,,expired
LSE-008079,PROP-02921,RES-05459,2024-07-18,2025-07-18,12,2345,2345,1,LSE-008078,expired
LSE-008080,PROP-02921,RES-05460,2025-09-18,2026-09-18,12,2380,1190,0,,expired
LSE-008081,PROP-02922,RES-05461,2022-02-09,2024-02-09,24,2140,2140,1,,expired
LSE-008082,PROP-02922,RES-05461,2024-04-05,2026-04-05,24,2220,1110,0,LSE-008081,expired
LSE-008083,PROP-02922,RES-05461,2026-05-05,2028-05-05,24,2355,2355,0,LSE-008082,active
LSE-008084,PROP-02923,RES-05462,2024-03-01,2026-03-01,24,2290,2290,0,,expired
LSE-008085,PROP-02923,RES-05462,2026-03-08,2028-03-08,24,2400,1200,0,LSE-008084,active
LSE-008086,PROP-02924,RES-05463,2022-11-02,2023-11-02,12,2180,1090,0,,expired
LSE-008087,PROP-02924,RES-05463,2023-12-26,2025-06-26,18,2280,2280,0,LSE-008086,expired
LSE-008088,PROP-02924,RES-05463,2025-07-29,2027-07-29,24,2435,2435,0,LSE-008087,active
LSE-008089,PROP-02925,RES-05464,2022-04-28,2023-04-28,12,2180,2180,0,,expired
LSE-008090,PROP-02925,RES-05465,2023-05-21,2025-05-21,24,2305,1152,0,,expired
LSE-008091,PROP-02925,RES-05466,2025-07-09,2027-07-09,24,2470,2470,1,,active
LSE-008092,PROP-02926,RES-05467,2024-02-15,2025-02-15,12,2220,1110,0,,expired
LSE-008093,PROP-02926,RES-05467,2025-04-28,2026-04-28,12,2270,2270,0,LSE-008092,expired
LSE-008094,PROP-02926,RES-05468,2026-06-27,2027-06-27,12,2520,2520,1,,active
LSE-008095,PROP-02927,RES-05469,2024-03-09,2026-03-09,24,2290,1145,0,,expired
LSE-008096,PROP-02927,RES-05469,2026-05-21,2028-05-21,24,2400,2400,0,LSE-008095,active
LSE-008097,PROP-02928,RES-05470,2022-07-27,2023-07-27,12,2160,1080,0,,expired
LSE-008098,PROP-02928,RES-05470,2023-09-17,2024-09-17,12,2235,2235,1,LSE-008097,expired
LSE-008099,PROP-02928,RES-05471,2024-11-09,2025-11-09,12,2245,1122,0,,expired
LSE-008100,PROP-02928,RES-05472,2026-01-17,2027-01-17,12,2335,1167,0,,active
LSE-008101,PROP-02929,RES-05473,2023-07-06,2025-01-06,18,2205,1102,1,,expired
LSE-008102,PROP-02929,RES-05473,2025-03-13,2026-03-13,12,2245,2245,0,LSE-008101,expired
LSE-008103,PROP-02929,RES-05474,2026-04-13,2027-04-13,12,2420,2420,0,,active
LSE-008104,PROP-02930,RES-05475,2021-12-14,2022-12-14,12,2230,2230,0,,expired
LSE-008105,PROP-02930,RES-05476,2023-01-09,2025-01-09,24,2210,2210,0,,expired
LSE-008106,PROP-02930,RES-05477,2025-02-05,2026-02-05,12,2240,2240,1,,expired
LSE-008107,PROP-02930,RES-05478,2026-04-20,2027-04-20,12,2395,1197,0,,active
LSE-008108,PROP-02931,RES-05479,2023-05-16,2025-05-16,24,2200,2200,0,,expired
LSE-008109,PROP-02931,RES-05479,2025-06-13,2026-06-13,12,2350,2350,1,LSE-008108,expired
LSE-008110,PROP-02931,RES-05479,2026-07-31,2028-07-31,24,2445,2445,0,LSE-008109,active
LSE-008111,PROP-02932,RES-05480,2022-08-15,2023-08-15,12,2240,2240,0,,expired
LSE-008112,PROP-02932,RES-05480,2023-09-23,2024-09-23,12,2320,2320,0,LSE-008111,expired
LSE-008113,PROP-02932,RES-05480,2024-09-28,2025-09-28,12,2390,2390,0,LSE-008112,expired
LSE-008114,PROP-02932,RES-05481,2025-12-06,2027-12-06,24,2280,2280,0,,active
LSE-008115,PROP-02933,RES-05482,2022-10-06,2023-10-06,12,2190,2190,1,,expired
LSE-008116,PROP-02933,RES-05483,2023-10-20,2024-10-20,12,2195,2195,0,,expired
LSE-008117,PROP-02933,RES-05484,2024-11-04,2025-11-04,12,2250,2250,0,,expired
LSE-008118,PROP-02933,RES-05485,2025-12-31,2026-12-31,12,2270,2270,1,,active
LSE-008119,PROP-02934,RES-05486,2024-06-27,2025-06-27,12,2350,2350,0,,expired
LSE-008120,PROP-02934,RES-05487,2025-08-25,2027-08-25,24,2375,1187,0,,active
LSE-008121,PROP-02935,RES-05488,2022-06-13,2023-06-13,12,2195,2195,0,,expired
LSE-008122,PROP-02935,RES-05489,2023-08-04,2025-08-04,24,2160,2160,0,,expired
LSE-008123,PROP-02935,RES-05489,2025-08-30,2027-08-30,24,2355,2355,0,LSE-008122,active
LSE-008124,PROP-02936,RES-05490,2023-03-20,2024-03-20,12,2275,1137,0,,expired
LSE-008125,PROP-02936,RES-05491,2024-05-27,2025-05-27,12,2415,2415,0,,expired
LSE-008126,PROP-02936,RES-05491,2025-06-09,2027-06-09,24,2515,2515,0,LSE-008125,active
LSE-008127,PROP-02937,RES-05492,2022-06-19,2024-06-19,24,2185,2185,0,,expired
LSE-008128,PROP-02937,RES-05493,2024-08-24,2026-08-24,24,2315,1157,0,,expired
LSE-008129,PROP-02938,RES-05494,2025-01-06,2026-07-06,18,2285,1142,0,,expired
LSE-008130,PROP-02938,RES-05494,2026-09-10,2028-09-10,24,2345,2345,0,LSE-008129,active
LSE-008131,PROP-02939,RES-05495,2023-11-27,2024-11-27,12,2190,2190,0,,expired
LSE-008132,PROP-02939,RES-05495,2024-12-21,2025-12-21,12,2255,1127,0,LSE-008131,expired
LSE-008133,PROP-02939,RES-05496,2026-02-20,2028-02-20,24,2355,2355,0,,active
LSE-008134,PROP-02940,RES-05497,2021-10-18,2023-10-18,24,2230,2230,0,,expired
LSE-008135,PROP-02940,RES-05497,2023-11-02,2024-11-02,12,2340,2340,1,LSE-008134,expired
LSE-008136,PROP-02940,RES-05498,2025-01-16,2026-01-16,12,2215,1107,0,,expired
LSE-008137,PROP-02940,RES-05498,2026-02-17,2027-02-17,12,2335,2335,1,LSE-008136,active
LSE-008138,PROP-02941,RES-05499,2023-09-17,2025-09-17,24,2175,2175,0,,expired
LSE-008139,PROP-02941,RES-05499,2025-10-18,2027-10-18,24,2220,1110,0,LSE-008138,active
LSE-008140,PROP-02942,RES-05500,2023-06-03,2024-06-03,12,2500,2500,0,,expired
LSE-008141,PROP-02942,RES-05500,2024-06-26,2026-06-26,24,2625,1312,0,LSE-008140,expired
LSE-008142,PROP-02942,RES-05501,2026-07-02,2027-07-02,12,2705,1352,0,,active
LSE-008143,PROP-02943,RES-05502,2024-02-19,2025-08-19,18,2190,2190,0,,expired
LSE-008144,PROP-02943,RES-05502,2025-09-24,2027-09-24,24,2265,1132,0,LSE-008143,active
LSE-008145,PROP-02944,RES-05503,2023-03-14,2024-03-14,12,2510,2510,0,,expired
LSE-008146,PROP-02944,RES-05504,2024-03-24,2026-03-24,24,2545,2545,0,,expired
LSE-008147,PROP-02944,RES-05504,2026-05-11,2028-05-11,24,2675,2675,0,LSE-008146,active
LSE-008148,PROP-02945,RES-05505,2023-01-24,2025-01-24,24,2165,1082,1,,expired
LSE-008149,PROP-02945,RES-05506,2025-04-06,2026-04-06,12,2440,2440,0,,expired
LSE-008150,PROP-02945,RES-05507,2026-04-17,2027-04-17,12,2465,1232,0,,active
LSE-008151,PROP-02946,RES-05508,2023-01-09,2024-07-09,18,2435,2435,0,,expired
LSE-008152,PROP-02946,RES-05508,2024-09-20,2026-09-20,24,2525,2525,0,LSE-008151,expired
LSE-008153,PROP-02947,RES-05509,2024-01-04,2026-01-04,24,2175,1087,0,,expired
LSE-008154,PROP-02947,RES-05510,2026-03-12,2028-03-12,24,2285,1142,1,,active
LSE-008155,PROP-02948,RES-05511,2024-10-02,2026-10-02,24,2495,2495,0,,active
LSE-008156,PROP-02949,RES-05512,2023-11-01,2025-11-01,24,2385,2385,0,,expired
LSE-008157,PROP-02949,RES-05512,2025-11-25,2026-11-25,12,2450,1225,0,LSE-008156,active
LSE-008158,PROP-02950,RES-05513,2022-07-21,2024-07-21,24,2270,1135,0,,expired
LSE-008159,PROP-02950,RES-05513,2024-08-15,2026-08-15,24,2335,2335,0,LSE-008158,expired
LSE-008160,PROP-02950,RES-05513,2026-09-10,2028-09-10,24,2445,2445,0,LSE-008159,active
LSE-008161,PROP-02951,RES-05514,2023-09-13,2025-03-13,18,2495,2495,1,,expired
LSE-008162,PROP-02951,RES-05514,2025-04-23,2026-04-23,12,2580,1290,1,LSE-008161,expired
LSE-008163,PROP-02951,RES-05514,2026-06-17,2027-06-17,12,2755,1377,0,LSE-008162,active
LSE-008164,PROP-02952,RES-05515,2022-06-15,2024-06-15,24,2505,2505,0,,expired
LSE-008165,PROP-02952,RES-05516,2024-07-31,2026-07-31,24,2610,1305,0,,expired
LSE-008166,PROP-02952,RES-05516,2026-09-13,2028-09-13,24,2680,2680,0,LSE-008165,active
LSE-008167,PROP-02953,RES-05517,2024-03-11,2026-03-11,24,2295,1147,0,,expired
LSE-008168,PROP-02953,RES-05518,2026-05-14,2028-05-14,24,2475,1237,0,,active
LSE-008169,PROP-02954,RES-05519,2024-07-10,2025-07-10,12,2320,2320,0,,expired
LSE-008170,PROP-02954,RES-05519,2025-08-12,2026-08-12,12,2420,2420,0,LSE-008169,expired
LSE-008171,PROP-02954,RES-05520,2026-09-29,2027-09-29,12,2425,2425,0,,active
LSE-008172,PROP-02955,RES-05521,2024-10-03,2026-10-03,24,2530,2530,1,,active
LSE-008173,PROP-02956,RES-05522,2024-02-09,2025-08-09,18,2270,2270,0,,expired
LSE-008174,PROP-02956,RES-05523,2025-08-30,2027-08-30,24,2390,2390,0,,active
LSE-008175,PROP-02957,RES-05524,2023-08-01,2024-08-01,12,2525,1262,1,,expired
LSE-008176,PROP-02957,RES-05525,2024-09-18,2026-03-18,18,2595,2595,0,,expired
LSE-008177,PROP-02957,RES-05526,2026-03-29,2027-03-29,12,2775,2775,0,,active
LSE-008178,PROP-02958,RES-05527,2023-07-11,2024-07-11,12,2500,2500,0,,expired
LSE-008179,PROP-02958,RES-05527,2024-07-19,2026-07-19,24,2565,2565,0,LSE-008178,expired
LSE-008180,PROP-02958,RES-05527,2026-08-05,2028-08-05,24,2685,1342,0,LSE-008179,active
LSE-008181,PROP-02959,RES-05528,2023-06-09,2025-06-09,24,2465,1232,0,,expired
LSE-008182,PROP-02959,RES-05528,2025-07-28,2026-07-28,12,2590,2590,0,LSE-008181,expired
LSE-008183,PROP-02959,RES-05528,2026-08-29,2028-08-29,24,2715,2715,0,LSE-008182,active
LSE-008184,PROP-02960,RES-05529,2022-04-16,2023-04-16,12,2390,2390,0,,expired
LSE-008185,PROP-02960,RES-05529,2023-04-27,2024-04-27,12,2435,1217,1,LSE-008184,expired
LSE-008186,PROP-02960,RES-05529,2024-06-11,2026-06-11,24,2555,1277,0,LSE-008185,expired
LSE-008187,PROP-02960,RES-05529,2026-08-13,2027-08-13,12,2665,2665,0,LSE-008186,active
LSE-008188,PROP-02961,RES-05530,2024-03-19,2026-03-19,24,2220,1110,0,,expired
LSE-008189,PROP-02961,RES-05530,2026-04-15,2028-04-15,24,2355,2355,0,LSE-008188,active
LSE-008190,PROP-02962,RES-05531,2022-05-22,2023-05-22,12,2530,2530,0,,expired
LSE-008191,PROP-02962,RES-05532,2023-07-01,2025-07-01,24,2445,2445,0,,expired
LSE-008192,PROP-02962,RES-05533,2025-08-26,2026-08-26,12,2785,2785,0,,expired
LSE-008193,PROP-02962,RES-05533,2026-09-21,2028-09-21,24,2855,2855,0,LSE-008192,active
LSE-008194,PROP-02963,RES-05534,2024-08-24,2025-08-24,12,2615,1307,0,,expired
LSE-008195,PROP-02963,RES-05534,2025-09-19,2026-09-19,12,2715,2715,0,LSE-008194,expired
LSE-008196,PROP-02964,RES-05535,2023-06-21,2025-06-21,24,2255,2255,0,,expired
LSE-008197,PROP-02964,RES-05536,2025-07-29,2026-07-29,12,2425,2425,0,,expired
LSE-008198,PROP-02964,RES-05537,2026-09-01,2028-03-01,18,2445,2445,1,,active
LSE-008199,PROP-02965,RES-05538,2023-04-05,2025-04-05,24,2255,2255,0,,expired
LSE-008200,PROP-02965,RES-05538,2025-06-10,2026-06-10,12,2365,2365,0,LSE-008199,expired
LSE-008201,PROP-02965,RES-05538,2026-06-22,2028-06-22,24,2420,1210,0,LSE-008200,active
LSE-008202,PROP-02966,RES-05539,2022-08-13,2024-08-13,24,2170,1085,0,,expired
LSE-008203,PROP-02966,RES-05540,2024-09-03,2026-09-03,24,2210,1105,0,,expired
LSE-008204,PROP-02967,RES-05541,2024-11-04,2026-11-04,24,2445,2445,0,,active
LSE-008205,PROP-02968,RES-05542,2024-02-16,2025-02-16,12,2490,2490,0,,expired
LSE-008206,PROP-02968,RES-05542,2025-04-02,2026-04-02,12,2615,2615,1,LSE-008205,expired
LSE-008207,PROP-02968,RES-05543,2026-05-14,2027-05-14,12,2725,1362,1,,active
LSE-008208,PROP-02969,RES-05544,2023-11-17,2025-11-17,24,2380,2380,0,,expired
LSE-008209,PROP-02969,RES-05545,2026-01-11,2027-07-11,18,2650,2650,0,,active
LSE-008210,PROP-02970,RES-05546,2023-01-21,2024-01-21,12,2075,1037,0,,expired
LSE-008211,PROP-02970,RES-05546,2024-02-26,2025-02-26,12,2165,2165,0,LSE-008210,expired
LSE-008212,PROP-02970,RES-05546,2025-03-22,2026-09-22,18,2230,1115,0,LSE-008211,expired
LSE-008213,PROP-02971,RES-05547,2023-06-15,2024-06-15,12,2225,1112,1,,expired
LSE-008214,PROP-02971,RES-05547,2024-07-18,2025-07-18,12,2270,1135,0,LSE-008213,expired
LSE-008215,PROP-02971,RES-05547,2025-08-30,2026-08-30,12,2400,1200,0,LSE-008214,expired
LSE-008216,PROP-02971,RES-05547,2026-09-15,2028-09-15,24,2485,2485,0,LSE-008215,active
LSE-008217,PROP-02972,RES-05548,2023-12-18,2025-12-18,24,2100,2100,0,,evicted
LSE-008218,PROP-02972,RES-05549,2026-02-17,2027-02-17,12,2240,1120,0,,active
LSE-008219,PROP-02973,RES-05550,2024-03-08,2026-03-08,24,2140,2140,0,,expired
LSE-008220,PROP-02973,RES-05550,2026-04-10,2028-04-10,24,2265,2265,0,LSE-008219,active
LSE-008221,PROP-02974,RES-05551,2023-06-06,2024-06-06,12,2045,2045,0,,expired
LSE-008222,PROP-02974,RES-05551,2024-08-05,2026-08-05,24,2145,1072,0,LSE-008221,expired
LSE-008223,PROP-02975,RES-05552,2023-07-04,2024-07-04,12,2035,1017,0,,expired
LSE-008224,PROP-02975,RES-05553,2024-07-15,2026-07-15,24,2185,2185,0,,expired
LSE-008225,PROP-02975,RES-05553,2026-08-25,2028-08-25,24,2365,2365,0,LSE-008224,active
LSE-008226,PROP-02976,RES-05554,2024-03-10,2026-03-10,24,2125,2125,0,,expired
LSE-008227,PROP-02976,RES-05555,2026-05-11,2028-05-11,24,2340,1170,0,,active
LSE-008228,PROP-02977,RES-05556,2023-07-02,2025-07-02,24,2125,2125,0,,expired
LSE-008229,PROP-02977,RES-05556,2025-08-17,2026-08-17,12,2260,1130,0,LSE-008228,expired
LSE-008230,PROP-02977,RES-05557,2026-08-31,2028-08-31,24,2380,1190,0,,active
LSE-008231,PROP-02978,RES-05558,2023-12-05,2024-12-05,12,2100,1050,0,,expired
LSE-008232,PROP-02978,RES-05558,2025-01-22,2027-01-22,24,2190,2190,0,LSE-008231,active
LSE-008233,PROP-02979,RES-05559,2023-09-11,2024-09-11,12,2070,2070,0,,expired
LSE-008234,PROP-02979,RES-05559,2024-09-19,2026-03-19,18,2175,1087,0,LSE-008233,expired
LSE-008235,PROP-02979,RES-05559,2026-05-12,2028-05-12,24,2395,2395,0,LSE-008234,active
LSE-008236,PROP-02980,RES-05560,2024-12-29,2025-12-29,12,2115,1057,0,,expired
LSE-008237,PROP-02980,RES-05560,2026-03-10,2027-03-10,12,2280,1140,0,LSE-008236,active
LSE-008238,PROP-02981,RES-05561,2022-03-03,2023-03-03,12,2015,2015,0,,expired
LSE-008239,PROP-02981,RES-05561,2023-05-08,2025-05-08,24,2075,1037,0,LSE-008238,expired
LSE-008240,PROP-02981,RES-05562,2025-06-05,2026-06-05,12,2240,2240,0,,expired
LSE-008241,PROP-02981,RES-05563,2026-07-28,2027-07-28,12,2310,2310,0,,active
LSE-008242,PROP-02982,RES-05564,2024-03-20,2026-03-20,24,2095,1047,1,,expired
LSE-008243,PROP-02982,RES-05565,2026-04-07,2027-04-07,12,2310,2310,0,,active
LSE-008244,PROP-02983,RES-05566,2022-08-01,2024-02-01,18,1995,1995,0,,expired
LSE-008245,PROP-02983,RES-05566,2024-02-06,2026-02-06,24,2025,1012,0,LSE-008244,expired
LSE-008246,PROP-02983,RES-05567,2026-03-04,2028-03-04,24,2300,2300,0,,active
LSE-008247,PROP-02984,RES-05568,2023-10-14,2024-10-14,12,2100,2100,1,,expired
LSE-008248,PROP-02984,RES-05568,2024-12-08,2025-12-08,12,2135,1067,0,LSE-008247,expired
LSE-008249,PROP-02984,RES-05569,2026-02-18,2028-02-18,24,2280,2280,0,,active
LSE-008250,PROP-02985,RES-05570,2022-07-09,2023-07-09,12,2075,2075,0,,expired
LSE-008251,PROP-02985,RES-05571,2023-09-18,2025-03-18,18,2040,2040,0,,expired
LSE-008252,PROP-02985,RES-05571,2025-05-27,2026-05-27,12,2175,1087,1,LSE-008251,expired
LSE-008253,PROP-02985,RES-05572,2026-06-29,2027-06-29,12,2425,1212,0,,active
LSE-008254,PROP-02986,RES-05573,2022-02-19,2023-02-19,12,2040,2040,0,,expired
LSE-008255,PROP-02986,RES-05573,2023-03-05,2025-03-05,24,2125,2125,0,LSE-008254,expired
LSE-008256,PROP-02986,RES-05573,2025-05-01,2026-05-01,12,2225,2225,0,LSE-008255,expired
LSE-008257,PROP-02986,RES-05573,2026-07-02,2028-01-02,18,2390,2390,0,LSE-008256,active
LSE-008258,PROP-02987,RES-05574,2022-12-12,2024-12-12,24,2035,1017,0,,expired
LSE-008259,PROP-02987,RES-05574,2025-01-12,2026-01-12,12,2120,1060,0,LSE-008258,expired
LSE-008260,PROP-02987,RES-05574,2026-02-23,2027-02-23,12,2245,1122,0,LSE-008259,active
LSE-008261,PROP-02988,RES-05575,2023-09-07,2024-09-07,12,2135,2135,0,,expired
LSE-008262,PROP-02988,RES-05575,2024-10-31,2025-10-31,12,2180,2180,0,LSE-008261,expired
LSE-008263,PROP-02988,RES-05576,2025-11-11,2026-11-11,12,2225,2225,0,,active
LSE-008264,PROP-02989,RES-05577,2024-11-19,2025-11-19,12,2095,2095,0,,expired
LSE-008265,PROP-02989,RES-05578,2026-01-28,2028-01-28,24,2235,2235,0,,active
LSE-008266,PROP-02990,RES-05579,2023-04-18,2025-04-18,24,2035,1017,0,,expired
LSE-008267,PROP-02990,RES-05579,2025-06-23,2027-06-23,24,2280,2280,0,LSE-008266,active
LSE-008268,PROP-02991,RES-05580,2023-05-14,2024-05-14,12,2080,1040,0,,expired
LSE-008269,PROP-02991,RES-05580,2024-05-25,2025-11-25,18,2235,2235,0,LSE-008268,expired
LSE-008270,PROP-02991,RES-05580,2025-12-08,2027-12-08,24,2270,1135,0,LSE-008269,active
LSE-008271,PROP-02992,RES-05581,2023-06-24,2025-06-24,24,2100,2100,0,,expired
LSE-008272,PROP-02992,RES-05582,2025-07-25,2027-01-25,18,2225,1112,0,,active
LSE-008273,PROP-02993,RES-05583,2022-10-16,2024-10-16,24,2140,1070,0,,expired
LSE-008274,PROP-02993,RES-05583,2024-12-02,2026-12-02,24,2240,1120,0,LSE-008273,active
LSE-008275,PROP-02994,RES-05584,2022-07-07,2024-01-07,18,2060,2060,1,,expired
LSE-008276,PROP-02994,RES-05584,2024-03-11,2025-03-11,12,2090,2090,1,LSE-008275,expired
LSE-008277,PROP-02994,RES-05585,2025-03-27,2027-03-27,24,2165,2165,0,,active
LSE-008278,PROP-02995,RES-05586,2022-03-07,2023-03-07,12,2115,2115,0,,expired
LSE-008279,PROP-02995,RES-05587,2023-04-15,2025-04-15,24,2100,2100,0,,expired
LSE-008280,PROP-02995,RES-05588,2025-06-21,2026-06-21,12,2325,2325,0,,expired
LSE-008281,PROP-02995,RES-05588,2026-08-30,2028-02-29,18,2390,2390,1,LSE-008280,active
LSE-008282,PROP-02996,RES-05589,2023-07-28,2024-07-28,12,2105,2105,0,,expired
LSE-008283,PROP-02996,RES-05589,2024-09-19,2025-09-19,12,2155,1077,0,LSE-008282,expired
LSE-008284,PROP-02996,RES-05590,2025-10-10,2027-10-10,24,2160,2160,0,,active
LSE-008285,PROP-02997,RES-05591,2022-07-10,2023-07-10,12,2065,2065,1,,expired
LSE-008286,PROP-02997,RES-05592,2023-07-28,2025-01-28,18,2090,2090,0,,expired
LSE-008287,PROP-02997,RES-05593,2025-04-05,2027-04-05,24,2245,2245,0,,active
LSE-008288,PROP-02998,RES-05594,2023-11-18,2024-11-18,12,2055,2055,0,,expired
LSE-008289,PROP-02998,RES-05595,2024-12-14,2025-12-14,12,2180,2180,0,,expired
LSE-008290,PROP-02998,RES-05596,2025-12-25,2027-12-25,24,2250,1125,0,,active
LSE-008291,PROP-02999,RES-05597,2023-06-12,2024-06-12,12,2100,2100,0,,expired
LSE-008292,PROP-02999,RES-05597,2024-07-27,2025-07-27,12,2245,2245,1,LSE-008291,expired
LSE-008293,PROP-02999,RES-05597,2025-09-05,2026-09-05,12,2330,1165,0,LSE-008292,expired
LSE-008294,PROP-02999,RES-05597,2026-09-26,2027-09-26,12,2445,1222,0,LSE-008293,active
LSE-008295,PROP-03000,RES-05598,2023-09-26,2024-09-26,12,2020,1010,0,,expired
LSE-008296,PROP-03000,RES-05598,2024-10-23,2026-10-23,24,2085,2085,0,LSE-008295,active
LSE-008297,PROP-03001,RES-05599,2022-06-22,2024-06-22,24,2045,1022,1,,expired
LSE-008298,PROP-03001,RES-05600,2024-07-29,2025-07-29,12,2235,2235,0,,expired
LSE-008299,PROP-03001,RES-05601,2025-09-08,2027-03-08,18,2255,1127,1,,active
