compId,city,state,beds,month,medianRent,sampleSize,source
CMP-000001,Arlington,TX,2,2023-10,2490,19,synthetic
CMP-000002,Arlington,TX,2,2023-11,2460,21,synthetic
CMP-000003,Arlington,TX,2,2023-12,2465,17,synthetic
CMP-000004,Arlington,TX,2,2024-01,2490,22,synthetic
CMP-000005,Arlington,TX,2,2024-02,2560,21,synthetic
CMP-000006,Arlington,TX,2,2024-03,2615,33,synthetic
CMP-000007,Arlington,TX,2,2024-04,2660,15,synthetic
CMP-000008,Arlington,TX,2,2024-05,2700,26,synthetic
CMP-000009,Arlington,TX,2,2024-06,2700,22,synthetic
CMP-000010,Arlington,TX,2,2024-07,2715,23,synthetic
CMP-000011,Arlington,TX,2,2024-08,2665,15,synthetic
CMP-000012,Arlington,TX,2,2024-09,2590,15,synthetic
CMP-000013,Arlington,TX,2,2024-10,2600,21,synthetic
CMP-000014,Arlington,TX,2,2024-11,2565,35,synthetic
CMP-000015,Arlington,TX,2,2024-12,2585,33,synthetic
CMP-000016,Arlington,TX,2,2025-01,2595,22,synthetic
CMP-000017,Arlington,TX,2,2025-02,2575,20,synthetic
CMP-000018,Arlington,TX,2,2025-03,2615,33,synthetic
CMP-000019,Arlington,TX,2,2025-04,2760,21,synthetic
CMP-000020,Arlington,TX,2,2025-05,2690,35,synthetic
CMP-000021,Arlington,TX,2,2025-06,2770,33,synthetic
CMP-000022,Arlington,TX,2,2025-07,2725,15,synthetic
CMP-000023,Arlington,TX,2,2025-08,2800,24,synthetic
CMP-000024,Arlington,TX,2,2025-09,2790,21,synthetic
CMP-000025,Arlington,TX,2,2025-10,2620,31,synthetic
CMP-000026,Arlington,TX,2,2025-11,2595,25,synthetic
CMP-000027,Arlington,TX,2,2025-12,2630,23,synthetic
CMP-000028,Arlington,TX,2,2026-01,2655,17,synthetic
CMP-000029,Arlington,TX,2,2026-02,2660,27,synthetic
CMP-000030,Arlington,TX,2,2026-03,2835,22,synthetic
CMP-000031,Arlington,TX,2,2026-04,2880,23,synthetic
CMP-000032,Arlington,TX,2,2026-05,2815,30,synthetic
CMP-000033,Arlington,TX,2,2026-06,2830,18,synthetic
CMP-000034,Arlington,TX,2,2026-07,2890,31,synthetic
CMP-000035,Arlington,TX,2,2026-08,2880,22,synthetic
CMP-000036,Arlington,TX,2,2026-09,2800,29,synthetic
CMP-000037,Arlington,TX,3,2023-10,2795,22,synthetic
CMP-000038,Arlington,TX,3,2023-11,2845,23,synthetic
CMP-000039,Arlington,TX,3,2023-12,2780,23,synthetic
CMP-000040,Arlington,TX,3,2024-01,2840,18,synthetic
CMP-000041,Arlington,TX,3,2024-02,2910,23,synthetic
CMP-000042,Arlington,TX,3,2024-03,2920,18,synthetic
CMP-000043,Arlington,TX,3,2024-04,2945,13,synthetic
CMP-000044,Arlington,TX,3,2024-05,3065,10,synthetic
CMP-000045,Arlington,TX,3,2024-06,3075,13,synthetic
CMP-000046,Arlington,TX,3,2024-07,3040,22,synthetic
CMP-000047,Arlington,TX,3,2024-08,2995,18,synthetic
CMP-000048,Arlington,TX,3,2024-09,2975,18,synthetic
CMP-000049,Arlington,TX,3,2024-10,2875,19,synthetic
CMP-000050,Arlington,TX,3,2024-11,2920,13,synthetic
CMP-000051,Arlington,TX,3,2024-12,2905,12,synthetic
CMP-000052,Arlington,TX,3,2025-01,2920,21,synthetic
CMP-000053,Arlington,TX,3,2025-02,2975,20,synthetic
CMP-000054,Arlington,TX,3,2025-03,3015,19,synthetic
CMP-000055,Arlington,TX,3,2025-04,3090,13,synthetic
CMP-000056,Arlington,TX,3,2025-05,3100,17,synthetic
CMP-000057,Arlington,TX,3,2025-06,3105,13,synthetic
CMP-000058,Arlington,TX,3,2025-07,3160,12,synthetic
CMP-000059,Arlington,TX,3,2025-08,3135,14,synthetic
CMP-000060,Arlington,TX,3,2025-09,3050,12,synthetic
CMP-000061,Arlington,TX,3,2025-10,2990,19,synthetic
CMP-000062,Arlington,TX,3,2025-11,3005,21,synthetic
CMP-000063,Arlington,TX,3,2025-12,3040,14,synthetic
CMP-000064,Arlington,TX,3,2026-01,3025,15,synthetic
CMP-000065,Arlington,TX,3,2026-02,3085,14,synthetic
CMP-000066,Arlington,TX,3,2026-03,3155,12,synthetic
CMP-000067,Arlington,TX,3,2026-04,3150,9,synthetic
CMP-000068,Arlington,TX,3,2026-05,3220,21,synthetic
CMP-000069,Arlington,TX,3,2026-06,3260,13,synthetic
CMP-000070,Arlington,TX,3,2026-07,3125,23,synthetic
CMP-000071,Arlington,TX,3,2026-08,3195,17,synthetic
CMP-000072,Arlington,TX,3,2026-09,3230,13,synthetic
CMP-000073,Arlington,TX,4,2023-10,3160,13,synthetic
CMP-000074,Arlington,TX,4,2023-11,3165,18,synthetic
CMP-000075,Arlington,TX,4,2023-12,3185,13,synthetic
CMP-000076,Arlington,TX,4,2024-01,3200,10,synthetic
CMP-000077,Arlington,TX,4,2024-02,3210,11,synthetic
CMP-000078,Arlington,TX,4,2024-03,3310,8,synthetic
CMP-000079,Arlington,TX,4,2024-04,3325,14,synthetic
CMP-000080,Arlington,TX,4,2024-05,3445,16,synthetic
CMP-000081,Arlington,TX,4,2024-06,3485,16,synthetic
CMP-000082,Arlington,TX,4,2024-07,3435,17,synthetic
CMP-000083,Arlington,TX,4,2024-08,3405,14,synthetic
CMP-000084,Arlington,TX,4,2024-09,3340,18,synthetic
CMP-000085,Arlington,TX,4,2024-10,3325,16,synthetic
CMP-000086,Arlington,TX,4,2024-11,3255,18,synthetic
CMP-000087,Arlington,TX,4,2024-12,3230,14,synthetic
CMP-000088,Arlington,TX,4,2025-01,3300,11,synthetic
CMP-000089,Arlington,TX,4,2025-02,3295,17,synthetic
CMP-000090,Arlington,TX,4,2025-03,3380,9,synthetic
CMP-000091,Arlington,TX,4,2025-04,3530,17,synthetic
CMP-000092,Arlington,TX,4,2025-05,3490,17,synthetic
CMP-000093,Arlington,TX,4,2025-06,3520,10,synthetic
CMP-000094,Arlington,TX,4,2025-07,3560,11,synthetic
CMP-000095,Arlington,TX,4,2025-08,3475,17,synthetic
CMP-000096,Arlington,TX,4,2025-09,3405,8,synthetic
CMP-000097,Arlington,TX,4,2025-10,3395,7,synthetic
CMP-000098,Arlington,TX,4,2025-11,3250,19,synthetic
CMP-000099,Arlington,TX,4,2025-12,3315,16,synthetic
CMP-000100,Arlington,TX,4,2026-01,3335,15,synthetic
CMP-000101,Arlington,TX,4,2026-02,3495,15,synthetic
CMP-000102,Arlington,TX,4,2026-03,3470,7,synthetic
CMP-000103,Arlington,TX,4,2026-04,3580,17,synthetic
CMP-000104,Arlington,TX,4,2026-05,3655,7,synthetic
CMP-000105,Arlington,TX,4,2026-06,3605,11,synthetic
CMP-000106,Arlington,TX,4,2026-07,3575,8,synthetic
CMP-000107,Arlington,TX,4,2026-08,3590,16,synthetic
CMP-000108,Arlington,TX,4,2026-09,3630,17,synthetic
CMP-000109,Aurora,CO,3,2023-10,2905,120,synthetic
CMP-000110,Aurora,CO,3,2023-11,2905,124,synthetic
CMP-000111,Aurora,CO,3,2023-12,2865,127,synthetic
CMP-000112,Aurora,CO,3,2024-01,2840,61,synthetic
CMP-000113,Aurora,CO,3,2024-02,2885,65,synthetic
CMP-000114,Aurora,CO,3,2024-03,2965,137,synthetic
CMP-000115,Aurora,CO,3,2024-04,3055,117,synthetic
CMP-000116,Aurora,CO,3,2024-05,3120,121,synthetic
CMP-000117,Aurora,CO,3,2024-06,3095,96,synthetic
CMP-000118,Aurora,CO,3,2024-07,3120,80,synthetic
CMP-000119,Aurora,CO,3,2024-08,3095,120,synthetic
CMP-000120,Aurora,CO,3,2024-09,3055,75,synthetic
CMP-000121,Aurora,CO,3,2024-10,2930,80,synthetic
CMP-000122,Aurora,CO,3,2024-11,2930,120,synthetic
CMP-000123,Aurora,CO,3,2024-12,2935,83,synthetic
CMP-000124,Aurora,CO,3,2025-01,2920,152,synthetic
CMP-000125,Aurora,CO,3,2025-02,2960,73,synthetic
CMP-000126,Aurora,CO,3,2025-03,3160,82,synthetic
CMP-000127,Aurora,CO,3,2025-04,3160,93,synthetic
CMP-000128,Aurora,CO,3,2025-05,3115,143,synthetic
CMP-000129,Aurora,CO,3,2025-06,3140,124,synthetic
CMP-000130,Aurora,CO,3,2025-07,3130,116,synthetic
CMP-000131,Aurora,CO,3,2025-08,3100,68,synthetic
CMP-000132,Aurora,CO,3,2025-09,3145,125,synthetic
CMP-000133,Aurora,CO,3,2025-10,2980,67,synthetic
CMP-000134,Aurora,CO,3,2025-11,3035,73,synthetic
CMP-000135,Aurora,CO,3,2025-12,3045,128,synthetic
CMP-000136,Aurora,CO,3,2026-01,3110,130,synthetic
CMP-000137,Aurora,CO,3,2026-02,3095,143,synthetic
CMP-000138,Aurora,CO,3,2026-03,3200,117,synthetic
CMP-000139,Aurora,CO,3,2026-04,3285,80,synthetic
CMP-000140,Aurora,CO,3,2026-05,3220,66,synthetic
CMP-000141,Aurora,CO,3,2026-06,3270,154,synthetic
CMP-000142,Aurora,CO,3,2026-07,3315,97,synthetic
CMP-000143,Aurora,CO,3,2026-08,3350,119,synthetic
CMP-000144,Aurora,CO,3,2026-09,3255,78,synthetic
CMP-000145,Aurora,CO,4,2023-10,3255,115,synthetic
CMP-000146,Aurora,CO,4,2023-11,3160,69,synthetic
CMP-000147,Aurora,CO,4,2023-12,3150,65,synthetic
CMP-000148,Aurora,CO,4,2024-01,3205,60,synthetic
CMP-000149,Aurora,CO,4,2024-02,3250,104,synthetic
CMP-000150,Aurora,CO,4,2024-03,3395,64,synthetic
CMP-000151,Aurora,CO,4,2024-04,3395,60,synthetic
CMP-000152,Aurora,CO,4,2024-05,3500,128,synthetic
CMP-000153,Aurora,CO,4,2024-06,3530,117,synthetic
CMP-000154,Aurora,CO,4,2024-07,3440,99,synthetic
CMP-000155,Aurora,CO,4,2024-08,3460,84,synthetic
CMP-000156,Aurora,CO,4,2024-09,3390,96,synthetic
CMP-000157,Aurora,CO,4,2024-10,3410,85,synthetic
CMP-000158,Aurora,CO,4,2024-11,3395,93,synthetic
CMP-000159,Aurora,CO,4,2024-12,3365,92,synthetic
CMP-000160,Aurora,CO,4,2025-01,3275,118,synthetic
CMP-000161,Aurora,CO,4,2025-02,3395,135,synthetic
CMP-000162,Aurora,CO,4,2025-03,3375,86,synthetic
CMP-000163,Aurora,CO,4,2025-04,3470,73,synthetic
CMP-000164,Aurora,CO,4,2025-05,3565,112,synthetic
CMP-000165,Aurora,CO,4,2025-06,3620,141,synthetic
CMP-000166,Aurora,CO,4,2025-07,3540,67,synthetic
CMP-000167,Aurora,CO,4,2025-08,3500,127,synthetic
CMP-000168,Aurora,CO,4,2025-09,3450,70,synthetic
CMP-000169,Aurora,CO,4,2025-10,3360,74,synthetic
CMP-000170,Aurora,CO,4,2025-11,3520,121,synthetic
CMP-000171,Aurora,CO,4,2025-12,3450,102,synthetic
CMP-000172,Aurora,CO,4,2026-01,3445,148,synthetic
CMP-000173,Aurora,CO,4,2026-02,3510,61,synthetic
CMP-000174,Aurora,CO,4,2026-03,3605,135,synthetic
CMP-000175,Aurora,CO,4,2026-04,3610,119,synthetic
CMP-000176,Aurora,CO,4,2026-05,3770,59,synthetic
CMP-000177,Aurora,CO,4,2026-06,3635,70,synthetic
CMP-000178,Aurora,CO,4,2026-07,3685,150,synthetic
CMP-000179,Aurora,CO,4,2026-08,3700,143,synthetic
CMP-000180,Aurora,CO,4,2026-09,3550,119,synthetic
CMP-000181,Bethlehem,GA,4,2023-10,2625,80,synthetic
CMP-000182,Bethlehem,GA,4,2023-11,2605,66,synthetic
CMP-000183,Bethlehem,GA,4,2023-12,2610,75,synthetic
CMP-000184,Bethlehem,GA,4,2024-01,2635,59,synthetic
CMP-000185,Bethlehem,GA,4,2024-02,2635,63,synthetic
CMP-000186,Bethlehem,GA,4,2024-03,2685,50,synthetic
CMP-000187,Bethlehem,GA,4,2024-04,2755,98,synthetic
CMP-000188,Bethlehem,GA,4,2024-05,2775,60,synthetic
CMP-000189,Bethlehem,GA,4,2024-06,2800,98,synthetic
CMP-000190,Bethlehem,GA,4,2024-07,2780,73,synthetic
CMP-000191,Bethlehem,GA,4,2024-08,2805,71,synthetic
CMP-000192,Bethlehem,GA,4,2024-09,2730,65,synthetic
CMP-000193,Bethlehem,GA,4,2024-10,2735,44,synthetic
CMP-000194,Bethlehem,GA,4,2024-11,2660,48,synthetic
CMP-000195,Bethlehem,GA,4,2024-12,2665,51,synthetic
CMP-000196,Bethlehem,GA,4,2025-01,2715,51,synthetic
CMP-000197,Bethlehem,GA,4,2025-02,2685,86,synthetic
CMP-000198,Bethlehem,GA,4,2025-03,2780,75,synthetic
CMP-000199,Bethlehem,GA,4,2025-04,2800,69,synthetic
CMP-000200,Bethlehem,GA,4,2025-05,2820,75,synthetic
CMP-000201,Bethlehem,GA,4,2025-06,2890,49,synthetic
CMP-000202,Bethlehem,GA,4,2025-07,2945,95,synthetic
CMP-000203,Bethlehem,GA,4,2025-08,2880,64,synthetic
CMP-000204,Bethlehem,GA,4,2025-09,2800,48,synthetic
CMP-000205,Bethlehem,GA,4,2025-10,2755,51,synthetic
CMP-000206,Bethlehem,GA,4,2025-11,2705,49,synthetic
CMP-000207,Bethlehem,GA,4,2025-12,2685,93,synthetic
CMP-000208,Bethlehem,GA,4,2026-01,2830,84,synthetic
CMP-000209,Bethlehem,GA,4,2026-02,2905,100,synthetic
CMP-000210,Bethlehem,GA,4,2026-03,2810,83,synthetic
CMP-000211,Bethlehem,GA,4,2026-04,2840,45,synthetic
CMP-000212,Bethlehem,GA,4,2026-05,2900,96,synthetic
CMP-000213,Bethlehem,GA,4,2026-06,2885,50,synthetic
CMP-000214,Bethlehem,GA,4,2026-07,2870,74,synthetic
CMP-000215,Bethlehem,GA,4,2026-08,2955,88,synthetic
CMP-000216,Bethlehem,GA,4,2026-09,2905,44,synthetic
CMP-000217,Bethlehem,GA,5,2023-10,2875,85,synthetic
CMP-000218,Bethlehem,GA,5,2023-11,2860,47,synthetic
CMP-000219,Bethlehem,GA,5,2023-12,2845,56,synthetic
CMP-000220,Bethlehem,GA,5,2024-01,2900,96,synthetic
CMP-000221,Bethlehem,GA,5,2024-02,2975,66,synthetic
CMP-000222,Bethlehem,GA,5,2024-03,3015,56,synthetic
CMP-000223,Bethlehem,GA,5,2024-04,3095,70,synthetic
CMP-000224,Bethlehem,GA,5,2024-05,3140,67,synthetic
CMP-000225,Bethlehem,GA,5,2024-06,3140,93,synthetic
CMP-000226,Bethlehem,GA,5,2024-07,3110,75,synthetic
CMP-000227,Bethlehem,GA,5,2024-08,3110,102,synthetic
CMP-000228,Bethlehem,GA,5,2024-09,3025,102,synthetic
CMP-000229,Bethlehem,GA,5,2024-10,2990,97,synthetic
CMP-000230,Bethlehem,GA,5,2024-11,2925,73,synthetic
CMP-000231,Bethlehem,GA,5,2024-12,2985,42,synthetic
CMP-000232,Bethlehem,GA,5,2025-01,2995,101,synthetic
CMP-000233,Bethlehem,GA,5,2025-02,2990,81,synthetic
CMP-000234,Bethlehem,GA,5,2025-03,3035,56,synthetic
CMP-000235,Bethlehem,GA,5,2025-04,3170,93,synthetic
CMP-000236,Bethlehem,GA,5,2025-05,3150,100,synthetic
CMP-000237,Bethlehem,GA,5,2025-06,3220,81,synthetic
CMP-000238,Bethlehem,GA,5,2025-07,3160,80,synthetic
CMP-000239,Bethlehem,GA,5,2025-08,3165,70,synthetic
CMP-000240,Bethlehem,GA,5,2025-09,3170,74,synthetic
CMP-000241,Bethlehem,GA,5,2025-10,3095,59,synthetic
CMP-000242,Bethlehem,GA,5,2025-11,3090,60,synthetic
CMP-000243,Bethlehem,GA,5,2025-12,3010,80,synthetic
CMP-000244,Bethlehem,GA,5,2026-01,3055,39,synthetic
CMP-000245,Bethlehem,GA,5,2026-02,3220,96,synthetic
CMP-000246,Bethlehem,GA,5,2026-03,3155,54,synthetic
CMP-000247,Bethlehem,GA,5,2026-04,3285,99,synthetic
CMP-000248,Bethlehem,GA,5,2026-05,3220,79,synthetic
CMP-000249,Bethlehem,GA,5,2026-06,3265,94,synthetic
CMP-000250,Bethlehem,GA,5,2026-07,3310,103,synthetic
CMP-000251,Bethlehem,GA,5,2026-08,3290,51,synthetic
CMP-000252,Bethlehem,GA,5,2026-09,3255,81,synthetic
CMP-000253,Buckeye,AZ,4,2023-10,1975,70,synthetic
CMP-000254,Buckeye,AZ,4,2023-11,1955,123,synthetic
CMP-000255,Buckeye,AZ,4,2023-12,1935,63,synthetic
CMP-000256,Buckeye,AZ,4,2024-01,1970,131,synthetic
CMP-000257,Buckeye,AZ,4,2024-02,1985,71,synthetic
CMP-000258,Buckeye,AZ,4,2024-03,2045,123,synthetic
CMP-000259,Buckeye,AZ,4,2024-04,2105,116,synthetic
CMP-000260,Buckeye,AZ,4,2024-05,2115,78,synthetic
CMP-000261,Buckeye,AZ,4,2024-06,2100,55,synthetic
CMP-000262,Buckeye,AZ,4,2024-07,2110,58,synthetic
CMP-000263,Buckeye,AZ,4,2024-08,2110,112,synthetic
CMP-000264,Buckeye,AZ,4,2024-09,2050,124,synthetic
CMP-000265,Buckeye,AZ,4,2024-10,2055,106,synthetic
CMP-000266,Buckeye,AZ,4,2024-11,1975,123,synthetic
CMP-000267,Buckeye,AZ,4,2024-12,2000,134,synthetic
CMP-000268,Buckeye,AZ,4,2025-01,2010,130,synthetic
CMP-000269,Buckeye,AZ,4,2025-02,2070,103,synthetic
CMP-000270,Buckeye,AZ,4,2025-03,2105,118,synthetic
CMP-000271,Buckeye,AZ,4,2025-04,2165,55,synthetic
CMP-000272,Buckeye,AZ,4,2025-05,2205,86,synthetic
CMP-000273,Buckeye,AZ,4,2025-06,2140,62,synthetic
CMP-000274,Buckeye,AZ,4,2025-07,2215,137,synthetic
CMP-000275,Buckeye,AZ,4,2025-08,2155,67,synthetic
CMP-000276,Buckeye,AZ,4,2025-09,2090,83,synthetic
CMP-000277,Buckeye,AZ,4,2025-10,2140,118,synthetic
CMP-000278,Buckeye,AZ,4,2025-11,2025,139,synthetic
CMP-000279,Buckeye,AZ,4,2025-12,2025,124,synthetic
CMP-000280,Buckeye,AZ,4,2026-01,2025,76,synthetic
CMP-000281,Buckeye,AZ,4,2026-02,2085,58,synthetic
CMP-000282,Buckeye,AZ,4,2026-03,2160,105,synthetic
CMP-000283,Buckeye,AZ,4,2026-04,2225,83,synthetic
CMP-000284,Buckeye,AZ,4,2026-05,2250,121,synthetic
CMP-000285,Buckeye,AZ,4,2026-06,2275,127,synthetic
CMP-000286,Buckeye,AZ,4,2026-07,2255,62,synthetic
CMP-000287,Buckeye,AZ,4,2026-08,2230,71,synthetic
CMP-000288,Buckeye,AZ,4,2026-09,2200,126,synthetic
CMP-000289,Canton,GA,4,2023-10,2890,58,synthetic
CMP-000290,Canton,GA,4,2023-11,2870,86,synthetic
CMP-000291,Canton,GA,4,2023-12,2870,48,synthetic
CMP-000292,Canton,GA,4,2024-01,2875,90,synthetic
CMP-000293,Canton,GA,4,2024-02,2945,96,synthetic
CMP-000294,Canton,GA,4,2024-03,2980,69,synthetic
CMP-000295,Canton,GA,4,2024-04,3075,91,synthetic
CMP-000296,Canton,GA,4,2024-05,3120,56,synthetic
CMP-000297,Canton,GA,4,2024-06,3040,88,synthetic
CMP-000298,Canton,GA,4,2024-07,3065,100,synthetic
CMP-000299,Canton,GA,4,2024-08,3005,63,synthetic
CMP-000300,Canton,GA,4,2024-09,3005,76,synthetic
CMP-000301,Canton,GA,4,2024-10,2955,81,synthetic
CMP-000302,Canton,GA,4,2024-11,2945,99,synthetic
CMP-000303,Canton,GA,4,2024-12,2935,50,synthetic
CMP-000304,Canton,GA,4,2025-01,2985,99,synthetic
CMP-000305,Canton,GA,4,2025-02,3000,57,synthetic
CMP-000306,Canton,GA,4,2025-03,3050,68,synthetic
CMP-000307,Canton,GA,4,2025-04,3105,98,synthetic
CMP-000308,Canton,GA,4,2025-05,3130,100,synthetic
CMP-000309,Canton,GA,4,2025-06,3170,69,synthetic
CMP-000310,Canton,GA,4,2025-07,3205,67,synthetic
CMP-000311,Canton,GA,4,2025-08,3100,61,synthetic
CMP-000312,Canton,GA,4,2025-09,3090,41,synthetic
CMP-000313,Canton,GA,4,2025-10,3055,55,synthetic
CMP-000314,Canton,GA,4,2025-11,3035,52,synthetic
CMP-000315,Canton,GA,4,2025-12,2990,90,synthetic
CMP-000316,Canton,GA,4,2026-01,3090,98,synthetic
CMP-000317,Canton,GA,4,2026-02,3050,43,synthetic
CMP-000318,Canton,GA,4,2026-03,3080,63,synthetic
CMP-000319,Canton,GA,4,2026-04,3165,101,synthetic
CMP-000320,Canton,GA,4,2026-05,3220,100,synthetic
CMP-000321,Canton,GA,4,2026-06,3250,106,synthetic
CMP-000322,Canton,GA,4,2026-07,3235,59,synthetic
CMP-000323,Canton,GA,4,2026-08,3160,69,synthetic
CMP-000324,Canton,GA,4,2026-09,3135,82,synthetic
CMP-000325,Cape Coral,FL,3,2023-10,1865,134,synthetic
CMP-000326,Cape Coral,FL,3,2023-11,1830,150,synthetic
CMP-000327,Cape Coral,FL,3,2023-12,1810,103,synthetic
CMP-000328,Cape Coral,FL,3,2024-01,1800,148,synthetic
CMP-000329,Cape Coral,FL,3,2024-02,1865,115,synthetic
CMP-000330,Cape Coral,FL,3,2024-03,1875,121,synthetic
CMP-000331,Cape Coral,FL,3,2024-04,1950,129,synthetic
CMP-000332,Cape Coral,FL,3,2024-05,1975,118,synthetic
CMP-000333,Cape Coral,FL,3,2024-06,1995,103,synthetic
CMP-000334,Cape Coral,FL,3,2024-07,1955,64,synthetic
CMP-000335,Cape Coral,FL,3,2024-08,1930,103,synthetic
CMP-000336,Cape Coral,FL,3,2024-09,1940,64,synthetic
CMP-000337,Cape Coral,FL,3,2024-10,1925,97,synthetic
CMP-000338,Cape Coral,FL,3,2024-11,1865,94,synthetic
CMP-000339,Cape Coral,FL,3,2024-12,1860,61,synthetic
CMP-000340,Cape Coral,FL,3,2025-01,1880,124,synthetic
CMP-000341,Cape Coral,FL,3,2025-02,1930,64,synthetic
CMP-000342,Cape Coral,FL,3,2025-03,1955,123,synthetic
CMP-000343,Cape Coral,FL,3,2025-04,2010,105,synthetic
CMP-000344,Cape Coral,FL,3,2025-05,2040,135,synthetic
CMP-000345,Cape Coral,FL,3,2025-06,2050,127,synthetic
CMP-000346,Cape Coral,FL,3,2025-07,2045,114,synthetic
CMP-000347,Cape Coral,FL,3,2025-08,2030,62,synthetic
CMP-000348,Cape Coral,FL,3,2025-09,1950,113,synthetic
CMP-000349,Cape Coral,FL,3,2025-10,1935,145,synthetic
CMP-000350,Cape Coral,FL,3,2025-11,1905,80,synthetic
CMP-000351,Cape Coral,FL,3,2025-12,1975,60,synthetic
CMP-000352,Cape Coral,FL,3,2026-01,1995,111,synthetic
CMP-000353,Cape Coral,FL,3,2026-02,1995,71,synthetic
CMP-000354,Cape Coral,FL,3,2026-03,2020,138,synthetic
CMP-000355,Cape Coral,FL,3,2026-04,2100,66,synthetic
CMP-000356,Cape Coral,FL,3,2026-05,2035,108,synthetic
CMP-000357,Cape Coral,FL,3,2026-06,2095,132,synthetic
CMP-000358,Cape Coral,FL,3,2026-07,2105,63,synthetic
CMP-000359,Cape Coral,FL,3,2026-08,2115,132,synthetic
CMP-000360,Cape Coral,FL,3,2026-09,1990,151,synthetic
CMP-000361,Charlotte,NC,3,2023-10,2245,65,synthetic
CMP-000362,Charlotte,NC,3,2023-11,2210,110,synthetic
CMP-000363,Charlotte,NC,3,2023-12,2185,106,synthetic
CMP-000364,Charlotte,NC,3,2024-01,2225,44,synthetic
CMP-000365,Charlotte,NC,3,2024-02,2250,76,synthetic
CMP-000366,Charlotte,NC,3,2024-03,2320,106,synthetic
CMP-000367,Charlotte,NC,3,2024-04,2370,102,synthetic
CMP-000368,Charlotte,NC,3,2024-05,2370,99,synthetic
CMP-000369,Charlotte,NC,3,2024-06,2380,105,synthetic
CMP-000370,Charlotte,NC,3,2024-07,2410,106,synthetic
CMP-000371,Charlotte,NC,3,2024-08,2380,70,synthetic
CMP-000372,Charlotte,NC,3,2024-09,2320,88,synthetic
CMP-000373,Charlotte,NC,3,2024-10,2315,101,synthetic
CMP-000374,Charlotte,NC,3,2024-11,2270,51,synthetic
CMP-000375,Charlotte,NC,3,2024-12,2285,68,synthetic
CMP-000376,Charlotte,NC,3,2025-01,2260,76,synthetic
CMP-000377,Charlotte,NC,3,2025-02,2305,103,synthetic
CMP-000378,Charlotte,NC,3,2025-03,2395,104,synthetic
CMP-000379,Charlotte,NC,3,2025-04,2405,64,synthetic
CMP-000380,Charlotte,NC,3,2025-05,2475,42,synthetic
CMP-000381,Charlotte,NC,3,2025-06,2440,64,synthetic
CMP-000382,Charlotte,NC,3,2025-07,2425,81,synthetic
CMP-000383,Charlotte,NC,3,2025-08,2465,65,synthetic
CMP-000384,Charlotte,NC,3,2025-09,2470,79,synthetic
CMP-000385,Charlotte,NC,3,2025-10,2410,89,synthetic
CMP-000386,Charlotte,NC,3,2025-11,2395,74,synthetic
CMP-000387,Charlotte,NC,3,2025-12,2390,73,synthetic
CMP-000388,Charlotte,NC,3,2026-01,2365,57,synthetic
CMP-000389,Charlotte,NC,3,2026-02,2415,71,synthetic
CMP-000390,Charlotte,NC,3,2026-03,2390,103,synthetic
CMP-000391,Charlotte,NC,3,2026-04,2505,58,synthetic
CMP-000392,Charlotte,NC,3,2026-05,2495,73,synthetic
CMP-000393,Charlotte,NC,3,2026-06,2490,74,synthetic
CMP-000394,Charlotte,NC,3,2026-07,2610,111,synthetic
CMP-000395,Charlotte,NC,3,2026-08,2500,52,synthetic
CMP-000396,Charlotte,NC,3,2026-09,2425,46,synthetic
CMP-000397,Charlotte,NC,4,2023-10,2555,127,synthetic
CMP-000398,Charlotte,NC,4,2023-11,2505,246,synthetic
CMP-000399,Charlotte,NC,4,2023-12,2525,146,synthetic
CMP-000400,Charlotte,NC,4,2024-01,2575,156,synthetic
CMP-000401,Charlotte,NC,4,2024-02,2610,238,synthetic
CMP-000402,Charlotte,NC,4,2024-03,2660,254,synthetic
CMP-000403,Charlotte,NC,4,2024-04,2665,215,synthetic
CMP-000404,Charlotte,NC,4,2024-05,2720,115,synthetic
CMP-000405,Charlotte,NC,4,2024-06,2715,178,synthetic
CMP-000406,Charlotte,NC,4,2024-07,2765,109,synthetic
CMP-000407,Charlotte,NC,4,2024-08,2725,113,synthetic
CMP-000408,Charlotte,NC,4,2024-09,2660,223,synthetic
CMP-000409,Charlotte,NC,4,2024-10,2630,257,synthetic
CMP-000410,Charlotte,NC,4,2024-11,2565,102,synthetic
CMP-000411,Charlotte,NC,4,2024-12,2585,119,synthetic
CMP-000412,Charlotte,NC,4,2025-01,2615,171,synthetic
CMP-000413,Charlotte,NC,4,2025-02,2630,155,synthetic
CMP-000414,Charlotte,NC,4,2025-03,2695,143,synthetic
CMP-000415,Charlotte,NC,4,2025-04,2705,169,synthetic
CMP-000416,Charlotte,NC,4,2025-05,2840,107,synthetic
CMP-000417,Charlotte,NC,4,2025-06,2845,183,synthetic
CMP-000418,Charlotte,NC,4,2025-07,2800,246,synthetic
CMP-000419,Charlotte,NC,4,2025-08,2815,106,synthetic
CMP-000420,Charlotte,NC,4,2025-09,2800,185,synthetic
CMP-000421,Charlotte,NC,4,2025-10,2745,238,synthetic
CMP-000422,Charlotte,NC,4,2025-11,2675,152,synthetic
CMP-000423,Charlotte,NC,4,2025-12,2640,159,synthetic
CMP-000424,Charlotte,NC,4,2026-01,2630,237,synthetic
CMP-000425,Charlotte,NC,4,2026-02,2765,186,synthetic
CMP-000426,Charlotte,NC,4,2026-03,2725,136,synthetic
CMP-000427,Charlotte,NC,4,2026-04,2870,246,synthetic
CMP-000428,Charlotte,NC,4,2026-05,2915,109,synthetic
CMP-000429,Charlotte,NC,4,2026-06,2875,197,synthetic
CMP-000430,Charlotte,NC,4,2026-07,2960,99,synthetic
CMP-000431,Charlotte,NC,4,2026-08,2810,151,synthetic
CMP-000432,Charlotte,NC,4,2026-09,2790,145,synthetic
CMP-000433,Charlotte,NC,5,2023-10,2795,81,synthetic
CMP-000434,Charlotte,NC,5,2023-11,2815,72,synthetic
CMP-000435,Charlotte,NC,5,2023-12,2770,78,synthetic
CMP-000436,Charlotte,NC,5,2024-01,2780,85,synthetic
CMP-000437,Charlotte,NC,5,2024-02,2850,68,synthetic
CMP-000438,Charlotte,NC,5,2024-03,2905,43,synthetic
CMP-000439,Charlotte,NC,5,2024-04,2985,86,synthetic
CMP-000440,Charlotte,NC,5,2024-05,2985,93,synthetic
CMP-000441,Charlotte,NC,5,2024-06,3020,69,synthetic
CMP-000442,Charlotte,NC,5,2024-07,3040,59,synthetic
CMP-000443,Charlotte,NC,5,2024-08,3005,103,synthetic
CMP-000444,Charlotte,NC,5,2024-09,2980,99,synthetic
CMP-000445,Charlotte,NC,5,2024-10,2920,45,synthetic
CMP-000446,Charlotte,NC,5,2024-11,2935,68,synthetic
CMP-000447,Charlotte,NC,5,2024-12,2880,70,synthetic
CMP-000448,Charlotte,NC,5,2025-01,2820,76,synthetic
CMP-000449,Charlotte,NC,5,2025-02,2990,69,synthetic
CMP-000450,Charlotte,NC,5,2025-03,3000,91,synthetic
CMP-000451,Charlotte,NC,5,2025-04,3140,52,synthetic
CMP-000452,Charlotte,NC,5,2025-05,3130,71,synthetic
CMP-000453,Charlotte,NC,5,2025-06,3095,64,synthetic
CMP-000454,Charlotte,NC,5,2025-07,3080,42,synthetic
CMP-000455,Charlotte,NC,5,2025-08,3030,67,synthetic
CMP-000456,Charlotte,NC,5,2025-09,3055,90,synthetic
CMP-000457,Charlotte,NC,5,2025-10,3025,83,synthetic
CMP-000458,Charlotte,NC,5,2025-11,3020,48,synthetic
CMP-000459,Charlotte,NC,5,2025-12,3000,95,synthetic
CMP-000460,Charlotte,NC,5,2026-01,2955,72,synthetic
CMP-000461,Charlotte,NC,5,2026-02,2975,40,synthetic
CMP-000462,Charlotte,NC,5,2026-03,3140,57,synthetic
CMP-000463,Charlotte,NC,5,2026-04,3170,58,synthetic
CMP-000464,Charlotte,NC,5,2026-05,3285,44,synthetic
CMP-000465,Charlotte,NC,5,2026-06,3260,77,synthetic
CMP-000466,Charlotte,NC,5,2026-07,3270,98,synthetic
CMP-000467,Charlotte,NC,5,2026-08,3255,57,synthetic
CMP-000468,Charlotte,NC,5,2026-09,3145,82,synthetic
CMP-000469,Clarksville,TN,3,2023-10,2290,39,synthetic
CMP-000470,Clarksville,TN,3,2023-11,2270,78,synthetic
CMP-000471,Clarksville,TN,3,2023-12,2210,41,synthetic
CMP-000472,Clarksville,TN,3,2024-01,2235,68,synthetic
CMP-000473,Clarksville,TN,3,2024-02,2265,39,synthetic
CMP-000474,Clarksville,TN,3,2024-03,2330,53,synthetic
CMP-000475,Clarksville,TN,3,2024-04,2395,48,synthetic
CMP-000476,Clarksville,TN,3,2024-05,2430,49,synthetic
CMP-000477,Clarksville,TN,3,2024-06,2450,77,synthetic
CMP-000478,Clarksville,TN,3,2024-07,2415,67,synthetic
CMP-000479,Clarksville,TN,3,2024-08,2405,46,synthetic
CMP-000480,Clarksville,TN,3,2024-09,2400,39,synthetic
CMP-000481,Clarksville,TN,3,2024-10,2350,62,synthetic
CMP-000482,Clarksville,TN,3,2024-11,2350,63,synthetic
CMP-000483,Clarksville,TN,3,2024-12,2270,37,synthetic
CMP-000484,Clarksville,TN,3,2025-01,2320,62,synthetic
CMP-000485,Clarksville,TN,3,2025-02,2380,38,synthetic
CMP-000486,Clarksville,TN,3,2025-03,2470,34,synthetic
CMP-000487,Clarksville,TN,3,2025-04,2480,70,synthetic
CMP-000488,Clarksville,TN,3,2025-05,2485,71,synthetic
CMP-000489,Clarksville,TN,3,2025-06,2515,43,synthetic
CMP-000490,Clarksville,TN,3,2025-07,2520,72,synthetic
CMP-000491,Clarksville,TN,3,2025-08,2515,73,synthetic
CMP-000492,Clarksville,TN,3,2025-09,2445,50,synthetic
CMP-000493,Clarksville,TN,3,2025-10,2430,76,synthetic
CMP-000494,Clarksville,TN,3,2025-11,2425,46,synthetic
CMP-000495,Clarksville,TN,3,2025-12,2380,70,synthetic
CMP-000496,Clarksville,TN,3,2026-01,2375,47,synthetic
CMP-000497,Clarksville,TN,3,2026-02,2435,38,synthetic
CMP-000498,Clarksville,TN,3,2026-03,2480,70,synthetic
CMP-000499,Clarksville,TN,3,2026-04,2595,58,synthetic
CMP-000500,Clarksville,TN,3,2026-05,2510,38,synthetic
CMP-000501,Clarksville,TN,3,2026-06,2590,50,synthetic
CMP-000502,Clarksville,TN,3,2026-07,2615,51,synthetic
CMP-000503,Clarksville,TN,3,2026-08,2470,65,synthetic
CMP-000504,Clarksville,TN,3,2026-09,2570,33,synthetic
CMP-000505,Clarksville,TN,4,2023-10,2540,70,synthetic
CMP-000506,Clarksville,TN,4,2023-11,2475,71,synthetic
CMP-000507,Clarksville,TN,4,2023-12,2490,53,synthetic
CMP-000508,Clarksville,TN,4,2024-01,2510,48,synthetic
CMP-000509,Clarksville,TN,4,2024-02,2550,49,synthetic
CMP-000510,Clarksville,TN,4,2024-03,2600,50,synthetic
CMP-000511,Clarksville,TN,4,2024-04,2625,61,synthetic
CMP-000512,Clarksville,TN,4,2024-05,2710,35,synthetic
CMP-000513,Clarksville,TN,4,2024-06,2735,70,synthetic
CMP-000514,Clarksville,TN,4,2024-07,2655,56,synthetic
CMP-000515,Clarksville,TN,4,2024-08,2675,75,synthetic
CMP-000516,Clarksville,TN,4,2024-09,2585,31,synthetic
CMP-000517,Clarksville,TN,4,2024-10,2560,35,synthetic
CMP-000518,Clarksville,TN,4,2024-11,2595,30,synthetic
CMP-000519,Clarksville,TN,4,2024-12,2560,37,synthetic
CMP-000520,Clarksville,TN,4,2025-01,2600,64,synthetic
CMP-000521,Clarksville,TN,4,2025-02,2660,30,synthetic
CMP-000522,Clarksville,TN,4,2025-03,2640,73,synthetic
CMP-000523,Clarksville,TN,4,2025-04,2720,56,synthetic
CMP-000524,Clarksville,TN,4,2025-05,2840,42,synthetic
CMP-000525,Clarksville,TN,4,2025-06,2765,50,synthetic
CMP-000526,Clarksville,TN,4,2025-07,2765,67,synthetic
CMP-000527,Clarksville,TN,4,2025-08,2760,55,synthetic
CMP-000528,Clarksville,TN,4,2025-09,2700,52,synthetic
CMP-000529,Clarksville,TN,4,2025-10,2695,53,synthetic
CMP-000530,Clarksville,TN,4,2025-11,2650,40,synthetic
CMP-000531,Clarksville,TN,4,2025-12,2575,29,synthetic
CMP-000532,Clarksville,TN,4,2026-01,2650,42,synthetic
CMP-000533,Clarksville,TN,4,2026-02,2695,75,synthetic
CMP-000534,Clarksville,TN,4,2026-03,2840,55,synthetic
CMP-000535,Clarksville,TN,4,2026-04,2800,45,synthetic
CMP-000536,Clarksville,TN,4,2026-05,2790,59,synthetic
CMP-000537,Clarksville,TN,4,2026-06,2815,37,synthetic
CMP-000538,Clarksville,TN,4,2026-07,2800,36,synthetic
CMP-000539,Clarksville,TN,4,2026-08,2760,73,synthetic
CMP-000540,Clarksville,TN,4,2026-09,2775,52,synthetic
CMP-000541,Clermont,FL,3,2023-10,2910,13,synthetic
CMP-000542,Clermont,FL,3,2023-11,2870,14,synthetic
CMP-000543,Clermont,FL,3,2023-12,2910,14,synthetic
CMP-000544,Clermont,FL,3,2024-01,2895,18,synthetic
CMP-000545,Clermont,FL,3,2024-02,2900,16,synthetic
CMP-000546,Clermont,FL,3,2024-03,3000,22,synthetic
CMP-000547,Clermont,FL,3,2024-04,3060,25,synthetic
CMP-000548,Clermont,FL,3,2024-05,3075,21,synthetic
CMP-000549,Clermont,FL,3,2024-06,3160,17,synthetic
CMP-000550,Clermont,FL,3,2024-07,3120,15,synthetic
CMP-000551,Clermont,FL,3,2024-08,3065,26,synthetic
CMP-000552,Clermont,FL,3,2024-09,3050,26,synthetic
CMP-000553,Clermont,FL,3,2024-10,2980,22,synthetic
CMP-000554,Clermont,FL,3,2024-11,3000,25,synthetic
CMP-000555,Clermont,FL,3,2024-12,2935,21,synthetic
CMP-000556,Clermont,FL,3,2025-01,2940,15,synthetic
CMP-000557,Clermont,FL,3,2025-02,3035,13,synthetic
CMP-000558,Clermont,FL,3,2025-03,3040,19,synthetic
CMP-000559,Clermont,FL,3,2025-04,3105,10,synthetic
CMP-000560,Clermont,FL,3,2025-05,3230,16,synthetic
CMP-000561,Clermont,FL,3,2025-06,3230,13,synthetic
CMP-000562,Clermont,FL,3,2025-07,3180,17,synthetic
CMP-000563,Clermont,FL,3,2025-08,3230,23,synthetic
CMP-000564,Clermont,FL,3,2025-09,3140,27,synthetic
CMP-000565,Clermont,FL,3,2025-10,3100,17,synthetic
CMP-000566,Clermont,FL,3,2025-11,3020,12,synthetic
CMP-000567,Clermont,FL,3,2025-12,3000,22,synthetic
CMP-000568,Clermont,FL,3,2026-01,2980,20,synthetic
CMP-000569,Clermont,FL,3,2026-02,3090,24,synthetic
CMP-000570,Clermont,FL,3,2026-03,3290,26,synthetic
CMP-000571,Clermont,FL,3,2026-04,3335,26,synthetic
CMP-000572,Clermont,FL,3,2026-05,3235,27,synthetic
CMP-000573,Clermont,FL,3,2026-06,3415,13,synthetic
CMP-000574,Clermont,FL,3,2026-07,3355,13,synthetic
CMP-000575,Clermont,FL,3,2026-08,3380,27,synthetic
CMP-000576,Clermont,FL,3,2026-09,3205,14,synthetic
CMP-000577,Clermont,FL,4,2023-10,3080,15,synthetic
CMP-000578,Clermont,FL,4,2023-11,3105,26,synthetic
CMP-000579,Clermont,FL,4,2023-12,3065,21,synthetic
CMP-000580,Clermont,FL,4,2024-01,3135,13,synthetic
CMP-000581,Clermont,FL,4,2024-02,3145,27,synthetic
CMP-000582,Clermont,FL,4,2024-03,3260,17,synthetic
CMP-000583,Clermont,FL,4,2024-04,3310,13,synthetic
CMP-000584,Clermont,FL,4,2024-05,3355,21,synthetic
CMP-000585,Clermont,FL,4,2024-06,3380,31,synthetic
CMP-000586,Clermont,FL,4,2024-07,3340,25,synthetic
CMP-000587,Clermont,FL,4,2024-08,3260,12,synthetic
CMP-000588,Clermont,FL,4,2024-09,3340,23,synthetic
CMP-000589,Clermont,FL,4,2024-10,3210,12,synthetic
CMP-000590,Clermont,FL,4,2024-11,3205,28,synthetic
CMP-000591,Clermont,FL,4,2024-12,3140,24,synthetic
CMP-000592,Clermont,FL,4,2025-01,3185,22,synthetic
CMP-000593,Clermont,FL,4,2025-02,3265,14,synthetic
CMP-000594,Clermont,FL,4,2025-03,3295,15,synthetic
CMP-000595,Clermont,FL,4,2025-04,3320,28,synthetic
CMP-000596,Clermont,FL,4,2025-05,3470,26,synthetic
CMP-000597,Clermont,FL,4,2025-06,3425,12,synthetic
CMP-000598,Clermont,FL,4,2025-07,3400,26,synthetic
CMP-000599,Clermont,FL,4,2025-08,3345,28,synthetic
CMP-000600,Clermont,FL,4,2025-09,3395,30,synthetic
CMP-000601,Clermont,FL,4,2025-10,3250,21,synthetic
CMP-000602,Clermont,FL,4,2025-11,3250,28,synthetic
CMP-000603,Clermont,FL,4,2025-12,3300,30,synthetic
CMP-000604,Clermont,FL,4,2026-01,3295,20,synthetic
CMP-000605,Clermont,FL,4,2026-02,3385,13,synthetic
CMP-000606,Clermont,FL,4,2026-03,3435,24,synthetic
CMP-000607,Clermont,FL,4,2026-04,3620,22,synthetic
CMP-000608,Clermont,FL,4,2026-05,3605,20,synthetic
CMP-000609,Clermont,FL,4,2026-06,3470,18,synthetic
CMP-000610,Clermont,FL,4,2026-07,3580,20,synthetic
CMP-000611,Clermont,FL,4,2026-08,3585,12,synthetic
CMP-000612,Clermont,FL,4,2026-09,3440,26,synthetic
CMP-000613,Clermont,FL,5,2023-10,3550,34,synthetic
CMP-000614,Clermont,FL,5,2023-11,3520,20,synthetic
CMP-000615,Clermont,FL,5,2023-12,3540,18,synthetic
CMP-000616,Clermont,FL,5,2024-01,3500,18,synthetic
CMP-000617,Clermont,FL,5,2024-02,3630,41,synthetic
CMP-000618,Clermont,FL,5,2024-03,3670,20,synthetic
CMP-000619,Clermont,FL,5,2024-04,3750,18,synthetic
CMP-000620,Clermont,FL,5,2024-05,3735,30,synthetic
CMP-000621,Clermont,FL,5,2024-06,3870,42,synthetic
CMP-000622,Clermont,FL,5,2024-07,3835,31,synthetic
CMP-000623,Clermont,FL,5,2024-08,3800,39,synthetic
CMP-000624,Clermont,FL,5,2024-09,3725,44,synthetic
CMP-000625,Clermont,FL,5,2024-10,3600,32,synthetic
CMP-000626,Clermont,FL,5,2024-11,3680,22,synthetic
CMP-000627,Clermont,FL,5,2024-12,3555,45,synthetic
CMP-000628,Clermont,FL,5,2025-01,3650,32,synthetic
CMP-000629,Clermont,FL,5,2025-02,3730,26,synthetic
CMP-000630,Clermont,FL,5,2025-03,3740,31,synthetic
CMP-000631,Clermont,FL,5,2025-04,3940,28,synthetic
CMP-000632,Clermont,FL,5,2025-05,3955,37,synthetic
CMP-000633,Clermont,FL,5,2025-06,3950,34,synthetic
CMP-000634,Clermont,FL,5,2025-07,3920,20,synthetic
CMP-000635,Clermont,FL,5,2025-08,3955,42,synthetic
CMP-000636,Clermont,FL,5,2025-09,3885,31,synthetic
CMP-000637,Clermont,FL,5,2025-10,3785,19,synthetic
CMP-000638,Clermont,FL,5,2025-11,3815,45,synthetic
CMP-000639,Clermont,FL,5,2025-12,3665,43,synthetic
CMP-000640,Clermont,FL,5,2026-01,3870,37,synthetic
CMP-000641,Clermont,FL,5,2026-02,3825,20,synthetic
CMP-000642,Clermont,FL,5,2026-03,3795,24,synthetic
CMP-000643,Clermont,FL,5,2026-04,3895,23,synthetic
CMP-000644,Clermont,FL,5,2026-05,3950,35,synthetic
CMP-000645,Clermont,FL,5,2026-06,4080,34,synthetic
CMP-000646,Clermont,FL,5,2026-07,4210,35,synthetic
CMP-000647,Clermont,FL,5,2026-08,3995,32,synthetic
CMP-000648,Clermont,FL,5,2026-09,3930,41,synthetic
CMP-000649,Colorado Springs,CO,3,2023-10,2390,31,synthetic
CMP-000650,Colorado Springs,CO,3,2023-11,2340,28,synthetic
CMP-000651,Colorado Springs,CO,3,2023-12,2350,40,synthetic
CMP-000652,Colorado Springs,CO,3,2024-01,2360,37,synthetic
CMP-000653,Colorado Springs,CO,3,2024-02,2385,53,synthetic
CMP-000654,Colorado Springs,CO,3,2024-03,2480,51,synthetic
CMP-000655,Colorado Springs,CO,3,2024-04,2545,23,synthetic
CMP-000656,Colorado Springs,CO,3,2024-05,2510,30,synthetic
CMP-000657,Colorado Springs,CO,3,2024-06,2575,58,synthetic
CMP-000658,Colorado Springs,CO,3,2024-07,2550,30,synthetic
CMP-000659,Colorado Springs,CO,3,2024-08,2510,54,synthetic
CMP-000660,Colorado Springs,CO,3,2024-09,2540,33,synthetic
CMP-000661,Colorado Springs,CO,3,2024-10,2470,31,synthetic
CMP-000662,Colorado Springs,CO,3,2024-11,2390,34,synthetic
CMP-000663,Colorado Springs,CO,3,2024-12,2435,57,synthetic
CMP-000664,Colorado Springs,CO,3,2025-01,2430,50,synthetic
CMP-000665,Colorado Springs,CO,3,2025-02,2495,45,synthetic
CMP-000666,Colorado Springs,CO,3,2025-03,2530,26,synthetic
CMP-000667,Colorado Springs,CO,3,2025-04,2585,50,synthetic
CMP-000668,Colorado Springs,CO,3,2025-05,2640,56,synthetic
CMP-000669,Colorado Springs,CO,3,2025-06,2625,24,synthetic
CMP-000670,Colorado Springs,CO,3,2025-07,2695,59,synthetic
CMP-000671,Colorado Springs,CO,3,2025-08,2615,49,synthetic
CMP-000672,Colorado Springs,CO,3,2025-09,2555,26,synthetic
CMP-000673,Colorado Springs,CO,3,2025-10,2560,45,synthetic
CMP-000674,Colorado Springs,CO,3,2025-11,2505,23,synthetic
CMP-000675,Colorado Springs,CO,3,2025-12,2430,23,synthetic
CMP-000676,Colorado Springs,CO,3,2026-01,2485,25,synthetic
CMP-000677,Colorado Springs,CO,3,2026-02,2635,57,synthetic
CMP-000678,Colorado Springs,CO,3,2026-03,2595,45,synthetic
CMP-000679,Colorado Springs,CO,3,2026-04,2655,41,synthetic
CMP-000680,Colorado Springs,CO,3,2026-05,2685,33,synthetic
CMP-000681,Colorado Springs,CO,3,2026-06,2790,23,synthetic
CMP-000682,Colorado Springs,CO,3,2026-07,2620,27,synthetic
CMP-000683,Colorado Springs,CO,3,2026-08,2690,24,synthetic
CMP-000684,Colorado Springs,CO,3,2026-09,2730,32,synthetic
CMP-000685,Colorado Springs,CO,4,2023-10,2685,95,synthetic
CMP-000686,Colorado Springs,CO,4,2023-11,2640,50,synthetic
CMP-000687,Colorado Springs,CO,4,2023-12,2650,67,synthetic
CMP-000688,Colorado Springs,CO,4,2024-01,2610,95,synthetic
CMP-000689,Colorado Springs,CO,4,2024-02,2715,79,synthetic
CMP-000690,Colorado Springs,CO,4,2024-03,2715,68,synthetic
CMP-000691,Colorado Springs,CO,4,2024-04,2795,53,synthetic
CMP-000692,Colorado Springs,CO,4,2024-05,2830,102,synthetic
CMP-000693,Colorado Springs,CO,4,2024-06,2875,58,synthetic
CMP-000694,Colorado Springs,CO,4,2024-07,2885,88,synthetic
CMP-000695,Colorado Springs,CO,4,2024-08,2760,75,synthetic
CMP-000696,Colorado Springs,CO,4,2024-09,2790,77,synthetic
CMP-000697,Colorado Springs,CO,4,2024-10,2760,82,synthetic
CMP-000698,Colorado Springs,CO,4,2024-11,2705,104,synthetic
CMP-000699,Colorado Springs,CO,4,2024-12,2690,108,synthetic
CMP-000700,Colorado Springs,CO,4,2025-01,2730,77,synthetic
CMP-000701,Colorado Springs,CO,4,2025-02,2845,44,synthetic
CMP-000702,Colorado Springs,CO,4,2025-03,2855,56,synthetic
CMP-000703,Colorado Springs,CO,4,2025-04,2895,114,synthetic
CMP-000704,Colorado Springs,CO,4,2025-05,2910,44,synthetic
CMP-000705,Colorado Springs,CO,4,2025-06,2910,64,synthetic
CMP-000706,Colorado Springs,CO,4,2025-07,2920,71,synthetic
CMP-000707,Colorado Springs,CO,4,2025-08,2880,56,synthetic
CMP-000708,Colorado Springs,CO,4,2025-09,2920,110,synthetic
CMP-000709,Colorado Springs,CO,4,2025-10,2835,113,synthetic
CMP-000710,Colorado Springs,CO,4,2025-11,2800,45,synthetic
CMP-000711,Colorado Springs,CO,4,2025-12,2760,86,synthetic
CMP-000712,Colorado Springs,CO,4,2026-01,2775,115,synthetic
CMP-000713,Colorado Springs,CO,4,2026-02,2805,68,synthetic
CMP-000714,Colorado Springs,CO,4,2026-03,2980,79,synthetic
CMP-000715,Colorado Springs,CO,4,2026-04,2845,103,synthetic
CMP-000716,Colorado Springs,CO,4,2026-05,2980,108,synthetic
CMP-000717,Colorado Springs,CO,4,2026-06,3075,87,synthetic
CMP-000718,Colorado Springs,CO,4,2026-07,3050,43,synthetic
CMP-000719,Colorado Springs,CO,4,2026-08,3050,70,synthetic
CMP-000720,Colorado Springs,CO,4,2026-09,2905,79,synthetic
CMP-000721,Conroe,TX,5,2023-10,2115,136,synthetic
CMP-000722,Conroe,TX,5,2023-11,2080,146,synthetic
CMP-000723,Conroe,TX,5,2023-12,2050,136,synthetic
CMP-000724,Conroe,TX,5,2024-01,2075,129,synthetic
CMP-000725,Conroe,TX,5,2024-02,2095,120,synthetic
CMP-000726,Conroe,TX,5,2024-03,2145,108,synthetic
CMP-000727,Conroe,TX,5,2024-04,2190,146,synthetic
CMP-000728,Conroe,TX,5,2024-05,2230,168,synthetic
CMP-000729,Conroe,TX,5,2024-06,2240,131,synthetic
CMP-000730,Conroe,TX,5,2024-07,2230,145,synthetic
CMP-000731,Conroe,TX,5,2024-08,2255,148,synthetic
CMP-000732,Conroe,TX,5,2024-09,2200,82,synthetic
CMP-000733,Conroe,TX,5,2024-10,2215,175,synthetic
CMP-000734,Conroe,TX,5,2024-11,2145,147,synthetic
CMP-000735,Conroe,TX,5,2024-12,2180,101,synthetic
CMP-000736,Conroe,TX,5,2025-01,2150,165,synthetic
CMP-000737,Conroe,TX,5,2025-02,2225,117,synthetic
CMP-000738,Conroe,TX,5,2025-03,2215,145,synthetic
CMP-000739,Conroe,TX,5,2025-04,2250,131,synthetic
CMP-000740,Conroe,TX,5,2025-05,2290,66,synthetic
CMP-000741,Conroe,TX,5,2025-06,2315,74,synthetic
CMP-000742,Conroe,TX,5,2025-07,2280,151,synthetic
CMP-000743,Conroe,TX,5,2025-08,2290,146,synthetic
CMP-000744,Conroe,TX,5,2025-09,2240,94,synthetic
CMP-000745,Conroe,TX,5,2025-10,2220,157,synthetic
CMP-000746,Conroe,TX,5,2025-11,2210,163,synthetic
CMP-000747,Conroe,TX,5,2025-12,2225,153,synthetic
CMP-000748,Conroe,TX,5,2026-01,2180,107,synthetic
CMP-000749,Conroe,TX,5,2026-02,2220,155,synthetic
CMP-000750,Conroe,TX,5,2026-03,2265,84,synthetic
CMP-000751,Conroe,TX,5,2026-04,2425,77,synthetic
CMP-000752,Conroe,TX,5,2026-05,2420,96,synthetic
CMP-000753,Conroe,TX,5,2026-06,2445,157,synthetic
CMP-000754,Conroe,TX,5,2026-07,2410,112,synthetic
CMP-000755,Conroe,TX,5,2026-08,2405,90,synthetic
CMP-000756,Conroe,TX,5,2026-09,2300,127,synthetic
CMP-000757,Covington,GA,3,2023-10,2230,127,synthetic
CMP-000758,Covington,GA,3,2023-11,2165,94,synthetic
CMP-000759,Covington,GA,3,2023-12,2145,89,synthetic
CMP-000760,Covington,GA,3,2024-01,2175,128,synthetic
CMP-000761,Covington,GA,3,2024-02,2220,111,synthetic
CMP-000762,Covington,GA,3,2024-03,2280,75,synthetic
CMP-000763,Covington,GA,3,2024-04,2305,102,synthetic
CMP-000764,Covington,GA,3,2024-05,2360,104,synthetic
CMP-000765,Covington,GA,3,2024-06,2340,121,synthetic
CMP-000766,Covington,GA,3,2024-07,2375,125,synthetic
CMP-000767,Covington,GA,3,2024-08,2320,65,synthetic
CMP-000768,Covington,GA,3,2024-09,2300,111,synthetic
CMP-000769,Covington,GA,3,2024-10,2305,100,synthetic
CMP-000770,Covington,GA,3,2024-11,2255,93,synthetic
CMP-000771,Covington,GA,3,2024-12,2280,67,synthetic
CMP-000772,Covington,GA,3,2025-01,2210,84,synthetic
CMP-000773,Covington,GA,3,2025-02,2275,86,synthetic
CMP-000774,Covington,GA,3,2025-03,2325,72,synthetic
CMP-000775,Covington,GA,3,2025-04,2330,117,synthetic
CMP-000776,Covington,GA,3,2025-05,2350,112,synthetic
CMP-000777,Covington,GA,3,2025-06,2385,68,synthetic
CMP-000778,Covington,GA,3,2025-07,2440,96,synthetic
CMP-000779,Covington,GA,3,2025-08,2450,131,synthetic
CMP-000780,Covington,GA,3,2025-09,2390,50,synthetic
CMP-000781,Covington,GA,3,2025-10,2320,73,synthetic
CMP-000782,Covington,GA,3,2025-11,2265,84,synthetic
CMP-000783,Covington,GA,3,2025-12,2295,118,synthetic
CMP-000784,Covington,GA,3,2026-01,2405,93,synthetic
CMP-000785,Covington,GA,3,2026-02,2350,68,synthetic
CMP-000786,Covington,GA,3,2026-03,2415,72,synthetic
CMP-000787,Covington,GA,3,2026-04,2520,90,synthetic
CMP-000788,Covington,GA,3,2026-05,2470,76,synthetic
CMP-000789,Covington,GA,3,2026-06,2445,62,synthetic
CMP-000790,Covington,GA,3,2026-07,2500,54,synthetic
CMP-000791,Covington,GA,3,2026-08,2495,67,synthetic
CMP-000792,Covington,GA,3,2026-09,2425,77,synthetic
CMP-000793,Covington,GA,4,2023-10,2480,45,synthetic
CMP-000794,Covington,GA,4,2023-11,2480,55,synthetic
CMP-000795,Covington,GA,4,2023-12,2450,64,synthetic
CMP-000796,Covington,GA,4,2024-01,2475,99,synthetic
CMP-000797,Covington,GA,4,2024-02,2510,80,synthetic
CMP-000798,Covington,GA,4,2024-03,2555,96,synthetic
CMP-000799,Covington,GA,4,2024-04,2585,55,synthetic
CMP-000800,Covington,GA,4,2024-05,2610,47,synthetic
CMP-000801,Covington,GA,4,2024-06,2655,60,synthetic
CMP-000802,Covington,GA,4,2024-07,2685,98,synthetic
CMP-000803,Covington,GA,4,2024-08,2630,55,synthetic
CMP-000804,Covington,GA,4,2024-09,2540,80,synthetic
CMP-000805,Covington,GA,4,2024-10,2610,91,synthetic
CMP-000806,Covington,GA,4,2024-11,2510,66,synthetic
CMP-000807,Covington,GA,4,2024-12,2480,105,synthetic
CMP-000808,Covington,GA,4,2025-01,2555,53,synthetic
CMP-000809,Covington,GA,4,2025-02,2585,101,synthetic
CMP-000810,Covington,GA,4,2025-03,2625,103,synthetic
CMP-000811,Covington,GA,4,2025-04,2695,74,synthetic
CMP-000812,Covington,GA,4,2025-05,2695,93,synthetic
CMP-000813,Covington,GA,4,2025-06,2790,84,synthetic
CMP-000814,Covington,GA,4,2025-07,2775,77,synthetic
CMP-000815,Covington,GA,4,2025-08,2700,96,synthetic
CMP-000816,Covington,GA,4,2025-09,2640,60,synthetic
CMP-000817,Covington,GA,4,2025-10,2615,88,synthetic
CMP-000818,Covington,GA,4,2025-11,2550,105,synthetic
CMP-000819,Covington,GA,4,2025-12,2620,66,synthetic
CMP-000820,Covington,GA,4,2026-01,2620,72,synthetic
CMP-000821,Covington,GA,4,2026-02,2610,100,synthetic
CMP-000822,Covington,GA,4,2026-03,2740,72,synthetic
CMP-000823,Covington,GA,4,2026-04,2800,92,synthetic
CMP-000824,Covington,GA,4,2026-05,2760,80,synthetic
CMP-000825,Covington,GA,4,2026-06,2875,55,synthetic
CMP-000826,Covington,GA,4,2026-07,2825,87,synthetic
CMP-000827,Covington,GA,4,2026-08,2740,98,synthetic
CMP-000828,Covington,GA,4,2026-09,2775,104,synthetic
CMP-000829,Covington,GA,5,2023-10,2760,72,synthetic
CMP-000830,Covington,GA,5,2023-11,2725,38,synthetic
CMP-000831,Covington,GA,5,2023-12,2735,42,synthetic
CMP-000832,Covington,GA,5,2024-01,2710,68,synthetic
CMP-000833,Covington,GA,5,2024-02,2720,52,synthetic
CMP-000834,Covington,GA,5,2024-03,2825,61,synthetic
CMP-000835,Covington,GA,5,2024-04,2900,66,synthetic
CMP-000836,Covington,GA,5,2024-05,2875,58,synthetic
CMP-000837,Covington,GA,5,2024-06,2915,82,synthetic
CMP-000838,Covington,GA,5,2024-07,2910,68,synthetic
CMP-000839,Covington,GA,5,2024-08,2910,39,synthetic
CMP-000840,Covington,GA,5,2024-09,2880,95,synthetic
CMP-000841,Covington,GA,5,2024-10,2830,66,synthetic
CMP-000842,Covington,GA,5,2024-11,2745,82,synthetic
CMP-000843,Covington,GA,5,2024-12,2810,39,synthetic
CMP-000844,Covington,GA,5,2025-01,2800,41,synthetic
CMP-000845,Covington,GA,5,2025-02,2835,71,synthetic
CMP-000846,Covington,GA,5,2025-03,2905,54,synthetic
CMP-000847,Covington,GA,5,2025-04,2980,48,synthetic
CMP-000848,Covington,GA,5,2025-05,2945,81,synthetic
CMP-000849,Covington,GA,5,2025-06,2945,70,synthetic
CMP-000850,Covington,GA,5,2025-07,3030,68,synthetic
CMP-000851,Covington,GA,5,2025-08,3035,94,synthetic
CMP-000852,Covington,GA,5,2025-09,2990,86,synthetic
CMP-000853,Covington,GA,5,2025-10,2910,59,synthetic
CMP-000854,Covington,GA,5,2025-11,2850,74,synthetic
CMP-000855,Covington,GA,5,2025-12,2910,93,synthetic
CMP-000856,Covington,GA,5,2026-01,2785,50,synthetic
CMP-000857,Covington,GA,5,2026-02,2965,55,synthetic
CMP-000858,Covington,GA,5,2026-03,2925,78,synthetic
CMP-000859,Covington,GA,5,2026-04,3070,70,synthetic
CMP-000860,Covington,GA,5,2026-05,3070,57,synthetic
CMP-000861,Covington,GA,5,2026-06,3020,48,synthetic
CMP-000862,Covington,GA,5,2026-07,3175,62,synthetic
CMP-000863,Covington,GA,5,2026-08,3095,99,synthetic
CMP-000864,Covington,GA,5,2026-09,3030,37,synthetic
CMP-000865,Crandall,TX,1,2023-10,1315,31,synthetic
CMP-000866,Crandall,TX,1,2023-11,1280,13,synthetic
CMP-000867,Crandall,TX,1,2023-12,1275,18,synthetic
CMP-000868,Crandall,TX,1,2024-01,1290,26,synthetic
CMP-000869,Crandall,TX,1,2024-02,1310,12,synthetic
CMP-000870,Crandall,TX,1,2024-03,1345,12,synthetic
CMP-000871,Crandall,TX,1,2024-04,1370,17,synthetic
CMP-000872,Crandall,TX,1,2024-05,1375,12,synthetic
CMP-000873,Crandall,TX,1,2024-06,1430,31,synthetic
CMP-000874,Crandall,TX,1,2024-07,1435,17,synthetic
CMP-000875,Crandall,TX,1,2024-08,1380,14,synthetic
CMP-000876,Crandall,TX,1,2024-09,1380,14,synthetic
CMP-000877,Crandall,TX,1,2024-10,1355,26,synthetic
CMP-000878,Crandall,TX,1,2024-11,1335,22,synthetic
CMP-000879,Crandall,TX,1,2024-12,1340,25,synthetic
CMP-000880,Crandall,TX,1,2025-01,1360,14,synthetic
CMP-000881,Crandall,TX,1,2025-02,1350,31,synthetic
CMP-000882,Crandall,TX,1,2025-03,1390,16,synthetic
CMP-000883,Crandall,TX,1,2025-04,1425,15,synthetic
CMP-000884,Crandall,TX,1,2025-05,1415,15,synthetic
CMP-000885,Crandall,TX,1,2025-06,1470,30,synthetic
CMP-000886,Crandall,TX,1,2025-07,1475,18,synthetic
CMP-000887,Crandall,TX,1,2025-08,1470,28,synthetic
CMP-000888,Crandall,TX,1,2025-09,1410,28,synthetic
CMP-000889,Crandall,TX,1,2025-10,1415,20,synthetic
CMP-000890,Crandall,TX,1,2025-11,1405,18,synthetic
CMP-000891,Crandall,TX,1,2025-12,1350,16,synthetic
CMP-000892,Crandall,TX,1,2026-01,1400,30,synthetic
CMP-000893,Crandall,TX,1,2026-02,1370,25,synthetic
CMP-000894,Crandall,TX,1,2026-03,1425,28,synthetic
CMP-000895,Crandall,TX,1,2026-04,1475,18,synthetic
CMP-000896,Crandall,TX,1,2026-05,1540,25,synthetic
CMP-000897,Crandall,TX,1,2026-06,1510,30,synthetic
CMP-000898,Crandall,TX,1,2026-07,1480,29,synthetic
CMP-000899,Crandall,TX,1,2026-08,1430,23,synthetic
CMP-000900,Crandall,TX,1,2026-09,1470,29,synthetic
CMP-000901,Crandall,TX,2,2023-10,1405,23,synthetic
CMP-000902,Crandall,TX,2,2023-11,1390,22,synthetic
CMP-000903,Crandall,TX,2,2023-12,1410,17,synthetic
CMP-000904,Crandall,TX,2,2024-01,1380,22,synthetic
CMP-000905,Crandall,TX,2,2024-02,1445,23,synthetic
CMP-000906,Crandall,TX,2,2024-03,1465,15,synthetic
CMP-000907,Crandall,TX,2,2024-04,1495,12,synthetic
CMP-000908,Crandall,TX,2,2024-05,1530,18,synthetic
CMP-000909,Crandall,TX,2,2024-06,1505,13,synthetic
CMP-000910,Crandall,TX,2,2024-07,1540,16,synthetic
CMP-000911,Crandall,TX,2,2024-08,1495,23,synthetic
CMP-000912,Crandall,TX,2,2024-09,1465,14,synthetic
CMP-000913,Crandall,TX,2,2024-10,1460,13,synthetic
CMP-000914,Crandall,TX,2,2024-11,1420,10,synthetic
CMP-000915,Crandall,TX,2,2024-12,1450,12,synthetic
CMP-000916,Crandall,TX,2,2025-01,1440,22,synthetic
CMP-000917,Crandall,TX,2,2025-02,1495,21,synthetic
CMP-000918,Crandall,TX,2,2025-03,1460,23,synthetic
CMP-000919,Crandall,TX,2,2025-04,1485,14,synthetic
CMP-000920,Crandall,TX,2,2025-05,1585,10,synthetic
CMP-000921,Crandall,TX,2,2025-06,1565,15,synthetic
CMP-000922,Crandall,TX,2,2025-07,1600,15,synthetic
CMP-000923,Crandall,TX,2,2025-08,1545,23,synthetic
CMP-000924,Crandall,TX,2,2025-09,1520,16,synthetic
CMP-000925,Crandall,TX,2,2025-10,1530,20,synthetic
CMP-000926,Crandall,TX,2,2025-11,1495,9,synthetic
CMP-000927,Crandall,TX,2,2025-12,1435,20,synthetic
CMP-000928,Crandall,TX,2,2026-01,1460,13,synthetic
CMP-000929,Crandall,TX,2,2026-02,1495,16,synthetic
CMP-000930,Crandall,TX,2,2026-03,1550,13,synthetic
CMP-000931,Crandall,TX,2,2026-04,1625,15,synthetic
CMP-000932,Crandall,TX,2,2026-05,1555,11,synthetic
CMP-000933,Crandall,TX,2,2026-06,1565,17,synthetic
CMP-000934,Crandall,TX,2,2026-07,1620,9,synthetic
CMP-000935,Crandall,TX,2,2026-08,1560,12,synthetic
CMP-000936,Crandall,TX,2,2026-09,1615,21,synthetic
CMP-000937,Crandall,TX,3,2023-10,2095,41,synthetic
CMP-000938,Crandall,TX,3,2023-11,2085,37,synthetic
CMP-000939,Crandall,TX,3,2023-12,2085,61,synthetic
CMP-000940,Crandall,TX,3,2024-01,2070,73,synthetic
CMP-000941,Crandall,TX,3,2024-02,2095,30,synthetic
CMP-000942,Crandall,TX,3,2024-03,2150,75,synthetic
CMP-000943,Crandall,TX,3,2024-04,2195,33,synthetic
CMP-000944,Crandall,TX,3,2024-05,2210,41,synthetic
CMP-000945,Crandall,TX,3,2024-06,2265,69,synthetic
CMP-000946,Crandall,TX,3,2024-07,2235,54,synthetic
CMP-000947,Crandall,TX,3,2024-08,2225,67,synthetic
CMP-000948,Crandall,TX,3,2024-09,2175,52,synthetic
CMP-000949,Crandall,TX,3,2024-10,2165,64,synthetic
CMP-000950,Crandall,TX,3,2024-11,2125,49,synthetic
CMP-000951,Crandall,TX,3,2024-12,2075,59,synthetic
CMP-000952,Crandall,TX,3,2025-01,2145,37,synthetic
CMP-000953,Crandall,TX,3,2025-02,2195,47,synthetic
CMP-000954,Crandall,TX,3,2025-03,2280,46,synthetic
CMP-000955,Crandall,TX,3,2025-04,2285,55,synthetic
CMP-000956,Crandall,TX,3,2025-05,2290,47,synthetic
CMP-000957,Crandall,TX,3,2025-06,2325,50,synthetic
CMP-000958,Crandall,TX,3,2025-07,2330,58,synthetic
CMP-000959,Crandall,TX,3,2025-08,2275,46,synthetic
CMP-000960,Crandall,TX,3,2025-09,2200,36,synthetic
CMP-000961,Crandall,TX,3,2025-10,2195,31,synthetic
CMP-000962,Crandall,TX,3,2025-11,2165,34,synthetic
CMP-000963,Crandall,TX,3,2025-12,2235,39,synthetic
CMP-000964,Crandall,TX,3,2026-01,2235,77,synthetic
CMP-000965,Crandall,TX,3,2026-02,2260,61,synthetic
CMP-000966,Crandall,TX,3,2026-03,2340,68,synthetic
CMP-000967,Crandall,TX,3,2026-04,2345,66,synthetic
CMP-000968,Crandall,TX,3,2026-05,2325,59,synthetic
CMP-000969,Crandall,TX,3,2026-06,2420,64,synthetic
CMP-000970,Crandall,TX,3,2026-07,2395,31,synthetic
CMP-000971,Crandall,TX,3,2026-08,2295,44,synthetic
CMP-000972,Crandall,TX,3,2026-09,2305,66,synthetic
CMP-000973,Crandall,TX,4,2023-10,2355,20,synthetic
CMP-000974,Crandall,TX,4,2023-11,2285,28,synthetic
CMP-000975,Crandall,TX,4,2023-12,2285,40,synthetic
CMP-000976,Crandall,TX,4,2024-01,2310,30,synthetic
CMP-000977,Crandall,TX,4,2024-02,2370,38,synthetic
CMP-000978,Crandall,TX,4,2024-03,2420,43,synthetic
CMP-000979,Crandall,TX,4,2024-04,2470,39,synthetic
CMP-000980,Crandall,TX,4,2024-05,2490,37,synthetic
CMP-000981,Crandall,TX,4,2024-06,2490,46,synthetic
CMP-000982,Crandall,TX,4,2024-07,2505,32,synthetic
CMP-000983,Crandall,TX,4,2024-08,2480,46,synthetic
CMP-000984,Crandall,TX,4,2024-09,2485,47,synthetic
CMP-000985,Crandall,TX,4,2024-10,2420,28,synthetic
CMP-000986,Crandall,TX,4,2024-11,2445,26,synthetic
CMP-000987,Crandall,TX,4,2024-12,2340,18,synthetic
CMP-000988,Crandall,TX,4,2025-01,2425,19,synthetic
CMP-000989,Crandall,TX,4,2025-02,2450,18,synthetic
CMP-000990,Crandall,TX,4,2025-03,2490,47,synthetic
CMP-000991,Crandall,TX,4,2025-04,2555,25,synthetic
CMP-000992,Crandall,TX,4,2025-05,2555,20,synthetic
CMP-000993,Crandall,TX,4,2025-06,2560,29,synthetic
CMP-000994,Crandall,TX,4,2025-07,2520,35,synthetic
CMP-000995,Crandall,TX,4,2025-08,2480,31,synthetic
CMP-000996,Crandall,TX,4,2025-09,2515,36,synthetic
CMP-000997,Crandall,TX,4,2025-10,2510,38,synthetic
CMP-000998,Crandall,TX,4,2025-11,2400,37,synthetic
CMP-000999,Crandall,TX,4,2025-12,2500,29,synthetic
CMP-001000,Crandall,TX,4,2026-01,2470,33,synthetic
CMP-001001,Crandall,TX,4,2026-02,2450,30,synthetic
CMP-001002,Crandall,TX,4,2026-03,2505,22,synthetic
CMP-001003,Crandall,TX,4,2026-04,2595,25,synthetic
CMP-001004,Crandall,TX,4,2026-05,2715,39,synthetic
CMP-001005,Crandall,TX,4,2026-06,2620,24,synthetic
CMP-001006,Crandall,TX,4,2026-07,2650,28,synthetic
CMP-001007,Crandall,TX,4,2026-08,2655,36,synthetic
CMP-001008,Crandall,TX,4,2026-09,2680,26,synthetic
CMP-001009,Dallas,GA,4,2023-10,2640,109,synthetic
CMP-001010,Dallas,GA,4,2023-11,2635,202,synthetic
CMP-001011,Dallas,GA,4,2023-12,2615,195,synthetic
CMP-001012,Dallas,GA,4,2024-01,2630,143,synthetic
CMP-001013,Dallas,GA,4,2024-02,2730,83,synthetic
CMP-001014,Dallas,GA,4,2024-03,2770,189,synthetic
CMP-001015,Dallas,GA,4,2024-04,2825,92,synthetic
CMP-001016,Dallas,GA,4,2024-05,2895,119,synthetic
CMP-001017,Dallas,GA,4,2024-06,2855,131,synthetic
CMP-001018,Dallas,GA,4,2024-07,2825,108,synthetic
CMP-001019,Dallas,GA,4,2024-08,2835,144,synthetic
CMP-001020,Dallas,GA,4,2024-09,2775,199,synthetic
CMP-001021,Dallas,GA,4,2024-10,2745,211,synthetic
CMP-001022,Dallas,GA,4,2024-11,2715,142,synthetic
CMP-001023,Dallas,GA,4,2024-12,2675,94,synthetic
CMP-001024,Dallas,GA,4,2025-01,2790,86,synthetic
CMP-001025,Dallas,GA,4,2025-02,2780,182,synthetic
CMP-001026,Dallas,GA,4,2025-03,2855,90,synthetic
CMP-001027,Dallas,GA,4,2025-04,2920,125,synthetic
CMP-001028,Dallas,GA,4,2025-05,2925,206,synthetic
CMP-001029,Dallas,GA,4,2025-06,2930,97,synthetic
CMP-001030,Dallas,GA,4,2025-07,2910,85,synthetic
CMP-001031,Dallas,GA,4,2025-08,2975,122,synthetic
CMP-001032,Dallas,GA,4,2025-09,2920,96,synthetic
CMP-001033,Dallas,GA,4,2025-10,2845,139,synthetic
CMP-001034,Dallas,GA,4,2025-11,2835,132,synthetic
CMP-001035,Dallas,GA,4,2025-12,2715,196,synthetic
CMP-001036,Dallas,GA,4,2026-01,2820,158,synthetic
CMP-001037,Dallas,GA,4,2026-02,2880,160,synthetic
CMP-001038,Dallas,GA,4,2026-03,2890,202,synthetic
CMP-001039,Dallas,GA,4,2026-04,2960,131,synthetic
CMP-001040,Dallas,GA,4,2026-05,2980,203,synthetic
CMP-001041,Dallas,GA,4,2026-06,3075,190,synthetic
CMP-001042,Dallas,GA,4,2026-07,2945,182,synthetic
CMP-001043,Dallas,GA,4,2026-08,2980,108,synthetic
CMP-001044,Dallas,GA,4,2026-09,2925,202,synthetic
CMP-001045,Forney,TX,4,2023-10,2235,68,synthetic
CMP-001046,Forney,TX,4,2023-11,2245,52,synthetic
CMP-001047,Forney,TX,4,2023-12,2220,35,synthetic
CMP-001048,Forney,TX,4,2024-01,2240,66,synthetic
CMP-001049,Forney,TX,4,2024-02,2320,60,synthetic
CMP-001050,Forney,TX,4,2024-03,2380,68,synthetic
CMP-001051,Forney,TX,4,2024-04,2400,80,synthetic
CMP-001052,Forney,TX,4,2024-05,2420,56,synthetic
CMP-001053,Forney,TX,4,2024-06,2470,82,synthetic
CMP-001054,Forney,TX,4,2024-07,2445,57,synthetic
CMP-001055,Forney,TX,4,2024-08,2405,77,synthetic
CMP-001056,Forney,TX,4,2024-09,2355,68,synthetic
CMP-001057,Forney,TX,4,2024-10,2345,56,synthetic
CMP-001058,Forney,TX,4,2024-11,2300,55,synthetic
CMP-001059,Forney,TX,4,2024-12,2340,36,synthetic
CMP-001060,Forney,TX,4,2025-01,2305,66,synthetic
CMP-001061,Forney,TX,4,2025-02,2325,77,synthetic
CMP-001062,Forney,TX,4,2025-03,2440,50,synthetic
CMP-001063,Forney,TX,4,2025-04,2485,36,synthetic
CMP-001064,Forney,TX,4,2025-05,2550,43,synthetic
CMP-001065,Forney,TX,4,2025-06,2545,39,synthetic
CMP-001066,Forney,TX,4,2025-07,2450,80,synthetic
CMP-001067,Forney,TX,4,2025-08,2515,67,synthetic
CMP-001068,Forney,TX,4,2025-09,2485,37,synthetic
CMP-001069,Forney,TX,4,2025-10,2360,71,synthetic
CMP-001070,Forney,TX,4,2025-11,2400,40,synthetic
CMP-001071,Forney,TX,4,2025-12,2430,79,synthetic
CMP-001072,Forney,TX,4,2026-01,2365,40,synthetic
CMP-001073,Forney,TX,4,2026-02,2470,38,synthetic
CMP-001074,Forney,TX,4,2026-03,2465,76,synthetic
CMP-001075,Forney,TX,4,2026-04,2450,68,synthetic
CMP-001076,Forney,TX,4,2026-05,2610,75,synthetic
CMP-001077,Forney,TX,4,2026-06,2560,84,synthetic
CMP-001078,Forney,TX,4,2026-07,2550,70,synthetic
CMP-001079,Forney,TX,4,2026-08,2540,64,synthetic
CMP-001080,Forney,TX,4,2026-09,2540,51,synthetic
CMP-001081,Fort Myers,FL,3,2023-10,2045,134,synthetic
CMP-001082,Fort Myers,FL,3,2023-11,2045,202,synthetic
CMP-001083,Fort Myers,FL,3,2023-12,2020,199,synthetic
CMP-001084,Fort Myers,FL,3,2024-01,2025,120,synthetic
CMP-001085,Fort Myers,FL,3,2024-02,2055,211,synthetic
CMP-001086,Fort Myers,FL,3,2024-03,2110,277,synthetic
CMP-001087,Fort Myers,FL,3,2024-04,2175,242,synthetic
CMP-001088,Fort Myers,FL,3,2024-05,2215,126,synthetic
CMP-001089,Fort Myers,FL,3,2024-06,2200,153,synthetic
CMP-001090,Fort Myers,FL,3,2024-07,2215,184,synthetic
CMP-001091,Fort Myers,FL,3,2024-08,2145,254,synthetic
CMP-001092,Fort Myers,FL,3,2024-09,2190,152,synthetic
CMP-001093,Fort Myers,FL,3,2024-10,2150,249,synthetic
CMP-001094,Fort Myers,FL,3,2024-11,2115,151,synthetic
CMP-001095,Fort Myers,FL,3,2024-12,2085,127,synthetic
CMP-001096,Fort Myers,FL,3,2025-01,2095,171,synthetic
CMP-001097,Fort Myers,FL,3,2025-02,2105,181,synthetic
CMP-001098,Fort Myers,FL,3,2025-03,2170,146,synthetic
CMP-001099,Fort Myers,FL,3,2025-04,2240,185,synthetic
CMP-001100,Fort Myers,FL,3,2025-05,2245,274,synthetic
CMP-001101,Fort Myers,FL,3,2025-06,2300,217,synthetic
CMP-001102,Fort Myers,FL,3,2025-07,2210,264,synthetic
CMP-001103,Fort Myers,FL,3,2025-08,2180,157,synthetic
CMP-001104,Fort Myers,FL,3,2025-09,2250,227,synthetic
CMP-001105,Fort Myers,FL,3,2025-10,2160,118,synthetic
CMP-001106,Fort Myers,FL,3,2025-11,2160,194,synthetic
CMP-001107,Fort Myers,FL,3,2025-12,2115,237,synthetic
CMP-001108,Fort Myers,FL,3,2026-01,2200,151,synthetic
CMP-001109,Fort Myers,FL,3,2026-02,2185,217,synthetic
CMP-001110,Fort Myers,FL,3,2026-03,2225,181,synthetic
CMP-001111,Fort Myers,FL,3,2026-04,2290,249,synthetic
CMP-001112,Fort Myers,FL,3,2026-05,2375,177,synthetic
CMP-001113,Fort Myers,FL,3,2026-06,2295,244,synthetic
CMP-001114,Fort Myers,FL,3,2026-07,2320,222,synthetic
CMP-001115,Fort Myers,FL,3,2026-08,2335,231,synthetic
CMP-001116,Fort Myers,FL,3,2026-09,2235,145,synthetic
CMP-001117,Fort Worth,TX,3,2023-10,2195,98,synthetic
CMP-001118,Fort Worth,TX,3,2023-11,2145,127,synthetic
CMP-001119,Fort Worth,TX,3,2023-12,2155,99,synthetic
CMP-001120,Fort Worth,TX,3,2024-01,2210,108,synthetic
CMP-001121,Fort Worth,TX,3,2024-02,2205,63,synthetic
CMP-001122,Fort Worth,TX,3,2024-03,2285,117,synthetic
CMP-001123,Fort Worth,TX,3,2024-04,2290,113,synthetic
CMP-001124,Fort Worth,TX,3,2024-05,2360,117,synthetic
CMP-001125,Fort Worth,TX,3,2024-06,2340,49,synthetic
CMP-001126,Fort Worth,TX,3,2024-07,2360,126,synthetic
CMP-001127,Fort Worth,TX,3,2024-08,2335,123,synthetic
CMP-001128,Fort Worth,TX,3,2024-09,2285,68,synthetic
CMP-001129,Fort Worth,TX,3,2024-10,2280,54,synthetic
CMP-001130,Fort Worth,TX,3,2024-11,2260,69,synthetic
CMP-001131,Fort Worth,TX,3,2024-12,2235,82,synthetic
CMP-001132,Fort Worth,TX,3,2025-01,2235,126,synthetic
CMP-001133,Fort Worth,TX,3,2025-02,2255,65,synthetic
CMP-001134,Fort Worth,TX,3,2025-03,2340,58,synthetic
CMP-001135,Fort Worth,TX,3,2025-04,2410,51,synthetic
CMP-001136,Fort Worth,TX,3,2025-05,2430,124,synthetic
CMP-001137,Fort Worth,TX,3,2025-06,2450,76,synthetic
CMP-001138,Fort Worth,TX,3,2025-07,2465,71,synthetic
CMP-001139,Fort Worth,TX,3,2025-08,2380,57,synthetic
CMP-001140,Fort Worth,TX,3,2025-09,2355,96,synthetic
CMP-001141,Fort Worth,TX,3,2025-10,2375,67,synthetic
CMP-001142,Fort Worth,TX,3,2025-11,2315,105,synthetic
CMP-001143,Fort Worth,TX,3,2025-12,2330,126,synthetic
CMP-001144,Fort Worth,TX,3,2026-01,2390,62,synthetic
CMP-001145,Fort Worth,TX,3,2026-02,2350,60,synthetic
CMP-001146,Fort Worth,TX,3,2026-03,2485,64,synthetic
CMP-001147,Fort Worth,TX,3,2026-04,2405,124,synthetic
CMP-001148,Fort Worth,TX,3,2026-05,2595,88,synthetic
CMP-001149,Fort Worth,TX,3,2026-06,2430,82,synthetic
CMP-001150,Fort Worth,TX,3,2026-07,2470,60,synthetic
CMP-001151,Fort Worth,TX,3,2026-08,2405,91,synthetic
CMP-001152,Fort Worth,TX,3,2026-09,2485,101,synthetic
CMP-001153,Fort Worth,TX,4,2023-10,2425,121,synthetic
CMP-001154,Fort Worth,TX,4,2023-11,2430,63,synthetic
CMP-001155,Fort Worth,TX,4,2023-12,2430,127,synthetic
CMP-001156,Fort Worth,TX,4,2024-01,2390,55,synthetic
CMP-001157,Fort Worth,TX,4,2024-02,2440,92,synthetic
CMP-001158,Fort Worth,TX,4,2024-03,2545,70,synthetic
CMP-001159,Fort Worth,TX,4,2024-04,2580,56,synthetic
CMP-001160,Fort Worth,TX,4,2024-05,2640,123,synthetic
CMP-001161,Fort Worth,TX,4,2024-06,2610,71,synthetic
CMP-001162,Fort Worth,TX,4,2024-07,2560,128,synthetic
CMP-001163,Fort Worth,TX,4,2024-08,2605,76,synthetic
CMP-001164,Fort Worth,TX,4,2024-09,2530,143,synthetic
CMP-001165,Fort Worth,TX,4,2024-10,2490,132,synthetic
CMP-001166,Fort Worth,TX,4,2024-11,2480,103,synthetic
CMP-001167,Fort Worth,TX,4,2024-12,2500,69,synthetic
CMP-001168,Fort Worth,TX,4,2025-01,2530,60,synthetic
CMP-001169,Fort Worth,TX,4,2025-02,2550,87,synthetic
CMP-001170,Fort Worth,TX,4,2025-03,2640,117,synthetic
CMP-001171,Fort Worth,TX,4,2025-04,2635,100,synthetic
CMP-001172,Fort Worth,TX,4,2025-05,2645,106,synthetic
CMP-001173,Fort Worth,TX,4,2025-06,2625,77,synthetic
CMP-001174,Fort Worth,TX,4,2025-07,2735,137,synthetic
CMP-001175,Fort Worth,TX,4,2025-08,2685,108,synthetic
CMP-001176,Fort Worth,TX,4,2025-09,2640,60,synthetic
CMP-001177,Fort Worth,TX,4,2025-10,2515,93,synthetic
CMP-001178,Fort Worth,TX,4,2025-11,2570,134,synthetic
CMP-001179,Fort Worth,TX,4,2025-12,2540,115,synthetic
CMP-001180,Fort Worth,TX,4,2026-01,2585,131,synthetic
CMP-001181,Fort Worth,TX,4,2026-02,2650,82,synthetic
CMP-001182,Fort Worth,TX,4,2026-03,2715,140,synthetic
CMP-001183,Fort Worth,TX,4,2026-04,2730,88,synthetic
CMP-001184,Fort Worth,TX,4,2026-05,2800,120,synthetic
CMP-001185,Fort Worth,TX,4,2026-06,2800,142,synthetic
CMP-001186,Fort Worth,TX,4,2026-07,2750,76,synthetic
CMP-001187,Fort Worth,TX,4,2026-08,2720,103,synthetic
CMP-001188,Fort Worth,TX,4,2026-09,2610,76,synthetic
CMP-001189,Gibsonton,FL,3,2023-10,2365,21,synthetic
CMP-001190,Gibsonton,FL,3,2023-11,2300,21,synthetic
CMP-001191,Gibsonton,FL,3,2023-12,2335,26,synthetic
CMP-001192,Gibsonton,FL,3,2024-01,2295,27,synthetic
CMP-001193,Gibsonton,FL,3,2024-02,2340,24,synthetic
CMP-001194,Gibsonton,FL,3,2024-03,2390,11,synthetic
CMP-001195,Gibsonton,FL,3,2024-04,2430,24,synthetic
CMP-001196,Gibsonton,FL,3,2024-05,2485,14,synthetic
CMP-001197,Gibsonton,FL,3,2024-06,2530,12,synthetic
CMP-001198,Gibsonton,FL,3,2024-07,2475,11,synthetic
CMP-001199,Gibsonton,FL,3,2024-08,2460,23,synthetic
CMP-001200,Gibsonton,FL,3,2024-09,2455,27,synthetic
CMP-001201,Gibsonton,FL,3,2024-10,2415,21,synthetic
CMP-001202,Gibsonton,FL,3,2024-11,2405,11,synthetic
CMP-001203,Gibsonton,FL,3,2024-12,2310,20,synthetic
CMP-001204,Gibsonton,FL,3,2025-01,2415,20,synthetic
CMP-001205,Gibsonton,FL,3,2025-02,2405,21,synthetic
CMP-001206,Gibsonton,FL,3,2025-03,2455,15,synthetic
CMP-001207,Gibsonton,FL,3,2025-04,2585,15,synthetic
CMP-001208,Gibsonton,FL,3,2025-05,2555,26,synthetic
CMP-001209,Gibsonton,FL,3,2025-06,2575,15,synthetic
CMP-001210,Gibsonton,FL,3,2025-07,2625,17,synthetic
CMP-001211,Gibsonton,FL,3,2025-08,2605,24,synthetic
CMP-001212,Gibsonton,FL,3,2025-09,2515,14,synthetic
CMP-001213,Gibsonton,FL,3,2025-10,2505,17,synthetic
CMP-001214,Gibsonton,FL,3,2025-11,2510,26,synthetic
CMP-001215,Gibsonton,FL,3,2025-12,2465,12,synthetic
CMP-001216,Gibsonton,FL,3,2026-01,2490,11,synthetic
CMP-001217,Gibsonton,FL,3,2026-02,2545,11,synthetic
CMP-001218,Gibsonton,FL,3,2026-03,2540,21,synthetic
CMP-001219,Gibsonton,FL,3,2026-04,2665,26,synthetic
CMP-001220,Gibsonton,FL,3,2026-05,2620,16,synthetic
CMP-001221,Gibsonton,FL,3,2026-06,2600,25,synthetic
CMP-001222,Gibsonton,FL,3,2026-07,2695,18,synthetic
CMP-001223,Gibsonton,FL,3,2026-08,2695,15,synthetic
CMP-001224,Gibsonton,FL,3,2026-09,2605,13,synthetic
CMP-001225,Gibsonton,FL,4,2023-10,2685,16,synthetic
CMP-001226,Gibsonton,FL,4,2023-11,2670,28,synthetic
CMP-001227,Gibsonton,FL,4,2023-12,2675,38,synthetic
CMP-001228,Gibsonton,FL,4,2024-01,2710,23,synthetic
CMP-001229,Gibsonton,FL,4,2024-02,2715,15,synthetic
CMP-001230,Gibsonton,FL,4,2024-03,2770,37,synthetic
CMP-001231,Gibsonton,FL,4,2024-04,2900,37,synthetic
CMP-001232,Gibsonton,FL,4,2024-05,2895,20,synthetic
CMP-001233,Gibsonton,FL,4,2024-06,2960,22,synthetic
CMP-001234,Gibsonton,FL,4,2024-07,2920,19,synthetic
CMP-001235,Gibsonton,FL,4,2024-08,2890,20,synthetic
CMP-001236,Gibsonton,FL,4,2024-09,2855,33,synthetic
CMP-001237,Gibsonton,FL,4,2024-10,2810,38,synthetic
CMP-001238,Gibsonton,FL,4,2024-11,2770,37,synthetic
CMP-001239,Gibsonton,FL,4,2024-12,2780,38,synthetic
CMP-001240,Gibsonton,FL,4,2025-01,2795,21,synthetic
CMP-001241,Gibsonton,FL,4,2025-02,2865,24,synthetic
CMP-001242,Gibsonton,FL,4,2025-03,2890,37,synthetic
CMP-001243,Gibsonton,FL,4,2025-04,2955,32,synthetic
CMP-001244,Gibsonton,FL,4,2025-05,3040,37,synthetic
CMP-001245,Gibsonton,FL,4,2025-06,2980,25,synthetic
CMP-001246,Gibsonton,FL,4,2025-07,3000,17,synthetic
CMP-001247,Gibsonton,FL,4,2025-08,3020,26,synthetic
CMP-001248,Gibsonton,FL,4,2025-09,2960,25,synthetic
CMP-001249,Gibsonton,FL,4,2025-10,2920,34,synthetic
CMP-001250,Gibsonton,FL,4,2025-11,2830,19,synthetic
CMP-001251,Gibsonton,FL,4,2025-12,2820,27,synthetic
CMP-001252,Gibsonton,FL,4,2026-01,2890,35,synthetic
CMP-001253,Gibsonton,FL,4,2026-02,2830,29,synthetic
CMP-001254,Gibsonton,FL,4,2026-03,3010,38,synthetic
CMP-001255,Gibsonton,FL,4,2026-04,3015,34,synthetic
CMP-001256,Gibsonton,FL,4,2026-05,3100,33,synthetic
CMP-001257,Gibsonton,FL,4,2026-06,3100,34,synthetic
CMP-001258,Gibsonton,FL,4,2026-07,3040,28,synthetic
CMP-001259,Gibsonton,FL,4,2026-08,3175,22,synthetic
CMP-001260,Gibsonton,FL,4,2026-09,2905,30,synthetic
CMP-001261,Gibsonton,FL,5,2023-10,2895,14,synthetic
CMP-001262,Gibsonton,FL,5,2023-11,2890,12,synthetic
CMP-001263,Gibsonton,FL,5,2023-12,2930,15,synthetic
CMP-001264,Gibsonton,FL,5,2024-01,2955,14,synthetic
CMP-001265,Gibsonton,FL,5,2024-02,2920,20,synthetic
CMP-001266,Gibsonton,FL,5,2024-03,3045,17,synthetic
CMP-001267,Gibsonton,FL,5,2024-04,3085,19,synthetic
CMP-001268,Gibsonton,FL,5,2024-05,3105,15,synthetic
CMP-001269,Gibsonton,FL,5,2024-06,3155,11,synthetic
CMP-001270,Gibsonton,FL,5,2024-07,3170,12,synthetic
CMP-001271,Gibsonton,FL,5,2024-08,3085,17,synthetic
CMP-001272,Gibsonton,FL,5,2024-09,3085,16,synthetic
CMP-001273,Gibsonton,FL,5,2024-10,3005,14,synthetic
CMP-001274,Gibsonton,FL,5,2024-11,3015,14,synthetic
CMP-001275,Gibsonton,FL,5,2024-12,3015,23,synthetic
CMP-001276,Gibsonton,FL,5,2025-01,2985,20,synthetic
CMP-001277,Gibsonton,FL,5,2025-02,3085,17,synthetic
CMP-001278,Gibsonton,FL,5,2025-03,3090,12,synthetic
CMP-001279,Gibsonton,FL,5,2025-04,3160,14,synthetic
CMP-001280,Gibsonton,FL,5,2025-05,3245,19,synthetic
CMP-001281,Gibsonton,FL,5,2025-06,3265,16,synthetic
CMP-001282,Gibsonton,FL,5,2025-07,3270,13,synthetic
CMP-001283,Gibsonton,FL,5,2025-08,3105,17,synthetic
CMP-001284,Gibsonton,FL,5,2025-09,3105,11,synthetic
CMP-001285,Gibsonton,FL,5,2025-10,3165,22,synthetic
CMP-001286,Gibsonton,FL,5,2025-11,3115,9,synthetic
CMP-001287,Gibsonton,FL,5,2025-12,2970,10,synthetic
CMP-001288,Gibsonton,FL,5,2026-01,3030,12,synthetic
CMP-001289,Gibsonton,FL,5,2026-02,3140,14,synthetic
CMP-001290,Gibsonton,FL,5,2026-03,3270,15,synthetic
CMP-001291,Gibsonton,FL,5,2026-04,3240,16,synthetic
CMP-001292,Gibsonton,FL,5,2026-05,3325,21,synthetic
CMP-001293,Gibsonton,FL,5,2026-06,3245,17,synthetic
CMP-001294,Gibsonton,FL,5,2026-07,3255,22,synthetic
CMP-001295,Gibsonton,FL,5,2026-08,3215,22,synthetic
CMP-001296,Gibsonton,FL,5,2026-09,3320,18,synthetic
CMP-001297,Gibsonton,FL,6,2023-10,3295,27,synthetic
CMP-001298,Gibsonton,FL,6,2023-11,3310,25,synthetic
CMP-001299,Gibsonton,FL,6,2023-12,3295,27,synthetic
CMP-001300,Gibsonton,FL,6,2024-01,3280,28,synthetic
CMP-001301,Gibsonton,FL,6,2024-02,3325,20,synthetic
CMP-001302,Gibsonton,FL,6,2024-03,3460,40,synthetic
CMP-001303,Gibsonton,FL,6,2024-04,3495,31,synthetic
CMP-001304,Gibsonton,FL,6,2024-05,3590,31,synthetic
CMP-001305,Gibsonton,FL,6,2024-06,3590,24,synthetic
CMP-001306,Gibsonton,FL,6,2024-07,3535,35,synthetic
CMP-001307,Gibsonton,FL,6,2024-08,3485,37,synthetic
CMP-001308,Gibsonton,FL,6,2024-09,3460,18,synthetic
CMP-001309,Gibsonton,FL,6,2024-10,3380,34,synthetic
CMP-001310,Gibsonton,FL,6,2024-11,3395,18,synthetic
CMP-001311,Gibsonton,FL,6,2024-12,3435,42,synthetic
CMP-001312,Gibsonton,FL,6,2025-01,3315,33,synthetic
CMP-001313,Gibsonton,FL,6,2025-02,3530,25,synthetic
CMP-001314,Gibsonton,FL,6,2025-03,3465,18,synthetic
CMP-001315,Gibsonton,FL,6,2025-04,3535,25,synthetic
CMP-001316,Gibsonton,FL,6,2025-05,3625,16,synthetic
CMP-001317,Gibsonton,FL,6,2025-06,3735,17,synthetic
CMP-001318,Gibsonton,FL,6,2025-07,3670,36,synthetic
CMP-001319,Gibsonton,FL,6,2025-08,3695,30,synthetic
CMP-001320,Gibsonton,FL,6,2025-09,3580,31,synthetic
CMP-001321,Gibsonton,FL,6,2025-10,3635,28,synthetic
CMP-001322,Gibsonton,FL,6,2025-11,3555,38,synthetic
CMP-001323,Gibsonton,FL,6,2025-12,3560,39,synthetic
CMP-001324,Gibsonton,FL,6,2026-01,3430,19,synthetic
CMP-001325,Gibsonton,FL,6,2026-02,3630,34,synthetic
CMP-001326,Gibsonton,FL,6,2026-03,3705,30,synthetic
CMP-001327,Gibsonton,FL,6,2026-04,3735,31,synthetic
CMP-001328,Gibsonton,FL,6,2026-05,3780,29,synthetic
CMP-001329,Gibsonton,FL,6,2026-06,3705,26,synthetic
CMP-001330,Gibsonton,FL,6,2026-07,3850,27,synthetic
CMP-001331,Gibsonton,FL,6,2026-08,3645,26,synthetic
CMP-001332,Gibsonton,FL,6,2026-09,3590,34,synthetic
CMP-001333,Gilbert,AZ,3,2023-10,2330,125,synthetic
CMP-001334,Gilbert,AZ,3,2023-11,2355,67,synthetic
CMP-001335,Gilbert,AZ,3,2023-12,2335,91,synthetic
CMP-001336,Gilbert,AZ,3,2024-01,2365,127,synthetic
CMP-001337,Gilbert,AZ,3,2024-02,2395,73,synthetic
CMP-001338,Gilbert,AZ,3,2024-03,2455,63,synthetic
CMP-001339,Gilbert,AZ,3,2024-04,2430,99,synthetic
CMP-001340,Gilbert,AZ,3,2024-05,2500,100,synthetic
CMP-001341,Gilbert,AZ,3,2024-06,2520,62,synthetic
CMP-001342,Gilbert,AZ,3,2024-07,2540,51,synthetic
CMP-001343,Gilbert,AZ,3,2024-08,2495,117,synthetic
CMP-001344,Gilbert,AZ,3,2024-09,2465,51,synthetic
CMP-001345,Gilbert,AZ,3,2024-10,2435,59,synthetic
CMP-001346,Gilbert,AZ,3,2024-11,2420,61,synthetic
CMP-001347,Gilbert,AZ,3,2024-12,2365,78,synthetic
CMP-001348,Gilbert,AZ,3,2025-01,2425,114,synthetic
CMP-001349,Gilbert,AZ,3,2025-02,2410,85,synthetic
CMP-001350,Gilbert,AZ,3,2025-03,2505,119,synthetic
CMP-001351,Gilbert,AZ,3,2025-04,2570,100,synthetic
CMP-001352,Gilbert,AZ,3,2025-05,2585,90,synthetic
CMP-001353,Gilbert,AZ,3,2025-06,2625,104,synthetic
CMP-001354,Gilbert,AZ,3,2025-07,2635,63,synthetic
CMP-001355,Gilbert,AZ,3,2025-08,2510,120,synthetic
CMP-001356,Gilbert,AZ,3,2025-09,2530,88,synthetic
CMP-001357,Gilbert,AZ,3,2025-10,2455,74,synthetic
CMP-001358,Gilbert,AZ,3,2025-11,2510,119,synthetic
CMP-001359,Gilbert,AZ,3,2025-12,2435,49,synthetic
CMP-001360,Gilbert,AZ,3,2026-01,2495,76,synthetic
CMP-001361,Gilbert,AZ,3,2026-02,2490,54,synthetic
CMP-001362,Gilbert,AZ,3,2026-03,2525,83,synthetic
CMP-001363,Gilbert,AZ,3,2026-04,2685,118,synthetic
CMP-001364,Gilbert,AZ,3,2026-05,2620,78,synthetic
CMP-001365,Gilbert,AZ,3,2026-06,2655,68,synthetic
CMP-001366,Gilbert,AZ,3,2026-07,2675,57,synthetic
CMP-001367,Gilbert,AZ,3,2026-08,2635,59,synthetic
CMP-001368,Gilbert,AZ,3,2026-09,2550,93,synthetic
CMP-001369,Gilbert,AZ,4,2023-10,2675,121,synthetic
CMP-001370,Gilbert,AZ,4,2023-11,2630,115,synthetic
CMP-001371,Gilbert,AZ,4,2023-12,2625,70,synthetic
CMP-001372,Gilbert,AZ,4,2024-01,2610,142,synthetic
CMP-001373,Gilbert,AZ,4,2024-02,2700,66,synthetic
CMP-001374,Gilbert,AZ,4,2024-03,2750,100,synthetic
CMP-001375,Gilbert,AZ,4,2024-04,2770,97,synthetic
CMP-001376,Gilbert,AZ,4,2024-05,2870,131,synthetic
CMP-001377,Gilbert,AZ,4,2024-06,2835,99,synthetic
CMP-001378,Gilbert,AZ,4,2024-07,2830,131,synthetic
CMP-001379,Gilbert,AZ,4,2024-08,2850,120,synthetic
CMP-001380,Gilbert,AZ,4,2024-09,2780,139,synthetic
CMP-001381,Gilbert,AZ,4,2024-10,2755,67,synthetic
CMP-001382,Gilbert,AZ,4,2024-11,2705,143,synthetic
CMP-001383,Gilbert,AZ,4,2024-12,2725,138,synthetic
CMP-001384,Gilbert,AZ,4,2025-01,2740,95,synthetic
CMP-001385,Gilbert,AZ,4,2025-02,2785,107,synthetic
CMP-001386,Gilbert,AZ,4,2025-03,2785,84,synthetic
CMP-001387,Gilbert,AZ,4,2025-04,2875,132,synthetic
CMP-001388,Gilbert,AZ,4,2025-05,2915,59,synthetic
CMP-001389,Gilbert,AZ,4,2025-06,2955,142,synthetic
CMP-001390,Gilbert,AZ,4,2025-07,2960,60,synthetic
CMP-001391,Gilbert,AZ,4,2025-08,2900,101,synthetic
CMP-001392,Gilbert,AZ,4,2025-09,2905,83,synthetic
CMP-001393,Gilbert,AZ,4,2025-10,2875,99,synthetic
CMP-001394,Gilbert,AZ,4,2025-11,2755,136,synthetic
CMP-001395,Gilbert,AZ,4,2025-12,2850,138,synthetic
CMP-001396,Gilbert,AZ,4,2026-01,2745,104,synthetic
CMP-001397,Gilbert,AZ,4,2026-02,2785,127,synthetic
CMP-001398,Gilbert,AZ,4,2026-03,2880,69,synthetic
CMP-001399,Gilbert,AZ,4,2026-04,2990,71,synthetic
CMP-001400,Gilbert,AZ,4,2026-05,3070,121,synthetic
CMP-001401,Gilbert,AZ,4,2026-06,3060,77,synthetic
CMP-001402,Gilbert,AZ,4,2026-07,2935,78,synthetic
CMP-001403,Gilbert,AZ,4,2026-08,3005,86,synthetic
CMP-001404,Gilbert,AZ,4,2026-09,2900,72,synthetic
CMP-001405,Haines City,FL,4,2023-10,2090,165,synthetic
CMP-001406,Haines City,FL,4,2023-11,2015,193,synthetic
CMP-001407,Haines City,FL,4,2023-12,2010,89,synthetic
CMP-001408,Haines City,FL,4,2024-01,2025,135,synthetic
CMP-001409,Haines City,FL,4,2024-02,2050,90,synthetic
CMP-001410,Haines City,FL,4,2024-03,2085,180,synthetic
CMP-001411,Haines City,FL,4,2024-04,2155,201,synthetic
CMP-001412,Haines City,FL,4,2024-05,2225,148,synthetic
CMP-001413,Haines City,FL,4,2024-06,2225,192,synthetic
CMP-001414,Haines City,FL,4,2024-07,2180,98,synthetic
CMP-001415,Haines City,FL,4,2024-08,2205,116,synthetic
CMP-001416,Haines City,FL,4,2024-09,2135,101,synthetic
CMP-001417,Haines City,FL,4,2024-10,2120,198,synthetic
CMP-001418,Haines City,FL,4,2024-11,2100,88,synthetic
CMP-001419,Haines City,FL,4,2024-12,2070,202,synthetic
CMP-001420,Haines City,FL,4,2025-01,2105,133,synthetic
CMP-001421,Haines City,FL,4,2025-02,2170,205,synthetic
CMP-001422,Haines City,FL,4,2025-03,2190,107,synthetic
CMP-001423,Haines City,FL,4,2025-04,2225,189,synthetic
CMP-001424,Haines City,FL,4,2025-05,2240,92,synthetic
CMP-001425,Haines City,FL,4,2025-06,2300,124,synthetic
CMP-001426,Haines City,FL,4,2025-07,2320,90,synthetic
CMP-001427,Haines City,FL,4,2025-08,2315,208,synthetic
CMP-001428,Haines City,FL,4,2025-09,2300,81,synthetic
CMP-001429,Haines City,FL,4,2025-10,2185,135,synthetic
CMP-001430,Haines City,FL,4,2025-11,2140,153,synthetic
CMP-001431,Haines City,FL,4,2025-12,2150,120,synthetic
CMP-001432,Haines City,FL,4,2026-01,2130,161,synthetic
CMP-001433,Haines City,FL,4,2026-02,2265,135,synthetic
CMP-001434,Haines City,FL,4,2026-03,2185,100,synthetic
CMP-001435,Haines City,FL,4,2026-04,2260,118,synthetic
CMP-001436,Haines City,FL,4,2026-05,2350,204,synthetic
CMP-001437,Haines City,FL,4,2026-06,2410,165,synthetic
CMP-001438,Haines City,FL,4,2026-07,2380,204,synthetic
CMP-001439,Haines City,FL,4,2026-08,2370,193,synthetic
CMP-001440,Haines City,FL,4,2026-09,2270,98,synthetic
CMP-001441,Haw River,NC,4,2023-10,2675,62,synthetic
CMP-001442,Haw River,NC,4,2023-11,2650,41,synthetic
CMP-001443,Haw River,NC,4,2023-12,2630,31,synthetic
CMP-001444,Haw River,NC,4,2024-01,2725,74,synthetic
CMP-001445,Haw River,NC,4,2024-02,2725,34,synthetic
CMP-001446,Haw River,NC,4,2024-03,2805,37,synthetic
CMP-001447,Haw River,NC,4,2024-04,2890,47,synthetic
CMP-001448,Haw River,NC,4,2024-05,2890,47,synthetic
CMP-001449,Haw River,NC,4,2024-06,2860,29,synthetic
CMP-001450,Haw River,NC,4,2024-07,2845,41,synthetic
CMP-001451,Haw River,NC,4,2024-08,2885,71,synthetic
CMP-001452,Haw River,NC,4,2024-09,2795,71,synthetic
CMP-001453,Haw River,NC,4,2024-10,2800,47,synthetic
CMP-001454,Haw River,NC,4,2024-11,2815,72,synthetic
CMP-001455,Haw River,NC,4,2024-12,2785,74,synthetic
CMP-001456,Haw River,NC,4,2025-01,2775,59,synthetic
CMP-001457,Haw River,NC,4,2025-02,2790,57,synthetic
CMP-001458,Haw River,NC,4,2025-03,2865,37,synthetic
CMP-001459,Haw River,NC,4,2025-04,2940,68,synthetic
CMP-001460,Haw River,NC,4,2025-05,2980,29,synthetic
CMP-001461,Haw River,NC,4,2025-06,3030,64,synthetic
CMP-001462,Haw River,NC,4,2025-07,2975,32,synthetic
CMP-001463,Haw River,NC,4,2025-08,3015,66,synthetic
CMP-001464,Haw River,NC,4,2025-09,2880,51,synthetic
CMP-001465,Haw River,NC,4,2025-10,2825,60,synthetic
CMP-001466,Haw River,NC,4,2025-11,2845,73,synthetic
CMP-001467,Haw River,NC,4,2025-12,2830,46,synthetic
CMP-001468,Haw River,NC,4,2026-01,2895,61,synthetic
CMP-001469,Haw River,NC,4,2026-02,2845,43,synthetic
CMP-001470,Haw River,NC,4,2026-03,2925,69,synthetic
CMP-001471,Haw River,NC,4,2026-04,3020,50,synthetic
CMP-001472,Haw River,NC,4,2026-05,2995,55,synthetic
CMP-001473,Haw River,NC,4,2026-06,3095,41,synthetic
CMP-001474,Haw River,NC,4,2026-07,3025,46,synthetic
CMP-001475,Haw River,NC,4,2026-08,3075,52,synthetic
CMP-001476,Haw River,NC,4,2026-09,2965,49,synthetic
CMP-001477,Haw River,NC,5,2023-10,3020,54,synthetic
CMP-001478,Haw River,NC,5,2023-11,2985,74,synthetic
CMP-001479,Haw River,NC,5,2023-12,3015,80,synthetic
CMP-001480,Haw River,NC,5,2024-01,2960,98,synthetic
CMP-001481,Haw River,NC,5,2024-02,2995,90,synthetic
CMP-001482,Haw River,NC,5,2024-03,3125,57,synthetic
CMP-001483,Haw River,NC,5,2024-04,3120,95,synthetic
CMP-001484,Haw River,NC,5,2024-05,3175,42,synthetic
CMP-001485,Haw River,NC,5,2024-06,3225,62,synthetic
CMP-001486,Haw River,NC,5,2024-07,3235,72,synthetic
CMP-001487,Haw River,NC,5,2024-08,3195,85,synthetic
CMP-001488,Haw River,NC,5,2024-09,3195,86,synthetic
CMP-001489,Haw River,NC,5,2024-10,3075,95,synthetic
CMP-001490,Haw River,NC,5,2024-11,3040,48,synthetic
CMP-001491,Haw River,NC,5,2024-12,2995,80,synthetic
CMP-001492,Haw River,NC,5,2025-01,3100,59,synthetic
CMP-001493,Haw River,NC,5,2025-02,3190,85,synthetic
CMP-001494,Haw River,NC,5,2025-03,3170,38,synthetic
CMP-001495,Haw River,NC,5,2025-04,3225,57,synthetic
CMP-001496,Haw River,NC,5,2025-05,3255,69,synthetic
CMP-001497,Haw River,NC,5,2025-06,3360,80,synthetic
CMP-001498,Haw River,NC,5,2025-07,3290,94,synthetic
CMP-001499,Haw River,NC,5,2025-08,3375,63,synthetic
CMP-001500,Haw River,NC,5,2025-09,3280,60,synthetic
CMP-001501,Haw River,NC,5,2025-10,3110,40,synthetic
CMP-001502,Haw River,NC,5,2025-11,3165,47,synthetic
CMP-001503,Haw River,NC,5,2025-12,3195,63,synthetic
CMP-001504,Haw River,NC,5,2026-01,3220,53,synthetic
CMP-001505,Haw River,NC,5,2026-02,3140,78,synthetic
CMP-001506,Haw River,NC,5,2026-03,3285,46,synthetic
CMP-001507,Haw River,NC,5,2026-04,3285,91,synthetic
CMP-001508,Haw River,NC,5,2026-05,3330,64,synthetic
CMP-001509,Haw River,NC,5,2026-06,3505,39,synthetic
CMP-001510,Haw River,NC,5,2026-07,3375,63,synthetic
CMP-001511,Haw River,NC,5,2026-08,3440,59,synthetic
CMP-001512,Haw River,NC,5,2026-09,3360,76,synthetic
CMP-001513,Hockley,TX,3,2023-10,1980,49,synthetic
CMP-001514,Hockley,TX,3,2023-11,1930,19,synthetic
CMP-001515,Hockley,TX,3,2023-12,1960,33,synthetic
CMP-001516,Hockley,TX,3,2024-01,1945,40,synthetic
CMP-001517,Hockley,TX,3,2024-02,2010,51,synthetic
CMP-001518,Hockley,TX,3,2024-03,1995,44,synthetic
CMP-001519,Hockley,TX,3,2024-04,2060,27,synthetic
CMP-001520,Hockley,TX,3,2024-05,2095,25,synthetic
CMP-001521,Hockley,TX,3,2024-06,2145,51,synthetic
CMP-001522,Hockley,TX,3,2024-07,2085,36,synthetic
CMP-001523,Hockley,TX,3,2024-08,2050,40,synthetic
CMP-001524,Hockley,TX,3,2024-09,2055,40,synthetic
CMP-001525,Hockley,TX,3,2024-10,1995,35,synthetic
CMP-001526,Hockley,TX,3,2024-11,1985,21,synthetic
CMP-001527,Hockley,TX,3,2024-12,2005,45,synthetic
CMP-001528,Hockley,TX,3,2025-01,2025,24,synthetic
CMP-001529,Hockley,TX,3,2025-02,2015,51,synthetic
CMP-001530,Hockley,TX,3,2025-03,2105,32,synthetic
CMP-001531,Hockley,TX,3,2025-04,2115,44,synthetic
CMP-001532,Hockley,TX,3,2025-05,2165,50,synthetic
CMP-001533,Hockley,TX,3,2025-06,2175,27,synthetic
CMP-001534,Hockley,TX,3,2025-07,2165,38,synthetic
CMP-001535,Hockley,TX,3,2025-08,2225,48,synthetic
CMP-001536,Hockley,TX,3,2025-09,2085,47,synthetic
CMP-001537,Hockley,TX,3,2025-10,2085,20,synthetic
CMP-001538,Hockley,TX,3,2025-11,2095,31,synthetic
CMP-001539,Hockley,TX,3,2025-12,2060,31,synthetic
CMP-001540,Hockley,TX,3,2026-01,2155,19,synthetic
CMP-001541,Hockley,TX,3,2026-02,2095,37,synthetic
CMP-001542,Hockley,TX,3,2026-03,2170,27,synthetic
CMP-001543,Hockley,TX,3,2026-04,2215,49,synthetic
CMP-001544,Hockley,TX,3,2026-05,2290,51,synthetic
CMP-001545,Hockley,TX,3,2026-06,2245,27,synthetic
CMP-001546,Hockley,TX,3,2026-07,2225,47,synthetic
CMP-001547,Hockley,TX,3,2026-08,2175,43,synthetic
CMP-001548,Hockley,TX,3,2026-09,2210,39,synthetic
CMP-001549,Hockley,TX,4,2023-10,2260,41,synthetic
CMP-001550,Hockley,TX,4,2023-11,2230,49,synthetic
CMP-001551,Hockley,TX,4,2023-12,2205,55,synthetic
CMP-001552,Hockley,TX,4,2024-01,2250,53,synthetic
CMP-001553,Hockley,TX,4,2024-02,2240,41,synthetic
CMP-001554,Hockley,TX,4,2024-03,2320,21,synthetic
CMP-001555,Hockley,TX,4,2024-04,2370,40,synthetic
CMP-001556,Hockley,TX,4,2024-05,2410,26,synthetic
CMP-001557,Hockley,TX,4,2024-06,2395,32,synthetic
CMP-001558,Hockley,TX,4,2024-07,2420,37,synthetic
CMP-001559,Hockley,TX,4,2024-08,2410,37,synthetic
CMP-001560,Hockley,TX,4,2024-09,2300,49,synthetic
CMP-001561,Hockley,TX,4,2024-10,2275,38,synthetic
CMP-001562,Hockley,TX,4,2024-11,2275,53,synthetic
CMP-001563,Hockley,TX,4,2024-12,2305,33,synthetic
CMP-001564,Hockley,TX,4,2025-01,2300,39,synthetic
CMP-001565,Hockley,TX,4,2025-02,2335,37,synthetic
CMP-001566,Hockley,TX,4,2025-03,2385,29,synthetic
CMP-001567,Hockley,TX,4,2025-04,2450,39,synthetic
CMP-001568,Hockley,TX,4,2025-05,2460,48,synthetic
CMP-001569,Hockley,TX,4,2025-06,2480,25,synthetic
CMP-001570,Hockley,TX,4,2025-07,2500,41,synthetic
CMP-001571,Hockley,TX,4,2025-08,2450,30,synthetic
CMP-001572,Hockley,TX,4,2025-09,2415,26,synthetic
CMP-001573,Hockley,TX,4,2025-10,2370,33,synthetic
CMP-001574,Hockley,TX,4,2025-11,2295,50,synthetic
CMP-001575,Hockley,TX,4,2025-12,2355,23,synthetic
CMP-001576,Hockley,TX,4,2026-01,2360,39,synthetic
CMP-001577,Hockley,TX,4,2026-02,2415,34,synthetic
CMP-001578,Hockley,TX,4,2026-03,2535,46,synthetic
CMP-001579,Hockley,TX,4,2026-04,2555,21,synthetic
CMP-001580,Hockley,TX,4,2026-05,2500,52,synthetic
CMP-001581,Hockley,TX,4,2026-06,2480,22,synthetic
CMP-001582,Hockley,TX,4,2026-07,2645,42,synthetic
CMP-001583,Hockley,TX,4,2026-08,2490,40,synthetic
CMP-001584,Hockley,TX,4,2026-09,2490,53,synthetic
CMP-001585,Holly Springs,GA,4,2023-10,2565,80,synthetic
CMP-001586,Holly Springs,GA,4,2023-11,2600,61,synthetic
CMP-001587,Holly Springs,GA,4,2023-12,2555,95,synthetic
CMP-001588,Holly Springs,GA,4,2024-01,2565,52,synthetic
CMP-001589,Holly Springs,GA,4,2024-02,2610,77,synthetic
CMP-001590,Holly Springs,GA,4,2024-03,2650,99,synthetic
CMP-001591,Holly Springs,GA,4,2024-04,2745,92,synthetic
CMP-001592,Holly Springs,GA,4,2024-05,2745,103,synthetic
CMP-001593,Holly Springs,GA,4,2024-06,2775,75,synthetic
CMP-001594,Holly Springs,GA,4,2024-07,2735,51,synthetic
CMP-001595,Holly Springs,GA,4,2024-08,2735,75,synthetic
CMP-001596,Holly Springs,GA,4,2024-09,2750,102,synthetic
CMP-001597,Holly Springs,GA,4,2024-10,2675,106,synthetic
CMP-001598,Holly Springs,GA,4,2024-11,2620,49,synthetic
CMP-001599,Holly Springs,GA,4,2024-12,2640,70,synthetic
CMP-001600,Holly Springs,GA,4,2025-01,2685,80,synthetic
CMP-001601,Holly Springs,GA,4,2025-02,2690,80,synthetic
CMP-001602,Holly Springs,GA,4,2025-03,2760,108,synthetic
CMP-001603,Holly Springs,GA,4,2025-04,2825,67,synthetic
CMP-001604,Holly Springs,GA,4,2025-05,2850,106,synthetic
CMP-001605,Holly Springs,GA,4,2025-06,2895,74,synthetic
CMP-001606,Holly Springs,GA,4,2025-07,2850,106,synthetic
CMP-001607,Holly Springs,GA,4,2025-08,2880,57,synthetic
CMP-001608,Holly Springs,GA,4,2025-09,2755,100,synthetic
CMP-001609,Holly Springs,GA,4,2025-10,2710,66,synthetic
CMP-001610,Holly Springs,GA,4,2025-11,2720,112,synthetic
CMP-001611,Holly Springs,GA,4,2025-12,2710,84,synthetic
CMP-001612,Holly Springs,GA,4,2026-01,2785,68,synthetic
CMP-001613,Holly Springs,GA,4,2026-02,2780,81,synthetic
CMP-001614,Holly Springs,GA,4,2026-03,2820,110,synthetic
CMP-001615,Holly Springs,GA,4,2026-04,2860,75,synthetic
CMP-001616,Holly Springs,GA,4,2026-05,2915,103,synthetic
CMP-001617,Holly Springs,GA,4,2026-06,3085,51,synthetic
CMP-001618,Holly Springs,GA,4,2026-07,3015,87,synthetic
CMP-001619,Holly Springs,GA,4,2026-08,2905,102,synthetic
CMP-001620,Holly Springs,GA,4,2026-09,2895,75,synthetic
CMP-001621,Holly Springs,GA,5,2023-10,2895,65,synthetic
CMP-001622,Holly Springs,GA,5,2023-11,2900,78,synthetic
CMP-001623,Holly Springs,GA,5,2023-12,2905,57,synthetic
CMP-001624,Holly Springs,GA,5,2024-01,2910,63,synthetic
CMP-001625,Holly Springs,GA,5,2024-02,2980,71,synthetic
CMP-001626,Holly Springs,GA,5,2024-03,2980,72,synthetic
CMP-001627,Holly Springs,GA,5,2024-04,3095,37,synthetic
CMP-001628,Holly Springs,GA,5,2024-05,3065,42,synthetic
CMP-001629,Holly Springs,GA,5,2024-06,3130,40,synthetic
CMP-001630,Holly Springs,GA,5,2024-07,3085,42,synthetic
CMP-001631,Holly Springs,GA,5,2024-08,3120,71,synthetic
CMP-001632,Holly Springs,GA,5,2024-09,3075,73,synthetic
CMP-001633,Holly Springs,GA,5,2024-10,3045,47,synthetic
CMP-001634,Holly Springs,GA,5,2024-11,2960,66,synthetic
CMP-001635,Holly Springs,GA,5,2024-12,2990,82,synthetic
CMP-001636,Holly Springs,GA,5,2025-01,2945,43,synthetic
CMP-001637,Holly Springs,GA,5,2025-02,3020,49,synthetic
CMP-001638,Holly Springs,GA,5,2025-03,3115,75,synthetic
CMP-001639,Holly Springs,GA,5,2025-04,3125,65,synthetic
CMP-001640,Holly Springs,GA,5,2025-05,3220,64,synthetic
CMP-001641,Holly Springs,GA,5,2025-06,3335,79,synthetic
CMP-001642,Holly Springs,GA,5,2025-07,3165,35,synthetic
CMP-001643,Holly Springs,GA,5,2025-08,3125,78,synthetic
CMP-001644,Holly Springs,GA,5,2025-09,3120,67,synthetic
CMP-001645,Holly Springs,GA,5,2025-10,3160,34,synthetic
CMP-001646,Holly Springs,GA,5,2025-11,3020,38,synthetic
CMP-001647,Holly Springs,GA,5,2025-12,3085,34,synthetic
CMP-001648,Holly Springs,GA,5,2026-01,3045,48,synthetic
CMP-001649,Holly Springs,GA,5,2026-02,3070,37,synthetic
CMP-001650,Holly Springs,GA,5,2026-03,3210,42,synthetic
CMP-001651,Holly Springs,GA,5,2026-04,3190,80,synthetic
CMP-001652,Holly Springs,GA,5,2026-05,3335,67,synthetic
CMP-001653,Holly Springs,GA,5,2026-06,3275,37,synthetic
CMP-001654,Holly Springs,GA,5,2026-07,3310,76,synthetic
CMP-001655,Holly Springs,GA,5,2026-08,3290,61,synthetic
CMP-001656,Holly Springs,GA,5,2026-09,3275,48,synthetic
CMP-001657,Houston,TX,3,2023-10,2765,102,synthetic
CMP-001658,Houston,TX,3,2023-11,2735,104,synthetic
CMP-001659,Houston,TX,3,2023-12,2740,108,synthetic
CMP-001660,Houston,TX,3,2024-01,2770,65,synthetic
CMP-001661,Houston,TX,3,2024-02,2800,69,synthetic
CMP-001662,Houston,TX,3,2024-03,2895,106,synthetic
CMP-001663,Houston,TX,3,2024-04,2890,112,synthetic
CMP-001664,Houston,TX,3,2024-05,2985,93,synthetic
CMP-001665,Houston,TX,3,2024-06,3010,68,synthetic
CMP-001666,Houston,TX,3,2024-07,2960,85,synthetic
CMP-001667,Houston,TX,3,2024-08,2995,64,synthetic
CMP-001668,Houston,TX,3,2024-09,2920,108,synthetic
CMP-001669,Houston,TX,3,2024-10,2870,107,synthetic
CMP-001670,Houston,TX,3,2024-11,2825,55,synthetic
CMP-001671,Houston,TX,3,2024-12,2835,94,synthetic
CMP-001672,Houston,TX,3,2025-01,2930,49,synthetic
CMP-001673,Houston,TX,3,2025-02,2915,76,synthetic
CMP-001674,Houston,TX,3,2025-03,2915,63,synthetic
CMP-001675,Houston,TX,3,2025-04,3085,76,synthetic
CMP-001676,Houston,TX,3,2025-05,3085,99,synthetic
CMP-001677,Houston,TX,3,2025-06,3065,71,synthetic
CMP-001678,Houston,TX,3,2025-07,3050,58,synthetic
CMP-001679,Houston,TX,3,2025-08,3055,93,synthetic
CMP-001680,Houston,TX,3,2025-09,3030,49,synthetic
CMP-001681,Houston,TX,3,2025-10,2940,105,synthetic
CMP-001682,Houston,TX,3,2025-11,2935,84,synthetic
CMP-001683,Houston,TX,3,2025-12,2860,119,synthetic
CMP-001684,Houston,TX,3,2026-01,3030,51,synthetic
CMP-001685,Houston,TX,3,2026-02,2890,53,synthetic
CMP-001686,Houston,TX,3,2026-03,3100,85,synthetic
CMP-001687,Houston,TX,3,2026-04,3135,101,synthetic
CMP-001688,Houston,TX,3,2026-05,3100,62,synthetic
CMP-001689,Houston,TX,3,2026-06,3270,98,synthetic
CMP-001690,Houston,TX,3,2026-07,3110,104,synthetic
CMP-001691,Houston,TX,3,2026-08,3215,62,synthetic
CMP-001692,Houston,TX,3,2026-09,3105,117,synthetic
CMP-001693,Jacksonville,FL,3,2023-10,2500,289,synthetic
CMP-001694,Jacksonville,FL,3,2023-11,2425,328,synthetic
CMP-001695,Jacksonville,FL,3,2023-12,2465,337,synthetic
CMP-001696,Jacksonville,FL,3,2024-01,2470,356,synthetic
CMP-001697,Jacksonville,FL,3,2024-02,2470,330,synthetic
CMP-001698,Jacksonville,FL,3,2024-03,2590,360,synthetic
CMP-001699,Jacksonville,FL,3,2024-04,2605,282,synthetic
CMP-001700,Jacksonville,FL,3,2024-05,2660,211,synthetic
CMP-001701,Jacksonville,FL,3,2024-06,2685,388,synthetic
CMP-001702,Jacksonville,FL,3,2024-07,2665,346,synthetic
CMP-001703,Jacksonville,FL,3,2024-08,2675,413,synthetic
CMP-001704,Jacksonville,FL,3,2024-09,2620,305,synthetic
CMP-001705,Jacksonville,FL,3,2024-10,2540,216,synthetic
CMP-001706,Jacksonville,FL,3,2024-11,2470,205,synthetic
CMP-001707,Jacksonville,FL,3,2024-12,2485,233,synthetic
CMP-001708,Jacksonville,FL,3,2025-01,2555,176,synthetic
CMP-001709,Jacksonville,FL,3,2025-02,2555,254,synthetic
CMP-001710,Jacksonville,FL,3,2025-03,2660,359,synthetic
CMP-001711,Jacksonville,FL,3,2025-04,2680,304,synthetic
CMP-001712,Jacksonville,FL,3,2025-05,2750,176,synthetic
CMP-001713,Jacksonville,FL,3,2025-06,2780,293,synthetic
CMP-001714,Jacksonville,FL,3,2025-07,2705,323,synthetic
CMP-001715,Jacksonville,FL,3,2025-08,2730,183,synthetic
CMP-001716,Jacksonville,FL,3,2025-09,2755,175,synthetic
CMP-001717,Jacksonville,FL,3,2025-10,2670,245,synthetic
CMP-001718,Jacksonville,FL,3,2025-11,2645,183,synthetic
CMP-001719,Jacksonville,FL,3,2025-12,2525,281,synthetic
CMP-001720,Jacksonville,FL,3,2026-01,2615,364,synthetic
CMP-001721,Jacksonville,FL,3,2026-02,2680,282,synthetic
CMP-001722,Jacksonville,FL,3,2026-03,2685,387,synthetic
CMP-001723,Jacksonville,FL,3,2026-04,2845,207,synthetic
CMP-001724,Jacksonville,FL,3,2026-05,2885,423,synthetic
CMP-001725,Jacksonville,FL,3,2026-06,2845,333,synthetic
CMP-001726,Jacksonville,FL,3,2026-07,2855,322,synthetic
CMP-001727,Jacksonville,FL,3,2026-08,2800,205,synthetic
CMP-001728,Jacksonville,FL,3,2026-09,2860,370,synthetic
CMP-001729,Jacksonville,FL,4,2023-10,2905,193,synthetic
CMP-001730,Jacksonville,FL,4,2023-11,2925,238,synthetic
CMP-001731,Jacksonville,FL,4,2023-12,2905,205,synthetic
CMP-001732,Jacksonville,FL,4,2024-01,2855,150,synthetic
CMP-001733,Jacksonville,FL,4,2024-02,2970,216,synthetic
CMP-001734,Jacksonville,FL,4,2024-03,3050,250,synthetic
CMP-001735,Jacksonville,FL,4,2024-04,3055,107,synthetic
CMP-001736,Jacksonville,FL,4,2024-05,3085,133,synthetic
CMP-001737,Jacksonville,FL,4,2024-06,3090,195,synthetic
CMP-001738,Jacksonville,FL,4,2024-07,3170,251,synthetic
CMP-001739,Jacksonville,FL,4,2024-08,3130,137,synthetic
CMP-001740,Jacksonville,FL,4,2024-09,3005,154,synthetic
CMP-001741,Jacksonville,FL,4,2024-10,3020,133,synthetic
CMP-001742,Jacksonville,FL,4,2024-11,2925,271,synthetic
CMP-001743,Jacksonville,FL,4,2024-12,2905,126,synthetic
CMP-001744,Jacksonville,FL,4,2025-01,3020,161,synthetic
CMP-001745,Jacksonville,FL,4,2025-02,3055,244,synthetic
CMP-001746,Jacksonville,FL,4,2025-03,3045,107,synthetic
CMP-001747,Jacksonville,FL,4,2025-04,3135,139,synthetic
CMP-001748,Jacksonville,FL,4,2025-05,3115,224,synthetic
CMP-001749,Jacksonville,FL,4,2025-06,3195,225,synthetic
CMP-001750,Jacksonville,FL,4,2025-07,3270,213,synthetic
CMP-001751,Jacksonville,FL,4,2025-08,3180,160,synthetic
CMP-001752,Jacksonville,FL,4,2025-09,3130,256,synthetic
CMP-001753,Jacksonville,FL,4,2025-10,3155,221,synthetic
CMP-001754,Jacksonville,FL,4,2025-11,3055,195,synthetic
CMP-001755,Jacksonville,FL,4,2025-12,3090,142,synthetic
CMP-001756,Jacksonville,FL,4,2026-01,3080,147,synthetic
CMP-001757,Jacksonville,FL,4,2026-02,3130,185,synthetic
CMP-001758,Jacksonville,FL,4,2026-03,3215,168,synthetic
CMP-001759,Jacksonville,FL,4,2026-04,3340,266,synthetic
CMP-001760,Jacksonville,FL,4,2026-05,3340,238,synthetic
CMP-001761,Jacksonville,FL,4,2026-06,3355,129,synthetic
CMP-001762,Jacksonville,FL,4,2026-07,3430,139,synthetic
CMP-001763,Jacksonville,FL,4,2026-08,3250,158,synthetic
CMP-001764,Jacksonville,FL,4,2026-09,3140,208,synthetic
CMP-001765,Jacksonville,FL,5,2023-10,2630,21,synthetic
CMP-001766,Jacksonville,FL,5,2023-11,2595,49,synthetic
CMP-001767,Jacksonville,FL,5,2023-12,2605,24,synthetic
CMP-001768,Jacksonville,FL,5,2024-01,2550,50,synthetic
CMP-001769,Jacksonville,FL,5,2024-02,2610,35,synthetic
CMP-001770,Jacksonville,FL,5,2024-03,2705,45,synthetic
CMP-001771,Jacksonville,FL,5,2024-04,2745,35,synthetic
CMP-001772,Jacksonville,FL,5,2024-05,2780,26,synthetic
CMP-001773,Jacksonville,FL,5,2024-06,2830,28,synthetic
CMP-001774,Jacksonville,FL,5,2024-07,2800,47,synthetic
CMP-001775,Jacksonville,FL,5,2024-08,2815,26,synthetic
CMP-001776,Jacksonville,FL,5,2024-09,2745,20,synthetic
CMP-001777,Jacksonville,FL,5,2024-10,2720,19,synthetic
CMP-001778,Jacksonville,FL,5,2024-11,2635,40,synthetic
CMP-001779,Jacksonville,FL,5,2024-12,2585,21,synthetic
CMP-001780,Jacksonville,FL,5,2025-01,2710,29,synthetic
CMP-001781,Jacksonville,FL,5,2025-02,2725,30,synthetic
CMP-001782,Jacksonville,FL,5,2025-03,2795,38,synthetic
CMP-001783,Jacksonville,FL,5,2025-04,2830,37,synthetic
CMP-001784,Jacksonville,FL,5,2025-05,2875,29,synthetic
CMP-001785,Jacksonville,FL,5,2025-06,2965,29,synthetic
CMP-001786,Jacksonville,FL,5,2025-07,2970,30,synthetic
CMP-001787,Jacksonville,FL,5,2025-08,2825,25,synthetic
CMP-001788,Jacksonville,FL,5,2025-09,2740,26,synthetic
CMP-001789,Jacksonville,FL,5,2025-10,2745,43,synthetic
CMP-001790,Jacksonville,FL,5,2025-11,2710,29,synthetic
CMP-001791,Jacksonville,FL,5,2025-12,2705,40,synthetic
CMP-001792,Jacksonville,FL,5,2026-01,2735,44,synthetic
CMP-001793,Jacksonville,FL,5,2026-02,2770,36,synthetic
CMP-001794,Jacksonville,FL,5,2026-03,2825,29,synthetic
CMP-001795,Jacksonville,FL,5,2026-04,2870,40,synthetic
CMP-001796,Jacksonville,FL,5,2026-05,2960,26,synthetic
CMP-001797,Jacksonville,FL,5,2026-06,2970,27,synthetic
CMP-001798,Jacksonville,FL,5,2026-07,2865,33,synthetic
CMP-001799,Jacksonville,FL,5,2026-08,2915,36,synthetic
CMP-001800,Jacksonville,FL,5,2026-09,2915,27,synthetic
CMP-001801,Kissimmee,FL,3,2023-10,2450,30,synthetic
CMP-001802,Kissimmee,FL,3,2023-11,2435,54,synthetic
CMP-001803,Kissimmee,FL,3,2023-12,2390,34,synthetic
CMP-001804,Kissimmee,FL,3,2024-01,2390,37,synthetic
CMP-001805,Kissimmee,FL,3,2024-02,2435,51,synthetic
CMP-001806,Kissimmee,FL,3,2024-03,2500,45,synthetic
CMP-001807,Kissimmee,FL,3,2024-04,2570,32,synthetic
CMP-001808,Kissimmee,FL,3,2024-05,2625,49,synthetic
CMP-001809,Kissimmee,FL,3,2024-06,2605,35,synthetic
CMP-001810,Kissimmee,FL,3,2024-07,2595,53,synthetic
CMP-001811,Kissimmee,FL,3,2024-08,2595,54,synthetic
CMP-001812,Kissimmee,FL,3,2024-09,2500,55,synthetic
CMP-001813,Kissimmee,FL,3,2024-10,2510,46,synthetic
CMP-001814,Kissimmee,FL,3,2024-11,2485,33,synthetic
CMP-001815,Kissimmee,FL,3,2024-12,2470,44,synthetic
CMP-001816,Kissimmee,FL,3,2025-01,2510,41,synthetic
CMP-001817,Kissimmee,FL,3,2025-02,2530,35,synthetic
CMP-001818,Kissimmee,FL,3,2025-03,2535,53,synthetic
CMP-001819,Kissimmee,FL,3,2025-04,2680,63,synthetic
CMP-001820,Kissimmee,FL,3,2025-05,2685,28,synthetic
CMP-001821,Kissimmee,FL,3,2025-06,2685,26,synthetic
CMP-001822,Kissimmee,FL,3,2025-07,2650,58,synthetic
CMP-001823,Kissimmee,FL,3,2025-08,2660,59,synthetic
CMP-001824,Kissimmee,FL,3,2025-09,2610,50,synthetic
CMP-001825,Kissimmee,FL,3,2025-10,2585,34,synthetic
CMP-001826,Kissimmee,FL,3,2025-11,2600,56,synthetic
CMP-001827,Kissimmee,FL,3,2025-12,2520,54,synthetic
CMP-001828,Kissimmee,FL,3,2026-01,2505,42,synthetic
CMP-001829,Kissimmee,FL,3,2026-02,2570,37,synthetic
CMP-001830,Kissimmee,FL,3,2026-03,2640,28,synthetic
CMP-001831,Kissimmee,FL,3,2026-04,2650,30,synthetic
CMP-001832,Kissimmee,FL,3,2026-05,2810,62,synthetic
CMP-001833,Kissimmee,FL,3,2026-06,2750,63,synthetic
CMP-001834,Kissimmee,FL,3,2026-07,2840,29,synthetic
CMP-001835,Kissimmee,FL,3,2026-08,2650,42,synthetic
CMP-001836,Kissimmee,FL,3,2026-09,2760,37,synthetic
CMP-001837,Kissimmee,FL,4,2023-10,2720,9,synthetic
CMP-001838,Kissimmee,FL,4,2023-11,2690,11,synthetic
CMP-001839,Kissimmee,FL,4,2023-12,2650,9,synthetic
CMP-001840,Kissimmee,FL,4,2024-01,2740,8,synthetic
CMP-001841,Kissimmee,FL,4,2024-02,2775,4,synthetic
CMP-001842,Kissimmee,FL,4,2024-03,2820,10,synthetic
CMP-001843,Kissimmee,FL,4,2024-04,2870,10,synthetic
CMP-001844,Kissimmee,FL,4,2024-05,2910,10,synthetic
CMP-001845,Kissimmee,FL,4,2024-06,2930,8,synthetic
CMP-001846,Kissimmee,FL,4,2024-07,2955,11,synthetic
CMP-001847,Kissimmee,FL,4,2024-08,2860,6,synthetic
CMP-001848,Kissimmee,FL,4,2024-09,2820,5,synthetic
CMP-001849,Kissimmee,FL,4,2024-10,2795,10,synthetic
CMP-001850,Kissimmee,FL,4,2024-11,2810,7,synthetic
CMP-001851,Kissimmee,FL,4,2024-12,2755,4,synthetic
CMP-001852,Kissimmee,FL,4,2025-01,2825,11,synthetic
CMP-001853,Kissimmee,FL,4,2025-02,2820,9,synthetic
CMP-001854,Kissimmee,FL,4,2025-03,2940,4,synthetic
CMP-001855,Kissimmee,FL,4,2025-04,2965,9,synthetic
CMP-001856,Kissimmee,FL,4,2025-05,2990,10,synthetic
CMP-001857,Kissimmee,FL,4,2025-06,3010,7,synthetic
CMP-001858,Kissimmee,FL,4,2025-07,2945,9,synthetic
CMP-001859,Kissimmee,FL,4,2025-08,2950,8,synthetic
CMP-001860,Kissimmee,FL,4,2025-09,2935,6,synthetic
CMP-001861,Kissimmee,FL,4,2025-10,2850,9,synthetic
CMP-001862,Kissimmee,FL,4,2025-11,2920,4,synthetic
CMP-001863,Kissimmee,FL,4,2025-12,2840,9,synthetic
CMP-001864,Kissimmee,FL,4,2026-01,2930,6,synthetic
CMP-001865,Kissimmee,FL,4,2026-02,2980,6,synthetic
CMP-001866,Kissimmee,FL,4,2026-03,2990,10,synthetic
CMP-001867,Kissimmee,FL,4,2026-04,3055,10,synthetic
CMP-001868,Kissimmee,FL,4,2026-05,3075,11,synthetic
CMP-001869,Kissimmee,FL,4,2026-06,3050,11,synthetic
CMP-001870,Kissimmee,FL,4,2026-07,3140,11,synthetic
CMP-001871,Kissimmee,FL,4,2026-08,3045,6,synthetic
CMP-001872,Kissimmee,FL,4,2026-09,3090,6,synthetic
CMP-001873,Kissimmee,FL,5,2023-10,3075,39,synthetic
CMP-001874,Kissimmee,FL,5,2023-11,3005,24,synthetic
CMP-001875,Kissimmee,FL,5,2023-12,2990,17,synthetic
CMP-001876,Kissimmee,FL,5,2024-01,3055,35,synthetic
CMP-001877,Kissimmee,FL,5,2024-02,3125,31,synthetic
CMP-001878,Kissimmee,FL,5,2024-03,3115,37,synthetic
CMP-001879,Kissimmee,FL,5,2024-04,3190,17,synthetic
CMP-001880,Kissimmee,FL,5,2024-05,3310,27,synthetic
CMP-001881,Kissimmee,FL,5,2024-06,3270,37,synthetic
CMP-001882,Kissimmee,FL,5,2024-07,3215,39,synthetic
CMP-001883,Kissimmee,FL,5,2024-08,3190,18,synthetic
CMP-001884,Kissimmee,FL,5,2024-09,3215,24,synthetic
CMP-001885,Kissimmee,FL,5,2024-10,3135,19,synthetic
CMP-001886,Kissimmee,FL,5,2024-11,3140,30,synthetic
CMP-001887,Kissimmee,FL,5,2024-12,3080,39,synthetic
CMP-001888,Kissimmee,FL,5,2025-01,3135,28,synthetic
CMP-001889,Kissimmee,FL,5,2025-02,3165,39,synthetic
CMP-001890,Kissimmee,FL,5,2025-03,3230,35,synthetic
CMP-001891,Kissimmee,FL,5,2025-04,3355,36,synthetic
CMP-001892,Kissimmee,FL,5,2025-05,3340,19,synthetic
CMP-001893,Kissimmee,FL,5,2025-06,3280,35,synthetic
CMP-001894,Kissimmee,FL,5,2025-07,3430,21,synthetic
CMP-001895,Kissimmee,FL,5,2025-08,3380,16,synthetic
CMP-001896,Kissimmee,FL,5,2025-09,3305,18,synthetic
CMP-001897,Kissimmee,FL,5,2025-10,3255,33,synthetic
CMP-001898,Kissimmee,FL,5,2025-11,3245,39,synthetic
CMP-001899,Kissimmee,FL,5,2025-12,3235,35,synthetic
CMP-001900,Kissimmee,FL,5,2026-01,3310,24,synthetic
CMP-001901,Kissimmee,FL,5,2026-02,3230,39,synthetic
CMP-001902,Kissimmee,FL,5,2026-03,3335,30,synthetic
CMP-001903,Kissimmee,FL,5,2026-04,3320,38,synthetic
CMP-001904,Kissimmee,FL,5,2026-05,3505,32,synthetic
CMP-001905,Kissimmee,FL,5,2026-06,3570,25,synthetic
CMP-001906,Kissimmee,FL,5,2026-07,3495,22,synthetic
CMP-001907,Kissimmee,FL,5,2026-08,3405,28,synthetic
CMP-001908,Kissimmee,FL,5,2026-09,3480,22,synthetic
CMP-001909,Lake Alfred,FL,3,2023-10,2310,29,synthetic
CMP-001910,Lake Alfred,FL,3,2023-11,2305,42,synthetic
CMP-001911,Lake Alfred,FL,3,2023-12,2290,24,synthetic
CMP-001912,Lake Alfred,FL,3,2024-01,2265,40,synthetic
CMP-001913,Lake Alfred,FL,3,2024-02,2290,33,synthetic
CMP-001914,Lake Alfred,FL,3,2024-03,2350,28,synthetic
CMP-001915,Lake Alfred,FL,3,2024-04,2395,21,synthetic
CMP-001916,Lake Alfred,FL,3,2024-05,2475,38,synthetic
CMP-001917,Lake Alfred,FL,3,2024-06,2475,43,synthetic
CMP-001918,Lake Alfred,FL,3,2024-07,2465,23,synthetic
CMP-001919,Lake Alfred,FL,3,2024-08,2475,31,synthetic
CMP-001920,Lake Alfred,FL,3,2024-09,2395,29,synthetic
CMP-001921,Lake Alfred,FL,3,2024-10,2355,25,synthetic
CMP-001922,Lake Alfred,FL,3,2024-11,2345,35,synthetic
CMP-001923,Lake Alfred,FL,3,2024-12,2355,30,synthetic
CMP-001924,Lake Alfred,FL,3,2025-01,2365,38,synthetic
CMP-001925,Lake Alfred,FL,3,2025-02,2425,25,synthetic
CMP-001926,Lake Alfred,FL,3,2025-03,2490,41,synthetic
CMP-001927,Lake Alfred,FL,3,2025-04,2435,37,synthetic
CMP-001928,Lake Alfred,FL,3,2025-05,2575,36,synthetic
CMP-001929,Lake Alfred,FL,3,2025-06,2540,33,synthetic
CMP-001930,Lake Alfred,FL,3,2025-07,2525,51,synthetic
CMP-001931,Lake Alfred,FL,3,2025-08,2500,49,synthetic
CMP-001932,Lake Alfred,FL,3,2025-09,2530,46,synthetic
CMP-001933,Lake Alfred,FL,3,2025-10,2420,37,synthetic
CMP-001934,Lake Alfred,FL,3,2025-11,2430,23,synthetic
CMP-001935,Lake Alfred,FL,3,2025-12,2440,49,synthetic
CMP-001936,Lake Alfred,FL,3,2026-01,2450,24,synthetic
CMP-001937,Lake Alfred,FL,3,2026-02,2450,43,synthetic
CMP-001938,Lake Alfred,FL,3,2026-03,2520,51,synthetic
CMP-001939,Lake Alfred,FL,3,2026-04,2550,23,synthetic
CMP-001940,Lake Alfred,FL,3,2026-05,2565,46,synthetic
CMP-001941,Lake Alfred,FL,3,2026-06,2585,36,synthetic
CMP-001942,Lake Alfred,FL,3,2026-07,2600,42,synthetic
CMP-001943,Lake Alfred,FL,3,2026-08,2520,50,synthetic
CMP-001944,Lake Alfred,FL,3,2026-09,2530,34,synthetic
CMP-001945,Lake Alfred,FL,4,2023-10,2590,63,synthetic
CMP-001946,Lake Alfred,FL,4,2023-11,2570,26,synthetic
CMP-001947,Lake Alfred,FL,4,2023-12,2550,43,synthetic
CMP-001948,Lake Alfred,FL,4,2024-01,2600,31,synthetic
CMP-001949,Lake Alfred,FL,4,2024-02,2610,64,synthetic
CMP-001950,Lake Alfred,FL,4,2024-03,2680,58,synthetic
CMP-001951,Lake Alfred,FL,4,2024-04,2760,51,synthetic
CMP-001952,Lake Alfred,FL,4,2024-05,2730,66,synthetic
CMP-001953,Lake Alfred,FL,4,2024-06,2755,65,synthetic
CMP-001954,Lake Alfred,FL,4,2024-07,2770,66,synthetic
CMP-001955,Lake Alfred,FL,4,2024-08,2720,59,synthetic
CMP-001956,Lake Alfred,FL,4,2024-09,2770,42,synthetic
CMP-001957,Lake Alfred,FL,4,2024-10,2650,47,synthetic
CMP-001958,Lake Alfred,FL,4,2024-11,2620,31,synthetic
CMP-001959,Lake Alfred,FL,4,2024-12,2620,65,synthetic
CMP-001960,Lake Alfred,FL,4,2025-01,2690,35,synthetic
CMP-001961,Lake Alfred,FL,4,2025-02,2725,47,synthetic
CMP-001962,Lake Alfred,FL,4,2025-03,2790,41,synthetic
CMP-001963,Lake Alfred,FL,4,2025-04,2820,62,synthetic
CMP-001964,Lake Alfred,FL,4,2025-05,2780,55,synthetic
CMP-001965,Lake Alfred,FL,4,2025-06,2805,26,synthetic
CMP-001966,Lake Alfred,FL,4,2025-07,2840,28,synthetic
CMP-001967,Lake Alfred,FL,4,2025-08,2890,57,synthetic
CMP-001968,Lake Alfred,FL,4,2025-09,2745,41,synthetic
CMP-001969,Lake Alfred,FL,4,2025-10,2780,49,synthetic
CMP-001970,Lake Alfred,FL,4,2025-11,2760,63,synthetic
CMP-001971,Lake Alfred,FL,4,2025-12,2645,46,synthetic
CMP-001972,Lake Alfred,FL,4,2026-01,2725,48,synthetic
CMP-001973,Lake Alfred,FL,4,2026-02,2735,64,synthetic
CMP-001974,Lake Alfred,FL,4,2026-03,2840,26,synthetic
CMP-001975,Lake Alfred,FL,4,2026-04,2875,28,synthetic
CMP-001976,Lake Alfred,FL,4,2026-05,3010,28,synthetic
CMP-001977,Lake Alfred,FL,4,2026-06,3000,55,synthetic
CMP-001978,Lake Alfred,FL,4,2026-07,2955,34,synthetic
CMP-001979,Lake Alfred,FL,4,2026-08,2995,33,synthetic
CMP-001980,Lake Alfred,FL,4,2026-09,2795,47,synthetic
CMP-001981,Lebanon,TN,3,2023-10,2105,52,synthetic
CMP-001982,Lebanon,TN,3,2023-11,2135,71,synthetic
CMP-001983,Lebanon,TN,3,2023-12,2100,122,synthetic
CMP-001984,Lebanon,TN,3,2024-01,2110,94,synthetic
CMP-001985,Lebanon,TN,3,2024-02,2145,70,synthetic
CMP-001986,Lebanon,TN,3,2024-03,2190,86,synthetic
CMP-001987,Lebanon,TN,3,2024-04,2240,82,synthetic
CMP-001988,Lebanon,TN,3,2024-05,2300,110,synthetic
CMP-001989,Lebanon,TN,3,2024-06,2250,99,synthetic
CMP-001990,Lebanon,TN,3,2024-07,2300,77,synthetic
CMP-001991,Lebanon,TN,3,2024-08,2230,123,synthetic
CMP-001992,Lebanon,TN,3,2024-09,2270,95,synthetic
CMP-001993,Lebanon,TN,3,2024-10,2185,57,synthetic
CMP-001994,Lebanon,TN,3,2024-11,2195,89,synthetic
CMP-001995,Lebanon,TN,3,2024-12,2200,69,synthetic
CMP-001996,Lebanon,TN,3,2025-01,2215,122,synthetic
CMP-001997,Lebanon,TN,3,2025-02,2240,64,synthetic
CMP-001998,Lebanon,TN,3,2025-03,2255,123,synthetic
CMP-001999,Lebanon,TN,3,2025-04,2280,121,synthetic
CMP-002000,Lebanon,TN,3,2025-05,2360,101,synthetic
CMP-002001,Lebanon,TN,3,2025-06,2345,104,synthetic
CMP-002002,Lebanon,TN,3,2025-07,2355,109,synthetic
CMP-002003,Lebanon,TN,3,2025-08,2325,58,synthetic
CMP-002004,Lebanon,TN,3,2025-09,2290,87,synthetic
CMP-002005,Lebanon,TN,3,2025-10,2250,96,synthetic
CMP-002006,Lebanon,TN,3,2025-11,2180,122,synthetic
CMP-002007,Lebanon,TN,3,2025-12,2230,119,synthetic
CMP-002008,Lebanon,TN,3,2026-01,2220,61,synthetic
CMP-002009,Lebanon,TN,3,2026-02,2270,57,synthetic
CMP-002010,Lebanon,TN,3,2026-03,2270,52,synthetic
CMP-002011,Lebanon,TN,3,2026-04,2470,61,synthetic
CMP-002012,Lebanon,TN,3,2026-05,2410,118,synthetic
CMP-002013,Lebanon,TN,3,2026-06,2415,56,synthetic
CMP-002014,Lebanon,TN,3,2026-07,2435,83,synthetic
CMP-002015,Lebanon,TN,3,2026-08,2440,62,synthetic
CMP-002016,Lebanon,TN,3,2026-09,2370,95,synthetic
CMP-002017,Litchfield Park,AZ,3,2023-10,2325,61,synthetic
CMP-002018,Litchfield Park,AZ,3,2023-11,2275,64,synthetic
CMP-002019,Litchfield Park,AZ,3,2023-12,2295,101,synthetic
CMP-002020,Litchfield Park,AZ,3,2024-01,2320,49,synthetic
CMP-002021,Litchfield Park,AZ,3,2024-02,2325,72,synthetic
CMP-002022,Litchfield Park,AZ,3,2024-03,2365,42,synthetic
CMP-002023,Litchfield Park,AZ,3,2024-04,2410,92,synthetic
CMP-002024,Litchfield Park,AZ,3,2024-05,2450,69,synthetic
CMP-002025,Litchfield Park,AZ,3,2024-06,2435,69,synthetic
CMP-002026,Litchfield Park,AZ,3,2024-07,2480,82,synthetic
CMP-002027,Litchfield Park,AZ,3,2024-08,2440,96,synthetic
CMP-002028,Litchfield Park,AZ,3,2024-09,2425,94,synthetic
CMP-002029,Litchfield Park,AZ,3,2024-10,2435,54,synthetic
CMP-002030,Litchfield Park,AZ,3,2024-11,2350,49,synthetic
CMP-002031,Litchfield Park,AZ,3,2024-12,2370,104,synthetic
CMP-002032,Litchfield Park,AZ,3,2025-01,2355,50,synthetic
CMP-002033,Litchfield Park,AZ,3,2025-02,2385,76,synthetic
CMP-002034,Litchfield Park,AZ,3,2025-03,2410,99,synthetic
CMP-002035,Litchfield Park,AZ,3,2025-04,2470,83,synthetic
CMP-002036,Litchfield Park,AZ,3,2025-05,2500,47,synthetic
CMP-002037,Litchfield Park,AZ,3,2025-06,2525,96,synthetic
CMP-002038,Litchfield Park,AZ,3,2025-07,2505,65,synthetic
CMP-002039,Litchfield Park,AZ,3,2025-08,2500,77,synthetic
CMP-002040,Litchfield Park,AZ,3,2025-09,2450,51,synthetic
CMP-002041,Litchfield Park,AZ,3,2025-10,2375,68,synthetic
CMP-002042,Litchfield Park,AZ,3,2025-11,2410,64,synthetic
CMP-002043,Litchfield Park,AZ,3,2025-12,2485,87,synthetic
CMP-002044,Litchfield Park,AZ,3,2026-01,2370,64,synthetic
CMP-002045,Litchfield Park,AZ,3,2026-02,2470,56,synthetic
CMP-002046,Litchfield Park,AZ,3,2026-03,2460,82,synthetic
CMP-002047,Litchfield Park,AZ,3,2026-04,2550,66,synthetic
CMP-002048,Litchfield Park,AZ,3,2026-05,2595,107,synthetic
CMP-002049,Litchfield Park,AZ,3,2026-06,2605,45,synthetic
CMP-002050,Litchfield Park,AZ,3,2026-07,2660,49,synthetic
CMP-002051,Litchfield Park,AZ,3,2026-08,2525,61,synthetic
CMP-002052,Litchfield Park,AZ,3,2026-09,2520,56,synthetic
CMP-002053,Litchfield Park,AZ,4,2023-10,2580,109,synthetic
CMP-002054,Litchfield Park,AZ,4,2023-11,2500,49,synthetic
CMP-002055,Litchfield Park,AZ,4,2023-12,2505,105,synthetic
CMP-002056,Litchfield Park,AZ,4,2024-01,2555,81,synthetic
CMP-002057,Litchfield Park,AZ,4,2024-02,2605,74,synthetic
CMP-002058,Litchfield Park,AZ,4,2024-03,2670,115,synthetic
CMP-002059,Litchfield Park,AZ,4,2024-04,2710,71,synthetic
CMP-002060,Litchfield Park,AZ,4,2024-05,2710,79,synthetic
CMP-002061,Litchfield Park,AZ,4,2024-06,2735,115,synthetic
CMP-002062,Litchfield Park,AZ,4,2024-07,2725,112,synthetic
CMP-002063,Litchfield Park,AZ,4,2024-08,2720,115,synthetic
CMP-002064,Litchfield Park,AZ,4,2024-09,2705,71,synthetic
CMP-002065,Litchfield Park,AZ,4,2024-10,2585,63,synthetic
CMP-002066,Litchfield Park,AZ,4,2024-11,2580,121,synthetic
CMP-002067,Litchfield Park,AZ,4,2024-12,2650,95,synthetic
CMP-002068,Litchfield Park,AZ,4,2025-01,2585,63,synthetic
CMP-002069,Litchfield Park,AZ,4,2025-02,2680,92,synthetic
CMP-002070,Litchfield Park,AZ,4,2025-03,2780,113,synthetic
CMP-002071,Litchfield Park,AZ,4,2025-04,2755,115,synthetic
CMP-002072,Litchfield Park,AZ,4,2025-05,2875,47,synthetic
CMP-002073,Litchfield Park,AZ,4,2025-06,2870,56,synthetic
CMP-002074,Litchfield Park,AZ,4,2025-07,2850,92,synthetic
CMP-002075,Litchfield Park,AZ,4,2025-08,2825,108,synthetic
CMP-002076,Litchfield Park,AZ,4,2025-09,2715,56,synthetic
CMP-002077,Litchfield Park,AZ,4,2025-10,2715,75,synthetic
CMP-002078,Litchfield Park,AZ,4,2025-11,2720,60,synthetic
CMP-002079,Litchfield Park,AZ,4,2025-12,2745,104,synthetic
CMP-002080,Litchfield Park,AZ,4,2026-01,2755,92,synthetic
CMP-002081,Litchfield Park,AZ,4,2026-02,2710,51,synthetic
CMP-002082,Litchfield Park,AZ,4,2026-03,2805,56,synthetic
CMP-002083,Litchfield Park,AZ,4,2026-04,2825,114,synthetic
CMP-002084,Litchfield Park,AZ,4,2026-05,2845,109,synthetic
CMP-002085,Litchfield Park,AZ,4,2026-06,2925,119,synthetic
CMP-002086,Litchfield Park,AZ,4,2026-07,3000,82,synthetic
CMP-002087,Litchfield Park,AZ,4,2026-08,2880,83,synthetic
CMP-002088,Litchfield Park,AZ,4,2026-09,2880,111,synthetic
CMP-002089,Loganville,GA,3,2023-10,2465,116,synthetic
CMP-002090,Loganville,GA,3,2023-11,2465,166,synthetic
CMP-002091,Loganville,GA,3,2023-12,2410,172,synthetic
CMP-002092,Loganville,GA,3,2024-01,2430,139,synthetic
CMP-002093,Loganville,GA,3,2024-02,2515,140,synthetic
CMP-002094,Loganville,GA,3,2024-03,2530,77,synthetic
CMP-002095,Loganville,GA,3,2024-04,2590,167,synthetic
CMP-002096,Loganville,GA,3,2024-05,2590,166,synthetic
CMP-002097,Loganville,GA,3,2024-06,2635,129,synthetic
CMP-002098,Loganville,GA,3,2024-07,2695,113,synthetic
CMP-002099,Loganville,GA,3,2024-08,2625,110,synthetic
CMP-002100,Loganville,GA,3,2024-09,2615,152,synthetic
CMP-002101,Loganville,GA,3,2024-10,2525,166,synthetic
CMP-002102,Loganville,GA,3,2024-11,2480,183,synthetic
CMP-002103,Loganville,GA,3,2024-12,2490,87,synthetic
CMP-002104,Loganville,GA,3,2025-01,2570,166,synthetic
CMP-002105,Loganville,GA,3,2025-02,2620,121,synthetic
CMP-002106,Loganville,GA,3,2025-03,2610,121,synthetic
CMP-002107,Loganville,GA,3,2025-04,2585,184,synthetic
CMP-002108,Loganville,GA,3,2025-05,2670,186,synthetic
CMP-002109,Loganville,GA,3,2025-06,2755,184,synthetic
CMP-002110,Loganville,GA,3,2025-07,2795,178,synthetic
CMP-002111,Loganville,GA,3,2025-08,2715,160,synthetic
CMP-002112,Loganville,GA,3,2025-09,2655,125,synthetic
CMP-002113,Loganville,GA,3,2025-10,2650,142,synthetic
CMP-002114,Loganville,GA,3,2025-11,2595,98,synthetic
CMP-002115,Loganville,GA,3,2025-12,2645,100,synthetic
CMP-002116,Loganville,GA,3,2026-01,2530,85,synthetic
CMP-002117,Loganville,GA,3,2026-02,2670,133,synthetic
CMP-002118,Loganville,GA,3,2026-03,2660,126,synthetic
CMP-002119,Loganville,GA,3,2026-04,2800,145,synthetic
CMP-002120,Loganville,GA,3,2026-05,2900,157,synthetic
CMP-002121,Loganville,GA,3,2026-06,2750,155,synthetic
CMP-002122,Loganville,GA,3,2026-07,2715,187,synthetic
CMP-002123,Loganville,GA,3,2026-08,2745,155,synthetic
CMP-002124,Loganville,GA,3,2026-09,2750,167,synthetic
CMP-002125,Magnolia,TX,4,2023-10,2280,212,synthetic
CMP-002126,Magnolia,TX,4,2023-11,2235,239,synthetic
CMP-002127,Magnolia,TX,4,2023-12,2250,179,synthetic
CMP-002128,Magnolia,TX,4,2024-01,2255,245,synthetic
CMP-002129,Magnolia,TX,4,2024-02,2285,220,synthetic
CMP-002130,Magnolia,TX,4,2024-03,2375,169,synthetic
CMP-002131,Magnolia,TX,4,2024-04,2435,222,synthetic
CMP-002132,Magnolia,TX,4,2024-05,2420,172,synthetic
CMP-002133,Magnolia,TX,4,2024-06,2465,227,synthetic
CMP-002134,Magnolia,TX,4,2024-07,2465,218,synthetic
CMP-002135,Magnolia,TX,4,2024-08,2435,101,synthetic
CMP-002136,Magnolia,TX,4,2024-09,2380,220,synthetic
CMP-002137,Magnolia,TX,4,2024-10,2395,162,synthetic
CMP-002138,Magnolia,TX,4,2024-11,2340,111,synthetic
CMP-002139,Magnolia,TX,4,2024-12,2335,175,synthetic
CMP-002140,Magnolia,TX,4,2025-01,2345,198,synthetic
CMP-002141,Magnolia,TX,4,2025-02,2395,168,synthetic
CMP-002142,Magnolia,TX,4,2025-03,2405,161,synthetic
CMP-002143,Magnolia,TX,4,2025-04,2505,160,synthetic
CMP-002144,Magnolia,TX,4,2025-05,2535,241,synthetic
CMP-002145,Magnolia,TX,4,2025-06,2505,207,synthetic
CMP-002146,Magnolia,TX,4,2025-07,2545,221,synthetic
CMP-002147,Magnolia,TX,4,2025-08,2535,235,synthetic
CMP-002148,Magnolia,TX,4,2025-09,2480,215,synthetic
CMP-002149,Magnolia,TX,4,2025-10,2450,120,synthetic
CMP-002150,Magnolia,TX,4,2025-11,2410,134,synthetic
CMP-002151,Magnolia,TX,4,2025-12,2420,172,synthetic
CMP-002152,Magnolia,TX,4,2026-01,2380,102,synthetic
CMP-002153,Magnolia,TX,4,2026-02,2425,215,synthetic
CMP-002154,Magnolia,TX,4,2026-03,2545,255,synthetic
CMP-002155,Magnolia,TX,4,2026-04,2495,137,synthetic
CMP-002156,Magnolia,TX,4,2026-05,2590,175,synthetic
CMP-002157,Magnolia,TX,4,2026-06,2635,151,synthetic
CMP-002158,Magnolia,TX,4,2026-07,2510,195,synthetic
CMP-002159,Magnolia,TX,4,2026-08,2580,235,synthetic
CMP-002160,Magnolia,TX,4,2026-09,2595,195,synthetic
CMP-002161,Maiden,NC,4,2023-10,2715,48,synthetic
CMP-002162,Maiden,NC,4,2023-11,2710,59,synthetic
CMP-002163,Maiden,NC,4,2023-12,2665,67,synthetic
CMP-002164,Maiden,NC,4,2024-01,2735,64,synthetic
CMP-002165,Maiden,NC,4,2024-02,2755,52,synthetic
CMP-002166,Maiden,NC,4,2024-03,2835,50,synthetic
CMP-002167,Maiden,NC,4,2024-04,2860,59,synthetic
CMP-002168,Maiden,NC,4,2024-05,2965,62,synthetic
CMP-002169,Maiden,NC,4,2024-06,2980,53,synthetic
CMP-002170,Maiden,NC,4,2024-07,2985,33,synthetic
CMP-002171,Maiden,NC,4,2024-08,2915,70,synthetic
CMP-002172,Maiden,NC,4,2024-09,2910,73,synthetic
CMP-002173,Maiden,NC,4,2024-10,2875,52,synthetic
CMP-002174,Maiden,NC,4,2024-11,2815,62,synthetic
CMP-002175,Maiden,NC,4,2024-12,2740,36,synthetic
CMP-002176,Maiden,NC,4,2025-01,2830,62,synthetic
CMP-002177,Maiden,NC,4,2025-02,2870,42,synthetic
CMP-002178,Maiden,NC,4,2025-03,2960,37,synthetic
CMP-002179,Maiden,NC,4,2025-04,3050,71,synthetic
CMP-002180,Maiden,NC,4,2025-05,3020,36,synthetic
CMP-002181,Maiden,NC,4,2025-06,3030,43,synthetic
CMP-002182,Maiden,NC,4,2025-07,3015,38,synthetic
CMP-002183,Maiden,NC,4,2025-08,3085,39,synthetic
CMP-002184,Maiden,NC,4,2025-09,2980,35,synthetic
CMP-002185,Maiden,NC,4,2025-10,2940,70,synthetic
CMP-002186,Maiden,NC,4,2025-11,2950,65,synthetic
CMP-002187,Maiden,NC,4,2025-12,2880,67,synthetic
CMP-002188,Maiden,NC,4,2026-01,2920,72,synthetic
CMP-002189,Maiden,NC,4,2026-02,2960,36,synthetic
CMP-002190,Maiden,NC,4,2026-03,3045,47,synthetic
CMP-002191,Maiden,NC,4,2026-04,3040,68,synthetic
CMP-002192,Maiden,NC,4,2026-05,3070,51,synthetic
CMP-002193,Maiden,NC,4,2026-06,3140,59,synthetic
CMP-002194,Maiden,NC,4,2026-07,3125,78,synthetic
CMP-002195,Maiden,NC,4,2026-08,3090,52,synthetic
CMP-002196,Maiden,NC,4,2026-09,2930,33,synthetic
CMP-002197,Maiden,NC,5,2023-10,3055,65,synthetic
CMP-002198,Maiden,NC,5,2023-11,3025,80,synthetic
CMP-002199,Maiden,NC,5,2023-12,2985,71,synthetic
CMP-002200,Maiden,NC,5,2024-01,3020,63,synthetic
CMP-002201,Maiden,NC,5,2024-02,3050,55,synthetic
CMP-002202,Maiden,NC,5,2024-03,3080,64,synthetic
CMP-002203,Maiden,NC,5,2024-04,3155,40,synthetic
CMP-002204,Maiden,NC,5,2024-05,3215,58,synthetic
CMP-002205,Maiden,NC,5,2024-06,3210,51,synthetic
CMP-002206,Maiden,NC,5,2024-07,3220,44,synthetic
CMP-002207,Maiden,NC,5,2024-08,3260,87,synthetic
CMP-002208,Maiden,NC,5,2024-09,3160,90,synthetic
CMP-002209,Maiden,NC,5,2024-10,3135,46,synthetic
CMP-002210,Maiden,NC,5,2024-11,3125,73,synthetic
CMP-002211,Maiden,NC,5,2024-12,3100,90,synthetic
CMP-002212,Maiden,NC,5,2025-01,3095,80,synthetic
CMP-002213,Maiden,NC,5,2025-02,3220,41,synthetic
CMP-002214,Maiden,NC,5,2025-03,3225,92,synthetic
CMP-002215,Maiden,NC,5,2025-04,3275,85,synthetic
CMP-002216,Maiden,NC,5,2025-05,3315,69,synthetic
CMP-002217,Maiden,NC,5,2025-06,3310,60,synthetic
CMP-002218,Maiden,NC,5,2025-07,3370,55,synthetic
CMP-002219,Maiden,NC,5,2025-08,3255,64,synthetic
CMP-002220,Maiden,NC,5,2025-09,3220,60,synthetic
CMP-002221,Maiden,NC,5,2025-10,3300,88,synthetic
CMP-002222,Maiden,NC,5,2025-11,3260,78,synthetic
CMP-002223,Maiden,NC,5,2025-12,3185,92,synthetic
CMP-002224,Maiden,NC,5,2026-01,3210,59,synthetic
CMP-002225,Maiden,NC,5,2026-02,3175,61,synthetic
CMP-002226,Maiden,NC,5,2026-03,3255,41,synthetic
CMP-002227,Maiden,NC,5,2026-04,3440,81,synthetic
CMP-002228,Maiden,NC,5,2026-05,3455,36,synthetic
CMP-002229,Maiden,NC,5,2026-06,3410,46,synthetic
CMP-002230,Maiden,NC,5,2026-07,3470,55,synthetic
CMP-002231,Maiden,NC,5,2026-08,3435,46,synthetic
CMP-002232,Maiden,NC,5,2026-09,3360,56,synthetic
CMP-002233,Melbourne,FL,3,2023-10,2130,26,synthetic
CMP-002234,Melbourne,FL,3,2023-11,2080,34,synthetic
CMP-002235,Melbourne,FL,3,2023-12,2085,58,synthetic
CMP-002236,Melbourne,FL,3,2024-01,2110,58,synthetic
CMP-002237,Melbourne,FL,3,2024-02,2135,65,synthetic
CMP-002238,Melbourne,FL,3,2024-03,2205,56,synthetic
CMP-002239,Melbourne,FL,3,2024-04,2235,61,synthetic
CMP-002240,Melbourne,FL,3,2024-05,2260,28,synthetic
CMP-002241,Melbourne,FL,3,2024-06,2280,33,synthetic
CMP-002242,Melbourne,FL,3,2024-07,2240,49,synthetic
CMP-002243,Melbourne,FL,3,2024-08,2245,32,synthetic
CMP-002244,Melbourne,FL,3,2024-09,2195,42,synthetic
CMP-002245,Melbourne,FL,3,2024-10,2195,62,synthetic
CMP-002246,Melbourne,FL,3,2024-11,2165,45,synthetic
CMP-002247,Melbourne,FL,3,2024-12,2175,56,synthetic
CMP-002248,Melbourne,FL,3,2025-01,2145,31,synthetic
CMP-002249,Melbourne,FL,3,2025-02,2240,45,synthetic
CMP-002250,Melbourne,FL,3,2025-03,2280,51,synthetic
CMP-002251,Melbourne,FL,3,2025-04,2270,65,synthetic
CMP-002252,Melbourne,FL,3,2025-05,2345,51,synthetic
CMP-002253,Melbourne,FL,3,2025-06,2355,57,synthetic
CMP-002254,Melbourne,FL,3,2025-07,2395,35,synthetic
CMP-002255,Melbourne,FL,3,2025-08,2335,34,synthetic
CMP-002256,Melbourne,FL,3,2025-09,2245,30,synthetic
CMP-002257,Melbourne,FL,3,2025-10,2215,66,synthetic
CMP-002258,Melbourne,FL,3,2025-11,2155,67,synthetic
CMP-002259,Melbourne,FL,3,2025-12,2200,52,synthetic
CMP-002260,Melbourne,FL,3,2026-01,2275,43,synthetic
CMP-002261,Melbourne,FL,3,2026-02,2225,43,synthetic
CMP-002262,Melbourne,FL,3,2026-03,2320,44,synthetic
CMP-002263,Melbourne,FL,3,2026-04,2385,35,synthetic
CMP-002264,Melbourne,FL,3,2026-05,2455,49,synthetic
CMP-002265,Melbourne,FL,3,2026-06,2425,46,synthetic
CMP-002266,Melbourne,FL,3,2026-07,2375,46,synthetic
CMP-002267,Melbourne,FL,3,2026-08,2330,48,synthetic
CMP-002268,Melbourne,FL,3,2026-09,2320,26,synthetic
CMP-002269,Melbourne,FL,4,2023-10,2365,26,synthetic
CMP-002270,Melbourne,FL,4,2023-11,2340,20,synthetic
CMP-002271,Melbourne,FL,4,2023-12,2325,36,synthetic
CMP-002272,Melbourne,FL,4,2024-01,2360,35,synthetic
CMP-002273,Melbourne,FL,4,2024-02,2415,38,synthetic
CMP-002274,Melbourne,FL,4,2024-03,2430,32,synthetic
CMP-002275,Melbourne,FL,4,2024-04,2530,34,synthetic
CMP-002276,Melbourne,FL,4,2024-05,2525,23,synthetic
CMP-002277,Melbourne,FL,4,2024-06,2560,35,synthetic
CMP-002278,Melbourne,FL,4,2024-07,2555,26,synthetic
CMP-002279,Melbourne,FL,4,2024-08,2520,21,synthetic
CMP-002280,Melbourne,FL,4,2024-09,2505,33,synthetic
CMP-002281,Melbourne,FL,4,2024-10,2480,25,synthetic
CMP-002282,Melbourne,FL,4,2024-11,2460,20,synthetic
CMP-002283,Melbourne,FL,4,2024-12,2415,19,synthetic
CMP-002284,Melbourne,FL,4,2025-01,2440,34,synthetic
CMP-002285,Melbourne,FL,4,2025-02,2465,15,synthetic
CMP-002286,Melbourne,FL,4,2025-03,2505,27,synthetic
CMP-002287,Melbourne,FL,4,2025-04,2570,25,synthetic
CMP-002288,Melbourne,FL,4,2025-05,2600,20,synthetic
CMP-002289,Melbourne,FL,4,2025-06,2590,21,synthetic
CMP-002290,Melbourne,FL,4,2025-07,2655,15,synthetic
CMP-002291,Melbourne,FL,4,2025-08,2595,37,synthetic
CMP-002292,Melbourne,FL,4,2025-09,2580,38,synthetic
CMP-002293,Melbourne,FL,4,2025-10,2550,23,synthetic
CMP-002294,Melbourne,FL,4,2025-11,2505,19,synthetic
CMP-002295,Melbourne,FL,4,2025-12,2440,27,synthetic
CMP-002296,Melbourne,FL,4,2026-01,2485,39,synthetic
CMP-002297,Melbourne,FL,4,2026-02,2470,22,synthetic
CMP-002298,Melbourne,FL,4,2026-03,2630,38,synthetic
CMP-002299,Melbourne,FL,4,2026-04,2645,27,synthetic
CMP-002300,Melbourne,FL,4,2026-05,2600,26,synthetic
CMP-002301,Melbourne,FL,4,2026-06,2670,36,synthetic
CMP-002302,Melbourne,FL,4,2026-07,2680,29,synthetic
CMP-002303,Melbourne,FL,4,2026-08,2730,17,synthetic
CMP-002304,Melbourne,FL,4,2026-09,2600,27,synthetic
CMP-002305,Melbourne,FL,5,2023-10,2675,30,synthetic
CMP-002306,Melbourne,FL,5,2023-11,2615,26,synthetic
CMP-002307,Melbourne,FL,5,2023-12,2660,32,synthetic
CMP-002308,Melbourne,FL,5,2024-01,2640,55,synthetic
CMP-002309,Melbourne,FL,5,2024-02,2650,35,synthetic
CMP-002310,Melbourne,FL,5,2024-03,2770,40,synthetic
CMP-002311,Melbourne,FL,5,2024-04,2795,36,synthetic
CMP-002312,Melbourne,FL,5,2024-05,2830,32,synthetic
CMP-002313,Melbourne,FL,5,2024-06,2870,56,synthetic
CMP-002314,Melbourne,FL,5,2024-07,2805,26,synthetic
CMP-002315,Melbourne,FL,5,2024-08,2815,25,synthetic
CMP-002316,Melbourne,FL,5,2024-09,2745,37,synthetic
CMP-002317,Melbourne,FL,5,2024-10,2705,33,synthetic
CMP-002318,Melbourne,FL,5,2024-11,2680,26,synthetic
CMP-002319,Melbourne,FL,5,2024-12,2730,28,synthetic
CMP-002320,Melbourne,FL,5,2025-01,2720,38,synthetic
CMP-002321,Melbourne,FL,5,2025-02,2770,56,synthetic
CMP-002322,Melbourne,FL,5,2025-03,2875,45,synthetic
CMP-002323,Melbourne,FL,5,2025-04,2940,23,synthetic
CMP-002324,Melbourne,FL,5,2025-05,2930,30,synthetic
CMP-002325,Melbourne,FL,5,2025-06,2975,47,synthetic
CMP-002326,Melbourne,FL,5,2025-07,2930,53,synthetic
CMP-002327,Melbourne,FL,5,2025-08,2895,55,synthetic
CMP-002328,Melbourne,FL,5,2025-09,2880,27,synthetic
CMP-002329,Melbourne,FL,5,2025-10,2785,44,synthetic
CMP-002330,Melbourne,FL,5,2025-11,2880,45,synthetic
CMP-002331,Melbourne,FL,5,2025-12,2795,33,synthetic
CMP-002332,Melbourne,FL,5,2026-01,2785,58,synthetic
CMP-002333,Melbourne,FL,5,2026-02,2830,54,synthetic
CMP-002334,Melbourne,FL,5,2026-03,2915,52,synthetic
CMP-002335,Melbourne,FL,5,2026-04,3050,51,synthetic
CMP-002336,Melbourne,FL,5,2026-05,3115,45,synthetic
CMP-002337,Melbourne,FL,5,2026-06,3005,52,synthetic
CMP-002338,Melbourne,FL,5,2026-07,3005,25,synthetic
CMP-002339,Melbourne,FL,5,2026-08,3015,35,synthetic
CMP-002340,Melbourne,FL,5,2026-09,2955,34,synthetic
CMP-002341,Menifee,CA,4,2023-10,4095,48,synthetic
CMP-002342,Menifee,CA,4,2023-11,3945,40,synthetic
CMP-002343,Menifee,CA,4,2023-12,3975,34,synthetic
CMP-002344,Menifee,CA,4,2024-01,4020,41,synthetic
CMP-002345,Menifee,CA,4,2024-02,4085,47,synthetic
CMP-002346,Menifee,CA,4,2024-03,4195,34,synthetic
CMP-002347,Menifee,CA,4,2024-04,4290,31,synthetic
CMP-002348,Menifee,CA,4,2024-05,4390,28,synthetic
CMP-002349,Menifee,CA,4,2024-06,4280,39,synthetic
CMP-002350,Menifee,CA,4,2024-07,4345,46,synthetic
CMP-002351,Menifee,CA,4,2024-08,4250,27,synthetic
CMP-002352,Menifee,CA,4,2024-09,4300,37,synthetic
CMP-002353,Menifee,CA,4,2024-10,4210,36,synthetic
CMP-002354,Menifee,CA,4,2024-11,4110,24,synthetic
CMP-002355,Menifee,CA,4,2024-12,4075,40,synthetic
CMP-002356,Menifee,CA,4,2025-01,4130,39,synthetic
CMP-002357,Menifee,CA,4,2025-02,4140,47,synthetic
CMP-002358,Menifee,CA,4,2025-03,4375,44,synthetic
CMP-002359,Menifee,CA,4,2025-04,4375,49,synthetic
CMP-002360,Menifee,CA,4,2025-05,4405,43,synthetic
CMP-002361,Menifee,CA,4,2025-06,4485,30,synthetic
CMP-002362,Menifee,CA,4,2025-07,4575,48,synthetic
CMP-002363,Menifee,CA,4,2025-08,4500,22,synthetic
CMP-002364,Menifee,CA,4,2025-09,4405,49,synthetic
CMP-002365,Menifee,CA,4,2025-10,4180,22,synthetic
CMP-002366,Menifee,CA,4,2025-11,4190,47,synthetic
CMP-002367,Menifee,CA,4,2025-12,4175,32,synthetic
CMP-002368,Menifee,CA,4,2026-01,4360,33,synthetic
CMP-002369,Menifee,CA,4,2026-02,4255,45,synthetic
CMP-002370,Menifee,CA,4,2026-03,4555,49,synthetic
CMP-002371,Menifee,CA,4,2026-04,4555,52,synthetic
CMP-002372,Menifee,CA,4,2026-05,4545,51,synthetic
CMP-002373,Menifee,CA,4,2026-06,4670,22,synthetic
CMP-002374,Menifee,CA,4,2026-07,4700,26,synthetic
CMP-002375,Menifee,CA,4,2026-08,4595,36,synthetic
CMP-002376,Menifee,CA,4,2026-09,4515,33,synthetic
CMP-002377,Menifee,CA,5,2023-10,4665,72,synthetic
CMP-002378,Menifee,CA,5,2023-11,4655,56,synthetic
CMP-002379,Menifee,CA,5,2023-12,4615,66,synthetic
CMP-002380,Menifee,CA,5,2024-01,4640,34,synthetic
CMP-002381,Menifee,CA,5,2024-02,4710,31,synthetic
CMP-002382,Menifee,CA,5,2024-03,4725,65,synthetic
CMP-002383,Menifee,CA,5,2024-04,4845,73,synthetic
CMP-002384,Menifee,CA,5,2024-05,5010,53,synthetic
CMP-002385,Menifee,CA,5,2024-06,4945,33,synthetic
CMP-002386,Menifee,CA,5,2024-07,5005,35,synthetic
CMP-002387,Menifee,CA,5,2024-08,4895,33,synthetic
CMP-002388,Menifee,CA,5,2024-09,4915,58,synthetic
CMP-002389,Menifee,CA,5,2024-10,4735,67,synthetic
CMP-002390,Menifee,CA,5,2024-11,4785,70,synthetic
CMP-002391,Menifee,CA,5,2024-12,4685,38,synthetic
CMP-002392,Menifee,CA,5,2025-01,4705,63,synthetic
CMP-002393,Menifee,CA,5,2025-02,4870,36,synthetic
CMP-002394,Menifee,CA,5,2025-03,4885,45,synthetic
CMP-002395,Menifee,CA,5,2025-04,5145,76,synthetic
CMP-002396,Menifee,CA,5,2025-05,5095,76,synthetic
CMP-002397,Menifee,CA,5,2025-06,5165,42,synthetic
CMP-002398,Menifee,CA,5,2025-07,5005,48,synthetic
CMP-002399,Menifee,CA,5,2025-08,5010,30,synthetic
CMP-002400,Menifee,CA,5,2025-09,5030,45,synthetic
CMP-002401,Menifee,CA,5,2025-10,4955,70,synthetic
CMP-002402,Menifee,CA,5,2025-11,5010,62,synthetic
CMP-002403,Menifee,CA,5,2025-12,4920,43,synthetic
CMP-002404,Menifee,CA,5,2026-01,4825,52,synthetic
CMP-002405,Menifee,CA,5,2026-02,5115,35,synthetic
CMP-002406,Menifee,CA,5,2026-03,5040,70,synthetic
CMP-002407,Menifee,CA,5,2026-04,5340,41,synthetic
CMP-002408,Menifee,CA,5,2026-05,5200,52,synthetic
CMP-002409,Menifee,CA,5,2026-06,5275,75,synthetic
CMP-002410,Menifee,CA,5,2026-07,5230,31,synthetic
CMP-002411,Menifee,CA,5,2026-08,5395,59,synthetic
CMP-002412,Menifee,CA,5,2026-09,5180,52,synthetic
CMP-002413,Monroe,NC,2,2023-10,2040,28,synthetic
CMP-002414,Monroe,NC,2,2023-11,2070,39,synthetic
CMP-002415,Monroe,NC,2,2023-12,2035,19,synthetic
CMP-002416,Monroe,NC,2,2024-01,2035,39,synthetic
CMP-002417,Monroe,NC,2,2024-02,2110,24,synthetic
CMP-002418,Monroe,NC,2,2024-03,2130,36,synthetic
CMP-002419,Monroe,NC,2,2024-04,2175,25,synthetic
CMP-002420,Monroe,NC,2,2024-05,2205,18,synthetic
CMP-002421,Monroe,NC,2,2024-06,2205,36,synthetic
CMP-002422,Monroe,NC,2,2024-07,2205,35,synthetic
CMP-002423,Monroe,NC,2,2024-08,2140,38,synthetic
CMP-002424,Monroe,NC,2,2024-09,2150,30,synthetic
CMP-002425,Monroe,NC,2,2024-10,2155,45,synthetic
CMP-002426,Monroe,NC,2,2024-11,2105,45,synthetic
CMP-002427,Monroe,NC,2,2024-12,2065,30,synthetic
CMP-002428,Monroe,NC,2,2025-01,2160,24,synthetic
CMP-002429,Monroe,NC,2,2025-02,2175,29,synthetic
CMP-002430,Monroe,NC,2,2025-03,2220,30,synthetic
CMP-002431,Monroe,NC,2,2025-04,2245,22,synthetic
CMP-002432,Monroe,NC,2,2025-05,2270,29,synthetic
CMP-002433,Monroe,NC,2,2025-06,2235,32,synthetic
CMP-002434,Monroe,NC,2,2025-07,2315,22,synthetic
CMP-002435,Monroe,NC,2,2025-08,2230,23,synthetic
CMP-002436,Monroe,NC,2,2025-09,2250,38,synthetic
CMP-002437,Monroe,NC,2,2025-10,2230,31,synthetic
CMP-002438,Monroe,NC,2,2025-11,2120,30,synthetic
CMP-002439,Monroe,NC,2,2025-12,2125,25,synthetic
CMP-002440,Monroe,NC,2,2026-01,2190,27,synthetic
CMP-002441,Monroe,NC,2,2026-02,2215,39,synthetic
CMP-002442,Monroe,NC,2,2026-03,2225,47,synthetic
CMP-002443,Monroe,NC,2,2026-04,2330,24,synthetic
CMP-002444,Monroe,NC,2,2026-05,2425,33,synthetic
CMP-002445,Monroe,NC,2,2026-06,2415,42,synthetic
CMP-002446,Monroe,NC,2,2026-07,2295,28,synthetic
CMP-002447,Monroe,NC,2,2026-08,2355,44,synthetic
CMP-002448,Monroe,NC,2,2026-09,2230,38,synthetic
CMP-002449,Monroe,NC,3,2023-10,2265,42,synthetic
CMP-002450,Monroe,NC,3,2023-11,2235,43,synthetic
CMP-002451,Monroe,NC,3,2023-12,2270,61,synthetic
CMP-002452,Monroe,NC,3,2024-01,2240,41,synthetic
CMP-002453,Monroe,NC,3,2024-02,2290,60,synthetic
CMP-002454,Monroe,NC,3,2024-03,2330,25,synthetic
CMP-002455,Monroe,NC,3,2024-04,2375,57,synthetic
CMP-002456,Monroe,NC,3,2024-05,2475,26,synthetic
CMP-002457,Monroe,NC,3,2024-06,2440,50,synthetic
CMP-002458,Monroe,NC,3,2024-07,2450,24,synthetic
CMP-002459,Monroe,NC,3,2024-08,2410,41,synthetic
CMP-002460,Monroe,NC,3,2024-09,2380,46,synthetic
CMP-002461,Monroe,NC,3,2024-10,2405,31,synthetic
CMP-002462,Monroe,NC,3,2024-11,2320,29,synthetic
CMP-002463,Monroe,NC,3,2024-12,2300,41,synthetic
CMP-002464,Monroe,NC,3,2025-01,2340,38,synthetic
CMP-002465,Monroe,NC,3,2025-02,2390,27,synthetic
CMP-002466,Monroe,NC,3,2025-03,2430,50,synthetic
CMP-002467,Monroe,NC,3,2025-04,2515,48,synthetic
CMP-002468,Monroe,NC,3,2025-05,2530,63,synthetic
CMP-002469,Monroe,NC,3,2025-06,2595,56,synthetic
CMP-002470,Monroe,NC,3,2025-07,2510,34,synthetic
CMP-002471,Monroe,NC,3,2025-08,2555,39,synthetic
CMP-002472,Monroe,NC,3,2025-09,2425,62,synthetic
CMP-002473,Monroe,NC,3,2025-10,2470,44,synthetic
CMP-002474,Monroe,NC,3,2025-11,2440,59,synthetic
CMP-002475,Monroe,NC,3,2025-12,2380,31,synthetic
CMP-002476,Monroe,NC,3,2026-01,2490,51,synthetic
CMP-002477,Monroe,NC,3,2026-02,2450,45,synthetic
CMP-002478,Monroe,NC,3,2026-03,2430,29,synthetic
CMP-002479,Monroe,NC,3,2026-04,2505,36,synthetic
CMP-002480,Monroe,NC,3,2026-05,2650,34,synthetic
CMP-002481,Monroe,NC,3,2026-06,2525,46,synthetic
CMP-002482,Monroe,NC,3,2026-07,2515,42,synthetic
CMP-002483,Monroe,NC,3,2026-08,2510,55,synthetic
CMP-002484,Monroe,NC,3,2026-09,2600,34,synthetic
CMP-002485,Monroe,NC,4,2023-10,2460,27,synthetic
CMP-002486,Monroe,NC,4,2023-11,2375,33,synthetic
CMP-002487,Monroe,NC,4,2023-12,2400,23,synthetic
CMP-002488,Monroe,NC,4,2024-01,2410,21,synthetic
CMP-002489,Monroe,NC,4,2024-02,2480,33,synthetic
CMP-002490,Monroe,NC,4,2024-03,2520,20,synthetic
CMP-002491,Monroe,NC,4,2024-04,2595,31,synthetic
CMP-002492,Monroe,NC,4,2024-05,2595,26,synthetic
CMP-002493,Monroe,NC,4,2024-06,2640,21,synthetic
CMP-002494,Monroe,NC,4,2024-07,2655,21,synthetic
CMP-002495,Monroe,NC,4,2024-08,2570,17,synthetic
CMP-002496,Monroe,NC,4,2024-09,2540,13,synthetic
CMP-002497,Monroe,NC,4,2024-10,2495,30,synthetic
CMP-002498,Monroe,NC,4,2024-11,2535,22,synthetic
CMP-002499,Monroe,NC,4,2024-12,2430,16,synthetic
CMP-002500,Monroe,NC,4,2025-01,2485,25,synthetic
CMP-002501,Monroe,NC,4,2025-02,2515,25,synthetic
CMP-002502,Monroe,NC,4,2025-03,2640,28,synthetic
CMP-002503,Monroe,NC,4,2025-04,2700,27,synthetic
CMP-002504,Monroe,NC,4,2025-05,2610,15,synthetic
CMP-002505,Monroe,NC,4,2025-06,2670,27,synthetic
CMP-002506,Monroe,NC,4,2025-07,2670,24,synthetic
CMP-002507,Monroe,NC,4,2025-08,2635,13,synthetic
CMP-002508,Monroe,NC,4,2025-09,2620,20,synthetic
CMP-002509,Monroe,NC,4,2025-10,2520,32,synthetic
CMP-002510,Monroe,NC,4,2025-11,2530,30,synthetic
CMP-002511,Monroe,NC,4,2025-12,2645,21,synthetic
CMP-002512,Monroe,NC,4,2026-01,2580,14,synthetic
CMP-002513,Monroe,NC,4,2026-02,2645,34,synthetic
CMP-002514,Monroe,NC,4,2026-03,2565,28,synthetic
CMP-002515,Monroe,NC,4,2026-04,2630,15,synthetic
CMP-002516,Monroe,NC,4,2026-05,2765,32,synthetic
CMP-002517,Monroe,NC,4,2026-06,2735,32,synthetic
CMP-002518,Monroe,NC,4,2026-07,2710,24,synthetic
CMP-002519,Monroe,NC,4,2026-08,2705,32,synthetic
CMP-002520,Monroe,NC,4,2026-09,2775,29,synthetic
CMP-002521,Montgomery,TX,3,2023-10,2190,59,synthetic
CMP-002522,Montgomery,TX,3,2023-11,2160,49,synthetic
CMP-002523,Montgomery,TX,3,2023-12,2135,42,synthetic
CMP-002524,Montgomery,TX,3,2024-01,2135,70,synthetic
CMP-002525,Montgomery,TX,3,2024-02,2170,85,synthetic
CMP-002526,Montgomery,TX,3,2024-03,2240,76,synthetic
CMP-002527,Montgomery,TX,3,2024-04,2265,80,synthetic
CMP-002528,Montgomery,TX,3,2024-05,2300,88,synthetic
CMP-002529,Montgomery,TX,3,2024-06,2360,87,synthetic
CMP-002530,Montgomery,TX,3,2024-07,2325,51,synthetic
CMP-002531,Montgomery,TX,3,2024-08,2290,65,synthetic
CMP-002532,Montgomery,TX,3,2024-09,2255,74,synthetic
CMP-002533,Montgomery,TX,3,2024-10,2225,39,synthetic
CMP-002534,Montgomery,TX,3,2024-11,2195,68,synthetic
CMP-002535,Montgomery,TX,3,2024-12,2205,58,synthetic
CMP-002536,Montgomery,TX,3,2025-01,2255,74,synthetic
CMP-002537,Montgomery,TX,3,2025-02,2265,52,synthetic
CMP-002538,Montgomery,TX,3,2025-03,2295,91,synthetic
CMP-002539,Montgomery,TX,3,2025-04,2385,82,synthetic
CMP-002540,Montgomery,TX,3,2025-05,2395,84,synthetic
CMP-002541,Montgomery,TX,3,2025-06,2330,43,synthetic
CMP-002542,Montgomery,TX,3,2025-07,2390,99,synthetic
CMP-002543,Montgomery,TX,3,2025-08,2305,48,synthetic
CMP-002544,Montgomery,TX,3,2025-09,2395,73,synthetic
CMP-002545,Montgomery,TX,3,2025-10,2330,92,synthetic
CMP-002546,Montgomery,TX,3,2025-11,2350,47,synthetic
CMP-002547,Montgomery,TX,3,2025-12,2285,92,synthetic
CMP-002548,Montgomery,TX,3,2026-01,2300,90,synthetic
CMP-002549,Montgomery,TX,3,2026-02,2295,52,synthetic
CMP-002550,Montgomery,TX,3,2026-03,2410,81,synthetic
CMP-002551,Montgomery,TX,3,2026-04,2365,51,synthetic
CMP-002552,Montgomery,TX,3,2026-05,2415,67,synthetic
CMP-002553,Montgomery,TX,3,2026-06,2485,80,synthetic
CMP-002554,Montgomery,TX,3,2026-07,2450,72,synthetic
CMP-002555,Montgomery,TX,3,2026-08,2420,91,synthetic
CMP-002556,Montgomery,TX,3,2026-09,2490,46,synthetic
CMP-002557,Montgomery,TX,4,2023-10,2350,54,synthetic
CMP-002558,Montgomery,TX,4,2023-11,2365,62,synthetic
CMP-002559,Montgomery,TX,4,2023-12,2305,62,synthetic
CMP-002560,Montgomery,TX,4,2024-01,2365,71,synthetic
CMP-002561,Montgomery,TX,4,2024-02,2365,122,synthetic
CMP-002562,Montgomery,TX,4,2024-03,2455,86,synthetic
CMP-002563,Montgomery,TX,4,2024-04,2465,93,synthetic
CMP-002564,Montgomery,TX,4,2024-05,2520,67,synthetic
CMP-002565,Montgomery,TX,4,2024-06,2580,77,synthetic
CMP-002566,Montgomery,TX,4,2024-07,2500,133,synthetic
CMP-002567,Montgomery,TX,4,2024-08,2480,92,synthetic
CMP-002568,Montgomery,TX,4,2024-09,2475,104,synthetic
CMP-002569,Montgomery,TX,4,2024-10,2430,109,synthetic
CMP-002570,Montgomery,TX,4,2024-11,2450,117,synthetic
CMP-002571,Montgomery,TX,4,2024-12,2425,126,synthetic
CMP-002572,Montgomery,TX,4,2025-01,2395,57,synthetic
CMP-002573,Montgomery,TX,4,2025-02,2435,81,synthetic
CMP-002574,Montgomery,TX,4,2025-03,2490,101,synthetic
CMP-002575,Montgomery,TX,4,2025-04,2630,92,synthetic
CMP-002576,Montgomery,TX,4,2025-05,2655,92,synthetic
CMP-002577,Montgomery,TX,4,2025-06,2565,84,synthetic
CMP-002578,Montgomery,TX,4,2025-07,2655,97,synthetic
CMP-002579,Montgomery,TX,4,2025-08,2555,134,synthetic
CMP-002580,Montgomery,TX,4,2025-09,2545,135,synthetic
CMP-002581,Montgomery,TX,4,2025-10,2495,129,synthetic
CMP-002582,Montgomery,TX,4,2025-11,2455,72,synthetic
CMP-002583,Montgomery,TX,4,2025-12,2490,80,synthetic
CMP-002584,Montgomery,TX,4,2026-01,2495,72,synthetic
CMP-002585,Montgomery,TX,4,2026-02,2590,87,synthetic
CMP-002586,Montgomery,TX,4,2026-03,2600,100,synthetic
CMP-002587,Montgomery,TX,4,2026-04,2655,88,synthetic
CMP-002588,Montgomery,TX,4,2026-05,2725,113,synthetic
CMP-002589,Montgomery,TX,4,2026-06,2720,116,synthetic
CMP-002590,Montgomery,TX,4,2026-07,2680,133,synthetic
CMP-002591,Montgomery,TX,4,2026-08,2620,64,synthetic
CMP-002592,Montgomery,TX,4,2026-09,2615,139,synthetic
CMP-002593,New Braunfels,TX,3,2023-10,1650,62,synthetic
CMP-002594,New Braunfels,TX,3,2023-11,1635,68,synthetic
CMP-002595,New Braunfels,TX,3,2023-12,1640,57,synthetic
CMP-002596,New Braunfels,TX,3,2024-01,1650,73,synthetic
CMP-002597,New Braunfels,TX,3,2024-02,1655,48,synthetic
CMP-002598,New Braunfels,TX,3,2024-03,1715,30,synthetic
CMP-002599,New Braunfels,TX,3,2024-04,1740,60,synthetic
CMP-002600,New Braunfels,TX,3,2024-05,1745,58,synthetic
CMP-002601,New Braunfels,TX,3,2024-06,1790,42,synthetic
CMP-002602,New Braunfels,TX,3,2024-07,1790,72,synthetic
CMP-002603,New Braunfels,TX,3,2024-08,1725,45,synthetic
CMP-002604,New Braunfels,TX,3,2024-09,1755,68,synthetic
CMP-002605,New Braunfels,TX,3,2024-10,1725,47,synthetic
CMP-002606,New Braunfels,TX,3,2024-11,1660,68,synthetic
CMP-002607,New Braunfels,TX,3,2024-12,1645,55,synthetic
CMP-002608,New Braunfels,TX,3,2025-01,1700,40,synthetic
CMP-002609,New Braunfels,TX,3,2025-02,1695,39,synthetic
CMP-002610,New Braunfels,TX,3,2025-03,1790,76,synthetic
CMP-002611,New Braunfels,TX,3,2025-04,1820,36,synthetic
CMP-002612,New Braunfels,TX,3,2025-05,1805,54,synthetic
CMP-002613,New Braunfels,TX,3,2025-06,1835,35,synthetic
CMP-002614,New Braunfels,TX,3,2025-07,1855,36,synthetic
CMP-002615,New Braunfels,TX,3,2025-08,1820,53,synthetic
CMP-002616,New Braunfels,TX,3,2025-09,1785,60,synthetic
CMP-002617,New Braunfels,TX,3,2025-10,1750,73,synthetic
CMP-002618,New Braunfels,TX,3,2025-11,1690,79,synthetic
CMP-002619,New Braunfels,TX,3,2025-12,1690,51,synthetic
CMP-002620,New Braunfels,TX,3,2026-01,1740,79,synthetic
CMP-002621,New Braunfels,TX,3,2026-02,1750,69,synthetic
CMP-002622,New Braunfels,TX,3,2026-03,1825,46,synthetic
CMP-002623,New Braunfels,TX,3,2026-04,1875,39,synthetic
CMP-002624,New Braunfels,TX,3,2026-05,1820,31,synthetic
CMP-002625,New Braunfels,TX,3,2026-06,1910,49,synthetic
CMP-002626,New Braunfels,TX,3,2026-07,1940,31,synthetic
CMP-002627,New Braunfels,TX,3,2026-08,1900,35,synthetic
CMP-002628,New Braunfels,TX,3,2026-09,1795,58,synthetic
CMP-002629,New Braunfels,TX,4,2023-10,1815,67,synthetic
CMP-002630,New Braunfels,TX,4,2023-11,1805,108,synthetic
CMP-002631,New Braunfels,TX,4,2023-12,1775,78,synthetic
CMP-002632,New Braunfels,TX,4,2024-01,1815,117,synthetic
CMP-002633,New Braunfels,TX,4,2024-02,1815,88,synthetic
CMP-002634,New Braunfels,TX,4,2024-03,1895,65,synthetic
CMP-002635,New Braunfels,TX,4,2024-04,1930,145,synthetic
CMP-002636,New Braunfels,TX,4,2024-05,1965,65,synthetic
CMP-002637,New Braunfels,TX,4,2024-06,1975,145,synthetic
CMP-002638,New Braunfels,TX,4,2024-07,1930,63,synthetic
CMP-002639,New Braunfels,TX,4,2024-08,1935,84,synthetic
CMP-002640,New Braunfels,TX,4,2024-09,1930,141,synthetic
CMP-002641,New Braunfels,TX,4,2024-10,1855,62,synthetic
CMP-002642,New Braunfels,TX,4,2024-11,1880,120,synthetic
CMP-002643,New Braunfels,TX,4,2024-12,1835,90,synthetic
CMP-002644,New Braunfels,TX,4,2025-01,1890,147,synthetic
CMP-002645,New Braunfels,TX,4,2025-02,1860,61,synthetic
CMP-002646,New Braunfels,TX,4,2025-03,1910,132,synthetic
CMP-002647,New Braunfels,TX,4,2025-04,1980,135,synthetic
CMP-002648,New Braunfels,TX,4,2025-05,2010,95,synthetic
CMP-002649,New Braunfels,TX,4,2025-06,2005,108,synthetic
CMP-002650,New Braunfels,TX,4,2025-07,1990,123,synthetic
CMP-002651,New Braunfels,TX,4,2025-08,2030,65,synthetic
CMP-002652,New Braunfels,TX,4,2025-09,1975,67,synthetic
CMP-002653,New Braunfels,TX,4,2025-10,1935,80,synthetic
CMP-002654,New Braunfels,TX,4,2025-11,1930,143,synthetic
CMP-002655,New Braunfels,TX,4,2025-12,1895,71,synthetic
CMP-002656,New Braunfels,TX,4,2026-01,1970,94,synthetic
CMP-002657,New Braunfels,TX,4,2026-02,1975,115,synthetic
CMP-002658,New Braunfels,TX,4,2026-03,2035,62,synthetic
CMP-002659,New Braunfels,TX,4,2026-04,2030,121,synthetic
CMP-002660,New Braunfels,TX,4,2026-05,2090,102,synthetic
CMP-002661,New Braunfels,TX,4,2026-06,2125,121,synthetic
CMP-002662,New Braunfels,TX,4,2026-07,2080,57,synthetic
CMP-002663,New Braunfels,TX,4,2026-08,1990,93,synthetic
CMP-002664,New Braunfels,TX,4,2026-09,2020,125,synthetic
CMP-002665,New Caney,TX,3,2023-10,1750,60,synthetic
CMP-002666,New Caney,TX,3,2023-11,1730,47,synthetic
CMP-002667,New Caney,TX,3,2023-12,1730,60,synthetic
CMP-002668,New Caney,TX,3,2024-01,1765,68,synthetic
CMP-002669,New Caney,TX,3,2024-02,1770,106,synthetic
CMP-002670,New Caney,TX,3,2024-03,1820,105,synthetic
CMP-002671,New Caney,TX,3,2024-04,1835,91,synthetic
CMP-002672,New Caney,TX,3,2024-05,1895,73,synthetic
CMP-002673,New Caney,TX,3,2024-06,1880,59,synthetic
CMP-002674,New Caney,TX,3,2024-07,1900,69,synthetic
CMP-002675,New Caney,TX,3,2024-08,1875,78,synthetic
CMP-002676,New Caney,TX,3,2024-09,1850,74,synthetic
CMP-002677,New Caney,TX,3,2024-10,1825,89,synthetic
CMP-002678,New Caney,TX,3,2024-11,1755,97,synthetic
CMP-002679,New Caney,TX,3,2024-12,1795,89,synthetic
CMP-002680,New Caney,TX,3,2025-01,1760,89,synthetic
CMP-002681,New Caney,TX,3,2025-02,1835,105,synthetic
CMP-002682,New Caney,TX,3,2025-03,1845,51,synthetic
CMP-002683,New Caney,TX,3,2025-04,1880,71,synthetic
CMP-002684,New Caney,TX,3,2025-05,1915,62,synthetic
CMP-002685,New Caney,TX,3,2025-06,1905,44,synthetic
CMP-002686,New Caney,TX,3,2025-07,1955,60,synthetic
CMP-002687,New Caney,TX,3,2025-08,1885,40,synthetic
CMP-002688,New Caney,TX,3,2025-09,1845,50,synthetic
CMP-002689,New Caney,TX,3,2025-10,1815,51,synthetic
CMP-002690,New Caney,TX,3,2025-11,1825,44,synthetic
CMP-002691,New Caney,TX,3,2025-12,1870,71,synthetic
CMP-002692,New Caney,TX,3,2026-01,1845,50,synthetic
CMP-002693,New Caney,TX,3,2026-02,1915,59,synthetic
CMP-002694,New Caney,TX,3,2026-03,1985,96,synthetic
CMP-002695,New Caney,TX,3,2026-04,1945,104,synthetic
CMP-002696,New Caney,TX,3,2026-05,2015,91,synthetic
CMP-002697,New Caney,TX,3,2026-06,1975,103,synthetic
CMP-002698,New Caney,TX,3,2026-07,2035,97,synthetic
CMP-002699,New Caney,TX,3,2026-08,1970,72,synthetic
CMP-002700,New Caney,TX,3,2026-09,1995,73,synthetic
CMP-002701,New Caney,TX,4,2023-10,1925,87,synthetic
CMP-002702,New Caney,TX,4,2023-11,1955,116,synthetic
CMP-002703,New Caney,TX,4,2023-12,1910,68,synthetic
CMP-002704,New Caney,TX,4,2024-01,1925,117,synthetic
CMP-002705,New Caney,TX,4,2024-02,1980,88,synthetic
CMP-002706,New Caney,TX,4,2024-03,2020,52,synthetic
CMP-002707,New Caney,TX,4,2024-04,2030,68,synthetic
CMP-002708,New Caney,TX,4,2024-05,2065,71,synthetic
CMP-002709,New Caney,TX,4,2024-06,2075,75,synthetic
CMP-002710,New Caney,TX,4,2024-07,2085,73,synthetic
CMP-002711,New Caney,TX,4,2024-08,2085,71,synthetic
CMP-002712,New Caney,TX,4,2024-09,2035,79,synthetic
CMP-002713,New Caney,TX,4,2024-10,2000,68,synthetic
CMP-002714,New Caney,TX,4,2024-11,1975,53,synthetic
CMP-002715,New Caney,TX,4,2024-12,1975,59,synthetic
CMP-002716,New Caney,TX,4,2025-01,2005,108,synthetic
CMP-002717,New Caney,TX,4,2025-02,2005,53,synthetic
CMP-002718,New Caney,TX,4,2025-03,2080,106,synthetic
CMP-002719,New Caney,TX,4,2025-04,2090,62,synthetic
CMP-002720,New Caney,TX,4,2025-05,2170,49,synthetic
CMP-002721,New Caney,TX,4,2025-06,2145,111,synthetic
CMP-002722,New Caney,TX,4,2025-07,2135,61,synthetic
CMP-002723,New Caney,TX,4,2025-08,2090,90,synthetic
CMP-002724,New Caney,TX,4,2025-09,2085,77,synthetic
CMP-002725,New Caney,TX,4,2025-10,2030,82,synthetic
CMP-002726,New Caney,TX,4,2025-11,2025,111,synthetic
CMP-002727,New Caney,TX,4,2025-12,2095,115,synthetic
CMP-002728,New Caney,TX,4,2026-01,2085,105,synthetic
CMP-002729,New Caney,TX,4,2026-02,2055,73,synthetic
CMP-002730,New Caney,TX,4,2026-03,2155,55,synthetic
CMP-002731,New Caney,TX,4,2026-04,2115,70,synthetic
CMP-002732,New Caney,TX,4,2026-05,2235,113,synthetic
CMP-002733,New Caney,TX,4,2026-06,2250,72,synthetic
CMP-002734,New Caney,TX,4,2026-07,2245,94,synthetic
CMP-002735,New Caney,TX,4,2026-08,2205,56,synthetic
CMP-002736,New Caney,TX,4,2026-09,2090,64,synthetic
CMP-002737,New Port Richey,FL,3,2023-10,2175,20,synthetic
CMP-002738,New Port Richey,FL,3,2023-11,2145,38,synthetic
CMP-002739,New Port Richey,FL,3,2023-12,2190,25,synthetic
CMP-002740,New Port Richey,FL,3,2024-01,2150,34,synthetic
CMP-002741,New Port Richey,FL,3,2024-02,2235,38,synthetic
CMP-002742,New Port Richey,FL,3,2024-03,2280,30,synthetic
CMP-002743,New Port Richey,FL,3,2024-04,2330,30,synthetic
CMP-002744,New Port Richey,FL,3,2024-05,2335,39,synthetic
CMP-002745,New Port Richey,FL,3,2024-06,2345,32,synthetic
CMP-002746,New Port Richey,FL,3,2024-07,2365,31,synthetic
CMP-002747,New Port Richey,FL,3,2024-08,2300,23,synthetic
CMP-002748,New Port Richey,FL,3,2024-09,2305,23,synthetic
CMP-002749,New Port Richey,FL,3,2024-10,2260,26,synthetic
CMP-002750,New Port Richey,FL,3,2024-11,2235,17,synthetic
CMP-002751,New Port Richey,FL,3,2024-12,2260,32,synthetic
CMP-002752,New Port Richey,FL,3,2025-01,2270,38,synthetic
CMP-002753,New Port Richey,FL,3,2025-02,2275,31,synthetic
CMP-002754,New Port Richey,FL,3,2025-03,2345,29,synthetic
CMP-002755,New Port Richey,FL,3,2025-04,2355,38,synthetic
CMP-002756,New Port Richey,FL,3,2025-05,2380,19,synthetic
CMP-002757,New Port Richey,FL,3,2025-06,2440,30,synthetic
CMP-002758,New Port Richey,FL,3,2025-07,2445,38,synthetic
CMP-002759,New Port Richey,FL,3,2025-08,2400,30,synthetic
CMP-002760,New Port Richey,FL,3,2025-09,2365,32,synthetic
CMP-002761,New Port Richey,FL,3,2025-10,2360,23,synthetic
CMP-002762,New Port Richey,FL,3,2025-11,2310,35,synthetic
CMP-002763,New Port Richey,FL,3,2025-12,2325,18,synthetic
CMP-002764,New Port Richey,FL,3,2026-01,2325,15,synthetic
CMP-002765,New Port Richey,FL,3,2026-02,2370,35,synthetic
CMP-002766,New Port Richey,FL,3,2026-03,2470,21,synthetic
CMP-002767,New Port Richey,FL,3,2026-04,2510,20,synthetic
CMP-002768,New Port Richey,FL,3,2026-05,2560,22,synthetic
CMP-002769,New Port Richey,FL,3,2026-06,2585,23,synthetic
CMP-002770,New Port Richey,FL,3,2026-07,2530,24,synthetic
CMP-002771,New Port Richey,FL,3,2026-08,2400,21,synthetic
CMP-002772,New Port Richey,FL,3,2026-09,2430,25,synthetic
CMP-002773,New Port Richey,FL,4,2023-10,2340,51,synthetic
CMP-002774,New Port Richey,FL,4,2023-11,2330,62,synthetic
CMP-002775,New Port Richey,FL,4,2023-12,2335,67,synthetic
CMP-002776,New Port Richey,FL,4,2024-01,2335,38,synthetic
CMP-002777,New Port Richey,FL,4,2024-02,2360,39,synthetic
CMP-002778,New Port Richey,FL,4,2024-03,2400,29,synthetic
CMP-002779,New Port Richey,FL,4,2024-04,2450,70,synthetic
CMP-002780,New Port Richey,FL,4,2024-05,2530,34,synthetic
CMP-002781,New Port Richey,FL,4,2024-06,2505,68,synthetic
CMP-002782,New Port Richey,FL,4,2024-07,2525,29,synthetic
CMP-002783,New Port Richey,FL,4,2024-08,2465,44,synthetic
CMP-002784,New Port Richey,FL,4,2024-09,2460,64,synthetic
CMP-002785,New Port Richey,FL,4,2024-10,2430,60,synthetic
CMP-002786,New Port Richey,FL,4,2024-11,2415,28,synthetic
CMP-002787,New Port Richey,FL,4,2024-12,2355,73,synthetic
CMP-002788,New Port Richey,FL,4,2025-01,2420,54,synthetic
CMP-002789,New Port Richey,FL,4,2025-02,2490,68,synthetic
CMP-002790,New Port Richey,FL,4,2025-03,2550,69,synthetic
CMP-002791,New Port Richey,FL,4,2025-04,2560,39,synthetic
CMP-002792,New Port Richey,FL,4,2025-05,2645,44,synthetic
CMP-002793,New Port Richey,FL,4,2025-06,2580,70,synthetic
CMP-002794,New Port Richey,FL,4,2025-07,2600,42,synthetic
CMP-002795,New Port Richey,FL,4,2025-08,2550,36,synthetic
CMP-002796,New Port Richey,FL,4,2025-09,2575,60,synthetic
CMP-002797,New Port Richey,FL,4,2025-10,2485,59,synthetic
CMP-002798,New Port Richey,FL,4,2025-11,2530,30,synthetic
CMP-002799,New Port Richey,FL,4,2025-12,2470,44,synthetic
CMP-002800,New Port Richey,FL,4,2026-01,2465,50,synthetic
CMP-002801,New Port Richey,FL,4,2026-02,2555,32,synthetic
CMP-002802,New Port Richey,FL,4,2026-03,2605,70,synthetic
CMP-002803,New Port Richey,FL,4,2026-04,2610,73,synthetic
CMP-002804,New Port Richey,FL,4,2026-05,2685,53,synthetic
CMP-002805,New Port Richey,FL,4,2026-06,2615,34,synthetic
CMP-002806,New Port Richey,FL,4,2026-07,2700,49,synthetic
CMP-002807,New Port Richey,FL,4,2026-08,2715,32,synthetic
CMP-002808,New Port Richey,FL,4,2026-09,2580,53,synthetic
CMP-002809,Orange Park,FL,3,2023-10,1900,72,synthetic
CMP-002810,Orange Park,FL,3,2023-11,1865,51,synthetic
CMP-002811,Orange Park,FL,3,2023-12,1865,93,synthetic
CMP-002812,Orange Park,FL,3,2024-01,1865,65,synthetic
CMP-002813,Orange Park,FL,3,2024-02,1915,96,synthetic
CMP-002814,Orange Park,FL,3,2024-03,1965,71,synthetic
CMP-002815,Orange Park,FL,3,2024-04,2000,50,synthetic
CMP-002816,Orange Park,FL,3,2024-05,2070,106,synthetic
CMP-002817,Orange Park,FL,3,2024-06,2050,91,synthetic
CMP-002818,Orange Park,FL,3,2024-07,2015,64,synthetic
CMP-002819,Orange Park,FL,3,2024-08,2025,92,synthetic
CMP-002820,Orange Park,FL,3,2024-09,1955,90,synthetic
CMP-002821,Orange Park,FL,3,2024-10,1935,57,synthetic
CMP-002822,Orange Park,FL,3,2024-11,1940,57,synthetic
CMP-002823,Orange Park,FL,3,2024-12,1960,87,synthetic
CMP-002824,Orange Park,FL,3,2025-01,1960,55,synthetic
CMP-002825,Orange Park,FL,3,2025-02,1980,111,synthetic
CMP-002826,Orange Park,FL,3,2025-03,2050,81,synthetic
CMP-002827,Orange Park,FL,3,2025-04,2060,62,synthetic
CMP-002828,Orange Park,FL,3,2025-05,2110,44,synthetic
CMP-002829,Orange Park,FL,3,2025-06,2090,59,synthetic
CMP-002830,Orange Park,FL,3,2025-07,2085,58,synthetic
CMP-002831,Orange Park,FL,3,2025-08,2085,52,synthetic
CMP-002832,Orange Park,FL,3,2025-09,2120,82,synthetic
CMP-002833,Orange Park,FL,3,2025-10,2035,48,synthetic
CMP-002834,Orange Park,FL,3,2025-11,2015,68,synthetic
CMP-002835,Orange Park,FL,3,2025-12,1950,94,synthetic
CMP-002836,Orange Park,FL,3,2026-01,2080,53,synthetic
CMP-002837,Orange Park,FL,3,2026-02,2095,85,synthetic
CMP-002838,Orange Park,FL,3,2026-03,2080,93,synthetic
CMP-002839,Orange Park,FL,3,2026-04,2115,80,synthetic
CMP-002840,Orange Park,FL,3,2026-05,2175,99,synthetic
CMP-002841,Orange Park,FL,3,2026-06,2225,46,synthetic
CMP-002842,Orange Park,FL,3,2026-07,2215,67,synthetic
CMP-002843,Orange Park,FL,3,2026-08,2225,83,synthetic
CMP-002844,Orange Park,FL,3,2026-09,2110,73,synthetic
CMP-002845,Osteen,FL,3,2023-10,2405,95,synthetic
CMP-002846,Osteen,FL,3,2023-11,2385,68,synthetic
CMP-002847,Osteen,FL,3,2023-12,2380,99,synthetic
CMP-002848,Osteen,FL,3,2024-01,2415,99,synthetic
CMP-002849,Osteen,FL,3,2024-02,2425,110,synthetic
CMP-002850,Osteen,FL,3,2024-03,2515,61,synthetic
CMP-002851,Osteen,FL,3,2024-04,2550,80,synthetic
CMP-002852,Osteen,FL,3,2024-05,2590,65,synthetic
CMP-002853,Osteen,FL,3,2024-06,2575,64,synthetic
CMP-002854,Osteen,FL,3,2024-07,2610,111,synthetic
CMP-002855,Osteen,FL,3,2024-08,2555,73,synthetic
CMP-002856,Osteen,FL,3,2024-09,2520,70,synthetic
CMP-002857,Osteen,FL,3,2024-10,2470,106,synthetic
CMP-002858,Osteen,FL,3,2024-11,2450,57,synthetic
CMP-002859,Osteen,FL,3,2024-12,2475,98,synthetic
CMP-002860,Osteen,FL,3,2025-01,2490,52,synthetic
CMP-002861,Osteen,FL,3,2025-02,2465,119,synthetic
CMP-002862,Osteen,FL,3,2025-03,2525,117,synthetic
CMP-002863,Osteen,FL,3,2025-04,2635,62,synthetic
CMP-002864,Osteen,FL,3,2025-05,2680,100,synthetic
CMP-002865,Osteen,FL,3,2025-06,2625,92,synthetic
CMP-002866,Osteen,FL,3,2025-07,2615,45,synthetic
CMP-002867,Osteen,FL,3,2025-08,2720,80,synthetic
CMP-002868,Osteen,FL,3,2025-09,2590,72,synthetic
CMP-002869,Osteen,FL,3,2025-10,2615,91,synthetic
CMP-002870,Osteen,FL,3,2025-11,2565,115,synthetic
CMP-002871,Osteen,FL,3,2025-12,2580,92,synthetic
CMP-002872,Osteen,FL,3,2026-01,2620,117,synthetic
CMP-002873,Osteen,FL,3,2026-02,2535,80,synthetic
CMP-002874,Osteen,FL,3,2026-03,2750,86,synthetic
CMP-002875,Osteen,FL,3,2026-04,2765,63,synthetic
CMP-002876,Osteen,FL,3,2026-05,2755,98,synthetic
CMP-002877,Osteen,FL,3,2026-06,2775,100,synthetic
CMP-002878,Osteen,FL,3,2026-07,2765,65,synthetic
CMP-002879,Osteen,FL,3,2026-08,2655,48,synthetic
CMP-002880,Osteen,FL,3,2026-09,2745,96,synthetic
CMP-002881,Osteen,FL,4,2023-10,2725,48,synthetic
CMP-002882,Osteen,FL,4,2023-11,2700,76,synthetic
CMP-002883,Osteen,FL,4,2023-12,2750,44,synthetic
CMP-002884,Osteen,FL,4,2024-01,2755,64,synthetic
CMP-002885,Osteen,FL,4,2024-02,2790,37,synthetic
CMP-002886,Osteen,FL,4,2024-03,2845,98,synthetic
CMP-002887,Osteen,FL,4,2024-04,2920,96,synthetic
CMP-002888,Osteen,FL,4,2024-05,2880,76,synthetic
CMP-002889,Osteen,FL,4,2024-06,2925,93,synthetic
CMP-002890,Osteen,FL,4,2024-07,2980,51,synthetic
CMP-002891,Osteen,FL,4,2024-08,2890,54,synthetic
CMP-002892,Osteen,FL,4,2024-09,2855,46,synthetic
CMP-002893,Osteen,FL,4,2024-10,2810,38,synthetic
CMP-002894,Osteen,FL,4,2024-11,2755,68,synthetic
CMP-002895,Osteen,FL,4,2024-12,2755,44,synthetic
CMP-002896,Osteen,FL,4,2025-01,2800,73,synthetic
CMP-002897,Osteen,FL,4,2025-02,2895,62,synthetic
CMP-002898,Osteen,FL,4,2025-03,2960,72,synthetic
CMP-002899,Osteen,FL,4,2025-04,2985,80,synthetic
CMP-002900,Osteen,FL,4,2025-05,3035,67,synthetic
CMP-002901,Osteen,FL,4,2025-06,3060,59,synthetic
CMP-002902,Osteen,FL,4,2025-07,3035,80,synthetic
CMP-002903,Osteen,FL,4,2025-08,3045,95,synthetic
CMP-002904,Osteen,FL,4,2025-09,3045,38,synthetic
CMP-002905,Osteen,FL,4,2025-10,2975,65,synthetic
CMP-002906,Osteen,FL,4,2025-11,2920,89,synthetic
CMP-002907,Osteen,FL,4,2025-12,2895,86,synthetic
CMP-002908,Osteen,FL,4,2026-01,2900,99,synthetic
CMP-002909,Osteen,FL,4,2026-02,3040,62,synthetic
CMP-002910,Osteen,FL,4,2026-03,3110,84,synthetic
CMP-002911,Osteen,FL,4,2026-04,3100,39,synthetic
CMP-002912,Osteen,FL,4,2026-05,3025,93,synthetic
CMP-002913,Osteen,FL,4,2026-06,3100,46,synthetic
CMP-002914,Osteen,FL,4,2026-07,3215,48,synthetic
CMP-002915,Osteen,FL,4,2026-08,3145,73,synthetic
CMP-002916,Osteen,FL,4,2026-09,3120,61,synthetic
CMP-002917,Palmetto,FL,3,2023-10,2335,10,synthetic
CMP-002918,Palmetto,FL,3,2023-11,2330,12,synthetic
CMP-002919,Palmetto,FL,3,2023-12,2295,8,synthetic
CMP-002920,Palmetto,FL,3,2024-01,2340,10,synthetic
CMP-002921,Palmetto,FL,3,2024-02,2370,15,synthetic
CMP-002922,Palmetto,FL,3,2024-03,2415,9,synthetic
CMP-002923,Palmetto,FL,3,2024-04,2470,8,synthetic
CMP-002924,Palmetto,FL,3,2024-05,2520,7,synthetic
CMP-002925,Palmetto,FL,3,2024-06,2545,6,synthetic
CMP-002926,Palmetto,FL,3,2024-07,2520,10,synthetic
CMP-002927,Palmetto,FL,3,2024-08,2515,13,synthetic
CMP-002928,Palmetto,FL,3,2024-09,2465,15,synthetic
CMP-002929,Palmetto,FL,3,2024-10,2410,9,synthetic
CMP-002930,Palmetto,FL,3,2024-11,2395,13,synthetic
CMP-002931,Palmetto,FL,3,2024-12,2415,8,synthetic
CMP-002932,Palmetto,FL,3,2025-01,2435,14,synthetic
CMP-002933,Palmetto,FL,3,2025-02,2415,14,synthetic
CMP-002934,Palmetto,FL,3,2025-03,2515,10,synthetic
CMP-002935,Palmetto,FL,3,2025-04,2575,7,synthetic
CMP-002936,Palmetto,FL,3,2025-05,2595,6,synthetic
CMP-002937,Palmetto,FL,3,2025-06,2580,10,synthetic
CMP-002938,Palmetto,FL,3,2025-07,2630,13,synthetic
CMP-002939,Palmetto,FL,3,2025-08,2560,15,synthetic
CMP-002940,Palmetto,FL,3,2025-09,2485,15,synthetic
CMP-002941,Palmetto,FL,3,2025-10,2455,13,synthetic
CMP-002942,Palmetto,FL,3,2025-11,2420,7,synthetic
CMP-002943,Palmetto,FL,3,2025-12,2495,7,synthetic
CMP-002944,Palmetto,FL,3,2026-01,2490,11,synthetic
CMP-002945,Palmetto,FL,3,2026-02,2580,12,synthetic
CMP-002946,Palmetto,FL,3,2026-03,2600,15,synthetic
CMP-002947,Palmetto,FL,3,2026-04,2585,15,synthetic
CMP-002948,Palmetto,FL,3,2026-05,2600,12,synthetic
CMP-002949,Palmetto,FL,3,2026-06,2770,12,synthetic
CMP-002950,Palmetto,FL,3,2026-07,2700,8,synthetic
CMP-002951,Palmetto,FL,3,2026-08,2605,13,synthetic
CMP-002952,Palmetto,FL,3,2026-09,2625,10,synthetic
CMP-002953,Palmetto,FL,4,2023-10,2730,33,synthetic
CMP-002954,Palmetto,FL,4,2023-11,2660,45,synthetic
CMP-002955,Palmetto,FL,4,2023-12,2680,23,synthetic
CMP-002956,Palmetto,FL,4,2024-01,2670,25,synthetic
CMP-002957,Palmetto,FL,4,2024-02,2800,36,synthetic
CMP-002958,Palmetto,FL,4,2024-03,2765,46,synthetic
CMP-002959,Palmetto,FL,4,2024-04,2840,45,synthetic
CMP-002960,Palmetto,FL,4,2024-05,2905,46,synthetic
CMP-002961,Palmetto,FL,4,2024-06,2895,31,synthetic
CMP-002962,Palmetto,FL,4,2024-07,2940,25,synthetic
CMP-002963,Palmetto,FL,4,2024-08,2950,43,synthetic
CMP-002964,Palmetto,FL,4,2024-09,2890,35,synthetic
CMP-002965,Palmetto,FL,4,2024-10,2790,22,synthetic
CMP-002966,Palmetto,FL,4,2024-11,2785,44,synthetic
CMP-002967,Palmetto,FL,4,2024-12,2815,22,synthetic
CMP-002968,Palmetto,FL,4,2025-01,2805,42,synthetic
CMP-002969,Palmetto,FL,4,2025-02,2825,42,synthetic
CMP-002970,Palmetto,FL,4,2025-03,2890,31,synthetic
CMP-002971,Palmetto,FL,4,2025-04,2965,18,synthetic
CMP-002972,Palmetto,FL,4,2025-05,2980,47,synthetic
CMP-002973,Palmetto,FL,4,2025-06,3060,39,synthetic
CMP-002974,Palmetto,FL,4,2025-07,3005,42,synthetic
CMP-002975,Palmetto,FL,4,2025-08,2935,24,synthetic
CMP-002976,Palmetto,FL,4,2025-09,2890,45,synthetic
CMP-002977,Palmetto,FL,4,2025-10,2870,25,synthetic
CMP-002978,Palmetto,FL,4,2025-11,2875,25,synthetic
CMP-002979,Palmetto,FL,4,2025-12,2925,33,synthetic
CMP-002980,Palmetto,FL,4,2026-01,2805,38,synthetic
CMP-002981,Palmetto,FL,4,2026-02,3005,42,synthetic
CMP-002982,Palmetto,FL,4,2026-03,2965,40,synthetic
CMP-002983,Palmetto,FL,4,2026-04,2970,21,synthetic
CMP-002984,Palmetto,FL,4,2026-05,3090,31,synthetic
CMP-002985,Palmetto,FL,4,2026-06,3150,44,synthetic
CMP-002986,Palmetto,FL,4,2026-07,3155,19,synthetic
CMP-002987,Palmetto,FL,4,2026-08,2985,26,synthetic
CMP-002988,Palmetto,FL,4,2026-09,3090,23,synthetic
CMP-002989,Palmetto,FL,5,2023-10,2840,82,synthetic
CMP-002990,Palmetto,FL,5,2023-11,2790,85,synthetic
CMP-002991,Palmetto,FL,5,2023-12,2795,88,synthetic
CMP-002992,Palmetto,FL,5,2024-01,2840,72,synthetic
CMP-002993,Palmetto,FL,5,2024-02,2890,90,synthetic
CMP-002994,Palmetto,FL,5,2024-03,2945,64,synthetic
CMP-002995,Palmetto,FL,5,2024-04,3025,83,synthetic
CMP-002996,Palmetto,FL,5,2024-05,3045,105,synthetic
CMP-002997,Palmetto,FL,5,2024-06,3045,115,synthetic
CMP-002998,Palmetto,FL,5,2024-07,3035,124,synthetic
CMP-002999,Palmetto,FL,5,2024-08,3020,71,synthetic
CMP-003000,Palmetto,FL,5,2024-09,3020,103,synthetic
CMP-003001,Palmetto,FL,5,2024-10,2955,50,synthetic
CMP-003002,Palmetto,FL,5,2024-11,2890,88,synthetic
CMP-003003,Palmetto,FL,5,2024-12,2895,101,synthetic
CMP-003004,Palmetto,FL,5,2025-01,2950,103,synthetic
CMP-003005,Palmetto,FL,5,2025-02,2975,125,synthetic
CMP-003006,Palmetto,FL,5,2025-03,3005,105,synthetic
CMP-003007,Palmetto,FL,5,2025-04,3125,85,synthetic
CMP-003008,Palmetto,FL,5,2025-05,3160,81,synthetic
CMP-003009,Palmetto,FL,5,2025-06,3095,66,synthetic
CMP-003010,Palmetto,FL,5,2025-07,3240,66,synthetic
CMP-003011,Palmetto,FL,5,2025-08,3155,118,synthetic
CMP-003012,Palmetto,FL,5,2025-09,3060,122,synthetic
CMP-003013,Palmetto,FL,5,2025-10,3010,70,synthetic
CMP-003014,Palmetto,FL,5,2025-11,2955,110,synthetic
CMP-003015,Palmetto,FL,5,2025-12,2935,57,synthetic
CMP-003016,Palmetto,FL,5,2026-01,2960,69,synthetic
CMP-003017,Palmetto,FL,5,2026-02,3150,92,synthetic
CMP-003018,Palmetto,FL,5,2026-03,3060,94,synthetic
CMP-003019,Palmetto,FL,5,2026-04,3270,124,synthetic
CMP-003020,Palmetto,FL,5,2026-05,3290,101,synthetic
CMP-003021,Palmetto,FL,5,2026-06,3310,117,synthetic
CMP-003022,Palmetto,FL,5,2026-07,3170,86,synthetic
CMP-003023,Palmetto,FL,5,2026-08,3180,92,synthetic
CMP-003024,Palmetto,FL,5,2026-09,3135,109,synthetic
CMP-003025,Palmetto,FL,6,2023-10,3310,21,synthetic
CMP-003026,Palmetto,FL,6,2023-11,3220,13,synthetic
CMP-003027,Palmetto,FL,6,2023-12,3200,26,synthetic
CMP-003028,Palmetto,FL,6,2024-01,3285,19,synthetic
CMP-003029,Palmetto,FL,6,2024-02,3345,28,synthetic
CMP-003030,Palmetto,FL,6,2024-03,3410,25,synthetic
CMP-003031,Palmetto,FL,6,2024-04,3500,24,synthetic
CMP-003032,Palmetto,FL,6,2024-05,3530,19,synthetic
CMP-003033,Palmetto,FL,6,2024-06,3475,21,synthetic
CMP-003034,Palmetto,FL,6,2024-07,3565,21,synthetic
CMP-003035,Palmetto,FL,6,2024-08,3505,27,synthetic
CMP-003036,Palmetto,FL,6,2024-09,3420,15,synthetic
CMP-003037,Palmetto,FL,6,2024-10,3365,27,synthetic
CMP-003038,Palmetto,FL,6,2024-11,3295,21,synthetic
CMP-003039,Palmetto,FL,6,2024-12,3330,15,synthetic
CMP-003040,Palmetto,FL,6,2025-01,3395,23,synthetic
CMP-003041,Palmetto,FL,6,2025-02,3490,17,synthetic
CMP-003042,Palmetto,FL,6,2025-03,3540,27,synthetic
CMP-003043,Palmetto,FL,6,2025-04,3580,17,synthetic
CMP-003044,Palmetto,FL,6,2025-05,3595,16,synthetic
CMP-003045,Palmetto,FL,6,2025-06,3640,17,synthetic
CMP-003046,Palmetto,FL,6,2025-07,3695,12,synthetic
CMP-003047,Palmetto,FL,6,2025-08,3520,25,synthetic
CMP-003048,Palmetto,FL,6,2025-09,3545,31,synthetic
CMP-003049,Palmetto,FL,6,2025-10,3510,15,synthetic
CMP-003050,Palmetto,FL,6,2025-11,3350,16,synthetic
CMP-003051,Palmetto,FL,6,2025-12,3520,19,synthetic
CMP-003052,Palmetto,FL,6,2026-01,3480,20,synthetic
CMP-003053,Palmetto,FL,6,2026-02,3460,31,synthetic
CMP-003054,Palmetto,FL,6,2026-03,3475,30,synthetic
CMP-003055,Palmetto,FL,6,2026-04,3625,12,synthetic
CMP-003056,Palmetto,FL,6,2026-05,3780,16,synthetic
CMP-003057,Palmetto,FL,6,2026-06,3755,22,synthetic
CMP-003058,Palmetto,FL,6,2026-07,3730,27,synthetic
CMP-003059,Palmetto,FL,6,2026-08,3635,16,synthetic
CMP-003060,Palmetto,FL,6,2026-09,3600,27,synthetic
CMP-003061,Parrish,FL,3,2023-10,2745,15,synthetic
CMP-003062,Parrish,FL,3,2023-11,2705,23,synthetic
CMP-003063,Parrish,FL,3,2023-12,2760,19,synthetic
CMP-003064,Parrish,FL,3,2024-01,2755,18,synthetic
CMP-003065,Parrish,FL,3,2024-02,2815,10,synthetic
CMP-003066,Parrish,FL,3,2024-03,2845,22,synthetic
CMP-003067,Parrish,FL,3,2024-04,2920,23,synthetic
CMP-003068,Parrish,FL,3,2024-05,2890,11,synthetic
CMP-003069,Parrish,FL,3,2024-06,3000,23,synthetic
CMP-003070,Parrish,FL,3,2024-07,2960,18,synthetic
CMP-003071,Parrish,FL,3,2024-08,2935,15,synthetic
CMP-003072,Parrish,FL,3,2024-09,2880,14,synthetic
CMP-003073,Parrish,FL,3,2024-10,2825,19,synthetic
CMP-003074,Parrish,FL,3,2024-11,2765,10,synthetic
CMP-003075,Parrish,FL,3,2024-12,2810,22,synthetic
CMP-003076,Parrish,FL,3,2025-01,2770,19,synthetic
CMP-003077,Parrish,FL,3,2025-02,2855,11,synthetic
CMP-003078,Parrish,FL,3,2025-03,2925,19,synthetic
CMP-003079,Parrish,FL,3,2025-04,2985,16,synthetic
CMP-003080,Parrish,FL,3,2025-05,3045,9,synthetic
CMP-003081,Parrish,FL,3,2025-06,3060,13,synthetic
CMP-003082,Parrish,FL,3,2025-07,3085,16,synthetic
CMP-003083,Parrish,FL,3,2025-08,2985,9,synthetic
CMP-003084,Parrish,FL,3,2025-09,2880,21,synthetic
CMP-003085,Parrish,FL,3,2025-10,2955,14,synthetic
CMP-003086,Parrish,FL,3,2025-11,2800,13,synthetic
CMP-003087,Parrish,FL,3,2025-12,2855,23,synthetic
CMP-003088,Parrish,FL,3,2026-01,2925,12,synthetic
CMP-003089,Parrish,FL,3,2026-02,2930,18,synthetic
CMP-003090,Parrish,FL,3,2026-03,2980,9,synthetic
CMP-003091,Parrish,FL,3,2026-04,3115,23,synthetic
CMP-003092,Parrish,FL,3,2026-05,3175,15,synthetic
CMP-003093,Parrish,FL,3,2026-06,3075,14,synthetic
CMP-003094,Parrish,FL,3,2026-07,3115,14,synthetic
CMP-003095,Parrish,FL,3,2026-08,3085,12,synthetic
CMP-003096,Parrish,FL,3,2026-09,3095,15,synthetic
CMP-003097,Parrish,FL,4,2023-10,3065,30,synthetic
CMP-003098,Parrish,FL,4,2023-11,3055,44,synthetic
CMP-003099,Parrish,FL,4,2023-12,3040,43,synthetic
CMP-003100,Parrish,FL,4,2024-01,3035,41,synthetic
CMP-003101,Parrish,FL,4,2024-02,3075,33,synthetic
CMP-003102,Parrish,FL,4,2024-03,3180,29,synthetic
CMP-003103,Parrish,FL,4,2024-04,3255,47,synthetic
CMP-003104,Parrish,FL,4,2024-05,3295,26,synthetic
CMP-003105,Parrish,FL,4,2024-06,3325,28,synthetic
CMP-003106,Parrish,FL,4,2024-07,3270,23,synthetic
CMP-003107,Parrish,FL,4,2024-08,3255,41,synthetic
CMP-003108,Parrish,FL,4,2024-09,3205,46,synthetic
CMP-003109,Parrish,FL,4,2024-10,3170,46,synthetic
CMP-003110,Parrish,FL,4,2024-11,3085,42,synthetic
CMP-003111,Parrish,FL,4,2024-12,3065,30,synthetic
CMP-003112,Parrish,FL,4,2025-01,3190,31,synthetic
CMP-003113,Parrish,FL,4,2025-02,3215,38,synthetic
CMP-003114,Parrish,FL,4,2025-03,3260,26,synthetic
CMP-003115,Parrish,FL,4,2025-04,3255,39,synthetic
CMP-003116,Parrish,FL,4,2025-05,3445,25,synthetic
CMP-003117,Parrish,FL,4,2025-06,3365,27,synthetic
CMP-003118,Parrish,FL,4,2025-07,3390,20,synthetic
CMP-003119,Parrish,FL,4,2025-08,3400,35,synthetic
CMP-003120,Parrish,FL,4,2025-09,3255,35,synthetic
CMP-003121,Parrish,FL,4,2025-10,3215,22,synthetic
CMP-003122,Parrish,FL,4,2025-11,3210,31,synthetic
CMP-003123,Parrish,FL,4,2025-12,3300,24,synthetic
CMP-003124,Parrish,FL,4,2026-01,3125,33,synthetic
CMP-003125,Parrish,FL,4,2026-02,3230,44,synthetic
CMP-003126,Parrish,FL,4,2026-03,3475,47,synthetic
CMP-003127,Parrish,FL,4,2026-04,3455,24,synthetic
CMP-003128,Parrish,FL,4,2026-05,3455,20,synthetic
CMP-003129,Parrish,FL,4,2026-06,3380,22,synthetic
CMP-003130,Parrish,FL,4,2026-07,3430,21,synthetic
CMP-003131,Parrish,FL,4,2026-08,3490,28,synthetic
CMP-003132,Parrish,FL,4,2026-09,3460,24,synthetic
CMP-003133,Port Charlotte,FL,3,2023-10,2330,60,synthetic
CMP-003134,Port Charlotte,FL,3,2023-11,2330,84,synthetic
CMP-003135,Port Charlotte,FL,3,2023-12,2295,80,synthetic
CMP-003136,Port Charlotte,FL,3,2024-01,2300,42,synthetic
CMP-003137,Port Charlotte,FL,3,2024-02,2345,74,synthetic
CMP-003138,Port Charlotte,FL,3,2024-03,2370,67,synthetic
CMP-003139,Port Charlotte,FL,3,2024-04,2425,71,synthetic
CMP-003140,Port Charlotte,FL,3,2024-05,2520,49,synthetic
CMP-003141,Port Charlotte,FL,3,2024-06,2475,68,synthetic
CMP-003142,Port Charlotte,FL,3,2024-07,2515,62,synthetic
CMP-003143,Port Charlotte,FL,3,2024-08,2470,63,synthetic
CMP-003144,Port Charlotte,FL,3,2024-09,2405,78,synthetic
CMP-003145,Port Charlotte,FL,3,2024-10,2420,54,synthetic
CMP-003146,Port Charlotte,FL,3,2024-11,2380,52,synthetic
CMP-003147,Port Charlotte,FL,3,2024-12,2370,36,synthetic
CMP-003148,Port Charlotte,FL,3,2025-01,2400,79,synthetic
CMP-003149,Port Charlotte,FL,3,2025-02,2385,38,synthetic
CMP-003150,Port Charlotte,FL,3,2025-03,2530,77,synthetic
CMP-003151,Port Charlotte,FL,3,2025-04,2510,62,synthetic
CMP-003152,Port Charlotte,FL,3,2025-05,2520,74,synthetic
CMP-003153,Port Charlotte,FL,3,2025-06,2580,85,synthetic
CMP-003154,Port Charlotte,FL,3,2025-07,2535,77,synthetic
CMP-003155,Port Charlotte,FL,3,2025-08,2560,54,synthetic
CMP-003156,Port Charlotte,FL,3,2025-09,2525,79,synthetic
CMP-003157,Port Charlotte,FL,3,2025-10,2530,64,synthetic
CMP-003158,Port Charlotte,FL,3,2025-11,2450,80,synthetic
CMP-003159,Port Charlotte,FL,3,2025-12,2435,48,synthetic
CMP-003160,Port Charlotte,FL,3,2026-01,2540,60,synthetic
CMP-003161,Port Charlotte,FL,3,2026-02,2425,85,synthetic
CMP-003162,Port Charlotte,FL,3,2026-03,2530,79,synthetic
CMP-003163,Port Charlotte,FL,3,2026-04,2660,63,synthetic
CMP-003164,Port Charlotte,FL,3,2026-05,2605,46,synthetic
CMP-003165,Port Charlotte,FL,3,2026-06,2645,36,synthetic
CMP-003166,Port Charlotte,FL,3,2026-07,2615,34,synthetic
CMP-003167,Port Charlotte,FL,3,2026-08,2545,34,synthetic
CMP-003168,Port Charlotte,FL,3,2026-09,2580,38,synthetic
CMP-003169,Port Charlotte,FL,4,2023-10,2570,68,synthetic
CMP-003170,Port Charlotte,FL,4,2023-11,2595,42,synthetic
CMP-003171,Port Charlotte,FL,4,2023-12,2545,43,synthetic
CMP-003172,Port Charlotte,FL,4,2024-01,2550,75,synthetic
CMP-003173,Port Charlotte,FL,4,2024-02,2650,68,synthetic
CMP-003174,Port Charlotte,FL,4,2024-03,2680,67,synthetic
CMP-003175,Port Charlotte,FL,4,2024-04,2720,75,synthetic
CMP-003176,Port Charlotte,FL,4,2024-05,2790,82,synthetic
CMP-003177,Port Charlotte,FL,4,2024-06,2810,55,synthetic
CMP-003178,Port Charlotte,FL,4,2024-07,2780,49,synthetic
CMP-003179,Port Charlotte,FL,4,2024-08,2760,43,synthetic
CMP-003180,Port Charlotte,FL,4,2024-09,2665,55,synthetic
CMP-003181,Port Charlotte,FL,4,2024-10,2635,75,synthetic
CMP-003182,Port Charlotte,FL,4,2024-11,2695,48,synthetic
CMP-003183,Port Charlotte,FL,4,2024-12,2660,76,synthetic
CMP-003184,Port Charlotte,FL,4,2025-01,2700,61,synthetic
CMP-003185,Port Charlotte,FL,4,2025-02,2740,99,synthetic
CMP-003186,Port Charlotte,FL,4,2025-03,2735,51,synthetic
CMP-003187,Port Charlotte,FL,4,2025-04,2790,98,synthetic
CMP-003188,Port Charlotte,FL,4,2025-05,2845,68,synthetic
CMP-003189,Port Charlotte,FL,4,2025-06,2875,69,synthetic
CMP-003190,Port Charlotte,FL,4,2025-07,2880,81,synthetic
CMP-003191,Port Charlotte,FL,4,2025-08,2780,82,synthetic
CMP-003192,Port Charlotte,FL,4,2025-09,2865,62,synthetic
CMP-003193,Port Charlotte,FL,4,2025-10,2725,76,synthetic
CMP-003194,Port Charlotte,FL,4,2025-11,2710,59,synthetic
CMP-003195,Port Charlotte,FL,4,2025-12,2680,61,synthetic
CMP-003196,Port Charlotte,FL,4,2026-01,2655,49,synthetic
CMP-003197,Port Charlotte,FL,4,2026-02,2760,80,synthetic
CMP-003198,Port Charlotte,FL,4,2026-03,2870,59,synthetic
CMP-003199,Port Charlotte,FL,4,2026-04,2955,79,synthetic
CMP-003200,Port Charlotte,FL,4,2026-05,2905,54,synthetic
CMP-003201,Port Charlotte,FL,4,2026-06,2975,43,synthetic
CMP-003202,Port Charlotte,FL,4,2026-07,2995,98,synthetic
CMP-003203,Port Charlotte,FL,4,2026-08,3015,59,synthetic
CMP-003204,Port Charlotte,FL,4,2026-09,2910,95,synthetic
CMP-003205,Princeton,TX,3,2023-10,1690,86,synthetic
CMP-003206,Princeton,TX,3,2023-11,1665,96,synthetic
CMP-003207,Princeton,TX,3,2023-12,1675,88,synthetic
CMP-003208,Princeton,TX,3,2024-01,1690,54,synthetic
CMP-003209,Princeton,TX,3,2024-02,1695,49,synthetic
CMP-003210,Princeton,TX,3,2024-03,1725,102,synthetic
CMP-003211,Princeton,TX,3,2024-04,1755,52,synthetic
CMP-003212,Princeton,TX,3,2024-05,1790,75,synthetic
CMP-003213,Princeton,TX,3,2024-06,1830,59,synthetic
CMP-003214,Princeton,TX,3,2024-07,1785,83,synthetic
CMP-003215,Princeton,TX,3,2024-08,1800,98,synthetic
CMP-003216,Princeton,TX,3,2024-09,1760,51,synthetic
CMP-003217,Princeton,TX,3,2024-10,1750,53,synthetic
CMP-003218,Princeton,TX,3,2024-11,1730,43,synthetic
CMP-003219,Princeton,TX,3,2024-12,1715,109,synthetic
CMP-003220,Princeton,TX,3,2025-01,1725,101,synthetic
CMP-003221,Princeton,TX,3,2025-02,1765,96,synthetic
CMP-003222,Princeton,TX,3,2025-03,1840,76,synthetic
CMP-003223,Princeton,TX,3,2025-04,1810,62,synthetic
CMP-003224,Princeton,TX,3,2025-05,1850,61,synthetic
CMP-003225,Princeton,TX,3,2025-06,1885,86,synthetic
CMP-003226,Princeton,TX,3,2025-07,1900,43,synthetic
CMP-003227,Princeton,TX,3,2025-08,1855,45,synthetic
CMP-003228,Princeton,TX,3,2025-09,1800,61,synthetic
CMP-003229,Princeton,TX,3,2025-10,1780,60,synthetic
CMP-003230,Princeton,TX,3,2025-11,1760,91,synthetic
CMP-003231,Princeton,TX,3,2025-12,1750,91,synthetic
CMP-003232,Princeton,TX,3,2026-01,1775,104,synthetic
CMP-003233,Princeton,TX,3,2026-02,1775,86,synthetic
CMP-003234,Princeton,TX,3,2026-03,1855,79,synthetic
CMP-003235,Princeton,TX,3,2026-04,1920,47,synthetic
CMP-003236,Princeton,TX,3,2026-05,1935,81,synthetic
CMP-003237,Princeton,TX,3,2026-06,1900,49,synthetic
CMP-003238,Princeton,TX,3,2026-07,1925,89,synthetic
CMP-003239,Princeton,TX,3,2026-08,1845,78,synthetic
CMP-003240,Princeton,TX,3,2026-09,1835,92,synthetic
CMP-003241,Princeton,TX,4,2023-10,1900,33,synthetic
CMP-003242,Princeton,TX,4,2023-11,1840,56,synthetic
CMP-003243,Princeton,TX,4,2023-12,1850,52,synthetic
CMP-003244,Princeton,TX,4,2024-01,1860,34,synthetic
CMP-003245,Princeton,TX,4,2024-02,1915,58,synthetic
CMP-003246,Princeton,TX,4,2024-03,1980,68,synthetic
CMP-003247,Princeton,TX,4,2024-04,2000,35,synthetic
CMP-003248,Princeton,TX,4,2024-05,2025,55,synthetic
CMP-003249,Princeton,TX,4,2024-06,2050,37,synthetic
CMP-003250,Princeton,TX,4,2024-07,2045,56,synthetic
CMP-003251,Princeton,TX,4,2024-08,2025,37,synthetic
CMP-003252,Princeton,TX,4,2024-09,1960,42,synthetic
CMP-003253,Princeton,TX,4,2024-10,1980,64,synthetic
CMP-003254,Princeton,TX,4,2024-11,1915,36,synthetic
CMP-003255,Princeton,TX,4,2024-12,1915,36,synthetic
CMP-003256,Princeton,TX,4,2025-01,1940,59,synthetic
CMP-003257,Princeton,TX,4,2025-02,1940,68,synthetic
CMP-003258,Princeton,TX,4,2025-03,1985,54,synthetic
CMP-003259,Princeton,TX,4,2025-04,2070,32,synthetic
CMP-003260,Princeton,TX,4,2025-05,2065,53,synthetic
CMP-003261,Princeton,TX,4,2025-06,2090,38,synthetic
CMP-003262,Princeton,TX,4,2025-07,2035,62,synthetic
CMP-003263,Princeton,TX,4,2025-08,2090,47,synthetic
CMP-003264,Princeton,TX,4,2025-09,2040,48,synthetic
CMP-003265,Princeton,TX,4,2025-10,2010,61,synthetic
CMP-003266,Princeton,TX,4,2025-11,1965,55,synthetic
CMP-003267,Princeton,TX,4,2025-12,1935,70,synthetic
CMP-003268,Princeton,TX,4,2026-01,2025,77,synthetic
CMP-003269,Princeton,TX,4,2026-02,2095,61,synthetic
CMP-003270,Princeton,TX,4,2026-03,2040,65,synthetic
CMP-003271,Princeton,TX,4,2026-04,2190,43,synthetic
CMP-003272,Princeton,TX,4,2026-05,2185,78,synthetic
CMP-003273,Princeton,TX,4,2026-06,2155,52,synthetic
CMP-003274,Princeton,TX,4,2026-07,2175,67,synthetic
CMP-003275,Princeton,TX,4,2026-08,2185,58,synthetic
CMP-003276,Princeton,TX,4,2026-09,2095,79,synthetic
CMP-003277,Ruskin,FL,3,2023-10,2495,39,synthetic
CMP-003278,Ruskin,FL,3,2023-11,2460,65,synthetic
CMP-003279,Ruskin,FL,3,2023-12,2495,58,synthetic
CMP-003280,Ruskin,FL,3,2024-01,2520,54,synthetic
CMP-003281,Ruskin,FL,3,2024-02,2565,53,synthetic
CMP-003282,Ruskin,FL,3,2024-03,2605,44,synthetic
CMP-003283,Ruskin,FL,3,2024-04,2620,45,synthetic
CMP-003284,Ruskin,FL,3,2024-05,2715,73,synthetic
CMP-003285,Ruskin,FL,3,2024-06,2655,76,synthetic
CMP-003286,Ruskin,FL,3,2024-07,2670,50,synthetic
CMP-003287,Ruskin,FL,3,2024-08,2640,68,synthetic
CMP-003288,Ruskin,FL,3,2024-09,2565,53,synthetic
CMP-003289,Ruskin,FL,3,2024-10,2590,32,synthetic
CMP-003290,Ruskin,FL,3,2024-11,2565,75,synthetic
CMP-003291,Ruskin,FL,3,2024-12,2515,59,synthetic
CMP-003292,Ruskin,FL,3,2025-01,2565,32,synthetic
CMP-003293,Ruskin,FL,3,2025-02,2640,70,synthetic
CMP-003294,Ruskin,FL,3,2025-03,2710,33,synthetic
CMP-003295,Ruskin,FL,3,2025-04,2705,54,synthetic
CMP-003296,Ruskin,FL,3,2025-05,2760,74,synthetic
CMP-003297,Ruskin,FL,3,2025-06,2790,30,synthetic
CMP-003298,Ruskin,FL,3,2025-07,2835,42,synthetic
CMP-003299,Ruskin,FL,3,2025-08,2805,31,synthetic
CMP-003300,Ruskin,FL,3,2025-09,2625,65,synthetic
CMP-003301,Ruskin,FL,3,2025-10,2720,55,synthetic
CMP-003302,Ruskin,FL,3,2025-11,2595,58,synthetic
CMP-003303,Ruskin,FL,3,2025-12,2600,66,synthetic
CMP-003304,Ruskin,FL,3,2026-01,2710,30,synthetic
CMP-003305,Ruskin,FL,3,2026-02,2610,45,synthetic
CMP-003306,Ruskin,FL,3,2026-03,2775,31,synthetic
CMP-003307,Ruskin,FL,3,2026-04,2720,37,synthetic
CMP-003308,Ruskin,FL,3,2026-05,2805,75,synthetic
CMP-003309,Ruskin,FL,3,2026-06,2915,62,synthetic
CMP-003310,Ruskin,FL,3,2026-07,2885,43,synthetic
CMP-003311,Ruskin,FL,3,2026-08,2770,79,synthetic
CMP-003312,Ruskin,FL,3,2026-09,2835,42,synthetic
CMP-003313,Ruskin,FL,4,2023-10,2825,82,synthetic
CMP-003314,Ruskin,FL,4,2023-11,2800,51,synthetic
CMP-003315,Ruskin,FL,4,2023-12,2785,38,synthetic
CMP-003316,Ruskin,FL,4,2024-01,2785,39,synthetic
CMP-003317,Ruskin,FL,4,2024-02,2820,44,synthetic
CMP-003318,Ruskin,FL,4,2024-03,2910,61,synthetic
CMP-003319,Ruskin,FL,4,2024-04,2935,46,synthetic
CMP-003320,Ruskin,FL,4,2024-05,2965,54,synthetic
CMP-003321,Ruskin,FL,4,2024-06,3045,75,synthetic
CMP-003322,Ruskin,FL,4,2024-07,3025,76,synthetic
CMP-003323,Ruskin,FL,4,2024-08,2975,80,synthetic
CMP-003324,Ruskin,FL,4,2024-09,2985,56,synthetic
CMP-003325,Ruskin,FL,4,2024-10,2955,94,synthetic
CMP-003326,Ruskin,FL,4,2024-11,2870,58,synthetic
CMP-003327,Ruskin,FL,4,2024-12,2840,57,synthetic
CMP-003328,Ruskin,FL,4,2025-01,2875,57,synthetic
CMP-003329,Ruskin,FL,4,2025-02,2900,41,synthetic
CMP-003330,Ruskin,FL,4,2025-03,3000,82,synthetic
CMP-003331,Ruskin,FL,4,2025-04,3065,71,synthetic
CMP-003332,Ruskin,FL,4,2025-05,3095,43,synthetic
CMP-003333,Ruskin,FL,4,2025-06,3100,47,synthetic
CMP-003334,Ruskin,FL,4,2025-07,3205,70,synthetic
CMP-003335,Ruskin,FL,4,2025-08,3090,92,synthetic
CMP-003336,Ruskin,FL,4,2025-09,3005,91,synthetic
CMP-003337,Ruskin,FL,4,2025-10,3000,77,synthetic
CMP-003338,Ruskin,FL,4,2025-11,2940,67,synthetic
CMP-003339,Ruskin,FL,4,2025-12,2965,55,synthetic
CMP-003340,Ruskin,FL,4,2026-01,3000,86,synthetic
CMP-003341,Ruskin,FL,4,2026-02,3015,70,synthetic
CMP-003342,Ruskin,FL,4,2026-03,3025,58,synthetic
CMP-003343,Ruskin,FL,4,2026-04,3140,41,synthetic
CMP-003344,Ruskin,FL,4,2026-05,3255,92,synthetic
CMP-003345,Ruskin,FL,4,2026-06,3265,74,synthetic
CMP-003346,Ruskin,FL,4,2026-07,3275,65,synthetic
CMP-003347,Ruskin,FL,4,2026-08,3095,95,synthetic
CMP-003348,Ruskin,FL,4,2026-09,3135,50,synthetic
CMP-003349,Ruskin,FL,5,2023-10,3275,81,synthetic
CMP-003350,Ruskin,FL,5,2023-11,3155,44,synthetic
CMP-003351,Ruskin,FL,5,2023-12,3140,51,synthetic
CMP-003352,Ruskin,FL,5,2024-01,3215,43,synthetic
CMP-003353,Ruskin,FL,5,2024-02,3300,71,synthetic
CMP-003354,Ruskin,FL,5,2024-03,3295,34,synthetic
CMP-003355,Ruskin,FL,5,2024-04,3420,82,synthetic
CMP-003356,Ruskin,FL,5,2024-05,3440,82,synthetic
CMP-003357,Ruskin,FL,5,2024-06,3445,87,synthetic
CMP-003358,Ruskin,FL,5,2024-07,3450,67,synthetic
CMP-003359,Ruskin,FL,5,2024-08,3455,35,synthetic
CMP-003360,Ruskin,FL,5,2024-09,3335,60,synthetic
CMP-003361,Ruskin,FL,5,2024-10,3355,37,synthetic
CMP-003362,Ruskin,FL,5,2024-11,3340,75,synthetic
CMP-003363,Ruskin,FL,5,2024-12,3305,41,synthetic
CMP-003364,Ruskin,FL,5,2025-01,3305,74,synthetic
CMP-003365,Ruskin,FL,5,2025-02,3365,58,synthetic
CMP-003366,Ruskin,FL,5,2025-03,3345,48,synthetic
CMP-003367,Ruskin,FL,5,2025-04,3440,38,synthetic
CMP-003368,Ruskin,FL,5,2025-05,3620,60,synthetic
CMP-003369,Ruskin,FL,5,2025-06,3605,36,synthetic
CMP-003370,Ruskin,FL,5,2025-07,3620,65,synthetic
CMP-003371,Ruskin,FL,5,2025-08,3525,39,synthetic
CMP-003372,Ruskin,FL,5,2025-09,3450,56,synthetic
CMP-003373,Ruskin,FL,5,2025-10,3535,54,synthetic
CMP-003374,Ruskin,FL,5,2025-11,3355,41,synthetic
CMP-003375,Ruskin,FL,5,2025-12,3430,57,synthetic
CMP-003376,Ruskin,FL,5,2026-01,3405,45,synthetic
CMP-003377,Ruskin,FL,5,2026-02,3505,56,synthetic
CMP-003378,Ruskin,FL,5,2026-03,3580,48,synthetic
CMP-003379,Ruskin,FL,5,2026-04,3525,84,synthetic
CMP-003380,Ruskin,FL,5,2026-05,3655,77,synthetic
CMP-003381,Ruskin,FL,5,2026-06,3665,66,synthetic
CMP-003382,Ruskin,FL,5,2026-07,3820,51,synthetic
CMP-003383,Ruskin,FL,5,2026-08,3575,67,synthetic
CMP-003384,Ruskin,FL,5,2026-09,3530,36,synthetic
CMP-003385,Ruskin,FL,6,2023-10,3490,85,synthetic
CMP-003386,Ruskin,FL,6,2023-11,3425,84,synthetic
CMP-003387,Ruskin,FL,6,2023-12,3415,86,synthetic
CMP-003388,Ruskin,FL,6,2024-01,3485,83,synthetic
CMP-003389,Ruskin,FL,6,2024-02,3445,65,synthetic
CMP-003390,Ruskin,FL,6,2024-03,3525,83,synthetic
CMP-003391,Ruskin,FL,6,2024-04,3600,93,synthetic
CMP-003392,Ruskin,FL,6,2024-05,3685,70,synthetic
CMP-003393,Ruskin,FL,6,2024-06,3770,99,synthetic
CMP-003394,Ruskin,FL,6,2024-07,3675,67,synthetic
CMP-003395,Ruskin,FL,6,2024-08,3675,42,synthetic
CMP-003396,Ruskin,FL,6,2024-09,3615,70,synthetic
CMP-003397,Ruskin,FL,6,2024-10,3540,75,synthetic
CMP-003398,Ruskin,FL,6,2024-11,3480,59,synthetic
CMP-003399,Ruskin,FL,6,2024-12,3460,45,synthetic
CMP-003400,Ruskin,FL,6,2025-01,3480,39,synthetic
CMP-003401,Ruskin,FL,6,2025-02,3600,42,synthetic
CMP-003402,Ruskin,FL,6,2025-03,3630,76,synthetic
CMP-003403,Ruskin,FL,6,2025-04,3690,102,synthetic
CMP-003404,Ruskin,FL,6,2025-05,3835,43,synthetic
CMP-003405,Ruskin,FL,6,2025-06,3760,92,synthetic
CMP-003406,Ruskin,FL,6,2025-07,3790,59,synthetic
CMP-003407,Ruskin,FL,6,2025-08,3755,52,synthetic
CMP-003408,Ruskin,FL,6,2025-09,3655,74,synthetic
CMP-003409,Ruskin,FL,6,2025-10,3740,91,synthetic
CMP-003410,Ruskin,FL,6,2025-11,3635,64,synthetic
CMP-003411,Ruskin,FL,6,2025-12,3675,59,synthetic
CMP-003412,Ruskin,FL,6,2026-01,3705,94,synthetic
CMP-003413,Ruskin,FL,6,2026-02,3590,91,synthetic
CMP-003414,Ruskin,FL,6,2026-03,3775,55,synthetic
CMP-003415,Ruskin,FL,6,2026-04,3845,85,synthetic
CMP-003416,Ruskin,FL,6,2026-05,3955,103,synthetic
CMP-003417,Ruskin,FL,6,2026-06,3935,39,synthetic
CMP-003418,Ruskin,FL,6,2026-07,4035,41,synthetic
CMP-003419,Ruskin,FL,6,2026-08,3895,87,synthetic
CMP-003420,Ruskin,FL,6,2026-09,3915,88,synthetic
CMP-003421,San Antonio,TX,2,2023-10,1590,85,synthetic
CMP-003422,San Antonio,TX,2,2023-11,1535,162,synthetic
CMP-003423,San Antonio,TX,2,2023-12,1560,113,synthetic
CMP-003424,San Antonio,TX,2,2024-01,1570,120,synthetic
CMP-003425,San Antonio,TX,2,2024-02,1585,67,synthetic
CMP-003426,San Antonio,TX,2,2024-03,1605,71,synthetic
CMP-003427,San Antonio,TX,2,2024-04,1625,74,synthetic
CMP-003428,San Antonio,TX,2,2024-05,1695,107,synthetic
CMP-003429,San Antonio,TX,2,2024-06,1685,93,synthetic
CMP-003430,San Antonio,TX,2,2024-07,1665,128,synthetic
CMP-003431,San Antonio,TX,2,2024-08,1645,140,synthetic
CMP-003432,San Antonio,TX,2,2024-09,1615,97,synthetic
CMP-003433,San Antonio,TX,2,2024-10,1645,129,synthetic
CMP-003434,San Antonio,TX,2,2024-11,1585,123,synthetic
CMP-003435,San Antonio,TX,2,2024-12,1575,71,synthetic
CMP-003436,San Antonio,TX,2,2025-01,1625,155,synthetic
CMP-003437,San Antonio,TX,2,2025-02,1635,105,synthetic
CMP-003438,San Antonio,TX,2,2025-03,1695,109,synthetic
CMP-003439,San Antonio,TX,2,2025-04,1695,150,synthetic
CMP-003440,San Antonio,TX,2,2025-05,1715,76,synthetic
CMP-003441,San Antonio,TX,2,2025-06,1745,151,synthetic
CMP-003442,San Antonio,TX,2,2025-07,1705,70,synthetic
CMP-003443,San Antonio,TX,2,2025-08,1720,131,synthetic
CMP-003444,San Antonio,TX,2,2025-09,1695,145,synthetic
CMP-003445,San Antonio,TX,2,2025-10,1615,117,synthetic
CMP-003446,San Antonio,TX,2,2025-11,1670,97,synthetic
CMP-003447,San Antonio,TX,2,2025-12,1585,84,synthetic
CMP-003448,San Antonio,TX,2,2026-01,1690,142,synthetic
CMP-003449,San Antonio,TX,2,2026-02,1675,91,synthetic
CMP-003450,San Antonio,TX,2,2026-03,1690,80,synthetic
CMP-003451,San Antonio,TX,2,2026-04,1775,159,synthetic
CMP-003452,San Antonio,TX,2,2026-05,1735,158,synthetic
CMP-003453,San Antonio,TX,2,2026-06,1740,70,synthetic
CMP-003454,San Antonio,TX,2,2026-07,1810,86,synthetic
CMP-003455,San Antonio,TX,2,2026-08,1790,141,synthetic
CMP-003456,San Antonio,TX,2,2026-09,1770,92,synthetic
CMP-003457,San Antonio,TX,3,2023-10,1860,185,synthetic
CMP-003458,San Antonio,TX,3,2023-11,1840,139,synthetic
CMP-003459,San Antonio,TX,3,2023-12,1825,88,synthetic
CMP-003460,San Antonio,TX,3,2024-01,1800,205,synthetic
CMP-003461,San Antonio,TX,3,2024-02,1885,105,synthetic
CMP-003462,San Antonio,TX,3,2024-03,1915,176,synthetic
CMP-003463,San Antonio,TX,3,2024-04,1925,144,synthetic
CMP-003464,San Antonio,TX,3,2024-05,1940,175,synthetic
CMP-003465,San Antonio,TX,3,2024-06,1960,156,synthetic
CMP-003466,San Antonio,TX,3,2024-07,1990,158,synthetic
CMP-003467,San Antonio,TX,3,2024-08,1970,128,synthetic
CMP-003468,San Antonio,TX,3,2024-09,1900,229,synthetic
CMP-003469,San Antonio,TX,3,2024-10,1890,155,synthetic
CMP-003470,San Antonio,TX,3,2024-11,1925,99,synthetic
CMP-003471,San Antonio,TX,3,2024-12,1855,177,synthetic
CMP-003472,San Antonio,TX,3,2025-01,1930,118,synthetic
CMP-003473,San Antonio,TX,3,2025-02,1925,171,synthetic
CMP-003474,San Antonio,TX,3,2025-03,1930,119,synthetic
CMP-003475,San Antonio,TX,3,2025-04,2045,176,synthetic
CMP-003476,San Antonio,TX,3,2025-05,2050,173,synthetic
CMP-003477,San Antonio,TX,3,2025-06,2040,89,synthetic
CMP-003478,San Antonio,TX,3,2025-07,2015,184,synthetic
CMP-003479,San Antonio,TX,3,2025-08,2055,216,synthetic
CMP-003480,San Antonio,TX,3,2025-09,2030,110,synthetic
CMP-003481,San Antonio,TX,3,2025-10,1960,144,synthetic
CMP-003482,San Antonio,TX,3,2025-11,1975,175,synthetic
CMP-003483,San Antonio,TX,3,2025-12,1935,97,synthetic
CMP-003484,San Antonio,TX,3,2026-01,1915,135,synthetic
CMP-003485,San Antonio,TX,3,2026-02,1935,196,synthetic
CMP-003486,San Antonio,TX,3,2026-03,1940,130,synthetic
CMP-003487,San Antonio,TX,3,2026-04,2120,211,synthetic
CMP-003488,San Antonio,TX,3,2026-05,2030,224,synthetic
CMP-003489,San Antonio,TX,3,2026-06,2055,131,synthetic
CMP-003490,San Antonio,TX,3,2026-07,2120,126,synthetic
CMP-003491,San Antonio,TX,3,2026-08,2040,162,synthetic
CMP-003492,San Antonio,TX,3,2026-09,2050,209,synthetic
CMP-003493,San Antonio,TX,4,2023-10,2055,75,synthetic
CMP-003494,San Antonio,TX,4,2023-11,2035,86,synthetic
CMP-003495,San Antonio,TX,4,2023-12,2020,114,synthetic
CMP-003496,San Antonio,TX,4,2024-01,2070,77,synthetic
CMP-003497,San Antonio,TX,4,2024-02,2095,112,synthetic
CMP-003498,San Antonio,TX,4,2024-03,2090,105,synthetic
CMP-003499,San Antonio,TX,4,2024-04,2140,77,synthetic
CMP-003500,San Antonio,TX,4,2024-05,2225,119,synthetic
CMP-003501,San Antonio,TX,4,2024-06,2190,94,synthetic
CMP-003502,San Antonio,TX,4,2024-07,2220,57,synthetic
CMP-003503,San Antonio,TX,4,2024-08,2220,124,synthetic
CMP-003504,San Antonio,TX,4,2024-09,2165,70,synthetic
CMP-003505,San Antonio,TX,4,2024-10,2095,90,synthetic
CMP-003506,San Antonio,TX,4,2024-11,2095,108,synthetic
CMP-003507,San Antonio,TX,4,2024-12,2065,74,synthetic
CMP-003508,San Antonio,TX,4,2025-01,2090,82,synthetic
CMP-003509,San Antonio,TX,4,2025-02,2155,111,synthetic
CMP-003510,San Antonio,TX,4,2025-03,2150,62,synthetic
CMP-003511,San Antonio,TX,4,2025-04,2280,89,synthetic
CMP-003512,San Antonio,TX,4,2025-05,2295,85,synthetic
CMP-003513,San Antonio,TX,4,2025-06,2285,96,synthetic
CMP-003514,San Antonio,TX,4,2025-07,2255,116,synthetic
CMP-003515,San Antonio,TX,4,2025-08,2240,53,synthetic
CMP-003516,San Antonio,TX,4,2025-09,2220,108,synthetic
CMP-003517,San Antonio,TX,4,2025-10,2205,75,synthetic
CMP-003518,San Antonio,TX,4,2025-11,2145,93,synthetic
CMP-003519,San Antonio,TX,4,2025-12,2165,123,synthetic
CMP-003520,San Antonio,TX,4,2026-01,2170,61,synthetic
CMP-003521,San Antonio,TX,4,2026-02,2210,96,synthetic
CMP-003522,San Antonio,TX,4,2026-03,2235,67,synthetic
CMP-003523,San Antonio,TX,4,2026-04,2230,126,synthetic
CMP-003524,San Antonio,TX,4,2026-05,2245,57,synthetic
CMP-003525,San Antonio,TX,4,2026-06,2395,52,synthetic
CMP-003526,San Antonio,TX,4,2026-07,2400,123,synthetic
CMP-003527,San Antonio,TX,4,2026-08,2375,127,synthetic
CMP-003528,San Antonio,TX,4,2026-09,2265,108,synthetic
CMP-003529,Smyrna,TN,3,2023-10,2505,123,synthetic
CMP-003530,Smyrna,TN,3,2023-11,2425,76,synthetic
CMP-003531,Smyrna,TN,3,2023-12,2430,122,synthetic
CMP-003532,Smyrna,TN,3,2024-01,2435,142,synthetic
CMP-003533,Smyrna,TN,3,2024-02,2510,66,synthetic
CMP-003534,Smyrna,TN,3,2024-03,2575,93,synthetic
CMP-003535,Smyrna,TN,3,2024-04,2630,101,synthetic
CMP-003536,Smyrna,TN,3,2024-05,2685,115,synthetic
CMP-003537,Smyrna,TN,3,2024-06,2680,138,synthetic
CMP-003538,Smyrna,TN,3,2024-07,2640,143,synthetic
CMP-003539,Smyrna,TN,3,2024-08,2615,82,synthetic
CMP-003540,Smyrna,TN,3,2024-09,2565,115,synthetic
CMP-003541,Smyrna,TN,3,2024-10,2545,102,synthetic
CMP-003542,Smyrna,TN,3,2024-11,2540,113,synthetic
CMP-003543,Smyrna,TN,3,2024-12,2485,67,synthetic
CMP-003544,Smyrna,TN,3,2025-01,2490,100,synthetic
CMP-003545,Smyrna,TN,3,2025-02,2600,103,synthetic
CMP-003546,Smyrna,TN,3,2025-03,2640,67,synthetic
CMP-003547,Smyrna,TN,3,2025-04,2700,61,synthetic
CMP-003548,Smyrna,TN,3,2025-05,2735,80,synthetic
CMP-003549,Smyrna,TN,3,2025-06,2740,90,synthetic
CMP-003550,Smyrna,TN,3,2025-07,2755,123,synthetic
CMP-003551,Smyrna,TN,3,2025-08,2785,64,synthetic
CMP-003552,Smyrna,TN,3,2025-09,2720,129,synthetic
CMP-003553,Smyrna,TN,3,2025-10,2665,90,synthetic
CMP-003554,Smyrna,TN,3,2025-11,2615,82,synthetic
CMP-003555,Smyrna,TN,3,2025-12,2595,140,synthetic
CMP-003556,Smyrna,TN,3,2026-01,2610,68,synthetic
CMP-003557,Smyrna,TN,3,2026-02,2650,122,synthetic
CMP-003558,Smyrna,TN,3,2026-03,2675,89,synthetic
CMP-003559,Smyrna,TN,3,2026-04,2810,122,synthetic
CMP-003560,Smyrna,TN,3,2026-05,2825,113,synthetic
CMP-003561,Smyrna,TN,3,2026-06,2865,102,synthetic
CMP-003562,Smyrna,TN,3,2026-07,2770,91,synthetic
CMP-003563,Smyrna,TN,3,2026-08,2785,101,synthetic
CMP-003564,Smyrna,TN,3,2026-09,2680,69,synthetic
CMP-003565,Spring Hill,FL,3,2023-10,2235,80,synthetic
CMP-003566,Spring Hill,FL,3,2023-11,2205,98,synthetic
CMP-003567,Spring Hill,FL,3,2023-12,2165,62,synthetic
CMP-003568,Spring Hill,FL,3,2024-01,2210,40,synthetic
CMP-003569,Spring Hill,FL,3,2024-02,2230,66,synthetic
CMP-003570,Spring Hill,FL,3,2024-03,2265,54,synthetic
CMP-003571,Spring Hill,FL,3,2024-04,2310,51,synthetic
CMP-003572,Spring Hill,FL,3,2024-05,2405,45,synthetic
CMP-003573,Spring Hill,FL,3,2024-06,2430,56,synthetic
CMP-003574,Spring Hill,FL,3,2024-07,2410,73,synthetic
CMP-003575,Spring Hill,FL,3,2024-08,2365,45,synthetic
CMP-003576,Spring Hill,FL,3,2024-09,2335,86,synthetic
CMP-003577,Spring Hill,FL,3,2024-10,2265,50,synthetic
CMP-003578,Spring Hill,FL,3,2024-11,2250,86,synthetic
CMP-003579,Spring Hill,FL,3,2024-12,2270,57,synthetic
CMP-003580,Spring Hill,FL,3,2025-01,2295,96,synthetic
CMP-003581,Spring Hill,FL,3,2025-02,2355,55,synthetic
CMP-003582,Spring Hill,FL,3,2025-03,2345,97,synthetic
CMP-003583,Spring Hill,FL,3,2025-04,2460,59,synthetic
CMP-003584,Spring Hill,FL,3,2025-05,2490,52,synthetic
CMP-003585,Spring Hill,FL,3,2025-06,2525,82,synthetic
CMP-003586,Spring Hill,FL,3,2025-07,2455,64,synthetic
CMP-003587,Spring Hill,FL,3,2025-08,2465,85,synthetic
CMP-003588,Spring Hill,FL,3,2025-09,2400,68,synthetic
CMP-003589,Spring Hill,FL,3,2025-10,2420,71,synthetic
CMP-003590,Spring Hill,FL,3,2025-11,2355,78,synthetic
CMP-003591,Spring Hill,FL,3,2025-12,2345,46,synthetic
CMP-003592,Spring Hill,FL,3,2026-01,2320,38,synthetic
CMP-003593,Spring Hill,FL,3,2026-02,2350,78,synthetic
CMP-003594,Spring Hill,FL,3,2026-03,2450,73,synthetic
CMP-003595,Spring Hill,FL,3,2026-04,2510,53,synthetic
CMP-003596,Spring Hill,FL,3,2026-05,2600,98,synthetic
CMP-003597,Spring Hill,FL,3,2026-06,2510,49,synthetic
CMP-003598,Spring Hill,FL,3,2026-07,2485,71,synthetic
CMP-003599,Spring Hill,FL,3,2026-08,2520,63,synthetic
CMP-003600,Spring Hill,FL,3,2026-09,2495,85,synthetic
CMP-003601,Spring Hill,FL,4,2023-10,2450,57,synthetic
CMP-003602,Spring Hill,FL,4,2023-11,2425,33,synthetic
CMP-003603,Spring Hill,FL,4,2023-12,2415,41,synthetic
CMP-003604,Spring Hill,FL,4,2024-01,2430,29,synthetic
CMP-003605,Spring Hill,FL,4,2024-02,2420,63,synthetic
CMP-003606,Spring Hill,FL,4,2024-03,2475,59,synthetic
CMP-003607,Spring Hill,FL,4,2024-04,2540,69,synthetic
CMP-003608,Spring Hill,FL,4,2024-05,2585,45,synthetic
CMP-003609,Spring Hill,FL,4,2024-06,2610,53,synthetic
CMP-003610,Spring Hill,FL,4,2024-07,2550,63,synthetic
CMP-003611,Spring Hill,FL,4,2024-08,2520,64,synthetic
CMP-003612,Spring Hill,FL,4,2024-09,2540,57,synthetic
CMP-003613,Spring Hill,FL,4,2024-10,2485,55,synthetic
CMP-003614,Spring Hill,FL,4,2024-11,2460,62,synthetic
CMP-003615,Spring Hill,FL,4,2024-12,2480,49,synthetic
CMP-003616,Spring Hill,FL,4,2025-01,2440,69,synthetic
CMP-003617,Spring Hill,FL,4,2025-02,2565,54,synthetic
CMP-003618,Spring Hill,FL,4,2025-03,2610,49,synthetic
CMP-003619,Spring Hill,FL,4,2025-04,2590,40,synthetic
CMP-003620,Spring Hill,FL,4,2025-05,2695,66,synthetic
CMP-003621,Spring Hill,FL,4,2025-06,2670,62,synthetic
CMP-003622,Spring Hill,FL,4,2025-07,2705,40,synthetic
CMP-003623,Spring Hill,FL,4,2025-08,2650,39,synthetic
CMP-003624,Spring Hill,FL,4,2025-09,2625,65,synthetic
CMP-003625,Spring Hill,FL,4,2025-10,2600,31,synthetic
CMP-003626,Spring Hill,FL,4,2025-11,2540,70,synthetic
CMP-003627,Spring Hill,FL,4,2025-12,2555,46,synthetic
CMP-003628,Spring Hill,FL,4,2026-01,2625,38,synthetic
CMP-003629,Spring Hill,FL,4,2026-02,2535,54,synthetic
CMP-003630,Spring Hill,FL,4,2026-03,2670,40,synthetic
CMP-003631,Spring Hill,FL,4,2026-04,2785,30,synthetic
CMP-003632,Spring Hill,FL,4,2026-05,2815,56,synthetic
CMP-003633,Spring Hill,FL,4,2026-06,2770,45,synthetic
CMP-003634,Spring Hill,FL,4,2026-07,2690,44,synthetic
CMP-003635,Spring Hill,FL,4,2026-08,2785,67,synthetic
CMP-003636,Spring Hill,FL,4,2026-09,2695,28,synthetic
CMP-003637,St. Cloud,FL,5,2023-10,2445,193,synthetic
CMP-003638,St. Cloud,FL,5,2023-11,2460,192,synthetic
CMP-003639,St. Cloud,FL,5,2023-12,2445,117,synthetic
CMP-003640,St. Cloud,FL,5,2024-01,2480,120,synthetic
CMP-003641,St. Cloud,FL,5,2024-02,2475,160,synthetic
CMP-003642,St. Cloud,FL,5,2024-03,2520,161,synthetic
CMP-003643,St. Cloud,FL,5,2024-04,2605,146,synthetic
CMP-003644,St. Cloud,FL,5,2024-05,2610,194,synthetic
CMP-003645,St. Cloud,FL,5,2024-06,2640,162,synthetic
CMP-003646,St. Cloud,FL,5,2024-07,2705,153,synthetic
CMP-003647,St. Cloud,FL,5,2024-08,2610,195,synthetic
CMP-003648,St. Cloud,FL,5,2024-09,2550,154,synthetic
CMP-003649,St. Cloud,FL,5,2024-10,2610,181,synthetic
CMP-003650,St. Cloud,FL,5,2024-11,2570,83,synthetic
CMP-003651,St. Cloud,FL,5,2024-12,2545,78,synthetic
CMP-003652,St. Cloud,FL,5,2025-01,2510,125,synthetic
CMP-003653,St. Cloud,FL,5,2025-02,2620,166,synthetic
CMP-003654,St. Cloud,FL,5,2025-03,2615,115,synthetic
CMP-003655,St. Cloud,FL,5,2025-04,2635,83,synthetic
CMP-003656,St. Cloud,FL,5,2025-05,2670,199,synthetic
CMP-003657,St. Cloud,FL,5,2025-06,2805,138,synthetic
CMP-003658,St. Cloud,FL,5,2025-07,2660,117,synthetic
CMP-003659,St. Cloud,FL,5,2025-08,2705,133,synthetic
CMP-003660,St. Cloud,FL,5,2025-09,2575,186,synthetic
CMP-003661,St. Cloud,FL,5,2025-10,2620,97,synthetic
CMP-003662,St. Cloud,FL,5,2025-11,2570,189,synthetic
CMP-003663,St. Cloud,FL,5,2025-12,2595,123,synthetic
CMP-003664,St. Cloud,FL,5,2026-01,2605,83,synthetic
CMP-003665,St. Cloud,FL,5,2026-02,2665,115,synthetic
CMP-003666,St. Cloud,FL,5,2026-03,2740,83,synthetic
CMP-003667,St. Cloud,FL,5,2026-04,2680,190,synthetic
CMP-003668,St. Cloud,FL,5,2026-05,2915,196,synthetic
CMP-003669,St. Cloud,FL,5,2026-06,2790,79,synthetic
CMP-003670,St. Cloud,FL,5,2026-07,2795,100,synthetic
CMP-003671,St. Cloud,FL,5,2026-08,2800,134,synthetic
CMP-003672,St. Cloud,FL,5,2026-09,2780,112,synthetic
CMP-003673,Stafford,TX,3,2023-10,2690,138,synthetic
CMP-003674,Stafford,TX,3,2023-11,2710,121,synthetic
CMP-003675,Stafford,TX,3,2023-12,2655,134,synthetic
CMP-003676,Stafford,TX,3,2024-01,2690,83,synthetic
CMP-003677,Stafford,TX,3,2024-02,2710,78,synthetic
CMP-003678,Stafford,TX,3,2024-03,2815,88,synthetic
CMP-003679,Stafford,TX,3,2024-04,2840,102,synthetic
CMP-003680,Stafford,TX,3,2024-05,2935,85,synthetic
CMP-003681,Stafford,TX,3,2024-06,2895,92,synthetic
CMP-003682,Stafford,TX,3,2024-07,2925,115,synthetic
CMP-003683,Stafford,TX,3,2024-08,2890,82,synthetic
CMP-003684,Stafford,TX,3,2024-09,2890,126,synthetic
CMP-003685,Stafford,TX,3,2024-10,2870,164,synthetic
CMP-003686,Stafford,TX,3,2024-11,2805,143,synthetic
CMP-003687,Stafford,TX,3,2024-12,2770,161,synthetic
CMP-003688,Stafford,TX,3,2025-01,2835,112,synthetic
CMP-003689,Stafford,TX,3,2025-02,2835,114,synthetic
CMP-003690,Stafford,TX,3,2025-03,2960,132,synthetic
CMP-003691,Stafford,TX,3,2025-04,2935,101,synthetic
CMP-003692,Stafford,TX,3,2025-05,2915,130,synthetic
CMP-003693,Stafford,TX,3,2025-06,3045,70,synthetic
CMP-003694,Stafford,TX,3,2025-07,2975,84,synthetic
CMP-003695,Stafford,TX,3,2025-08,2955,85,synthetic
CMP-003696,Stafford,TX,3,2025-09,2875,165,synthetic
CMP-003697,Stafford,TX,3,2025-10,2930,166,synthetic
CMP-003698,Stafford,TX,3,2025-11,2790,91,synthetic
CMP-003699,Stafford,TX,3,2025-12,2905,125,synthetic
CMP-003700,Stafford,TX,3,2026-01,2910,103,synthetic
CMP-003701,Stafford,TX,3,2026-02,2840,135,synthetic
CMP-003702,Stafford,TX,3,2026-03,2935,150,synthetic
CMP-003703,Stafford,TX,3,2026-04,3015,119,synthetic
CMP-003704,Stafford,TX,3,2026-05,3020,146,synthetic
CMP-003705,Stafford,TX,3,2026-06,3115,160,synthetic
CMP-003706,Stafford,TX,3,2026-07,3155,65,synthetic
CMP-003707,Stafford,TX,3,2026-08,3005,99,synthetic
CMP-003708,Stafford,TX,3,2026-09,3105,81,synthetic
CMP-003709,Sun City Center,FL,6,2023-10,2380,164,synthetic
CMP-003710,Sun City Center,FL,6,2023-11,2365,106,synthetic
CMP-003711,Sun City Center,FL,6,2023-12,2375,83,synthetic
CMP-003712,Sun City Center,FL,6,2024-01,2395,128,synthetic
CMP-003713,Sun City Center,FL,6,2024-02,2425,154,synthetic
CMP-003714,Sun City Center,FL,6,2024-03,2475,143,synthetic
CMP-003715,Sun City Center,FL,6,2024-04,2545,157,synthetic
CMP-003716,Sun City Center,FL,6,2024-05,2585,78,synthetic
CMP-003717,Sun City Center,FL,6,2024-06,2550,141,synthetic
CMP-003718,Sun City Center,FL,6,2024-07,2545,129,synthetic
CMP-003719,Sun City Center,FL,6,2024-08,2530,144,synthetic
CMP-003720,Sun City Center,FL,6,2024-09,2560,132,synthetic
CMP-003721,Sun City Center,FL,6,2024-10,2500,69,synthetic
CMP-003722,Sun City Center,FL,6,2024-11,2425,161,synthetic
CMP-003723,Sun City Center,FL,6,2024-12,2430,171,synthetic
CMP-003724,Sun City Center,FL,6,2025-01,2455,169,synthetic
CMP-003725,Sun City Center,FL,6,2025-02,2505,82,synthetic
CMP-003726,Sun City Center,FL,6,2025-03,2500,118,synthetic
CMP-003727,Sun City Center,FL,6,2025-04,2615,171,synthetic
CMP-003728,Sun City Center,FL,6,2025-05,2595,79,synthetic
CMP-003729,Sun City Center,FL,6,2025-06,2620,157,synthetic
CMP-003730,Sun City Center,FL,6,2025-07,2670,100,synthetic
CMP-003731,Sun City Center,FL,6,2025-08,2655,96,synthetic
CMP-003732,Sun City Center,FL,6,2025-09,2635,153,synthetic
CMP-003733,Sun City Center,FL,6,2025-10,2575,98,synthetic
CMP-003734,Sun City Center,FL,6,2025-11,2475,101,synthetic
CMP-003735,Sun City Center,FL,6,2025-12,2510,116,synthetic
CMP-003736,Sun City Center,FL,6,2026-01,2570,102,synthetic
CMP-003737,Sun City Center,FL,6,2026-02,2665,110,synthetic
CMP-003738,Sun City Center,FL,6,2026-03,2585,94,synthetic
CMP-003739,Sun City Center,FL,6,2026-04,2645,143,synthetic
CMP-003740,Sun City Center,FL,6,2026-05,2730,97,synthetic
CMP-003741,Sun City Center,FL,6,2026-06,2725,80,synthetic
CMP-003742,Sun City Center,FL,6,2026-07,2760,149,synthetic
CMP-003743,Sun City Center,FL,6,2026-08,2770,103,synthetic
CMP-003744,Sun City Center,FL,6,2026-09,2735,100,synthetic
CMP-003745,Tampa,FL,3,2023-10,2300,85,synthetic
CMP-003746,Tampa,FL,3,2023-11,2300,110,synthetic
CMP-003747,Tampa,FL,3,2023-12,2260,135,synthetic
CMP-003748,Tampa,FL,3,2024-01,2310,110,synthetic
CMP-003749,Tampa,FL,3,2024-02,2350,99,synthetic
CMP-003750,Tampa,FL,3,2024-03,2390,88,synthetic
CMP-003751,Tampa,FL,3,2024-04,2390,108,synthetic
CMP-003752,Tampa,FL,3,2024-05,2465,150,synthetic
CMP-003753,Tampa,FL,3,2024-06,2490,150,synthetic
CMP-003754,Tampa,FL,3,2024-07,2480,137,synthetic
CMP-003755,Tampa,FL,3,2024-08,2495,120,synthetic
CMP-003756,Tampa,FL,3,2024-09,2390,76,synthetic
CMP-003757,Tampa,FL,3,2024-10,2390,137,synthetic
CMP-003758,Tampa,FL,3,2024-11,2345,71,synthetic
CMP-003759,Tampa,FL,3,2024-12,2365,155,synthetic
CMP-003760,Tampa,FL,3,2025-01,2325,152,synthetic
CMP-003761,Tampa,FL,3,2025-02,2435,95,synthetic
CMP-003762,Tampa,FL,3,2025-03,2430,153,synthetic
CMP-003763,Tampa,FL,3,2025-04,2475,122,synthetic
CMP-003764,Tampa,FL,3,2025-05,2525,66,synthetic
CMP-003765,Tampa,FL,3,2025-06,2565,151,synthetic
CMP-003766,Tampa,FL,3,2025-07,2545,77,synthetic
CMP-003767,Tampa,FL,3,2025-08,2495,154,synthetic
CMP-003768,Tampa,FL,3,2025-09,2450,91,synthetic
CMP-003769,Tampa,FL,3,2025-10,2460,96,synthetic
CMP-003770,Tampa,FL,3,2025-11,2470,145,synthetic
CMP-003771,Tampa,FL,3,2025-12,2440,159,synthetic
CMP-003772,Tampa,FL,3,2026-01,2490,65,synthetic
CMP-003773,Tampa,FL,3,2026-02,2545,90,synthetic
CMP-003774,Tampa,FL,3,2026-03,2520,118,synthetic
CMP-003775,Tampa,FL,3,2026-04,2520,106,synthetic
CMP-003776,Tampa,FL,3,2026-05,2655,114,synthetic
CMP-003777,Tampa,FL,3,2026-06,2675,104,synthetic
CMP-003778,Tampa,FL,3,2026-07,2670,65,synthetic
CMP-003779,Tampa,FL,3,2026-08,2700,104,synthetic
CMP-003780,Tampa,FL,3,2026-09,2550,105,synthetic
CMP-003781,Troutman,NC,3,2023-10,2385,21,synthetic
CMP-003782,Troutman,NC,3,2023-11,2365,31,synthetic
CMP-003783,Troutman,NC,3,2023-12,2345,43,synthetic
CMP-003784,Troutman,NC,3,2024-01,2400,22,synthetic
CMP-003785,Troutman,NC,3,2024-02,2415,31,synthetic
CMP-003786,Troutman,NC,3,2024-03,2470,22,synthetic
CMP-003787,Troutman,NC,3,2024-04,2500,18,synthetic
CMP-003788,Troutman,NC,3,2024-05,2530,41,synthetic
CMP-003789,Troutman,NC,3,2024-06,2595,45,synthetic
CMP-003790,Troutman,NC,3,2024-07,2605,27,synthetic
CMP-003791,Troutman,NC,3,2024-08,2490,24,synthetic
CMP-003792,Troutman,NC,3,2024-09,2485,40,synthetic
CMP-003793,Troutman,NC,3,2024-10,2470,25,synthetic
CMP-003794,Troutman,NC,3,2024-11,2465,29,synthetic
CMP-003795,Troutman,NC,3,2024-12,2425,43,synthetic
CMP-003796,Troutman,NC,3,2025-01,2460,31,synthetic
CMP-003797,Troutman,NC,3,2025-02,2450,22,synthetic
CMP-003798,Troutman,NC,3,2025-03,2560,35,synthetic
CMP-003799,Troutman,NC,3,2025-04,2560,40,synthetic
CMP-003800,Troutman,NC,3,2025-05,2660,22,synthetic
CMP-003801,Troutman,NC,3,2025-06,2655,40,synthetic
CMP-003802,Troutman,NC,3,2025-07,2685,19,synthetic
CMP-003803,Troutman,NC,3,2025-08,2620,27,synthetic
CMP-003804,Troutman,NC,3,2025-09,2630,24,synthetic
CMP-003805,Troutman,NC,3,2025-10,2570,42,synthetic
CMP-003806,Troutman,NC,3,2025-11,2545,26,synthetic
CMP-003807,Troutman,NC,3,2025-12,2480,19,synthetic
CMP-003808,Troutman,NC,3,2026-01,2595,20,synthetic
CMP-003809,Troutman,NC,3,2026-02,2545,19,synthetic
CMP-003810,Troutman,NC,3,2026-03,2655,41,synthetic
CMP-003811,Troutman,NC,3,2026-04,2615,38,synthetic
CMP-003812,Troutman,NC,3,2026-05,2635,20,synthetic
CMP-003813,Troutman,NC,3,2026-06,2720,30,synthetic
CMP-003814,Troutman,NC,3,2026-07,2665,19,synthetic
CMP-003815,Troutman,NC,3,2026-08,2735,42,synthetic
CMP-003816,Troutman,NC,3,2026-09,2775,29,synthetic
CMP-003817,Troutman,NC,4,2023-10,2630,26,synthetic
CMP-003818,Troutman,NC,4,2023-11,2620,36,synthetic
CMP-003819,Troutman,NC,4,2023-12,2600,37,synthetic
CMP-003820,Troutman,NC,4,2024-01,2605,37,synthetic
CMP-003821,Troutman,NC,4,2024-02,2705,29,synthetic
CMP-003822,Troutman,NC,4,2024-03,2780,39,synthetic
CMP-003823,Troutman,NC,4,2024-04,2815,61,synthetic
CMP-003824,Troutman,NC,4,2024-05,2875,60,synthetic
CMP-003825,Troutman,NC,4,2024-06,2830,41,synthetic
CMP-003826,Troutman,NC,4,2024-07,2855,45,synthetic
CMP-003827,Troutman,NC,4,2024-08,2845,36,synthetic
CMP-003828,Troutman,NC,4,2024-09,2780,55,synthetic
CMP-003829,Troutman,NC,4,2024-10,2775,47,synthetic
CMP-003830,Troutman,NC,4,2024-11,2680,65,synthetic
CMP-003831,Troutman,NC,4,2024-12,2705,51,synthetic
CMP-003832,Troutman,NC,4,2025-01,2735,34,synthetic
CMP-003833,Troutman,NC,4,2025-02,2700,54,synthetic
CMP-003834,Troutman,NC,4,2025-03,2835,43,synthetic
CMP-003835,Troutman,NC,4,2025-04,2825,47,synthetic
CMP-003836,Troutman,NC,4,2025-05,2955,43,synthetic
CMP-003837,Troutman,NC,4,2025-06,2940,46,synthetic
CMP-003838,Troutman,NC,4,2025-07,2995,29,synthetic
CMP-003839,Troutman,NC,4,2025-08,2970,27,synthetic
CMP-003840,Troutman,NC,4,2025-09,2865,47,synthetic
CMP-003841,Troutman,NC,4,2025-10,2825,56,synthetic
CMP-003842,Troutman,NC,4,2025-11,2730,29,synthetic
CMP-003843,Troutman,NC,4,2025-12,2715,47,synthetic
CMP-003844,Troutman,NC,4,2026-01,2805,53,synthetic
CMP-003845,Troutman,NC,4,2026-02,2845,55,synthetic
CMP-003846,Troutman,NC,4,2026-03,2920,55,synthetic
CMP-003847,Troutman,NC,4,2026-04,3025,67,synthetic
CMP-003848,Troutman,NC,4,2026-05,3000,66,synthetic
CMP-003849,Troutman,NC,4,2026-06,3080,44,synthetic
CMP-003850,Troutman,NC,4,2026-07,3030,26,synthetic
CMP-003851,Troutman,NC,4,2026-08,3080,67,synthetic
CMP-003852,Troutman,NC,4,2026-09,2885,50,synthetic
CMP-003853,Troutman,NC,5,2023-10,2895,56,synthetic
CMP-003854,Troutman,NC,5,2023-11,2865,53,synthetic
CMP-003855,Troutman,NC,5,2023-12,2880,27,synthetic
CMP-003856,Troutman,NC,5,2024-01,2890,54,synthetic
CMP-003857,Troutman,NC,5,2024-02,2925,36,synthetic
CMP-003858,Troutman,NC,5,2024-03,3000,44,synthetic
CMP-003859,Troutman,NC,5,2024-04,3075,27,synthetic
CMP-003860,Troutman,NC,5,2024-05,3185,33,synthetic
CMP-003861,Troutman,NC,5,2024-06,3115,25,synthetic
CMP-003862,Troutman,NC,5,2024-07,3180,37,synthetic
CMP-003863,Troutman,NC,5,2024-08,3160,39,synthetic
CMP-003864,Troutman,NC,5,2024-09,3105,55,synthetic
CMP-003865,Troutman,NC,5,2024-10,3010,53,synthetic
CMP-003866,Troutman,NC,5,2024-11,3010,45,synthetic
CMP-003867,Troutman,NC,5,2024-12,3020,27,synthetic
CMP-003868,Troutman,NC,5,2025-01,3045,61,synthetic
CMP-003869,Troutman,NC,5,2025-02,3115,31,synthetic
CMP-003870,Troutman,NC,5,2025-03,3105,61,synthetic
CMP-003871,Troutman,NC,5,2025-04,3085,25,synthetic
CMP-003872,Troutman,NC,5,2025-05,3220,62,synthetic
CMP-003873,Troutman,NC,5,2025-06,3210,45,synthetic
CMP-003874,Troutman,NC,5,2025-07,3230,29,synthetic
CMP-003875,Troutman,NC,5,2025-08,3175,48,synthetic
CMP-003876,Troutman,NC,5,2025-09,3210,46,synthetic
CMP-003877,Troutman,NC,5,2025-10,3090,51,synthetic
CMP-003878,Troutman,NC,5,2025-11,3110,60,synthetic
CMP-003879,Troutman,NC,5,2025-12,3155,52,synthetic
CMP-003880,Troutman,NC,5,2026-01,3055,57,synthetic
CMP-003881,Troutman,NC,5,2026-02,3160,53,synthetic
CMP-003882,Troutman,NC,5,2026-03,3135,51,synthetic
CMP-003883,Troutman,NC,5,2026-04,3210,28,synthetic
CMP-003884,Troutman,NC,5,2026-05,3235,28,synthetic
CMP-003885,Troutman,NC,5,2026-06,3395,34,synthetic
CMP-003886,Troutman,NC,5,2026-07,3410,52,synthetic
CMP-003887,Troutman,NC,5,2026-08,3400,39,synthetic
CMP-003888,Troutman,NC,5,2026-09,3335,56,synthetic
CMP-003889,Venice,FL,4,2023-10,3095,139,synthetic
CMP-003890,Venice,FL,4,2023-11,3050,66,synthetic
CMP-003891,Venice,FL,4,2023-12,3100,89,synthetic
CMP-003892,Venice,FL,4,2024-01,3095,114,synthetic
CMP-003893,Venice,FL,4,2024-02,3170,86,synthetic
CMP-003894,Venice,FL,4,2024-03,3250,126,synthetic
CMP-003895,Venice,FL,4,2024-04,3260,130,synthetic
CMP-003896,Venice,FL,4,2024-05,3330,103,synthetic
CMP-003897,Venice,FL,4,2024-06,3405,88,synthetic
CMP-003898,Venice,FL,4,2024-07,3380,83,synthetic
CMP-003899,Venice,FL,4,2024-08,3250,94,synthetic
CMP-003900,Venice,FL,4,2024-09,3250,116,synthetic
CMP-003901,Venice,FL,4,2024-10,3225,81,synthetic
CMP-003902,Venice,FL,4,2024-11,3210,65,synthetic
CMP-003903,Venice,FL,4,2024-12,3165,84,synthetic
CMP-003904,Venice,FL,4,2025-01,3205,139,synthetic
CMP-003905,Venice,FL,4,2025-02,3300,125,synthetic
CMP-003906,Venice,FL,4,2025-03,3300,90,synthetic
CMP-003907,Venice,FL,4,2025-04,3380,138,synthetic
CMP-003908,Venice,FL,4,2025-05,3420,95,synthetic
CMP-003909,Venice,FL,4,2025-06,3500,96,synthetic
CMP-003910,Venice,FL,4,2025-07,3405,127,synthetic
CMP-003911,Venice,FL,4,2025-08,3395,68,synthetic
CMP-003912,Venice,FL,4,2025-09,3445,55,synthetic
CMP-003913,Venice,FL,4,2025-10,3330,88,synthetic
CMP-003914,Venice,FL,4,2025-11,3230,71,synthetic
CMP-003915,Venice,FL,4,2025-12,3300,129,synthetic
CMP-003916,Venice,FL,4,2026-01,3270,65,synthetic
CMP-003917,Venice,FL,4,2026-02,3325,108,synthetic
CMP-003918,Venice,FL,4,2026-03,3425,97,synthetic
CMP-003919,Venice,FL,4,2026-04,3525,119,synthetic
CMP-003920,Venice,FL,4,2026-05,3575,90,synthetic
CMP-003921,Venice,FL,4,2026-06,3525,54,synthetic
CMP-003922,Venice,FL,4,2026-07,3590,90,synthetic
CMP-003923,Venice,FL,4,2026-08,3515,82,synthetic
CMP-003924,Venice,FL,4,2026-09,3365,86,synthetic
CMP-003925,Vero Beach,FL,2,2023-10,2180,87,synthetic
CMP-003926,Vero Beach,FL,2,2023-11,2210,121,synthetic
CMP-003927,Vero Beach,FL,2,2023-12,2185,70,synthetic
CMP-003928,Vero Beach,FL,2,2024-01,2195,86,synthetic
CMP-003929,Vero Beach,FL,2,2024-02,2240,63,synthetic
CMP-003930,Vero Beach,FL,2,2024-03,2265,79,synthetic
CMP-003931,Vero Beach,FL,2,2024-04,2295,108,synthetic
CMP-003932,Vero Beach,FL,2,2024-05,2325,87,synthetic
CMP-003933,Vero Beach,FL,2,2024-06,2330,107,synthetic
CMP-003934,Vero Beach,FL,2,2024-07,2390,58,synthetic
CMP-003935,Vero Beach,FL,2,2024-08,2360,110,synthetic
CMP-003936,Vero Beach,FL,2,2024-09,2320,47,synthetic
CMP-003937,Vero Beach,FL,2,2024-10,2255,104,synthetic
CMP-003938,Vero Beach,FL,2,2024-11,2250,103,synthetic
CMP-003939,Vero Beach,FL,2,2024-12,2260,75,synthetic
CMP-003940,Vero Beach,FL,2,2025-01,2205,58,synthetic
CMP-003941,Vero Beach,FL,2,2025-02,2290,63,synthetic
CMP-003942,Vero Beach,FL,2,2025-03,2305,117,synthetic
CMP-003943,Vero Beach,FL,2,2025-04,2335,117,synthetic
CMP-003944,Vero Beach,FL,2,2025-05,2475,84,synthetic
CMP-003945,Vero Beach,FL,2,2025-06,2425,90,synthetic
CMP-003946,Vero Beach,FL,2,2025-07,2460,52,synthetic
CMP-003947,Vero Beach,FL,2,2025-08,2365,121,synthetic
CMP-003948,Vero Beach,FL,2,2025-09,2325,107,synthetic
CMP-003949,Vero Beach,FL,2,2025-10,2325,60,synthetic
CMP-003950,Vero Beach,FL,2,2025-11,2370,107,synthetic
CMP-003951,Vero Beach,FL,2,2025-12,2260,67,synthetic
CMP-003952,Vero Beach,FL,2,2026-01,2335,92,synthetic
CMP-003953,Vero Beach,FL,2,2026-02,2360,98,synthetic
CMP-003954,Vero Beach,FL,2,2026-03,2435,106,synthetic
CMP-003955,Vero Beach,FL,2,2026-04,2390,63,synthetic
CMP-003956,Vero Beach,FL,2,2026-05,2480,55,synthetic
CMP-003957,Vero Beach,FL,2,2026-06,2550,72,synthetic
CMP-003958,Vero Beach,FL,2,2026-07,2520,79,synthetic
CMP-003959,Vero Beach,FL,2,2026-08,2540,96,synthetic
CMP-003960,Vero Beach,FL,2,2026-09,2445,97,synthetic
CMP-003961,Wendell,NC,3,2023-10,1975,134,synthetic
CMP-003962,Wendell,NC,3,2023-11,1920,241,synthetic
CMP-003963,Wendell,NC,3,2023-12,1915,110,synthetic
CMP-003964,Wendell,NC,3,2024-01,1935,112,synthetic
CMP-003965,Wendell,NC,3,2024-02,1985,193,synthetic
CMP-003966,Wendell,NC,3,2024-03,1990,161,synthetic
CMP-003967,Wendell,NC,3,2024-04,2085,151,synthetic
CMP-003968,Wendell,NC,3,2024-05,2120,164,synthetic
CMP-003969,Wendell,NC,3,2024-06,2100,233,synthetic
CMP-003970,Wendell,NC,3,2024-07,2100,158,synthetic
CMP-003971,Wendell,NC,3,2024-08,2070,146,synthetic
CMP-003972,Wendell,NC,3,2024-09,2050,98,synthetic
CMP-003973,Wendell,NC,3,2024-10,1995,177,synthetic
CMP-003974,Wendell,NC,3,2024-11,2040,176,synthetic
CMP-003975,Wendell,NC,3,2024-12,1980,146,synthetic
CMP-003976,Wendell,NC,3,2025-01,1995,175,synthetic
CMP-003977,Wendell,NC,3,2025-02,2010,126,synthetic
CMP-003978,Wendell,NC,3,2025-03,2105,95,synthetic
CMP-003979,Wendell,NC,3,2025-04,2090,130,synthetic
CMP-003980,Wendell,NC,3,2025-05,2165,105,synthetic
CMP-003981,Wendell,NC,3,2025-06,2215,182,synthetic
CMP-003982,Wendell,NC,3,2025-07,2205,207,synthetic
CMP-003983,Wendell,NC,3,2025-08,2180,173,synthetic
CMP-003984,Wendell,NC,3,2025-09,2070,201,synthetic
CMP-003985,Wendell,NC,3,2025-10,2060,93,synthetic
CMP-003986,Wendell,NC,3,2025-11,2030,206,synthetic
CMP-003987,Wendell,NC,3,2025-12,2095,146,synthetic
CMP-003988,Wendell,NC,3,2026-01,2105,195,synthetic
CMP-003989,Wendell,NC,3,2026-02,2050,222,synthetic
CMP-003990,Wendell,NC,3,2026-03,2115,182,synthetic
CMP-003991,Wendell,NC,3,2026-04,2145,187,synthetic
CMP-003992,Wendell,NC,3,2026-05,2290,238,synthetic
CMP-003993,Wendell,NC,3,2026-06,2175,128,synthetic
CMP-003994,Wendell,NC,3,2026-07,2200,182,synthetic
CMP-003995,Wendell,NC,3,2026-08,2275,184,synthetic
CMP-003996,Wendell,NC,3,2026-09,2180,211,synthetic
CMP-003997,Wesley Chapel,FL,3,2023-10,2225,92,synthetic
CMP-003998,Wesley Chapel,FL,3,2023-11,2180,57,synthetic
CMP-003999,Wesley Chapel,FL,3,2023-12,2200,69,synthetic
CMP-004000,Wesley Chapel,FL,3,2024-01,2235,94,synthetic
CMP-004001,Wesley Chapel,FL,3,2024-02,2225,75,synthetic
CMP-004002,Wesley Chapel,FL,3,2024-03,2295,62,synthetic
CMP-004003,Wesley Chapel,FL,3,2024-04,2320,91,synthetic
CMP-004004,Wesley Chapel,FL,3,2024-05,2360,56,synthetic
CMP-004005,Wesley Chapel,FL,3,2024-06,2400,56,synthetic
CMP-004006,Wesley Chapel,FL,3,2024-07,2395,66,synthetic
CMP-004007,Wesley Chapel,FL,3,2024-08,2365,40,synthetic
CMP-004008,Wesley Chapel,FL,3,2024-09,2320,74,synthetic
CMP-004009,Wesley Chapel,FL,3,2024-10,2270,42,synthetic
CMP-004010,Wesley Chapel,FL,3,2024-11,2325,64,synthetic
CMP-004011,Wesley Chapel,FL,3,2024-12,2210,47,synthetic
CMP-004012,Wesley Chapel,FL,3,2025-01,2250,90,synthetic
CMP-004013,Wesley Chapel,FL,3,2025-02,2305,74,synthetic
CMP-004014,Wesley Chapel,FL,3,2025-03,2335,72,synthetic
CMP-004015,Wesley Chapel,FL,3,2025-04,2340,48,synthetic
CMP-004016,Wesley Chapel,FL,3,2025-05,2500,65,synthetic
CMP-004017,Wesley Chapel,FL,3,2025-06,2420,94,synthetic
CMP-004018,Wesley Chapel,FL,3,2025-07,2420,51,synthetic
CMP-004019,Wesley Chapel,FL,3,2025-08,2430,64,synthetic
CMP-004020,Wesley Chapel,FL,3,2025-09,2405,38,synthetic
CMP-004021,Wesley Chapel,FL,3,2025-10,2390,65,synthetic
CMP-004022,Wesley Chapel,FL,3,2025-11,2325,61,synthetic
CMP-004023,Wesley Chapel,FL,3,2025-12,2345,90,synthetic
CMP-004024,Wesley Chapel,FL,3,2026-01,2340,80,synthetic
CMP-004025,Wesley Chapel,FL,3,2026-02,2355,40,synthetic
CMP-004026,Wesley Chapel,FL,3,2026-03,2395,43,synthetic
CMP-004027,Wesley Chapel,FL,3,2026-04,2575,75,synthetic
CMP-004028,Wesley Chapel,FL,3,2026-05,2485,51,synthetic
CMP-004029,Wesley Chapel,FL,3,2026-06,2600,80,synthetic
CMP-004030,Wesley Chapel,FL,3,2026-07,2445,91,synthetic
CMP-004031,Wesley Chapel,FL,3,2026-08,2510,79,synthetic
CMP-004032,Wesley Chapel,FL,3,2026-09,2540,43,synthetic
CMP-004033,West Jordan,UT,3,2023-10,2270,46,synthetic
CMP-004034,West Jordan,UT,3,2023-11,2260,24,synthetic
CMP-004035,West Jordan,UT,3,2023-12,2235,23,synthetic
CMP-004036,West Jordan,UT,3,2024-01,2240,42,synthetic
CMP-004037,West Jordan,UT,3,2024-02,2255,49,synthetic
CMP-004038,West Jordan,UT,3,2024-03,2355,37,synthetic
CMP-004039,West Jordan,UT,3,2024-04,2400,48,synthetic
CMP-004040,West Jordan,UT,3,2024-05,2455,33,synthetic
CMP-004041,West Jordan,UT,3,2024-06,2415,39,synthetic
CMP-004042,West Jordan,UT,3,2024-07,2435,21,synthetic
CMP-004043,West Jordan,UT,3,2024-08,2450,47,synthetic
CMP-004044,West Jordan,UT,3,2024-09,2350,28,synthetic
CMP-004045,West Jordan,UT,3,2024-10,2300,33,synthetic
CMP-004046,West Jordan,UT,3,2024-11,2325,50,synthetic
CMP-004047,West Jordan,UT,3,2024-12,2265,41,synthetic
CMP-004048,West Jordan,UT,3,2025-01,2300,30,synthetic
CMP-004049,West Jordan,UT,3,2025-02,2310,23,synthetic
CMP-004050,West Jordan,UT,3,2025-03,2365,26,synthetic
CMP-004051,West Jordan,UT,3,2025-04,2455,27,synthetic
CMP-004052,West Jordan,UT,3,2025-05,2490,22,synthetic
CMP-004053,West Jordan,UT,3,2025-06,2505,20,synthetic
CMP-004054,West Jordan,UT,3,2025-07,2470,20,synthetic
CMP-004055,West Jordan,UT,3,2025-08,2525,22,synthetic
CMP-004056,West Jordan,UT,3,2025-09,2445,21,synthetic
CMP-004057,West Jordan,UT,3,2025-10,2350,35,synthetic
CMP-004058,West Jordan,UT,3,2025-11,2430,45,synthetic
CMP-004059,West Jordan,UT,3,2025-12,2375,31,synthetic
CMP-004060,West Jordan,UT,3,2026-01,2465,38,synthetic
CMP-004061,West Jordan,UT,3,2026-02,2475,41,synthetic
CMP-004062,West Jordan,UT,3,2026-03,2510,23,synthetic
CMP-004063,West Jordan,UT,3,2026-04,2490,34,synthetic
CMP-004064,West Jordan,UT,3,2026-05,2560,42,synthetic
CMP-004065,West Jordan,UT,3,2026-06,2630,35,synthetic
CMP-004066,West Jordan,UT,3,2026-07,2590,50,synthetic
CMP-004067,West Jordan,UT,3,2026-08,2610,26,synthetic
CMP-004068,West Jordan,UT,3,2026-09,2450,41,synthetic
CMP-004069,West Jordan,UT,4,2023-10,2565,43,synthetic
CMP-004070,West Jordan,UT,4,2023-11,2530,62,synthetic
CMP-004071,West Jordan,UT,4,2023-12,2515,68,synthetic
CMP-004072,West Jordan,UT,4,2024-01,2580,30,synthetic
CMP-004073,West Jordan,UT,4,2024-02,2630,31,synthetic
CMP-004074,West Jordan,UT,4,2024-03,2620,56,synthetic
CMP-004075,West Jordan,UT,4,2024-04,2745,41,synthetic
CMP-004076,West Jordan,UT,4,2024-05,2790,33,synthetic
CMP-004077,West Jordan,UT,4,2024-06,2725,53,synthetic
CMP-004078,West Jordan,UT,4,2024-07,2795,67,synthetic
CMP-004079,West Jordan,UT,4,2024-08,2780,43,synthetic
CMP-004080,West Jordan,UT,4,2024-09,2660,32,synthetic
CMP-004081,West Jordan,UT,4,2024-10,2630,34,synthetic
CMP-004082,West Jordan,UT,4,2024-11,2640,69,synthetic
CMP-004083,West Jordan,UT,4,2024-12,2610,34,synthetic
CMP-004084,West Jordan,UT,4,2025-01,2615,64,synthetic
CMP-004085,West Jordan,UT,4,2025-02,2705,37,synthetic
CMP-004086,West Jordan,UT,4,2025-03,2670,36,synthetic
CMP-004087,West Jordan,UT,4,2025-04,2805,65,synthetic
CMP-004088,West Jordan,UT,4,2025-05,2855,69,synthetic
CMP-004089,West Jordan,UT,4,2025-06,2895,56,synthetic
CMP-004090,West Jordan,UT,4,2025-07,2795,45,synthetic
CMP-004091,West Jordan,UT,4,2025-08,2870,43,synthetic
CMP-004092,West Jordan,UT,4,2025-09,2825,53,synthetic
CMP-004093,West Jordan,UT,4,2025-10,2735,62,synthetic
CMP-004094,West Jordan,UT,4,2025-11,2695,46,synthetic
CMP-004095,West Jordan,UT,4,2025-12,2700,46,synthetic
CMP-004096,West Jordan,UT,4,2026-01,2755,49,synthetic
CMP-004097,West Jordan,UT,4,2026-02,2870,35,synthetic
CMP-004098,West Jordan,UT,4,2026-03,2810,40,synthetic
CMP-004099,West Jordan,UT,4,2026-04,2915,32,synthetic
CMP-004100,West Jordan,UT,4,2026-05,3015,35,synthetic
CMP-004101,West Jordan,UT,4,2026-06,2950,46,synthetic
CMP-004102,West Jordan,UT,4,2026-07,2910,67,synthetic
CMP-004103,West Jordan,UT,4,2026-08,2850,36,synthetic
CMP-004104,West Jordan,UT,4,2026-09,2830,60,synthetic
CMP-004105,Winter Garden,FL,3,2023-10,2920,41,synthetic
CMP-004106,Winter Garden,FL,3,2023-11,2875,35,synthetic
CMP-004107,Winter Garden,FL,3,2023-12,2925,43,synthetic
CMP-004108,Winter Garden,FL,3,2024-01,2885,41,synthetic
CMP-004109,Winter Garden,FL,3,2024-02,2930,20,synthetic
CMP-004110,Winter Garden,FL,3,2024-03,3060,26,synthetic
CMP-004111,Winter Garden,FL,3,2024-04,3105,19,synthetic
CMP-004112,Winter Garden,FL,3,2024-05,3135,18,synthetic
CMP-004113,Winter Garden,FL,3,2024-06,3095,31,synthetic
CMP-004114,Winter Garden,FL,3,2024-07,3115,27,synthetic
CMP-004115,Winter Garden,FL,3,2024-08,3135,42,synthetic
CMP-004116,Winter Garden,FL,3,2024-09,3060,31,synthetic
CMP-004117,Winter Garden,FL,3,2024-10,3060,44,synthetic
CMP-004118,Winter Garden,FL,3,2024-11,2940,29,synthetic
CMP-004119,Winter Garden,FL,3,2024-12,3030,41,synthetic
CMP-004120,Winter Garden,FL,3,2025-01,3050,34,synthetic
CMP-004121,Winter Garden,FL,3,2025-02,3035,28,synthetic
CMP-004122,Winter Garden,FL,3,2025-03,3155,45,synthetic
CMP-004123,Winter Garden,FL,3,2025-04,3170,24,synthetic
CMP-004124,Winter Garden,FL,3,2025-05,3175,19,synthetic
CMP-004125,Winter Garden,FL,3,2025-06,3245,21,synthetic
CMP-004126,Winter Garden,FL,3,2025-07,3255,43,synthetic
CMP-004127,Winter Garden,FL,3,2025-08,3180,22,synthetic
CMP-004128,Winter Garden,FL,3,2025-09,3165,32,synthetic
CMP-004129,Winter Garden,FL,3,2025-10,3020,45,synthetic
CMP-004130,Winter Garden,FL,3,2025-11,3145,28,synthetic
CMP-004131,Winter Garden,FL,3,2025-12,3070,29,synthetic
CMP-004132,Winter Garden,FL,3,2026-01,3075,30,synthetic
CMP-004133,Winter Garden,FL,3,2026-02,3090,20,synthetic
CMP-004134,Winter Garden,FL,3,2026-03,3195,29,synthetic
CMP-004135,Winter Garden,FL,3,2026-04,3260,35,synthetic
CMP-004136,Winter Garden,FL,3,2026-05,3245,47,synthetic
CMP-004137,Winter Garden,FL,3,2026-06,3385,25,synthetic
CMP-004138,Winter Garden,FL,3,2026-07,3305,28,synthetic
CMP-004139,Winter Garden,FL,3,2026-08,3200,35,synthetic
CMP-004140,Winter Garden,FL,3,2026-09,3380,20,synthetic
CMP-004141,Winter Garden,FL,4,2023-10,3250,34,synthetic
CMP-004142,Winter Garden,FL,4,2023-11,3190,37,synthetic
CMP-004143,Winter Garden,FL,4,2023-12,3200,82,synthetic
CMP-004144,Winter Garden,FL,4,2024-01,3210,44,synthetic
CMP-004145,Winter Garden,FL,4,2024-02,3260,41,synthetic
CMP-004146,Winter Garden,FL,4,2024-03,3270,50,synthetic
CMP-004147,Winter Garden,FL,4,2024-04,3330,42,synthetic
CMP-004148,Winter Garden,FL,4,2024-05,3395,70,synthetic
CMP-004149,Winter Garden,FL,4,2024-06,3410,57,synthetic
CMP-004150,Winter Garden,FL,4,2024-07,3430,48,synthetic
CMP-004151,Winter Garden,FL,4,2024-08,3415,47,synthetic
CMP-004152,Winter Garden,FL,4,2024-09,3395,39,synthetic
CMP-004153,Winter Garden,FL,4,2024-10,3305,63,synthetic
CMP-004154,Winter Garden,FL,4,2024-11,3295,63,synthetic
CMP-004155,Winter Garden,FL,4,2024-12,3240,43,synthetic
CMP-004156,Winter Garden,FL,4,2025-01,3280,36,synthetic
CMP-004157,Winter Garden,FL,4,2025-02,3370,69,synthetic
CMP-004158,Winter Garden,FL,4,2025-03,3465,86,synthetic
CMP-004159,Winter Garden,FL,4,2025-04,3470,54,synthetic
CMP-004160,Winter Garden,FL,4,2025-05,3500,64,synthetic
CMP-004161,Winter Garden,FL,4,2025-06,3590,72,synthetic
CMP-004162,Winter Garden,FL,4,2025-07,3615,81,synthetic
CMP-004163,Winter Garden,FL,4,2025-08,3470,49,synthetic
CMP-004164,Winter Garden,FL,4,2025-09,3415,63,synthetic
CMP-004165,Winter Garden,FL,4,2025-10,3320,33,synthetic
CMP-004166,Winter Garden,FL,4,2025-11,3325,76,synthetic
CMP-004167,Winter Garden,FL,4,2025-12,3270,36,synthetic
CMP-004168,Winter Garden,FL,4,2026-01,3345,53,synthetic
CMP-004169,Winter Garden,FL,4,2026-02,3370,73,synthetic
CMP-004170,Winter Garden,FL,4,2026-03,3455,78,synthetic
CMP-004171,Winter Garden,FL,4,2026-04,3590,39,synthetic
CMP-004172,Winter Garden,FL,4,2026-05,3555,75,synthetic
CMP-004173,Winter Garden,FL,4,2026-06,3530,75,synthetic
CMP-004174,Winter Garden,FL,4,2026-07,3625,35,synthetic
CMP-004175,Winter Garden,FL,4,2026-08,3570,66,synthetic
CMP-004176,Winter Garden,FL,4,2026-09,3470,73,synthetic
CMP-004177,Winter Garden,FL,5,2023-10,3565,38,synthetic
CMP-004178,Winter Garden,FL,5,2023-11,3460,37,synthetic
CMP-004179,Winter Garden,FL,5,2023-12,3510,30,synthetic
CMP-004180,Winter Garden,FL,5,2024-01,3540,41,synthetic
CMP-004181,Winter Garden,FL,5,2024-02,3610,40,synthetic
CMP-004182,Winter Garden,FL,5,2024-03,3665,16,synthetic
CMP-004183,Winter Garden,FL,5,2024-04,3715,16,synthetic
CMP-004184,Winter Garden,FL,5,2024-05,3760,24,synthetic
CMP-004185,Winter Garden,FL,5,2024-06,3775,24,synthetic
CMP-004186,Winter Garden,FL,5,2024-07,3780,33,synthetic
CMP-004187,Winter Garden,FL,5,2024-08,3725,19,synthetic
CMP-004188,Winter Garden,FL,5,2024-09,3670,39,synthetic
CMP-004189,Winter Garden,FL,5,2024-10,3585,22,synthetic
CMP-004190,Winter Garden,FL,5,2024-11,3600,34,synthetic
CMP-004191,Winter Garden,FL,5,2024-12,3620,34,synthetic
CMP-004192,Winter Garden,FL,5,2025-01,3575,43,synthetic
CMP-004193,Winter Garden,FL,5,2025-02,3705,32,synthetic
CMP-004194,Winter Garden,FL,5,2025-03,3805,27,synthetic
CMP-004195,Winter Garden,FL,5,2025-04,3750,25,synthetic
CMP-004196,Winter Garden,FL,5,2025-05,3960,42,synthetic
CMP-004197,Winter Garden,FL,5,2025-06,3840,34,synthetic
CMP-004198,Winter Garden,FL,5,2025-07,3970,18,synthetic
CMP-004199,Winter Garden,FL,5,2025-08,3975,39,synthetic
CMP-004200,Winter Garden,FL,5,2025-09,3845,19,synthetic
CMP-004201,Winter Garden,FL,5,2025-10,3730,22,synthetic
CMP-004202,Winter Garden,FL,5,2025-11,3735,18,synthetic
CMP-004203,Winter Garden,FL,5,2025-12,3645,19,synthetic
CMP-004204,Winter Garden,FL,5,2026-01,3805,38,synthetic
CMP-004205,Winter Garden,FL,5,2026-02,3900,28,synthetic
CMP-004206,Winter Garden,FL,5,2026-03,3920,40,synthetic
CMP-004207,Winter Garden,FL,5,2026-04,3945,38,synthetic
CMP-004208,Winter Garden,FL,5,2026-05,4020,24,synthetic
CMP-004209,Winter Garden,FL,5,2026-06,4110,37,synthetic
CMP-004210,Winter Garden,FL,5,2026-07,3990,35,synthetic
CMP-004211,Winter Garden,FL,5,2026-08,4045,33,synthetic
CMP-004212,Winter Garden,FL,5,2026-09,4000,29,synthetic
