propertyId,communitySlug,streetAddress,city,state,zip,countyId,beds,baths,sqft,yearBuilt,acquisitionDate,acquisitionPrice,marketRent,status,currentLeaseId
PROP-00001,charlottes-ridge,4705 Marigold Way,Holly Springs,GA,30115,CTY-001,5,3.0,3099,2019,2019-04-13,511800,3190,occupied,LSE-000003
PROP-00002,charlottes-ridge,5972 Marigold Dr,Holly Springs,GA,30115,CTY-001,4,2.5,2551,2024,2024-03-01,498100,2845,occupied,LSE-000005
PROP-00003,charlottes-ridge,3501 Tanglewood Ct,Holly Springs,GA,30115,CTY-001,4,3.0,2323,2019,2019-02-09,443500,2800,occupied,LSE-000008
PROP-00004,charlottes-ridge,7929 Wren Hollow Way,Holly Springs,GA,30115,CTY-001,5,3.5,3112,2022,2022-12-26,525000,3165,occupied,LSE-000011
PROP-00005,charlottes-ridge,3881 Marigold Way,Holly Springs,GA,30115,CTY-001,4,2.5,2251,2017,2017-03-14,481000,2915,occupied,LSE-000015
PROP-00006,charlottes-ridge,6770 Dovetail Way,Holly Springs,GA,30115,CTY-001,5,3.0,2879,2019,2019-05-24,442700,3125,occupied,LSE-000017
PROP-00007,charlottes-ridge,1339 Quail Run Ln,Holly Springs,GA,30115,CTY-001,4,3.0,2221,2016,2016-07-14,424500,2830,occupied,LSE-000020
PROP-00008,charlottes-ridge,3146 Cypress Trl,Holly Springs,GA,30115,CTY-001,5,3.0,2895,2023,2023-07-02,515400,3240,occupied,LSE-000022
PROP-00009,charlottes-ridge,5455 Larkspur Xing,Holly Springs,GA,30115,CTY-001,4,2.5,2351,2020,2020-11-15,413300,2880,occupied,LSE-000024
PROP-00010,charlottes-ridge,1726 Copper Creek Ln,Holly Springs,GA,30115,CTY-001,4,2.5,2068,2023,2023-11-20,440200,2755,occupied,LSE-000026
PROP-00011,charlottes-ridge,1671 Blue Heron Way,Holly Springs,GA,30115,CTY-001,5,3.5,2821,2021,2021-10-24,556500,3270,occupied,LSE-000030
PROP-00012,charlottes-ridge,2320 Dovetail Ln,Holly Springs,GA,30115,CTY-001,5,3.0,3168,2021,2021-10-11,470300,3260,occupied,LSE-000033
PROP-00013,charlottes-ridge,1636 Summit Trl,Holly Springs,GA,30115,CTY-001,5,3.0,2931,2022,2022-02-02,456100,3210,occupied,LSE-000037
PROP-00014,charlottes-ridge,7689 Windrose Dr,Holly Springs,GA,30115,CTY-001,4,2.5,2597,2020,2020-07-14,540300,2955,vacant,
PROP-00015,charlottes-ridge,9708 Copper Creek Cir,Holly Springs,GA,30115,CTY-001,5,3.5,3104,2021,2021-02-23,586100,3340,occupied,LSE-000043
PROP-00016,charlottes-ridge,5941 Wren Hollow Ct,Holly Springs,GA,30115,CTY-001,4,2.5,2162,2020,2020-10-22,497300,2830,occupied,LSE-000047
PROP-00017,charlottes-ridge,4480 Quail Run Trl,Holly Springs,GA,30115,CTY-001,4,2.5,2516,2024,2024-05-11,484300,2910,occupied,LSE-000049
PROP-00018,charlottes-ridge,2204 Redbud Path,Holly Springs,GA,30115,CTY-001,4,2.5,2195,2020,2020-10-20,470900,2780,occupied,LSE-000053
PROP-00019,charlottes-ridge,2410 Tanglewood Trl,Holly Springs,GA,30115,CTY-001,5,3.5,2975,2024,2024-12-10,451000,3185,occupied,LSE-000055
PROP-00020,charlottes-ridge,2722 Dovetail Xing,Holly Springs,GA,30115,CTY-001,4,2.5,2226,2022,2022-11-11,428500,2840,occupied,LSE-000057
PROP-00021,charlottes-ridge,716 Hawthorn Way,Holly Springs,GA,30115,CTY-001,4,2.5,2618,2023,2023-04-20,489100,2925,vacant,
PROP-00022,charlottes-ridge,8004 Dovetail Way,Holly Springs,GA,30115,CTY-001,5,3.0,2684,2023,2023-11-26,500300,3250,occupied,LSE-000061
PROP-00023,charlottes-ridge,1153 Larkspur Trl,Holly Springs,GA,30115,CTY-001,4,2.5,2487,2016,2016-11-13,544100,2935,occupied,LSE-000064
PROP-00024,charlottes-ridge,5186 Windrose Trl,Holly Springs,GA,30115,CTY-001,4,3.0,2469,2023,2023-11-01,486500,2815,occupied,LSE-000066
PROP-00025,charlottes-ridge,3892 Sable Ct,Holly Springs,GA,30115,CTY-001,5,3.5,2969,2024,2024-10-10,571900,3135,occupied,LSE-000067
PROP-00026,charlottes-ridge,317 Wren Hollow Way,Holly Springs,GA,30115,CTY-001,5,3.0,3132,2024,2024-04-22,468900,3330,occupied,LSE-000069
PROP-00027,charlottes-ridge,1375 Blue Heron Path,Holly Springs,GA,30115,CTY-001,4,2.5,2202,2022,2022-08-02,435400,2860,occupied,LSE-000072
PROP-00028,charlottes-ridge,3608 Redbud Ct,Holly Springs,GA,30115,CTY-001,5,3.5,2760,2018,2018-01-05,518800,3280,occupied,LSE-000074
PROP-00029,charlottes-ridge,9061 Wren Hollow Xing,Holly Springs,GA,30115,CTY-001,4,2.5,2231,2016,2016-09-24,463100,2930,occupied,LSE-000076
PROP-00030,charlottes-ridge,5596 Magnolia Way,Holly Springs,GA,30115,CTY-001,4,2.5,2231,2023,2023-02-27,465500,2790,occupied,LSE-000079
PROP-00031,charlottes-ridge,7217 Sable Cir,Holly Springs,GA,30115,CTY-001,4,3.0,2191,2022,2022-03-23,431300,2765,occupied,LSE-000081
PROP-00032,charlottes-ridge,2163 Bellflower Xing,Holly Springs,GA,30115,CTY-001,5,3.0,3032,2023,2023-11-13,504000,3325,occupied,LSE-000083
PROP-00033,charlottes-ridge,3876 Hawthorn Path,Holly Springs,GA,30115,CTY-001,4,2.5,2149,2018,2018-12-26,519500,2800,occupied,LSE-000086
PROP-00034,charlottes-ridge,4736 Redbud Dr,Holly Springs,GA,30115,CTY-001,4,3.0,2391,2016,2016-02-28,542400,2895,occupied,LSE-000089
PROP-00035,charlottes-ridge,1994 Windrose Path,Holly Springs,GA,30115,CTY-001,5,3.0,2850,2020,2020-03-14,498000,3230,turn,
PROP-00036,charlottes-ridge,1334 Willow Bend Xing,Holly Springs,GA,30115,CTY-001,4,2.5,2304,2017,2017-02-22,547700,2890,occupied,LSE-000095
PROP-00037,charlottes-ridge,4700 Copper Creek Dr,Holly Springs,GA,30115,CTY-001,5,3.0,2550,2017,2017-02-21,479200,3195,occupied,LSE-000098
PROP-00038,charlottes-ridge,5867 Wren Hollow Ln,Holly Springs,GA,30115,CTY-001,4,2.5,2184,2019,2019-10-04,547800,2915,vacant,
PROP-00039,charlottes-ridge,865 Summit Trl,Holly Springs,GA,30115,CTY-001,5,3.0,2784,2019,2019-10-16,545500,3220,occupied,LSE-000104
PROP-00040,charlottes-ridge,3274 Wren Hollow Xing,Holly Springs,GA,30115,CTY-001,5,3.0,3050,2023,2023-11-07,538000,3285,occupied,LSE-000107
PROP-00041,charlottes-ridge,819 Copper Creek Trl,Holly Springs,GA,30115,CTY-001,4,3.0,2253,2016,2016-07-18,481400,2810,vacant,
PROP-00042,charlottes-ridge,9283 Hawthorn Path,Holly Springs,GA,30115,CTY-001,4,2.5,2207,2018,2018-08-22,501500,2760,occupied,LSE-000114
PROP-00043,charlottes-ridge,2466 Ironwood Dr,Holly Springs,GA,30115,CTY-001,4,3.0,2667,2020,2020-01-06,538000,2855,occupied,LSE-000117
PROP-00044,charlottes-ridge,6785 Magnolia Cir,Holly Springs,GA,30115,CTY-001,5,3.5,2953,2021,2021-01-14,539700,3185,occupied,LSE-000119
PROP-00045,charlottes-ridge,608 Wren Hollow Path,Holly Springs,GA,30115,CTY-001,4,2.5,2592,2024,2024-07-08,431800,2830,occupied,LSE-000121
PROP-00046,grove-at-rosebud,725 Bellflower Ct,Loganville,GA,30052,CTY-002,3,2.0,1629,2020,2020-05-19,432100,2660,occupied,LSE-000124
PROP-00047,grove-at-rosebud,8340 Blue Heron Xing,Loganville,GA,30052,CTY-002,3,2.0,1886,2021,2021-02-14,487700,2800,occupied,LSE-000128
PROP-00048,grove-at-rosebud,6935 Willow Bend Way,Loganville,GA,30052,CTY-002,3,2.0,1702,2024,2024-05-17,455000,2770,occupied,LSE-000130
PROP-00049,grove-at-rosebud,2065 Willow Bend Ln,Loganville,GA,30052,CTY-002,3,2.0,1707,2019,2019-08-14,378400,2670,occupied,LSE-000133
PROP-00050,grove-at-rosebud,9001 Ironwood Path,Loganville,GA,30052,CTY-002,3,2.0,1614,2023,2023-03-14,463100,2635,vacant,
PROP-00051,grove-at-rosebud,9677 Cypress Path,Loganville,GA,30052,CTY-002,3,2.0,2049,2021,2021-07-09,460100,2690,occupied,LSE-000138
PROP-00052,grove-at-rosebud,6199 Quail Run Ct,Loganville,GA,30052,CTY-002,3,2.0,1788,2021,2021-03-04,379900,2705,occupied,LSE-000140
PROP-00053,grove-at-rosebud,7206 Wren Hollow Trl,Loganville,GA,30052,CTY-002,3,2.0,2130,2021,2021-02-21,386800,2725,occupied,LSE-000142
PROP-00054,grove-at-rosebud,3041 Marigold Trl,Loganville,GA,30052,CTY-002,3,2.0,1713,2024,2024-09-24,450700,2675,occupied,LSE-000144
PROP-00055,grove-at-rosebud,4295 Tanglewood Trl,Loganville,GA,30052,CTY-002,3,2.0,1860,2019,2019-03-15,456900,2800,occupied,LSE-000148
PROP-00056,grove-at-rosebud,8929 Copper Creek Way,Loganville,GA,30052,CTY-002,3,2.0,1712,2024,2024-02-05,403100,2625,occupied,LSE-000150
PROP-00057,grove-at-rosebud,462 Redbud Trl,Loganville,GA,30052,CTY-002,3,2.5,1606,2019,2019-06-18,503000,2670,occupied,LSE-000153
PROP-00058,grove-at-rosebud,6194 Juniper Ln,Loganville,GA,30052,CTY-002,3,2.0,1697,2019,2019-04-23,379100,2690,occupied,LSE-000155
PROP-00059,grove-at-rosebud,2710 Magnolia Way,Loganville,GA,30052,CTY-002,3,2.0,1737,2019,2019-06-23,411900,2770,occupied,LSE-000160
PROP-00060,grove-at-rosebud,2073 Dovetail Path,Loganville,GA,30052,CTY-002,3,2.0,1640,2021,2021-10-26,503300,2730,occupied,LSE-000164
PROP-00061,grove-at-rosebud,7134 Bellflower Ln,Loganville,GA,30052,CTY-002,3,2.0,1665,2019,2019-05-08,456400,2635,occupied,LSE-000168
PROP-00062,grove-at-rosebud,1216 Marigold Ln,Loganville,GA,30052,CTY-002,3,2.0,2103,2024,2024-02-28,451400,2780,occupied,LSE-000171
PROP-00063,grove-at-rosebud,6502 Sable Dr,Loganville,GA,30052,CTY-002,3,2.0,1978,2017,2017-09-27,389800,2775,occupied,LSE-000174
PROP-00064,grove-at-rosebud,1716 Summit Xing,Loganville,GA,30052,CTY-002,3,2.0,2100,2016,2016-11-23,426100,2770,vacant,
PROP-00065,grove-at-rosebud,4668 Sable Ct,Loganville,GA,30052,CTY-002,3,2.0,2306,2018,2018-11-26,439800,2835,occupied,LSE-000182
PROP-00066,grove-at-rosebud,8301 Larkspur Cir,Loganville,GA,30052,CTY-002,3,2.0,1973,2020,2020-11-08,518100,2750,occupied,LSE-000185
PROP-00067,grove-at-rosebud,7960 Wren Hollow Path,Loganville,GA,30052,CTY-002,3,2.0,2018,2023,2023-04-07,427700,2755,occupied,LSE-000187
PROP-00068,grove-at-rosebud,3026 Juniper Cir,Loganville,GA,30052,CTY-002,3,2.0,1917,2020,2020-06-21,399100,2760,occupied,LSE-000190
PROP-00069,grove-at-rosebud,1328 Blue Heron Dr,Loganville,GA,30052,CTY-002,3,2.0,1719,2018,2018-05-21,393100,2675,occupied,LSE-000193
PROP-00070,grove-at-rosebud,1093 Sable Dr,Loganville,GA,30052,CTY-002,3,2.0,2089,2021,2021-10-08,457100,2730,occupied,LSE-000196
PROP-00071,grove-at-rosebud,1733 Sable Trl,Loganville,GA,30052,CTY-002,3,2.5,1610,2021,2021-06-27,388000,2625,occupied,LSE-000199
PROP-00072,grove-at-rosebud,2061 Ironwood Dr,Loganville,GA,30052,CTY-002,3,2.0,1669,2016,2016-04-01,450900,2735,occupied,LSE-000201
PROP-00073,grove-at-rosebud,8068 Juniper Ln,Loganville,GA,30052,CTY-002,3,2.0,1993,2022,2022-02-20,396600,2760,occupied,LSE-000204
PROP-00074,grove-at-rosebud,5672 Larkspur Ln,Loganville,GA,30052,CTY-002,3,2.0,2150,2024,2024-02-04,487100,2795,occupied,LSE-000206
PROP-00075,grove-at-rosebud,423 Redbud Cir,Loganville,GA,30052,CTY-002,3,2.0,1851,2020,2020-02-18,388500,2750,occupied,LSE-000210
PROP-00076,grove-at-rosebud,7081 Summit Dr,Loganville,GA,30052,CTY-002,3,2.5,2084,2017,2017-06-05,481100,2820,occupied,LSE-000214
PROP-00077,grove-at-rosebud,4225 Bellflower Trl,Loganville,GA,30052,CTY-002,3,2.5,1780,2022,2022-03-22,478900,2645,occupied,LSE-000217
PROP-00078,grove-at-rosebud,3738 Magnolia Cir,Loganville,GA,30052,CTY-002,3,2.0,1941,2017,2017-07-27,432600,2700,occupied,LSE-000219
PROP-00079,grove-at-rosebud,7389 Silver Oak Ln,Loganville,GA,30052,CTY-002,3,2.5,1804,2022,2022-10-26,454200,2670,occupied,LSE-000223
PROP-00080,grove-at-rosebud,5207 Sable Way,Loganville,GA,30052,CTY-002,3,2.5,1749,2020,2020-07-06,402600,2745,occupied,LSE-000225
PROP-00081,grove-at-rosebud,800 Magnolia Path,Loganville,GA,30052,CTY-002,3,2.5,1899,2022,2022-06-13,459500,2695,occupied,LSE-000229
PROP-00082,grove-at-rosebud,636 Cypress Ct,Loganville,GA,30052,CTY-002,3,2.5,1891,2022,2022-12-22,529900,2795,occupied,LSE-000231
PROP-00083,grove-at-rosebud,6951 Marigold Xing,Loganville,GA,30052,CTY-002,3,2.5,1832,2017,2017-11-05,495300,2660,occupied,LSE-000235
PROP-00084,grove-at-rosebud,6488 Tanglewood Trl,Loganville,GA,30052,CTY-002,3,2.5,1777,2020,2020-12-12,407800,2745,occupied,LSE-000238
PROP-00085,grove-at-rosebud,3793 Wren Hollow Cir,Loganville,GA,30052,CTY-002,3,2.0,1425,2021,2021-11-07,399800,2740,occupied,LSE-000241
PROP-00086,grove-at-rosebud,6157 Dovetail Dr,Loganville,GA,30052,CTY-002,3,2.5,1800,2016,2016-06-01,438600,2755,turn,
PROP-00087,hanley-mill,4815 Willow Bend Dr,Covington,GA,30016,CTY-003,3,2.0,1924,2016,2016-12-08,431400,2430,occupied,LSE-000248
PROP-00088,hanley-mill,3579 Hawthorn Ct,Covington,GA,30016,CTY-003,3,2.0,1831,2020,2020-01-11,419800,2375,occupied,LSE-000251
PROP-00089,hanley-mill,3516 Bellflower Xing,Covington,GA,30016,CTY-003,3,2.0,1758,2020,2020-12-08,419900,2315,occupied,LSE-000253
PROP-00090,hanley-mill,5020 Sable Cir,Covington,GA,30016,CTY-003,4,2.5,2201,2021,2021-01-28,413700,2565,occupied,LSE-000256
PROP-00091,hanley-mill,5259 Hawthorn Ct,Covington,GA,30016,CTY-003,3,2.0,2085,2024,2024-03-08,353800,2355,occupied,LSE-000258
PROP-00092,hanley-mill,8301 Marigold Ct,Covington,GA,30016,CTY-003,4,2.5,2275,2023,2023-03-08,391100,2630,occupied,LSE-000260
PROP-00093,hanley-mill,3432 Copper Creek Way,Covington,GA,30016,CTY-003,4,2.5,2254,2019,2019-01-06,468100,2665,vacant,
PROP-00094,hanley-mill,3358 Silver Oak Ln,Covington,GA,30016,CTY-003,4,2.5,2559,2018,2018-07-14,479300,2700,occupied,LSE-000266
PROP-00095,hanley-mill,8310 Redbud Ln,Covington,GA,30016,CTY-003,3,2.0,1708,2019,2019-08-17,392400,2280,occupied,LSE-000268
PROP-00096,hanley-mill,8999 Marigold Way,Covington,GA,30016,CTY-003,3,2.0,2024,2022,2022-07-14,367000,2395,occupied,LSE-000271
PROP-00097,hanley-mill,9815 Windrose Trl,Covington,GA,30016,CTY-003,4,2.5,2425,2024,2024-03-20,475800,2690,occupied,LSE-000273
PROP-00098,hanley-mill,3574 Wren Hollow Dr,Covington,GA,30016,CTY-003,3,2.5,2066,2022,2022-04-21,368900,2390,occupied,LSE-000276
PROP-00099,hanley-mill,6956 Summit Ln,Covington,GA,30016,CTY-003,4,2.5,2472,2018,2018-04-20,473000,2635,occupied,LSE-000279
PROP-00100,hanley-mill,6659 Marigold Ct,Covington,GA,30016,CTY-003,3,2.5,2113,2016,2016-04-01,394900,2390,occupied,LSE-000281
PROP-00101,hanley-mill,805 Quail Run Ln,Covington,GA,30016,CTY-003,4,2.5,2561,2018,2018-11-23,393000,2695,occupied,LSE-000284
PROP-00102,hanley-mill,6677 Windrose Path,Covington,GA,30016,CTY-003,3,2.0,1703,2022,2022-09-16,433800,2400,vacant,
PROP-00103,hanley-mill,786 Summit Ct,Covington,GA,30016,CTY-003,4,2.5,2279,2017,2017-07-16,367800,2590,occupied,LSE-000289
PROP-00104,hanley-mill,7470 Ironwood Trl,Covington,GA,30016,CTY-003,3,2.0,2027,2018,2018-02-14,456400,2445,occupied,LSE-000292
PROP-00105,hanley-mill,9484 Ironwood Xing,Covington,GA,30016,CTY-003,3,2.0,1746,2016,2016-08-15,382200,2380,occupied,LSE-000295
PROP-00106,hanley-mill,8216 Wren Hollow Xing,Covington,GA,30016,CTY-003,3,2.0,1480,2022,2022-09-26,352300,2370,occupied,LSE-000297
PROP-00107,hanley-mill,6337 Marigold Dr,Covington,GA,30016,CTY-003,3,2.0,1802,2018,2018-05-22,330900,2345,occupied,LSE-000299
PROP-00108,hanley-mill,8322 Dovetail Cir,Covington,GA,30016,CTY-003,4,3.0,2147,2022,2022-01-05,418500,2650,occupied,LSE-000301
PROP-00109,hanley-mill,9297 Dovetail Ct,Covington,GA,30016,CTY-003,3,2.0,1749,2024,2024-10-02,378500,2295,occupied,LSE-000303
PROP-00110,hanley-mill,5655 Larkspur Dr,Covington,GA,30016,CTY-003,3,2.5,1768,2023,2023-03-12,424900,2375,occupied,LSE-000305
PROP-00111,hanley-mill,602 Wren Hollow Trl,Covington,GA,30016,CTY-003,4,2.5,2355,2017,2017-12-16,393700,2665,occupied,LSE-000308
PROP-00112,hanley-mill,2748 Ironwood Xing,Covington,GA,30016,CTY-003,4,3.0,2463,2016,2016-05-23,482600,2650,occupied,LSE-000312
PROP-00113,hanley-mill,3895 Willow Bend Path,Covington,GA,30016,CTY-003,3,2.5,1790,2020,2020-07-01,340600,2395,occupied,LSE-000315
PROP-00114,hanley-mill,3745 Juniper Dr,Covington,GA,30016,CTY-003,3,2.5,2184,2022,2022-11-23,438900,2355,occupied,LSE-000318
PROP-00115,hanley-mill,1626 Bellflower Ct,Covington,GA,30016,CTY-003,4,2.5,2363,2020,2020-02-21,445600,2705,occupied,LSE-000321
PROP-00116,hanley-mill,1076 Blue Heron Xing,Covington,GA,30016,CTY-003,4,2.5,2383,2022,2022-12-07,482600,2595,occupied,LSE-000323
PROP-00117,hanley-mill,7564 Willow Bend Cir,Covington,GA,30016,CTY-003,4,3.0,2490,2020,2020-10-13,427700,2700,vacant,
PROP-00118,hanley-mill,9140 Magnolia Path,Covington,GA,30016,CTY-003,3,2.5,1926,2016,2016-08-10,384700,2325,occupied,LSE-000328
PROP-00119,hanley-mill,4507 Juniper Cir,Covington,GA,30016,CTY-003,3,2.5,1779,2023,2023-05-15,404000,2370,occupied,LSE-000330
PROP-00120,hanley-mill,8392 Copper Creek Cir,Covington,GA,30016,CTY-003,3,2.0,1698,2018,2018-07-03,443600,2365,occupied,LSE-000332
PROP-00121,hanley-mill,5534 Copper Creek Xing,Covington,GA,30016,CTY-003,4,2.5,2240,2020,2020-09-08,456200,2645,occupied,LSE-000335
PROP-00122,hanley-mill,458 Sable Ln,Covington,GA,30016,CTY-003,4,2.5,2424,2016,2016-03-04,382200,2610,occupied,LSE-000339
PROP-00123,hanley-mill,6665 Marigold Trl,Covington,GA,30016,CTY-003,4,3.0,2366,2017,2017-03-03,422500,2635,occupied,LSE-000341
PROP-00124,hanley-mill,1554 Marigold Trl,Covington,GA,30016,CTY-003,4,2.5,2298,2022,2022-09-16,425400,2645,occupied,LSE-000343
PROP-00125,hanley-mill,7129 Redbud Way,Covington,GA,30016,CTY-003,4,3.0,2409,2024,2024-11-14,429000,2710,occupied,LSE-000344
PROP-00126,hanley-mill,1245 Ironwood Dr,Covington,GA,30016,CTY-003,3,2.0,1942,2024,2024-02-18,406100,2370,occupied,LSE-000346
PROP-00127,hanley-mill,3026 Dovetail Trl,Covington,GA,30016,CTY-003,4,3.0,2317,2016,2016-04-05,376600,2690,occupied,LSE-000350
PROP-00128,hanley-mill,6318 Juniper Path,Covington,GA,30016,CTY-003,4,2.5,2378,2024,2024-05-03,438400,2700,occupied,LSE-000352
PROP-00129,hanley-mill,448 Magnolia Cir,Covington,GA,30016,CTY-003,4,3.0,1970,2022,2022-06-21,456500,2620,occupied,LSE-000354
PROP-00130,hanley-mill,3292 Marigold Way,Covington,GA,30016,CTY-003,3,2.0,2346,2024,2024-12-20,375500,2485,occupied,LSE-000356
PROP-00131,hanley-mill,2264 Quail Run Ct,Covington,GA,30016,CTY-003,4,2.5,2542,2016,2016-11-28,447500,2715,occupied,LSE-000359
PROP-00132,hanley-mill,4320 Marigold Xing,Covington,GA,30016,CTY-003,4,3.0,2330,2024,2024-08-14,388900,2695,occupied,LSE-000361
PROP-00133,hanley-mill,9679 Larkspur Trl,Covington,GA,30016,CTY-003,3,2.0,1939,2019,2019-02-20,404400,2385,occupied,LSE-000364
PROP-00134,moss-pointe,9290 Juniper Ln,Canton,GA,30114,CTY-001,4,2.5,2216,2020,2020-07-16,426400,3005,occupied,LSE-000366
PROP-00135,moss-pointe,4653 Dovetail Ln,Canton,GA,30114,CTY-001,4,2.5,2227,2018,2018-11-11,573300,3100,vacant,
PROP-00136,moss-pointe,6530 Ironwood Xing,Canton,GA,30114,CTY-001,4,2.5,2452,2019,2019-12-16,546800,3035,occupied,LSE-000372
PROP-00137,moss-pointe,8147 Willow Bend Xing,Canton,GA,30114,CTY-001,4,2.5,2418,2019,2019-03-28,422900,2995,occupied,LSE-000374
PROP-00138,moss-pointe,815 Ironwood Dr,Canton,GA,30114,CTY-001,4,2.5,2445,2023,2023-03-04,578900,3055,occupied,LSE-000378
PROP-00139,moss-pointe,9796 Juniper Ln,Canton,GA,30114,CTY-001,4,3.0,2373,2018,2018-02-18,484600,2950,occupied,LSE-000381
PROP-00140,moss-pointe,7416 Bellflower Ct,Canton,GA,30114,CTY-001,4,2.5,2815,2021,2021-12-23,462900,3130,occupied,LSE-000383
PROP-00141,moss-pointe,6261 Tanglewood Ct,Canton,GA,30114,CTY-001,4,3.0,2282,2017,2017-02-21,567500,3045,occupied,LSE-000386
PROP-00142,moss-pointe,3863 Bellflower Xing,Canton,GA,30114,CTY-001,4,2.5,2638,2016,2016-05-19,553500,3140,occupied,LSE-000389
PROP-00143,moss-pointe,6341 Dovetail Way,Canton,GA,30114,CTY-001,4,2.5,2172,2016,2016-10-07,434300,2970,occupied,LSE-000391
PROP-00144,moss-pointe,6326 Juniper Cir,Canton,GA,30114,CTY-001,4,2.5,2359,2022,2022-09-26,559500,3095,occupied,LSE-000393
PROP-00145,moss-pointe,5538 Cypress Way,Canton,GA,30114,CTY-001,4,2.5,2412,2019,2019-10-18,554700,3045,vacant,
PROP-00146,moss-pointe,2012 Willow Bend Trl,Canton,GA,30114,CTY-001,4,2.5,2346,2020,2020-09-11,518000,2945,occupied,LSE-000399
PROP-00147,moss-pointe,8553 Tanglewood Dr,Canton,GA,30114,CTY-001,4,2.5,2491,2019,2019-07-17,439400,3095,turn,
PROP-00148,moss-pointe,4719 Redbud Way,Canton,GA,30114,CTY-001,4,2.5,2267,2022,2022-04-09,545700,3040,occupied,LSE-000404
PROP-00149,moss-pointe,8160 Quail Run Path,Canton,GA,30114,CTY-001,4,2.5,2286,2021,2021-08-12,459600,3020,occupied,LSE-000408
PROP-00150,moss-pointe,4132 Hawthorn Dr,Canton,GA,30114,CTY-001,4,2.5,2158,2017,2017-02-10,447400,2915,occupied,LSE-000412
PROP-00151,moss-pointe,4159 Juniper Cir,Canton,GA,30114,CTY-001,4,2.5,2746,2022,2022-09-12,462200,3055,occupied,LSE-000414
PROP-00152,moss-pointe,1712 Blue Heron Ln,Canton,GA,30114,CTY-001,4,3.0,2351,2020,2020-08-20,554400,2960,occupied,LSE-000417
PROP-00153,moss-pointe,3052 Dovetail Xing,Canton,GA,30114,CTY-001,4,3.0,2015,2022,2022-01-18,490100,2890,occupied,LSE-000420
PROP-00154,moss-pointe,2876 Larkspur Path,Canton,GA,30114,CTY-001,4,2.5,2139,2021,2021-05-09,561200,3065,turn,
PROP-00155,moss-pointe,1865 Willow Bend Trl,Canton,GA,30114,CTY-001,4,2.5,2627,2019,2019-11-16,564400,3100,occupied,LSE-000426
PROP-00156,moss-pointe,5981 Blue Heron Ct,Canton,GA,30114,CTY-001,4,2.5,2730,2019,2019-09-07,515400,3095,occupied,LSE-000429
PROP-00157,moss-pointe,4028 Cypress Dr,Canton,GA,30114,CTY-001,4,2.5,2230,2019,2019-07-17,527100,3050,occupied,LSE-000432
PROP-00158,moss-pointe,5401 Tanglewood Trl,Canton,GA,30114,CTY-001,4,3.0,2294,2020,2020-03-26,457900,3055,occupied,LSE-000434
PROP-00159,moss-pointe,868 Redbud Cir,Canton,GA,30114,CTY-001,4,3.0,2686,2019,2019-01-15,544600,3130,vacant,
PROP-00160,moss-pointe,3437 Tanglewood Dr,Canton,GA,30114,CTY-001,4,2.5,2341,2017,2017-09-05,551200,3035,occupied,LSE-000439
PROP-00161,moss-pointe,5165 Magnolia Xing,Canton,GA,30114,CTY-001,4,3.0,2460,2021,2021-06-15,559900,3105,turn,
PROP-00162,moss-pointe,7396 Redbud Path,Canton,GA,30114,CTY-001,4,2.5,2345,2021,2021-05-13,507700,2985,occupied,LSE-000446
PROP-00163,moss-pointe,2296 Larkspur Trl,Canton,GA,30114,CTY-001,4,2.5,2434,2016,2016-11-26,463400,3060,occupied,LSE-000449
PROP-00164,moss-pointe,868 Redbud Ct,Canton,GA,30114,CTY-001,4,3.0,2670,2018,2018-04-05,545800,3165,occupied,LSE-000452
PROP-00165,moss-pointe,1024 Juniper Dr,Canton,GA,30114,CTY-001,4,2.5,2429,2018,2018-06-27,524600,3065,occupied,LSE-000455
PROP-00166,moss-pointe,2537 Cypress Xing,Canton,GA,30114,CTY-001,4,2.5,2386,2022,2022-11-04,517100,2965,occupied,LSE-000458
PROP-00167,moss-pointe,2333 Silver Oak Xing,Canton,GA,30114,CTY-001,4,2.5,2482,2022,2022-05-13,539800,3125,occupied,LSE-000462
PROP-00168,moss-pointe,3657 Quail Run Way,Canton,GA,30114,CTY-001,4,2.5,2367,2023,2023-07-27,580300,3080,occupied,LSE-000464
PROP-00169,moss-pointe,6139 Juniper Ct,Canton,GA,30114,CTY-001,4,2.5,2090,2021,2021-01-25,417600,2935,occupied,LSE-000467
PROP-00170,moss-pointe,1670 Summit Ln,Canton,GA,30114,CTY-001,4,2.5,2538,2017,2017-02-18,504200,3005,occupied,LSE-000470
PROP-00171,moss-pointe,7439 Magnolia Cir,Canton,GA,30114,CTY-001,4,2.5,2242,2018,2018-05-18,517900,3055,occupied,LSE-000473
PROP-00172,moss-pointe,4542 Larkspur Ln,Canton,GA,30114,CTY-001,4,2.5,2265,2021,2021-10-12,439600,3015,occupied,LSE-000476
PROP-00173,moss-pointe,2508 Cypress Way,Canton,GA,30114,CTY-001,4,2.5,2167,2017,2017-04-17,449900,3040,occupied,LSE-000479
PROP-00174,moss-pointe,7134 Copper Creek Ln,Canton,GA,30114,CTY-001,4,3.0,2133,2017,2017-01-19,560800,2965,occupied,LSE-000482
PROP-00175,moss-pointe,9507 Dovetail Path,Canton,GA,30114,CTY-001,4,2.5,2265,2019,2019-02-07,469300,3025,occupied,LSE-000486
PROP-00176,moss-pointe,3038 Copper Creek Way,Canton,GA,30114,CTY-001,4,3.0,2547,2022,2022-03-20,491200,2995,occupied,LSE-000489
PROP-00177,moss-pointe,682 Ironwood Xing,Canton,GA,30114,CTY-001,4,2.5,2316,2019,2019-04-07,585900,3085,occupied,LSE-000492
PROP-00178,moss-pointe,8038 Redbud Ct,Canton,GA,30114,CTY-001,4,2.5,2266,2019,2019-06-05,566500,3020,occupied,LSE-000495
PROP-00179,moss-pointe,3141 Juniper Path,Canton,GA,30114,CTY-001,4,2.5,2130,2020,2020-05-14,577000,3060,occupied,LSE-000498
PROP-00180,moss-pointe,4488 Copper Creek Ct,Canton,GA,30114,CTY-001,4,2.5,2545,2022,2022-03-08,579000,3055,occupied,LSE-000502
PROP-00181,moss-pointe,9123 Summit Ct,Canton,GA,30114,CTY-001,4,2.5,2462,2020,2020-04-05,569700,3105,occupied,LSE-000504
PROP-00182,moss-pointe,607 Redbud Cir,Canton,GA,30114,CTY-001,4,3.0,2544,2023,2023-03-17,476600,3020,occupied,LSE-000506
PROP-00183,moss-pointe,6317 Cypress Trl,Canton,GA,30114,CTY-001,4,3.0,2375,2022,2022-10-09,562800,3075,occupied,LSE-000508
PROP-00184,moss-pointe,7494 Hawthorn Trl,Canton,GA,30114,CTY-001,4,2.5,2336,2024,2024-07-14,527600,3045,occupied,LSE-000510
PROP-00185,moss-pointe,6380 Willow Bend Cir,Canton,GA,30114,CTY-001,4,2.5,2417,2023,2023-04-09,439300,3035,occupied,LSE-000512
PROP-00186,moss-pointe,1334 Redbud Cir,Canton,GA,30114,CTY-001,4,2.5,2476,2024,2024-01-16,498000,3000,occupied,LSE-000514
PROP-00187,moss-pointe,7824 Silver Oak Way,Canton,GA,30114,CTY-001,4,2.5,2348,2019,2019-03-25,522500,2970,occupied,LSE-000517
PROP-00188,moss-pointe,6241 Windrose Xing,Canton,GA,30114,CTY-001,4,2.5,2398,2022,2022-02-19,573900,3125,occupied,LSE-000519
PROP-00189,moss-pointe,7777 Tanglewood Trl,Canton,GA,30114,CTY-001,4,2.5,2310,2019,2019-04-05,436300,3005,occupied,LSE-000522
PROP-00190,moss-pointe,1689 Blue Heron Dr,Canton,GA,30114,CTY-001,4,2.5,2295,2023,2023-12-20,446100,3080,occupied,LSE-000525
PROP-00191,reynolds-bend,9636 Juniper Cir,Bethlehem,GA,30620,CTY-004,5,3.0,3143,2019,2019-01-02,581300,3310,occupied,LSE-000528
PROP-00192,reynolds-bend,2700 Blue Heron Trl,Bethlehem,GA,30620,CTY-004,5,3.0,3018,2023,2023-03-13,514100,3205,occupied,LSE-000531
PROP-00193,reynolds-bend,1827 Quail Run Trl,Bethlehem,GA,30620,CTY-004,5,3.5,2791,2017,2017-04-13,549500,3200,occupied,LSE-000535
PROP-00194,reynolds-bend,1738 Cypress Path,Bethlehem,GA,30620,CTY-004,5,3.5,2966,2019,2019-02-28,590600,3260,occupied,LSE-000539
PROP-00195,reynolds-bend,7074 Juniper Ct,Bethlehem,GA,30620,CTY-004,4,3.0,2181,2023,2023-02-14,469700,2810,occupied,LSE-000542
PROP-00196,reynolds-bend,4080 Redbud Xing,Bethlehem,GA,30620,CTY-004,5,3.0,3185,2016,2016-10-19,550400,3220,turn,
PROP-00197,reynolds-bend,4570 Willow Bend Xing,Bethlehem,GA,30620,CTY-004,4,3.0,2536,2020,2020-09-15,521000,2985,occupied,LSE-000547
PROP-00198,reynolds-bend,6013 Sable Cir,Bethlehem,GA,30620,CTY-004,5,3.0,3154,2018,2018-09-06,466400,3280,occupied,LSE-000550
PROP-00199,reynolds-bend,2644 Redbud Trl,Bethlehem,GA,30620,CTY-004,4,3.0,2345,2024,2024-10-18,500200,2830,occupied,LSE-000552
PROP-00200,reynolds-bend,9884 Wren Hollow Xing,Bethlehem,GA,30620,CTY-004,5,3.0,2949,2022,2022-10-28,449300,3140,occupied,LSE-000555
PROP-00201,reynolds-bend,2643 Willow Bend Ln,Bethlehem,GA,30620,CTY-004,4,3.0,2242,2021,2021-02-11,478400,2930,occupied,LSE-000559
PROP-00202,reynolds-bend,9725 Dovetail Cir,Bethlehem,GA,30620,CTY-004,5,3.5,2786,2019,2019-07-22,574700,3190,vacant,
PROP-00203,reynolds-bend,2420 Sable Ln,Bethlehem,GA,30620,CTY-004,5,3.0,2860,2024,2024-10-20,550800,3145,occupied,LSE-000562
PROP-00204,reynolds-bend,1556 Dovetail Ln,Bethlehem,GA,30620,CTY-004,4,2.5,1907,2018,2018-07-26,458700,2720,occupied,LSE-000565
PROP-00205,reynolds-bend,7430 Hawthorn Ct,Bethlehem,GA,30620,CTY-004,5,3.5,2969,2024,2024-05-16,487200,3185,vacant,
PROP-00206,reynolds-bend,8876 Tanglewood Trl,Bethlehem,GA,30620,CTY-004,5,3.0,2815,2020,2020-09-15,587800,3150,occupied,LSE-000571
PROP-00207,reynolds-bend,7889 Silver Oak Way,Bethlehem,GA,30620,CTY-004,5,3.0,2921,2020,2020-07-19,558700,3255,occupied,LSE-000575
PROP-00208,reynolds-bend,2191 Tanglewood Trl,Bethlehem,GA,30620,CTY-004,5,3.0,2720,2019,2019-11-04,456500,3120,occupied,LSE-000577
PROP-00209,reynolds-bend,3380 Redbud Path,Bethlehem,GA,30620,CTY-004,5,3.0,2825,2020,2020-12-14,574000,3205,occupied,LSE-000579
PROP-00210,reynolds-bend,4275 Silver Oak Ln,Bethlehem,GA,30620,CTY-004,4,2.5,2696,2024,2024-12-26,470900,2865,occupied,LSE-000581
PROP-00211,reynolds-bend,6593 Larkspur Way,Bethlehem,GA,30620,CTY-004,4,3.0,2163,2018,2018-07-10,415700,2850,occupied,LSE-000586
PROP-00212,reynolds-bend,2375 Ironwood Cir,Bethlehem,GA,30620,CTY-004,5,3.0,2795,2017,2017-09-23,573200,3170,occupied,LSE-000589
PROP-00213,reynolds-bend,5771 Dovetail Path,Bethlehem,GA,30620,CTY-004,4,3.0,2381,2024,2024-04-07,449100,2795,occupied,LSE-000591
PROP-00214,reynolds-bend,9754 Hawthorn Ct,Bethlehem,GA,30620,CTY-004,5,3.0,2557,2022,2022-09-20,453000,3190,occupied,LSE-000594
PROP-00215,reynolds-bend,7702 Redbud Way,Bethlehem,GA,30620,CTY-004,5,3.5,2844,2018,2018-01-26,445200,3130,occupied,LSE-000597
PROP-00216,reynolds-bend,5769 Hawthorn Path,Bethlehem,GA,30620,CTY-004,5,3.0,2992,2021,2021-02-19,613700,3315,occupied,LSE-000600
PROP-00217,reynolds-bend,4924 Willow Bend Dr,Bethlehem,GA,30620,CTY-004,5,3.5,3102,2016,2016-03-18,534900,3185,occupied,LSE-000604
PROP-00218,reynolds-bend,4977 Silver Oak Cir,Bethlehem,GA,30620,CTY-004,5,3.0,3049,2022,2022-08-10,561900,3235,occupied,LSE-000607
PROP-00219,reynolds-bend,5978 Tanglewood Dr,Bethlehem,GA,30620,CTY-004,4,3.0,2145,2017,2017-04-24,409100,2815,occupied,LSE-000611
PROP-00220,reynolds-bend,9631 Cypress Dr,Bethlehem,GA,30620,CTY-004,4,3.0,2483,2019,2019-06-20,471900,2865,occupied,LSE-000614
PROP-00221,reynolds-bend,5181 Sable Way,Bethlehem,GA,30620,CTY-004,5,3.0,2883,2017,2017-08-26,547100,3175,occupied,LSE-000617
PROP-00222,reynolds-bend,4414 Cypress Trl,Bethlehem,GA,30620,CTY-004,5,3.0,2992,2020,2020-07-20,532200,3185,occupied,LSE-000621
PROP-00223,reynolds-bend,8927 Windrose Way,Bethlehem,GA,30620,CTY-004,5,3.5,2620,2020,2020-04-11,563600,3085,occupied,LSE-000624
PROP-00224,reynolds-bend,2251 Copper Creek Dr,Bethlehem,GA,30620,CTY-004,5,3.0,2947,2021,2021-12-27,606900,3240,occupied,LSE-000628
PROP-00225,the-park-at-westfield-village,7982 Dovetail Ct,Covington,GA,30016,CTY-003,3,2.0,1866,2021,2021-12-26,431300,2370,occupied,LSE-000631
PROP-00226,the-park-at-westfield-village,8578 Cypress Ln,Covington,GA,30016,CTY-003,3,2.0,1926,2017,2017-11-17,340400,2335,occupied,LSE-000633
PROP-00227,the-park-at-westfield-village,4759 Wren Hollow Ct,Covington,GA,30016,CTY-003,4,2.5,1921,2021,2021-11-07,404800,2545,occupied,LSE-000636
PROP-00228,the-park-at-westfield-village,4637 Windrose Xing,Covington,GA,30016,CTY-003,4,2.5,2452,2023,2023-10-10,448000,2635,vacant,
PROP-00229,the-park-at-westfield-village,478 Quail Run Path,Covington,GA,30016,CTY-003,3,2.0,1540,2024,2024-08-22,394400,2320,occupied,LSE-000640
PROP-00230,the-park-at-westfield-village,510 Summit Xing,Covington,GA,30016,CTY-003,3,2.5,1855,2018,2018-08-14,354700,2360,occupied,LSE-000643
PROP-00231,the-park-at-westfield-village,2588 Ironwood Dr,Covington,GA,30016,CTY-003,5,3.0,2788,2017,2017-03-06,415900,2940,occupied,LSE-000647
PROP-00232,the-park-at-westfield-village,2518 Copper Creek Ct,Covington,GA,30016,CTY-003,4,2.5,2336,2017,2017-02-23,409400,2645,occupied,LSE-000650
PROP-00233,the-park-at-westfield-village,6563 Juniper Dr,Covington,GA,30016,CTY-003,4,2.5,2622,2021,2021-04-03,425700,2740,occupied,LSE-000653
PROP-00234,the-park-at-westfield-village,5151 Juniper Cir,Covington,GA,30016,CTY-003,5,3.0,2845,2019,2019-03-06,496300,2875,occupied,LSE-000656
PROP-00235,the-park-at-westfield-village,276 Magnolia Path,Covington,GA,30016,CTY-003,5,3.0,2989,2022,2022-02-19,568500,3000,occupied,LSE-000658
PROP-00236,the-park-at-westfield-village,5730 Quail Run Dr,Covington,GA,30016,CTY-003,3,2.0,1901,2021,2021-12-27,416600,2420,occupied,LSE-000661
PROP-00237,the-park-at-westfield-village,9321 Magnolia Xing,Covington,GA,30016,CTY-003,4,2.5,2419,2016,2016-08-09,424800,2580,occupied,LSE-000664
PROP-00238,the-park-at-westfield-village,6182 Summit Ct,Covington,GA,30016,CTY-003,3,2.5,1963,2016,2016-09-12,386000,2345,occupied,LSE-000668
PROP-00239,the-park-at-westfield-village,142 Bellflower Path,Covington,GA,30016,CTY-003,5,3.0,2975,2023,2023-06-10,448400,2940,occupied,LSE-000670
PROP-00240,the-park-at-westfield-village,8429 Windrose Xing,Covington,GA,30016,CTY-003,3,2.0,1789,2017,2017-10-03,423300,2375,occupied,LSE-000672
PROP-00241,the-park-at-westfield-village,2963 Summit Cir,Covington,GA,30016,CTY-003,5,3.5,2921,2019,2019-07-11,569000,3015,occupied,LSE-000675
PROP-00242,the-park-at-westfield-village,1499 Cypress Cir,Covington,GA,30016,CTY-003,3,2.0,1947,2020,2020-10-14,433300,2355,occupied,LSE-000678
PROP-00243,the-park-at-westfield-village,980 Cypress Dr,Covington,GA,30016,CTY-003,4,2.5,2558,2024,2024-02-15,507300,2685,occupied,LSE-000680
PROP-00244,the-park-at-westfield-village,5396 Sable Cir,Covington,GA,30016,CTY-003,4,3.0,2869,2021,2021-05-25,409300,2745,occupied,LSE-000683
PROP-00245,the-park-at-westfield-village,2488 Wren Hollow Cir,Covington,GA,30016,CTY-003,3,2.0,1795,2019,2019-12-09,377900,2365,occupied,LSE-000686
PROP-00246,the-park-at-westfield-village,4733 Blue Heron Dr,Covington,GA,30016,CTY-003,3,2.0,1998,2018,2018-09-19,412500,2400,occupied,LSE-000688
PROP-00247,the-park-at-westfield-village,3277 Larkspur Path,Covington,GA,30016,CTY-003,5,3.0,3296,2018,2018-01-20,444000,3025,occupied,LSE-000691
PROP-00248,the-park-at-westfield-village,5382 Dovetail Cir,Covington,GA,30016,CTY-003,4,2.5,2755,2024,2024-01-27,379700,2655,occupied,LSE-000693
PROP-00249,the-park-at-westfield-village,9393 Redbud Way,Covington,GA,30016,CTY-003,5,3.0,2983,2018,2018-10-19,512000,2935,occupied,LSE-000696
PROP-00250,the-park-at-westfield-village,6751 Magnolia Dr,Covington,GA,30016,CTY-003,3,2.0,1535,2021,2021-08-25,338500,2255,occupied,LSE-000699
PROP-00251,the-park-at-westfield-village,4008 Silver Oak Ct,Covington,GA,30016,CTY-003,5,3.0,2623,2020,2020-12-24,431500,2920,occupied,LSE-000703
PROP-00252,the-reserve,8404 Sable Trl,Dallas,GA,30132,CTY-005,4,3.0,2249,2019,2019-03-09,494500,2910,occupied,LSE-000705
PROP-00253,the-reserve,8343 Silver Oak Ct,Dallas,GA,30132,CTY-005,4,2.5,2505,2021,2021-02-12,531200,3075,occupied,LSE-000708
PROP-00254,the-reserve,2104 Bellflower Cir,Dallas,GA,30132,CTY-005,4,3.0,2430,2022,2022-12-07,518400,3050,occupied,LSE-000711
PROP-00255,the-reserve,3711 Wren Hollow Ln,Dallas,GA,30132,CTY-005,4,2.5,2474,2016,2016-04-16,477500,2955,occupied,LSE-000714
PROP-00256,the-reserve,3637 Marigold Path,Dallas,GA,30132,CTY-005,4,3.0,2360,2024,2024-07-18,512200,2880,turn,
PROP-00257,the-reserve,5381 Larkspur Trl,Dallas,GA,30132,CTY-005,4,2.5,2173,2021,2021-03-15,475000,2880,occupied,LSE-000718
PROP-00258,the-reserve,3706 Windrose Way,Dallas,GA,30132,CTY-005,4,3.0,2225,2016,2016-03-26,436200,2890,occupied,LSE-000721
PROP-00259,the-reserve,3660 Willow Bend Cir,Dallas,GA,30132,CTY-005,4,2.5,2342,2021,2021-09-10,551300,2975,occupied,LSE-000723
PROP-00260,the-reserve,6530 Tanglewood Trl,Dallas,GA,30132,CTY-005,4,2.5,2402,2021,2021-12-18,537800,2995,occupied,LSE-000725
PROP-00261,the-reserve,7913 Windrose Trl,Dallas,GA,30132,CTY-005,4,2.5,2894,2023,2023-04-25,467600,3125,occupied,LSE-000728
PROP-00262,the-reserve,313 Blue Heron Cir,Dallas,GA,30132,CTY-005,4,3.0,2374,2022,2022-06-13,462900,3015,vacant,
PROP-00263,the-reserve,4946 Blue Heron Xing,Dallas,GA,30132,CTY-005,4,3.0,2124,2018,2018-11-24,496000,2940,occupied,LSE-000733
PROP-00264,the-reserve,6664 Ironwood Way,Dallas,GA,30132,CTY-005,4,3.0,2399,2019,2019-02-09,418300,2980,occupied,LSE-000737
PROP-00265,the-reserve,3323 Tanglewood Xing,Dallas,GA,30132,CTY-005,4,2.5,2275,2024,2024-04-26,499400,2980,occupied,LSE-000739
PROP-00266,the-reserve,2886 Bellflower Trl,Dallas,GA,30132,CTY-005,4,3.0,2323,2020,2020-04-02,508300,2885,occupied,LSE-000742
PROP-00267,the-reserve,8804 Copper Creek Dr,Dallas,GA,30132,CTY-005,4,2.5,2209,2019,2019-04-12,486300,2935,occupied,LSE-000746
PROP-00268,the-reserve,3773 Blue Heron Way,Dallas,GA,30132,CTY-005,4,2.5,2120,2024,2024-08-19,557400,2950,occupied,LSE-000748
PROP-00269,the-reserve,6049 Redbud Way,Dallas,GA,30132,CTY-005,4,2.5,2548,2018,2018-03-15,540500,3055,occupied,LSE-000751
PROP-00270,the-reserve,6140 Quail Run Path,Dallas,GA,30132,CTY-005,4,2.5,2444,2018,2018-04-01,558200,3005,occupied,LSE-000754
PROP-00271,the-reserve,229 Blue Heron Dr,Dallas,GA,30132,CTY-005,4,2.5,2221,2016,2016-01-25,440500,2905,occupied,LSE-000757
PROP-00272,the-reserve,421 Cypress Dr,Dallas,GA,30132,CTY-005,4,2.5,2264,2018,2018-05-06,419700,2990,occupied,LSE-000760
PROP-00273,the-reserve,1145 Windrose Ln,Dallas,GA,30132,CTY-005,4,2.5,1957,2023,2023-01-03,482400,2825,turn,
PROP-00274,the-reserve,1573 Ironwood Xing,Dallas,GA,30132,CTY-005,4,2.5,2032,2017,2017-02-10,533600,2975,occupied,LSE-000766
PROP-00275,the-reserve,5157 Dovetail Path,Dallas,GA,30132,CTY-005,4,3.0,2203,2017,2017-09-20,543100,2885,occupied,LSE-000769
PROP-00276,the-reserve,8766 Redbud Path,Dallas,GA,30132,CTY-005,4,2.5,2294,2024,2024-06-16,532500,2920,occupied,LSE-000771
PROP-00277,the-reserve,2749 Silver Oak Ct,Dallas,GA,30132,CTY-005,4,3.0,2682,2024,2024-12-04,539000,3055,occupied,LSE-000772
PROP-00278,the-reserve,9840 Magnolia Trl,Dallas,GA,30132,CTY-005,4,2.5,2232,2019,2019-07-10,528300,3010,turn,
PROP-00279,the-reserve,950 Quail Run Trl,Dallas,GA,30132,CTY-005,4,3.0,2299,2017,2017-07-24,526900,3015,occupied,LSE-000777
PROP-00280,the-reserve,6498 Willow Bend Dr,Dallas,GA,30132,CTY-005,4,2.5,2495,2020,2020-07-05,427900,3040,occupied,LSE-000780
PROP-00281,the-reserve,5173 Marigold Dr,Dallas,GA,30132,CTY-005,4,2.5,1958,2023,2023-02-27,493300,2895,occupied,LSE-000782
PROP-00282,the-reserve,2237 Bellflower Way,Dallas,GA,30132,CTY-005,4,2.5,2511,2021,2021-03-01,495900,2990,occupied,LSE-000785
PROP-00283,the-reserve,3223 Cypress Trl,Dallas,GA,30132,CTY-005,4,3.0,1973,2017,2017-09-10,542600,2975,occupied,LSE-000789
PROP-00284,the-reserve,2504 Summit Path,Dallas,GA,30132,CTY-005,4,3.0,2046,2016,2016-05-12,519500,2950,vacant,
PROP-00285,the-reserve,5437 Magnolia Ln,Dallas,GA,30132,CTY-005,4,3.0,2264,2018,2018-08-24,488200,3010,occupied,LSE-000795
PROP-00286,the-reserve,2648 Summit Cir,Dallas,GA,30132,CTY-005,4,3.0,2432,2024,2024-10-06,472400,3060,occupied,LSE-000797
PROP-00287,the-reserve,4270 Marigold Trl,Dallas,GA,30132,CTY-005,4,2.5,2193,2023,2023-11-16,548500,2995,occupied,LSE-000800
PROP-00288,the-reserve,6299 Marigold Cir,Dallas,GA,30132,CTY-005,4,2.5,1967,2017,2017-04-13,483600,2865,occupied,LSE-000803
PROP-00289,the-reserve,616 Bellflower Xing,Dallas,GA,30132,CTY-005,4,3.0,2371,2018,2018-12-12,426200,3040,occupied,LSE-000805
PROP-00290,the-reserve,2812 Dovetail Trl,Dallas,GA,30132,CTY-005,4,2.5,2190,2021,2021-03-02,425200,2960,occupied,LSE-000807
PROP-00291,the-reserve,3713 Marigold Ct,Dallas,GA,30132,CTY-005,4,2.5,2270,2024,2024-02-12,554700,2920,occupied,LSE-000809
PROP-00292,arborwood,3563 Blue Heron Ln,Monroe,NC,28110,CTY-006,4,2.5,2309,2020,2020-09-08,466300,2745,vacant,
PROP-00293,arborwood,1208 Quail Run Xing,Monroe,NC,28110,CTY-006,2,1.5,1753,2018,2018-09-07,394100,2245,occupied,LSE-000815
PROP-00294,arborwood,9274 Windrose Path,Monroe,NC,28110,CTY-006,4,3.0,2367,2019,2019-07-23,399900,2805,occupied,LSE-000817
PROP-00295,arborwood,4334 Ironwood Path,Monroe,NC,28110,CTY-006,2,1.5,1253,2020,2020-11-23,328500,2315,occupied,LSE-000820
PROP-00296,arborwood,8269 Redbud Xing,Monroe,NC,28110,CTY-006,3,2.0,2111,2023,2023-07-13,441000,2570,occupied,LSE-000823
PROP-00297,arborwood,1410 Larkspur Trl,Monroe,NC,28110,CTY-006,3,2.0,1778,2022,2022-10-23,380800,2465,occupied,LSE-000826
PROP-00298,arborwood,3298 Bellflower Dr,Monroe,NC,28110,CTY-006,3,2.0,1972,2022,2022-10-17,385400,2525,occupied,LSE-000829
PROP-00299,arborwood,739 Marigold Cir,Monroe,NC,28110,CTY-006,2,1.5,1349,2022,2022-01-15,347200,2270,occupied,LSE-000833
PROP-00300,arborwood,7665 Redbud Path,Monroe,NC,28110,CTY-006,3,2.0,2181,2017,2017-03-13,474600,2625,occupied,LSE-000836
PROP-00301,arborwood,2613 Redbud Path,Monroe,NC,28110,CTY-006,4,2.5,2486,2019,2019-08-01,514500,2825,occupied,LSE-000838
PROP-00302,arborwood,4232 Silver Oak Trl,Monroe,NC,28110,CTY-006,4,3.0,2406,2021,2021-08-17,488900,2810,occupied,LSE-000841
PROP-00303,arborwood,6476 Cypress Way,Monroe,NC,28110,CTY-006,2,1.5,1228,2019,2019-12-22,314100,2215,vacant,
PROP-00304,arborwood,1158 Ironwood Path,Monroe,NC,28110,CTY-006,3,2.0,1849,2021,2021-06-22,430000,2505,occupied,LSE-000848
PROP-00305,arborwood,4367 Larkspur Trl,Monroe,NC,28110,CTY-006,4,3.0,2295,2021,2021-03-16,498100,2765,turn,
PROP-00306,arborwood,6915 Tanglewood Way,Monroe,NC,28110,CTY-006,3,2.0,1728,2024,2024-10-17,436500,2555,occupied,LSE-000852
PROP-00307,arborwood,7690 Windrose Trl,Monroe,NC,28110,CTY-006,2,2,1682,2020,2020-03-20,334200,2230,occupied,LSE-000857
PROP-00308,arborwood,5811 Magnolia Way,Monroe,NC,28110,CTY-006,4,3.0,1964,2020,2020-06-10,408800,2770,turn,
PROP-00309,arborwood,9242 Cypress Ct,Monroe,NC,28110,CTY-006,3,2.5,1668,2019,2019-05-18,343700,2440,occupied,LSE-000862
PROP-00310,arborwood,7021 Ironwood Dr,Monroe,NC,28110,CTY-006,3,2.0,1908,2017,2017-07-06,363300,2590,occupied,LSE-000865
PROP-00311,arborwood,737 Summit Way,Monroe,NC,28110,CTY-006,3,2.0,2067,2018,2018-04-17,424600,2500,occupied,LSE-000867
PROP-00312,arborwood,153 Quail Run Way,Monroe,NC,28110,CTY-006,4,3.0,2406,2021,2021-10-05,466500,2715,occupied,LSE-000871
PROP-00313,arborwood,3840 Bellflower Path,Monroe,NC,28110,CTY-006,2,1.5,1727,2020,2020-03-02,373700,2340,occupied,LSE-000875
PROP-00314,arborwood,7400 Summit Xing,Monroe,NC,28110,CTY-006,2,1.5,1607,2020,2020-03-25,419800,2270,occupied,LSE-000878
PROP-00315,arborwood,1905 Silver Oak Trl,Monroe,NC,28110,CTY-006,3,2.0,1550,2019,2019-01-21,381000,2445,occupied,LSE-000880
PROP-00316,arborwood,9382 Copper Creek Xing,Monroe,NC,28110,CTY-006,2,1.5,1127,2021,2021-12-08,413100,2225,occupied,LSE-000884
PROP-00317,arborwood,2621 Summit Ln,Monroe,NC,28110,CTY-006,3,2.0,2003,2018,2018-12-14,425900,2565,occupied,LSE-000887
PROP-00318,arborwood,6852 Quail Run Xing,Monroe,NC,28110,CTY-006,4,2.5,2074,2016,2016-08-01,442100,2725,occupied,LSE-000891
PROP-00319,arborwood,9875 Larkspur Ct,Monroe,NC,28110,CTY-006,3,2.0,1768,2018,2018-10-09,428900,2565,occupied,LSE-000894
PROP-00320,arborwood,6465 Cypress Path,Monroe,NC,28110,CTY-006,3,2.0,1947,2018,2018-02-12,392300,2525,occupied,LSE-000898
PROP-00321,arborwood,5280 Willow Bend Ct,Monroe,NC,28110,CTY-006,3,2.5,1869,2024,2024-11-12,398100,2490,occupied,LSE-000900
PROP-00322,arborwood,1800 Bellflower Path,Monroe,NC,28110,CTY-006,3,2.0,1969,2023,2023-06-22,369900,2450,occupied,LSE-000903
PROP-00323,arborwood,3444 Cypress Xing,Monroe,NC,28110,CTY-006,2,1.5,1393,2017,2017-05-10,355500,2330,occupied,LSE-000905
PROP-00324,arborwood,5998 Silver Oak Ct,Monroe,NC,28110,CTY-006,4,2.5,2419,2016,2016-12-24,476000,2740,occupied,LSE-000909
PROP-00325,arborwood,2114 Wren Hollow Ln,Monroe,NC,28110,CTY-006,4,3.0,2410,2017,2017-10-12,484500,2800,occupied,LSE-000911
PROP-00326,arborwood,9290 Willow Bend Xing,Monroe,NC,28110,CTY-006,4,2.5,2527,2024,2024-02-07,467800,2790,occupied,LSE-000913
PROP-00327,arborwood,582 Tanglewood Way,Monroe,NC,28110,CTY-006,2,1.5,1469,2023,2023-06-10,317400,2230,occupied,LSE-000915
PROP-00328,briers-edge-townes,6557 Blue Heron Xing,Charlotte,NC,28202,CTY-007,3,2.0,1847,2022,2022-04-25,419800,2610,occupied,LSE-000917
PROP-00329,briers-edge-townes,9788 Wren Hollow Ln,Charlotte,NC,28202,CTY-007,3,2.0,1841,2019,2019-12-11,399500,2750,occupied,LSE-000919
PROP-00330,briers-edge-townes,5742 Bellflower Ct,Charlotte,NC,28202,CTY-007,3,2.0,1828,2018,2018-01-06,404900,2715,occupied,LSE-000922
PROP-00331,briers-edge-townes,7702 Dovetail Dr,Charlotte,NC,28202,CTY-007,3,2.5,1630,2023,2023-09-27,488400,2610,occupied,LSE-000924
PROP-00332,briers-edge-townes,6091 Cypress Ct,Charlotte,NC,28202,CTY-007,3,2.0,1900,2016,2016-10-17,379200,2685,occupied,LSE-000927
PROP-00333,briers-edge-townes,6380 Bellflower Path,Charlotte,NC,28202,CTY-007,3,2.5,1759,2021,2021-11-26,393100,2630,occupied,LSE-000929
PROP-00334,briers-edge-townes,2916 Bellflower Trl,Charlotte,NC,28202,CTY-007,3,2.0,1628,2018,2018-08-05,488600,2620,occupied,LSE-000932
PROP-00335,briers-edge-townes,6212 Quail Run Dr,Charlotte,NC,28202,CTY-007,3,2.5,1423,2022,2022-05-03,461400,2700,occupied,LSE-000935
PROP-00336,briers-edge-townes,2673 Marigold Way,Charlotte,NC,28202,CTY-007,3,2.0,2060,2019,2019-01-18,438000,2650,occupied,LSE-000937
PROP-00337,briers-edge-townes,1608 Cypress Xing,Charlotte,NC,28202,CTY-007,3,2.0,1873,2024,2024-09-16,512200,2700,occupied,LSE-000938
PROP-00338,briers-edge-townes,5134 Willow Bend Path,Charlotte,NC,28202,CTY-007,3,2.5,2010,2022,2022-10-21,458000,2705,occupied,LSE-000941
PROP-00339,briers-edge-townes,1810 Larkspur Dr,Charlotte,NC,28202,CTY-007,3,2.5,1643,2024,2024-04-27,462000,2590,occupied,LSE-000943
PROP-00340,briers-edge-townes,8496 Willow Bend Ct,Charlotte,NC,28202,CTY-007,3,2.5,2033,2023,2023-02-20,476500,2750,occupied,LSE-000945
PROP-00341,briers-edge-townes,4226 Wren Hollow Dr,Charlotte,NC,28202,CTY-007,3,2.5,1817,2017,2017-03-05,450900,2745,vacant,
PROP-00342,briers-edge-townes,8160 Larkspur Cir,Charlotte,NC,28202,CTY-007,3,2.5,1616,2022,2022-02-15,492000,2705,occupied,LSE-000950
PROP-00343,briers-edge-townes,3517 Silver Oak Way,Charlotte,NC,28202,CTY-007,3,2.0,1610,2023,2023-07-27,432800,2570,occupied,LSE-000952
PROP-00344,briers-edge-townes,5755 Quail Run Dr,Charlotte,NC,28202,CTY-007,3,2.0,1951,2017,2017-05-05,434000,2630,occupied,LSE-000954
PROP-00345,briers-edge-townes,3895 Juniper Trl,Charlotte,NC,28202,CTY-007,3,2.5,1816,2023,2023-08-16,498300,2660,occupied,LSE-000956
PROP-00346,briers-edge-townes,7952 Marigold Ln,Charlotte,NC,28202,CTY-007,3,2.0,2031,2023,2023-08-10,394100,2725,occupied,LSE-000958
PROP-00347,briers-edge-townes,3396 Ironwood Xing,Charlotte,NC,28202,CTY-007,3,2.0,1776,2023,2023-04-25,477900,2700,occupied,LSE-000960
PROP-00348,briers-edge-townes,3795 Hawthorn Way,Charlotte,NC,28202,CTY-007,3,2.0,1792,2017,2017-04-23,446600,2705,occupied,LSE-000963
PROP-00349,briers-edge-townes,9292 Dovetail Xing,Charlotte,NC,28202,CTY-007,3,2.0,1592,2022,2022-05-01,495300,2635,occupied,LSE-000965
PROP-00350,briers-edge-townes,9318 Wren Hollow Xing,Charlotte,NC,28202,CTY-007,3,2.0,1932,2024,2024-08-16,462800,2685,occupied,LSE-000967
PROP-00351,briers-edge-townes,5689 Wren Hollow Ln,Charlotte,NC,28202,CTY-007,3,2.0,2095,2023,2023-07-27,426700,2720,occupied,LSE-000969
PROP-00352,briers-edge-townes,3241 Magnolia Ct,Charlotte,NC,28202,CTY-007,3,2.5,1393,2017,2017-06-04,488700,2700,occupied,LSE-000971
PROP-00353,briers-edge-townes,8390 Summit Cir,Charlotte,NC,28202,CTY-007,3,2.5,1631,2021,2021-10-03,457100,2635,occupied,LSE-000973
PROP-00354,briers-edge-townes,4527 Redbud Trl,Charlotte,NC,28202,CTY-007,3,2.5,1801,2024,2024-11-07,500700,2725,occupied,LSE-000975
PROP-00355,briers-edge-townes,4508 Summit Trl,Charlotte,NC,28202,CTY-007,3,2.0,1839,2024,2024-03-25,488700,2715,occupied,LSE-000978
PROP-00356,briers-edge-townes,3840 Silver Oak Ct,Charlotte,NC,28202,CTY-007,3,2.0,1797,2016,2016-06-15,457500,2695,occupied,LSE-000981
PROP-00357,briers-edge-townes,8349 Summit Path,Charlotte,NC,28202,CTY-007,3,2.5,1867,2016,2016-05-25,427600,2635,occupied,LSE-000983
PROP-00358,briers-edge-townes,1535 Willow Bend Ln,Charlotte,NC,28202,CTY-007,3,2.0,1947,2022,2022-05-28,388800,2675,occupied,LSE-000986
PROP-00359,briers-edge-townes,1632 Larkspur Path,Charlotte,NC,28202,CTY-007,3,2.5,1917,2018,2018-01-08,421600,2735,occupied,LSE-000990
PROP-00360,briers-edge-townes,3157 Marigold Ln,Charlotte,NC,28202,CTY-007,3,2.0,1783,2024,2024-05-20,460400,2610,occupied,LSE-000992
PROP-00361,briers-edge-townes,8908 Sable Dr,Charlotte,NC,28202,CTY-007,3,2.5,1897,2017,2017-04-06,391900,2645,occupied,LSE-000995
PROP-00362,briers-edge-townes,8158 Tanglewood Dr,Charlotte,NC,28202,CTY-007,3,2.5,2209,2022,2022-12-26,458000,2675,vacant,
PROP-00363,briers-edge-townes,3382 Cypress Cir,Charlotte,NC,28202,CTY-007,3,2.5,1679,2018,2018-08-21,414700,2690,occupied,LSE-000999
PROP-00364,briers-edge-townes,2018 Blue Heron Ct,Charlotte,NC,28202,CTY-007,3,2.0,1706,2019,2019-02-01,505300,2700,occupied,LSE-001002
PROP-00365,cameron-commons,5886 Wren Hollow Ct,Charlotte,NC,28202,CTY-007,4,2.5,2571,2021,2021-05-04,441100,3115,occupied,LSE-001005
PROP-00366,cameron-commons,5317 Willow Bend Trl,Charlotte,NC,28202,CTY-007,5,3.0,2917,2021,2021-02-15,518300,3425,occupied,LSE-001008
PROP-00367,cameron-commons,1873 Willow Bend Trl,Charlotte,NC,28202,CTY-007,5,3.0,2665,2016,2016-04-04,531800,3295,vacant,
PROP-00368,cameron-commons,5047 Quail Run Way,Charlotte,NC,28202,CTY-007,5,3.5,2836,2017,2017-03-13,515200,3400,occupied,LSE-001013
PROP-00369,cameron-commons,7151 Bellflower Path,Charlotte,NC,28202,CTY-007,5,3.0,2742,2018,2018-08-01,550900,3240,occupied,LSE-001015
PROP-00370,cameron-commons,6381 Bellflower Path,Charlotte,NC,28202,CTY-007,4,2.5,2291,2017,2017-01-04,536400,2910,occupied,LSE-001017
PROP-00371,cameron-commons,8632 Summit Way,Charlotte,NC,28202,CTY-007,5,3.5,2826,2018,2018-04-12,623500,3385,occupied,LSE-001020
PROP-00372,cameron-commons,5148 Silver Oak Trl,Charlotte,NC,28202,CTY-007,5,3.5,2880,2019,2019-05-18,603200,3355,vacant,
PROP-00373,cameron-commons,7801 Willow Bend Dr,Charlotte,NC,28202,CTY-007,5,3.0,3102,2017,2017-09-02,540800,3330,vacant,
PROP-00374,cameron-commons,1218 Magnolia Ln,Charlotte,NC,28202,CTY-007,4,3.0,2500,2024,2024-01-19,462100,2970,occupied,LSE-001030
PROP-00375,cameron-commons,5026 Magnolia Trl,Charlotte,NC,28202,CTY-007,5,3.5,3161,2016,2016-07-21,528200,3440,occupied,LSE-001034
PROP-00376,cameron-commons,376 Larkspur Dr,Charlotte,NC,28202,CTY-007,4,2.5,2275,2023,2023-07-18,477000,3020,occupied,LSE-001036
PROP-00377,cameron-commons,5281 Sable Path,Charlotte,NC,28202,CTY-007,5,3.0,2936,2019,2019-11-13,539500,3370,occupied,LSE-001040
PROP-00378,cameron-commons,1492 Wren Hollow Way,Charlotte,NC,28202,CTY-007,4,2.5,2588,2020,2020-05-04,431400,2995,occupied,LSE-001044
PROP-00379,cameron-commons,338 Sable Dr,Charlotte,NC,28202,CTY-007,5,3.5,2871,2021,2021-02-27,485300,3275,occupied,LSE-001047
PROP-00380,cameron-commons,2530 Dovetail Way,Charlotte,NC,28202,CTY-007,5,3.0,3272,2020,2020-09-24,619500,3470,occupied,LSE-001050
PROP-00381,cameron-commons,3276 Blue Heron Ln,Charlotte,NC,28202,CTY-007,5,3.0,2285,2021,2021-06-19,490300,3250,occupied,LSE-001052
PROP-00382,cameron-commons,9308 Willow Bend Path,Charlotte,NC,28202,CTY-007,4,2.5,2305,2021,2021-12-19,493900,2970,occupied,LSE-001055
PROP-00383,cameron-commons,3897 Juniper Ln,Charlotte,NC,28202,CTY-007,4,3.0,2571,2020,2020-11-11,476800,3065,occupied,LSE-001058
PROP-00384,cameron-commons,9821 Magnolia Cir,Charlotte,NC,28202,CTY-007,4,2.5,2509,2024,2024-01-22,578700,3115,occupied,LSE-001060
PROP-00385,cameron-commons,6437 Cypress Ln,Charlotte,NC,28202,CTY-007,5,3.5,3096,2016,2016-05-22,553300,3330,occupied,LSE-001063
PROP-00386,cameron-commons,2363 Magnolia Trl,Charlotte,NC,28202,CTY-007,4,3.0,2446,2016,2016-08-10,530200,3080,occupied,LSE-001066
PROP-00387,cameron-commons,6230 Dovetail Way,Charlotte,NC,28202,CTY-007,4,2.5,2528,2022,2022-02-08,523200,2965,occupied,LSE-001068
PROP-00388,cameron-commons,1267 Marigold Ln,Charlotte,NC,28202,CTY-007,4,3.0,2350,2021,2021-06-06,544000,2950,occupied,LSE-001071
PROP-00389,cameron-commons,3548 Larkspur Trl,Charlotte,NC,28202,CTY-007,4,2.5,2363,2024,2024-05-10,547400,3070,occupied,LSE-001074
PROP-00390,cameron-commons,4954 Sable Trl,Charlotte,NC,28202,CTY-007,5,3.5,2747,2021,2021-11-06,560900,3255,occupied,LSE-001078
PROP-00391,cameron-commons,7665 Wren Hollow Path,Charlotte,NC,28202,CTY-007,5,3.0,2888,2017,2017-07-04,486700,3350,occupied,LSE-001081
PROP-00392,cameron-commons,8483 Bellflower Xing,Charlotte,NC,28202,CTY-007,4,2.5,2480,2019,2019-07-09,445400,3015,turn,
PROP-00393,cameron-commons,5288 Copper Creek Xing,Charlotte,NC,28202,CTY-007,4,2.5,2336,2017,2017-08-06,439200,3035,occupied,LSE-001086
PROP-00394,cameron-commons,152 Silver Oak Dr,Charlotte,NC,28202,CTY-007,5,3.0,3051,2024,2024-03-17,611500,3405,occupied,LSE-001089
PROP-00395,cameron-commons,6622 Tanglewood Way,Charlotte,NC,28202,CTY-007,4,3.0,2884,2022,2022-02-13,480700,3075,occupied,LSE-001092
PROP-00396,cameron-commons,7409 Summit Xing,Charlotte,NC,28202,CTY-007,5,3.5,2755,2024,2024-03-27,485400,3220,occupied,LSE-001094
PROP-00397,cherry-creek,5155 Silver Oak Dr,Haw River,NC,27258,CTY-008,4,3.0,2145,2022,2022-07-01,406300,2760,occupied,LSE-001097
PROP-00398,cherry-creek,4194 Sable Ct,Haw River,NC,27258,CTY-008,4,3.0,2126,2020,2020-06-03,522100,2760,occupied,LSE-001100
PROP-00399,cherry-creek,7936 Silver Oak Way,Haw River,NC,27258,CTY-008,4,2.5,2258,2019,2019-03-20,494700,2890,occupied,LSE-001103
PROP-00400,cherry-creek,8075 Sable Dr,Haw River,NC,27258,CTY-008,4,2.5,2554,2021,2021-01-20,432800,3000,occupied,LSE-001106
PROP-00401,cherry-creek,7117 Willow Bend Trl,Haw River,NC,27258,CTY-008,4,3.0,2402,2021,2021-09-23,561000,2960,occupied,LSE-001109
PROP-00402,cherry-creek,5782 Blue Heron Xing,Haw River,NC,27258,CTY-008,5,3.0,2905,2020,2020-07-24,587300,3205,occupied,LSE-001112
PROP-00403,cherry-creek,330 Wren Hollow Dr,Haw River,NC,27258,CTY-008,4,3.0,2437,2023,2023-04-27,472000,2890,occupied,LSE-001115
PROP-00404,cherry-creek,3120 Ironwood Trl,Haw River,NC,27258,CTY-008,4,2.5,2277,2019,2019-04-17,449800,2800,occupied,LSE-001118
PROP-00405,cherry-creek,5126 Wren Hollow Dr,Haw River,NC,27258,CTY-008,4,3.0,2334,2018,2018-06-07,417000,2845,turn,
PROP-00406,cherry-creek,9646 Ironwood Path,Haw River,NC,27258,CTY-008,5,3.0,3168,2017,2017-11-03,493800,3305,occupied,LSE-001124
PROP-00407,cherry-creek,6396 Quail Run Trl,Haw River,NC,27258,CTY-008,5,3.5,2598,2021,2021-05-06,546200,3095,occupied,LSE-001127
PROP-00408,cherry-creek,5381 Quail Run Ln,Haw River,NC,27258,CTY-008,5,3.0,2830,2017,2017-05-12,570400,3205,occupied,LSE-001129
PROP-00409,cherry-creek,6061 Quail Run Ln,Haw River,NC,27258,CTY-008,4,2.5,2372,2021,2021-11-26,459800,2815,turn,
PROP-00410,cherry-creek,8505 Copper Creek Xing,Haw River,NC,27258,CTY-008,5,3.0,2999,2018,2018-01-05,476900,3340,occupied,LSE-001134
PROP-00411,cherry-creek,5906 Wren Hollow Trl,Haw River,NC,27258,CTY-008,4,3.0,2319,2017,2017-08-08,418200,2870,occupied,LSE-001137
PROP-00412,cherry-creek,5792 Larkspur Way,Haw River,NC,27258,CTY-008,5,3.5,3129,2017,2017-11-15,550200,3310,occupied,LSE-001140
PROP-00413,cherry-creek,2475 Blue Heron Cir,Haw River,NC,27258,CTY-008,4,3.0,2405,2016,2016-07-15,454300,2865,occupied,LSE-001144
PROP-00414,cherry-creek,2840 Juniper Ln,Haw River,NC,27258,CTY-008,5,3.0,2754,2023,2023-12-19,457900,3195,occupied,LSE-001146
PROP-00415,cherry-creek,6480 Redbud Way,Haw River,NC,27258,CTY-008,4,3.0,2625,2021,2021-01-14,421300,2965,occupied,LSE-001149
PROP-00416,cherry-creek,3657 Copper Creek Path,Haw River,NC,27258,CTY-008,4,3.0,2129,2022,2022-05-23,415900,2900,occupied,LSE-001152
PROP-00417,cherry-creek,1631 Redbud Ct,Haw River,NC,27258,CTY-008,4,3.0,2534,2019,2019-12-01,478200,2910,occupied,LSE-001156
PROP-00418,cherry-creek,3216 Summit Dr,Haw River,NC,27258,CTY-008,4,3.0,2305,2020,2020-12-13,414300,2880,occupied,LSE-001159
PROP-00419,cherry-creek,5181 Magnolia Way,Haw River,NC,27258,CTY-008,5,3.5,3215,2020,2020-10-18,472000,3290,occupied,LSE-001162
PROP-00420,cherry-creek,2970 Tanglewood Path,Haw River,NC,27258,CTY-008,5,3.5,2763,2024,2024-07-06,506000,3140,occupied,LSE-001164
PROP-00421,cherry-creek,3861 Magnolia Path,Haw River,NC,27258,CTY-008,5,3.0,3063,2021,2021-02-13,547500,3190,occupied,LSE-001167
PROP-00422,cherry-creek,1936 Cypress Trl,Haw River,NC,27258,CTY-008,4,3.0,2379,2017,2017-05-25,452300,2810,occupied,LSE-001170
PROP-00423,cherry-creek,6896 Larkspur Xing,Haw River,NC,27258,CTY-008,4,2.5,2396,2020,2020-03-24,522700,2865,occupied,LSE-001174
PROP-00424,cherry-creek,2503 Copper Creek Cir,Haw River,NC,27258,CTY-008,4,2.5,2761,2020,2020-07-25,525400,2970,occupied,LSE-001177
PROP-00425,cherry-creek,6430 Copper Creek Cir,Haw River,NC,27258,CTY-008,4,2.5,2390,2017,2017-09-21,531100,2820,occupied,LSE-001180
PROP-00426,cherry-creek,6076 Windrose Trl,Haw River,NC,27258,CTY-008,4,2.5,2605,2020,2020-07-24,525100,2910,occupied,LSE-001183
PROP-00427,cherry-creek,5221 Copper Creek Xing,Haw River,NC,27258,CTY-008,5,3.0,2816,2022,2022-07-03,533600,3275,occupied,LSE-001187
PROP-00428,norwood-walk,1101 Tanglewood Ln,Troutman,NC,28166,CTY-009,5,3.0,2824,2021,2021-02-04,563700,3195,occupied,LSE-001191
PROP-00429,norwood-walk,9884 Hawthorn Ct,Troutman,NC,28166,CTY-009,5,3.0,2963,2016,2016-04-04,615700,3255,occupied,LSE-001195
PROP-00430,norwood-walk,5554 Sable Trl,Troutman,NC,28166,CTY-009,3,2.5,1993,2024,2024-05-27,438500,2605,vacant,
PROP-00431,norwood-walk,8088 Larkspur Xing,Troutman,NC,28166,CTY-009,4,3.0,2306,2023,2023-06-19,457900,2895,occupied,LSE-001200
PROP-00432,norwood-walk,930 Magnolia Cir,Troutman,NC,28166,CTY-009,5,3.0,3169,2016,2016-06-21,490400,3380,occupied,LSE-001202
PROP-00433,norwood-walk,8314 Blue Heron Ct,Troutman,NC,28166,CTY-009,3,2.5,1783,2024,2024-01-23,428200,2615,occupied,LSE-001204
PROP-00434,norwood-walk,8504 Windrose Xing,Troutman,NC,28166,CTY-009,5,3.0,2963,2017,2017-05-02,496200,3390,occupied,LSE-001207
PROP-00435,norwood-walk,5856 Summit Ct,Troutman,NC,28166,CTY-009,4,2.5,2032,2018,2018-01-28,523000,2925,occupied,LSE-001211
PROP-00436,norwood-walk,8208 Dovetail Ln,Troutman,NC,28166,CTY-009,5,3.0,3063,2022,2022-02-17,464100,3315,occupied,LSE-001214
PROP-00437,norwood-walk,5726 Marigold Cir,Troutman,NC,28166,CTY-009,4,3.0,2745,2019,2019-05-15,438300,3010,occupied,LSE-001217
PROP-00438,norwood-walk,8310 Tanglewood Cir,Troutman,NC,28166,CTY-009,4,3.0,2248,2017,2017-12-19,526200,2845,turn,
PROP-00439,norwood-walk,7244 Magnolia Path,Troutman,NC,28166,CTY-009,3,2.0,1713,2021,2021-06-15,417300,2615,occupied,LSE-001222
PROP-00440,norwood-walk,8543 Silver Oak Cir,Troutman,NC,28166,CTY-009,5,3.5,2868,2022,2022-10-25,569700,3340,turn,
PROP-00441,norwood-walk,4251 Quail Run Ct,Troutman,NC,28166,CTY-009,4,2.5,2360,2019,2019-08-22,420600,2995,occupied,LSE-001227
PROP-00442,norwood-walk,9619 Larkspur Path,Troutman,NC,28166,CTY-009,5,3.0,2842,2018,2018-06-09,459600,3275,occupied,LSE-001229
PROP-00443,norwood-walk,9380 Sable Cir,Troutman,NC,28166,CTY-009,4,2.5,2313,2016,2016-12-11,540300,2945,occupied,LSE-001231
PROP-00444,norwood-walk,7049 Summit Path,Troutman,NC,28166,CTY-009,3,2.0,1928,2021,2021-01-11,407500,2685,occupied,LSE-001234
PROP-00445,norwood-walk,4479 Silver Oak Way,Troutman,NC,28166,CTY-009,5,3.0,3087,2020,2020-10-12,497500,3265,occupied,LSE-001237
PROP-00446,norwood-walk,7901 Larkspur Dr,Troutman,NC,28166,CTY-009,5,3.0,2761,2020,2020-09-15,582000,3255,occupied,LSE-001241
PROP-00447,norwood-walk,8770 Hawthorn Path,Troutman,NC,28166,CTY-009,5,3.5,3229,2018,2018-10-20,563200,3385,occupied,LSE-001244
PROP-00448,norwood-walk,5823 Bellflower Dr,Troutman,NC,28166,CTY-009,5,3.5,2744,2022,2022-05-19,454500,3210,occupied,LSE-001246
PROP-00449,norwood-walk,4032 Dovetail Cir,Troutman,NC,28166,CTY-009,4,3.0,2435,2022,2022-07-19,527500,2915,occupied,LSE-001248
PROP-00450,norwood-walk,6746 Hawthorn Way,Troutman,NC,28166,CTY-009,5,3.5,3046,2022,2022-04-17,606500,3325,vacant,
PROP-00451,norwood-walk,1637 Blue Heron Path,Troutman,NC,28166,CTY-009,5,3.0,3271,2024,2024-03-15,532300,3270,occupied,LSE-001253
PROP-00452,norwood-walk,875 Magnolia Way,Troutman,NC,28166,CTY-009,4,3.0,2771,2024,2024-07-01,541800,2995,occupied,LSE-001255
PROP-00453,norwood-walk,3914 Copper Creek Dr,Troutman,NC,28166,CTY-009,4,2.5,2373,2023,2023-06-10,446500,2895,occupied,LSE-001258
PROP-00454,norwood-walk,8596 Cypress Way,Troutman,NC,28166,CTY-009,5,3.0,3010,2019,2019-01-03,492600,3370,occupied,LSE-001262
PROP-00455,norwood-walk,1993 Sable Ln,Troutman,NC,28166,CTY-009,3,2.0,1568,2021,2021-12-02,476400,2570,vacant,
PROP-00456,norwood-walk,8180 Redbud Trl,Troutman,NC,28166,CTY-009,3,2.5,1775,2018,2018-02-26,402300,2630,occupied,LSE-001267
PROP-00457,norwood-walk,9289 Willow Bend Path,Troutman,NC,28166,CTY-009,5,3.5,3071,2018,2018-09-03,619200,3355,occupied,LSE-001269
PROP-00458,norwood-walk,4821 Redbud Trl,Troutman,NC,28166,CTY-009,4,3.0,2250,2018,2018-02-17,563800,2990,occupied,LSE-001272
PROP-00459,norwood-walk,852 Willow Bend Cir,Troutman,NC,28166,CTY-009,5,3.5,3014,2024,2024-06-09,477000,3220,turn,
PROP-00460,norwood-walk,7325 Willow Bend Path,Troutman,NC,28166,CTY-009,4,3.0,2037,2024,2024-03-10,468700,2905,occupied,LSE-001277
PROP-00461,norwood-walk,1664 Ironwood Ct,Troutman,NC,28166,CTY-009,3,2.5,1968,2024,2024-04-11,404900,2725,occupied,LSE-001279
PROP-00462,norwood-walk,7699 Cypress Way,Troutman,NC,28166,CTY-009,5,3.0,2805,2016,2016-12-14,515400,3305,occupied,LSE-001281
PROP-00463,norwood-walk,9428 Bellflower Path,Troutman,NC,28166,CTY-009,4,3.0,2369,2024,2024-04-24,452000,2900,occupied,LSE-001284
PROP-00464,norwood-walk,4236 Sable Cir,Troutman,NC,28166,CTY-009,4,2.5,2329,2018,2018-02-26,534900,3010,occupied,LSE-001286
PROP-00465,norwood-walk,1792 Hawthorn Path,Troutman,NC,28166,CTY-009,3,2.5,1608,2017,2017-04-10,418100,2550,occupied,LSE-001289
PROP-00466,norwood-walk,5033 Juniper Cir,Troutman,NC,28166,CTY-009,5,3.0,2854,2016,2016-03-26,561900,3280,occupied,LSE-001292
PROP-00467,norwood-walk,6075 Silver Oak Way,Troutman,NC,28166,CTY-009,3,2.0,2142,2021,2021-04-01,417800,2690,occupied,LSE-001295
PROP-00468,norwood-walk,2191 Summit Path,Troutman,NC,28166,CTY-009,5,3.0,2883,2020,2020-05-01,476300,3225,vacant,
PROP-00469,norwood-walk,4340 Magnolia Cir,Troutman,NC,28166,CTY-009,4,3.0,2236,2020,2020-12-27,471000,3000,occupied,LSE-001302
PROP-00470,norwood-walk,1480 Tanglewood Ln,Troutman,NC,28166,CTY-009,5,3.0,3116,2024,2024-02-22,557000,3345,occupied,LSE-001304
PROP-00471,norwood-walk,598 Quail Run Xing,Troutman,NC,28166,CTY-009,3,2.0,1867,2019,2019-05-09,465700,2580,occupied,LSE-001307
PROP-00472,norwood-walk,5451 Hawthorn Ln,Troutman,NC,28166,CTY-009,3,2.0,1863,2024,2024-07-18,447000,2675,occupied,LSE-001309
PROP-00473,norwood-walk,4815 Dovetail Ln,Troutman,NC,28166,CTY-009,3,2.0,1960,2024,2024-05-13,396800,2720,turn,
PROP-00474,norwood-walk,9671 Wren Hollow Ln,Troutman,NC,28166,CTY-009,5,3.0,2858,2016,2016-07-25,517300,3180,occupied,LSE-001313
PROP-00475,norwood-walk,3609 Ironwood Way,Troutman,NC,28166,CTY-009,4,2.5,2408,2024,2024-12-07,503700,2985,occupied,LSE-001315
PROP-00476,norwood-walk,9801 Magnolia Ct,Troutman,NC,28166,CTY-009,5,3.5,2877,2022,2022-09-27,567800,3275,occupied,LSE-001317
PROP-00477,norwood-walk,4852 Dovetail Trl,Troutman,NC,28166,CTY-009,4,2.5,2192,2018,2018-09-17,463900,2955,occupied,LSE-001319
PROP-00478,norwood-walk,8951 Quail Run Ln,Troutman,NC,28166,CTY-009,4,2.5,2668,2019,2019-06-14,444100,3075,occupied,LSE-001321
PROP-00479,norwood-walk,6597 Larkspur Trl,Troutman,NC,28166,CTY-009,3,2.0,1950,2018,2018-04-15,379400,2685,vacant,
PROP-00480,norwood-walk,2008 Sable Trl,Troutman,NC,28166,CTY-009,4,2.5,2492,2016,2016-08-11,568700,3015,occupied,LSE-001328
PROP-00481,norwood-walk,1917 Tanglewood Dr,Troutman,NC,28166,CTY-009,5,3.5,3003,2021,2021-08-11,491800,3295,occupied,LSE-001332
PROP-00482,norwood-walk,1052 Tanglewood Way,Troutman,NC,28166,CTY-009,4,3.0,2741,2023,2023-07-22,480000,3085,occupied,LSE-001334
PROP-00483,norwood-walk,6277 Redbud Dr,Troutman,NC,28166,CTY-009,3,2.0,2039,2022,2022-10-07,490100,2590,occupied,LSE-001336
PROP-00484,norwood-walk,2639 Sable Path,Troutman,NC,28166,CTY-009,4,2.5,2294,2022,2022-07-26,554600,2995,occupied,LSE-001339
PROP-00485,norwood-walk,7157 Redbud Xing,Troutman,NC,28166,CTY-009,4,2.5,2087,2019,2019-11-27,461300,2890,occupied,LSE-001342
PROP-00486,shannon-woods,2813 Wren Hollow Ln,Maiden,NC,28650,CTY-010,4,2.5,2676,2021,2021-12-18,494100,2970,occupied,LSE-001344
PROP-00487,shannon-woods,9586 Ironwood Ln,Maiden,NC,28650,CTY-010,4,2.5,2281,2024,2024-07-06,472700,2870,occupied,LSE-001347
PROP-00488,shannon-woods,3574 Wren Hollow Dr,Maiden,NC,28650,CTY-010,4,3.0,2183,2024,2024-03-23,495500,2955,occupied,LSE-001350
PROP-00489,shannon-woods,4829 Quail Run Ln,Maiden,NC,28650,CTY-010,4,2.5,2209,2017,2017-07-28,439000,3000,occupied,LSE-001353
PROP-00490,shannon-woods,4042 Sable Ct,Maiden,NC,28650,CTY-010,4,2.5,2320,2023,2023-06-08,518100,3035,occupied,LSE-001355
PROP-00491,shannon-woods,1282 Willow Bend Way,Maiden,NC,28650,CTY-010,5,3.0,2849,2017,2017-01-27,502500,3395,occupied,LSE-001358
PROP-00492,shannon-woods,2314 Wren Hollow Ln,Maiden,NC,28650,CTY-010,5,3.5,3325,2020,2020-08-03,539900,3435,occupied,LSE-001360
PROP-00493,shannon-woods,3546 Magnolia Xing,Maiden,NC,28650,CTY-010,4,3.0,2329,2021,2021-01-24,507200,2880,occupied,LSE-001363
PROP-00494,shannon-woods,7811 Hawthorn Trl,Maiden,NC,28650,CTY-010,5,3.0,3059,2024,2024-12-23,530100,3375,occupied,LSE-001364
PROP-00495,shannon-woods,2684 Blue Heron Ct,Maiden,NC,28650,CTY-010,4,3.0,2568,2018,2018-05-11,579200,3065,occupied,LSE-001367
PROP-00496,shannon-woods,9190 Tanglewood Ln,Maiden,NC,28650,CTY-010,4,3.0,2346,2017,2017-01-16,515800,2895,occupied,LSE-001370
PROP-00497,shannon-woods,7028 Quail Run Ct,Maiden,NC,28650,CTY-010,4,2.5,2554,2016,2016-03-25,423900,2950,occupied,LSE-001374
PROP-00498,shannon-woods,708 Willow Bend Trl,Maiden,NC,28650,CTY-010,4,2.5,2367,2022,2022-05-11,422400,2995,occupied,LSE-001377
PROP-00499,shannon-woods,3186 Copper Creek Ct,Maiden,NC,28650,CTY-010,5,3.0,2608,2020,2020-08-08,479300,3330,occupied,LSE-001381
PROP-00500,shannon-woods,2773 Quail Run Trl,Maiden,NC,28650,CTY-010,5,3.0,3192,2022,2022-02-10,521000,3440,occupied,LSE-001384
PROP-00501,shannon-woods,3704 Summit Cir,Maiden,NC,28650,CTY-010,4,2.5,2644,2019,2019-12-05,460500,3065,occupied,LSE-001387
PROP-00502,shannon-woods,432 Bellflower Ct,Maiden,NC,28650,CTY-010,5,3.5,2627,2017,2017-02-18,565500,3260,occupied,LSE-001390
PROP-00503,shannon-woods,1997 Juniper Cir,Maiden,NC,28650,CTY-010,4,3.0,2215,2018,2018-05-03,544100,3020,occupied,LSE-001394
PROP-00504,shannon-woods,918 Quail Run Ln,Maiden,NC,28650,CTY-010,4,2.5,2506,2020,2020-07-01,523200,2915,occupied,LSE-001397
PROP-00505,smith-farms,2670 Redbud Xing,Charlotte,NC,28202,CTY-007,4,2.5,2236,2023,2023-07-05,484800,3000,occupied,LSE-001400
PROP-00506,smith-farms,7685 Tanglewood Path,Charlotte,NC,28202,CTY-007,4,2.5,2212,2017,2017-11-27,502700,3055,occupied,LSE-001403
PROP-00507,smith-farms,3374 Copper Creek Trl,Charlotte,NC,28202,CTY-007,4,3.0,2358,2016,2016-01-21,537100,3050,occupied,LSE-001406
PROP-00508,smith-farms,4684 Wren Hollow Trl,Charlotte,NC,28202,CTY-007,4,3.0,3032,2024,2024-04-19,444100,3160,occupied,LSE-001408
PROP-00509,smith-farms,1109 Tanglewood Path,Charlotte,NC,28202,CTY-007,4,3.0,2444,2018,2018-07-15,469800,3055,occupied,LSE-001411
PROP-00510,smith-farms,648 Wren Hollow Way,Charlotte,NC,28202,CTY-007,4,2.5,2311,2017,2017-07-12,513100,3000,occupied,LSE-001414
PROP-00511,smith-farms,5764 Hawthorn Ct,Charlotte,NC,28202,CTY-007,4,3.0,2555,2022,2022-07-25,558200,2970,occupied,LSE-001417
PROP-00512,smith-farms,1624 Cypress Ln,Charlotte,NC,28202,CTY-007,4,2.5,2470,2020,2020-03-19,456700,3075,occupied,LSE-001419
PROP-00513,smith-farms,1228 Redbud Xing,Charlotte,NC,28202,CTY-007,4,2.5,2611,2024,2024-02-22,555900,3125,occupied,LSE-001421
PROP-00514,smith-farms,7628 Silver Oak Way,Charlotte,NC,28202,CTY-007,4,2.5,2227,2021,2021-10-28,542200,2955,occupied,LSE-001424
PROP-00515,smith-farms,9749 Quail Run Path,Charlotte,NC,28202,CTY-007,4,3.0,2483,2022,2022-11-27,496500,2990,occupied,LSE-001428
PROP-00516,smith-farms,4602 Summit Path,Charlotte,NC,28202,CTY-007,4,2.5,2385,2020,2020-12-24,431600,3060,occupied,LSE-001430
PROP-00517,smith-farms,6414 Sable Cir,Charlotte,NC,28202,CTY-007,4,2.5,2118,2022,2022-04-25,545600,2945,occupied,LSE-001432
PROP-00518,smith-farms,4738 Summit Dr,Charlotte,NC,28202,CTY-007,4,2.5,2627,2018,2018-04-28,454000,3020,occupied,LSE-001435
PROP-00519,smith-farms,6084 Magnolia Ln,Charlotte,NC,28202,CTY-007,4,2.5,2268,2020,2020-07-24,474900,2900,occupied,LSE-001437
PROP-00520,smith-farms,5461 Juniper Way,Charlotte,NC,28202,CTY-007,4,3.0,2274,2016,2016-03-12,485100,2935,occupied,LSE-001440
PROP-00521,smith-farms,3530 Windrose Ln,Charlotte,NC,28202,CTY-007,4,2.5,2649,2022,2022-08-25,432900,3075,occupied,LSE-001443
PROP-00522,smith-farms,973 Redbud Path,Charlotte,NC,28202,CTY-007,4,3.0,2479,2021,2021-07-06,559500,3100,occupied,LSE-001446
PROP-00523,smith-farms,5178 Tanglewood Ln,Charlotte,NC,28202,CTY-007,4,2.5,2304,2019,2019-08-04,559000,2995,occupied,LSE-001449
PROP-00524,smith-farms,6268 Sable Ct,Charlotte,NC,28202,CTY-007,4,2.5,2267,2024,2024-05-22,561900,2975,occupied,LSE-001451
PROP-00525,smith-farms,1735 Larkspur Ln,Charlotte,NC,28202,CTY-007,4,2.5,2482,2020,2020-03-10,540800,3035,occupied,LSE-001454
PROP-00526,smith-farms,8586 Copper Creek Cir,Charlotte,NC,28202,CTY-007,4,2.5,2291,2020,2020-03-22,452900,2910,occupied,LSE-001456
PROP-00527,smith-farms,276 Tanglewood Dr,Charlotte,NC,28202,CTY-007,4,2.5,2554,2018,2018-06-23,444800,2950,occupied,LSE-001459
PROP-00528,smith-farms,6934 Bellflower Ln,Charlotte,NC,28202,CTY-007,4,2.5,2335,2022,2022-09-20,443900,3050,occupied,LSE-001462
PROP-00529,smith-farms,2417 Blue Heron Ct,Charlotte,NC,28202,CTY-007,4,2.5,2616,2024,2024-01-26,480700,3125,occupied,LSE-001464
PROP-00530,smith-farms,5010 Wren Hollow Dr,Charlotte,NC,28202,CTY-007,4,3.0,2138,2021,2021-07-10,480700,3005,turn,
PROP-00531,smith-farms,1929 Magnolia Trl,Charlotte,NC,28202,CTY-007,4,3.0,2219,2016,2016-03-08,546000,3055,occupied,LSE-001469
PROP-00532,smith-farms,2457 Marigold Trl,Charlotte,NC,28202,CTY-007,4,2.5,2240,2021,2021-10-19,526300,3030,occupied,LSE-001472
PROP-00533,smith-farms,2029 Willow Bend Dr,Charlotte,NC,28202,CTY-007,4,2.5,2449,2016,2016-08-18,452400,3045,occupied,LSE-001475
PROP-00534,smith-farms,8456 Marigold Path,Charlotte,NC,28202,CTY-007,4,2.5,2411,2024,2024-07-21,523400,2930,occupied,LSE-001477
PROP-00535,smith-farms,9494 Wren Hollow Ct,Charlotte,NC,28202,CTY-007,4,2.5,2508,2021,2021-06-04,497800,3040,occupied,LSE-001481
PROP-00536,smith-farms,2431 Sable Way,Charlotte,NC,28202,CTY-007,4,2.5,2308,2023,2023-07-05,472200,3000,occupied,LSE-001484
PROP-00537,smith-farms,1119 Ironwood Ln,Charlotte,NC,28202,CTY-007,4,3.0,2143,2021,2021-11-10,518600,3015,vacant,
PROP-00538,smith-farms,218 Wren Hollow Xing,Charlotte,NC,28202,CTY-007,4,2.5,2442,2021,2021-11-09,546700,3070,occupied,LSE-001488
PROP-00539,smith-farms,1079 Windrose Trl,Charlotte,NC,28202,CTY-007,4,2.5,2626,2018,2018-03-14,476700,3075,occupied,LSE-001491
PROP-00540,smith-farms,9286 Blue Heron Way,Charlotte,NC,28202,CTY-007,4,3.0,2289,2016,2016-02-19,455800,2975,occupied,LSE-001494
PROP-00541,smith-farms,3958 Redbud Xing,Charlotte,NC,28202,CTY-007,4,2.5,2395,2023,2023-08-02,462200,2940,occupied,LSE-001497
PROP-00542,smith-farms,2233 Marigold Ct,Charlotte,NC,28202,CTY-007,4,2.5,2246,2016,2016-03-07,534200,2920,occupied,LSE-001499
PROP-00543,smith-farms,9437 Dovetail Trl,Charlotte,NC,28202,CTY-007,4,3.0,2250,2022,2022-03-18,473000,2930,occupied,LSE-001501
PROP-00544,smith-farms,2012 Cypress Path,Charlotte,NC,28202,CTY-007,4,2.5,2406,2023,2023-05-02,504600,2980,occupied,LSE-001503
PROP-00545,smith-farms,3010 Cypress Cir,Charlotte,NC,28202,CTY-007,4,2.5,2208,2022,2022-03-26,449000,2895,occupied,LSE-001506
PROP-00546,smith-farms,6066 Blue Heron Xing,Charlotte,NC,28202,CTY-007,4,2.5,2440,2017,2017-04-16,489700,2945,occupied,LSE-001510
PROP-00547,smith-farms,8707 Tanglewood Xing,Charlotte,NC,28202,CTY-007,4,3.0,2208,2020,2020-09-21,555700,3030,occupied,LSE-001513
PROP-00548,the-grove-at-wendell,7759 Willow Bend Path,Wendell,NC,27591,CTY-011,3,2.5,1983,2017,2017-06-02,411600,2215,occupied,LSE-001516
PROP-00549,the-grove-at-wendell,7768 Tanglewood Xing,Wendell,NC,27591,CTY-011,3,2.5,2155,2022,2022-08-13,367100,2120,occupied,LSE-001519
PROP-00550,the-grove-at-wendell,9128 Tanglewood Dr,Wendell,NC,27591,CTY-011,3,2.0,1742,2018,2018-06-25,356400,2080,vacant,
PROP-00551,the-grove-at-wendell,1032 Windrose Cir,Wendell,NC,27591,CTY-011,3,2.0,1927,2017,2017-09-02,392100,2085,occupied,LSE-001525
PROP-00552,the-grove-at-wendell,4879 Juniper Dr,Wendell,NC,27591,CTY-011,3,2.0,2034,2016,2016-02-10,416800,2200,occupied,LSE-001527
PROP-00553,the-grove-at-wendell,1763 Copper Creek Dr,Wendell,NC,27591,CTY-011,3,2.0,1965,2023,2023-09-27,298900,2130,occupied,LSE-001529
PROP-00554,the-grove-at-wendell,6464 Windrose Ln,Wendell,NC,27591,CTY-011,3,2.0,1954,2024,2024-02-20,340100,2170,occupied,LSE-001532
PROP-00555,the-grove-at-wendell,267 Hawthorn Dr,Wendell,NC,27591,CTY-011,3,2.5,1829,2019,2019-11-14,363500,2190,occupied,LSE-001534
PROP-00556,the-grove-at-wendell,1963 Windrose Way,Wendell,NC,27591,CTY-011,3,2.5,2018,2018,2018-10-12,341600,2185,occupied,LSE-001538
PROP-00557,the-grove-at-wendell,6181 Larkspur Cir,Wendell,NC,27591,CTY-011,3,2.0,1897,2021,2021-02-27,376500,2105,occupied,LSE-001542
PROP-00558,the-grove-at-wendell,9125 Marigold Ln,Wendell,NC,27591,CTY-011,3,2.0,2019,2020,2020-11-12,346300,2220,occupied,LSE-001546
PROP-00559,the-grove-at-wendell,2883 Tanglewood Ct,Wendell,NC,27591,CTY-011,3,2.5,2021,2016,2016-03-28,390400,2180,occupied,LSE-001548
PROP-00560,the-grove-at-wendell,7384 Magnolia Way,Wendell,NC,27591,CTY-011,3,2.0,1934,2022,2022-10-09,350300,2155,occupied,LSE-001551
PROP-00561,the-grove-at-wendell,6160 Tanglewood Dr,Wendell,NC,27591,CTY-011,3,2.0,1606,2024,2024-01-28,381400,2150,occupied,LSE-001554
PROP-00562,the-grove-at-wendell,8944 Sable Cir,Wendell,NC,27591,CTY-011,3,2.5,1956,2021,2021-06-22,373800,2110,occupied,LSE-001557
PROP-00563,the-grove-at-wendell,8424 Hawthorn Cir,Wendell,NC,27591,CTY-011,3,2.0,1934,2021,2021-09-28,314800,2195,occupied,LSE-001559
PROP-00564,the-grove-at-wendell,8236 Sable Xing,Wendell,NC,27591,CTY-011,3,2.0,2039,2017,2017-11-23,301800,2100,occupied,LSE-001561
PROP-00565,the-grove-at-wendell,8388 Juniper Path,Wendell,NC,27591,CTY-011,3,2.0,1954,2018,2018-12-24,348400,2145,occupied,LSE-001564
PROP-00566,the-grove-at-wendell,7575 Summit Dr,Wendell,NC,27591,CTY-011,3,2.0,1831,2022,2022-02-11,344100,2080,occupied,LSE-001568
PROP-00567,the-grove-at-wendell,7659 Willow Bend Dr,Wendell,NC,27591,CTY-011,3,2.5,1908,2024,2024-03-05,349700,2195,occupied,LSE-001570
PROP-00568,the-grove-at-wendell,6794 Silver Oak Way,Wendell,NC,27591,CTY-011,3,2.0,2107,2020,2020-04-19,407200,2170,occupied,LSE-001573
PROP-00569,the-grove-at-wendell,9179 Magnolia Cir,Wendell,NC,27591,CTY-011,3,2.0,2031,2021,2021-06-20,358500,2205,vacant,
PROP-00570,the-grove-at-wendell,4017 Marigold Trl,Wendell,NC,27591,CTY-011,3,2.0,1804,2023,2023-11-13,336800,2155,occupied,LSE-001578
PROP-00571,the-grove-at-wendell,1600 Wren Hollow Dr,Wendell,NC,27591,CTY-011,3,2.0,1621,2017,2017-08-25,306000,2090,occupied,LSE-001582
PROP-00572,the-grove-at-wendell,8107 Windrose Cir,Wendell,NC,27591,CTY-011,3,2.0,1493,2022,2022-11-19,297800,2100,occupied,LSE-001585
PROP-00573,the-grove-at-wendell,4284 Silver Oak Cir,Wendell,NC,27591,CTY-011,3,2.0,1585,2017,2017-01-04,349600,2125,occupied,LSE-001588
PROP-00574,the-grove-at-wendell,409 Magnolia Way,Wendell,NC,27591,CTY-011,3,2.0,1947,2023,2023-03-04,403100,2175,occupied,LSE-001591
PROP-00575,the-grove-at-wendell,1663 Marigold Xing,Wendell,NC,27591,CTY-011,3,2.5,1896,2022,2022-07-02,353300,2145,occupied,LSE-001593
PROP-00576,the-grove-at-wendell,9675 Redbud Ct,Wendell,NC,27591,CTY-011,3,2.5,1570,2024,2024-09-19,337100,2080,occupied,LSE-001594
PROP-00577,the-grove-at-wendell,8797 Silver Oak Trl,Wendell,NC,27591,CTY-011,3,2.5,2000,2024,2024-12-23,342800,2195,occupied,LSE-001596
PROP-00578,the-grove-at-wendell,817 Windrose Cir,Wendell,NC,27591,CTY-011,3,2.5,1719,2016,2016-06-12,337400,2170,occupied,LSE-001599
PROP-00579,the-grove-at-wendell,5743 Blue Heron Ct,Wendell,NC,27591,CTY-011,3,2.0,1827,2016,2016-08-20,404400,2170,occupied,LSE-001603
PROP-00580,the-grove-at-wendell,2581 Magnolia Ln,Wendell,NC,27591,CTY-011,3,2.0,1724,2017,2017-11-09,393200,2070,occupied,LSE-001607
PROP-00581,the-grove-at-wendell,2640 Windrose Path,Wendell,NC,27591,CTY-011,3,2.0,1810,2022,2022-02-24,304500,2090,occupied,LSE-001611
PROP-00582,the-grove-at-wendell,5081 Blue Heron Ct,Wendell,NC,27591,CTY-011,3,2.0,2041,2017,2017-10-13,402800,2220,occupied,LSE-001614
PROP-00583,the-grove-at-wendell,5400 Blue Heron Xing,Wendell,NC,27591,CTY-011,3,2.5,1803,2019,2019-06-24,392700,2110,occupied,LSE-001617
PROP-00584,the-grove-at-wendell,7750 Cypress Ct,Wendell,NC,27591,CTY-011,3,2.5,1804,2019,2019-07-07,392600,2115,occupied,LSE-001620
PROP-00585,the-grove-at-wendell,9599 Sable Ct,Wendell,NC,27591,CTY-011,3,2.0,1622,2018,2018-10-15,404300,2130,occupied,LSE-001622
PROP-00586,the-grove-at-wendell,8486 Larkspur Xing,Wendell,NC,27591,CTY-011,3,2.0,1905,2016,2016-02-13,347400,2105,occupied,LSE-001626
PROP-00587,the-grove-at-wendell,1858 Summit Cir,Wendell,NC,27591,CTY-011,3,2.5,2021,2019,2019-12-17,339900,2150,vacant,
PROP-00588,the-grove-at-wendell,7301 Windrose Path,Wendell,NC,27591,CTY-011,3,2.5,1728,2017,2017-11-14,308000,2060,occupied,LSE-001631
PROP-00589,the-grove-at-wendell,4922 Redbud Dr,Wendell,NC,27591,CTY-011,3,2.0,1421,2020,2020-10-08,392500,2115,occupied,LSE-001634
PROP-00590,the-grove-at-wendell,2656 Tanglewood Path,Wendell,NC,27591,CTY-011,3,2.5,1842,2017,2017-09-11,299500,2100,occupied,LSE-001637
PROP-00591,the-grove-at-wendell,6954 Quail Run Dr,Wendell,NC,27591,CTY-011,3,2.0,1896,2021,2021-11-27,361800,2200,occupied,LSE-001639
PROP-00592,the-grove-at-wendell,3502 Bellflower Trl,Wendell,NC,27591,CTY-011,3,2.0,2085,2023,2023-08-17,332000,2155,occupied,LSE-001641
PROP-00593,the-grove-at-wendell,3113 Blue Heron Dr,Wendell,NC,27591,CTY-011,3,2.5,1943,2023,2023-09-06,383200,2085,occupied,LSE-001644
PROP-00594,the-grove-at-wendell,2953 Quail Run Way,Wendell,NC,27591,CTY-011,3,2.5,1713,2024,2024-05-06,394700,2115,occupied,LSE-001646
PROP-00595,the-grove-at-wendell,2128 Windrose Ct,Wendell,NC,27591,CTY-011,3,2.0,1736,2021,2021-11-01,385800,2100,occupied,LSE-001649
PROP-00596,the-grove-at-wendell,1427 Juniper Path,Wendell,NC,27591,CTY-011,3,2.0,1529,2023,2023-07-05,401500,2120,occupied,LSE-001652
PROP-00597,arbordale-village,6640 Quail Run Path,Forney,TX,75126,CTY-012,4,2.5,2235,2024,2024-07-24,444700,2440,occupied,LSE-001654
PROP-00598,arbordale-village,9007 Quail Run Dr,Forney,TX,75126,CTY-012,4,2.5,2419,2021,2021-09-18,355300,2455,occupied,LSE-001656
PROP-00599,arbordale-village,9195 Tanglewood Dr,Forney,TX,75126,CTY-012,4,2.5,2090,2019,2019-12-18,422700,2475,occupied,LSE-001659
PROP-00600,arbordale-village,6124 Marigold Xing,Forney,TX,75126,CTY-012,4,3.0,2759,2021,2021-12-11,357300,2530,occupied,LSE-001661
PROP-00601,arbordale-village,1354 Magnolia Cir,Forney,TX,75126,CTY-012,4,3.0,2361,2016,2016-06-21,362900,2450,vacant,
PROP-00602,arbordale-village,2735 Juniper Way,Forney,TX,75126,CTY-012,4,2.5,2314,2016,2016-07-20,470400,2480,occupied,LSE-001667
PROP-00603,arbordale-village,7584 Sable Path,Forney,TX,75126,CTY-012,4,2.5,2598,2021,2021-12-17,386600,2505,occupied,LSE-001670
PROP-00604,arbordale-village,9176 Marigold Xing,Forney,TX,75126,CTY-012,4,3.0,2179,2018,2018-12-07,452500,2510,occupied,LSE-001674
PROP-00605,arbordale-village,5183 Tanglewood Xing,Forney,TX,75126,CTY-012,4,3.0,2458,2024,2024-11-27,378100,2460,occupied,LSE-001676
PROP-00606,arbordale-village,3442 Quail Run Cir,Forney,TX,75126,CTY-012,4,2.5,2698,2021,2021-05-05,382000,2535,occupied,LSE-001680
PROP-00607,arbordale-village,6760 Summit Dr,Forney,TX,75126,CTY-012,4,2.5,2668,2019,2019-08-22,371400,2605,turn,
PROP-00608,arbordale-village,9612 Summit Ct,Forney,TX,75126,CTY-012,4,2.5,2358,2023,2023-07-04,362600,2530,vacant,
PROP-00609,arbordale-village,2163 Willow Bend Trl,Forney,TX,75126,CTY-012,4,2.5,2296,2024,2024-07-02,340800,2430,occupied,LSE-001686
PROP-00610,arbordale-village,6529 Quail Run Path,Forney,TX,75126,CTY-012,4,2.5,2328,2021,2021-07-12,389600,2520,occupied,LSE-001690
PROP-00611,arbordale-village,1110 Summit Way,Forney,TX,75126,CTY-012,4,2.5,2580,2023,2023-05-08,365500,2545,occupied,LSE-001693
PROP-00612,arbordale-village,7369 Blue Heron Dr,Forney,TX,75126,CTY-012,4,2.5,1987,2018,2018-08-26,366800,2525,occupied,LSE-001696
PROP-00613,arbordale-village,7985 Juniper Trl,Forney,TX,75126,CTY-012,4,2.5,2602,2024,2024-04-11,398200,2520,occupied,LSE-001698
PROP-00614,arbordale-village,3634 Hawthorn Ln,Forney,TX,75126,CTY-012,4,3.0,2386,2021,2021-12-26,357800,2480,vacant,
PROP-00615,arbordale-village,3358 Ironwood Way,Forney,TX,75126,CTY-012,4,2.5,2494,2017,2017-07-22,474400,2515,occupied,LSE-001702
PROP-00616,arbordale-village,1778 Hawthorn Ct,Forney,TX,75126,CTY-012,4,3.0,2333,2019,2019-12-01,434800,2450,occupied,LSE-001705
PROP-00617,arbordale-village,9034 Sable Cir,Forney,TX,75126,CTY-012,4,3.0,2593,2019,2019-10-15,468000,2575,occupied,LSE-001707
PROP-00618,arbordale-village,8908 Silver Oak Trl,Forney,TX,75126,CTY-012,4,2.5,2798,2023,2023-04-17,457800,2565,occupied,LSE-001710
PROP-00619,arbordale-village,775 Larkspur Ct,Forney,TX,75126,CTY-012,4,2.5,2443,2018,2018-05-20,427500,2480,occupied,LSE-001712
PROP-00620,arbordale-village,5477 Magnolia Ln,Forney,TX,75126,CTY-012,4,3.0,2504,2016,2016-01-15,459800,2560,occupied,LSE-001714
PROP-00621,arbordale-village,7545 Willow Bend Trl,Forney,TX,75126,CTY-012,4,3.0,2456,2021,2021-09-12,362000,2545,occupied,LSE-001718
PROP-00622,bluebonnet-trail-townhomes,9772 Dovetail Dr,Arlington,TX,76006,CTY-013,4,2.5,2131,2019,2019-11-08,569500,3300,occupied,LSE-001721
PROP-00623,bluebonnet-trail-townhomes,8637 Dovetail Dr,Arlington,TX,76006,CTY-013,2,1.5,1444,2021,2021-01-10,482400,2765,occupied,LSE-001724
PROP-00624,bluebonnet-trail-townhomes,5725 Copper Creek Ct,Arlington,TX,76006,CTY-013,2,1.5,1517,2022,2022-06-20,475900,2790,occupied,LSE-001727
PROP-00625,bluebonnet-trail-townhomes,8160 Ironwood Cir,Arlington,TX,76006,CTY-013,2,1.5,1100,2021,2021-11-26,494900,2790,occupied,LSE-001730
PROP-00626,bluebonnet-trail-townhomes,1998 Magnolia Path,Arlington,TX,76006,CTY-013,2,1.5,1438,2017,2017-05-25,416800,2700,occupied,LSE-001733
PROP-00627,bluebonnet-trail-townhomes,9745 Cypress Path,Arlington,TX,76006,CTY-013,3,2.5,1629,2023,2023-08-05,545900,2930,occupied,LSE-001736
PROP-00628,bluebonnet-trail-townhomes,1992 Marigold Trl,Arlington,TX,76006,CTY-013,3,2.5,1603,2016,2016-02-15,530900,2980,occupied,LSE-001738
PROP-00629,bluebonnet-trail-townhomes,5027 Windrose Trl,Arlington,TX,76006,CTY-013,4,3.0,2221,2020,2020-02-10,620100,3410,occupied,LSE-001741
PROP-00630,bluebonnet-trail-townhomes,2073 Quail Run Ln,Arlington,TX,76006,CTY-013,4,3.0,2535,2018,2018-01-09,643300,3475,occupied,LSE-001744
PROP-00631,bluebonnet-trail-townhomes,3428 Hawthorn Cir,Arlington,TX,76006,CTY-013,4,2.5,2403,2016,2016-08-02,496000,3320,occupied,LSE-001747
PROP-00632,bluebonnet-trail-townhomes,7637 Bellflower Way,Arlington,TX,76006,CTY-013,4,2.5,2254,2020,2020-12-09,497100,3330,turn,
PROP-00633,bluebonnet-trail-townhomes,6162 Blue Heron Dr,Arlington,TX,76006,CTY-013,2,1.5,1359,2021,2021-10-18,392300,2755,occupied,LSE-001753
PROP-00634,bluebonnet-trail-townhomes,5153 Quail Run Ct,Arlington,TX,76006,CTY-013,4,2.5,2242,2023,2023-03-23,566700,3305,occupied,LSE-001756
PROP-00635,bluebonnet-trail-townhomes,1453 Bellflower Cir,Arlington,TX,76006,CTY-013,4,3.0,2156,2019,2019-10-14,467700,3275,occupied,LSE-001759
PROP-00636,bluebonnet-trail-townhomes,8429 Windrose Ln,Arlington,TX,76006,CTY-013,4,2.5,2435,2018,2018-10-16,542700,3290,occupied,LSE-001763
PROP-00637,bluebonnet-trail-townhomes,1425 Wren Hollow Cir,Arlington,TX,76006,CTY-013,3,2.0,1648,2024,2024-08-23,467400,3015,occupied,LSE-001765
PROP-00638,bluebonnet-trail-townhomes,8242 Hawthorn Trl,Arlington,TX,76006,CTY-013,3,2.0,1874,2017,2017-06-04,463200,2950,occupied,LSE-001768
PROP-00639,bluebonnet-trail-townhomes,467 Copper Creek Xing,Arlington,TX,76006,CTY-013,2,2,1100,2017,2017-04-07,374300,2670,occupied,LSE-001772
PROP-00640,bluebonnet-trail-townhomes,273 Windrose Ln,Arlington,TX,76006,CTY-013,2,1.5,1644,2019,2019-07-01,466100,2775,occupied,LSE-001776
PROP-00641,bluebonnet-trail-townhomes,6946 Bellflower Dr,Arlington,TX,76006,CTY-013,3,2.0,1801,2018,2018-06-17,477300,3070,occupied,LSE-001780
PROP-00642,bluebonnet-trail-townhomes,5904 Ironwood Trl,Arlington,TX,76006,CTY-013,2,2,1382,2023,2023-04-11,464500,2810,occupied,LSE-001782
PROP-00643,bluebonnet-trail-townhomes,9525 Ironwood Way,Arlington,TX,76006,CTY-013,3,2.0,1720,2019,2019-12-20,517300,2965,occupied,LSE-001785
PROP-00644,bluebonnet-trail-townhomes,6464 Larkspur Cir,Arlington,TX,76006,CTY-013,2,1.5,1224,2021,2021-10-19,391500,2775,occupied,LSE-001788
PROP-00645,bluebonnet-trail-townhomes,3542 Tanglewood Path,Arlington,TX,76006,CTY-013,3,2.0,1911,2024,2024-02-11,562400,3095,occupied,LSE-001790
PROP-00646,bluebonnet-trail-townhomes,8471 Cypress Trl,Arlington,TX,76006,CTY-013,3,2.0,1667,2019,2019-10-14,449300,2950,occupied,LSE-001794
PROP-00647,bluebonnet-trail-townhomes,6112 Willow Bend Dr,Arlington,TX,76006,CTY-013,4,2.5,2151,2019,2019-07-08,545100,3295,occupied,LSE-001797
PROP-00648,bluebonnet-trail-townhomes,756 Tanglewood Dr,Arlington,TX,76006,CTY-013,3,2.0,1923,2023,2023-06-04,514100,3075,occupied,LSE-001800
PROP-00649,bluebonnet-trail-townhomes,2455 Juniper Trl,Arlington,TX,76006,CTY-013,3,2.0,1716,2022,2022-07-05,538700,3020,occupied,LSE-001803
PROP-00650,bluebonnet-trail-townhomes,1073 Bellflower Way,Arlington,TX,76006,CTY-013,2,1.5,1333,2016,2016-02-11,404600,2725,occupied,LSE-001806
PROP-00651,bluebonnet-trail-townhomes,6033 Summit Way,Arlington,TX,76006,CTY-013,2,2,1375,2019,2019-01-19,395900,2710,occupied,LSE-001808
PROP-00652,bluebonnet-trail-townhomes,5447 Quail Run Dr,Arlington,TX,76006,CTY-013,3,2.5,1677,2024,2024-01-20,523000,2930,occupied,LSE-001810
PROP-00653,bluebonnet-trail-townhomes,1135 Sable Trl,Arlington,TX,76006,CTY-013,3,2.0,1945,2022,2022-04-07,489900,3065,occupied,LSE-001813
PROP-00654,bluebonnet-trail-townhomes,8724 Copper Creek Xing,Arlington,TX,76006,CTY-013,2,1.5,1397,2017,2017-06-11,523200,2795,occupied,LSE-001816
PROP-00655,bluebonnet-trail-townhomes,8368 Tanglewood Way,Arlington,TX,76006,CTY-013,2,2,1406,2019,2019-08-07,420100,2655,occupied,LSE-001820
PROP-00656,bluebonnet-trail-townhomes,6165 Dovetail Dr,Arlington,TX,76006,CTY-013,4,3.0,2543,2023,2023-11-02,626900,3300,occupied,LSE-001823
PROP-00657,branch-village,4629 Dovetail Cir,Princeton,TX,75407,CTY-014,3,2.0,1822,2024,2024-02-06,330300,1850,occupied,LSE-001826
PROP-00658,branch-village,5273 Hawthorn Cir,Princeton,TX,75407,CTY-014,4,3.0,2394,2020,2020-11-12,303200,2065,occupied,LSE-001830
PROP-00659,branch-village,6576 Willow Bend Trl,Princeton,TX,75407,CTY-014,3,2.0,1693,2017,2017-08-06,322900,1930,occupied,LSE-001833
PROP-00660,branch-village,6753 Blue Heron Way,Princeton,TX,75407,CTY-014,4,2.5,2394,2018,2018-03-03,332700,2115,occupied,LSE-001836
PROP-00661,branch-village,7609 Ironwood Xing,Princeton,TX,75407,CTY-014,4,3.0,2255,2020,2020-01-04,386900,2110,vacant,
PROP-00662,branch-village,2315 Redbud Dr,Princeton,TX,75407,CTY-014,3,2.0,1923,2016,2016-10-20,298200,1855,occupied,LSE-001840
PROP-00663,branch-village,800 Cypress Dr,Princeton,TX,75407,CTY-014,3,2.5,2255,2024,2024-06-09,278600,1940,occupied,LSE-001842
PROP-00664,branch-village,3508 Tanglewood Xing,Princeton,TX,75407,CTY-014,4,3.0,2175,2016,2016-06-24,381200,2075,occupied,LSE-001845
PROP-00665,branch-village,9579 Silver Oak Dr,Princeton,TX,75407,CTY-014,4,2.5,2659,2023,2023-03-22,327900,2215,occupied,LSE-001847
PROP-00666,branch-village,9232 Tanglewood Dr,Princeton,TX,75407,CTY-014,3,2.5,1735,2020,2020-01-26,336500,1845,occupied,LSE-001849
PROP-00667,branch-village,7570 Tanglewood Trl,Princeton,TX,75407,CTY-014,3,2.0,1880,2024,2024-06-19,349400,1940,occupied,LSE-001851
PROP-00668,branch-village,3798 Bellflower Trl,Princeton,TX,75407,CTY-014,4,2.5,2346,2024,2024-02-15,372000,2100,occupied,LSE-001853
PROP-00669,branch-village,6687 Larkspur Dr,Princeton,TX,75407,CTY-014,3,2.0,1878,2018,2018-11-05,333700,1855,occupied,LSE-001855
PROP-00670,branch-village,1475 Redbud Way,Princeton,TX,75407,CTY-014,4,3.0,2393,2018,2018-06-08,326100,2150,vacant,
PROP-00671,branch-village,5454 Wren Hollow Path,Princeton,TX,75407,CTY-014,3,2.5,1790,2016,2016-08-20,270200,1860,occupied,LSE-001862
PROP-00672,branch-village,8208 Larkspur Ct,Princeton,TX,75407,CTY-014,3,2.5,1753,2019,2019-08-02,269300,1850,occupied,LSE-001866
PROP-00673,branch-village,5004 Hawthorn Xing,Princeton,TX,75407,CTY-014,4,3.0,2641,2023,2023-05-10,315200,2120,occupied,LSE-001869
PROP-00674,branch-village,7759 Summit Cir,Princeton,TX,75407,CTY-014,3,2.0,1571,2020,2020-05-27,290600,1890,occupied,LSE-001873
PROP-00675,branch-village,5377 Windrose Way,Princeton,TX,75407,CTY-014,4,2.5,2384,2017,2017-05-25,347700,2165,occupied,LSE-001876
PROP-00676,branch-village,5944 Magnolia Xing,Princeton,TX,75407,CTY-014,3,2.5,1913,2024,2024-04-22,268900,1870,occupied,LSE-001878
PROP-00677,branch-village,247 Ironwood Ct,Princeton,TX,75407,CTY-014,4,2.5,2168,2016,2016-07-13,302000,2055,vacant,
PROP-00678,branch-village,6486 Sable Xing,Princeton,TX,75407,CTY-014,3,2.0,1705,2016,2016-10-09,345900,1825,turn,
PROP-00679,branch-village,5105 Ironwood Trl,Princeton,TX,75407,CTY-014,4,2.5,2623,2021,2021-08-14,316700,2110,occupied,LSE-001886
PROP-00680,branch-village,5965 Bellflower Dr,Princeton,TX,75407,CTY-014,4,3.0,2212,2018,2018-08-17,329000,2115,occupied,LSE-001889
PROP-00681,branch-village,7866 Silver Oak Trl,Princeton,TX,75407,CTY-014,3,2.0,1835,2018,2018-01-16,318200,1890,occupied,LSE-001891
PROP-00682,branch-village,4312 Quail Run Trl,Princeton,TX,75407,CTY-014,4,3.0,2457,2018,2018-10-23,390200,2070,occupied,LSE-001893
PROP-00683,branch-village,4929 Redbud Way,Princeton,TX,75407,CTY-014,3,2.5,1736,2016,2016-08-26,358000,1905,occupied,LSE-001897
PROP-00684,branch-village,5138 Dovetail Trl,Princeton,TX,75407,CTY-014,4,3.0,2296,2017,2017-12-04,326600,2095,occupied,LSE-001900
PROP-00685,branch-village,6291 Cypress Ln,Princeton,TX,75407,CTY-014,4,2.5,2516,2019,2019-01-04,371000,2145,turn,
PROP-00686,branch-village,7650 Willow Bend Ct,Princeton,TX,75407,CTY-014,3,2.5,1942,2023,2023-11-10,326700,1890,occupied,LSE-001905
PROP-00687,branch-village,577 Willow Bend Ct,Princeton,TX,75407,CTY-014,3,2.0,1637,2017,2017-12-20,314800,1855,occupied,LSE-001907
PROP-00688,branch-village,218 Wren Hollow Ct,Princeton,TX,75407,CTY-014,4,2.5,2370,2021,2021-11-01,351100,2160,occupied,LSE-001909
PROP-00689,branch-village,2022 Larkspur Ct,Princeton,TX,75407,CTY-014,3,2.0,1517,2021,2021-10-16,317300,1880,occupied,LSE-001911
PROP-00690,branch-village,1211 Willow Bend Ln,Princeton,TX,75407,CTY-014,3,2.0,1839,2021,2021-11-04,311600,1905,vacant,
PROP-00691,branch-village,9666 Copper Creek Path,Princeton,TX,75407,CTY-014,3,2.5,2022,2023,2023-03-17,349500,1890,occupied,LSE-001915
PROP-00692,branch-village,2536 Cypress Dr,Princeton,TX,75407,CTY-014,4,2.5,2062,2020,2020-08-14,315100,2060,occupied,LSE-001917
PROP-00693,branch-village,1667 Blue Heron Ct,Princeton,TX,75407,CTY-014,4,2.5,2521,2019,2019-12-25,385700,2160,occupied,LSE-001920
PROP-00694,branch-village,7182 Blue Heron Path,Princeton,TX,75407,CTY-014,4,2.5,2204,2024,2024-12-13,308800,2110,occupied,LSE-001922
PROP-00695,branch-village,6987 Copper Creek Cir,Princeton,TX,75407,CTY-014,3,2.0,1388,2024,2024-05-20,334700,1845,occupied,LSE-001925
PROP-00696,eastland,3857 Marigold Dr,Crandall,TX,75114,CTY-012,4,3.0,2263,2022,2022-02-12,450900,2835,occupied,LSE-001929
PROP-00697,eastland,8318 Sable Cir,Crandall,TX,75114,CTY-012,4,2.5,2363,2020,2020-06-23,507000,2840,turn,
PROP-00698,eastland,6355 Copper Creek Way,Crandall,TX,75114,CTY-012,3,2.0,2222,2016,2016-05-17,457600,2695,vacant,
PROP-00699,eastland,7691 Magnolia Way,Crandall,TX,75114,CTY-012,3,2.0,2058,2018,2018-02-03,428200,2575,occupied,LSE-001937
PROP-00700,eastland,4137 Redbud Xing,Crandall,TX,75114,CTY-012,4,3.0,2208,2018,2018-11-15,436200,2850,occupied,LSE-001940
PROP-00701,eastland,5838 Ironwood Cir,Crandall,TX,75114,CTY-012,3,2.5,2224,2021,2021-11-08,489700,2750,occupied,LSE-001943
PROP-00702,eastland,2264 Tanglewood Ln,Crandall,TX,75114,CTY-012,3,2.5,1879,2020,2020-12-20,504200,2675,occupied,LSE-001946
PROP-00703,eastland,6854 Hawthorn Trl,Crandall,TX,75114,CTY-012,3,2.5,1738,2017,2017-12-22,429800,2570,occupied,LSE-001949
PROP-00704,eastland,8604 Blue Heron Way,Crandall,TX,75114,CTY-012,4,2.5,2447,2019,2019-02-23,438900,2875,occupied,LSE-001953
PROP-00705,eastland,9623 Magnolia Cir,Crandall,TX,75114,CTY-012,3,2.0,1823,2017,2017-04-21,482100,2585,occupied,LSE-001957
PROP-00706,eastland,1778 Windrose Way,Crandall,TX,75114,CTY-012,3,2.5,1975,2017,2017-05-01,388100,2580,occupied,LSE-001959
PROP-00707,eastland,1179 Larkspur Ct,Crandall,TX,75114,CTY-012,4,2.5,2083,2021,2021-12-17,472700,2915,occupied,LSE-001962
PROP-00708,eastland,2053 Marigold Cir,Crandall,TX,75114,CTY-012,4,2.5,2361,2016,2016-08-17,414200,2845,occupied,LSE-001965
PROP-00709,eastland,2458 Willow Bend Trl,Crandall,TX,75114,CTY-012,3,2.0,1962,2020,2020-01-09,492600,2610,occupied,LSE-001967
PROP-00710,eastland,3779 Wren Hollow Xing,Crandall,TX,75114,CTY-012,3,2.5,1942,2019,2019-02-22,406500,2585,occupied,LSE-001970
PROP-00711,eastland,1653 Copper Creek Trl,Crandall,TX,75114,CTY-012,3,2.0,1569,2016,2016-08-26,423800,2585,occupied,LSE-001973
PROP-00712,eastland,1951 Wren Hollow Way,Crandall,TX,75114,CTY-012,4,2.5,2369,2018,2018-01-20,434800,2840,occupied,LSE-001976
PROP-00713,eastland,9806 Copper Creek Cir,Crandall,TX,75114,CTY-012,4,2.5,2285,2020,2020-01-20,513600,2870,occupied,LSE-001978
PROP-00714,eastland,6643 Silver Oak Dr,Crandall,TX,75114,CTY-012,3,2.5,2150,2016,2016-10-05,459800,2680,occupied,LSE-001981
PROP-00715,eastland,4785 Wren Hollow Ct,Crandall,TX,75114,CTY-012,4,2.5,2372,2018,2018-08-14,434800,2910,occupied,LSE-001984
PROP-00716,eastland,6274 Bellflower Cir,Crandall,TX,75114,CTY-012,3,2.0,1772,2019,2019-11-26,417300,2565,occupied,LSE-001988
PROP-00717,eastland,2889 Summit Dr,Crandall,TX,75114,CTY-012,4,2.5,2284,2024,2024-12-09,409800,2900,occupied,LSE-001989
PROP-00718,eastland,6958 Bellflower Way,Crandall,TX,75114,CTY-012,3,2.0,1432,2022,2022-02-04,382000,2520,occupied,LSE-001992
PROP-00719,eastland,8939 Dovetail Dr,Crandall,TX,75114,CTY-012,3,2.0,1726,2024,2024-03-06,382500,2555,occupied,LSE-001994
PROP-00720,highbridge,2861 Wren Hollow Trl,Crandall,TX,75114,CTY-012,1,1,1100,2019,2019-11-23,321500,2215,occupied,LSE-001997
PROP-00721,highbridge,5953 Magnolia Trl,Crandall,TX,75114,CTY-012,3,2.0,1868,2016,2016-02-13,405200,2610,occupied,LSE-002000
PROP-00722,highbridge,9059 Willow Bend Xing,Crandall,TX,75114,CTY-012,2,1.5,1391,2017,2017-06-20,410100,2450,occupied,LSE-002004
PROP-00723,highbridge,1877 Dovetail Xing,Crandall,TX,75114,CTY-012,4,3.0,2671,2021,2021-11-12,448700,2900,occupied,LSE-002008
PROP-00724,highbridge,8999 Willow Bend Ct,Crandall,TX,75114,CTY-012,3,2.0,1911,2019,2019-12-12,427900,2580,occupied,LSE-002011
PROP-00725,highbridge,783 Tanglewood Cir,Crandall,TX,75114,CTY-012,1,1,1100,2020,2020-06-16,345800,2255,occupied,LSE-002014
PROP-00726,highbridge,4627 Redbud Trl,Crandall,TX,75114,CTY-012,1,1,1100,2022,2022-08-28,371300,2225,occupied,LSE-002017
PROP-00727,highbridge,2551 Bellflower Cir,Crandall,TX,75114,CTY-012,2,2,1115,2017,2017-08-15,438200,2415,vacant,
PROP-00728,highbridge,5502 Dovetail Way,Crandall,TX,75114,CTY-012,4,2.5,2161,2022,2022-09-27,529000,2890,occupied,LSE-002022
PROP-00729,highbridge,2252 Sable Dr,Crandall,TX,75114,CTY-012,4,2.5,2249,2023,2023-03-09,531100,2880,occupied,LSE-002024
PROP-00730,highbridge,297 Marigold Ln,Crandall,TX,75114,CTY-012,3,2.0,1762,2016,2016-11-20,386000,2650,turn,
PROP-00731,highbridge,8516 Redbud Ln,Crandall,TX,75114,CTY-012,2,1.5,1297,2020,2020-10-10,394700,2330,occupied,LSE-002029
PROP-00732,highbridge,6124 Windrose Dr,Crandall,TX,75114,CTY-012,3,2.5,1659,2020,2020-03-12,464900,2575,occupied,LSE-002033
PROP-00733,highbridge,3260 Willow Bend Trl,Crandall,TX,75114,CTY-012,2,1.5,1100,2024,2024-12-09,348100,2355,occupied,LSE-002035
PROP-00734,highbridge,3765 Cypress Cir,Crandall,TX,75114,CTY-012,2,2,1448,2023,2023-10-05,414200,2385,occupied,LSE-002038
PROP-00735,highbridge,325 Marigold Dr,Crandall,TX,75114,CTY-012,2,1.5,1532,2017,2017-12-22,366000,2330,occupied,LSE-002042
PROP-00736,highbridge,2771 Wren Hollow Ct,Crandall,TX,75114,CTY-012,1,1,1100,2018,2018-01-16,320500,2195,occupied,LSE-002044
PROP-00737,highbridge,5697 Magnolia Cir,Crandall,TX,75114,CTY-012,1,1,1100,2023,2023-05-22,426300,2260,occupied,LSE-002046
PROP-00738,highbridge,9308 Cypress Dr,Crandall,TX,75114,CTY-012,2,1.5,1256,2016,2016-05-13,388000,2390,occupied,LSE-002049
PROP-00739,highbridge,8041 Dovetail Xing,Crandall,TX,75114,CTY-012,1,1,1100,2017,2017-09-03,303400,2155,occupied,LSE-002053
PROP-00740,highbridge,823 Quail Run Dr,Crandall,TX,75114,CTY-012,1,1,1100,2024,2024-03-07,323700,2215,occupied,LSE-002055
PROP-00741,highbridge,7438 Willow Bend Dr,Crandall,TX,75114,CTY-012,1,1,1100,2023,2023-04-04,313800,2140,occupied,LSE-002057
PROP-00742,highbridge,358 Quail Run Trl,Crandall,TX,75114,CTY-012,2,2,1305,2024,2024-05-07,341600,2440,occupied,LSE-002059
PROP-00743,highbridge,9687 Wren Hollow Way,Crandall,TX,75114,CTY-012,3,2.0,1679,2020,2020-04-01,478900,2605,occupied,LSE-002062
PROP-00744,highbridge,1318 Wren Hollow Path,Crandall,TX,75114,CTY-012,4,2.5,2307,2019,2019-02-03,446200,2905,occupied,LSE-002065
PROP-00745,highbridge,9734 Willow Bend Ln,Crandall,TX,75114,CTY-012,3,2.0,1540,2016,2016-12-26,412200,2620,occupied,LSE-002070
PROP-00746,highbridge,2446 Copper Creek Trl,Crandall,TX,75114,CTY-012,4,2.5,2239,2020,2020-07-08,517000,2855,occupied,LSE-002074
PROP-00747,highbridge,615 Copper Creek Trl,Crandall,TX,75114,CTY-012,1,1,1100,2019,2019-06-25,402500,2255,occupied,LSE-002078
PROP-00748,landing-at-creekside,2980 Cypress Dr,Fort Worth,TX,76102,CTY-013,3,2.0,1740,2021,2021-10-15,416200,2420,occupied,LSE-002080
PROP-00749,landing-at-creekside,3809 Willow Bend Cir,Fort Worth,TX,76102,CTY-013,4,3.0,2462,2020,2020-02-16,435000,2630,occupied,LSE-002083
PROP-00750,landing-at-creekside,6057 Blue Heron Cir,Fort Worth,TX,76102,CTY-013,4,2.5,2108,2019,2019-05-28,420400,2575,occupied,LSE-002087
PROP-00751,landing-at-creekside,500 Redbud Trl,Fort Worth,TX,76102,CTY-013,3,2.0,1950,2021,2021-05-13,358600,2405,occupied,LSE-002089
PROP-00752,landing-at-creekside,9695 Sable Ct,Fort Worth,TX,76102,CTY-013,3,2.0,2032,2023,2023-11-04,450100,2450,occupied,LSE-002092
PROP-00753,landing-at-creekside,2696 Juniper Ln,Fort Worth,TX,76102,CTY-013,4,2.5,2363,2021,2021-11-08,494100,2715,occupied,LSE-002095
PROP-00754,landing-at-creekside,6139 Quail Run Ct,Fort Worth,TX,76102,CTY-013,3,2.0,1921,2019,2019-04-10,383600,2460,occupied,LSE-002099
PROP-00755,landing-at-creekside,2945 Dovetail Dr,Fort Worth,TX,76102,CTY-013,3,2.5,1540,2024,2024-07-26,358800,2340,occupied,LSE-002101
PROP-00756,landing-at-creekside,3208 Cypress Way,Fort Worth,TX,76102,CTY-013,3,2.5,1591,2023,2023-02-19,392100,2400,occupied,LSE-002104
PROP-00757,landing-at-creekside,9212 Quail Run Xing,Fort Worth,TX,76102,CTY-013,4,2.5,2077,2018,2018-02-23,430800,2580,occupied,LSE-002106
PROP-00758,landing-at-creekside,1013 Ironwood Path,Fort Worth,TX,76102,CTY-013,3,2.5,1883,2020,2020-04-24,336000,2360,occupied,LSE-002109
PROP-00759,landing-at-creekside,3870 Copper Creek Path,Fort Worth,TX,76102,CTY-013,3,2.0,1845,2022,2022-08-19,348100,2400,occupied,LSE-002112
PROP-00760,landing-at-creekside,2893 Wren Hollow Trl,Fort Worth,TX,76102,CTY-013,3,2.5,2204,2024,2024-07-25,445000,2375,occupied,LSE-002114
PROP-00761,landing-at-creekside,4186 Ironwood Ct,Fort Worth,TX,76102,CTY-013,4,2.5,2419,2020,2020-05-21,502400,2710,turn,
PROP-00762,landing-at-creekside,9019 Quail Run Path,Fort Worth,TX,76102,CTY-013,3,2.0,1701,2020,2020-06-23,417300,2370,occupied,LSE-002119
PROP-00763,landing-at-creekside,3047 Larkspur Ct,Fort Worth,TX,76102,CTY-013,4,2.5,2731,2017,2017-12-13,433800,2765,occupied,LSE-002122
PROP-00764,landing-at-creekside,4807 Windrose Cir,Fort Worth,TX,76102,CTY-013,3,2.0,1934,2024,2024-01-12,402100,2415,occupied,LSE-002124
PROP-00765,landing-at-creekside,5245 Bellflower Xing,Fort Worth,TX,76102,CTY-013,4,2.5,2684,2016,2016-07-24,383300,2675,occupied,LSE-002127
PROP-00766,landing-at-creekside,5890 Cypress Way,Fort Worth,TX,76102,CTY-013,3,2.5,1779,2017,2017-12-28,357600,2360,turn,
PROP-00767,landing-at-creekside,718 Dovetail Trl,Fort Worth,TX,76102,CTY-013,4,2.5,2410,2019,2019-08-01,391300,2675,occupied,LSE-002133
PROP-00768,landing-at-creekside,2170 Willow Bend Ct,Fort Worth,TX,76102,CTY-013,3,2.0,1394,2017,2017-12-10,411700,2305,occupied,LSE-002136
PROP-00769,landing-at-creekside,6830 Quail Run Ln,Fort Worth,TX,76102,CTY-013,4,2.5,2579,2016,2016-07-08,389700,2740,occupied,LSE-002138
PROP-00770,landing-at-creekside,5396 Tanglewood Dr,Fort Worth,TX,76102,CTY-013,3,2.5,1670,2020,2020-05-24,432600,2405,occupied,LSE-002141
PROP-00771,landing-at-creekside,6465 Hawthorn Trl,Fort Worth,TX,76102,CTY-013,4,2.5,2159,2024,2024-07-08,453900,2625,occupied,LSE-002143
PROP-00772,landing-at-creekside,7313 Larkspur Path,Fort Worth,TX,76102,CTY-013,3,2.5,1682,2022,2022-09-27,426100,2395,occupied,LSE-002146
PROP-00773,landing-at-creekside,6621 Blue Heron Path,Fort Worth,TX,76102,CTY-013,3,2.0,1805,2018,2018-11-13,379100,2345,occupied,LSE-002150
PROP-00774,landing-at-creekside,1092 Juniper Trl,Fort Worth,TX,76102,CTY-013,4,2.5,2537,2022,2022-01-07,436900,2655,occupied,LSE-002153
PROP-00775,landing-at-creekside,8096 Larkspur Trl,Fort Worth,TX,76102,CTY-013,4,3.0,2536,2021,2021-04-01,426800,2725,occupied,LSE-002157
PROP-00776,landing-at-creekside,8980 Willow Bend Ct,Fort Worth,TX,76102,CTY-013,4,3.0,2511,2019,2019-10-27,485400,2645,occupied,LSE-002160
PROP-00777,landing-at-creekside,1120 Hawthorn Path,Fort Worth,TX,76102,CTY-013,3,2.0,1992,2018,2018-12-08,424900,2420,occupied,LSE-002164
PROP-00778,landing-at-creekside,1612 Summit Xing,Fort Worth,TX,76102,CTY-013,3,2.0,1784,2023,2023-10-08,400800,2310,occupied,LSE-002167
PROP-00779,landing-at-creekside,7426 Juniper Ct,Fort Worth,TX,76102,CTY-013,3,2.0,1580,2016,2016-09-09,447600,2395,occupied,LSE-002171
PROP-00780,landing-at-creekside,4501 Quail Run Xing,Fort Worth,TX,76102,CTY-013,3,2.0,1587,2024,2024-10-09,389500,2370,occupied,LSE-002172
PROP-00781,landing-at-creekside,8453 Sable Dr,Fort Worth,TX,76102,CTY-013,4,2.5,2149,2016,2016-01-22,470900,2585,occupied,LSE-002176
PROP-00782,landing-at-creekside,3297 Wren Hollow Dr,Fort Worth,TX,76102,CTY-013,4,2.5,2446,2023,2023-09-21,443700,2650,occupied,LSE-002179
PROP-00783,landing-at-creekside,4337 Willow Bend Path,Fort Worth,TX,76102,CTY-013,3,2.5,1680,2020,2020-10-14,341400,2425,occupied,LSE-002182
PROP-00784,landing-at-creekside,8370 Willow Bend Path,Fort Worth,TX,76102,CTY-013,4,2.5,2223,2023,2023-03-18,481600,2720,vacant,
PROP-00785,landing-at-creekside,2287 Windrose Xing,Fort Worth,TX,76102,CTY-013,3,2.0,1732,2023,2023-07-05,397700,2420,occupied,LSE-002187
PROP-00786,landing-at-creekside,2458 Marigold Cir,Fort Worth,TX,76102,CTY-013,3,2.5,1692,2020,2020-08-14,328100,2325,occupied,LSE-002190
PROP-00787,landing-at-creekside,6875 Wren Hollow Trl,Fort Worth,TX,76102,CTY-013,4,3.0,2183,2020,2020-04-22,429400,2615,occupied,LSE-002194
PROP-00788,landing-at-creekside,4451 Windrose Ln,Fort Worth,TX,76102,CTY-013,3,2.5,1878,2021,2021-02-13,357100,2395,occupied,LSE-002197
PROP-00789,landing-at-creekside,7175 Sable Cir,Fort Worth,TX,76102,CTY-013,3,2.0,1920,2020,2020-12-13,395600,2410,occupied,LSE-002200
PROP-00790,landing-at-creekside,524 Larkspur Xing,Fort Worth,TX,76102,CTY-013,4,3.0,2000,2016,2016-05-14,450100,2655,occupied,LSE-002204
PROP-00791,landing-at-creekside,524 Bellflower Ln,Fort Worth,TX,76102,CTY-013,3,2.0,1750,2018,2018-03-26,332200,2315,occupied,LSE-002207
PROP-00792,landing-at-creekside,4662 Ironwood Trl,Fort Worth,TX,76102,CTY-013,3,2.0,1954,2022,2022-04-03,391400,2415,occupied,LSE-002209
PROP-00793,landing-at-creekside,2402 Ironwood Ln,Fort Worth,TX,76102,CTY-013,3,2.0,1609,2016,2016-10-07,403500,2305,occupied,LSE-002212
PROP-00794,landing-at-creekside,7584 Magnolia Xing,Fort Worth,TX,76102,CTY-013,3,2.0,1828,2024,2024-10-01,343700,2395,occupied,LSE-002214
PROP-00795,landing-at-creekside,8623 Cypress Ln,Fort Worth,TX,76102,CTY-013,4,3.0,2597,2023,2023-06-07,414100,2645,vacant,
PROP-00796,landing-at-creekside,4313 Quail Run Cir,Fort Worth,TX,76102,CTY-013,3,2.5,2294,2020,2020-08-16,475900,2530,occupied,LSE-002220
PROP-00797,landing-at-creekside,4142 Redbud Cir,Fort Worth,TX,76102,CTY-013,4,3.0,2207,2023,2023-02-03,390600,2585,occupied,LSE-002223
PROP-00798,landing-at-creekside,6988 Cypress Xing,Fort Worth,TX,76102,CTY-013,3,2.0,1960,2023,2023-01-05,398400,2415,occupied,LSE-002226
PROP-00799,rosemary-ridge,4743 Dovetail Ct,Fort Worth,TX,76102,CTY-013,4,3.0,2310,2019,2019-04-23,411600,2600,occupied,LSE-002229
PROP-00800,rosemary-ridge,9346 Ironwood Ct,Fort Worth,TX,76102,CTY-013,4,3.0,2383,2022,2022-10-06,435000,2710,occupied,LSE-002233
PROP-00801,rosemary-ridge,6406 Bellflower Cir,Fort Worth,TX,76102,CTY-013,3,2.5,1588,2019,2019-05-27,400500,2305,occupied,LSE-002235
PROP-00802,rosemary-ridge,1098 Marigold Cir,Fort Worth,TX,76102,CTY-013,4,2.5,2570,2020,2020-09-21,466600,2675,occupied,LSE-002239
PROP-00803,rosemary-ridge,7726 Silver Oak Xing,Fort Worth,TX,76102,CTY-013,4,2.5,2107,2017,2017-08-11,512100,2700,occupied,LSE-002242
PROP-00804,rosemary-ridge,7154 Ironwood Ct,Fort Worth,TX,76102,CTY-013,4,2.5,2399,2021,2021-11-12,440600,2655,vacant,
PROP-00805,rosemary-ridge,3716 Blue Heron Dr,Fort Worth,TX,76102,CTY-013,3,2.0,1920,2017,2017-09-27,340400,2385,occupied,LSE-002247
PROP-00806,rosemary-ridge,7231 Dovetail Xing,Fort Worth,TX,76102,CTY-013,4,2.5,2481,2023,2023-06-24,457700,2635,occupied,LSE-002249
PROP-00807,rosemary-ridge,3191 Silver Oak Way,Fort Worth,TX,76102,CTY-013,4,2.5,2506,2023,2023-02-14,480000,2690,occupied,LSE-002251
PROP-00808,rosemary-ridge,1168 Windrose Trl,Fort Worth,TX,76102,CTY-013,4,3.0,2545,2018,2018-06-10,399200,2755,occupied,LSE-002254
PROP-00809,rosemary-ridge,1548 Hawthorn Xing,Fort Worth,TX,76102,CTY-013,3,2.0,1948,2022,2022-03-09,460000,2445,occupied,LSE-002256
PROP-00810,rosemary-ridge,8974 Ironwood Trl,Fort Worth,TX,76102,CTY-013,3,2.5,1684,2022,2022-12-17,390200,2320,occupied,LSE-002258
PROP-00811,rosemary-ridge,6263 Windrose Cir,Fort Worth,TX,76102,CTY-013,4,3.0,2413,2021,2021-11-21,483000,2635,occupied,LSE-002261
PROP-00812,rosemary-ridge,7983 Cypress Way,Fort Worth,TX,76102,CTY-013,4,2.5,2391,2019,2019-11-04,412300,2640,occupied,LSE-002264
PROP-00813,rosemary-ridge,2513 Marigold Way,Fort Worth,TX,76102,CTY-013,4,2.5,2380,2021,2021-12-01,394700,2695,occupied,LSE-002266
PROP-00814,rosemary-ridge,1914 Windrose Ln,Fort Worth,TX,76102,CTY-013,3,2.0,1839,2023,2023-10-16,393700,2380,occupied,LSE-002268
PROP-00815,rosemary-ridge,941 Hawthorn Ct,Fort Worth,TX,76102,CTY-013,4,3.0,2594,2019,2019-06-17,419400,2665,occupied,LSE-002271
PROP-00816,rosemary-ridge,9405 Summit Cir,Fort Worth,TX,76102,CTY-013,3,2.0,2056,2022,2022-12-17,363400,2475,occupied,LSE-002274
PROP-00817,rosemary-ridge,3361 Juniper Trl,Fort Worth,TX,76102,CTY-013,4,2.5,2592,2023,2023-06-17,487900,2675,occupied,LSE-002276
PROP-00818,rosemary-ridge,8207 Ironwood Way,Fort Worth,TX,76102,CTY-013,4,3.0,2300,2020,2020-06-03,463300,2675,occupied,LSE-002279
PROP-00819,rosemary-ridge,6389 Wren Hollow Xing,Fort Worth,TX,76102,CTY-013,3,2.0,1846,2021,2021-09-05,447400,2455,occupied,LSE-002282
PROP-00820,rosemary-ridge,1895 Dovetail Way,Fort Worth,TX,76102,CTY-013,3,2.0,1448,2024,2024-09-07,365300,2350,occupied,LSE-002284
PROP-00821,rosemary-ridge,1809 Copper Creek Dr,Fort Worth,TX,76102,CTY-013,3,2.0,1775,2019,2019-02-28,337100,2350,occupied,LSE-002288
PROP-00822,rosemary-ridge,6580 Windrose Xing,Fort Worth,TX,76102,CTY-013,3,2.0,1868,2016,2016-05-06,412500,2455,occupied,LSE-002291
PROP-00823,rosemary-ridge,3015 Magnolia Way,Fort Worth,TX,76102,CTY-013,4,3.0,2481,2023,2023-12-13,491600,2665,occupied,LSE-002293
PROP-00824,rosemary-ridge,9142 Willow Bend Path,Fort Worth,TX,76102,CTY-013,3,2.5,2214,2018,2018-02-04,380900,2400,occupied,LSE-002296
PROP-00825,rosemary-ridge,7908 Dovetail Trl,Fort Worth,TX,76102,CTY-013,3,2.0,1824,2017,2017-04-24,377300,2325,occupied,LSE-002299
PROP-00826,rosemary-ridge,3053 Juniper Cir,Fort Worth,TX,76102,CTY-013,4,2.5,2356,2017,2017-08-02,398900,2675,occupied,LSE-002303
PROP-00827,rosemary-ridge,7175 Magnolia Dr,Fort Worth,TX,76102,CTY-013,3,2.5,1885,2024,2024-09-13,432400,2350,occupied,LSE-002305
PROP-00828,rosemary-ridge,6815 Hawthorn Ct,Fort Worth,TX,76102,CTY-013,4,3.0,2353,2023,2023-06-05,517700,2735,occupied,LSE-002307
PROP-00829,rosemary-ridge,3828 Quail Run Trl,Fort Worth,TX,76102,CTY-013,3,2.5,1706,2024,2024-02-15,351300,2440,occupied,LSE-002309
PROP-00830,rosemary-ridge,7484 Willow Bend Xing,Fort Worth,TX,76102,CTY-013,4,2.5,2187,2024,2024-09-13,509800,2710,occupied,LSE-002310
PROP-00831,rosemary-ridge,4151 Redbud Xing,Fort Worth,TX,76102,CTY-013,3,2.0,1805,2016,2016-07-18,359700,2450,occupied,LSE-002313
PROP-00832,rosemary-ridge,9522 Redbud Xing,Fort Worth,TX,76102,CTY-013,3,2.5,1733,2019,2019-08-24,391100,2355,occupied,LSE-002317
PROP-00833,rosemary-ridge,8521 Willow Bend Cir,Fort Worth,TX,76102,CTY-013,3,2.0,1844,2016,2016-04-23,354900,2330,occupied,LSE-002320
PROP-00834,rosemary-ridge,7622 Windrose Ct,Fort Worth,TX,76102,CTY-013,4,2.5,2565,2017,2017-02-08,448400,2770,occupied,LSE-002323
PROP-00835,rosemary-ridge,8491 Ironwood Ct,Fort Worth,TX,76102,CTY-013,4,2.5,2523,2022,2022-03-07,385100,2685,occupied,LSE-002326
PROP-00836,rosemary-ridge,4729 Bellflower Way,Fort Worth,TX,76102,CTY-013,4,2.5,2306,2021,2021-06-22,504000,2715,occupied,LSE-002329
PROP-00837,rosemary-ridge,5488 Ironwood Xing,Fort Worth,TX,76102,CTY-013,3,2.0,1839,2016,2016-06-23,371400,2425,occupied,LSE-002333
PROP-00838,rosemary-ridge,8840 Windrose Path,Fort Worth,TX,76102,CTY-013,4,3.0,2538,2016,2016-12-19,463400,2635,occupied,LSE-002336
PROP-00839,rosemary-ridge,8722 Wren Hollow Dr,Fort Worth,TX,76102,CTY-013,4,2.5,2495,2016,2016-08-06,419600,2645,occupied,LSE-002339
PROP-00840,rosemary-ridge,6969 Magnolia Path,Fort Worth,TX,76102,CTY-013,4,2.5,2211,2020,2020-08-28,368700,2580,occupied,LSE-002341
PROP-00841,rosemary-ridge,6916 Sable Dr,Fort Worth,TX,76102,CTY-013,3,2.0,1994,2019,2019-04-06,384600,2385,occupied,LSE-002344
PROP-00842,rosemary-ridge,1670 Bellflower Path,Fort Worth,TX,76102,CTY-013,3,2.0,1866,2023,2023-06-06,434400,2335,occupied,LSE-002347
PROP-00843,rosemary-ridge,4660 Sable Dr,Fort Worth,TX,76102,CTY-013,3,2.0,2068,2018,2018-09-02,429400,2470,occupied,LSE-002349
PROP-00844,rosemary-ridge,8832 Hawthorn Ln,Fort Worth,TX,76102,CTY-013,3,2.5,1889,2023,2023-06-03,441500,2425,occupied,LSE-002351
PROP-00845,rosemary-ridge,1665 Ironwood Dr,Fort Worth,TX,76102,CTY-013,3,2.0,1823,2017,2017-12-13,438200,2325,turn,
PROP-00846,rosemary-ridge,7859 Wren Hollow Xing,Fort Worth,TX,76102,CTY-013,4,3.0,2303,2023,2023-03-23,431800,2615,occupied,LSE-002356
PROP-00847,rosemary-ridge,9818 Cypress Way,Fort Worth,TX,76102,CTY-013,4,3.0,2468,2019,2019-10-24,421500,2730,occupied,LSE-002358
PROP-00848,rosemary-ridge,8576 Silver Oak Cir,Fort Worth,TX,76102,CTY-013,3,2.0,2014,2024,2024-01-17,446500,2425,occupied,LSE-002360
PROP-00849,rosemary-ridge,1804 Blue Heron Trl,Fort Worth,TX,76102,CTY-013,4,2.5,2387,2019,2019-11-04,384600,2700,occupied,LSE-002364
PROP-00850,rosemary-ridge,5150 Hawthorn Dr,Fort Worth,TX,76102,CTY-013,4,3.0,2465,2022,2022-09-22,410200,2765,occupied,LSE-002367
PROP-00851,rosemary-ridge,4522 Copper Creek Path,Fort Worth,TX,76102,CTY-013,4,3.0,2354,2019,2019-06-05,460800,2645,occupied,LSE-002370
PROP-00852,rosemary-ridge,8470 Blue Heron Ct,Fort Worth,TX,76102,CTY-013,3,2.0,1803,2024,2024-02-02,401000,2325,occupied,LSE-002373
PROP-00853,rosemary-ridge,1247 Dovetail Ct,Fort Worth,TX,76102,CTY-013,4,3.0,2090,2017,2017-09-08,407400,2650,occupied,LSE-002376
PROP-00854,rosemary-ridge,6214 Tanglewood Path,Fort Worth,TX,76102,CTY-013,3,2.0,1936,2019,2019-04-14,371700,2475,occupied,LSE-002380
PROP-00855,rosemary-ridge,5812 Redbud Ln,Fort Worth,TX,76102,CTY-013,4,2.5,2652,2021,2021-11-07,504600,2670,occupied,LSE-002382
PROP-00856,rosemary-ridge,4858 Cypress Path,Fort Worth,TX,76102,CTY-013,3,2.5,1849,2023,2023-09-19,391500,2380,occupied,LSE-002384
PROP-00857,rosemary-ridge,8969 Bellflower Path,Fort Worth,TX,76102,CTY-013,3,2.0,1798,2018,2018-01-23,375400,2430,occupied,LSE-002388
PROP-00858,rosemary-ridge,5645 Bellflower Trl,Fort Worth,TX,76102,CTY-013,4,3.0,2430,2021,2021-12-21,493400,2665,occupied,LSE-002391
PROP-00859,rosemary-ridge,1289 Cypress Xing,Fort Worth,TX,76102,CTY-013,4,2.5,2500,2016,2016-04-02,489300,2755,vacant,
PROP-00860,rosemary-ridge,7681 Quail Run Dr,Fort Worth,TX,76102,CTY-013,3,2.0,1734,2017,2017-10-17,373700,2375,occupied,LSE-002396
PROP-00861,rosemary-ridge,7529 Dovetail Ln,Fort Worth,TX,76102,CTY-013,3,2.0,1953,2020,2020-10-21,456400,2420,occupied,LSE-002398
PROP-00862,rosemary-ridge,7248 Copper Creek Dr,Fort Worth,TX,76102,CTY-013,4,3.0,2568,2021,2021-10-25,431900,2635,occupied,LSE-002401
PROP-00863,rosemary-ridge,7085 Redbud Dr,Fort Worth,TX,76102,CTY-013,3,2.5,1839,2024,2024-05-09,409100,2380,occupied,LSE-002403
PROP-00864,rosemary-ridge,9254 Marigold Path,Fort Worth,TX,76102,CTY-013,4,3.0,2272,2023,2023-11-06,434300,2665,occupied,LSE-002405
PROP-00865,rosemary-ridge,9500 Juniper Ln,Fort Worth,TX,76102,CTY-013,4,3.0,2243,2018,2018-03-23,381900,2625,occupied,LSE-002408
PROP-00866,rosemary-ridge,3965 Magnolia Ct,Fort Worth,TX,76102,CTY-013,4,2.5,2009,2020,2020-04-23,450500,2590,occupied,LSE-002412
PROP-00867,rosemary-ridge,7924 Willow Bend Dr,Fort Worth,TX,76102,CTY-013,4,2.5,2144,2024,2024-12-24,479800,2585,occupied,LSE-002414
PROP-00868,rosemary-ridge,5982 Cypress Way,Fort Worth,TX,76102,CTY-013,4,2.5,2635,2017,2017-09-14,468500,2645,occupied,LSE-002417
PROP-00869,havenwood-at-harmony,6566 Wren Hollow Way,Aurora,CO,80010,CTY-015,4,3.0,2027,2020,2020-05-14,638500,3570,occupied,LSE-002421
PROP-00870,havenwood-at-harmony,8119 Ironwood Cir,Aurora,CO,80010,CTY-015,3,2.5,2054,2020,2020-12-09,588600,3260,occupied,LSE-002424
PROP-00871,havenwood-at-harmony,5085 Magnolia Xing,Aurora,CO,80010,CTY-015,3,2.0,1892,2023,2023-09-24,567300,3295,occupied,LSE-002426
PROP-00872,havenwood-at-harmony,7005 Wren Hollow Dr,Aurora,CO,80010,CTY-015,4,3.0,2489,2021,2021-08-07,623100,3770,occupied,LSE-002429
PROP-00873,havenwood-at-harmony,1645 Dovetail Ln,Aurora,CO,80010,CTY-015,4,2.5,2664,2018,2018-02-21,557300,3690,occupied,LSE-002431
PROP-00874,havenwood-at-harmony,6217 Redbud Path,Aurora,CO,80010,CTY-015,4,3.0,2231,2023,2023-02-26,541900,3690,occupied,LSE-002434
PROP-00875,havenwood-at-harmony,1232 Cypress Dr,Aurora,CO,80010,CTY-015,3,2.5,2207,2018,2018-08-06,525700,3435,occupied,LSE-002437
PROP-00876,havenwood-at-harmony,870 Wren Hollow Xing,Aurora,CO,80010,CTY-015,4,3.0,2112,2020,2020-09-06,541600,3545,occupied,LSE-002440
PROP-00877,havenwood-at-harmony,7964 Magnolia Way,Aurora,CO,80010,CTY-015,3,2.0,1800,2022,2022-11-25,541600,3190,occupied,LSE-002443
PROP-00878,havenwood-at-harmony,1346 Bellflower Dr,Aurora,CO,80010,CTY-015,4,2.5,2330,2019,2019-04-26,655900,3690,occupied,LSE-002446
PROP-00879,havenwood-at-harmony,3048 Willow Bend Dr,Aurora,CO,80010,CTY-015,4,2.5,2415,2017,2017-03-02,654400,3720,occupied,LSE-002448
PROP-00880,havenwood-at-harmony,6866 Marigold Ct,Aurora,CO,80010,CTY-015,3,2.0,1886,2023,2023-11-06,459400,3225,occupied,LSE-002450
PROP-00881,havenwood-at-harmony,8490 Windrose Path,Aurora,CO,80010,CTY-015,4,2.5,2507,2021,2021-09-22,616500,3710,occupied,LSE-002453
PROP-00882,havenwood-at-harmony,2529 Juniper Xing,Aurora,CO,80010,CTY-015,4,2.5,2053,2022,2022-06-20,683600,3670,occupied,LSE-002455
PROP-00883,havenwood-at-harmony,5781 Copper Creek Xing,Aurora,CO,80010,CTY-015,3,2.5,2182,2018,2018-12-22,482200,3300,occupied,LSE-002458
PROP-00884,havenwood-at-harmony,3065 Dovetail Way,Aurora,CO,80010,CTY-015,3,2.0,1957,2019,2019-06-21,525400,3365,occupied,LSE-002461
PROP-00885,havenwood-at-harmony,2563 Wren Hollow Cir,Aurora,CO,80010,CTY-015,3,2.0,1867,2019,2019-03-27,617100,3250,occupied,LSE-002464
PROP-00886,havenwood-at-harmony,6491 Marigold Cir,Aurora,CO,80010,CTY-015,4,2.5,1908,2024,2024-09-10,570500,3460,occupied,LSE-002466
PROP-00887,havenwood-at-harmony,722 Cypress Ct,Aurora,CO,80010,CTY-015,3,2.5,2048,2020,2020-11-21,629800,3355,turn,
PROP-00888,havenwood-at-harmony,1670 Windrose Cir,Aurora,CO,80010,CTY-015,4,2.5,2327,2016,2016-08-10,573400,3580,occupied,LSE-002473
PROP-00889,havenwood-at-harmony,3263 Dovetail Way,Aurora,CO,80010,CTY-015,4,2.5,2376,2024,2024-08-07,652000,3605,occupied,LSE-002474
PROP-00890,havenwood-at-harmony,7009 Copper Creek Ct,Aurora,CO,80010,CTY-015,4,2.5,2465,2018,2018-08-27,541300,3685,occupied,LSE-002478
PROP-00891,lorson-ranch,5126 Windrose Cir,Colorado Springs,CO,80903,CTY-016,3,2.5,1799,2024,2024-01-01,402700,2505,occupied,LSE-002480
PROP-00892,lorson-ranch,4925 Cypress Ct,Colorado Springs,CO,80903,CTY-016,3,2.5,1754,2018,2018-12-15,435600,2460,occupied,LSE-002483
PROP-00893,lorson-ranch,2892 Marigold Way,Colorado Springs,CO,80903,CTY-016,3,2.0,1622,2016,2016-04-20,445800,2530,occupied,LSE-002487
PROP-00894,lorson-ranch,9489 Quail Run Way,Colorado Springs,CO,80903,CTY-016,3,2.0,1758,2019,2019-07-04,453500,2515,occupied,LSE-002490
PROP-00895,lorson-ranch,4321 Juniper Path,Colorado Springs,CO,80903,CTY-016,4,2.5,2202,2018,2018-01-06,483500,2845,occupied,LSE-002494
PROP-00896,lorson-ranch,278 Dovetail Ct,Colorado Springs,CO,80903,CTY-016,3,2.5,1868,2020,2020-02-22,450000,2495,occupied,LSE-002498
PROP-00897,lorson-ranch,3623 Ironwood Cir,Colorado Springs,CO,80903,CTY-016,3,2.0,1954,2019,2019-10-26,383100,2585,occupied,LSE-002500
PROP-00898,lorson-ranch,7147 Sable Path,Colorado Springs,CO,80903,CTY-016,4,2.5,2116,2023,2023-10-14,538800,2845,occupied,LSE-002502
PROP-00899,lorson-ranch,1115 Marigold Trl,Colorado Springs,CO,80903,CTY-016,3,2.5,1507,2022,2022-07-12,359200,2455,occupied,LSE-002505
PROP-00900,lorson-ranch,4761 Bellflower Xing,Colorado Springs,CO,80903,CTY-016,4,2.5,1980,2022,2022-01-19,391600,2730,occupied,LSE-002508
PROP-00901,lorson-ranch,1991 Tanglewood Path,Colorado Springs,CO,80903,CTY-016,4,2.5,2416,2021,2021-12-26,495200,2795,vacant,
PROP-00902,lorson-ranch,4193 Willow Bend Ln,Colorado Springs,CO,80903,CTY-016,3,2.0,1784,2019,2019-07-16,461600,2525,occupied,LSE-002512
PROP-00903,lorson-ranch,8547 Bellflower Ct,Colorado Springs,CO,80903,CTY-016,3,2.0,1721,2023,2023-05-23,469600,2475,occupied,LSE-002514
PROP-00904,lorson-ranch,329 Windrose Way,Colorado Springs,CO,80903,CTY-016,3,2.0,1821,2018,2018-06-02,364800,2455,occupied,LSE-002516
PROP-00905,lorson-ranch,9863 Magnolia Way,Colorado Springs,CO,80903,CTY-016,3,2.0,1870,2019,2019-03-18,402900,2500,occupied,LSE-002518
PROP-00906,lorson-ranch,5386 Wren Hollow Dr,Colorado Springs,CO,80903,CTY-016,3,2.5,1929,2023,2023-03-24,415500,2510,occupied,LSE-002521
PROP-00907,lorson-ranch,757 Silver Oak Path,Colorado Springs,CO,80903,CTY-016,3,2.0,1888,2023,2023-12-02,439900,2525,occupied,LSE-002523
PROP-00908,lorson-ranch,7025 Hawthorn Trl,Colorado Springs,CO,80903,CTY-016,4,3.0,2270,2024,2024-12-02,432500,2865,occupied,LSE-002524
PROP-00909,lorson-ranch,8349 Cypress Path,Colorado Springs,CO,80903,CTY-016,4,3.0,2133,2022,2022-05-10,458900,2830,occupied,LSE-002527
PROP-00910,lorson-ranch,3120 Magnolia Path,Colorado Springs,CO,80903,CTY-016,4,2.5,2570,2017,2017-02-07,519900,2860,occupied,LSE-002531
PROP-00911,lorson-ranch,8522 Larkspur Path,Colorado Springs,CO,80903,CTY-016,4,2.5,2670,2024,2024-11-21,452500,2795,occupied,LSE-002533
PROP-00912,lorson-ranch,3290 Wren Hollow Ln,Colorado Springs,CO,80903,CTY-016,3,2.5,1986,2021,2021-03-26,396300,2475,occupied,LSE-002536
PROP-00913,lorson-ranch,4328 Blue Heron Ln,Colorado Springs,CO,80903,CTY-016,3,2.0,1816,2024,2024-01-06,378800,2485,vacant,
PROP-00914,lorson-ranch,2098 Cypress Ln,Colorado Springs,CO,80903,CTY-016,3,2.5,2163,2019,2019-12-15,383100,2595,occupied,LSE-002542
PROP-00915,lorson-ranch,3991 Juniper Path,Colorado Springs,CO,80903,CTY-016,4,2.5,2563,2020,2020-12-08,394300,2790,occupied,LSE-002545
PROP-00916,lorson-ranch,212 Bellflower Ct,Colorado Springs,CO,80903,CTY-016,3,2.0,2005,2021,2021-01-18,477400,2560,occupied,LSE-002548
PROP-00917,lorson-ranch,7593 Magnolia Ln,Colorado Springs,CO,80903,CTY-016,4,3.0,2348,2016,2016-03-28,431700,2900,occupied,LSE-002552
PROP-00918,lorson-ranch,7713 Ironwood Ln,Colorado Springs,CO,80903,CTY-016,4,3.0,2421,2017,2017-05-08,494700,2790,occupied,LSE-002556
PROP-00919,lorson-ranch,2411 Magnolia Path,Colorado Springs,CO,80903,CTY-016,3,2.0,1867,2022,2022-02-28,405400,2545,occupied,LSE-002559
PROP-00920,lorson-ranch,6534 Magnolia Way,Colorado Springs,CO,80903,CTY-016,4,2.5,2189,2024,2024-08-18,500900,2845,occupied,LSE-002561
PROP-00921,lorson-ranch,1049 Redbud Ln,Colorado Springs,CO,80903,CTY-016,4,3.0,2269,2021,2021-07-24,472700,2750,occupied,LSE-002564
PROP-00922,lorson-ranch,8262 Larkspur Cir,Colorado Springs,CO,80903,CTY-016,4,2.5,2368,2019,2019-08-15,533200,2855,occupied,LSE-002567
PROP-00923,lorson-ranch,5048 Quail Run Xing,Colorado Springs,CO,80903,CTY-016,4,2.5,2409,2019,2019-07-06,489600,2915,occupied,LSE-002571
PROP-00924,lorson-ranch,913 Wren Hollow Xing,Colorado Springs,CO,80903,CTY-016,4,2.5,2418,2023,2023-03-25,508500,2815,occupied,LSE-002574
PROP-00925,lorson-ranch,3050 Redbud Way,Colorado Springs,CO,80903,CTY-016,4,2.5,2448,2018,2018-06-15,533800,2825,occupied,LSE-002577
PROP-00926,lorson-ranch,4668 Bellflower Dr,Colorado Springs,CO,80903,CTY-016,3,2.5,1669,2018,2018-12-14,431600,2465,occupied,LSE-002579
PROP-00927,lorson-ranch,8508 Quail Run Trl,Colorado Springs,CO,80903,CTY-016,3,2.5,2038,2019,2019-11-01,434900,2580,occupied,LSE-002582
PROP-00928,lorson-ranch,5926 Dovetail Path,Colorado Springs,CO,80903,CTY-016,3,2.0,2047,2019,2019-04-08,467300,2520,occupied,LSE-002586
PROP-00929,lorson-ranch,1864 Sable Path,Colorado Springs,CO,80903,CTY-016,4,2.5,2190,2023,2023-06-16,519700,2745,occupied,LSE-002588
PROP-00930,lorson-ranch,9817 Summit Xing,Colorado Springs,CO,80903,CTY-016,4,3.0,2302,2023,2023-03-12,479400,2835,occupied,LSE-002591
PROP-00931,lorson-ranch,537 Quail Run Trl,Colorado Springs,CO,80903,CTY-016,3,2.5,2032,2017,2017-08-07,489300,2595,occupied,LSE-002595
PROP-00932,lorson-ranch,7750 Wren Hollow Way,Colorado Springs,CO,80903,CTY-016,4,3.0,2620,2024,2024-01-08,522400,2815,occupied,LSE-002597
PROP-00933,lorson-ranch,5159 Larkspur Path,Colorado Springs,CO,80903,CTY-016,4,3.0,2254,2021,2021-03-12,464800,2755,occupied,LSE-002599
PROP-00934,lorson-ranch,2805 Ironwood Way,Colorado Springs,CO,80903,CTY-016,3,2.0,1935,2024,2024-03-04,369800,2515,occupied,LSE-002601
PROP-00935,lorson-ranch,9015 Magnolia Ct,Colorado Springs,CO,80903,CTY-016,4,3.0,2480,2018,2018-06-19,505300,2800,occupied,LSE-002605
PROP-00936,lorson-ranch,9693 Windrose Trl,Colorado Springs,CO,80903,CTY-016,4,3.0,2247,2024,2024-06-18,472800,2765,vacant,
PROP-00937,lorson-ranch,7843 Wren Hollow Dr,Colorado Springs,CO,80903,CTY-016,4,2.5,2484,2018,2018-10-08,497100,2820,occupied,LSE-002609
PROP-00938,lorson-ranch,6997 Quail Run Cir,Colorado Springs,CO,80903,CTY-016,4,2.5,2421,2021,2021-02-09,409900,2850,occupied,LSE-002613
PROP-00939,lorson-ranch,7406 Blue Heron Xing,Colorado Springs,CO,80903,CTY-016,4,3.0,2624,2018,2018-02-07,455900,2845,occupied,LSE-002616
PROP-00940,lorson-ranch,3978 Blue Heron Cir,Colorado Springs,CO,80903,CTY-016,3,2.0,1697,2023,2023-05-03,381300,2515,occupied,LSE-002619
PROP-00941,lorson-ranch,9833 Magnolia Xing,Colorado Springs,CO,80903,CTY-016,4,3.0,2640,2024,2024-10-02,447000,2825,occupied,LSE-002621
PROP-00942,lorson-ranch,9546 Quail Run Ln,Colorado Springs,CO,80903,CTY-016,4,3.0,2090,2019,2019-12-08,496300,2855,occupied,LSE-002623
PROP-00943,lorson-ranch,8624 Windrose Ln,Colorado Springs,CO,80903,CTY-016,4,3.0,2532,2017,2017-05-06,436200,2925,occupied,LSE-002626
PROP-00944,lorson-ranch,8367 Marigold Ct,Colorado Springs,CO,80903,CTY-016,3,2.0,1591,2022,2022-04-11,437400,2450,occupied,LSE-002629
PROP-00945,lorson-ranch,7499 Ironwood Dr,Colorado Springs,CO,80903,CTY-016,4,2.5,2440,2020,2020-01-03,454500,2835,occupied,LSE-002632
PROP-00946,lorson-ranch,5088 Cypress Trl,Colorado Springs,CO,80903,CTY-016,3,2.0,1959,2020,2020-03-22,429300,2480,occupied,LSE-002635
PROP-00947,lorson-ranch,9056 Dovetail Path,Colorado Springs,CO,80903,CTY-016,4,2.5,2372,2019,2019-04-03,487300,2905,occupied,LSE-002638
PROP-00948,lorson-ranch,5318 Cypress Ct,Colorado Springs,CO,80903,CTY-016,3,2.0,1741,2016,2016-05-22,465700,2525,occupied,LSE-002641
PROP-00949,lorson-ranch,7011 Sable Ln,Colorado Springs,CO,80903,CTY-016,4,3.0,1993,2018,2018-02-17,447700,2805,occupied,LSE-002643
PROP-00950,lorson-ranch,8633 Redbud Path,Colorado Springs,CO,80903,CTY-016,3,2.0,1852,2022,2022-02-17,440900,2595,occupied,LSE-002645
PROP-00951,lorson-ranch,4524 Windrose Dr,Colorado Springs,CO,80903,CTY-016,3,2.5,1578,2023,2023-05-06,427500,2460,occupied,LSE-002647
PROP-00952,murphy-creek,4635 Willow Bend Xing,Aurora,CO,80010,CTY-015,4,3.0,2318,2023,2023-03-25,621200,3570,occupied,LSE-002650
PROP-00953,murphy-creek,4915 Juniper Cir,Aurora,CO,80010,CTY-015,3,2.0,1985,2018,2018-09-28,556000,3350,occupied,LSE-002653
PROP-00954,murphy-creek,2666 Ironwood Ln,Aurora,CO,80010,CTY-015,4,3.0,2421,2022,2022-10-12,556500,3705,occupied,LSE-002655
PROP-00955,murphy-creek,1973 Willow Bend Way,Aurora,CO,80010,CTY-015,3,2.0,1855,2018,2018-07-22,558500,3265,occupied,LSE-002658
PROP-00956,murphy-creek,3818 Magnolia Ln,Aurora,CO,80010,CTY-015,4,2.5,2080,2020,2020-03-13,573900,3515,occupied,LSE-002660
PROP-00957,murphy-creek,9887 Bellflower Way,Aurora,CO,80010,CTY-015,4,2.5,2392,2021,2021-03-25,580700,3630,occupied,LSE-002664
PROP-00958,murphy-creek,5252 Bellflower Way,Aurora,CO,80010,CTY-015,4,2.5,2105,2020,2020-05-14,593400,3520,occupied,LSE-002668
PROP-00959,murphy-creek,6110 Quail Run Cir,Aurora,CO,80010,CTY-015,4,3.0,2070,2023,2023-07-05,488300,3485,occupied,LSE-002670
PROP-00960,murphy-creek,9439 Summit Path,Aurora,CO,80010,CTY-015,3,2.0,1579,2023,2023-01-16,472900,3220,occupied,LSE-002673
PROP-00961,murphy-creek,8137 Blue Heron Ln,Aurora,CO,80010,CTY-015,4,3.0,2380,2020,2020-08-17,655900,3680,occupied,LSE-002676
PROP-00962,murphy-creek,8595 Dovetail Ct,Aurora,CO,80010,CTY-015,4,2.5,2358,2018,2018-09-12,684200,3710,occupied,LSE-002679
PROP-00963,murphy-creek,6557 Summit Trl,Aurora,CO,80010,CTY-015,4,2.5,2349,2016,2016-06-14,566400,3725,turn,
PROP-00964,murphy-creek,8101 Windrose Cir,Aurora,CO,80010,CTY-015,3,2.0,2078,2022,2022-08-25,606600,3335,occupied,LSE-002685
PROP-00965,murphy-creek,4307 Hawthorn Cir,Aurora,CO,80010,CTY-015,3,2.0,2133,2016,2016-07-03,499800,3285,occupied,LSE-002687
PROP-00966,murphy-creek,5231 Windrose Ln,Aurora,CO,80010,CTY-015,3,2.0,1724,2016,2016-02-06,482400,3170,occupied,LSE-002690
PROP-00967,murphy-creek,2646 Larkspur Ln,Aurora,CO,80010,CTY-015,4,3.0,2172,2018,2018-05-27,523400,3575,occupied,LSE-002693
PROP-00968,murphy-creek,2540 Bellflower Way,Aurora,CO,80010,CTY-015,4,2.5,2548,2021,2021-05-15,594700,3735,occupied,LSE-002696
PROP-00969,murphy-creek,3530 Sable Ct,Aurora,CO,80010,CTY-015,4,2.5,2672,2022,2022-10-02,656800,3685,occupied,LSE-002699
PROP-00970,murphy-creek,5379 Bellflower Trl,Aurora,CO,80010,CTY-015,3,2.0,2051,2017,2017-02-27,590000,3310,occupied,LSE-002702
PROP-00971,murphy-creek,320 Windrose Dr,Aurora,CO,80010,CTY-015,3,2.0,1556,2019,2019-08-10,589900,3175,occupied,LSE-002705
PROP-00972,murphy-creek,6048 Larkspur Ct,Aurora,CO,80010,CTY-015,3,2.0,1774,2024,2024-06-09,620300,3325,occupied,LSE-002707
PROP-00973,murphy-creek,1320 Quail Run Trl,Aurora,CO,80010,CTY-015,4,2.5,2458,2024,2024-06-04,617400,3775,vacant,
PROP-00974,murphy-creek,2127 Summit Xing,Aurora,CO,80010,CTY-015,4,2.5,2534,2021,2021-09-08,552400,3760,occupied,LSE-002711
PROP-00975,murphy-creek,350 Redbud Way,Aurora,CO,80010,CTY-015,4,3.0,2599,2018,2018-12-14,713500,3780,occupied,LSE-002714
PROP-00976,murphy-creek,7039 Redbud Path,Aurora,CO,80010,CTY-015,3,2.0,1934,2017,2017-11-08,553500,3235,occupied,LSE-002716
PROP-00977,murphy-creek,1370 Redbud Trl,Aurora,CO,80010,CTY-015,3,2.0,1996,2019,2019-06-01,531000,3260,occupied,LSE-002718
PROP-00978,murphy-creek,9663 Copper Creek Trl,Aurora,CO,80010,CTY-015,4,2.5,2561,2021,2021-12-23,588300,3800,occupied,LSE-002720
PROP-00979,becker-fields,6663 Cypress Ln,Hockley,TX,77447,CTY-017,4,2.5,2499,2019,2019-06-07,388900,2390,occupied,LSE-002723
PROP-00980,becker-fields,2398 Sable Xing,Hockley,TX,77447,CTY-017,3,2.0,2053,2021,2021-06-10,330800,2135,occupied,LSE-002726
PROP-00981,becker-fields,2837 Larkspur Ln,Hockley,TX,77447,CTY-017,3,2.0,1791,2017,2017-11-14,293800,2045,occupied,LSE-002729
PROP-00982,becker-fields,4751 Ironwood Xing,Hockley,TX,77447,CTY-017,3,2.5,1695,2019,2019-10-15,351800,2065,occupied,LSE-002732
PROP-00983,becker-fields,3334 Sable Trl,Hockley,TX,77447,CTY-017,3,2.0,1958,2016,2016-05-13,350800,2150,occupied,LSE-002734
PROP-00984,becker-fields,1320 Bellflower Ct,Hockley,TX,77447,CTY-017,3,2.5,2076,2024,2024-07-22,303900,2090,occupied,LSE-002736
PROP-00985,becker-fields,951 Wren Hollow Dr,Hockley,TX,77447,CTY-017,4,2.5,2395,2021,2021-05-23,356400,2305,occupied,LSE-002738
PROP-00986,becker-fields,572 Redbud Path,Hockley,TX,77447,CTY-017,3,2.5,1864,2023,2023-07-16,308800,2145,vacant,
PROP-00987,becker-fields,7348 Larkspur Trl,Hockley,TX,77447,CTY-017,3,2.0,1724,2021,2021-09-12,339100,2040,vacant,
PROP-00988,becker-fields,5260 Sable Ln,Hockley,TX,77447,CTY-017,3,2.0,2025,2016,2016-07-23,337400,2145,occupied,LSE-002747
PROP-00989,becker-fields,350 Summit Dr,Hockley,TX,77447,CTY-017,3,2.0,1756,2024,2024-04-08,288000,2055,occupied,LSE-002750
PROP-00990,becker-fields,4010 Summit Trl,Hockley,TX,77447,CTY-017,3,2.0,1937,2023,2023-05-13,321300,2090,occupied,LSE-002752
PROP-00991,becker-fields,564 Ironwood Dr,Hockley,TX,77447,CTY-017,4,2.5,2753,2019,2019-04-23,380300,2375,occupied,LSE-002756
PROP-00992,becker-fields,4194 Blue Heron Way,Hockley,TX,77447,CTY-017,3,2.5,1797,2017,2017-06-10,375200,2105,occupied,LSE-002759
PROP-00993,becker-fields,3251 Windrose Dr,Hockley,TX,77447,CTY-017,4,2.5,2562,2020,2020-10-09,371200,2315,occupied,LSE-002761
PROP-00994,becker-fields,4858 Hawthorn Trl,Hockley,TX,77447,CTY-017,4,2.5,2358,2016,2016-07-15,429600,2365,occupied,LSE-002764
PROP-00995,becker-fields,9016 Copper Creek Ln,Hockley,TX,77447,CTY-017,3,2.5,1522,2020,2020-11-05,304100,2075,occupied,LSE-002766
PROP-00996,becker-fields,647 Juniper Ct,Hockley,TX,77447,CTY-017,4,2.5,2427,2021,2021-12-19,425300,2425,occupied,LSE-002769
PROP-00997,becker-fields,8519 Larkspur Trl,Hockley,TX,77447,CTY-017,3,2.5,1631,2019,2019-12-18,295000,2050,occupied,LSE-002771
PROP-00998,becker-fields,8656 Magnolia Xing,Hockley,TX,77447,CTY-017,3,2.0,2299,2017,2017-06-18,391100,2140,occupied,LSE-002773
PROP-00999,becker-fields,7352 Silver Oak Ct,Hockley,TX,77447,CTY-017,4,2.5,2615,2023,2023-08-09,350400,2450,occupied,LSE-002775
PROP-01000,becker-fields,6925 Redbud Ct,Hockley,TX,77447,CTY-017,3,2.5,2067,2016,2016-07-12,353800,2065,occupied,LSE-002779
PROP-01001,becker-fields,1846 Larkspur Path,Hockley,TX,77447,CTY-017,4,3.0,2303,2022,2022-10-14,339500,2395,occupied,LSE-002782
PROP-01002,becker-fields,3278 Bellflower Xing,Hockley,TX,77447,CTY-017,3,2.0,1872,2018,2018-08-01,318900,2150,occupied,LSE-002784
PROP-01003,becker-fields,4301 Juniper Cir,Hockley,TX,77447,CTY-017,4,3.0,2543,2018,2018-01-03,346200,2445,occupied,LSE-002787
PROP-01004,becker-fields,494 Marigold Path,Hockley,TX,77447,CTY-017,4,2.5,2286,2020,2020-02-06,331700,2310,occupied,LSE-002791
PROP-01005,becker-fields,3678 Summit Way,Hockley,TX,77447,CTY-017,4,2.5,2284,2020,2020-08-10,402800,2305,occupied,LSE-002793
PROP-01006,becker-fields,5232 Summit Path,Hockley,TX,77447,CTY-017,3,2.0,1869,2024,2024-11-10,371500,2120,occupied,LSE-002795
PROP-01007,becker-fields,2997 Copper Creek Ln,Hockley,TX,77447,CTY-017,4,2.5,2500,2020,2020-04-27,431000,2375,occupied,LSE-002798
PROP-01008,becker-fields,8802 Summit Path,Hockley,TX,77447,CTY-017,3,2.0,1642,2023,2023-01-01,354900,2090,occupied,LSE-002801
PROP-01009,becker-fields,3361 Windrose Cir,Hockley,TX,77447,CTY-017,3,2.5,1662,2018,2018-11-23,315000,2075,occupied,LSE-002804
PROP-01010,becker-fields,3993 Hawthorn Ln,Hockley,TX,77447,CTY-017,3,2.0,1900,2021,2021-09-28,360100,2075,occupied,LSE-002807
PROP-01011,becker-fields,1152 Dovetail Trl,Hockley,TX,77447,CTY-017,4,3.0,2504,2017,2017-08-15,353500,2315,occupied,LSE-002809
PROP-01012,becker-fields,9851 Wren Hollow Xing,Hockley,TX,77447,CTY-017,4,2.5,2251,2024,2024-10-21,350800,2400,occupied,LSE-002810
PROP-01013,becker-fields,2695 Ironwood Ct,Hockley,TX,77447,CTY-017,4,2.5,2224,2018,2018-09-06,377000,2310,occupied,LSE-002813
PROP-01014,becker-fields,4641 Cypress Way,Hockley,TX,77447,CTY-017,4,2.5,2584,2018,2018-04-15,387600,2425,vacant,
PROP-01015,becker-fields,7345 Ironwood Path,Hockley,TX,77447,CTY-017,4,3.0,2265,2017,2017-02-10,348300,2320,occupied,LSE-002819
PROP-01016,becker-fields,4289 Summit Dr,Hockley,TX,77447,CTY-017,3,2.0,1755,2021,2021-10-18,288900,2045,occupied,LSE-002822
PROP-01017,becker-fields,9694 Summit Cir,Hockley,TX,77447,CTY-017,4,2.5,2711,2020,2020-08-02,381300,2380,occupied,LSE-002825
PROP-01018,becker-fields,7355 Marigold Ln,Hockley,TX,77447,CTY-017,4,2.5,2324,2017,2017-02-03,418300,2410,occupied,LSE-002828
PROP-01019,becker-fields,9456 Bellflower Cir,Hockley,TX,77447,CTY-017,3,2.5,1995,2020,2020-07-20,373900,2095,occupied,LSE-002831
PROP-01020,becker-fields,5568 Summit Trl,Hockley,TX,77447,CTY-017,3,2.5,1941,2019,2019-11-27,327100,2085,occupied,LSE-002834
PROP-01021,becker-fields,6064 Cypress Ct,Hockley,TX,77447,CTY-017,4,2.5,2402,2018,2018-04-28,406400,2405,vacant,
PROP-01022,becker-fields,4475 Bellflower Cir,Hockley,TX,77447,CTY-017,4,2.5,2735,2021,2021-03-16,405300,2365,vacant,
PROP-01023,becker-fields,3356 Summit Ct,Hockley,TX,77447,CTY-017,3,2.5,1772,2022,2022-02-25,329800,2100,occupied,LSE-002842
PROP-01024,becker-fields,7379 Marigold Ct,Hockley,TX,77447,CTY-017,4,2.5,2235,2020,2020-11-04,355100,2270,occupied,LSE-002845
PROP-01025,becker-fields,5484 Redbud Ln,Hockley,TX,77447,CTY-017,3,2.5,1704,2023,2023-05-18,325700,2140,occupied,LSE-002847
PROP-01026,becker-fields,2566 Larkspur Ln,Hockley,TX,77447,CTY-017,4,2.5,2571,2021,2021-10-21,373800,2440,occupied,LSE-002850
PROP-01027,becker-fields,2845 Tanglewood Ln,Hockley,TX,77447,CTY-017,4,3.0,2349,2017,2017-10-28,375800,2355,occupied,LSE-002854
PROP-01028,becker-fields,3934 Bellflower Trl,Hockley,TX,77447,CTY-017,3,2.0,1757,2020,2020-05-06,345500,2040,occupied,LSE-002858
PROP-01029,becker-fields,1666 Redbud Dr,Hockley,TX,77447,CTY-017,3,2.0,1996,2017,2017-09-01,410900,2180,occupied,LSE-002860
PROP-01030,becker-fields,9676 Willow Bend Way,Hockley,TX,77447,CTY-017,3,2.0,1835,2024,2024-09-22,302700,2135,occupied,LSE-002861
PROP-01031,cielo,1019 Sable Way,Conroe,TX,77301,CTY-018,5,3.0,2975,2020,2020-03-12,359600,2305,occupied,LSE-002866
PROP-01032,cielo,1726 Redbud Dr,Conroe,TX,77301,CTY-018,5,3.0,2927,2020,2020-12-04,438300,2325,occupied,LSE-002868
PROP-01033,cielo,3446 Larkspur Xing,Conroe,TX,77301,CTY-018,5,3.5,3004,2019,2019-12-14,418500,2290,occupied,LSE-002871
PROP-01034,cielo,7552 Wren Hollow Dr,Conroe,TX,77301,CTY-018,5,3.0,2666,2016,2016-02-11,415300,2345,occupied,LSE-002873
PROP-01035,cielo,6499 Quail Run Trl,Conroe,TX,77301,CTY-018,5,3.5,2676,2020,2020-10-02,342400,2280,occupied,LSE-002876
PROP-01036,cielo,3347 Copper Creek Way,Conroe,TX,77301,CTY-018,5,3.5,2984,2023,2023-01-13,418300,2320,vacant,
PROP-01037,cielo,7481 Cypress Ct,Conroe,TX,77301,CTY-018,5,3.0,2782,2024,2024-08-20,369500,2260,occupied,LSE-002879
PROP-01038,cielo,8350 Willow Bend Xing,Conroe,TX,77301,CTY-018,5,3.5,3197,2017,2017-09-21,348700,2305,occupied,LSE-002882
PROP-01039,cielo,9355 Hawthorn Trl,Conroe,TX,77301,CTY-018,5,3.5,2854,2019,2019-07-16,320800,2275,occupied,LSE-002884
PROP-01040,cielo,2120 Bellflower Xing,Conroe,TX,77301,CTY-018,5,3.0,2651,2023,2023-07-12,384500,2260,occupied,LSE-002887
PROP-01041,cielo,5222 Silver Oak Trl,Conroe,TX,77301,CTY-018,5,3.0,3180,2018,2018-04-24,429700,2345,occupied,LSE-002890
PROP-01042,cielo,943 Willow Bend Cir,Conroe,TX,77301,CTY-018,5,3.0,2959,2021,2021-08-24,418300,2295,turn,
PROP-01043,cielo,1023 Silver Oak Path,Conroe,TX,77301,CTY-018,5,3.5,2710,2022,2022-01-06,346800,2280,occupied,LSE-002895
PROP-01044,cielo,4039 Redbud Path,Conroe,TX,77301,CTY-018,5,3.0,2822,2017,2017-09-17,388500,2370,occupied,LSE-002898
PROP-01045,cielo,6768 Ironwood Way,Conroe,TX,77301,CTY-018,5,3.5,2773,2021,2021-12-17,443500,2355,occupied,LSE-002900
PROP-01046,cielo,4769 Redbud Way,Conroe,TX,77301,CTY-018,5,3.0,2741,2019,2019-03-06,417400,2250,occupied,LSE-002903
PROP-01047,cielo,4475 Blue Heron Dr,Conroe,TX,77301,CTY-018,5,3.5,3058,2018,2018-10-10,390400,2395,occupied,LSE-002905
PROP-01048,cielo,8974 Blue Heron Path,Conroe,TX,77301,CTY-018,5,3.0,2858,2024,2024-04-22,399900,2275,occupied,LSE-002907
PROP-01049,cielo,3737 Summit Trl,Conroe,TX,77301,CTY-018,5,3.0,3277,2020,2020-08-25,405500,2320,occupied,LSE-002909
PROP-01050,cielo,4547 Willow Bend Ln,Conroe,TX,77301,CTY-018,5,3.5,2712,2023,2023-09-05,415200,2225,occupied,LSE-002912
PROP-01051,cielo,1215 Windrose Trl,Conroe,TX,77301,CTY-018,5,3.5,2809,2016,2016-08-08,377500,2270,occupied,LSE-002914
PROP-01052,cielo,2000 Tanglewood Xing,Conroe,TX,77301,CTY-018,5,3.5,2891,2019,2019-08-09,408900,2260,occupied,LSE-002918
PROP-01053,cielo,7492 Ironwood Way,Conroe,TX,77301,CTY-018,5,3.5,2805,2023,2023-09-07,436400,2350,occupied,LSE-002921
PROP-01054,cielo,2489 Quail Run Dr,Conroe,TX,77301,CTY-018,5,3.5,2686,2018,2018-02-19,333400,2245,occupied,LSE-002925
PROP-01055,cielo,7804 Windrose Path,Conroe,TX,77301,CTY-018,5,3.5,2934,2016,2016-09-19,391800,2305,occupied,LSE-002927
PROP-01056,cielo,9339 Bellflower Trl,Conroe,TX,77301,CTY-018,5,3.0,3138,2019,2019-05-15,428700,2305,occupied,LSE-002929
PROP-01057,cielo,5941 Copper Creek Path,Conroe,TX,77301,CTY-018,5,3.0,3140,2019,2019-02-25,424700,2295,occupied,LSE-002932
PROP-01058,cielo,3391 Marigold Way,Conroe,TX,77301,CTY-018,5,3.0,2839,2020,2020-10-19,340800,2250,occupied,LSE-002934
PROP-01059,fountain-park,1424 Marigold Path,Stafford,TX,77477,CTY-019,3,2.0,1984,2021,2021-10-14,519900,2900,occupied,LSE-002937
PROP-01060,fountain-park,6608 Silver Oak Path,Stafford,TX,77477,CTY-019,3,2.0,2150,2019,2019-07-10,559900,2975,occupied,LSE-002940
PROP-01061,fountain-park,261 Sable Trl,Stafford,TX,77477,CTY-019,3,2.0,1677,2022,2022-04-11,428500,2830,occupied,LSE-002942
PROP-01062,fountain-park,2249 Dovetail Trl,Stafford,TX,77477,CTY-019,3,2.5,1650,2018,2018-05-25,482300,2800,vacant,
PROP-01063,fountain-park,106 Dovetail Ln,Stafford,TX,77477,CTY-019,3,2.0,2028,2021,2021-07-21,489500,2890,occupied,LSE-002947
PROP-01064,fountain-park,8188 Windrose Ct,Stafford,TX,77477,CTY-019,3,2.5,1585,2017,2017-11-12,432100,2840,occupied,LSE-002950
PROP-01065,fountain-park,7125 Ironwood Way,Stafford,TX,77477,CTY-019,3,2.5,1776,2017,2017-04-15,451600,2955,vacant,
PROP-01066,fountain-park,1872 Summit Ln,Stafford,TX,77477,CTY-019,3,2.0,1995,2021,2021-04-19,532700,2865,occupied,LSE-002955
PROP-01067,fountain-park,3440 Larkspur Way,Stafford,TX,77477,CTY-019,3,2.0,2114,2021,2021-11-15,449800,2870,occupied,LSE-002958
PROP-01068,fountain-park,3249 Larkspur Trl,Stafford,TX,77477,CTY-019,3,2.0,1752,2023,2023-03-18,506400,2825,occupied,LSE-002961
PROP-01069,fountain-park,5027 Ironwood Trl,Stafford,TX,77477,CTY-019,3,2.0,2062,2018,2018-07-25,514300,2955,occupied,LSE-002963
PROP-01070,fountain-park,7359 Ironwood Dr,Stafford,TX,77477,CTY-019,3,2.0,2036,2023,2023-05-12,411200,2875,occupied,LSE-002966
PROP-01071,fountain-park,7604 Redbud Ln,Stafford,TX,77477,CTY-019,3,2.0,1949,2022,2022-03-14,512000,2925,occupied,LSE-002968
PROP-01072,fountain-park,3327 Marigold Ct,Stafford,TX,77477,CTY-019,3,2.0,1510,2023,2023-05-19,422600,2855,occupied,LSE-002970
PROP-01073,fountain-park,2274 Windrose Ct,Stafford,TX,77477,CTY-019,3,2.0,1781,2023,2023-12-02,435800,2905,occupied,LSE-002972
PROP-01074,fountain-park,6860 Juniper Ln,Stafford,TX,77477,CTY-019,3,2.5,1788,2021,2021-08-28,469100,2870,occupied,LSE-002975
PROP-01075,fountain-park,4153 Quail Run Trl,Stafford,TX,77477,CTY-019,3,2.0,1657,2022,2022-11-13,413400,2780,occupied,LSE-002978
PROP-01076,fountain-park,9709 Marigold Xing,Stafford,TX,77477,CTY-019,3,2.0,1724,2019,2019-11-21,451300,2860,occupied,LSE-002982
PROP-01077,magnolia-springs,8217 Wren Hollow Ln,Montgomery,TX,77356,CTY-018,3,2.0,1724,2020,2020-11-18,423400,2265,occupied,LSE-002984
PROP-01078,magnolia-springs,6962 Blue Heron Cir,Montgomery,TX,77356,CTY-018,4,2.5,2242,2022,2022-01-02,417200,2580,turn,
PROP-01079,magnolia-springs,1624 Windrose Path,Montgomery,TX,77356,CTY-018,3,2.0,1606,2018,2018-11-23,421300,2350,occupied,LSE-002991
PROP-01080,magnolia-springs,6610 Ironwood Cir,Montgomery,TX,77356,CTY-018,3,2.0,1977,2020,2020-01-25,455500,2410,occupied,LSE-002994
PROP-01081,magnolia-springs,5817 Bellflower Cir,Montgomery,TX,77356,CTY-018,3,2.0,1693,2017,2017-03-01,434700,2355,occupied,LSE-002996
PROP-01082,magnolia-springs,810 Quail Run Trl,Montgomery,TX,77356,CTY-018,4,3.0,2373,2022,2022-09-20,374900,2640,occupied,LSE-002999
PROP-01083,magnolia-springs,7985 Copper Creek Cir,Montgomery,TX,77356,CTY-018,4,2.5,2123,2024,2024-01-10,421800,2560,occupied,LSE-003001
PROP-01084,magnolia-springs,5987 Wren Hollow Cir,Montgomery,TX,77356,CTY-018,4,2.5,2503,2018,2018-03-02,422600,2675,occupied,LSE-003003
PROP-01085,magnolia-springs,3988 Cypress Way,Montgomery,TX,77356,CTY-018,3,2.0,2034,2017,2017-05-19,450200,2395,occupied,LSE-003006
PROP-01086,magnolia-springs,3461 Willow Bend Cir,Montgomery,TX,77356,CTY-018,4,2.5,2396,2020,2020-03-03,473800,2630,occupied,LSE-003009
PROP-01087,magnolia-springs,4780 Cypress Trl,Montgomery,TX,77356,CTY-018,3,2.0,1499,2018,2018-05-01,391600,2335,occupied,LSE-003012
PROP-01088,magnolia-springs,1965 Copper Creek Ct,Montgomery,TX,77356,CTY-018,3,2.5,1802,2024,2024-08-10,346900,2365,occupied,LSE-003014
PROP-01089,magnolia-springs,6611 Magnolia Path,Montgomery,TX,77356,CTY-018,4,3.0,2253,2020,2020-09-28,372400,2570,occupied,LSE-003017
PROP-01090,magnolia-springs,181 Magnolia Trl,Montgomery,TX,77356,CTY-018,4,2.5,2362,2024,2024-04-12,462200,2635,occupied,LSE-003019
PROP-01091,magnolia-springs,2134 Quail Run Trl,Montgomery,TX,77356,CTY-018,4,3.0,2272,2020,2020-01-01,486200,2630,occupied,LSE-003022
PROP-01092,magnolia-springs,4184 Bellflower Path,Montgomery,TX,77356,CTY-018,3,2.0,1937,2020,2020-11-11,430800,2310,occupied,LSE-003024
PROP-01093,magnolia-springs,2983 Cypress Way,Montgomery,TX,77356,CTY-018,3,2.0,1793,2023,2023-10-17,345300,2405,occupied,LSE-003026
PROP-01094,magnolia-springs,3789 Marigold Way,Montgomery,TX,77356,CTY-018,4,2.5,2560,2022,2022-01-26,424000,2720,occupied,LSE-003030
PROP-01095,magnolia-springs,7645 Copper Creek Dr,Montgomery,TX,77356,CTY-018,4,2.5,2319,2021,2021-09-04,408200,2610,occupied,LSE-003034
PROP-01096,magnolia-springs,2231 Magnolia Ln,Montgomery,TX,77356,CTY-018,4,2.5,2332,2024,2024-07-14,415200,2575,occupied,LSE-003036
PROP-01097,magnolia-springs,868 Silver Oak Trl,Montgomery,TX,77356,CTY-018,3,2.5,1881,2021,2021-06-05,436500,2365,occupied,LSE-003040
PROP-01098,magnolia-springs,8596 Quail Run Dr,Montgomery,TX,77356,CTY-018,4,2.5,2524,2019,2019-04-16,403100,2650,vacant,
PROP-01099,magnolia-springs,358 Cypress Xing,Montgomery,TX,77356,CTY-018,3,2.5,1825,2022,2022-08-04,412600,2400,occupied,LSE-003044
PROP-01100,magnolia-springs,4699 Copper Creek Trl,Montgomery,TX,77356,CTY-018,3,2.0,1764,2016,2016-12-10,347000,2285,occupied,LSE-003047
PROP-01101,magnolia-springs,4286 Summit Dr,Montgomery,TX,77356,CTY-018,4,2.5,2127,2018,2018-06-09,440000,2635,occupied,LSE-003050
PROP-01102,magnolia-springs,1497 Sable Cir,Montgomery,TX,77356,CTY-018,4,3.0,2426,2020,2020-01-05,460400,2615,occupied,LSE-003053
PROP-01103,magnolia-springs,3628 Juniper Dr,Montgomery,TX,77356,CTY-018,3,2.0,1934,2021,2021-03-11,428500,2375,occupied,LSE-003056
PROP-01104,magnolia-springs,1964 Silver Oak Path,Montgomery,TX,77356,CTY-018,3,2.0,2075,2024,2024-06-22,355200,2400,vacant,
PROP-01105,magnolia-springs,1904 Sable Cir,Montgomery,TX,77356,CTY-018,3,2.0,1943,2023,2023-09-12,328600,2325,occupied,LSE-003060
PROP-01106,magnolia-springs,8808 Silver Oak Trl,Montgomery,TX,77356,CTY-018,4,3.0,2288,2024,2024-02-25,461000,2645,occupied,LSE-003062
PROP-01107,magnolia-springs,1117 Quail Run Xing,Montgomery,TX,77356,CTY-018,3,2.0,1852,2018,2018-07-25,388700,2285,occupied,LSE-003065
PROP-01108,magnolia-springs,4437 Quail Run Way,Montgomery,TX,77356,CTY-018,3,2.0,1632,2022,2022-02-09,404500,2370,occupied,LSE-003068
PROP-01109,magnolia-springs,5468 Magnolia Xing,Montgomery,TX,77356,CTY-018,3,2.0,1754,2019,2019-10-19,352600,2335,vacant,
PROP-01110,magnolia-springs,7085 Cypress Cir,Montgomery,TX,77356,CTY-018,3,2.5,1690,2018,2018-02-14,354100,2315,occupied,LSE-003074
PROP-01111,magnolia-springs,1657 Copper Creek Dr,Montgomery,TX,77356,CTY-018,3,2.5,2187,2017,2017-04-01,425800,2355,occupied,LSE-003077
PROP-01112,magnolia-springs,8749 Juniper Xing,Montgomery,TX,77356,CTY-018,4,2.5,2094,2024,2024-07-13,377400,2585,occupied,LSE-003079
PROP-01113,magnolia-springs,3717 Dovetail Ln,Montgomery,TX,77356,CTY-018,4,2.5,2600,2021,2021-12-14,424100,2710,occupied,LSE-003081
PROP-01114,magnolia-springs,6505 Hawthorn Cir,Montgomery,TX,77356,CTY-018,3,2.5,2204,2024,2024-03-28,393000,2375,occupied,LSE-003083
PROP-01115,magnolia-springs,8342 Larkspur Cir,Montgomery,TX,77356,CTY-018,3,2.0,2109,2022,2022-07-05,374200,2435,occupied,LSE-003086
PROP-01116,magnolia-springs,1660 Ironwood Dr,Montgomery,TX,77356,CTY-018,4,2.5,2285,2018,2018-09-10,477600,2690,occupied,LSE-003089
PROP-01117,magnolia-springs,771 Blue Heron Trl,Montgomery,TX,77356,CTY-018,4,2.5,2470,2024,2024-09-17,387500,2660,occupied,LSE-003091
PROP-01118,magnolia-springs,3568 Sable Cir,Montgomery,TX,77356,CTY-018,4,3.0,2480,2018,2018-02-02,400900,2650,occupied,LSE-003094
PROP-01119,magnolia-springs,6214 Willow Bend Xing,Montgomery,TX,77356,CTY-018,4,2.5,2335,2019,2019-05-28,381000,2600,occupied,LSE-003096
PROP-01120,magnolia-springs,2083 Marigold Path,Montgomery,TX,77356,CTY-018,3,2.5,1946,2022,2022-04-18,428400,2390,occupied,LSE-003100
PROP-01121,magnolia-springs,8376 Wren Hollow Xing,Montgomery,TX,77356,CTY-018,3,2.0,1731,2024,2024-01-10,392100,2285,occupied,LSE-003102
PROP-01122,magnolia-springs,7434 Silver Oak Dr,Montgomery,TX,77356,CTY-018,4,2.5,2036,2024,2024-12-14,461500,2600,occupied,LSE-003104
PROP-01123,magnolia-springs,4421 Bellflower Ct,Montgomery,TX,77356,CTY-018,3,2.0,1965,2024,2024-12-10,453300,2395,occupied,LSE-003106
PROP-01124,myrtle-gardens,542 Tanglewood Xing,Magnolia,TX,77355,CTY-018,4,2.5,2562,2019,2019-03-22,385400,2495,vacant,
PROP-01125,myrtle-gardens,5028 Copper Creek Xing,Magnolia,TX,77355,CTY-018,4,3.0,2209,2022,2022-04-25,384900,2420,occupied,LSE-003110
PROP-01126,myrtle-gardens,3327 Silver Oak Ct,Magnolia,TX,77355,CTY-018,4,3.0,2258,2017,2017-04-24,468700,2565,occupied,LSE-003113
PROP-01127,myrtle-gardens,1122 Wren Hollow Way,Magnolia,TX,77355,CTY-018,4,2.5,2476,2022,2022-12-10,381200,2605,vacant,
PROP-01128,myrtle-gardens,5424 Windrose Ct,Magnolia,TX,77355,CTY-018,4,3.0,2353,2018,2018-08-07,426100,2550,occupied,LSE-003119
PROP-01129,myrtle-gardens,5144 Windrose Xing,Magnolia,TX,77355,CTY-018,4,3.0,2265,2022,2022-12-20,423000,2525,occupied,LSE-003122
PROP-01130,myrtle-gardens,1328 Juniper Ln,Magnolia,TX,77355,CTY-018,4,2.5,2040,2023,2023-05-23,415100,2405,occupied,LSE-003125
PROP-01131,myrtle-gardens,5248 Wren Hollow Xing,Magnolia,TX,77355,CTY-018,4,3.0,2285,2022,2022-01-26,369700,2495,occupied,LSE-003127
PROP-01132,myrtle-gardens,2090 Windrose Path,Magnolia,TX,77355,CTY-018,4,2.5,2154,2020,2020-01-25,421100,2560,occupied,LSE-003130
PROP-01133,myrtle-gardens,2701 Summit Ln,Magnolia,TX,77355,CTY-018,4,3.0,2072,2020,2020-11-14,421000,2465,occupied,LSE-003134
PROP-01134,myrtle-gardens,982 Quail Run Path,Magnolia,TX,77355,CTY-018,4,2.5,2431,2018,2018-01-04,439500,2590,occupied,LSE-003137
PROP-01135,myrtle-gardens,3013 Sable Xing,Magnolia,TX,77355,CTY-018,4,2.5,2508,2022,2022-03-05,432500,2540,occupied,LSE-003139
PROP-01136,myrtle-gardens,2139 Larkspur Dr,Magnolia,TX,77355,CTY-018,4,3.0,2724,2022,2022-10-19,420000,2495,occupied,LSE-003142
PROP-01137,myrtle-gardens,1713 Hawthorn Cir,Magnolia,TX,77355,CTY-018,4,3.0,2347,2018,2018-04-11,380200,2580,occupied,LSE-003145
PROP-01138,myrtle-gardens,9703 Hawthorn Path,Magnolia,TX,77355,CTY-018,4,2.5,2109,2022,2022-05-01,454600,2475,occupied,LSE-003147
PROP-01139,myrtle-gardens,9488 Juniper Xing,Magnolia,TX,77355,CTY-018,4,2.5,2300,2016,2016-10-22,442400,2515,occupied,LSE-003149
PROP-01140,myrtle-gardens,8800 Summit Way,Magnolia,TX,77355,CTY-018,4,3.0,2609,2019,2019-09-24,397500,2525,occupied,LSE-003152
PROP-01141,myrtle-gardens,8558 Copper Creek Path,Magnolia,TX,77355,CTY-018,4,3.0,2190,2016,2016-08-27,481400,2555,occupied,LSE-003155
PROP-01142,myrtle-gardens,7040 Bellflower Path,Magnolia,TX,77355,CTY-018,4,3.0,2199,2016,2016-04-12,398800,2555,occupied,LSE-003158
PROP-01143,myrtle-gardens,9863 Cypress Path,Magnolia,TX,77355,CTY-018,4,3.0,2498,2020,2020-05-26,473700,2570,occupied,LSE-003161
PROP-01144,myrtle-gardens,8428 Juniper Ln,Magnolia,TX,77355,CTY-018,4,2.5,2593,2016,2016-01-03,394700,2550,occupied,LSE-003164
PROP-01145,myrtle-gardens,2026 Bellflower Cir,Magnolia,TX,77355,CTY-018,4,2.5,2578,2021,2021-09-09,404300,2600,occupied,LSE-003167
PROP-01146,myrtle-gardens,3876 Bellflower Trl,Magnolia,TX,77355,CTY-018,4,2.5,2448,2021,2021-12-11,382200,2485,occupied,LSE-003170
PROP-01147,myrtle-gardens,5224 Ironwood Dr,Magnolia,TX,77355,CTY-018,4,2.5,2253,2016,2016-10-07,418700,2430,occupied,LSE-003173
PROP-01148,myrtle-gardens,7822 Silver Oak Path,Magnolia,TX,77355,CTY-018,4,3.0,2208,2021,2021-10-21,394100,2540,occupied,LSE-003177
PROP-01149,myrtle-gardens,7328 Larkspur Trl,Magnolia,TX,77355,CTY-018,4,2.5,2277,2018,2018-07-07,400700,2445,occupied,LSE-003180
PROP-01150,myrtle-gardens,9276 Ironwood Xing,Magnolia,TX,77355,CTY-018,4,3.0,2519,2018,2018-09-14,429300,2470,occupied,LSE-003184
PROP-01151,myrtle-gardens,4102 Windrose Ct,Magnolia,TX,77355,CTY-018,4,2.5,2747,2023,2023-07-12,388200,2545,occupied,LSE-003187
PROP-01152,myrtle-gardens,6964 Windrose Xing,Magnolia,TX,77355,CTY-018,4,2.5,2599,2019,2019-09-26,413100,2600,occupied,LSE-003191
PROP-01153,myrtle-gardens,6932 Bellflower Ct,Magnolia,TX,77355,CTY-018,4,2.5,2078,2017,2017-09-13,463100,2465,occupied,LSE-003194
PROP-01154,myrtle-gardens,1789 Windrose Path,Magnolia,TX,77355,CTY-018,4,2.5,2069,2019,2019-03-25,478700,2525,occupied,LSE-003196
PROP-01155,myrtle-gardens,8749 Magnolia Cir,Magnolia,TX,77355,CTY-018,4,3.0,2271,2017,2017-08-26,376600,2455,occupied,LSE-003199
PROP-01156,myrtle-gardens,5997 Copper Creek Ln,Magnolia,TX,77355,CTY-018,4,2.5,2576,2022,2022-11-28,400700,2535,occupied,LSE-003202
PROP-01157,myrtle-gardens,1127 Wren Hollow Cir,Magnolia,TX,77355,CTY-018,4,3.0,2211,2017,2017-07-23,371600,2440,occupied,LSE-003205
PROP-01158,myrtle-gardens,1006 Blue Heron Way,Magnolia,TX,77355,CTY-018,4,3.0,2274,2018,2018-02-21,386700,2560,occupied,LSE-003207
PROP-01159,myrtle-gardens,8434 Bellflower Dr,Magnolia,TX,77355,CTY-018,4,3.0,2067,2022,2022-04-28,390700,2525,occupied,LSE-003210
PROP-01160,myrtle-gardens,1326 Sable Cir,Magnolia,TX,77355,CTY-018,4,2.5,2153,2018,2018-02-06,427700,2465,occupied,LSE-003212
PROP-01161,myrtle-gardens,3429 Willow Bend Cir,Magnolia,TX,77355,CTY-018,4,2.5,2248,2021,2021-04-12,374100,2490,occupied,LSE-003214
PROP-01162,myrtle-gardens,6632 Silver Oak Path,Magnolia,TX,77355,CTY-018,4,3.0,2612,2017,2017-04-01,465900,2555,occupied,LSE-003217
PROP-01163,myrtle-gardens,7454 Ironwood Path,Magnolia,TX,77355,CTY-018,4,3.0,2233,2018,2018-12-26,391600,2460,occupied,LSE-003222
PROP-01164,myrtle-gardens,2545 Hawthorn Trl,Magnolia,TX,77355,CTY-018,4,3.0,2364,2021,2021-01-10,345900,2460,occupied,LSE-003224
PROP-01165,myrtle-gardens,2924 Wren Hollow Xing,Magnolia,TX,77355,CTY-018,4,2.5,2213,2021,2021-05-07,452000,2455,occupied,LSE-003228
PROP-01166,palisades-park,9473 Silver Oak Cir,Houston,TX,77002,CTY-017,3,2.0,2089,2021,2021-07-13,484500,2970,occupied,LSE-003230
PROP-01167,palisades-park,6974 Larkspur Ct,Houston,TX,77002,CTY-017,3,2.0,1747,2024,2024-05-14,424100,2875,occupied,LSE-003232
PROP-01168,palisades-park,9561 Tanglewood Trl,Houston,TX,77002,CTY-017,3,2.0,1802,2023,2023-04-03,409100,2885,occupied,LSE-003235
PROP-01169,palisades-park,2938 Hawthorn Trl,Houston,TX,77002,CTY-017,3,2.0,2098,2018,2018-10-04,536000,2960,occupied,LSE-003238
PROP-01170,palisades-park,5065 Hawthorn Way,Houston,TX,77002,CTY-017,3,2.5,2080,2021,2021-05-26,549200,2930,occupied,LSE-003241
PROP-01171,palisades-park,177 Bellflower Cir,Houston,TX,77002,CTY-017,3,2.0,2050,2019,2019-06-25,435800,3030,occupied,LSE-003243
PROP-01172,palisades-park,549 Wren Hollow Trl,Houston,TX,77002,CTY-017,3,2.0,1635,2023,2023-02-25,495600,2930,occupied,LSE-003245
PROP-01173,palisades-park,5097 Dovetail Xing,Houston,TX,77002,CTY-017,3,2.0,1745,2024,2024-12-23,488100,2870,occupied,LSE-003247
PROP-01174,palisades-park,8469 Marigold Dr,Houston,TX,77002,CTY-017,3,2.5,1945,2021,2021-11-03,525600,2920,occupied,LSE-003249
PROP-01175,palisades-park,5346 Juniper Way,Houston,TX,77002,CTY-017,3,2.0,1988,2016,2016-02-22,520600,2950,occupied,LSE-003252
PROP-01176,palisades-park,9212 Blue Heron Xing,Houston,TX,77002,CTY-017,3,2.5,2176,2024,2024-08-11,550500,2945,occupied,LSE-003254
PROP-01177,palisades-park,7836 Sable Ct,Houston,TX,77002,CTY-017,3,2.5,1883,2017,2017-04-27,506900,3025,occupied,LSE-003256
PROP-01178,palisades-park,8655 Blue Heron Way,Houston,TX,77002,CTY-017,3,2.5,1663,2018,2018-04-09,530600,2900,occupied,LSE-003260
PROP-01179,palisades-park,5670 Tanglewood Cir,Houston,TX,77002,CTY-017,3,2.0,2021,2023,2023-11-24,434300,2945,occupied,LSE-003262
PROP-01180,palisades-park,126 Silver Oak Path,Houston,TX,77002,CTY-017,3,2.0,1758,2021,2021-06-16,444000,3030,occupied,LSE-003264
PROP-01181,palisades-park,4801 Cypress Ln,Houston,TX,77002,CTY-017,3,2.0,1552,2017,2017-10-11,456900,2830,occupied,LSE-003267
PROP-01182,palisades-park,8497 Juniper Dr,Houston,TX,77002,CTY-017,3,2.0,1504,2022,2022-03-23,439500,2985,occupied,LSE-003269
PROP-01183,palisades-park,7466 Juniper Way,Houston,TX,77002,CTY-017,3,2.0,1909,2020,2020-07-18,425700,2935,occupied,LSE-003272
PROP-01184,palisades-park,3176 Windrose Way,Houston,TX,77002,CTY-017,3,2.5,1862,2021,2021-07-11,440800,2950,occupied,LSE-003275
PROP-01185,palisades-park,7838 Windrose Trl,Houston,TX,77002,CTY-017,3,2.5,1668,2023,2023-02-15,495500,2875,occupied,LSE-003278
PROP-01186,palisades-park,6178 Windrose Ct,Houston,TX,77002,CTY-017,3,2.0,1875,2020,2020-10-17,537900,2915,occupied,LSE-003280
PROP-01187,palisades-park,1832 Copper Creek Trl,Houston,TX,77002,CTY-017,3,2.0,2003,2021,2021-01-01,424000,2995,occupied,LSE-003283
PROP-01188,palisades-park,1567 Larkspur Way,Houston,TX,77002,CTY-017,3,2.0,1824,2022,2022-02-28,524600,2910,occupied,LSE-003287
PROP-01189,palisades-park,1745 Summit Way,Houston,TX,77002,CTY-017,3,2.0,1886,2022,2022-02-17,470100,3010,occupied,LSE-003290
PROP-01190,palisades-park,4669 Magnolia Ct,Houston,TX,77002,CTY-017,3,2.0,1657,2023,2023-11-09,431400,2925,occupied,LSE-003293
PROP-01191,palisades-park,4978 Wren Hollow Xing,Houston,TX,77002,CTY-017,3,2.0,1812,2020,2020-11-02,507000,2890,turn,
PROP-01192,palisades-park,7225 Larkspur Ct,Houston,TX,77002,CTY-017,3,2.0,1895,2016,2016-12-13,503900,3040,occupied,LSE-003298
PROP-01193,palisades-park,842 Larkspur Cir,Houston,TX,77002,CTY-017,3,2.5,2100,2023,2023-05-07,450300,2965,occupied,LSE-003300
PROP-01194,palisades-park,7622 Summit Ct,Houston,TX,77002,CTY-017,3,2.0,1971,2018,2018-11-24,416800,2955,occupied,LSE-003303
PROP-01195,palisades-park,8936 Wren Hollow Cir,Houston,TX,77002,CTY-017,3,2.5,2008,2021,2021-07-23,472500,2990,vacant,
PROP-01196,palisades-park,7973 Marigold Cir,Houston,TX,77002,CTY-017,3,2.0,2021,2022,2022-10-06,565300,3065,occupied,LSE-003309
PROP-01197,palisades-park,6276 Juniper Ct,Houston,TX,77002,CTY-017,3,2.5,1968,2021,2021-10-13,486300,2945,occupied,LSE-003312
PROP-01198,palisades-park,4247 Cypress Ct,Houston,TX,77002,CTY-017,3,2.5,1910,2018,2018-01-21,471200,3055,occupied,LSE-003315
PROP-01199,palisades-park,8545 Hawthorn Ln,Houston,TX,77002,CTY-017,3,2.5,1714,2023,2023-09-15,536200,2925,occupied,LSE-003318
PROP-01200,palisades-park,6254 Summit Cir,Houston,TX,77002,CTY-017,3,2.0,1700,2022,2022-11-16,501900,2950,occupied,LSE-003320
PROP-01201,palisades-park,7682 Windrose Way,Houston,TX,77002,CTY-017,3,2.0,1922,2018,2018-03-15,528200,3035,occupied,LSE-003322
PROP-01202,tavola,3321 Larkspur Way,New Caney,TX,77357,CTY-018,4,2.5,2139,2019,2019-11-06,356700,2105,occupied,LSE-003325
PROP-01203,tavola,4763 Windrose Ln,New Caney,TX,77357,CTY-018,4,2.5,2488,2016,2016-10-14,319900,2105,occupied,LSE-003328
PROP-01204,tavola,2953 Blue Heron Path,New Caney,TX,77357,CTY-018,4,2.5,2509,2019,2019-11-01,358300,2150,occupied,LSE-003331
PROP-01205,tavola,9667 Copper Creek Ct,New Caney,TX,77357,CTY-018,4,2.5,2535,2023,2023-01-11,309800,2090,occupied,LSE-003333
PROP-01206,tavola,5326 Sable Trl,New Caney,TX,77357,CTY-018,3,2.5,2191,2016,2016-05-24,311800,1920,occupied,LSE-003337
PROP-01207,tavola,4575 Juniper Trl,New Caney,TX,77357,CTY-018,3,2.0,1712,2024,2024-11-05,336700,1870,occupied,LSE-003339
PROP-01208,tavola,5896 Copper Creek Path,New Caney,TX,77357,CTY-018,3,2.5,1810,2024,2024-01-02,274400,1905,occupied,LSE-003341
PROP-01209,tavola,1768 Juniper Ln,New Caney,TX,77357,CTY-018,3,2.0,1625,2021,2021-09-18,275600,1875,occupied,LSE-003344
PROP-01210,tavola,4977 Willow Bend Ln,New Caney,TX,77357,CTY-018,4,2.5,2169,2022,2022-03-08,353700,2045,occupied,LSE-003347
PROP-01211,tavola,6162 Dovetail Dr,New Caney,TX,77357,CTY-018,3,2.0,1704,2024,2024-08-12,350500,1865,occupied,LSE-003349
PROP-01212,tavola,2012 Bellflower Path,New Caney,TX,77357,CTY-018,4,3.0,2235,2019,2019-02-04,348800,2015,occupied,LSE-003351
PROP-01213,tavola,9883 Silver Oak Way,New Caney,TX,77357,CTY-018,3,2.5,1841,2022,2022-09-20,264800,1855,occupied,LSE-003353
PROP-01214,tavola,9160 Marigold Cir,New Caney,TX,77357,CTY-018,4,2.5,2391,2018,2018-08-01,360700,2120,occupied,LSE-003357
PROP-01215,tavola,9119 Blue Heron Ct,New Caney,TX,77357,CTY-018,3,2.0,2016,2023,2023-12-11,285200,1895,occupied,LSE-003359
PROP-01216,tavola,4264 Marigold Way,New Caney,TX,77357,CTY-018,4,2.5,2209,2023,2023-07-26,317100,2125,occupied,LSE-003362
PROP-01217,tavola,2777 Bellflower Xing,New Caney,TX,77357,CTY-018,4,3.0,2343,2018,2018-09-10,367800,2025,occupied,LSE-003365
PROP-01218,tavola,429 Silver Oak Dr,New Caney,TX,77357,CTY-018,3,2.0,1765,2018,2018-03-09,297700,1900,occupied,LSE-003367
PROP-01219,tavola,4466 Redbud Xing,New Caney,TX,77357,CTY-018,3,2.0,1687,2019,2019-08-06,318700,1830,vacant,
PROP-01220,tavola,9288 Silver Oak Trl,New Caney,TX,77357,CTY-018,3,2.5,1970,2017,2017-07-17,315600,1910,occupied,LSE-003372
PROP-01221,tavola,8928 Dovetail Way,New Caney,TX,77357,CTY-018,3,2.0,1699,2022,2022-05-27,259500,1850,occupied,LSE-003375
PROP-01222,tavola,4167 Copper Creek Trl,New Caney,TX,77357,CTY-018,4,2.5,2344,2023,2023-04-19,353000,2125,occupied,LSE-003378
PROP-01223,tavola,5566 Wren Hollow Path,New Caney,TX,77357,CTY-018,4,2.5,2303,2023,2023-02-07,360800,2110,turn,
PROP-01224,tavola,5575 Cypress Trl,New Caney,TX,77357,CTY-018,3,2.0,2023,2024,2024-05-25,276700,1930,occupied,LSE-003383
PROP-01225,tavola,8064 Cypress Cir,New Caney,TX,77357,CTY-018,4,2.5,2265,2021,2021-11-26,341200,2110,occupied,LSE-003386
PROP-01226,tavola,9422 Sable Trl,New Caney,TX,77357,CTY-018,3,2.0,1989,2019,2019-08-20,275700,1870,occupied,LSE-003388
PROP-01227,tavola,4063 Juniper Dr,New Caney,TX,77357,CTY-018,3,2.0,1889,2022,2022-11-21,283900,1890,occupied,LSE-003391
PROP-01228,tavola,2578 Quail Run Xing,New Caney,TX,77357,CTY-018,4,2.5,2611,2016,2016-10-23,395900,2095,occupied,LSE-003394
PROP-01229,tavola,8784 Hawthorn Dr,New Caney,TX,77357,CTY-018,4,3.0,2492,2022,2022-08-13,311400,2055,occupied,LSE-003396
PROP-01230,tavola,9238 Marigold Path,New Caney,TX,77357,CTY-018,3,2.5,1914,2022,2022-11-03,334500,1925,occupied,LSE-003399
PROP-01231,tavola,3558 Silver Oak Dr,New Caney,TX,77357,CTY-018,4,2.5,2261,2023,2023-02-02,344500,2115,occupied,LSE-003403
PROP-01232,tavola,2844 Copper Creek Dr,New Caney,TX,77357,CTY-018,3,2.5,1798,2018,2018-07-02,271200,1870,occupied,LSE-003407
PROP-01233,tavola,7414 Tanglewood Ln,New Caney,TX,77357,CTY-018,3,2.0,2139,2022,2022-01-01,286700,1945,occupied,LSE-003410
PROP-01234,tavola,4345 Bellflower Ln,New Caney,TX,77357,CTY-018,4,2.5,2697,2017,2017-08-07,406400,2175,occupied,LSE-003412
PROP-01235,tavola,385 Wren Hollow Cir,New Caney,TX,77357,CTY-018,3,2.0,2034,2016,2016-02-07,298600,1895,occupied,LSE-003415
PROP-01236,tavola,8387 Dovetail Trl,New Caney,TX,77357,CTY-018,4,2.5,2374,2024,2024-11-23,344500,2080,occupied,LSE-003416
PROP-01237,tavola,2205 Larkspur Ct,New Caney,TX,77357,CTY-018,4,2.5,2731,2018,2018-08-16,300100,2100,occupied,LSE-003420
PROP-01238,tavola,8013 Ironwood Dr,New Caney,TX,77357,CTY-018,3,2.5,1751,2022,2022-11-11,328300,1820,occupied,LSE-003423
PROP-01239,tavola,1678 Silver Oak Cir,New Caney,TX,77357,CTY-018,3,2.0,1832,2017,2017-09-12,352100,1860,occupied,LSE-003426
PROP-01240,tavola,1478 Cypress Trl,New Caney,TX,77357,CTY-018,3,2.0,1824,2021,2021-07-03,300600,1840,occupied,LSE-003430
PROP-01241,tavola,6161 Hawthorn Ct,New Caney,TX,77357,CTY-018,3,2.5,1934,2021,2021-04-18,322300,1925,vacant,
PROP-01242,gentle-woods,780 Redbud Xing,Jacksonville,FL,32202,CTY-020,3,2.5,1872,2020,2020-11-05,416900,2625,occupied,LSE-003435
PROP-01243,gentle-woods,5840 Summit Way,Jacksonville,FL,32202,CTY-020,3,2.0,1485,2024,2024-07-05,424500,2660,vacant,
PROP-01244,gentle-woods,1519 Magnolia Dr,Jacksonville,FL,32202,CTY-020,3,2.5,1914,2021,2021-03-03,481800,2625,occupied,LSE-003439
PROP-01245,gentle-woods,224 Willow Bend Xing,Jacksonville,FL,32202,CTY-020,4,2.5,2284,2021,2021-06-08,489500,2915,occupied,LSE-003442
PROP-01246,gentle-woods,1808 Juniper Trl,Jacksonville,FL,32202,CTY-020,3,2.5,1937,2016,2016-08-01,481300,2680,occupied,LSE-003445
PROP-01247,gentle-woods,6859 Wren Hollow Xing,Jacksonville,FL,32202,CTY-020,3,2.5,1906,2019,2019-12-09,463200,2590,occupied,LSE-003448
PROP-01248,gentle-woods,3688 Willow Bend Path,Jacksonville,FL,32202,CTY-020,4,3.0,2393,2021,2021-06-25,446300,2990,occupied,LSE-003450
PROP-01249,gentle-woods,2538 Magnolia Cir,Jacksonville,FL,32202,CTY-020,3,2.0,2049,2020,2020-12-19,475700,2625,occupied,LSE-003454
PROP-01250,gentle-woods,5859 Ironwood Trl,Jacksonville,FL,32202,CTY-020,3,2.0,2196,2017,2017-10-26,481700,2765,occupied,LSE-003457
PROP-01251,gentle-woods,9392 Larkspur Trl,Jacksonville,FL,32202,CTY-020,4,2.5,2322,2017,2017-04-23,553400,2915,occupied,LSE-003460
PROP-01252,gentle-woods,9085 Dovetail Way,Jacksonville,FL,32202,CTY-020,4,3.0,2183,2023,2023-01-22,485400,2915,occupied,LSE-003463
PROP-01253,gentle-woods,3159 Magnolia Path,Jacksonville,FL,32202,CTY-020,4,2.5,2418,2022,2022-01-28,461200,2930,occupied,LSE-003467
PROP-01254,gentle-woods,6011 Hawthorn Path,Jacksonville,FL,32202,CTY-020,3,2.5,1639,2019,2019-03-17,455900,2560,occupied,LSE-003470
PROP-01255,gentle-woods,1908 Magnolia Xing,Jacksonville,FL,32202,CTY-020,3,2.0,1980,2021,2021-08-16,471400,2680,occupied,LSE-003474
PROP-01256,gentle-woods,6484 Marigold Cir,Jacksonville,FL,32202,CTY-020,4,3.0,2610,2018,2018-04-18,454800,3065,occupied,LSE-003477
PROP-01257,gentle-woods,1845 Wren Hollow Way,Jacksonville,FL,32202,CTY-020,4,2.5,2312,2017,2017-07-15,533500,3035,occupied,LSE-003480
PROP-01258,gentle-woods,9282 Ironwood Ln,Jacksonville,FL,32202,CTY-020,3,2.0,1835,2016,2016-07-28,464300,2650,occupied,LSE-003484
PROP-01259,gentle-woods,8855 Hawthorn Way,Jacksonville,FL,32202,CTY-020,3,2.5,1808,2023,2023-03-28,457400,2615,occupied,LSE-003486
PROP-01260,gentle-woods,6642 Copper Creek Dr,Jacksonville,FL,32202,CTY-020,4,3.0,2022,2020,2020-10-23,534100,2875,occupied,LSE-003488
PROP-01261,gentle-woods,1975 Hawthorn Cir,Jacksonville,FL,32202,CTY-020,3,2.5,1863,2020,2020-09-24,471000,2625,occupied,LSE-003492
PROP-01262,gentle-woods,5697 Marigold Way,Jacksonville,FL,32202,CTY-020,3,2.0,2186,2019,2019-03-17,385000,2660,occupied,LSE-003495
PROP-01263,gentle-woods,8880 Windrose Trl,Jacksonville,FL,32202,CTY-020,4,2.5,2297,2019,2019-04-06,515800,2960,occupied,LSE-003499
PROP-01264,gentle-woods,3069 Summit Way,Jacksonville,FL,32202,CTY-020,4,3.0,2207,2016,2016-05-23,517200,2920,occupied,LSE-003503
PROP-01265,gentle-woods,9017 Hawthorn Trl,Jacksonville,FL,32202,CTY-020,4,3.0,2210,2016,2016-01-10,555100,2925,occupied,LSE-003506
PROP-01266,gentle-woods,2869 Blue Heron Way,Jacksonville,FL,32202,CTY-020,4,3.0,2474,2017,2017-08-18,463500,2980,occupied,LSE-003509
PROP-01267,gentle-woods,6342 Bellflower Xing,Jacksonville,FL,32202,CTY-020,3,2.5,1839,2021,2021-02-11,419700,2620,occupied,LSE-003511
PROP-01268,gentle-woods,9379 Larkspur Cir,Jacksonville,FL,32202,CTY-020,4,2.5,2247,2019,2019-01-13,485500,2940,vacant,
PROP-01269,gentle-woods,3904 Marigold Cir,Jacksonville,FL,32202,CTY-020,4,2.5,2655,2019,2019-01-06,570800,3050,vacant,
PROP-01270,gentle-woods,171 Willow Bend Path,Jacksonville,FL,32202,CTY-020,4,2.5,2654,2022,2022-02-08,484900,2990,occupied,LSE-003518
PROP-01271,gentle-woods,6284 Dovetail Ct,Jacksonville,FL,32202,CTY-020,3,2.5,1587,2023,2023-09-19,434700,2680,occupied,LSE-003520
PROP-01272,gentle-woods,1372 Dovetail Path,Jacksonville,FL,32202,CTY-020,3,2.0,1932,2022,2022-12-03,492600,2670,occupied,LSE-003523
PROP-01273,gentle-woods,4442 Juniper Ct,Jacksonville,FL,32202,CTY-020,3,2.0,1860,2019,2019-03-11,442900,2655,vacant,
PROP-01274,gentle-woods,188 Quail Run Trl,Jacksonville,FL,32202,CTY-020,4,2.5,2386,2016,2016-12-27,424600,3000,occupied,LSE-003527
PROP-01275,gentle-woods,6002 Sable Xing,Jacksonville,FL,32202,CTY-020,4,3.0,2059,2023,2023-12-02,541700,2955,occupied,LSE-003529
PROP-01276,gentle-woods,4030 Dovetail Xing,Jacksonville,FL,32202,CTY-020,3,2.5,1666,2019,2019-03-02,391000,2565,vacant,
PROP-01277,gentle-woods,8247 Larkspur Way,Jacksonville,FL,32202,CTY-020,4,2.5,2544,2021,2021-07-18,516100,3035,vacant,
PROP-01278,gentle-woods,440 Blue Heron Path,Jacksonville,FL,32202,CTY-020,3,2.0,1825,2018,2018-11-18,385900,2605,occupied,LSE-003538
PROP-01279,gentle-woods,3800 Windrose Xing,Jacksonville,FL,32202,CTY-020,3,2.0,1732,2021,2021-01-16,382800,2675,occupied,LSE-003542
PROP-01280,gentle-woods,6211 Willow Bend Path,Jacksonville,FL,32202,CTY-020,3,2.0,1992,2016,2016-01-24,460700,2655,occupied,LSE-003546
PROP-01281,gentle-woods,283 Silver Oak Cir,Jacksonville,FL,32202,CTY-020,4,2.5,2738,2020,2020-02-20,439000,3040,occupied,LSE-003549
PROP-01282,gentle-woods,1607 Sable Cir,Jacksonville,FL,32202,CTY-020,4,2.5,2071,2022,2022-10-28,431600,2925,occupied,LSE-003552
PROP-01283,gentle-woods,3737 Redbud Xing,Jacksonville,FL,32202,CTY-020,3,2.5,1660,2020,2020-09-15,475700,2685,occupied,LSE-003555
PROP-01284,gentle-woods,1859 Redbud Trl,Jacksonville,FL,32202,CTY-020,3,2.5,1821,2019,2019-04-13,400200,2695,occupied,LSE-003557
PROP-01285,gentle-woods,8033 Quail Run Dr,Jacksonville,FL,32202,CTY-020,3,2.0,1752,2019,2019-05-26,383300,2705,occupied,LSE-003560
PROP-01286,gentle-woods,2195 Marigold Path,Jacksonville,FL,32202,CTY-020,4,3.0,2255,2021,2021-02-05,425900,3030,occupied,LSE-003564
PROP-01287,gentle-woods,7558 Juniper Trl,Jacksonville,FL,32202,CTY-020,4,3.0,2511,2020,2020-07-04,553300,2965,occupied,LSE-003568
PROP-01288,gentle-woods,111 Dovetail Path,Jacksonville,FL,32202,CTY-020,3,2.0,1901,2018,2018-12-13,465900,2645,occupied,LSE-003571
PROP-01289,gentle-woods,9331 Redbud Trl,Jacksonville,FL,32202,CTY-020,3,2.0,1712,2020,2020-02-03,421100,2620,occupied,LSE-003573
PROP-01290,gentle-woods,1891 Tanglewood Xing,Jacksonville,FL,32202,CTY-020,3,2.0,1841,2016,2016-03-01,478700,2655,vacant,
PROP-01291,gentle-woods,5612 Windrose Way,Jacksonville,FL,32202,CTY-020,3,2.0,1706,2016,2016-11-24,394600,2570,occupied,LSE-003578
PROP-01292,gentle-woods,1546 Cypress Trl,Jacksonville,FL,32202,CTY-020,3,2.0,1525,2024,2024-10-17,425400,2660,occupied,LSE-003579
PROP-01293,gentle-woods,2025 Marigold Way,Jacksonville,FL,32202,CTY-020,4,2.5,2529,2023,2023-08-20,490800,3005,occupied,LSE-003581
PROP-01294,gentle-woods,247 Hawthorn Path,Jacksonville,FL,32202,CTY-020,4,2.5,2109,2022,2022-06-13,538300,2920,occupied,LSE-003583
PROP-01295,gentle-woods,5019 Cypress Xing,Jacksonville,FL,32202,CTY-020,3,2.5,1577,2019,2019-05-16,442600,2620,occupied,LSE-003586
PROP-01296,gentle-woods,654 Blue Heron Cir,Jacksonville,FL,32202,CTY-020,4,2.5,2613,2020,2020-04-11,541300,2955,turn,
PROP-01297,grove-point,6121 Sable Way,Orange Park,FL,32065,CTY-021,3,2.5,1803,2016,2016-07-25,318200,2115,occupied,LSE-003592
PROP-01298,grove-point,7077 Cypress Way,Orange Park,FL,32065,CTY-021,3,2.0,1909,2020,2020-04-20,365500,2095,occupied,LSE-003596
PROP-01299,grove-point,7880 Bellflower Dr,Orange Park,FL,32065,CTY-021,3,2.0,1623,2016,2016-01-23,385400,2030,occupied,LSE-003598
PROP-01300,grove-point,138 Tanglewood Cir,Orange Park,FL,32065,CTY-021,3,2.5,1941,2020,2020-10-23,337800,2140,occupied,LSE-003600
PROP-01301,grove-point,3864 Silver Oak Path,Orange Park,FL,32065,CTY-021,3,2.0,1864,2023,2023-10-03,311200,2115,occupied,LSE-003602
PROP-01302,grove-point,4496 Ironwood Xing,Orange Park,FL,32065,CTY-021,3,2.0,1731,2022,2022-12-09,357600,2085,occupied,LSE-003605
PROP-01303,grove-point,3331 Blue Heron Dr,Orange Park,FL,32065,CTY-021,3,2.5,2116,2017,2017-10-06,358000,2090,occupied,LSE-003608
PROP-01304,grove-point,5382 Copper Creek Cir,Orange Park,FL,32065,CTY-021,3,2.0,1782,2019,2019-12-07,375400,2050,occupied,LSE-003611
PROP-01305,grove-point,8932 Larkspur Dr,Orange Park,FL,32065,CTY-021,3,2.5,2072,2020,2020-10-11,356100,2110,occupied,LSE-003615
PROP-01306,grove-point,2705 Ironwood Ct,Orange Park,FL,32065,CTY-021,3,2.0,1588,2019,2019-12-01,319300,2025,occupied,LSE-003618
PROP-01307,grove-point,6587 Silver Oak Path,Orange Park,FL,32065,CTY-021,3,2.0,2023,2020,2020-03-02,314900,2060,occupied,LSE-003620
PROP-01308,grove-point,3845 Cypress Way,Orange Park,FL,32065,CTY-021,3,2.0,1862,2020,2020-04-05,391900,2095,occupied,LSE-003622
PROP-01309,grove-point,3948 Hawthorn Path,Orange Park,FL,32065,CTY-021,3,2.0,1782,2022,2022-03-13,317500,2110,occupied,LSE-003625
PROP-01310,grove-point,825 Summit Path,Orange Park,FL,32065,CTY-021,3,2.0,1949,2024,2024-06-13,338000,2085,occupied,LSE-003627
PROP-01311,grove-point,7734 Summit Dr,Orange Park,FL,32065,CTY-021,3,2.5,1769,2018,2018-10-04,358200,2120,occupied,LSE-003629
PROP-01312,grove-point,139 Wren Hollow Ln,Orange Park,FL,32065,CTY-021,3,2.5,1871,2024,2024-10-04,305300,2075,occupied,LSE-003630
PROP-01313,grove-point,5193 Quail Run Path,Orange Park,FL,32065,CTY-021,3,2.0,2130,2019,2019-08-15,380400,2105,turn,
PROP-01314,grove-point,9655 Wren Hollow Way,Orange Park,FL,32065,CTY-021,3,2.0,2286,2019,2019-02-24,308700,2180,occupied,LSE-003636
PROP-01315,grove-point,7175 Redbud Way,Orange Park,FL,32065,CTY-021,3,2.5,1927,2018,2018-10-05,393900,2140,occupied,LSE-003639
PROP-01316,grove-point,6689 Magnolia Trl,Orange Park,FL,32065,CTY-021,3,2.5,1967,2021,2021-02-04,304600,2090,occupied,LSE-003641
PROP-01317,grove-point,8746 Quail Run Trl,Orange Park,FL,32065,CTY-021,3,2.0,2038,2018,2018-07-24,365500,2070,occupied,LSE-003644
PROP-01318,grove-point,8110 Copper Creek Trl,Orange Park,FL,32065,CTY-021,3,2.0,1761,2020,2020-06-11,376800,2095,occupied,LSE-003647
PROP-01319,grove-point,9130 Juniper Dr,Orange Park,FL,32065,CTY-021,3,2.0,1790,2020,2020-03-19,388500,2070,occupied,LSE-003650
PROP-01320,grove-point,3680 Dovetail Ln,Orange Park,FL,32065,CTY-021,3,2.0,1671,2021,2021-03-04,356400,2120,occupied,LSE-003652
PROP-01321,grove-point,3285 Juniper Cir,Orange Park,FL,32065,CTY-021,3,2.5,1963,2017,2017-09-18,297900,2095,occupied,LSE-003655
PROP-01322,grove-point,4563 Willow Bend Ct,Orange Park,FL,32065,CTY-021,3,2.0,1687,2022,2022-07-01,392500,2085,occupied,LSE-003658
PROP-01323,grove-point,2158 Blue Heron Dr,Orange Park,FL,32065,CTY-021,3,2.0,1969,2016,2016-12-02,336700,2045,occupied,LSE-003660
PROP-01324,grove-point,2120 Silver Oak Ct,Orange Park,FL,32065,CTY-021,3,2.0,2116,2023,2023-04-15,363400,2065,occupied,LSE-003662
PROP-01325,grove-point,7843 Hawthorn Trl,Orange Park,FL,32065,CTY-021,3,2.0,2087,2020,2020-11-03,335800,2180,occupied,LSE-003665
PROP-01326,grove-point,915 Willow Bend Xing,Orange Park,FL,32065,CTY-021,3,2.5,1956,2017,2017-10-08,337500,2120,occupied,LSE-003668
PROP-01327,grove-point,8348 Willow Bend Ct,Orange Park,FL,32065,CTY-021,3,2.0,1756,2018,2018-07-23,298800,2120,occupied,LSE-003672
PROP-01328,grove-point,5407 Willow Bend Xing,Orange Park,FL,32065,CTY-021,3,2.5,1995,2020,2020-10-15,340900,2095,turn,
PROP-01329,grove-point,1962 Blue Heron Path,Orange Park,FL,32065,CTY-021,3,2.5,2010,2020,2020-11-21,403600,2140,occupied,LSE-003678
PROP-01330,grove-point,856 Hawthorn Cir,Orange Park,FL,32065,CTY-021,3,2.5,1890,2024,2024-04-23,353900,2095,occupied,LSE-003680
PROP-01331,grove-point,7823 Windrose Trl,Orange Park,FL,32065,CTY-021,3,2.0,1950,2024,2024-12-09,326800,2130,occupied,LSE-003682
PROP-01332,grove-point,886 Willow Bend Xing,Orange Park,FL,32065,CTY-021,3,2.0,1688,2023,2023-01-14,304500,2125,occupied,LSE-003684
PROP-01333,grove-point,391 Bellflower Path,Orange Park,FL,32065,CTY-021,3,2.5,1918,2018,2018-05-02,363100,2125,occupied,LSE-003689
PROP-01334,grove-point,5248 Hawthorn Way,Orange Park,FL,32065,CTY-021,3,2.0,1928,2023,2023-04-11,333100,2150,occupied,LSE-003692
PROP-01335,grove-point,4134 Dovetail Ct,Orange Park,FL,32065,CTY-021,3,2.0,2229,2020,2020-08-25,380100,2075,occupied,LSE-003696
PROP-01336,grove-point,2334 Ironwood Ln,Orange Park,FL,32065,CTY-021,3,2.0,1735,2017,2017-05-25,337700,2075,occupied,LSE-003699
PROP-01337,grove-point,232 Blue Heron Cir,Orange Park,FL,32065,CTY-021,3,2.0,1979,2019,2019-05-01,355900,2055,occupied,LSE-003701
PROP-01338,highland-chase,961 Willow Bend Path,Jacksonville,FL,32202,CTY-020,4,2.5,2592,2024,2024-01-26,470700,3000,occupied,LSE-003704
PROP-01339,highland-chase,4895 Silver Oak Trl,Jacksonville,FL,32202,CTY-020,4,2.5,2426,2020,2020-04-06,499000,2915,occupied,LSE-003707
PROP-01340,highland-chase,5028 Silver Oak Dr,Jacksonville,FL,32202,CTY-020,5,3.5,2573,2018,2018-09-28,551400,3200,occupied,LSE-003710
PROP-01341,highland-chase,4083 Magnolia Way,Jacksonville,FL,32202,CTY-020,4,2.5,2543,2021,2021-07-01,509700,3085,occupied,LSE-003714
PROP-01342,highland-chase,5492 Bellflower Trl,Jacksonville,FL,32202,CTY-020,4,2.5,2379,2024,2024-01-27,538900,2920,occupied,LSE-003717
PROP-01343,highland-chase,2142 Dovetail Xing,Jacksonville,FL,32202,CTY-020,4,3.0,2362,2019,2019-10-12,541600,3020,occupied,LSE-003721
PROP-01344,highland-chase,1598 Cypress Trl,Jacksonville,FL,32202,CTY-020,4,2.5,2459,2018,2018-11-07,463500,2985,occupied,LSE-003724
PROP-01345,highland-chase,4115 Larkspur Cir,Jacksonville,FL,32202,CTY-020,5,3.0,3017,2020,2020-10-21,596300,3320,occupied,LSE-003726
PROP-01346,highland-chase,5322 Wren Hollow Trl,Jacksonville,FL,32202,CTY-020,5,3.5,2751,2018,2018-07-14,478200,3295,occupied,LSE-003729
PROP-01347,highland-chase,9333 Tanglewood Cir,Jacksonville,FL,32202,CTY-020,5,3.5,2861,2024,2024-11-04,488500,3210,occupied,LSE-003730
PROP-01348,highland-chase,3416 Copper Creek Ln,Jacksonville,FL,32202,CTY-020,5,3.5,2799,2022,2022-12-21,556400,3210,occupied,LSE-003732
PROP-01349,highland-chase,2782 Summit Ln,Jacksonville,FL,32202,CTY-020,5,3.0,2533,2022,2022-12-08,539500,3295,occupied,LSE-003735
PROP-01350,highland-chase,455 Larkspur Cir,Jacksonville,FL,32202,CTY-020,3,2.0,2005,2018,2018-08-14,407800,2675,occupied,LSE-003738
PROP-01351,highland-chase,7627 Marigold Dr,Jacksonville,FL,32202,CTY-020,3,2.0,2191,2023,2023-02-04,434900,2770,occupied,LSE-003741
PROP-01352,highland-chase,3608 Cypress Cir,Jacksonville,FL,32202,CTY-020,5,3.0,3016,2017,2017-05-01,604700,3430,occupied,LSE-003744
PROP-01353,highland-chase,4622 Copper Creek Path,Jacksonville,FL,32202,CTY-020,4,2.5,2493,2019,2019-02-17,488900,2925,occupied,LSE-003746
PROP-01354,highland-chase,2602 Larkspur Path,Jacksonville,FL,32202,CTY-020,5,3.0,2947,2020,2020-05-02,610800,3265,occupied,LSE-003749
PROP-01355,highland-chase,2615 Redbud Trl,Jacksonville,FL,32202,CTY-020,4,2.5,2437,2016,2016-03-07,525400,3030,occupied,LSE-003753
PROP-01356,highland-chase,5603 Blue Heron Cir,Jacksonville,FL,32202,CTY-020,5,3.0,2890,2021,2021-09-15,459200,3230,vacant,
PROP-01357,highland-chase,3546 Ironwood Ln,Jacksonville,FL,32202,CTY-020,5,3.0,2671,2016,2016-07-10,604900,3350,vacant,
PROP-01358,highland-chase,5616 Cypress Way,Jacksonville,FL,32202,CTY-020,3,2.5,1553,2019,2019-04-27,456500,2655,occupied,LSE-003760
PROP-01359,highland-chase,5285 Ironwood Dr,Jacksonville,FL,32202,CTY-020,5,3.0,3050,2016,2016-05-16,585000,3365,occupied,LSE-003763
PROP-01360,highland-chase,728 Hawthorn Xing,Jacksonville,FL,32202,CTY-020,3,2.5,1604,2019,2019-09-04,432900,2650,occupied,LSE-003767
PROP-01361,highland-chase,4388 Redbud Way,Jacksonville,FL,32202,CTY-020,3,2.0,1753,2022,2022-09-04,402800,2565,occupied,LSE-003769
PROP-01362,highland-chase,2316 Redbud Xing,Jacksonville,FL,32202,CTY-020,4,2.5,2265,2021,2021-08-10,430900,2915,occupied,LSE-003771
PROP-01363,highland-chase,5928 Cypress Way,Jacksonville,FL,32202,CTY-020,5,3.0,2689,2024,2024-10-21,550100,3340,occupied,LSE-003772
PROP-01364,highland-chase,8962 Blue Heron Ln,Jacksonville,FL,32202,CTY-020,3,2.0,1825,2024,2024-08-09,415400,2670,occupied,LSE-003774
PROP-01365,highland-chase,1995 Hawthorn Ct,Jacksonville,FL,32202,CTY-020,4,2.5,2721,2022,2022-10-18,534500,3025,occupied,LSE-003776
PROP-01366,highland-chase,897 Sable Dr,Jacksonville,FL,32202,CTY-020,4,3.0,2703,2021,2021-11-13,530100,3025,occupied,LSE-003779
PROP-01367,highland-chase,6841 Hawthorn Trl,Jacksonville,FL,32202,CTY-020,4,2.5,2255,2020,2020-06-24,495700,2970,occupied,LSE-003782
PROP-01368,laylas-place,8530 Cypress Ct,Jacksonville,FL,32202,CTY-020,4,2.5,2251,2020,2020-12-12,492400,2945,occupied,LSE-003784
PROP-01369,laylas-place,432 Sable Ct,Jacksonville,FL,32202,CTY-020,3,2.5,1744,2021,2021-04-03,397200,2710,turn,
PROP-01370,laylas-place,276 Marigold Dr,Jacksonville,FL,32202,CTY-020,4,3.0,2542,2022,2022-02-06,473700,3060,occupied,LSE-003790
PROP-01371,laylas-place,1332 Juniper Way,Jacksonville,FL,32202,CTY-020,3,2.5,1559,2022,2022-09-19,467300,2645,occupied,LSE-003792
PROP-01372,laylas-place,8329 Bellflower Trl,Jacksonville,FL,32202,CTY-020,4,3.0,2699,2018,2018-06-26,474600,3015,occupied,LSE-003795
PROP-01373,laylas-place,7809 Quail Run Ct,Jacksonville,FL,32202,CTY-020,3,2.0,1946,2020,2020-02-15,433300,2635,occupied,LSE-003798
PROP-01374,laylas-place,2270 Dovetail Ln,Jacksonville,FL,32202,CTY-020,3,2.0,2311,2020,2020-03-11,469700,2700,occupied,LSE-003801
PROP-01375,laylas-place,5131 Tanglewood Ct,Jacksonville,FL,32202,CTY-020,3,2.0,1743,2021,2021-07-20,489700,2595,occupied,LSE-003803
PROP-01376,laylas-place,3076 Summit Dr,Jacksonville,FL,32202,CTY-020,4,2.5,2322,2022,2022-04-18,528100,2915,occupied,LSE-003805
PROP-01377,laylas-place,4028 Windrose Cir,Jacksonville,FL,32202,CTY-020,4,2.5,2356,2020,2020-04-05,489400,2940,occupied,LSE-003808
PROP-01378,laylas-place,5381 Magnolia Cir,Jacksonville,FL,32202,CTY-020,4,2.5,2634,2017,2017-05-21,562400,2995,occupied,LSE-003811
PROP-01379,laylas-place,4087 Windrose Xing,Jacksonville,FL,32202,CTY-020,3,2.0,1606,2020,2020-12-03,457400,2585,occupied,LSE-003814
PROP-01380,laylas-place,2620 Copper Creek Xing,Jacksonville,FL,32202,CTY-020,4,2.5,2285,2020,2020-04-25,418400,2905,vacant,
PROP-01381,laylas-place,4805 Willow Bend Ct,Jacksonville,FL,32202,CTY-020,4,2.5,2276,2022,2022-10-08,471300,2955,occupied,LSE-003820
PROP-01382,laylas-place,2570 Magnolia Xing,Jacksonville,FL,32202,CTY-020,4,2.5,2541,2017,2017-09-15,560800,2980,occupied,LSE-003823
PROP-01383,laylas-place,3032 Willow Bend Dr,Jacksonville,FL,32202,CTY-020,4,3.0,2313,2022,2022-04-14,533500,2950,occupied,LSE-003825
PROP-01384,laylas-place,7826 Willow Bend Ln,Jacksonville,FL,32202,CTY-020,4,3.0,2164,2021,2021-11-15,445200,2890,occupied,LSE-003829
PROP-01385,laylas-place,8592 Willow Bend Dr,Jacksonville,FL,32202,CTY-020,4,2.5,2362,2023,2023-07-09,509400,3025,occupied,LSE-003832
PROP-01386,laylas-place,4844 Silver Oak Way,Jacksonville,FL,32202,CTY-020,4,2.5,2680,2017,2017-10-24,587600,3120,occupied,LSE-003836
PROP-01387,laylas-place,1150 Windrose Dr,Jacksonville,FL,32202,CTY-020,4,2.5,2319,2023,2023-06-01,459800,2925,occupied,LSE-003839
PROP-01388,laylas-place,3457 Silver Oak Way,Jacksonville,FL,32202,CTY-020,4,3.0,2454,2021,2021-08-19,489300,2930,occupied,LSE-003842
PROP-01389,laylas-place,4088 Bellflower Cir,Jacksonville,FL,32202,CTY-020,3,2.0,1891,2021,2021-03-20,482600,2630,occupied,LSE-003847
PROP-01390,laylas-place,6403 Blue Heron Dr,Jacksonville,FL,32202,CTY-020,3,2.0,1648,2022,2022-11-11,415100,2615,turn,
PROP-01391,laylas-place,4270 Ironwood Dr,Jacksonville,FL,32202,CTY-020,3,2.5,1826,2022,2022-07-03,399500,2700,occupied,LSE-003851
PROP-01392,laylas-place,1597 Magnolia Ln,Jacksonville,FL,32202,CTY-020,4,2.5,2443,2020,2020-10-03,526000,3055,occupied,LSE-003855
PROP-01393,laylas-place,1717 Silver Oak Path,Jacksonville,FL,32202,CTY-020,4,2.5,2583,2017,2017-09-24,533100,3010,occupied,LSE-003859
PROP-01394,laylas-place,5438 Blue Heron Cir,Jacksonville,FL,32202,CTY-020,3,2.0,1719,2018,2018-03-07,432800,2675,occupied,LSE-003863
PROP-01395,laylas-place,9264 Ironwood Xing,Jacksonville,FL,32202,CTY-020,4,2.5,2248,2024,2024-10-04,523600,3025,occupied,LSE-003864
PROP-01396,laylas-place,6375 Blue Heron Ct,Jacksonville,FL,32202,CTY-020,3,2.0,2054,2024,2024-07-18,426900,2675,occupied,LSE-003866
PROP-01397,laylas-place,7786 Tanglewood Cir,Jacksonville,FL,32202,CTY-020,4,3.0,2231,2022,2022-04-07,458400,2930,occupied,LSE-003869
PROP-01398,laylas-place,361 Dovetail Ct,Jacksonville,FL,32202,CTY-020,3,2.0,1788,2022,2022-03-23,374000,2610,vacant,
PROP-01399,laylas-place,3414 Silver Oak Cir,Jacksonville,FL,32202,CTY-020,3,2.0,1908,2018,2018-11-07,411700,2675,occupied,LSE-003875
PROP-01400,laylas-place,7966 Copper Creek Ct,Jacksonville,FL,32202,CTY-020,4,2.5,2662,2024,2024-06-26,472900,2995,occupied,LSE-003877
PROP-01401,laylas-place,6135 Willow Bend Xing,Jacksonville,FL,32202,CTY-020,4,2.5,2399,2019,2019-02-10,507600,3025,occupied,LSE-003881
PROP-01402,laylas-place,1765 Bellflower Path,Jacksonville,FL,32202,CTY-020,4,2.5,2672,2016,2016-03-11,511400,2960,occupied,LSE-003884
PROP-01403,laylas-place,1590 Bellflower Ln,Jacksonville,FL,32202,CTY-020,4,2.5,2325,2024,2024-07-10,430500,2925,vacant,
PROP-01404,laylas-place,2145 Wren Hollow Way,Jacksonville,FL,32202,CTY-020,3,2.0,1967,2019,2019-11-21,484800,2755,occupied,LSE-003888
PROP-01405,laylas-place,1053 Windrose Way,Jacksonville,FL,32202,CTY-020,3,2.0,1877,2018,2018-02-21,416800,2710,occupied,LSE-003891
PROP-01406,laylas-place,3436 Willow Bend Path,Jacksonville,FL,32202,CTY-020,4,2.5,2314,2016,2016-12-01,475200,2950,occupied,LSE-003894
PROP-01407,laylas-place,247 Magnolia Dr,Jacksonville,FL,32202,CTY-020,4,2.5,2330,2019,2019-06-21,435100,2910,occupied,LSE-003898
PROP-01408,laylas-place,3211 Windrose Ln,Jacksonville,FL,32202,CTY-020,4,2.5,2547,2023,2023-10-09,521000,3080,occupied,LSE-003900
PROP-01409,laylas-place,8563 Windrose Path,Jacksonville,FL,32202,CTY-020,4,2.5,2559,2024,2024-07-04,462500,3050,vacant,
PROP-01410,laylas-place,3681 Juniper Path,Jacksonville,FL,32202,CTY-020,4,3.0,2543,2020,2020-10-25,461600,2995,occupied,LSE-003905
PROP-01411,laylas-place,2957 Juniper Dr,Jacksonville,FL,32202,CTY-020,3,2.0,1670,2019,2019-10-17,387500,2585,occupied,LSE-003909
PROP-01412,laylas-place,8504 Marigold Way,Jacksonville,FL,32202,CTY-020,3,2.5,2065,2024,2024-04-12,519500,2740,occupied,LSE-003911
PROP-01413,laylas-place,6816 Dovetail Dr,Jacksonville,FL,32202,CTY-020,3,2.0,2059,2024,2024-03-07,413500,2645,occupied,LSE-003913
PROP-01414,laylas-place,3118 Magnolia Cir,Jacksonville,FL,32202,CTY-020,4,3.0,2373,2023,2023-07-18,530600,3040,occupied,LSE-003915
PROP-01415,oyster-creek,1973 Wren Hollow Cir,Jacksonville,FL,32202,CTY-020,4,2.5,2438,2017,2017-06-15,430300,2960,occupied,LSE-003918
PROP-01416,oyster-creek,5286 Dovetail Path,Jacksonville,FL,32202,CTY-020,3,2.5,1600,2024,2024-08-28,384800,2680,occupied,LSE-003919
PROP-01417,oyster-creek,9050 Wren Hollow Xing,Jacksonville,FL,32202,CTY-020,4,2.5,2453,2022,2022-08-27,434500,3040,occupied,LSE-003922
PROP-01418,oyster-creek,4976 Dovetail Path,Jacksonville,FL,32202,CTY-020,3,2.0,1912,2017,2017-06-23,390500,2680,occupied,LSE-003924
PROP-01419,oyster-creek,7460 Windrose Trl,Jacksonville,FL,32202,CTY-020,4,2.5,2198,2017,2017-05-28,452700,2925,vacant,
PROP-01420,oyster-creek,9156 Summit Trl,Jacksonville,FL,32202,CTY-020,3,2.0,1827,2020,2020-01-22,416800,2655,vacant,
PROP-01421,oyster-creek,139 Juniper Cir,Jacksonville,FL,32202,CTY-020,4,3.0,2054,2024,2024-08-05,505900,2965,occupied,LSE-003932
PROP-01422,oyster-creek,4157 Hawthorn Xing,Jacksonville,FL,32202,CTY-020,4,2.5,2339,2024,2024-10-03,443500,3040,occupied,LSE-003933
PROP-01423,oyster-creek,817 Windrose Ct,Jacksonville,FL,32202,CTY-020,4,2.5,2272,2024,2024-04-05,465400,2925,occupied,LSE-003935
PROP-01424,oyster-creek,6332 Blue Heron Cir,Jacksonville,FL,32202,CTY-020,3,2.0,1862,2020,2020-01-26,489800,2619,occupied,LSE-003938
PROP-01425,oyster-creek,6335 Hawthorn Way,Jacksonville,FL,32202,CTY-020,3,2.5,1964,2018,2018-11-04,448300,2740,occupied,LSE-003940
PROP-01426,oyster-creek,2632 Tanglewood Ct,Jacksonville,FL,32202,CTY-020,3,2.0,1724,2020,2020-12-12,429400,2705,occupied,LSE-003943
PROP-01427,oyster-creek,7486 Copper Creek Ct,Jacksonville,FL,32202,CTY-020,3,2.5,1751,2017,2017-12-22,465900,2670,occupied,LSE-003945
PROP-01428,oyster-creek,7502 Hawthorn Xing,Jacksonville,FL,32202,CTY-020,3,2.0,1834,2024,2024-04-27,412800,2705,occupied,LSE-003947
PROP-01429,oyster-creek,6637 Summit Path,Jacksonville,FL,32202,CTY-020,4,2.5,2447,2024,2024-01-09,461900,2920,occupied,LSE-003949
PROP-01430,oyster-creek,3455 Ironwood Cir,Jacksonville,FL,32202,CTY-020,3,2.5,1825,2020,2020-08-07,426200,2705,turn,
PROP-01431,oyster-creek,2341 Copper Creek Trl,Jacksonville,FL,32202,CTY-020,4,2.5,2304,2020,2020-12-11,444400,2905,occupied,LSE-003955
PROP-01432,oyster-creek,3081 Tanglewood Dr,Jacksonville,FL,32202,CTY-020,4,2.5,2336,2017,2017-12-13,459500,2980,occupied,LSE-003957
PROP-01433,oyster-creek,9729 Dovetail Xing,Jacksonville,FL,32202,CTY-020,4,2.5,2129,2021,2021-12-17,467300,2990,vacant,
PROP-01434,oyster-creek,4655 Tanglewood Ct,Jacksonville,FL,32202,CTY-020,3,2.5,2181,2021,2021-09-21,403100,2645,occupied,LSE-003963
PROP-01435,oyster-creek,9587 Bellflower Trl,Jacksonville,FL,32202,CTY-020,4,3.0,2501,2016,2016-01-14,526400,2975,vacant,
PROP-01436,oyster-creek,8866 Magnolia Ct,Jacksonville,FL,32202,CTY-020,3,2.5,1974,2019,2019-08-13,399400,2735,occupied,LSE-003970
PROP-01437,oyster-creek,6731 Wren Hollow Ln,Jacksonville,FL,32202,CTY-020,4,2.5,2479,2016,2016-10-10,538900,3070,occupied,LSE-003973
PROP-01438,oyster-creek,631 Juniper Ln,Jacksonville,FL,32202,CTY-020,4,3.0,2280,2017,2017-05-10,538800,2880,occupied,LSE-003976
PROP-01439,oyster-creek,592 Cypress Way,Jacksonville,FL,32202,CTY-020,3,2.0,1925,2016,2016-10-10,451400,2640,occupied,LSE-003978
PROP-01440,oyster-creek,8369 Magnolia Dr,Jacksonville,FL,32202,CTY-020,3,2.5,2027,2024,2024-04-04,401500,2710,occupied,LSE-003981
PROP-01441,oyster-creek,7386 Quail Run Dr,Jacksonville,FL,32202,CTY-020,4,2.5,2495,2024,2024-12-26,480400,3030,occupied,LSE-003982
PROP-01442,oyster-creek,7857 Magnolia Way,Jacksonville,FL,32202,CTY-020,3,2.0,1613,2019,2019-02-08,493100,2645,occupied,LSE-003985
PROP-01443,oyster-creek,3202 Tanglewood Cir,Jacksonville,FL,32202,CTY-020,3,2.5,1930,2022,2022-06-18,479600,2715,occupied,LSE-003988
PROP-01444,oyster-creek,2999 Summit Path,Jacksonville,FL,32202,CTY-020,4,2.5,2473,2020,2020-12-15,538300,2945,occupied,LSE-003991
PROP-01445,oyster-creek,9694 Bellflower Path,Jacksonville,FL,32202,CTY-020,3,2.0,1833,2018,2018-08-22,409400,2619,occupied,LSE-003993
PROP-01446,oyster-creek,7560 Hawthorn Dr,Jacksonville,FL,32202,CTY-020,4,2.5,2531,2016,2016-07-12,507300,2995,vacant,
PROP-01447,oyster-creek,4814 Magnolia Ct,Jacksonville,FL,32202,CTY-020,4,2.5,2254,2018,2018-03-05,452200,3015,occupied,LSE-003998
PROP-01448,oyster-creek,9267 Willow Bend Xing,Jacksonville,FL,32202,CTY-020,4,2.5,2382,2019,2019-09-07,441500,3040,occupied,LSE-004001
PROP-01449,oyster-creek,1693 Ironwood Xing,Jacksonville,FL,32202,CTY-020,4,2.5,2202,2023,2023-03-19,419200,2950,occupied,LSE-004005
PROP-01450,oyster-creek,2388 Tanglewood Dr,Jacksonville,FL,32202,CTY-020,4,2.5,2257,2017,2017-11-26,443500,2945,occupied,LSE-004009
PROP-01451,oyster-creek,1435 Redbud Trl,Jacksonville,FL,32202,CTY-020,4,3.0,2263,2016,2016-08-19,430800,2880,occupied,LSE-004013
PROP-01452,oyster-creek,6026 Quail Run Path,Jacksonville,FL,32202,CTY-020,3,2.5,2050,2021,2021-04-25,467300,2710,occupied,LSE-004017
PROP-01453,oyster-creek,6315 Willow Bend Dr,Jacksonville,FL,32202,CTY-020,4,3.0,2692,2020,2020-05-15,526500,3010,occupied,LSE-004021
PROP-01454,oyster-creek,8585 Magnolia Dr,Jacksonville,FL,32202,CTY-020,4,3.0,2317,2024,2024-04-21,458400,3010,occupied,LSE-004023
PROP-01455,oyster-creek,6670 Copper Creek Cir,Jacksonville,FL,32202,CTY-020,4,2.5,2340,2024,2024-09-09,531200,2990,occupied,LSE-004025
PROP-01456,spartina-cove,3468 Quail Run Xing,Jacksonville,FL,32202,CTY-020,3,2.0,1894,2017,2017-05-01,413500,2595,occupied,LSE-004027
PROP-01457,spartina-cove,6167 Silver Oak Cir,Jacksonville,FL,32202,CTY-020,3,2.0,1749,2019,2019-03-02,498400,2625,occupied,LSE-004030
PROP-01458,spartina-cove,154 Larkspur Way,Jacksonville,FL,32202,CTY-020,3,2.5,2045,2021,2021-05-03,430700,2635,occupied,LSE-004033
PROP-01459,spartina-cove,8461 Willow Bend Trl,Jacksonville,FL,32202,CTY-020,3,2.0,1865,2016,2016-07-10,445000,2715,occupied,LSE-004036
PROP-01460,spartina-cove,1505 Dovetail Ct,Jacksonville,FL,32202,CTY-020,3,2.0,2019,2024,2024-01-25,421000,2675,occupied,LSE-004038
PROP-01461,spartina-cove,3817 Ironwood Way,Jacksonville,FL,32202,CTY-020,3,2.0,1779,2020,2020-10-28,459800,2595,occupied,LSE-004042
PROP-01462,spartina-cove,3555 Redbud Way,Jacksonville,FL,32202,CTY-020,3,2.0,1788,2019,2019-11-22,444900,2685,occupied,LSE-004044
PROP-01463,spartina-cove,2252 Willow Bend Path,Jacksonville,FL,32202,CTY-020,3,2.0,1866,2021,2021-10-19,429200,2640,occupied,LSE-004046
PROP-01464,spartina-cove,7399 Silver Oak Path,Jacksonville,FL,32202,CTY-020,3,2.0,1556,2023,2023-04-05,443700,2590,occupied,LSE-004048
PROP-01465,spartina-cove,4304 Silver Oak Trl,Jacksonville,FL,32202,CTY-020,3,2.5,1845,2022,2022-11-18,413300,2730,occupied,LSE-004050
PROP-01466,spartina-cove,1163 Dovetail Ct,Jacksonville,FL,32202,CTY-020,3,2.5,1845,2024,2024-08-14,380600,2585,occupied,LSE-004052
PROP-01467,spartina-cove,3893 Tanglewood Xing,Jacksonville,FL,32202,CTY-020,3,2.0,1719,2022,2022-02-11,490300,2705,occupied,LSE-004055
PROP-01468,spartina-cove,6385 Summit Xing,Jacksonville,FL,32202,CTY-020,3,2.0,1874,2024,2024-11-28,480300,2740,occupied,LSE-004057
PROP-01469,spartina-cove,5044 Marigold Ln,Jacksonville,FL,32202,CTY-020,3,2.0,1622,2023,2023-05-27,382700,2625,occupied,LSE-004059
PROP-01470,spartina-cove,7532 Quail Run Way,Jacksonville,FL,32202,CTY-020,3,2.0,1909,2016,2016-10-22,460900,2640,occupied,LSE-004061
PROP-01471,spartina-cove,5638 Summit Ct,Jacksonville,FL,32202,CTY-020,3,2.0,1588,2024,2024-01-22,407100,2635,occupied,LSE-004064
PROP-01472,spartina-cove,270 Bellflower Way,Jacksonville,FL,32202,CTY-020,3,2.0,1843,2023,2023-02-21,473600,2680,occupied,LSE-004067
PROP-01473,spartina-cove,2195 Redbud Ct,Jacksonville,FL,32202,CTY-020,3,2.5,2116,2016,2016-07-18,395500,2670,occupied,LSE-004070
PROP-01474,spartina-cove,6085 Magnolia Dr,Jacksonville,FL,32202,CTY-020,3,2.0,1980,2018,2018-08-26,389400,2610,occupied,LSE-004073
PROP-01475,spartina-cove,7173 Wren Hollow Way,Jacksonville,FL,32202,CTY-020,3,2.0,1954,2018,2018-07-02,386200,2695,turn,
PROP-01476,spartina-cove,7070 Quail Run Path,Jacksonville,FL,32202,CTY-020,3,2.0,1535,2017,2017-02-20,392300,2585,occupied,LSE-004078
PROP-01477,spartina-cove,5470 Silver Oak Way,Jacksonville,FL,32202,CTY-020,3,2.5,2192,2023,2023-04-17,463300,2760,occupied,LSE-004080
PROP-01478,spartina-cove,1501 Larkspur Trl,Jacksonville,FL,32202,CTY-020,3,2.5,2109,2023,2023-12-17,470800,2710,occupied,LSE-004082
PROP-01479,spartina-cove,3993 Silver Oak Ct,Jacksonville,FL,32202,CTY-020,3,2.5,2031,2022,2022-10-03,402000,2735,occupied,LSE-004084
PROP-01480,spartina-cove,4851 Willow Bend Ct,Jacksonville,FL,32202,CTY-020,3,2.0,1851,2018,2018-09-21,402200,2605,occupied,LSE-004086
PROP-01481,spartina-cove,661 Redbud Way,Jacksonville,FL,32202,CTY-020,3,2.0,1755,2022,2022-06-01,476900,2655,occupied,LSE-004088
PROP-01482,spartina-cove,1429 Redbud Dr,Jacksonville,FL,32202,CTY-020,3,2.0,1811,2023,2023-05-18,471800,2725,occupied,LSE-004090
PROP-01483,spartina-cove,3839 Hawthorn Cir,Jacksonville,FL,32202,CTY-020,3,2.0,1977,2022,2022-01-26,493800,2680,occupied,LSE-004093
PROP-01484,spartina-cove,7365 Silver Oak Xing,Jacksonville,FL,32202,CTY-020,3,2.0,1979,2019,2019-12-03,466600,2635,occupied,LSE-004096
PROP-01485,spartina-cove,7824 Dovetail Cir,Jacksonville,FL,32202,CTY-020,3,2.0,1817,2017,2017-03-26,468800,2630,occupied,LSE-004099
PROP-01486,spartina-cove,8995 Larkspur Xing,Jacksonville,FL,32202,CTY-020,3,2.0,1839,2016,2016-08-25,475800,2715,occupied,LSE-004103
PROP-01487,spartina-cove,7863 Dovetail Ct,Jacksonville,FL,32202,CTY-020,3,2.0,1795,2018,2018-07-09,474200,2615,vacant,
PROP-01488,spartina-cove,7127 Silver Oak Cir,Jacksonville,FL,32202,CTY-020,3,2.0,1786,2023,2023-01-06,472000,2575,occupied,LSE-004108
PROP-01489,spartina-cove,3333 Windrose Trl,Jacksonville,FL,32202,CTY-020,3,2.5,1810,2020,2020-12-28,424400,2580,occupied,LSE-004111
PROP-01490,spartina-cove,2453 Quail Run Trl,Jacksonville,FL,32202,CTY-020,3,2.0,1932,2016,2016-10-18,403500,2685,occupied,LSE-004115
PROP-01491,spartina-cove,3394 Blue Heron Ct,Jacksonville,FL,32202,CTY-020,3,2.5,1756,2017,2017-03-19,386900,2605,occupied,LSE-004118
PROP-01492,spartina-cove,6507 Bellflower Ln,Jacksonville,FL,32202,CTY-020,3,2.0,1938,2020,2020-05-15,442300,2675,vacant,
PROP-01493,spartina-cove,275 Summit Cir,Jacksonville,FL,32202,CTY-020,3,2.5,1603,2022,2022-01-21,433600,2650,occupied,LSE-004123
PROP-01494,spartina-cove,849 Summit Ln,Jacksonville,FL,32202,CTY-020,3,2.0,1995,2022,2022-02-02,404700,2610,occupied,LSE-004126
PROP-01495,spartina-cove,5637 Hawthorn Cir,Jacksonville,FL,32202,CTY-020,3,2.0,1854,2024,2024-12-09,409900,2610,occupied,LSE-004128
PROP-01496,spartina-cove,7378 Willow Bend Ln,Jacksonville,FL,32202,CTY-020,3,2.0,2000,2022,2022-04-02,477700,2720,occupied,LSE-004131
PROP-01497,spartina-cove,2630 Willow Bend Ln,Jacksonville,FL,32202,CTY-020,3,2.5,1700,2016,2016-05-10,403000,2605,occupied,LSE-004134
PROP-01498,spartina-cove,5356 Ironwood Xing,Jacksonville,FL,32202,CTY-020,3,2.0,1521,2018,2018-09-05,456500,2620,occupied,LSE-004137
PROP-01499,spartina-cove,7220 Tanglewood Path,Jacksonville,FL,32202,CTY-020,3,2.5,1864,2017,2017-12-16,441600,2660,occupied,LSE-004140
PROP-01500,spartina-cove,4316 Dovetail Cir,Jacksonville,FL,32202,CTY-020,3,2.0,1706,2024,2024-09-08,371700,2575,occupied,LSE-004142
PROP-01501,spartina-cove,2758 Copper Creek Path,Jacksonville,FL,32202,CTY-020,3,2.0,2009,2020,2020-02-03,509000,2690,occupied,LSE-004145
PROP-01502,spartina-cove,7133 Willow Bend Xing,Jacksonville,FL,32202,CTY-020,3,2.5,2264,2023,2023-08-11,517500,2775,occupied,LSE-004148
PROP-01503,spartina-cove,3196 Blue Heron Cir,Jacksonville,FL,32202,CTY-020,3,2.0,1991,2024,2024-08-06,420100,2715,occupied,LSE-004150
PROP-01504,spartina-cove,7304 Hawthorn Way,Jacksonville,FL,32202,CTY-020,3,2.5,1676,2018,2018-03-13,497700,2705,occupied,LSE-004154
PROP-01505,spartina-cove,5686 Dovetail Dr,Jacksonville,FL,32202,CTY-020,3,2.0,1581,2016,2016-01-02,420900,2630,occupied,LSE-004157
PROP-01506,1082-townhomes,7263 Tanglewood Xing,Smyrna,TN,37167,CTY-022,3,2.0,1688,2018,2018-03-14,428300,2770,occupied,LSE-004161
PROP-01507,1082-townhomes,218 Wren Hollow Trl,Smyrna,TN,37167,CTY-022,3,2.0,2043,2020,2020-04-22,415200,2840,occupied,LSE-004164
PROP-01508,1082-townhomes,8043 Blue Heron Way,Smyrna,TN,37167,CTY-022,3,2.0,1647,2020,2020-08-21,479300,2755,occupied,LSE-004167
PROP-01509,1082-townhomes,7977 Summit Xing,Smyrna,TN,37167,CTY-022,3,2.0,1690,2021,2021-01-23,474500,2700,occupied,LSE-004170
PROP-01510,1082-townhomes,5749 Wren Hollow Ct,Smyrna,TN,37167,CTY-022,3,2.0,1708,2020,2020-12-27,416100,2740,occupied,LSE-004173
PROP-01511,1082-townhomes,6144 Bellflower Cir,Smyrna,TN,37167,CTY-022,3,2.0,2074,2016,2016-01-02,431200,2750,occupied,LSE-004177
PROP-01512,1082-townhomes,6017 Juniper Way,Smyrna,TN,37167,CTY-022,3,2.0,1701,2017,2017-02-11,486200,2770,occupied,LSE-004181
PROP-01513,1082-townhomes,401 Willow Bend Cir,Smyrna,TN,37167,CTY-022,3,2.0,1767,2019,2019-07-20,493200,2725,occupied,LSE-004184
PROP-01514,1082-townhomes,8545 Willow Bend Ln,Smyrna,TN,37167,CTY-022,3,2.0,1985,2021,2021-12-13,403900,2855,occupied,LSE-004186
PROP-01515,1082-townhomes,4827 Willow Bend Dr,Smyrna,TN,37167,CTY-022,3,2.0,1802,2018,2018-07-02,480700,2715,occupied,LSE-004189
PROP-01516,1082-townhomes,551 Redbud Ln,Smyrna,TN,37167,CTY-022,3,2.0,1842,2022,2022-07-14,408600,2840,occupied,LSE-004192
PROP-01517,1082-townhomes,8679 Marigold Dr,Smyrna,TN,37167,CTY-022,3,2.5,1665,2016,2016-02-11,502700,2800,occupied,LSE-004194
PROP-01518,1082-townhomes,5830 Dovetail Xing,Smyrna,TN,37167,CTY-022,3,2.5,1586,2023,2023-12-16,387800,2645,occupied,LSE-004197
PROP-01519,1082-townhomes,5089 Redbud Cir,Smyrna,TN,37167,CTY-022,3,2.0,1882,2021,2021-11-08,465900,2745,occupied,LSE-004200
PROP-01520,1082-townhomes,3651 Summit Ct,Smyrna,TN,37167,CTY-022,3,2.0,1847,2021,2021-02-04,414600,2820,occupied,LSE-004202
PROP-01521,1082-townhomes,7787 Quail Run Trl,Smyrna,TN,37167,CTY-022,3,2.0,1810,2022,2022-08-05,482800,2725,occupied,LSE-004204
PROP-01522,1082-townhomes,4224 Juniper Ct,Smyrna,TN,37167,CTY-022,3,2.0,1916,2020,2020-08-14,444800,2785,occupied,LSE-004208
PROP-01523,1082-townhomes,2338 Ironwood Path,Smyrna,TN,37167,CTY-022,3,2.0,1438,2019,2019-02-15,503700,2790,vacant,
PROP-01524,1082-townhomes,190 Magnolia Ln,Smyrna,TN,37167,CTY-022,3,2.0,1875,2020,2020-12-20,521400,2800,occupied,LSE-004214
PROP-01525,1082-townhomes,4029 Wren Hollow Cir,Smyrna,TN,37167,CTY-022,3,2.5,1886,2021,2021-11-10,492100,2730,occupied,LSE-004216
PROP-01526,1082-townhomes,7317 Sable Ln,Smyrna,TN,37167,CTY-022,3,2.0,1773,2020,2020-04-24,478100,2810,occupied,LSE-004219
PROP-01527,1082-townhomes,6138 Hawthorn Ln,Smyrna,TN,37167,CTY-022,3,2.0,1979,2016,2016-10-25,508700,2730,occupied,LSE-004223
PROP-01528,1082-townhomes,1332 Windrose Dr,Smyrna,TN,37167,CTY-022,3,2.0,1943,2021,2021-12-25,414100,2730,occupied,LSE-004227
PROP-01529,1082-townhomes,7561 Silver Oak Cir,Smyrna,TN,37167,CTY-022,3,2.0,1608,2024,2024-05-26,422700,2750,occupied,LSE-004229
PROP-01530,1082-townhomes,3967 Quail Run Trl,Smyrna,TN,37167,CTY-022,3,2.0,1753,2016,2016-02-10,445300,2695,occupied,LSE-004232
PROP-01531,1082-townhomes,1253 Cypress Path,Smyrna,TN,37167,CTY-022,3,2.5,2076,2020,2020-03-07,510100,2805,occupied,LSE-004235
PROP-01532,1082-townhomes,6210 Quail Run Way,Smyrna,TN,37167,CTY-022,3,2.0,1455,2020,2020-11-20,447300,2750,occupied,LSE-004237
PROP-01533,1082-townhomes,2759 Windrose Ct,Smyrna,TN,37167,CTY-022,3,2.0,1676,2023,2023-01-15,498000,2685,occupied,LSE-004240
PROP-01534,1082-townhomes,1349 Marigold Path,Smyrna,TN,37167,CTY-022,3,2.0,1620,2023,2023-04-20,452900,2670,occupied,LSE-004242
PROP-01535,1082-townhomes,9295 Windrose Way,Smyrna,TN,37167,CTY-022,3,2.5,1746,2017,2017-02-22,414600,2695,occupied,LSE-004245
PROP-01536,1082-townhomes,9624 Hawthorn Way,Smyrna,TN,37167,CTY-022,3,2.0,2037,2019,2019-10-07,491000,2715,occupied,LSE-004247
PROP-01537,1082-townhomes,4716 Quail Run Ln,Smyrna,TN,37167,CTY-022,3,2.0,2264,2021,2021-04-17,498600,2900,occupied,LSE-004250
PROP-01538,1082-townhomes,2287 Wren Hollow Dr,Smyrna,TN,37167,CTY-022,3,2.0,1726,2021,2021-10-26,451100,2720,occupied,LSE-004254
PROP-01539,1082-townhomes,1944 Blue Heron Ln,Smyrna,TN,37167,CTY-022,3,2.0,1751,2021,2021-11-20,418800,2740,occupied,LSE-004257
PROP-01540,1082-townhomes,1549 Quail Run Ct,Smyrna,TN,37167,CTY-022,3,2.0,2077,2021,2021-11-27,478900,2735,occupied,LSE-004259
PROP-01541,1082-townhomes,1270 Summit Cir,Smyrna,TN,37167,CTY-022,3,2.0,1887,2021,2021-06-20,492000,2740,occupied,LSE-004262
PROP-01542,1082-townhomes,5683 Ironwood Way,Smyrna,TN,37167,CTY-022,3,2.0,1762,2021,2021-10-01,493100,2810,occupied,LSE-004266
PROP-01543,1082-townhomes,3433 Larkspur Trl,Smyrna,TN,37167,CTY-022,3,2.0,1938,2024,2024-06-27,501000,2800,vacant,
PROP-01544,1082-townhomes,8845 Copper Creek Dr,Smyrna,TN,37167,CTY-022,3,2.0,2124,2019,2019-03-23,430100,2770,occupied,LSE-004271
PROP-01545,1082-townhomes,8331 Summit Xing,Smyrna,TN,37167,CTY-022,3,2.0,1940,2019,2019-05-28,441500,2710,occupied,LSE-004275
PROP-01546,1082-townhomes,7555 Hawthorn Way,Smyrna,TN,37167,CTY-022,3,2.0,2280,2016,2016-10-04,521000,2785,occupied,LSE-004278
PROP-01547,1082-townhomes,5857 Dovetail Xing,Smyrna,TN,37167,CTY-022,3,2.0,2027,2020,2020-06-11,488600,2770,occupied,LSE-004280
PROP-01548,1082-townhomes,5907 Dovetail Dr,Smyrna,TN,37167,CTY-022,3,2.5,2052,2020,2020-02-07,433600,2835,occupied,LSE-004283
PROP-01549,1082-townhomes,9780 Redbud Trl,Smyrna,TN,37167,CTY-022,3,2.0,1930,2016,2016-05-01,396100,2745,occupied,LSE-004285
PROP-01550,1082-townhomes,1595 Magnolia Dr,Smyrna,TN,37167,CTY-022,3,2.0,2089,2020,2020-12-26,513900,2765,occupied,LSE-004289
PROP-01551,1082-townhomes,9819 Redbud Dr,Smyrna,TN,37167,CTY-022,3,2.5,1816,2018,2018-05-12,473000,2720,occupied,LSE-004291
PROP-01552,1082-townhomes,9123 Windrose Dr,Smyrna,TN,37167,CTY-022,3,2.0,1972,2021,2021-04-26,438400,2760,occupied,LSE-004295
PROP-01553,1082-townhomes,2631 Ironwood Xing,Smyrna,TN,37167,CTY-022,3,2.5,1956,2017,2017-12-10,463900,2735,occupied,LSE-004298
PROP-01554,1082-townhomes,9733 Tanglewood Path,Smyrna,TN,37167,CTY-022,3,2.0,2230,2023,2023-07-11,449700,2820,occupied,LSE-004300
PROP-01555,1082-townhomes,7209 Willow Bend Path,Smyrna,TN,37167,CTY-022,3,2.0,1935,2024,2024-08-17,447200,2780,occupied,LSE-004302
PROP-01556,1082-townhomes,7944 Blue Heron Ln,Smyrna,TN,37167,CTY-022,3,2.0,1965,2020,2020-09-04,473800,2785,occupied,LSE-004305
PROP-01557,cedar-landing,4146 Ironwood Xing,Lebanon,TN,37087,CTY-023,3,2.5,2157,2019,2019-12-13,444300,2475,occupied,LSE-004309
PROP-01558,cedar-landing,2365 Quail Run Path,Lebanon,TN,37087,CTY-023,3,2.0,1756,2016,2016-05-28,400300,2290,occupied,LSE-004313
PROP-01559,cedar-landing,2760 Juniper Ln,Lebanon,TN,37087,CTY-023,3,2.0,1896,2017,2017-07-01,419100,2415,occupied,LSE-004316
PROP-01560,cedar-landing,3302 Ironwood Way,Lebanon,TN,37087,CTY-023,3,2.0,2056,2020,2020-03-09,353500,2405,occupied,LSE-004319
PROP-01561,cedar-landing,7570 Dovetail Ct,Lebanon,TN,37087,CTY-023,3,2.5,1902,2022,2022-05-04,367400,2375,occupied,LSE-004322
PROP-01562,cedar-landing,4460 Bellflower Trl,Lebanon,TN,37087,CTY-023,3,2.5,1718,2017,2017-09-04,397100,2350,occupied,LSE-004325
PROP-01563,cedar-landing,6434 Wren Hollow Trl,Lebanon,TN,37087,CTY-023,3,2.0,1857,2024,2024-11-22,440100,2395,occupied,LSE-004327
PROP-01564,cedar-landing,4628 Dovetail Way,Lebanon,TN,37087,CTY-023,3,2.0,1924,2017,2017-10-24,447600,2390,occupied,LSE-004330
PROP-01565,cedar-landing,8718 Silver Oak Ln,Lebanon,TN,37087,CTY-023,3,2.0,1874,2018,2018-03-12,365900,2435,occupied,LSE-004332
PROP-01566,cedar-landing,6643 Willow Bend Cir,Lebanon,TN,37087,CTY-023,3,2.0,1641,2017,2017-09-11,425000,2300,occupied,LSE-004334
PROP-01567,cedar-landing,5188 Marigold Dr,Lebanon,TN,37087,CTY-023,3,2.0,1839,2016,2016-07-07,381300,2395,vacant,
PROP-01568,cedar-landing,2867 Copper Creek Cir,Lebanon,TN,37087,CTY-023,3,2.0,2055,2023,2023-08-23,427100,2340,occupied,LSE-004338
PROP-01569,cedar-landing,6546 Blue Heron Dr,Lebanon,TN,37087,CTY-023,3,2.5,1700,2020,2020-10-12,429200,2335,occupied,LSE-004341
PROP-01570,cedar-landing,5290 Cypress Cir,Lebanon,TN,37087,CTY-023,3,2.0,1928,2017,2017-06-14,426800,2365,occupied,LSE-004343
PROP-01571,cedar-landing,1551 Wren Hollow Cir,Lebanon,TN,37087,CTY-023,3,2.0,1762,2023,2023-02-02,341800,2310,occupied,LSE-004346
PROP-01572,cedar-landing,1529 Silver Oak Ct,Lebanon,TN,37087,CTY-023,3,2.0,1826,2020,2020-04-25,395900,2300,occupied,LSE-004348
PROP-01573,cedar-landing,8465 Bellflower Xing,Lebanon,TN,37087,CTY-023,3,2.0,1736,2017,2017-09-27,395000,2355,occupied,LSE-004351
PROP-01574,cedar-landing,4601 Redbud Cir,Lebanon,TN,37087,CTY-023,3,2.0,2019,2021,2021-01-18,379900,2325,occupied,LSE-004353
PROP-01575,cedar-landing,2011 Willow Bend Xing,Lebanon,TN,37087,CTY-023,3,2.5,1943,2021,2021-05-14,452900,2425,occupied,LSE-004356
PROP-01576,cedar-landing,1651 Dovetail Ln,Lebanon,TN,37087,CTY-023,3,2.0,1971,2024,2024-05-11,374600,2440,turn,
PROP-01577,cedar-landing,9795 Magnolia Cir,Lebanon,TN,37087,CTY-023,3,2.5,1726,2021,2021-04-11,423100,2285,occupied,LSE-004361
PROP-01578,cedar-landing,3718 Hawthorn Dr,Lebanon,TN,37087,CTY-023,3,2.0,1623,2018,2018-03-15,335500,2265,occupied,LSE-004364
PROP-01579,cedar-landing,156 Juniper Ln,Lebanon,TN,37087,CTY-023,3,2.0,1571,2019,2019-08-08,377300,2330,occupied,LSE-004367
PROP-01580,cedar-landing,4818 Cypress Xing,Lebanon,TN,37087,CTY-023,3,2.5,1842,2022,2022-08-22,403900,2395,occupied,LSE-004371
PROP-01581,cedar-landing,5812 Redbud Ct,Lebanon,TN,37087,CTY-023,3,2.5,1883,2023,2023-01-14,440400,2360,occupied,LSE-004374
PROP-01582,cedar-landing,1513 Blue Heron Way,Lebanon,TN,37087,CTY-023,3,2.0,1776,2019,2019-10-22,403600,2375,occupied,LSE-004377
PROP-01583,cedar-landing,7724 Blue Heron Cir,Lebanon,TN,37087,CTY-023,3,2.0,1643,2023,2023-07-11,377900,2310,occupied,LSE-004379
PROP-01584,cedar-landing,4643 Windrose Path,Lebanon,TN,37087,CTY-023,3,2.0,2118,2020,2020-01-27,406200,2465,occupied,LSE-004383
PROP-01585,cedar-landing,388 Dovetail Ct,Lebanon,TN,37087,CTY-023,3,2.0,1543,2021,2021-09-06,396600,2375,occupied,LSE-004385
PROP-01586,cedar-landing,1318 Bellflower Dr,Lebanon,TN,37087,CTY-023,3,2.5,1784,2019,2019-12-23,377000,2360,occupied,LSE-004388
PROP-01587,cedar-landing,2043 Copper Creek Ct,Lebanon,TN,37087,CTY-023,3,2.5,1908,2020,2020-02-25,380400,2385,vacant,
PROP-01588,cedar-landing,5428 Windrose Ln,Lebanon,TN,37087,CTY-023,3,2.0,2127,2023,2023-04-25,434300,2410,occupied,LSE-004393
PROP-01589,cedar-landing,3407 Redbud Way,Lebanon,TN,37087,CTY-023,3,2.0,1858,2019,2019-06-13,411600,2430,vacant,
PROP-01590,cedar-landing,1573 Ironwood Way,Lebanon,TN,37087,CTY-023,3,2.5,2125,2020,2020-09-12,376400,2405,occupied,LSE-004400
PROP-01591,cedar-landing,6531 Juniper Xing,Lebanon,TN,37087,CTY-023,3,2.5,1542,2016,2016-06-03,333300,2340,occupied,LSE-004403
PROP-01592,cedar-landing,3650 Dovetail Trl,Lebanon,TN,37087,CTY-023,3,2.5,1696,2018,2018-03-05,354700,2360,occupied,LSE-004407
PROP-01593,cedar-landing,1165 Tanglewood Ln,Lebanon,TN,37087,CTY-023,3,2.0,2140,2016,2016-07-01,378800,2395,occupied,LSE-004410
PROP-01594,cedar-landing,3253 Hawthorn Ct,Lebanon,TN,37087,CTY-023,3,2.0,1795,2018,2018-04-07,392800,2375,occupied,LSE-004412
PROP-01595,cedar-landing,950 Summit Xing,Lebanon,TN,37087,CTY-023,3,2.5,2153,2016,2016-12-01,359800,2410,occupied,LSE-004416
PROP-01596,cedar-landing,1850 Hawthorn Path,Lebanon,TN,37087,CTY-023,3,2.0,1608,2024,2024-07-02,421200,2385,occupied,LSE-004418
PROP-01597,cedar-landing,2942 Larkspur Ln,Lebanon,TN,37087,CTY-023,3,2.5,1818,2018,2018-05-01,367200,2335,occupied,LSE-004422
PROP-01598,cedar-landing,3216 Cypress Way,Lebanon,TN,37087,CTY-023,3,2.0,1852,2016,2016-10-18,435500,2430,occupied,LSE-004424
PROP-01599,cedar-landing,114 Larkspur Ct,Lebanon,TN,37087,CTY-023,3,2.0,1740,2024,2024-07-14,339100,2380,occupied,LSE-004426
PROP-01600,wyncliff,7588 Wren Hollow Trl,Clarksville,TN,37040,CTY-024,3,2.5,1847,2023,2023-03-13,452200,2440,occupied,LSE-004429
PROP-01601,wyncliff,450 Bellflower Cir,Clarksville,TN,37040,CTY-024,4,2.5,2308,2016,2016-08-21,427900,2725,occupied,LSE-004433
PROP-01602,wyncliff,8533 Copper Creek Ln,Clarksville,TN,37040,CTY-024,4,2.5,2224,2018,2018-01-25,447600,2680,occupied,LSE-004436
PROP-01603,wyncliff,666 Redbud Cir,Clarksville,TN,37040,CTY-024,3,2.0,1683,2021,2021-02-16,418700,2355,occupied,LSE-004439
PROP-01604,wyncliff,644 Willow Bend Cir,Clarksville,TN,37040,CTY-024,4,2.5,2569,2023,2023-08-14,404900,2700,occupied,LSE-004441
PROP-01605,wyncliff,8243 Ironwood Way,Clarksville,TN,37040,CTY-024,3,2.0,1903,2022,2022-06-11,430400,2420,occupied,LSE-004444
PROP-01606,wyncliff,1376 Windrose Path,Clarksville,TN,37040,CTY-024,4,3.0,2319,2016,2016-01-17,425900,2790,occupied,LSE-004447
PROP-01607,wyncliff,4487 Dovetail Path,Clarksville,TN,37040,CTY-024,3,2.0,2105,2017,2017-11-16,424300,2540,turn,
PROP-01608,wyncliff,6440 Summit Ct,Clarksville,TN,37040,CTY-024,4,2.5,2595,2023,2023-07-07,485200,2720,occupied,LSE-004451
PROP-01609,wyncliff,3640 Cypress Way,Clarksville,TN,37040,CTY-024,3,2.0,1591,2019,2019-02-10,338300,2405,occupied,LSE-004453
PROP-01610,wyncliff,1670 Cypress Ln,Clarksville,TN,37040,CTY-024,3,2.0,1796,2016,2016-03-01,439600,2490,occupied,LSE-004455
PROP-01611,wyncliff,4691 Silver Oak Ct,Clarksville,TN,37040,CTY-024,3,2.0,1940,2024,2024-01-14,349100,2410,occupied,LSE-004457
PROP-01612,wyncliff,9243 Silver Oak Cir,Clarksville,TN,37040,CTY-024,3,2.0,1964,2017,2017-09-24,394100,2440,occupied,LSE-004460
PROP-01613,wyncliff,213 Marigold Ln,Clarksville,TN,37040,CTY-024,3,2.5,1893,2016,2016-09-28,374400,2370,occupied,LSE-004463
PROP-01614,wyncliff,7597 Ironwood Xing,Clarksville,TN,37040,CTY-024,4,3.0,2281,2017,2017-03-24,391800,2660,occupied,LSE-004465
PROP-01615,wyncliff,9679 Silver Oak Xing,Clarksville,TN,37040,CTY-024,4,2.5,2497,2024,2024-04-06,412200,2705,occupied,LSE-004467
PROP-01616,wyncliff,2312 Magnolia Dr,Clarksville,TN,37040,CTY-024,4,2.5,2222,2017,2017-05-08,380100,2670,occupied,LSE-004471
PROP-01617,wyncliff,2677 Larkspur Cir,Clarksville,TN,37040,CTY-024,4,3.0,2613,2018,2018-11-12,465500,2695,occupied,LSE-004474
PROP-01618,wyncliff,7224 Copper Creek Dr,Clarksville,TN,37040,CTY-024,3,2.5,1687,2017,2017-07-16,417600,2350,occupied,LSE-004476
PROP-01619,wyncliff,1995 Tanglewood Path,Clarksville,TN,37040,CTY-024,3,2.5,1982,2019,2019-04-23,453500,2475,occupied,LSE-004480
PROP-01620,wyncliff,4475 Larkspur Xing,Clarksville,TN,37040,CTY-024,3,2.0,1948,2016,2016-01-20,359600,2485,occupied,LSE-004483
PROP-01621,wyncliff,6342 Silver Oak Way,Clarksville,TN,37040,CTY-024,4,3.0,2321,2024,2024-02-10,425100,2670,occupied,LSE-004485
PROP-01622,wyncliff,9320 Tanglewood Ln,Clarksville,TN,37040,CTY-024,4,3.0,2485,2022,2022-05-09,474500,2710,occupied,LSE-004487
PROP-01623,wyncliff,6552 Copper Creek Ln,Clarksville,TN,37040,CTY-024,3,2.0,1832,2017,2017-04-24,401400,2445,occupied,LSE-004491
PROP-01624,wyncliff,8331 Summit Cir,Clarksville,TN,37040,CTY-024,3,2.0,1862,2020,2020-04-10,377700,2375,occupied,LSE-004493
PROP-01625,wyncliff,9084 Hawthorn Dr,Clarksville,TN,37040,CTY-024,4,2.5,2461,2021,2021-01-05,485700,2670,occupied,LSE-004496
PROP-01626,wyncliff,3227 Larkspur Cir,Clarksville,TN,37040,CTY-024,4,3.0,2434,2022,2022-06-08,470600,2760,occupied,LSE-004499
PROP-01627,wyncliff,6642 Juniper Path,Clarksville,TN,37040,CTY-024,4,2.5,2255,2016,2016-11-25,387600,2695,occupied,LSE-004502
PROP-01628,wyncliff,5462 Blue Heron Ct,Clarksville,TN,37040,CTY-024,4,2.5,2426,2018,2018-12-07,448900,2785,occupied,LSE-004505
PROP-01629,wyncliff,3196 Sable Ct,Clarksville,TN,37040,CTY-024,3,2.0,2047,2016,2016-10-07,410500,2500,occupied,LSE-004508
PROP-01630,old-hickory,9444 Bellflower Ct,St. Cloud,FL,34772,CTY-025,5,3.0,3108,2022,2022-02-12,438400,2750,occupied,LSE-004511
PROP-01631,old-hickory,8980 Dovetail Dr,St. Cloud,FL,34772,CTY-025,5,3.5,3058,2019,2019-12-25,433000,2810,occupied,LSE-004514
PROP-01632,old-hickory,7860 Windrose Path,St. Cloud,FL,34772,CTY-025,5,3.5,2943,2018,2018-05-26,403500,2680,occupied,LSE-004517
PROP-01633,old-hickory,2198 Silver Oak Way,St. Cloud,FL,34772,CTY-025,5,3.0,3152,2024,2024-01-17,484700,2750,occupied,LSE-004520
PROP-01634,old-hickory,2938 Copper Creek Dr,St. Cloud,FL,34772,CTY-025,5,3.0,2838,2021,2021-09-11,387900,2680,occupied,LSE-004524
PROP-01635,old-hickory,7076 Sable Ln,St. Cloud,FL,34772,CTY-025,5,3.5,2582,2022,2022-03-26,378500,2625,occupied,LSE-004526
PROP-01636,old-hickory,2908 Blue Heron Cir,St. Cloud,FL,34772,CTY-025,5,3.5,2746,2017,2017-10-01,511000,2740,occupied,LSE-004529
PROP-01637,old-hickory,2934 Blue Heron Path,St. Cloud,FL,34772,CTY-025,5,3.0,2677,2018,2018-03-26,494300,2715,occupied,LSE-004532
PROP-01638,old-hickory,1769 Tanglewood Ct,St. Cloud,FL,34772,CTY-025,5,3.0,3206,2024,2024-01-05,471400,2720,occupied,LSE-004535
PROP-01639,old-hickory,7646 Tanglewood Path,St. Cloud,FL,34772,CTY-025,5,3.0,3222,2021,2021-08-15,441200,2710,occupied,LSE-004538
PROP-01640,old-hickory,1749 Redbud Xing,St. Cloud,FL,34772,CTY-025,5,3.5,2988,2018,2018-12-11,421900,2730,occupied,LSE-004541
PROP-01641,old-hickory,4322 Quail Run Way,St. Cloud,FL,34772,CTY-025,5,3.5,2692,2017,2017-04-13,406500,2755,occupied,LSE-004543
PROP-01642,old-hickory,533 Summit Ln,St. Cloud,FL,34772,CTY-025,5,3.0,3235,2017,2017-01-10,407100,2850,occupied,LSE-004546
PROP-01643,old-hickory,8857 Sable Ct,St. Cloud,FL,34772,CTY-025,5,3.0,2732,2022,2022-08-02,388600,2650,occupied,LSE-004548
PROP-01644,old-hickory,4001 Sable Cir,St. Cloud,FL,34772,CTY-025,5,3.0,3216,2017,2017-09-24,445600,2835,occupied,LSE-004551
PROP-01645,old-hickory,6637 Copper Creek Cir,St. Cloud,FL,34772,CTY-025,5,3.0,2877,2021,2021-02-04,506600,2760,occupied,LSE-004554
PROP-01646,old-hickory,114 Bellflower Dr,St. Cloud,FL,34772,CTY-025,5,3.5,2864,2018,2018-02-17,458300,2665,occupied,LSE-004557
PROP-01647,old-hickory,9877 Cypress Cir,St. Cloud,FL,34772,CTY-025,5,3.5,3035,2021,2021-04-26,463900,2755,occupied,LSE-004560
PROP-01648,old-hickory,3588 Blue Heron Path,St. Cloud,FL,34772,CTY-025,5,3.0,3197,2023,2023-12-17,518300,2840,occupied,LSE-004562
PROP-01649,old-hickory,2216 Hawthorn Path,St. Cloud,FL,34772,CTY-025,5,3.0,2793,2018,2018-11-04,401000,2750,occupied,LSE-004565
PROP-01650,old-hickory,6366 Sable Cir,St. Cloud,FL,34772,CTY-025,5,3.0,3011,2023,2023-12-27,498400,2795,occupied,LSE-004567
PROP-01651,old-hickory,732 Sable Trl,St. Cloud,FL,34772,CTY-025,5,3.0,2708,2018,2018-07-23,515000,2740,vacant,
PROP-01652,old-hickory,5881 Juniper Ln,St. Cloud,FL,34772,CTY-025,5,3.0,2700,2022,2022-09-07,409400,2720,occupied,LSE-004573
PROP-01653,old-hickory,7944 Summit Ln,St. Cloud,FL,34772,CTY-025,5,3.0,3122,2020,2020-09-23,447400,2795,occupied,LSE-004576
PROP-01654,old-hickory,8623 Magnolia Path,St. Cloud,FL,34772,CTY-025,5,3.0,2902,2023,2023-04-22,438100,2785,occupied,LSE-004578
PROP-01655,old-hickory,6678 Ironwood Trl,St. Cloud,FL,34772,CTY-025,5,3.0,3000,2022,2022-09-19,405000,2810,occupied,LSE-004582
PROP-01656,old-hickory,2635 Cypress Dr,St. Cloud,FL,34772,CTY-025,5,3.0,2903,2019,2019-07-02,484100,2730,occupied,LSE-004585
PROP-01657,old-hickory,9772 Willow Bend Dr,St. Cloud,FL,34772,CTY-025,5,3.0,2854,2016,2016-06-16,376400,2675,occupied,LSE-004588
PROP-01658,old-hickory,9204 Ironwood Dr,St. Cloud,FL,34772,CTY-025,5,3.0,3139,2017,2017-07-06,411900,2765,occupied,LSE-004591
PROP-01659,old-hickory,4935 Windrose Cir,St. Cloud,FL,34772,CTY-025,5,3.0,2747,2017,2017-04-22,425700,2675,occupied,LSE-004594
PROP-01660,old-hickory,368 Redbud Cir,St. Cloud,FL,34772,CTY-025,5,3.5,3071,2018,2018-05-26,427200,2800,occupied,LSE-004597
PROP-01661,old-hickory,6808 Copper Creek Dr,St. Cloud,FL,34772,CTY-025,5,3.5,2790,2023,2023-09-03,491200,2690,occupied,LSE-004599
PROP-01662,old-hickory,3461 Copper Creek Path,St. Cloud,FL,34772,CTY-025,5,3.0,3099,2021,2021-10-10,489200,2825,occupied,LSE-004602
PROP-01663,old-hickory,3141 Tanglewood Way,St. Cloud,FL,34772,CTY-025,5,3.0,3278,2020,2020-07-04,391300,2720,occupied,LSE-004606
PROP-01664,old-hickory,992 Silver Oak Dr,St. Cloud,FL,34772,CTY-025,5,3.0,2928,2017,2017-01-18,444500,2715,occupied,LSE-004610
PROP-01665,old-hickory,1973 Silver Oak Dr,St. Cloud,FL,34772,CTY-025,5,3.0,3126,2020,2020-01-20,457200,2795,occupied,LSE-004613
PROP-01666,old-hickory,2170 Willow Bend Ln,St. Cloud,FL,34772,CTY-025,5,3.0,2970,2020,2020-05-21,407800,2690,occupied,LSE-004615
PROP-01667,old-hickory,3457 Tanglewood Ct,St. Cloud,FL,34772,CTY-025,5,3.0,2896,2019,2019-07-20,422900,2650,occupied,LSE-004618
PROP-01668,old-hickory,6371 Juniper Dr,St. Cloud,FL,34772,CTY-025,5,3.0,2760,2020,2020-06-11,410600,2655,occupied,LSE-004621
PROP-01669,old-hickory,9605 Tanglewood Dr,St. Cloud,FL,34772,CTY-025,5,3.0,2757,2020,2020-09-14,454500,2715,occupied,LSE-004625
PROP-01670,old-hickory,8397 Juniper Ct,St. Cloud,FL,34772,CTY-025,5,3.0,2728,2021,2021-01-11,425900,2705,turn,
PROP-01671,old-hickory,7310 Cypress Xing,St. Cloud,FL,34772,CTY-025,5,3.0,3097,2024,2024-10-02,393100,2745,occupied,LSE-004630
PROP-01672,old-hickory,9432 Quail Run Xing,St. Cloud,FL,34772,CTY-025,5,3.0,3349,2024,2024-05-12,449500,2845,occupied,LSE-004632
PROP-01673,old-hickory,1431 Silver Oak Ct,St. Cloud,FL,34772,CTY-025,5,3.5,2833,2019,2019-05-13,492900,2640,vacant,
PROP-01674,old-hickory,9748 Blue Heron Xing,St. Cloud,FL,34772,CTY-025,5,3.0,3535,2018,2018-07-25,442000,2745,occupied,LSE-004638
PROP-01675,old-hickory,7272 Sable Way,St. Cloud,FL,34772,CTY-025,5,3.0,2812,2016,2016-12-21,424000,2725,occupied,LSE-004640
PROP-01676,old-hickory,8126 Summit Ct,St. Cloud,FL,34772,CTY-025,5,3.0,2891,2022,2022-06-17,442900,2720,occupied,LSE-004643
PROP-01677,old-hickory,7852 Silver Oak Ct,St. Cloud,FL,34772,CTY-025,5,3.0,2499,2016,2016-08-01,436000,2710,turn,
PROP-01678,old-hickory,5207 Hawthorn Ln,St. Cloud,FL,34772,CTY-025,5,3.5,2804,2016,2016-05-11,471700,2760,occupied,LSE-004649
PROP-01679,old-hickory,7398 Wren Hollow Trl,St. Cloud,FL,34772,CTY-025,5,3.0,2837,2024,2024-11-14,422100,2745,occupied,LSE-004651
PROP-01680,parkside-trails,7260 Wren Hollow Ln,Clermont,FL,34711,CTY-026,5,3.5,2939,2024,2024-06-20,713400,3800,occupied,LSE-004653
PROP-01681,parkside-trails,3354 Tanglewood Ct,Clermont,FL,34711,CTY-026,3,2.0,1912,2021,2021-02-14,494200,3125,occupied,LSE-004655
PROP-01682,parkside-trails,3626 Marigold Cir,Clermont,FL,34711,CTY-026,3,2.5,1663,2016,2016-11-05,459300,2995,vacant,
PROP-01683,parkside-trails,7556 Dovetail Ct,Clermont,FL,34711,CTY-026,4,2.5,2136,2017,2017-10-28,641000,3375,occupied,LSE-004661
PROP-01684,parkside-trails,9611 Sable Cir,Clermont,FL,34711,CTY-026,5,3.0,2885,2021,2021-07-13,620500,3975,occupied,LSE-004664
PROP-01685,parkside-trails,966 Silver Oak Way,Clermont,FL,34711,CTY-026,5,3.5,2686,2019,2019-07-06,628700,3735,occupied,LSE-004666
PROP-01686,parkside-trails,2633 Summit Xing,Clermont,FL,34711,CTY-026,4,2.5,2302,2017,2017-11-12,649200,3435,occupied,LSE-004669
PROP-01687,parkside-trails,221 Ironwood Ln,Clermont,FL,34711,CTY-026,5,3.0,2752,2019,2019-07-07,568100,3745,occupied,LSE-004673
PROP-01688,parkside-trails,6365 Juniper Cir,Clermont,FL,34711,CTY-026,3,2.5,1930,2016,2016-06-02,495200,3085,occupied,LSE-004677
PROP-01689,parkside-trails,2044 Windrose Cir,Clermont,FL,34711,CTY-026,3,2.0,2002,2021,2021-12-13,561500,3225,occupied,LSE-004680
PROP-01690,parkside-trails,115 Larkspur Xing,Clermont,FL,34711,CTY-026,3,2.0,2136,2019,2019-12-28,486000,3105,occupied,LSE-004682
PROP-01691,parkside-trails,4613 Willow Bend Path,Clermont,FL,34711,CTY-026,4,2.5,2497,2019,2019-10-27,624200,3540,occupied,LSE-004685
PROP-01692,parkside-trails,3286 Willow Bend Cir,Clermont,FL,34711,CTY-026,4,3.0,2450,2022,2022-12-01,645300,3590,occupied,LSE-004687
PROP-01693,parkside-trails,2449 Larkspur Cir,Clermont,FL,34711,CTY-026,5,3.5,3009,2020,2020-10-18,657500,3950,occupied,LSE-004689
PROP-01694,parkside-trails,1280 Ironwood Xing,Clermont,FL,34711,CTY-026,3,2.0,2102,2018,2018-04-04,463600,3120,occupied,LSE-004692
PROP-01695,parkside-trails,9574 Copper Creek Xing,Clermont,FL,34711,CTY-026,4,2.5,2125,2024,2024-02-13,540400,3355,occupied,LSE-004694
PROP-01696,parkside-trails,1289 Ironwood Path,Clermont,FL,34711,CTY-026,3,2.0,1812,2019,2019-11-22,541500,3160,occupied,LSE-004697
PROP-01697,parkside-trails,8237 Marigold Cir,Clermont,FL,34711,CTY-026,5,3.0,3029,2016,2016-12-04,717200,4010,occupied,LSE-004700
PROP-01698,parkside-trails,985 Hawthorn Way,Clermont,FL,34711,CTY-026,5,3.5,2940,2024,2024-05-07,589800,3785,occupied,LSE-004703
PROP-01699,parkside-trails,1588 Sable Dr,Clermont,FL,34711,CTY-026,5,3.0,2908,2017,2017-04-02,724800,3975,occupied,LSE-004706
PROP-01700,parkside-trails,1212 Summit Dr,Clermont,FL,34711,CTY-026,5,3.0,2969,2018,2018-04-11,592000,4000,occupied,LSE-004708
PROP-01701,parkside-trails,9182 Quail Run Dr,Clermont,FL,34711,CTY-026,3,2.5,1902,2021,2021-11-13,521200,3185,occupied,LSE-004711
PROP-01702,parkside-trails,8162 Windrose Dr,Clermont,FL,34711,CTY-026,3,2.0,2233,2024,2024-08-18,521600,3215,occupied,LSE-004712
PROP-01703,parkside-trails,9722 Juniper Dr,Clermont,FL,34711,CTY-026,4,2.5,2334,2019,2019-12-03,489300,3435,occupied,LSE-004714
PROP-01704,parkside-trails,4840 Tanglewood Ct,Clermont,FL,34711,CTY-026,4,3.0,2343,2020,2020-06-11,489300,3385,occupied,LSE-004717
PROP-01705,parkside-trails,4657 Sable Cir,Clermont,FL,34711,CTY-026,4,2.5,2514,2021,2021-12-19,579300,3535,turn,
PROP-01706,parkside-trails,4526 Juniper Trl,Clermont,FL,34711,CTY-026,4,2.5,2422,2022,2022-03-23,600500,3585,vacant,
PROP-01707,parkside-trails,6925 Copper Creek Ct,Clermont,FL,34711,CTY-026,3,2.5,1858,2017,2017-04-23,554400,3085,turn,
PROP-01708,silverleaf-oaks,294 Blue Heron Cir,Winter Garden,FL,34787,CTY-027,5,3.0,2886,2023,2023-08-23,717200,3835,occupied,LSE-004727
PROP-01709,silverleaf-oaks,1063 Dovetail Path,Winter Garden,FL,34787,CTY-027,5,3.0,2665,2024,2024-06-06,545300,3855,occupied,LSE-004729
PROP-01710,silverleaf-oaks,4039 Bellflower Dr,Winter Garden,FL,34787,CTY-027,5,3.0,3031,2017,2017-08-24,589400,3870,occupied,LSE-004732
PROP-01711,silverleaf-oaks,7616 Magnolia Ln,Winter Garden,FL,34787,CTY-027,5,3.5,2988,2018,2018-02-26,738900,3920,occupied,LSE-004735
PROP-01712,silverleaf-oaks,3057 Summit Ct,Winter Garden,FL,34787,CTY-027,5,3.0,2766,2016,2016-12-08,690000,3820,occupied,LSE-004737
PROP-01713,silverleaf-oaks,1830 Magnolia Trl,Winter Garden,FL,34787,CTY-027,5,3.0,2954,2019,2019-05-18,654800,3905,occupied,LSE-004740
PROP-01714,silverleaf-oaks,5545 Copper Creek Dr,Winter Garden,FL,34787,CTY-027,5,3.5,2948,2016,2016-06-25,560500,3770,occupied,LSE-004742
PROP-01715,silverleaf-oaks,9256 Wren Hollow Path,Winter Garden,FL,34787,CTY-027,5,3.5,2959,2019,2019-05-21,629500,3830,occupied,LSE-004744
PROP-01716,silverleaf-oaks,9021 Sable Dr,Winter Garden,FL,34787,CTY-027,4,2.5,2292,2020,2020-11-21,572400,3510,occupied,LSE-004746
PROP-01717,silverleaf-oaks,1560 Sable Xing,Winter Garden,FL,34787,CTY-027,4,3.0,2042,2018,2018-11-11,553100,3410,occupied,LSE-004749
PROP-01718,silverleaf-oaks,4497 Quail Run Cir,Winter Garden,FL,34787,CTY-027,4,2.5,2110,2016,2016-04-01,485800,3390,occupied,LSE-004752
PROP-01719,silverleaf-oaks,335 Dovetail Trl,Winter Garden,FL,34787,CTY-027,3,2.5,1771,2016,2016-05-15,450100,2990,occupied,LSE-004755
PROP-01720,silverleaf-oaks,4957 Juniper Ct,Winter Garden,FL,34787,CTY-027,4,2.5,2491,2018,2018-04-26,537100,3485,occupied,LSE-004758
PROP-01721,silverleaf-oaks,886 Larkspur Ln,Winter Garden,FL,34787,CTY-027,4,2.5,2391,2020,2020-06-25,595700,3360,occupied,LSE-004762
PROP-01722,silverleaf-oaks,2394 Ironwood Trl,Winter Garden,FL,34787,CTY-027,4,3.0,2371,2021,2021-03-28,513300,3365,occupied,LSE-004765
PROP-01723,silverleaf-oaks,1499 Sable Cir,Winter Garden,FL,34787,CTY-027,5,3.0,3017,2023,2023-04-24,703700,3805,occupied,LSE-004767
PROP-01724,silverleaf-oaks,9313 Redbud Ct,Winter Garden,FL,34787,CTY-027,5,3.0,2975,2024,2024-02-13,592500,3760,occupied,LSE-004769
PROP-01725,silverleaf-oaks,2704 Wren Hollow Ct,Winter Garden,FL,34787,CTY-027,5,3.5,2781,2022,2022-03-28,661700,3800,occupied,LSE-004772
PROP-01726,silverleaf-oaks,754 Juniper Trl,Winter Garden,FL,34787,CTY-027,5,3.0,2764,2021,2021-01-15,540600,3785,vacant,
PROP-01727,silverleaf-oaks,3706 Willow Bend Way,Winter Garden,FL,34787,CTY-027,3,2.5,2003,2020,2020-07-01,518000,3205,vacant,
PROP-01728,silverleaf-oaks,8131 Silver Oak Dr,Winter Garden,FL,34787,CTY-027,3,2.5,1821,2018,2018-04-24,508000,3005,occupied,LSE-004780
PROP-01729,silverleaf-oaks,9353 Cypress Path,Winter Garden,FL,34787,CTY-027,4,3.0,2314,2016,2016-12-02,528600,3420,occupied,LSE-004784
PROP-01730,silverleaf-oaks,4578 Larkspur Cir,Winter Garden,FL,34787,CTY-027,4,2.5,2340,2023,2023-11-05,583600,3510,occupied,LSE-004787
PROP-01731,silverleaf-oaks,7424 Marigold Trl,Winter Garden,FL,34787,CTY-027,3,2.5,1625,2022,2022-05-23,466400,3090,occupied,LSE-004790
PROP-01732,silverleaf-oaks,1750 Summit Way,Winter Garden,FL,34787,CTY-027,5,3.5,2901,2024,2024-09-21,648400,3845,occupied,LSE-004792
PROP-01733,silverleaf-oaks,1968 Dovetail Path,Winter Garden,FL,34787,CTY-027,4,3.0,2485,2022,2022-02-05,584700,3420,occupied,LSE-004794
PROP-01734,silverleaf-oaks,9653 Summit Way,Winter Garden,FL,34787,CTY-027,4,2.5,2321,2018,2018-09-13,567900,3385,occupied,LSE-004797
PROP-01735,tillman-lakes,8803 Willow Bend Ln,Melbourne,FL,32901,CTY-028,3,2.5,1964,2023,2023-02-10,333100,2235,occupied,LSE-004800
PROP-01736,tillman-lakes,8185 Juniper Ln,Melbourne,FL,32901,CTY-028,3,2.5,2150,2023,2023-03-01,385300,2305,occupied,LSE-004802
PROP-01737,tillman-lakes,5435 Quail Run Cir,Melbourne,FL,32901,CTY-028,3,2.0,1756,2018,2018-08-08,383000,2330,vacant,
PROP-01738,tillman-lakes,5059 Bellflower Dr,Melbourne,FL,32901,CTY-028,4,2.5,2286,2017,2017-06-26,379500,2475,occupied,LSE-004806
PROP-01739,tillman-lakes,1614 Sable Ct,Melbourne,FL,32901,CTY-028,3,2.5,1500,2024,2024-02-10,348500,2305,occupied,LSE-004808
PROP-01740,tillman-lakes,9032 Windrose Dr,Melbourne,FL,32901,CTY-028,4,3.0,2282,2024,2024-02-23,377200,2480,occupied,LSE-004810
PROP-01741,tillman-lakes,3635 Copper Creek Path,Melbourne,FL,32901,CTY-028,3,2.0,1823,2017,2017-08-02,427400,2305,occupied,LSE-004813
PROP-01742,tillman-lakes,4653 Ironwood Cir,Melbourne,FL,32901,CTY-028,3,2.5,2058,2019,2019-01-12,410500,2300,occupied,LSE-004817
PROP-01743,tillman-lakes,243 Juniper Cir,Melbourne,FL,32901,CTY-028,5,3.0,3409,2019,2019-09-02,496200,2970,occupied,LSE-004820
PROP-01744,tillman-lakes,3284 Cypress Ln,Melbourne,FL,32901,CTY-028,4,2.5,2253,2020,2020-11-26,457600,2545,occupied,LSE-004823
PROP-01745,tillman-lakes,3410 Bellflower Ct,Melbourne,FL,32901,CTY-028,4,2.5,2240,2017,2017-01-08,417600,2520,occupied,LSE-004826
PROP-01746,tillman-lakes,529 Juniper Ct,Melbourne,FL,32901,CTY-028,5,3.5,2794,2017,2017-03-28,454300,2735,occupied,LSE-004829
PROP-01747,tillman-lakes,3208 Juniper Xing,Melbourne,FL,32901,CTY-028,4,2.5,2455,2023,2023-05-26,373300,2555,occupied,LSE-004831
PROP-01748,tillman-lakes,8936 Juniper Ln,Melbourne,FL,32901,CTY-028,4,2.5,2299,2019,2019-09-13,384100,2525,occupied,LSE-004835
PROP-01749,tillman-lakes,1459 Marigold Xing,Melbourne,FL,32901,CTY-028,5,3.0,3127,2020,2020-12-21,425900,2895,occupied,LSE-004838
PROP-01750,tillman-lakes,8478 Larkspur Way,Melbourne,FL,32901,CTY-028,5,3.0,2834,2018,2018-09-06,518500,2890,occupied,LSE-004841
PROP-01751,tillman-lakes,1008 Cypress Ln,Melbourne,FL,32901,CTY-028,3,2.5,1813,2016,2016-05-26,343100,2235,occupied,LSE-004843
PROP-01752,tillman-lakes,9689 Redbud Xing,Melbourne,FL,32901,CTY-028,4,2.5,2436,2022,2022-07-25,476000,2610,occupied,LSE-004846
PROP-01753,tillman-lakes,4045 Summit Ct,Melbourne,FL,32901,CTY-028,4,3.0,2207,2019,2019-06-12,437800,2575,occupied,LSE-004850
PROP-01754,tillman-lakes,3677 Dovetail Xing,Melbourne,FL,32901,CTY-028,4,2.5,2261,2023,2023-01-12,380500,2490,occupied,LSE-004852
PROP-01755,tillman-lakes,5253 Silver Oak Way,Melbourne,FL,32901,CTY-028,5,3.5,2730,2020,2020-05-14,505700,2830,occupied,LSE-004854
PROP-01756,tillman-lakes,292 Windrose Path,Melbourne,FL,32901,CTY-028,4,2.5,2369,2021,2021-11-05,377300,2560,occupied,LSE-004856
PROP-01757,tillman-lakes,4430 Cypress Cir,Melbourne,FL,32901,CTY-028,4,2.5,2406,2024,2024-08-17,439800,2490,occupied,LSE-004858
PROP-01758,tillman-lakes,8992 Copper Creek Xing,Melbourne,FL,32901,CTY-028,4,3.0,2475,2018,2018-07-01,413700,2550,occupied,LSE-004860
PROP-01759,tillman-lakes,9262 Marigold Cir,Melbourne,FL,32901,CTY-028,3,2.0,1996,2016,2016-09-11,394000,2335,occupied,LSE-004863
PROP-01760,tillman-lakes,1207 Quail Run Dr,Melbourne,FL,32901,CTY-028,3,2.0,1740,2019,2019-08-17,348200,2205,occupied,LSE-004867
PROP-01761,tillman-lakes,6098 Juniper Trl,Melbourne,FL,32901,CTY-028,5,3.5,2571,2022,2022-08-14,486800,2740,occupied,LSE-004870
PROP-01762,tillman-lakes,3736 Larkspur Cir,Melbourne,FL,32901,CTY-028,3,2.5,2273,2020,2020-01-01,381500,2360,vacant,
PROP-01763,tillman-lakes,6572 Windrose Xing,Melbourne,FL,32901,CTY-028,5,3.0,3089,2023,2023-02-03,533400,2905,occupied,LSE-004875
PROP-01764,tillman-lakes,5504 Blue Heron Way,Melbourne,FL,32901,CTY-028,5,3.5,2889,2018,2018-03-16,477300,2875,occupied,LSE-004877
PROP-01765,tillman-lakes,7869 Larkspur Dr,Melbourne,FL,32901,CTY-028,5,3.5,2660,2017,2017-06-21,517300,2870,occupied,LSE-004880
PROP-01766,tillman-lakes,5804 Redbud Xing,Melbourne,FL,32901,CTY-028,4,2.5,2336,2019,2019-09-16,423900,2545,occupied,LSE-004882
PROP-01767,tillman-lakes,801 Dovetail Trl,Melbourne,FL,32901,CTY-028,3,2.0,1923,2023,2023-07-12,426900,2260,occupied,LSE-004884
PROP-01768,tillman-lakes,7245 Marigold Xing,Melbourne,FL,32901,CTY-028,3,2.0,1865,2017,2017-06-17,335400,2260,occupied,LSE-004888
PROP-01769,tillman-lakes,8052 Windrose Ln,Melbourne,FL,32901,CTY-028,3,2.5,2173,2022,2022-07-08,362500,2380,occupied,LSE-004890
PROP-01770,tillman-lakes,6349 Bellflower Path,Melbourne,FL,32901,CTY-028,4,3.0,2506,2022,2022-10-08,358300,2545,occupied,LSE-004893
PROP-01771,tillman-lakes,3833 Dovetail Ln,Melbourne,FL,32901,CTY-028,3,2.5,1791,2021,2021-01-19,404600,2310,occupied,LSE-004896
PROP-01772,tillman-lakes,9247 Sable Xing,Melbourne,FL,32901,CTY-028,5,3.0,3074,2018,2018-10-28,471100,2940,occupied,LSE-004900
PROP-01773,tillman-lakes,3613 Blue Heron Path,Melbourne,FL,32901,CTY-028,4,2.5,2191,2023,2023-03-22,377100,2475,occupied,LSE-004903
PROP-01774,tillman-lakes,1031 Juniper Dr,Melbourne,FL,32901,CTY-028,5,3.0,2851,2019,2019-08-09,440200,2860,occupied,LSE-004907
PROP-01775,tillman-lakes,9374 Bellflower Dr,Melbourne,FL,32901,CTY-028,3,2.0,1666,2022,2022-07-19,395500,2200,occupied,LSE-004909
PROP-01776,tillman-lakes,4989 Redbud Trl,Melbourne,FL,32901,CTY-028,5,3.5,3158,2022,2022-07-10,512900,2835,occupied,LSE-004911
PROP-01777,tillman-lakes,6092 Sable Path,Melbourne,FL,32901,CTY-028,5,3.0,2937,2016,2016-10-12,413500,2910,occupied,LSE-004915
PROP-01778,tillman-lakes,8592 Juniper Trl,Melbourne,FL,32901,CTY-028,5,3.0,2855,2024,2024-10-16,467200,2910,occupied,LSE-004916
PROP-01779,tillman-lakes,6994 Willow Bend Ln,Melbourne,FL,32901,CTY-028,3,2.0,2159,2023,2023-09-06,374500,2255,occupied,LSE-004919
PROP-01780,tillman-lakes,7569 Quail Run Path,Melbourne,FL,32901,CTY-028,5,3.0,3132,2016,2016-04-07,488900,2810,occupied,LSE-004923
PROP-01781,tillman-lakes,2738 Blue Heron Cir,Melbourne,FL,32901,CTY-028,3,2.0,1875,2020,2020-08-21,384000,2215,occupied,LSE-004926
PROP-01782,tillman-lakes,2305 Bellflower Trl,Melbourne,FL,32901,CTY-028,5,3.5,3054,2021,2021-02-15,391500,2775,occupied,LSE-004930
PROP-01783,tillman-lakes,6537 Silver Oak Path,Melbourne,FL,32901,CTY-028,4,3.0,1948,2023,2023-09-24,458200,2525,occupied,LSE-004932
PROP-01784,tillman-lakes,6382 Redbud Dr,Melbourne,FL,32901,CTY-028,4,2.5,1991,2023,2023-04-28,374900,2465,occupied,LSE-004934
PROP-01785,tillman-lakes,8558 Ironwood Ct,Melbourne,FL,32901,CTY-028,4,3.0,1925,2023,2023-12-06,390500,2520,occupied,LSE-004937
PROP-01786,tillman-lakes,3904 Juniper Ct,Melbourne,FL,32901,CTY-028,5,3.5,2975,2017,2017-01-17,470300,2840,occupied,LSE-004940
PROP-01787,tillman-lakes,4079 Copper Creek Path,Melbourne,FL,32901,CTY-028,3,2.5,1730,2019,2019-01-13,314500,2240,occupied,LSE-004943
PROP-01788,tillman-lakes,6407 Larkspur Ln,Melbourne,FL,32901,CTY-028,4,2.5,2657,2022,2022-02-25,462600,2590,vacant,
PROP-01789,tillman-lakes,359 Ironwood Way,Melbourne,FL,32901,CTY-028,4,2.5,2390,2016,2016-08-17,397400,2605,occupied,LSE-004947
PROP-01790,tillman-lakes,5823 Willow Bend Ln,Melbourne,FL,32901,CTY-028,3,2.0,1927,2021,2021-10-27,420600,2340,turn,
PROP-01791,tillman-lakes,1588 Ironwood Cir,Melbourne,FL,32901,CTY-028,5,3.0,2870,2017,2017-05-20,456400,2855,occupied,LSE-004953
PROP-01792,tillman-lakes,9277 Juniper Dr,Melbourne,FL,32901,CTY-028,3,2.0,1865,2017,2017-09-03,379000,2340,occupied,LSE-004956
PROP-01793,tillman-lakes,6492 Silver Oak Xing,Melbourne,FL,32901,CTY-028,3,2.0,1952,2017,2017-06-17,337200,2345,occupied,LSE-004959
PROP-01794,tillman-lakes,2313 Magnolia Ct,Melbourne,FL,32901,CTY-028,5,3.0,2948,2019,2019-10-05,495800,2830,vacant,
PROP-01795,tillman-lakes,3906 Larkspur Ln,Melbourne,FL,32901,CTY-028,3,2.0,2033,2019,2019-06-28,380100,2355,occupied,LSE-004964
PROP-01796,tillman-lakes,5048 Cypress Cir,Melbourne,FL,32901,CTY-028,3,2.0,1665,2023,2023-01-14,357900,2260,occupied,LSE-004967
PROP-01797,tillman-lakes,7880 Hawthorn Way,Melbourne,FL,32901,CTY-028,3,2.0,1698,2022,2022-11-27,410300,2200,occupied,LSE-004970
PROP-01798,tillman-lakes,9248 Cypress Cir,Melbourne,FL,32901,CTY-028,5,3.0,3100,2019,2019-06-28,486800,2845,occupied,LSE-004974
PROP-01799,tillman-lakes,8732 Hawthorn Dr,Melbourne,FL,32901,CTY-028,4,3.0,2258,2021,2021-08-13,472800,2605,occupied,LSE-004978
PROP-01800,tillman-lakes,273 Willow Bend Ln,Melbourne,FL,32901,CTY-028,4,2.5,2154,2020,2020-04-04,407800,2525,occupied,LSE-004980
PROP-01801,tillman-lakes,9830 Blue Heron Cir,Melbourne,FL,32901,CTY-028,3,2.0,1565,2023,2023-03-28,419100,2250,occupied,LSE-004982
PROP-01802,tillman-lakes,8183 Marigold Trl,Melbourne,FL,32901,CTY-028,3,2.0,1792,2016,2016-09-27,414100,2285,occupied,LSE-004985
PROP-01803,tillman-lakes,6565 Cypress Cir,Melbourne,FL,32901,CTY-028,5,3.5,2848,2020,2020-12-09,460900,2800,occupied,LSE-004988
PROP-01804,tillman-lakes,3870 Ironwood Cir,Melbourne,FL,32901,CTY-028,5,3.0,2575,2019,2019-01-20,472100,2745,vacant,
PROP-01805,tillman-lakes,7658 Sable Ct,Melbourne,FL,32901,CTY-028,5,3.0,2957,2024,2024-11-10,497300,2825,occupied,LSE-004991
PROP-01806,tohoqua,5172 Juniper Path,Kissimmee,FL,34741,CTY-025,4,2.5,2408,2019,2019-09-08,418100,2920,occupied,LSE-004993
PROP-01807,tohoqua,2197 Silver Oak Ln,Kissimmee,FL,34741,CTY-025,3,2.0,1635,2016,2016-07-23,432600,2580,occupied,LSE-004996
PROP-01808,tohoqua,6546 Willow Bend Ln,Kissimmee,FL,34741,CTY-025,5,3.0,3052,2020,2020-09-08,527700,3350,occupied,LSE-004998
PROP-01809,tohoqua,4245 Larkspur Ln,Kissimmee,FL,34741,CTY-025,3,2.0,1918,2021,2021-06-09,471000,2655,occupied,LSE-005000
PROP-01810,tohoqua,6440 Copper Creek Trl,Kissimmee,FL,34741,CTY-025,3,2.0,1770,2024,2024-01-06,425700,2520,occupied,LSE-005002
PROP-01811,tohoqua,4258 Tanglewood Path,Kissimmee,FL,34741,CTY-025,3,2.5,1583,2023,2023-04-14,475700,2640,occupied,LSE-005004
PROP-01812,tohoqua,9443 Redbud Way,Kissimmee,FL,34741,CTY-025,3,2.5,1719,2021,2021-04-19,411400,2540,occupied,LSE-005007
PROP-01813,tohoqua,4630 Larkspur Xing,Kissimmee,FL,34741,CTY-025,4,2.5,2220,2020,2020-02-07,468900,2885,occupied,LSE-005010
PROP-01814,tohoqua,1304 Ironwood Ct,Kissimmee,FL,34741,CTY-025,3,2.5,1637,2019,2019-10-16,384800,2580,vacant,
PROP-01815,tohoqua,6154 Hawthorn Xing,Kissimmee,FL,34741,CTY-025,5,3.5,2919,2017,2017-02-28,502400,3315,occupied,LSE-005016
PROP-01816,tohoqua,3903 Wren Hollow Ct,Kissimmee,FL,34741,CTY-025,5,3.0,2599,2020,2020-10-12,514000,3195,vacant,
PROP-01817,tohoqua,6115 Dovetail Ln,Kissimmee,FL,34741,CTY-025,3,2.0,2124,2021,2021-04-17,389600,2720,occupied,LSE-005023
PROP-01818,tohoqua,9196 Summit Xing,Kissimmee,FL,34741,CTY-025,3,2.0,1944,2022,2022-03-10,471900,2600,occupied,LSE-005025
PROP-01819,tohoqua,5930 Juniper Dr,Kissimmee,FL,34741,CTY-025,5,3.5,2984,2024,2024-01-15,565500,3265,occupied,LSE-005027
PROP-01820,tohoqua,1721 Silver Oak Path,Kissimmee,FL,34741,CTY-025,3,2.5,1657,2022,2022-02-10,449000,2590,occupied,LSE-005029
PROP-01821,tohoqua,9543 Tanglewood Dr,Kissimmee,FL,34741,CTY-025,5,3.0,3206,2019,2019-12-07,618800,3305,occupied,LSE-005033
PROP-01822,tohoqua,3986 Tanglewood Way,Kissimmee,FL,34741,CTY-025,3,2.0,1959,2021,2021-03-03,438400,2575,occupied,LSE-005037
PROP-01823,tohoqua,9660 Bellflower Cir,Kissimmee,FL,34741,CTY-025,3,2.0,1907,2021,2021-05-02,463400,2605,occupied,LSE-005040
PROP-01824,tohoqua,4665 Tanglewood Xing,Kissimmee,FL,34741,CTY-025,3,2.0,1742,2016,2016-06-03,373400,2605,occupied,LSE-005044
PROP-01825,tohoqua,6251 Juniper Dr,Kissimmee,FL,34741,CTY-025,5,3.0,3010,2024,2024-03-18,517000,3360,occupied,LSE-005046
PROP-01826,tohoqua,3439 Redbud Path,Kissimmee,FL,34741,CTY-025,3,2.5,1925,2020,2020-06-03,444600,2595,occupied,LSE-005048
PROP-01827,tohoqua,4926 Willow Bend Trl,Kissimmee,FL,34741,CTY-025,3,2.0,1951,2019,2019-01-25,433000,2620,occupied,LSE-005050
PROP-01828,tohoqua,4012 Hawthorn Ct,Kissimmee,FL,34741,CTY-025,5,3.5,2832,2023,2023-11-20,603100,3315,occupied,LSE-005052
PROP-01829,tohoqua,714 Blue Heron Way,Kissimmee,FL,34741,CTY-025,3,2.0,2036,2016,2016-03-04,493100,2660,occupied,LSE-005055
PROP-01830,tohoqua,2645 Willow Bend Xing,Kissimmee,FL,34741,CTY-025,4,2.5,2560,2021,2021-11-20,529300,2970,occupied,LSE-005057
PROP-01831,tohoqua,2423 Dovetail Xing,Kissimmee,FL,34741,CTY-025,3,2.0,1991,2024,2024-09-20,413200,2620,occupied,LSE-005059
PROP-01832,tohoqua,7829 Bellflower Cir,Kissimmee,FL,34741,CTY-025,4,2.5,2074,2022,2022-04-08,431700,2860,occupied,LSE-005063
PROP-01833,tohoqua,3308 Larkspur Xing,Kissimmee,FL,34741,CTY-025,5,3.5,2735,2017,2017-07-09,513900,3135,occupied,LSE-005066
PROP-01834,tohoqua,8159 Blue Heron Way,Kissimmee,FL,34741,CTY-025,3,2.0,1845,2018,2018-05-24,400500,2635,occupied,LSE-005069
PROP-01835,tohoqua,2956 Windrose Cir,Kissimmee,FL,34741,CTY-025,3,2.0,2041,2018,2018-05-19,377400,2590,occupied,LSE-005072
PROP-01836,tohoqua,7691 Summit Path,Kissimmee,FL,34741,CTY-025,5,3.0,3194,2018,2018-12-15,524500,3385,occupied,LSE-005075
PROP-01837,tohoqua,2020 Larkspur Path,Kissimmee,FL,34741,CTY-025,4,3.0,2534,2024,2024-09-13,500300,2875,occupied,LSE-005077
PROP-01838,tohoqua,7736 Cypress Way,Kissimmee,FL,34741,CTY-025,5,3.5,2764,2021,2021-03-25,494900,3190,occupied,LSE-005080
PROP-01839,tohoqua,6671 Sable Way,Kissimmee,FL,34741,CTY-025,5,3.0,3066,2017,2017-12-18,571500,3190,occupied,LSE-005084
PROP-01840,tohoqua,3358 Willow Bend Dr,Kissimmee,FL,34741,CTY-025,5,3.0,2885,2018,2018-04-03,507400,3225,occupied,LSE-005087
PROP-01841,tohoqua,3085 Wren Hollow Ln,Kissimmee,FL,34741,CTY-025,5,3.0,2712,2024,2024-10-26,470800,3300,occupied,LSE-005089
PROP-01842,tohoqua,9383 Blue Heron Path,Kissimmee,FL,34741,CTY-025,3,2.0,1628,2018,2018-10-18,414900,2580,occupied,LSE-005091
PROP-01843,tohoqua,2334 Windrose Ct,Kissimmee,FL,34741,CTY-025,4,3.0,2442,2021,2021-09-11,425900,2930,occupied,LSE-005095
PROP-01844,tohoqua,5804 Marigold Way,Kissimmee,FL,34741,CTY-025,4,2.5,2109,2017,2017-06-26,401900,2865,occupied,LSE-005100
PROP-01845,tohoqua,1121 Cypress Dr,Kissimmee,FL,34741,CTY-025,4,3.0,2159,2022,2022-04-25,443400,2905,occupied,LSE-005103
PROP-01846,tohoqua,2785 Redbud Ln,Kissimmee,FL,34741,CTY-025,4,2.5,2379,2017,2017-11-12,526500,2840,occupied,LSE-005106
PROP-01847,tohoqua,9877 Wren Hollow Xing,Kissimmee,FL,34741,CTY-025,3,2.5,1482,2019,2019-07-27,364000,2520,occupied,LSE-005109
PROP-01848,tohoqua,6741 Cypress Ln,Kissimmee,FL,34741,CTY-025,5,3.5,3085,2022,2022-02-26,516900,3285,vacant,
PROP-01849,tohoqua,3430 Redbud Xing,Kissimmee,FL,34741,CTY-025,5,3.0,2903,2018,2018-03-04,525400,3290,occupied,LSE-005114
PROP-01850,tohoqua,3709 Silver Oak Path,Kissimmee,FL,34741,CTY-025,5,3.0,2721,2023,2023-07-21,466100,3180,occupied,LSE-005116
PROP-01851,tohoqua,8739 Copper Creek Way,Kissimmee,FL,34741,CTY-025,3,2.0,1904,2023,2023-08-25,406800,2590,occupied,LSE-005119
PROP-01852,tohoqua,9642 Bellflower Ct,Kissimmee,FL,34741,CTY-025,4,3.0,2339,2019,2019-05-14,467400,2850,occupied,LSE-005122
PROP-01853,tohoqua,7097 Sable Ct,Kissimmee,FL,34741,CTY-025,4,3.0,2287,2023,2023-02-20,408200,2900,occupied,LSE-005125
PROP-01854,tohoqua,5921 Summit Ct,Kissimmee,FL,34741,CTY-025,5,3.5,2967,2022,2022-09-12,495500,3195,occupied,LSE-005128
PROP-01855,tohoqua,7178 Silver Oak Way,Kissimmee,FL,34741,CTY-025,4,2.5,2343,2020,2020-09-04,507600,2965,occupied,LSE-005131
PROP-01856,tohoqua,9293 Sable Way,Kissimmee,FL,34741,CTY-025,4,2.5,2278,2021,2021-02-25,426600,2970,vacant,
PROP-01857,tohoqua,718 Magnolia Ct,Kissimmee,FL,34741,CTY-025,4,2.5,2281,2016,2016-02-20,494400,2930,occupied,LSE-005136
PROP-01858,tohoqua,7339 Marigold Cir,Kissimmee,FL,34741,CTY-025,3,2.5,1595,2019,2019-10-05,426100,2500,occupied,LSE-005139
PROP-01859,vineland-reserve,4822 Willow Bend Way,Osteen,FL,32764,CTY-029,3,2.0,1516,2021,2021-09-14,426900,2690,occupied,LSE-005142
PROP-01860,vineland-reserve,3648 Dovetail Xing,Osteen,FL,32764,CTY-029,3,2.0,1723,2020,2020-03-10,405300,2660,occupied,LSE-005145
PROP-01861,vineland-reserve,6996 Marigold Way,Osteen,FL,32764,CTY-029,3,2.0,1735,2018,2018-01-27,480600,2715,occupied,LSE-005148
PROP-01862,vineland-reserve,6575 Wren Hollow Ln,Osteen,FL,32764,CTY-029,4,3.0,2418,2022,2022-05-23,426200,3005,occupied,LSE-005151
PROP-01863,vineland-reserve,5888 Willow Bend Ct,Osteen,FL,32764,CTY-029,3,2.5,1874,2023,2023-01-11,385300,2635,occupied,LSE-005153
PROP-01864,vineland-reserve,5567 Sable Path,Osteen,FL,32764,CTY-029,4,3.0,2294,2024,2024-11-26,488900,3035,occupied,LSE-005155
PROP-01865,vineland-reserve,3230 Dovetail Path,Osteen,FL,32764,CTY-029,3,2.5,1482,2020,2020-03-13,426400,2695,vacant,
PROP-01866,vineland-reserve,4201 Willow Bend Ln,Osteen,FL,32764,CTY-029,3,2.0,1947,2021,2021-04-07,475700,2645,occupied,LSE-005161
PROP-01867,vineland-reserve,3078 Marigold Cir,Osteen,FL,32764,CTY-029,3,2.0,1885,2019,2019-10-25,405800,2755,occupied,LSE-005163
PROP-01868,vineland-reserve,9499 Wren Hollow Cir,Osteen,FL,32764,CTY-029,4,3.0,2221,2024,2024-03-07,471600,2970,occupied,LSE-005166
PROP-01869,vineland-reserve,2625 Tanglewood Cir,Osteen,FL,32764,CTY-029,3,2.0,1423,2019,2019-04-16,498700,2730,occupied,LSE-005168
PROP-01870,vineland-reserve,2705 Blue Heron Ct,Osteen,FL,32764,CTY-029,3,2.0,2126,2022,2022-05-27,493800,2670,occupied,LSE-005170
PROP-01871,vineland-reserve,1201 Windrose Path,Osteen,FL,32764,CTY-029,3,2.5,2017,2016,2016-02-25,438800,2660,occupied,LSE-005172
PROP-01872,vineland-reserve,6664 Quail Run Path,Osteen,FL,32764,CTY-029,3,2.0,1876,2019,2019-11-24,416500,2785,occupied,LSE-005175
PROP-01873,vineland-reserve,6903 Windrose Ln,Osteen,FL,32764,CTY-029,4,2.5,2232,2016,2016-08-13,558300,3000,occupied,LSE-005177
PROP-01874,vineland-reserve,7598 Tanglewood Ln,Osteen,FL,32764,CTY-029,4,2.5,2386,2018,2018-05-04,519000,3065,vacant,
PROP-01875,vineland-reserve,4115 Marigold Path,Osteen,FL,32764,CTY-029,3,2.5,1768,2022,2022-08-19,451200,2625,occupied,LSE-005183
PROP-01876,vineland-reserve,1841 Magnolia Way,Osteen,FL,32764,CTY-029,4,2.5,2316,2021,2021-04-25,450200,2980,occupied,LSE-005187
PROP-01877,vineland-reserve,3877 Quail Run Trl,Osteen,FL,32764,CTY-029,3,2.0,1638,2021,2021-12-08,461200,2735,occupied,LSE-005190
PROP-01878,vineland-reserve,2111 Marigold Path,Osteen,FL,32764,CTY-029,3,2.0,1829,2019,2019-09-02,429300,2730,turn,
PROP-01879,vineland-reserve,8900 Dovetail Xing,Osteen,FL,32764,CTY-029,4,2.5,2514,2022,2022-11-20,533000,3035,occupied,LSE-005196
PROP-01880,vineland-reserve,4868 Sable Ct,Osteen,FL,32764,CTY-029,4,2.5,2390,2020,2020-08-05,575800,3045,occupied,LSE-005200
PROP-01881,vineland-reserve,4050 Cypress Trl,Osteen,FL,32764,CTY-029,4,2.5,2115,2017,2017-02-16,422900,2975,occupied,LSE-005202
PROP-01882,vineland-reserve,9701 Windrose Cir,Osteen,FL,32764,CTY-029,4,3.0,2288,2016,2016-03-09,542300,2945,occupied,LSE-005206
PROP-01883,vineland-reserve,3215 Dovetail Cir,Osteen,FL,32764,CTY-029,4,3.0,2610,2017,2017-08-07,562300,3110,occupied,LSE-005210
PROP-01884,vineland-reserve,4807 Bellflower Trl,Osteen,FL,32764,CTY-029,3,2.0,1922,2020,2020-08-16,425300,2740,occupied,LSE-005213
PROP-01885,vineland-reserve,6937 Bellflower Way,Osteen,FL,32764,CTY-029,4,2.5,2542,2021,2021-02-14,559100,2980,occupied,LSE-005217
PROP-01886,copper-falls,7996 Summit Cir,Buckeye,AZ,85326,CTY-030,4,2.5,2185,2022,2022-03-09,305300,2025,occupied,LSE-005221
PROP-01887,copper-falls,3349 Bellflower Ln,Buckeye,AZ,85326,CTY-030,4,3.0,2516,2018,2018-07-27,320800,2150,occupied,LSE-005224
PROP-01888,copper-falls,6308 Willow Bend Ct,Buckeye,AZ,85326,CTY-030,4,2.5,2386,2023,2023-10-16,326300,2095,occupied,LSE-005226
PROP-01889,copper-falls,5214 Quail Run Xing,Buckeye,AZ,85326,CTY-030,4,2.5,2487,2021,2021-02-12,317600,2090,occupied,LSE-005229
PROP-01890,copper-falls,1738 Quail Run Xing,Buckeye,AZ,85326,CTY-030,4,3.0,2023,2020,2020-03-24,372700,2020,occupied,LSE-005232
PROP-01891,copper-falls,8890 Willow Bend Ln,Buckeye,AZ,85326,CTY-030,4,3.0,2484,2019,2019-08-07,373800,2055,occupied,LSE-005235
PROP-01892,copper-falls,9091 Cypress Trl,Buckeye,AZ,85326,CTY-030,4,3.0,2456,2022,2022-01-23,368300,2095,occupied,LSE-005238
PROP-01893,copper-falls,612 Summit Dr,Buckeye,AZ,85326,CTY-030,4,3.0,2330,2022,2022-09-12,379400,2095,occupied,LSE-005241
PROP-01894,copper-falls,2221 Dovetail Way,Buckeye,AZ,85326,CTY-030,4,3.0,2469,2022,2022-01-12,321800,2035,occupied,LSE-005243
PROP-01895,copper-falls,3578 Willow Bend Trl,Buckeye,AZ,85326,CTY-030,4,2.5,2583,2024,2024-01-27,329400,2075,occupied,LSE-005245
PROP-01896,copper-falls,9827 Tanglewood Cir,Buckeye,AZ,85326,CTY-030,4,2.5,2288,2024,2024-07-08,352400,2020,occupied,LSE-005247
PROP-01897,copper-falls,4849 Wren Hollow Dr,Buckeye,AZ,85326,CTY-030,4,2.5,2420,2020,2020-07-25,360300,2060,occupied,LSE-005250
PROP-01898,copper-falls,1236 Tanglewood Ln,Buckeye,AZ,85326,CTY-030,4,3.0,2564,2023,2023-08-21,301600,2060,occupied,LSE-005252
PROP-01899,copper-falls,7105 Silver Oak Xing,Buckeye,AZ,85326,CTY-030,4,2.5,2250,2021,2021-05-24,311000,2125,occupied,LSE-005256
PROP-01900,copper-falls,6305 Redbud Path,Buckeye,AZ,85326,CTY-030,4,2.5,2824,2024,2024-12-26,331200,2195,occupied,LSE-005257
PROP-01901,copper-falls,4169 Windrose Way,Buckeye,AZ,85326,CTY-030,4,2.5,2174,2021,2021-09-08,314600,2100,occupied,LSE-005260
PROP-01902,copper-falls,1781 Copper Creek Trl,Buckeye,AZ,85326,CTY-030,4,2.5,2476,2024,2024-08-21,358400,2075,occupied,LSE-005262
PROP-01903,copper-falls,8639 Cypress Dr,Buckeye,AZ,85326,CTY-030,4,2.5,2749,2024,2024-07-26,300100,2120,occupied,LSE-005264
PROP-01904,copper-falls,3391 Silver Oak Cir,Buckeye,AZ,85326,CTY-030,4,2.5,2454,2018,2018-08-11,316400,2125,occupied,LSE-005266
PROP-01905,copper-falls,111 Sable Ct,Buckeye,AZ,85326,CTY-030,4,2.5,2583,2023,2023-09-17,344300,2060,occupied,LSE-005268
PROP-01906,copper-falls,1769 Bellflower Dr,Buckeye,AZ,85326,CTY-030,4,3.0,2524,2021,2021-08-01,318600,2120,occupied,LSE-005271
PROP-01907,copper-falls,5491 Copper Creek Dr,Buckeye,AZ,85326,CTY-030,4,2.5,2566,2021,2021-02-16,349200,2090,occupied,LSE-005274
PROP-01908,copper-falls,172 Blue Heron Trl,Buckeye,AZ,85326,CTY-030,4,2.5,2786,2022,2022-09-02,295900,2085,occupied,LSE-005277
PROP-01909,copper-falls,9773 Wren Hollow Way,Buckeye,AZ,85326,CTY-030,4,3.0,2267,2017,2017-12-10,292400,2035,occupied,LSE-005279
PROP-01910,copper-falls,3720 Bellflower Ln,Buckeye,AZ,85326,CTY-030,4,3.0,2277,2021,2021-04-17,329600,2015,occupied,LSE-005282
PROP-01911,copper-falls,4948 Larkspur Ln,Buckeye,AZ,85326,CTY-030,4,2.5,2255,2023,2023-11-14,370600,2020,occupied,LSE-005285
PROP-01912,copper-falls,4257 Cypress Dr,Buckeye,AZ,85326,CTY-030,4,2.5,2419,2019,2019-11-13,395700,2085,occupied,LSE-005287
PROP-01913,copper-falls,9385 Tanglewood Ln,Buckeye,AZ,85326,CTY-030,4,2.5,3040,2020,2020-06-14,356400,2130,occupied,LSE-005291
PROP-01914,copper-falls,5958 Quail Run Cir,Buckeye,AZ,85326,CTY-030,4,2.5,2073,2023,2023-03-09,346300,2080,occupied,LSE-005294
PROP-01915,copper-falls,717 Willow Bend Xing,Buckeye,AZ,85326,CTY-030,4,2.5,2231,2018,2018-02-07,328800,2100,occupied,LSE-005297
PROP-01916,copper-falls,8453 Hawthorn Cir,Buckeye,AZ,85326,CTY-030,4,2.5,2263,2018,2018-10-10,377200,2060,occupied,LSE-005300
PROP-01917,copper-falls,3672 Dovetail Cir,Buckeye,AZ,85326,CTY-030,4,2.5,2377,2021,2021-03-02,320800,2055,occupied,LSE-005303
PROP-01918,copper-falls,191 Willow Bend Dr,Buckeye,AZ,85326,CTY-030,4,2.5,2120,2020,2020-01-08,304900,2065,occupied,LSE-005306
PROP-01919,copper-falls,6826 Silver Oak Ct,Buckeye,AZ,85326,CTY-030,4,3.0,2296,2017,2017-12-19,373100,2110,occupied,LSE-005309
PROP-01920,copper-falls,1085 Hawthorn Trl,Buckeye,AZ,85326,CTY-030,4,3.0,2810,2018,2018-04-21,386600,2190,occupied,LSE-005312
PROP-01921,copper-falls,8150 Dovetail Dr,Buckeye,AZ,85326,CTY-030,4,3.0,2327,2016,2016-09-23,340700,2125,occupied,LSE-005316
PROP-01922,copper-falls,5810 Larkspur Dr,Buckeye,AZ,85326,CTY-030,4,2.5,2657,2018,2018-01-08,397100,2160,occupied,LSE-005318
PROP-01923,copper-falls,577 Quail Run Dr,Buckeye,AZ,85326,CTY-030,4,3.0,2343,2018,2018-04-22,320700,2085,occupied,LSE-005320
PROP-01924,copper-falls,5267 Redbud Way,Buckeye,AZ,85326,CTY-030,4,3.0,2147,2019,2019-10-15,336800,2030,occupied,LSE-005322
PROP-01925,copper-falls,6434 Blue Heron Path,Buckeye,AZ,85326,CTY-030,4,3.0,2230,2022,2022-01-26,386000,2040,occupied,LSE-005325
PROP-01926,copper-falls,705 Bellflower Way,Buckeye,AZ,85326,CTY-030,4,2.5,2523,2020,2020-08-28,402500,2120,occupied,LSE-005328
PROP-01927,copper-falls,1473 Hawthorn Ct,Buckeye,AZ,85326,CTY-030,4,2.5,2148,2018,2018-05-17,291600,2035,occupied,LSE-005330
PROP-01928,copper-falls,4414 Tanglewood Cir,Buckeye,AZ,85326,CTY-030,4,2.5,2175,2019,2019-05-19,367500,2100,occupied,LSE-005333
PROP-01929,copper-falls,7766 Hawthorn Ct,Buckeye,AZ,85326,CTY-030,4,2.5,2694,2017,2017-08-24,388500,2125,occupied,LSE-005336
PROP-01930,copper-falls,5023 Quail Run Path,Buckeye,AZ,85326,CTY-030,4,2.5,2295,2020,2020-08-21,305300,2020,occupied,LSE-005339
PROP-01931,higley-park,7714 Larkspur Ln,Gilbert,AZ,85233,CTY-030,3,2.0,1735,2021,2021-12-16,407500,2515,occupied,LSE-005343
PROP-01932,higley-park,8924 Wren Hollow Ct,Gilbert,AZ,85233,CTY-030,4,2.5,2203,2017,2017-10-23,401400,2770,occupied,LSE-005346
PROP-01933,higley-park,8563 Magnolia Cir,Gilbert,AZ,85233,CTY-030,3,2.0,1784,2020,2020-09-25,346800,2475,occupied,LSE-005349
PROP-01934,higley-park,678 Dovetail Way,Gilbert,AZ,85233,CTY-030,4,2.5,2661,2018,2018-06-28,510400,2930,occupied,LSE-005352
PROP-01935,higley-park,8146 Redbud Dr,Gilbert,AZ,85233,CTY-030,4,2.5,2492,2017,2017-10-05,456700,2820,occupied,LSE-005355
PROP-01936,higley-park,6248 Hawthorn Ln,Gilbert,AZ,85233,CTY-030,3,2.5,1635,2024,2024-12-17,472000,2515,occupied,LSE-005356
PROP-01937,higley-park,8967 Silver Oak Ln,Gilbert,AZ,85233,CTY-030,4,2.5,2282,2019,2019-12-06,473400,2800,occupied,LSE-005360
PROP-01938,higley-park,6621 Hawthorn Path,Gilbert,AZ,85233,CTY-030,4,2.5,2104,2017,2017-05-21,535900,2865,occupied,LSE-005363
PROP-01939,higley-park,5593 Redbud Dr,Gilbert,AZ,85233,CTY-030,4,3.0,2418,2021,2021-01-23,479600,2945,occupied,LSE-005366
PROP-01940,higley-park,9471 Dovetail Ln,Gilbert,AZ,85233,CTY-030,4,2.5,2661,2019,2019-07-28,527000,2860,occupied,LSE-005369
PROP-01941,higley-park,8209 Cypress Dr,Gilbert,AZ,85233,CTY-030,4,3.0,2598,2020,2020-02-28,486700,2845,occupied,LSE-005372
PROP-01942,higley-park,9141 Willow Bend Path,Gilbert,AZ,85233,CTY-030,3,2.0,1537,2024,2024-04-11,424700,2545,occupied,LSE-005374
PROP-01943,higley-park,3851 Dovetail Ln,Gilbert,AZ,85233,CTY-030,3,2.0,1860,2024,2024-09-12,411000,2615,occupied,LSE-005375
PROP-01944,higley-park,6629 Juniper Xing,Gilbert,AZ,85233,CTY-030,4,2.5,2358,2018,2018-05-25,534500,2900,occupied,LSE-005377
PROP-01945,higley-park,6062 Bellflower Cir,Gilbert,AZ,85233,CTY-030,3,2.0,1705,2024,2024-02-05,351700,2460,occupied,LSE-005379
PROP-01946,higley-park,6926 Redbud Dr,Gilbert,AZ,85233,CTY-030,3,2.0,1882,2024,2024-11-23,472700,2580,occupied,LSE-005380
PROP-01947,higley-park,1282 Hawthorn Way,Gilbert,AZ,85233,CTY-030,3,2.5,1556,2021,2021-03-03,410800,2505,occupied,LSE-005383
PROP-01948,higley-park,2429 Ironwood Path,Gilbert,AZ,85233,CTY-030,3,2.0,1907,2020,2020-10-20,409600,2485,occupied,LSE-005385
PROP-01949,higley-park,3045 Windrose Cir,Gilbert,AZ,85233,CTY-030,3,2.0,1765,2018,2018-10-06,377800,2560,occupied,LSE-005388
PROP-01950,higley-park,2281 Willow Bend Trl,Gilbert,AZ,85233,CTY-030,4,2.5,2274,2018,2018-06-07,479300,2755,occupied,LSE-005391
PROP-01951,higley-park,1109 Copper Creek Path,Gilbert,AZ,85233,CTY-030,4,3.0,2457,2017,2017-06-03,416300,2820,occupied,LSE-005394
PROP-01952,higley-park,1523 Blue Heron Dr,Gilbert,AZ,85233,CTY-030,4,3.0,2026,2017,2017-05-04,518200,2740,occupied,LSE-005396
PROP-01953,higley-park,4500 Ironwood Trl,Gilbert,AZ,85233,CTY-030,3,2.0,1771,2020,2020-04-10,356600,2540,occupied,LSE-005399
PROP-01954,higley-park,2161 Redbud Ln,Gilbert,AZ,85233,CTY-030,4,3.0,2307,2020,2020-02-22,535000,2870,occupied,LSE-005402
PROP-01955,higley-park,9081 Magnolia Path,Gilbert,AZ,85233,CTY-030,4,2.5,1970,2017,2017-07-25,432800,2865,occupied,LSE-005405
PROP-01956,higley-park,9249 Silver Oak Dr,Gilbert,AZ,85233,CTY-030,3,2.0,2306,2023,2023-10-14,483400,2545,occupied,LSE-005408
PROP-01957,las-casas-at-windrose,1027 Bellflower Xing,Litchfield Park,AZ,85340,CTY-030,3,2.5,1787,2024,2024-08-01,398800,2465,occupied,LSE-005410
PROP-01958,las-casas-at-windrose,5591 Sable Xing,Litchfield Park,AZ,85340,CTY-030,3,2.5,1880,2020,2020-09-01,412700,2465,occupied,LSE-005413
PROP-01959,las-casas-at-windrose,4345 Ironwood Path,Litchfield Park,AZ,85340,CTY-030,3,2.0,1511,2022,2022-12-20,373900,2355,occupied,LSE-005415
PROP-01960,las-casas-at-windrose,7055 Redbud Path,Litchfield Park,AZ,85340,CTY-030,3,2.0,1773,2022,2022-11-15,409600,2390,vacant,
PROP-01961,las-casas-at-windrose,4949 Sable Trl,Litchfield Park,AZ,85340,CTY-030,3,2.0,1880,2019,2019-01-07,454300,2435,occupied,LSE-005420
PROP-01962,las-casas-at-windrose,8749 Cypress Xing,Litchfield Park,AZ,85340,CTY-030,3,2.0,1903,2017,2017-08-14,437800,2520,occupied,LSE-005423
PROP-01963,las-casas-at-windrose,1447 Magnolia Ct,Litchfield Park,AZ,85340,CTY-030,4,2.5,2568,2017,2017-03-03,439200,2790,occupied,LSE-005427
PROP-01964,las-casas-at-windrose,3519 Blue Heron Ct,Litchfield Park,AZ,85340,CTY-030,3,2.0,2026,2017,2017-04-13,377300,2420,occupied,LSE-005429
PROP-01965,las-casas-at-windrose,903 Dovetail Xing,Litchfield Park,AZ,85340,CTY-030,3,2.0,2029,2022,2022-09-21,352500,2445,occupied,LSE-005432
PROP-01966,las-casas-at-windrose,3920 Willow Bend Way,Litchfield Park,AZ,85340,CTY-030,4,3.0,2719,2018,2018-05-26,405500,2885,occupied,LSE-005435
PROP-01967,las-casas-at-windrose,5197 Quail Run Path,Litchfield Park,AZ,85340,CTY-030,3,2.0,1842,2020,2020-07-08,448200,2455,occupied,LSE-005437
PROP-01968,las-casas-at-windrose,8509 Windrose Ct,Litchfield Park,AZ,85340,CTY-030,4,2.5,2540,2020,2020-10-19,483200,2735,occupied,LSE-005440
PROP-01969,las-casas-at-windrose,449 Silver Oak Ct,Litchfield Park,AZ,85340,CTY-030,3,2.0,2005,2019,2019-05-12,461600,2535,occupied,LSE-005442
PROP-01970,las-casas-at-windrose,165 Windrose Cir,Litchfield Park,AZ,85340,CTY-030,4,3.0,2396,2016,2016-03-09,395400,2780,occupied,LSE-005445
PROP-01971,las-casas-at-windrose,1922 Juniper Cir,Litchfield Park,AZ,85340,CTY-030,4,3.0,2068,2017,2017-11-06,483900,2715,occupied,LSE-005448
PROP-01972,las-casas-at-windrose,6778 Cypress Trl,Litchfield Park,AZ,85340,CTY-030,4,3.0,2318,2017,2017-11-18,396700,2745,occupied,LSE-005452
PROP-01973,las-casas-at-windrose,1555 Bellflower Path,Litchfield Park,AZ,85340,CTY-030,4,2.5,2178,2020,2020-09-19,399200,2730,occupied,LSE-005454
PROP-01974,las-casas-at-windrose,7093 Windrose Path,Litchfield Park,AZ,85340,CTY-030,4,2.5,2221,2021,2021-05-26,478300,2675,occupied,LSE-005457
PROP-01975,las-casas-at-windrose,4226 Cypress Ln,Litchfield Park,AZ,85340,CTY-030,4,3.0,2547,2020,2020-01-05,485700,2810,occupied,LSE-005460
PROP-01976,las-casas-at-windrose,7709 Juniper Dr,Litchfield Park,AZ,85340,CTY-030,4,2.5,2601,2024,2024-04-26,430700,2780,occupied,LSE-005462
PROP-01977,las-casas-at-windrose,5352 Wren Hollow Ln,Litchfield Park,AZ,85340,CTY-030,4,2.5,2621,2016,2016-07-15,506500,2820,occupied,LSE-005465
PROP-01978,las-casas-at-windrose,1088 Dovetail Ct,Litchfield Park,AZ,85340,CTY-030,4,3.0,2699,2024,2024-06-06,409000,2765,vacant,
PROP-01979,las-casas-at-windrose,1024 Redbud Cir,Litchfield Park,AZ,85340,CTY-030,3,2.0,2230,2024,2024-03-27,445900,2500,occupied,LSE-005470
PROP-01980,las-casas-at-windrose,3525 Larkspur Trl,Litchfield Park,AZ,85340,CTY-030,4,3.0,2406,2023,2023-02-17,443500,2815,turn,
PROP-01981,las-casas-at-windrose,9246 Bellflower Way,Litchfield Park,AZ,85340,CTY-030,4,2.5,2278,2021,2021-03-03,459900,2705,occupied,LSE-005475
PROP-01982,las-casas-at-windrose,4755 Dovetail Dr,Litchfield Park,AZ,85340,CTY-030,3,2.0,1680,2020,2020-01-12,396100,2500,occupied,LSE-005478
PROP-01983,las-casas-at-windrose,2604 Ironwood Dr,Litchfield Park,AZ,85340,CTY-030,4,2.5,2387,2022,2022-05-11,429900,2805,occupied,LSE-005480
PROP-01984,las-casas-at-windrose,1728 Hawthorn Ct,Litchfield Park,AZ,85340,CTY-030,3,2.0,1801,2019,2019-12-06,467800,2480,occupied,LSE-005483
PROP-01985,las-casas-at-windrose,3403 Wren Hollow Trl,Litchfield Park,AZ,85340,CTY-030,3,2.0,1739,2016,2016-01-16,379400,2375,occupied,LSE-005485
PROP-01986,las-casas-at-windrose,4142 Magnolia Path,Litchfield Park,AZ,85340,CTY-030,4,2.5,2711,2020,2020-07-07,403000,2750,occupied,LSE-005488
PROP-01987,las-casas-at-windrose,2963 Juniper Ln,Litchfield Park,AZ,85340,CTY-030,4,2.5,2202,2020,2020-06-11,472000,2785,occupied,LSE-005492
PROP-01988,las-casas-at-windrose,2723 Magnolia Way,Litchfield Park,AZ,85340,CTY-030,3,2.5,1669,2016,2016-12-22,391200,2430,occupied,LSE-005495
PROP-01989,las-casas-at-windrose,8173 Hawthorn Ln,Litchfield Park,AZ,85340,CTY-030,4,2.5,2401,2018,2018-11-25,408800,2725,occupied,LSE-005497
PROP-01990,las-casas-at-windrose,3235 Magnolia Cir,Litchfield Park,AZ,85340,CTY-030,4,2.5,2697,2020,2020-11-09,536700,2860,occupied,LSE-005499
PROP-01991,las-casas-at-windrose,3820 Tanglewood Cir,Litchfield Park,AZ,85340,CTY-030,4,2.5,2595,2023,2023-06-18,415100,2865,occupied,LSE-005502
PROP-01992,las-casas-at-windrose,9804 Redbud Xing,Litchfield Park,AZ,85340,CTY-030,3,2.0,1656,2021,2021-04-24,454500,2470,occupied,LSE-005505
PROP-01993,las-casas-at-windrose,3524 Bellflower Xing,Litchfield Park,AZ,85340,CTY-030,4,2.5,2088,2024,2024-09-22,515100,2760,occupied,LSE-005506
PROP-01994,las-casas-at-windrose,6107 Ironwood Path,Litchfield Park,AZ,85340,CTY-030,3,2.0,2134,2021,2021-08-11,386700,2580,occupied,LSE-005510
PROP-01995,las-casas-at-windrose,6183 Wren Hollow Path,Litchfield Park,AZ,85340,CTY-030,3,2.0,1797,2017,2017-08-26,376600,2510,occupied,LSE-005513
PROP-01996,las-casas-at-windrose,9560 Tanglewood Cir,Litchfield Park,AZ,85340,CTY-030,3,2.0,1924,2022,2022-08-22,480800,2550,occupied,LSE-005516
PROP-01997,las-casas-at-windrose,3474 Bellflower Trl,Litchfield Park,AZ,85340,CTY-030,4,3.0,2411,2021,2021-10-12,411000,2720,occupied,LSE-005519
PROP-01998,las-casas-at-windrose,9810 Redbud Cir,Litchfield Park,AZ,85340,CTY-030,4,3.0,2469,2023,2023-11-01,497900,2750,occupied,LSE-005522
PROP-01999,las-casas-at-windrose,4459 Cypress Way,Litchfield Park,AZ,85340,CTY-030,3,2.5,2101,2020,2020-05-09,398600,2445,occupied,LSE-005524
PROP-02000,las-casas-at-windrose,7917 Cypress Dr,Litchfield Park,AZ,85340,CTY-030,4,2.5,2347,2020,2020-01-01,397900,2745,occupied,LSE-005528
PROP-02001,las-casas-at-windrose,3543 Windrose Ct,Litchfield Park,AZ,85340,CTY-030,4,2.5,2660,2024,2024-06-23,486800,2880,occupied,LSE-005530
PROP-02002,addenbrook,7660 Redbud Dr,West Jordan,UT,84084,CTY-031,4,2.5,2387,2023,2023-07-24,427800,2800,occupied,LSE-005533
PROP-02003,addenbrook,9858 Hawthorn Xing,West Jordan,UT,84084,CTY-031,3,2.0,1730,2019,2019-07-03,368500,2525,occupied,LSE-005535
PROP-02004,addenbrook,2535 Windrose Way,West Jordan,UT,84084,CTY-031,3,2.5,2252,2023,2023-10-23,365600,2505,occupied,LSE-005537
PROP-02005,addenbrook,356 Summit Xing,West Jordan,UT,84084,CTY-031,4,3.0,2260,2023,2023-04-05,434900,2835,occupied,LSE-005539
PROP-02006,addenbrook,1494 Sable Path,West Jordan,UT,84084,CTY-031,4,2.5,1964,2022,2022-04-14,510800,2715,occupied,LSE-005542
PROP-02007,addenbrook,4040 Hawthorn Ct,West Jordan,UT,84084,CTY-031,4,2.5,2227,2024,2024-02-04,436800,2745,occupied,LSE-005545
PROP-02008,addenbrook,395 Copper Creek Xing,West Jordan,UT,84084,CTY-031,4,2.5,2376,2018,2018-07-26,471900,2760,occupied,LSE-005547
PROP-02009,addenbrook,6564 Willow Bend Way,West Jordan,UT,84084,CTY-031,3,2.0,1668,2019,2019-07-10,366800,2400,occupied,LSE-005550
PROP-02010,addenbrook,1151 Tanglewood Dr,West Jordan,UT,84084,CTY-031,3,2.0,1685,2018,2018-10-13,418100,2455,occupied,LSE-005554
PROP-02011,addenbrook,5636 Cypress Dr,West Jordan,UT,84084,CTY-031,3,2.0,1767,2022,2022-05-20,385700,2440,vacant,
PROP-02012,addenbrook,274 Bellflower Ct,West Jordan,UT,84084,CTY-031,4,2.5,2490,2020,2020-03-12,463700,2850,occupied,LSE-005558
PROP-02013,addenbrook,1168 Larkspur Xing,West Jordan,UT,84084,CTY-031,3,2.5,2018,2019,2019-01-09,417400,2460,occupied,LSE-005561
PROP-02014,addenbrook,9302 Blue Heron Ln,West Jordan,UT,84084,CTY-031,3,2.0,1849,2017,2017-02-21,417300,2495,occupied,LSE-005564
PROP-02015,addenbrook,8168 Tanglewood Way,West Jordan,UT,84084,CTY-031,3,2.0,1569,2024,2024-07-01,472000,2495,vacant,
PROP-02016,addenbrook,1726 Copper Creek Path,West Jordan,UT,84084,CTY-031,3,2.5,1642,2023,2023-09-11,385600,2415,occupied,LSE-005567
PROP-02017,addenbrook,4332 Redbud Way,West Jordan,UT,84084,CTY-031,3,2.0,1674,2023,2023-02-07,399700,2415,occupied,LSE-005570
PROP-02018,addenbrook,484 Ironwood Ln,West Jordan,UT,84084,CTY-031,4,2.5,2589,2021,2021-04-26,453100,2765,occupied,LSE-005573
PROP-02019,addenbrook,6861 Larkspur Ct,West Jordan,UT,84084,CTY-031,3,2.0,1795,2018,2018-07-13,460400,2530,turn,
PROP-02020,addenbrook,1466 Copper Creek Ct,West Jordan,UT,84084,CTY-031,4,2.5,2396,2017,2017-06-25,404300,2710,occupied,LSE-005578
PROP-02021,addenbrook,8329 Redbud Ln,West Jordan,UT,84084,CTY-031,4,2.5,2717,2024,2024-11-25,488200,2755,occupied,LSE-005580
PROP-02022,addenbrook,5056 Blue Heron Xing,West Jordan,UT,84084,CTY-031,4,3.0,2201,2023,2023-09-14,486700,2720,occupied,LSE-005583
PROP-02023,addenbrook,4097 Sable Ln,West Jordan,UT,84084,CTY-031,4,2.5,2226,2021,2021-03-07,440500,2745,occupied,LSE-005586
PROP-02024,arcilla-ridge,774 Wren Hollow Path,San Antonio,TX,78202,CTY-032,3,2.0,1877,2022,2022-05-27,393200,2140,occupied,LSE-005588
PROP-02025,arcilla-ridge,9030 Sable Path,San Antonio,TX,78202,CTY-032,3,2.0,1613,2016,2016-04-19,311700,2095,occupied,LSE-005591
PROP-02026,arcilla-ridge,2644 Quail Run Xing,San Antonio,TX,78202,CTY-032,2,1.5,1483,2024,2024-06-17,285400,1975,occupied,LSE-005593
PROP-02027,arcilla-ridge,9109 Marigold Xing,San Antonio,TX,78202,CTY-032,2,1.5,1194,2016,2016-03-28,288800,1965,occupied,LSE-005597
PROP-02028,arcilla-ridge,9165 Windrose Trl,San Antonio,TX,78202,CTY-032,2,2,1473,2024,2024-01-17,322500,1945,occupied,LSE-005600
PROP-02029,arcilla-ridge,3078 Magnolia Cir,San Antonio,TX,78202,CTY-032,2,1.5,1157,2016,2016-04-09,293300,1920,occupied,LSE-005603
PROP-02030,arcilla-ridge,8991 Willow Bend Ln,San Antonio,TX,78202,CTY-032,2,1.5,1815,2023,2023-08-23,346500,1995,occupied,LSE-005605
PROP-02031,arcilla-ridge,1484 Ironwood Cir,San Antonio,TX,78202,CTY-032,2,2,1669,2022,2022-07-16,348100,1975,occupied,LSE-005607
PROP-02032,arcilla-ridge,6096 Sable Ln,San Antonio,TX,78202,CTY-032,3,2.5,1777,2020,2020-10-21,352000,2175,occupied,LSE-005609
PROP-02033,arcilla-ridge,8439 Ironwood Xing,San Antonio,TX,78202,CTY-032,3,2.0,1916,2018,2018-03-04,384000,2210,occupied,LSE-005612
PROP-02034,arcilla-ridge,4691 Juniper Xing,San Antonio,TX,78202,CTY-032,2,2,1241,2023,2023-03-12,310300,1915,occupied,LSE-005614
PROP-02035,arcilla-ridge,7475 Ironwood Dr,San Antonio,TX,78202,CTY-032,3,2.5,1939,2020,2020-09-15,296600,2105,occupied,LSE-005617
PROP-02036,arcilla-ridge,2812 Quail Run Cir,San Antonio,TX,78202,CTY-032,3,2.5,1794,2024,2024-12-26,374800,2110,occupied,LSE-005619
PROP-02037,arcilla-ridge,6407 Windrose Ln,San Antonio,TX,78202,CTY-032,3,2.0,1924,2021,2021-03-12,317700,2150,occupied,LSE-005622
PROP-02038,arcilla-ridge,6299 Marigold Cir,San Antonio,TX,78202,CTY-032,2,1.5,1180,2023,2023-07-17,339700,1980,occupied,LSE-005625
PROP-02039,arcilla-ridge,9606 Tanglewood Trl,San Antonio,TX,78202,CTY-032,3,2.0,1992,2018,2018-06-11,333600,2200,occupied,LSE-005629
PROP-02040,arcilla-ridge,5886 Hawthorn Ln,San Antonio,TX,78202,CTY-032,2,1.5,1356,2024,2024-04-05,377800,2010,occupied,LSE-005632
PROP-02041,arcilla-ridge,6897 Blue Heron Ln,San Antonio,TX,78202,CTY-032,3,2.0,1726,2024,2024-11-21,308700,2110,occupied,LSE-005634
PROP-02042,arcilla-ridge,4359 Hawthorn Ct,San Antonio,TX,78202,CTY-032,3,2.5,1492,2024,2024-11-13,348600,2070,occupied,LSE-005636
PROP-02043,arcilla-ridge,3490 Silver Oak Ln,San Antonio,TX,78202,CTY-032,3,2.0,1579,2017,2017-06-25,396500,2140,occupied,LSE-005638
PROP-02044,arcilla-ridge,2803 Juniper Way,San Antonio,TX,78202,CTY-032,2,2,1202,2020,2020-05-02,279400,1910,occupied,LSE-005641
PROP-02045,arcilla-ridge,1107 Magnolia Way,San Antonio,TX,78202,CTY-032,3,2.0,1661,2016,2016-05-20,331400,2075,occupied,LSE-005644
PROP-02046,arcilla-ridge,2190 Windrose Trl,San Antonio,TX,78202,CTY-032,2,1.5,1277,2024,2024-12-06,346800,1950,occupied,LSE-005646
PROP-02047,arcilla-ridge,5630 Hawthorn Path,San Antonio,TX,78202,CTY-032,2,2,1125,2020,2020-12-05,326500,1970,occupied,LSE-005649
PROP-02048,arcilla-ridge,1174 Copper Creek Dr,San Antonio,TX,78202,CTY-032,2,1.5,1301,2022,2022-01-10,364400,1920,turn,
PROP-02049,arcilla-ridge,9424 Magnolia Ct,San Antonio,TX,78202,CTY-032,3,2.5,1938,2023,2023-08-24,353200,2210,occupied,LSE-005654
PROP-02050,arcilla-ridge,4961 Juniper Ct,San Antonio,TX,78202,CTY-032,2,1.5,1110,2019,2019-11-26,342100,1960,occupied,LSE-005656
PROP-02051,arcilla-ridge,8343 Sable Dr,San Antonio,TX,78202,CTY-032,3,2.0,1889,2016,2016-12-04,353600,2160,occupied,LSE-005660
PROP-02052,arcilla-ridge,3650 Wren Hollow Ct,San Antonio,TX,78202,CTY-032,3,2.0,1804,2022,2022-09-09,335100,2110,occupied,LSE-005663
PROP-02053,arcilla-ridge,7078 Tanglewood Ct,San Antonio,TX,78202,CTY-032,2,2,1100,2016,2016-01-10,294000,1995,occupied,LSE-005666
PROP-02054,arcilla-ridge,4370 Summit Xing,San Antonio,TX,78202,CTY-032,3,2.5,1995,2016,2016-06-22,318100,2130,occupied,LSE-005668
PROP-02055,arcilla-ridge,8212 Wren Hollow Path,San Antonio,TX,78202,CTY-032,3,2.0,1906,2024,2024-11-03,407000,2160,occupied,LSE-005670
PROP-02056,arcilla-ridge,804 Tanglewood Xing,San Antonio,TX,78202,CTY-032,3,2.0,1595,2019,2019-03-21,299300,2135,occupied,LSE-005674
PROP-02057,arcilla-ridge,6828 Wren Hollow Dr,San Antonio,TX,78202,CTY-032,3,2.5,1944,2018,2018-08-21,389300,2175,occupied,LSE-005678
PROP-02058,arcilla-ridge,8117 Juniper Ln,San Antonio,TX,78202,CTY-032,2,1.5,1392,2019,2019-08-26,287100,1945,occupied,LSE-005680
PROP-02059,arcilla-ridge,5863 Quail Run Trl,San Antonio,TX,78202,CTY-032,3,2.0,1913,2021,2021-01-12,383200,2190,occupied,LSE-005685
PROP-02060,arcilla-ridge,6755 Redbud Ct,San Antonio,TX,78202,CTY-032,3,2.0,1849,2023,2023-06-12,375100,2165,occupied,LSE-005687
PROP-02061,arcilla-ridge,5633 Magnolia Cir,San Antonio,TX,78202,CTY-032,2,1.5,1293,2022,2022-02-14,286300,1960,occupied,LSE-005691
PROP-02062,arcilla-ridge,8499 Summit Ct,San Antonio,TX,78202,CTY-032,2,1.5,1292,2017,2017-08-11,363800,1960,occupied,LSE-005694
PROP-02063,arcilla-ridge,6338 Silver Oak Ln,San Antonio,TX,78202,CTY-032,3,2.0,1911,2017,2017-02-03,381400,2195,occupied,LSE-005697
PROP-02064,arcilla-ridge,7297 Sable Ct,San Antonio,TX,78202,CTY-032,3,2.0,1824,2024,2024-04-27,381700,2200,occupied,LSE-005699
PROP-02065,arcilla-ridge,5352 Larkspur Cir,San Antonio,TX,78202,CTY-032,3,2.5,2334,2021,2021-05-02,398300,2225,occupied,LSE-005701
PROP-02066,arcilla-ridge,3705 Quail Run Xing,San Antonio,TX,78202,CTY-032,3,2.0,1836,2021,2021-11-05,352700,2105,occupied,LSE-005703
PROP-02067,arcilla-ridge,4109 Summit Way,San Antonio,TX,78202,CTY-032,2,1.5,1312,2021,2021-09-22,282500,1925,occupied,LSE-005706
PROP-02068,arcilla-ridge,662 Quail Run Way,San Antonio,TX,78202,CTY-032,3,2.5,1985,2017,2017-01-05,360700,2195,vacant,
PROP-02069,arcilla-ridge,1988 Marigold Ct,San Antonio,TX,78202,CTY-032,2,1.5,1672,2020,2020-06-11,353100,1915,occupied,LSE-005711
PROP-02070,arcilla-ridge,2480 Redbud Path,San Antonio,TX,78202,CTY-032,3,2.0,1816,2023,2023-05-16,317700,2195,occupied,LSE-005713
PROP-02071,arcilla-ridge,8839 Sable Cir,San Antonio,TX,78202,CTY-032,2,2,1313,2018,2018-07-23,348000,1900,occupied,LSE-005716
PROP-02072,arcilla-ridge,4562 Cypress Ct,San Antonio,TX,78202,CTY-032,3,2.0,2137,2023,2023-04-15,322600,2125,occupied,LSE-005719
PROP-02073,arcilla-ridge,9394 Blue Heron Ct,San Antonio,TX,78202,CTY-032,2,2,1567,2023,2023-06-10,323400,1980,occupied,LSE-005722
PROP-02074,arcilla-ridge,7299 Quail Run Ln,San Antonio,TX,78202,CTY-032,3,2.0,1624,2021,2021-07-07,313600,2100,occupied,LSE-005725
PROP-02075,arcilla-ridge,7714 Blue Heron Xing,San Antonio,TX,78202,CTY-032,2,1.5,1565,2022,2022-06-26,325500,1900,occupied,LSE-005727
PROP-02076,arcilla-ridge,4590 Bellflower Xing,San Antonio,TX,78202,CTY-032,2,1.5,1173,2016,2016-11-12,364200,1930,occupied,LSE-005730
PROP-02077,arcilla-ridge,7454 Willow Bend Cir,San Antonio,TX,78202,CTY-032,3,2.5,1791,2017,2017-09-18,344300,2195,turn,
PROP-02078,arcilla-ridge,3040 Juniper Path,San Antonio,TX,78202,CTY-032,3,2.0,1935,2020,2020-04-26,322100,2110,occupied,LSE-005736
PROP-02079,brookmill,5370 Bellflower Way,San Antonio,TX,78202,CTY-032,4,3.0,2263,2018,2018-02-19,349100,2405,occupied,LSE-005740
PROP-02080,brookmill,921 Marigold Trl,San Antonio,TX,78202,CTY-032,3,2.0,1752,2023,2023-06-10,358100,2140,occupied,LSE-005742
PROP-02081,brookmill,7470 Quail Run Way,San Antonio,TX,78202,CTY-032,3,2.0,1891,2018,2018-11-22,312200,2205,occupied,LSE-005744
PROP-02082,brookmill,533 Marigold Dr,San Antonio,TX,78202,CTY-032,3,2.5,1916,2021,2021-04-04,327500,2135,occupied,LSE-005749
PROP-02083,brookmill,6825 Silver Oak Ct,San Antonio,TX,78202,CTY-032,3,2.5,1824,2016,2016-12-20,299800,2135,occupied,LSE-005752
PROP-02084,brookmill,4251 Silver Oak Trl,San Antonio,TX,78202,CTY-032,4,2.5,2220,2020,2020-10-07,378300,2420,occupied,LSE-005755
PROP-02085,brookmill,1187 Wren Hollow Xing,San Antonio,TX,78202,CTY-032,4,3.0,2336,2018,2018-04-16,330300,2330,occupied,LSE-005758
PROP-02086,brookmill,9671 Dovetail Path,San Antonio,TX,78202,CTY-032,4,2.5,2210,2016,2016-01-03,439200,2330,occupied,LSE-005760
PROP-02087,brookmill,2422 Ironwood Ct,San Antonio,TX,78202,CTY-032,3,2.0,2016,2021,2021-04-21,362100,2145,occupied,LSE-005763
PROP-02088,brookmill,7900 Summit Cir,San Antonio,TX,78202,CTY-032,3,2.0,1791,2017,2017-02-11,330000,2190,vacant,
PROP-02089,brookmill,6724 Wren Hollow Ct,San Antonio,TX,78202,CTY-032,3,2.5,1920,2023,2023-02-03,347300,2110,occupied,LSE-005768
PROP-02090,brookmill,2857 Cypress Path,San Antonio,TX,78202,CTY-032,3,2.0,1903,2023,2023-08-11,332200,2195,occupied,LSE-005770
PROP-02091,brookmill,2384 Sable Ct,San Antonio,TX,78202,CTY-032,4,2.5,2442,2017,2017-05-22,406700,2450,occupied,LSE-005772
PROP-02092,brookmill,565 Copper Creek Xing,San Antonio,TX,78202,CTY-032,3,2.0,2120,2022,2022-04-26,320000,2165,turn,
PROP-02093,brookmill,4181 Willow Bend Trl,San Antonio,TX,78202,CTY-032,3,2.0,1876,2020,2020-12-20,341800,2205,occupied,LSE-005777
PROP-02094,brookmill,826 Redbud Path,San Antonio,TX,78202,CTY-032,4,3.0,2517,2022,2022-03-12,338500,2370,occupied,LSE-005779
PROP-02095,brookmill,2492 Larkspur Dr,San Antonio,TX,78202,CTY-032,3,2.0,2141,2022,2022-07-24,396200,2130,occupied,LSE-005782
PROP-02096,brookmill,7928 Marigold Trl,San Antonio,TX,78202,CTY-032,4,3.0,2428,2018,2018-05-26,415600,2330,occupied,LSE-005786
PROP-02097,brookmill,5516 Larkspur Path,San Antonio,TX,78202,CTY-032,3,2.5,1634,2016,2016-02-18,309500,2180,occupied,LSE-005790
PROP-02098,brookmill,1785 Cypress Xing,San Antonio,TX,78202,CTY-032,3,2.0,2174,2020,2020-04-14,359200,2160,occupied,LSE-005793
PROP-02099,brookmill,4297 Quail Run Trl,San Antonio,TX,78202,CTY-032,4,2.5,2391,2021,2021-02-10,370500,2465,occupied,LSE-005796
PROP-02100,brookmill,6090 Silver Oak Path,San Antonio,TX,78202,CTY-032,4,2.5,2184,2019,2019-11-11,376200,2345,occupied,LSE-005799
PROP-02101,brookmill,251 Willow Bend Path,San Antonio,TX,78202,CTY-032,3,2.0,1707,2022,2022-04-02,327600,2085,occupied,LSE-005803
PROP-02102,brookmill,568 Juniper Ln,San Antonio,TX,78202,CTY-032,3,2.5,1893,2016,2016-10-22,370400,2195,vacant,
PROP-02103,brookmill,1327 Copper Creek Path,San Antonio,TX,78202,CTY-032,3,2.0,1875,2016,2016-01-02,306300,2180,occupied,LSE-005810
PROP-02104,brookmill,2842 Tanglewood Way,San Antonio,TX,78202,CTY-032,4,2.5,2251,2024,2024-06-03,398800,2435,vacant,
PROP-02105,brookmill,6745 Quail Run Trl,San Antonio,TX,78202,CTY-032,4,2.5,2524,2017,2017-05-15,359700,2355,occupied,LSE-005814
PROP-02106,brookmill,4673 Sable Way,San Antonio,TX,78202,CTY-032,3,2.5,1842,2024,2024-04-21,340600,2120,occupied,LSE-005817
PROP-02107,brookmill,2493 Cypress Cir,San Antonio,TX,78202,CTY-032,3,2.0,1701,2024,2024-08-26,339000,2140,occupied,LSE-005819
PROP-02108,brookmill,3830 Marigold Cir,San Antonio,TX,78202,CTY-032,3,2.0,2064,2024,2024-08-05,301200,2120,occupied,LSE-005821
PROP-02109,brookmill,1893 Sable Cir,San Antonio,TX,78202,CTY-032,3,2.0,1735,2024,2024-04-28,388200,2075,occupied,LSE-005823
PROP-02110,brookmill,6806 Hawthorn Ln,San Antonio,TX,78202,CTY-032,3,2.5,2032,2019,2019-01-24,349000,2120,occupied,LSE-005826
PROP-02111,brookmill,6363 Redbud Dr,San Antonio,TX,78202,CTY-032,3,2.0,1772,2019,2019-03-07,392400,2130,occupied,LSE-005829
PROP-02112,brookmill,5159 Marigold Way,San Antonio,TX,78202,CTY-032,4,2.5,1932,2024,2024-10-21,438800,2315,occupied,LSE-005831
PROP-02113,brookmill,8627 Bellflower Cir,San Antonio,TX,78202,CTY-032,3,2.0,2009,2021,2021-02-19,378400,2140,occupied,LSE-005835
PROP-02114,brookmill,3684 Magnolia Dr,San Antonio,TX,78202,CTY-032,4,3.0,2486,2023,2023-06-04,355700,2450,occupied,LSE-005837
PROP-02115,brookmill,9278 Silver Oak Way,San Antonio,TX,78202,CTY-032,4,2.5,2350,2019,2019-03-19,330700,2335,occupied,LSE-005840
PROP-02116,brookmill,5348 Magnolia Cir,San Antonio,TX,78202,CTY-032,3,2.0,2094,2019,2019-02-22,342400,2140,occupied,LSE-005843
PROP-02117,brookmill,3048 Juniper Ct,San Antonio,TX,78202,CTY-032,3,2.0,1962,2017,2017-06-04,340900,2180,occupied,LSE-005846
PROP-02118,brookmill,3773 Larkspur Ct,San Antonio,TX,78202,CTY-032,4,3.0,2120,2024,2024-03-15,395300,2295,occupied,LSE-005849
PROP-02119,brookmill,1599 Blue Heron Xing,San Antonio,TX,78202,CTY-032,4,3.0,2464,2017,2017-09-01,421400,2475,occupied,LSE-005852
PROP-02120,brookmill,7447 Willow Bend Path,San Antonio,TX,78202,CTY-032,4,3.0,2619,2021,2021-01-01,459400,2465,occupied,LSE-005855
PROP-02121,brookmill,5844 Copper Creek Cir,San Antonio,TX,78202,CTY-032,4,2.5,2367,2017,2017-01-07,331600,2325,occupied,LSE-005858
PROP-02122,brookmill,1902 Sable Dr,San Antonio,TX,78202,CTY-032,4,3.0,1953,2016,2016-03-08,360900,2270,occupied,LSE-005860
PROP-02123,brookmill,8355 Hawthorn Path,San Antonio,TX,78202,CTY-032,3,2.5,2015,2019,2019-08-10,350900,2155,occupied,LSE-005862
PROP-02124,brookmill,6078 Ironwood Ln,San Antonio,TX,78202,CTY-032,4,2.5,2231,2017,2017-02-19,377600,2335,occupied,LSE-005864
PROP-02125,brookmill,6940 Willow Bend Dr,San Antonio,TX,78202,CTY-032,4,3.0,2498,2023,2023-11-12,427700,2425,occupied,LSE-005866
PROP-02126,brookmill,3505 Redbud Cir,San Antonio,TX,78202,CTY-032,4,2.5,2008,2021,2021-10-24,356800,2290,occupied,LSE-005869
PROP-02127,brookmill,6368 Redbud Dr,San Antonio,TX,78202,CTY-032,4,2.5,2709,2021,2021-03-17,397400,2385,occupied,LSE-005873
PROP-02128,brookmill,6445 Larkspur Path,San Antonio,TX,78202,CTY-032,3,2.0,1948,2021,2021-01-22,336300,2145,turn,
PROP-02129,brookmill,3102 Sable Cir,San Antonio,TX,78202,CTY-032,3,2.0,1782,2024,2024-09-02,362800,2145,occupied,LSE-005878
PROP-02130,brookmill,5622 Blue Heron Cir,San Antonio,TX,78202,CTY-032,4,2.5,2160,2017,2017-07-05,418900,2305,occupied,LSE-005881
PROP-02131,brookmill,8297 Juniper Ln,San Antonio,TX,78202,CTY-032,4,2.5,2242,2022,2022-01-18,395500,2305,occupied,LSE-005884
PROP-02132,brookmill,4318 Ironwood Ct,San Antonio,TX,78202,CTY-032,4,3.0,2136,2024,2024-08-03,431100,2325,occupied,LSE-005886
PROP-02133,brookmill,4069 Redbud Dr,San Antonio,TX,78202,CTY-032,3,2.5,1881,2018,2018-11-15,401600,2210,occupied,LSE-005890
PROP-02134,brookmill,3049 Willow Bend Ln,San Antonio,TX,78202,CTY-032,3,2.0,1974,2021,2021-07-01,330900,2175,occupied,LSE-005893
PROP-02135,brookmill,1601 Copper Creek Path,San Antonio,TX,78202,CTY-032,3,2.0,1694,2020,2020-02-13,371400,2085,occupied,LSE-005896
PROP-02136,brookmill,5013 Magnolia Ln,San Antonio,TX,78202,CTY-032,3,2.5,1802,2020,2020-08-01,391800,2205,occupied,LSE-005899
PROP-02137,brookmill,5516 Wren Hollow Ln,San Antonio,TX,78202,CTY-032,4,2.5,2207,2024,2024-10-14,407500,2420,occupied,LSE-005901
PROP-02138,brookmill,6967 Larkspur Ct,San Antonio,TX,78202,CTY-032,4,3.0,2289,2022,2022-08-26,375500,2370,occupied,LSE-005904
PROP-02139,brookmill,1514 Magnolia Xing,San Antonio,TX,78202,CTY-032,3,2.5,1466,2022,2022-08-20,359200,2120,occupied,LSE-005907
PROP-02140,brookmill,6747 Tanglewood Ct,San Antonio,TX,78202,CTY-032,4,3.0,2393,2016,2016-11-03,346000,2400,occupied,LSE-005910
PROP-02141,brookmill,1926 Hawthorn Xing,San Antonio,TX,78202,CTY-032,4,2.5,2515,2022,2022-12-11,423600,2350,occupied,LSE-005913
PROP-02142,brookmill,8016 Marigold Dr,San Antonio,TX,78202,CTY-032,4,2.5,2283,2024,2024-04-20,392700,2385,occupied,LSE-005915
PROP-02143,brookmill,1321 Larkspur Cir,San Antonio,TX,78202,CTY-032,4,2.5,2094,2019,2019-03-19,422800,2365,occupied,LSE-005917
PROP-02144,brookmill,8993 Redbud Xing,San Antonio,TX,78202,CTY-032,4,3.0,2157,2019,2019-08-25,354100,2360,vacant,
PROP-02145,brookmill,4944 Wren Hollow Xing,San Antonio,TX,78202,CTY-032,4,2.5,2320,2024,2024-07-01,427000,2400,vacant,
PROP-02146,brookmill,5177 Quail Run Dr,San Antonio,TX,78202,CTY-032,3,2.0,2152,2022,2022-04-21,389600,2255,vacant,
PROP-02147,brookmill,3271 Larkspur Path,San Antonio,TX,78202,CTY-032,3,2.0,1567,2024,2024-01-22,390700,2130,occupied,LSE-005925
PROP-02148,brookmill,4009 Wren Hollow Ct,San Antonio,TX,78202,CTY-032,4,2.5,2224,2018,2018-12-01,444400,2440,occupied,LSE-005928
PROP-02149,brookmill,7944 Juniper Way,San Antonio,TX,78202,CTY-032,4,3.0,2454,2017,2017-04-02,379800,2460,occupied,LSE-005930
PROP-02150,brookmill,1923 Copper Creek Ct,San Antonio,TX,78202,CTY-032,4,2.5,2128,2019,2019-04-27,424600,2315,occupied,LSE-005933
PROP-02151,brookmill,9185 Windrose Trl,San Antonio,TX,78202,CTY-032,3,2.5,1802,2016,2016-01-08,335300,2095,vacant,
PROP-02152,brookmill,4140 Summit Dr,San Antonio,TX,78202,CTY-032,4,3.0,2450,2024,2024-04-03,428500,2460,occupied,LSE-005938
PROP-02153,brookmill,2372 Marigold Ct,San Antonio,TX,78202,CTY-032,3,2.5,1800,2023,2023-03-10,372700,2175,occupied,LSE-005940
PROP-02154,glendale,1643 Quail Run Cir,New Braunfels,TX,78130,CTY-033,3,2.0,1857,2022,2022-03-28,308400,1790,occupied,LSE-005944
PROP-02155,glendale,1151 Redbud Path,New Braunfels,TX,78130,CTY-033,4,3.0,2467,2023,2023-09-22,296300,1965,turn,
PROP-02156,glendale,9231 Dovetail Ct,New Braunfels,TX,78130,CTY-033,3,2.0,1586,2019,2019-03-25,259700,1700,vacant,
PROP-02157,glendale,3160 Magnolia Xing,New Braunfels,TX,78130,CTY-033,3,2.5,1994,2017,2017-07-21,251100,1755,occupied,LSE-005951
PROP-02158,glendale,7436 Windrose Ct,New Braunfels,TX,78130,CTY-033,3,2.5,1761,2020,2020-02-28,267600,1705,occupied,LSE-005953
PROP-02159,glendale,6799 Summit Way,New Braunfels,TX,78130,CTY-033,3,2.0,1806,2024,2024-01-23,256500,1790,occupied,LSE-005955
PROP-02160,glendale,1701 Sable Way,New Braunfels,TX,78130,CTY-033,4,3.0,1988,2023,2023-10-06,346600,1900,occupied,LSE-005957
PROP-02161,glendale,4426 Copper Creek Cir,New Braunfels,TX,78130,CTY-033,4,2.5,2518,2017,2017-04-14,368000,1950,occupied,LSE-005960
PROP-02162,glendale,9248 Blue Heron Trl,New Braunfels,TX,78130,CTY-033,4,2.5,2468,2017,2017-06-01,349800,1980,occupied,LSE-005964
PROP-02163,glendale,6002 Quail Run Xing,New Braunfels,TX,78130,CTY-033,3,2.5,1761,2023,2023-10-14,262400,1715,occupied,LSE-005966
PROP-02164,glendale,7669 Sable Dr,New Braunfels,TX,78130,CTY-033,3,2.0,1865,2024,2024-11-27,305300,1750,occupied,LSE-005967
PROP-02165,glendale,5628 Larkspur Ct,New Braunfels,TX,78130,CTY-033,4,3.0,2010,2020,2020-01-10,348000,1880,occupied,LSE-005971
PROP-02166,glendale,260 Juniper Path,New Braunfels,TX,78130,CTY-033,4,3.0,2442,2018,2018-06-10,291200,2015,occupied,LSE-005974
PROP-02167,glendale,3648 Cypress Trl,New Braunfels,TX,78130,CTY-033,3,2.0,2028,2021,2021-05-07,306700,1740,occupied,LSE-005977
PROP-02168,glendale,2953 Magnolia Ln,New Braunfels,TX,78130,CTY-033,3,2.5,1872,2024,2024-09-28,251200,1750,occupied,LSE-005979
PROP-02169,glendale,8935 Ironwood Ln,New Braunfels,TX,78130,CTY-033,4,2.5,2329,2021,2021-10-14,308200,1955,occupied,LSE-005982
PROP-02170,glendale,2638 Blue Heron Xing,New Braunfels,TX,78130,CTY-033,4,2.5,2276,2024,2024-09-14,279800,1980,occupied,LSE-005984
PROP-02171,glendale,5965 Cypress Way,New Braunfels,TX,78130,CTY-033,4,2.5,2487,2024,2024-10-07,343600,1930,occupied,LSE-005986
PROP-02172,glendale,1468 Cypress Trl,New Braunfels,TX,78130,CTY-033,4,2.5,2685,2020,2020-05-07,281400,1980,occupied,LSE-005989
PROP-02173,glendale,2328 Bellflower Ct,New Braunfels,TX,78130,CTY-033,4,3.0,2303,2024,2024-03-19,336600,1905,occupied,LSE-005991
PROP-02174,silos,4076 Sable Way,San Antonio,TX,78202,CTY-032,3,2.0,1777,2023,2023-09-13,353500,2110,occupied,LSE-005993
PROP-02175,silos,4643 Tanglewood Ct,San Antonio,TX,78202,CTY-032,3,2.5,1974,2024,2024-03-27,358300,2180,occupied,LSE-005995
PROP-02176,silos,4352 Hawthorn Path,San Antonio,TX,78202,CTY-032,3,2.0,1996,2021,2021-10-07,323200,2120,occupied,LSE-005999
PROP-02177,silos,6530 Larkspur Way,San Antonio,TX,78202,CTY-032,4,3.0,2279,2016,2016-01-07,378200,2375,occupied,LSE-006002
PROP-02178,silos,9202 Magnolia Xing,San Antonio,TX,78202,CTY-032,4,2.5,2606,2022,2022-02-22,421100,2470,occupied,LSE-006005
PROP-02179,silos,7556 Summit Ln,San Antonio,TX,78202,CTY-032,3,2.0,1738,2018,2018-11-08,351600,2095,occupied,LSE-006008
PROP-02180,silos,5417 Wren Hollow Trl,San Antonio,TX,78202,CTY-032,3,2.5,1647,2020,2020-12-02,311500,2105,occupied,LSE-006011
PROP-02181,silos,7777 Magnolia Ln,San Antonio,TX,78202,CTY-032,2,2,1306,2016,2016-02-13,362000,1930,occupied,LSE-006014
PROP-02182,silos,5825 Quail Run Xing,San Antonio,TX,78202,CTY-032,3,2.0,2343,2024,2024-05-03,351700,2160,occupied,LSE-006016
PROP-02183,silos,9867 Marigold Dr,San Antonio,TX,78202,CTY-032,4,2.5,2198,2018,2018-09-24,379500,2305,occupied,LSE-006020
PROP-02184,silos,7984 Blue Heron Ln,San Antonio,TX,78202,CTY-032,2,1.5,1100,2019,2019-05-23,290900,2005,occupied,LSE-006023
PROP-02185,silos,4837 Silver Oak Dr,San Antonio,TX,78202,CTY-032,2,2,1139,2019,2019-01-22,325800,1930,occupied,LSE-006026
PROP-02186,silos,5707 Willow Bend Cir,San Antonio,TX,78202,CTY-032,2,2,1690,2023,2023-02-25,307000,2010,occupied,LSE-006028
PROP-02187,silos,4685 Silver Oak Ct,San Antonio,TX,78202,CTY-032,2,2,1366,2021,2021-12-17,371400,1960,occupied,LSE-006030
PROP-02188,silos,7330 Quail Run Dr,San Antonio,TX,78202,CTY-032,4,2.5,2143,2019,2019-02-10,421400,2305,occupied,LSE-006032
PROP-02189,silos,5262 Dovetail Trl,San Antonio,TX,78202,CTY-032,4,3.0,2461,2024,2024-01-22,388200,2440,occupied,LSE-006034
PROP-02190,silos,6766 Quail Run Xing,San Antonio,TX,78202,CTY-032,2,1.5,1285,2021,2021-07-22,286400,1940,occupied,LSE-006037
PROP-02191,silos,7330 Magnolia Ln,San Antonio,TX,78202,CTY-032,3,2.0,2115,2017,2017-02-03,325500,2140,occupied,LSE-006040
PROP-02192,silos,4542 Ironwood Way,San Antonio,TX,78202,CTY-032,2,2,1308,2022,2022-06-18,362200,1935,occupied,LSE-006044
PROP-02193,silos,2097 Silver Oak Path,San Antonio,TX,78202,CTY-032,4,3.0,2352,2017,2017-04-22,359900,2450,occupied,LSE-006046
PROP-02194,silos,7830 Silver Oak Ct,San Antonio,TX,78202,CTY-032,2,1.5,1483,2024,2024-05-22,338800,1900,turn,
PROP-02195,silos,3210 Summit Dr,San Antonio,TX,78202,CTY-032,4,2.5,2609,2019,2019-06-16,368700,2420,occupied,LSE-006052
PROP-02196,silos,1747 Sable Xing,San Antonio,TX,78202,CTY-032,2,1.5,1307,2016,2016-11-09,340900,1925,occupied,LSE-006055
PROP-02197,silos,4365 Blue Heron Ct,San Antonio,TX,78202,CTY-032,2,1.5,1588,2024,2024-02-16,273400,1895,occupied,LSE-006057
PROP-02198,silos,728 Hawthorn Xing,San Antonio,TX,78202,CTY-032,3,2.0,1657,2024,2024-02-16,382100,2160,occupied,LSE-006060
PROP-02199,silos,7455 Dovetail Way,San Antonio,TX,78202,CTY-032,2,1.5,1411,2024,2024-12-12,296400,1915,occupied,LSE-006061
PROP-02200,silos,7227 Juniper Cir,San Antonio,TX,78202,CTY-032,3,2.0,2111,2023,2023-06-22,363300,2195,occupied,LSE-006063
PROP-02201,silos,1766 Quail Run Way,San Antonio,TX,78202,CTY-032,3,2.5,1881,2020,2020-03-14,385400,2210,occupied,LSE-006067
PROP-02202,silos,1990 Windrose Dr,San Antonio,TX,78202,CTY-032,4,2.5,2832,2021,2021-11-07,454500,2395,occupied,LSE-006071
PROP-02203,southton-meadows,3459 Cypress Trl,San Antonio,TX,78202,CTY-032,3,2.0,2012,2020,2020-02-10,384300,2145,occupied,LSE-006074
PROP-02204,southton-meadows,2462 Redbud Cir,San Antonio,TX,78202,CTY-032,2,1.5,1332,2023,2023-04-28,332900,1970,occupied,LSE-006076
PROP-02205,southton-meadows,2043 Dovetail Ln,San Antonio,TX,78202,CTY-032,4,2.5,2234,2017,2017-01-12,363500,2315,occupied,LSE-006079
PROP-02206,southton-meadows,5871 Quail Run Trl,San Antonio,TX,78202,CTY-032,2,1.5,1417,2017,2017-07-25,335600,1950,occupied,LSE-006081
PROP-02207,southton-meadows,3794 Ironwood Way,San Antonio,TX,78202,CTY-032,3,2.0,2012,2016,2016-09-01,406500,2180,occupied,LSE-006084
PROP-02208,southton-meadows,3046 Marigold Ct,San Antonio,TX,78202,CTY-032,3,2.0,1870,2019,2019-05-02,398700,2150,occupied,LSE-006086
PROP-02209,southton-meadows,4140 Cypress Ln,San Antonio,TX,78202,CTY-032,3,2.0,1836,2018,2018-10-18,319700,2195,occupied,LSE-006089
PROP-02210,southton-meadows,3094 Dovetail Ct,San Antonio,TX,78202,CTY-032,3,2.0,1572,2019,2019-04-25,364600,2145,occupied,LSE-006091
PROP-02211,southton-meadows,5382 Blue Heron Ct,San Antonio,TX,78202,CTY-032,3,2.0,2004,2016,2016-10-03,352900,2225,occupied,LSE-006094
PROP-02212,southton-meadows,8435 Sable Dr,San Antonio,TX,78202,CTY-032,3,2.0,1743,2018,2018-12-23,383900,2080,occupied,LSE-006098
PROP-02213,southton-meadows,7383 Tanglewood Ln,San Antonio,TX,78202,CTY-032,4,2.5,2080,2019,2019-01-12,370400,2365,occupied,LSE-006101
PROP-02214,southton-meadows,6098 Juniper Path,San Antonio,TX,78202,CTY-032,2,2,1438,2024,2024-10-01,359900,1915,occupied,LSE-006103
PROP-02215,southton-meadows,1789 Blue Heron Xing,San Antonio,TX,78202,CTY-032,3,2.0,1679,2016,2016-10-05,378700,2080,occupied,LSE-006107
PROP-02216,southton-meadows,4540 Juniper Ln,San Antonio,TX,78202,CTY-032,2,2,1481,2019,2019-06-02,331400,1910,occupied,LSE-006110
PROP-02217,southton-meadows,9033 Summit Ln,San Antonio,TX,78202,CTY-032,3,2.0,1918,2019,2019-06-03,366900,2225,occupied,LSE-006113
PROP-02218,southton-meadows,7534 Ironwood Path,San Antonio,TX,78202,CTY-032,3,2.5,2056,2020,2020-01-24,313700,2225,occupied,LSE-006117
PROP-02219,southton-meadows,1696 Quail Run Ln,San Antonio,TX,78202,CTY-032,2,1.5,1200,2023,2023-07-19,298500,1950,occupied,LSE-006119
PROP-02220,southton-meadows,9544 Tanglewood Path,San Antonio,TX,78202,CTY-032,3,2.0,1888,2019,2019-10-15,339000,2150,occupied,LSE-006121
PROP-02221,southton-meadows,4200 Cypress Ct,San Antonio,TX,78202,CTY-032,4,2.5,2644,2020,2020-04-13,405200,2420,occupied,LSE-006124
PROP-02222,southton-meadows,1188 Hawthorn Way,San Antonio,TX,78202,CTY-032,4,3.0,2502,2017,2017-04-15,343300,2415,occupied,LSE-006127
PROP-02223,southton-meadows,4538 Hawthorn Xing,San Antonio,TX,78202,CTY-032,3,2.5,1793,2023,2023-04-01,386500,2175,occupied,LSE-006130
PROP-02224,southton-meadows,1214 Dovetail Trl,San Antonio,TX,78202,CTY-032,4,2.5,2532,2016,2016-07-03,335500,2395,occupied,LSE-006133
PROP-02225,southton-meadows,806 Hawthorn Path,San Antonio,TX,78202,CTY-032,4,3.0,2394,2019,2019-04-25,402800,2330,occupied,LSE-006136
PROP-02226,southton-meadows,867 Cypress Cir,San Antonio,TX,78202,CTY-032,3,2.0,2031,2019,2019-08-04,355400,2130,occupied,LSE-006138
PROP-02227,southton-meadows,2799 Cypress Cir,San Antonio,TX,78202,CTY-032,4,3.0,2164,2023,2023-08-21,375100,2415,occupied,LSE-006141
PROP-02228,southton-meadows,5553 Cypress Xing,San Antonio,TX,78202,CTY-032,3,2.5,1700,2017,2017-06-24,386200,2095,occupied,LSE-006144
PROP-02229,southton-meadows,2728 Willow Bend Ct,San Antonio,TX,78202,CTY-032,2,1.5,1100,2020,2020-03-11,360000,1940,vacant,
PROP-02230,southton-meadows,1635 Dovetail Path,San Antonio,TX,78202,CTY-032,3,2.5,1739,2019,2019-07-15,360200,2085,vacant,
PROP-02231,southton-meadows,5099 Summit Path,San Antonio,TX,78202,CTY-032,4,3.0,2361,2016,2016-08-04,340700,2335,occupied,LSE-006153
PROP-02232,southton-meadows,9204 Ironwood Way,San Antonio,TX,78202,CTY-032,4,2.5,2637,2021,2021-11-24,468000,2470,occupied,LSE-006157
PROP-02233,southton-meadows,2925 Willow Bend Ln,San Antonio,TX,78202,CTY-032,3,2.5,1944,2023,2023-10-19,350500,2105,occupied,LSE-006159
PROP-02234,southton-meadows,3246 Hawthorn Ct,San Antonio,TX,78202,CTY-032,3,2.0,2005,2021,2021-09-14,328800,2215,occupied,LSE-006163
PROP-02235,southton-meadows,4558 Wren Hollow Xing,San Antonio,TX,78202,CTY-032,3,2.0,1867,2016,2016-06-09,339500,2210,occupied,LSE-006165
PROP-02236,southton-meadows,7173 Ironwood Xing,San Antonio,TX,78202,CTY-032,3,2.0,1864,2017,2017-04-21,376300,2100,occupied,LSE-006168
PROP-02237,southton-meadows,4324 Blue Heron Way,San Antonio,TX,78202,CTY-032,2,2,1474,2019,2019-07-17,282200,1915,occupied,LSE-006170
PROP-02238,southton-meadows,1454 Cypress Way,San Antonio,TX,78202,CTY-032,3,2.0,1676,2019,2019-05-20,352600,2165,occupied,LSE-006172
PROP-02239,southton-meadows,3257 Willow Bend Way,San Antonio,TX,78202,CTY-032,3,2.0,1820,2024,2024-12-09,299800,2100,occupied,LSE-006174
PROP-02240,southton-meadows,7065 Juniper Cir,San Antonio,TX,78202,CTY-032,2,2,1100,2022,2022-11-20,291200,1965,occupied,LSE-006177
PROP-02241,southton-meadows,104 Quail Run Xing,San Antonio,TX,78202,CTY-032,3,2.0,2017,2017,2017-04-10,407500,2200,occupied,LSE-006181
PROP-02242,preston-estates,8127 Larkspur Xing,Vero Beach,FL,32960,CTY-034,2,2,1204,2019,2019-11-12,393400,2450,occupied,LSE-006184
PROP-02243,preston-estates,9005 Silver Oak Ct,Vero Beach,FL,32960,CTY-034,2,2,1418,2019,2019-03-02,435500,2420,occupied,LSE-006186
PROP-02244,preston-estates,4025 Redbud Way,Vero Beach,FL,32960,CTY-034,2,1.5,1100,2022,2022-04-11,388900,2380,occupied,LSE-006189
PROP-02245,preston-estates,5244 Marigold Trl,Vero Beach,FL,32960,CTY-034,2,1.5,1562,2024,2024-03-11,425700,2395,occupied,LSE-006192
PROP-02246,preston-estates,1329 Wren Hollow Ct,Vero Beach,FL,32960,CTY-034,2,2,1241,2023,2023-10-26,447300,2410,occupied,LSE-006194
PROP-02247,preston-estates,3450 Sable Ln,Vero Beach,FL,32960,CTY-034,2,1.5,1587,2024,2024-02-25,355600,2430,occupied,LSE-006196
PROP-02248,preston-estates,1827 Cypress Ct,Vero Beach,FL,32960,CTY-034,2,1.5,1410,2019,2019-04-17,447300,2360,occupied,LSE-006199
PROP-02249,preston-estates,8612 Summit Xing,Vero Beach,FL,32960,CTY-034,2,1.5,1416,2017,2017-05-22,376800,2415,occupied,LSE-006201
PROP-02250,preston-estates,2511 Larkspur Dr,Vero Beach,FL,32960,CTY-034,2,1.5,1483,2024,2024-10-14,436500,2365,occupied,LSE-006203
PROP-02251,preston-estates,9661 Willow Bend Way,Vero Beach,FL,32960,CTY-034,2,1.5,1434,2021,2021-05-01,342100,2385,occupied,LSE-006206
PROP-02252,preston-estates,328 Juniper Path,Vero Beach,FL,32960,CTY-034,2,1.5,1575,2020,2020-07-06,359300,2410,occupied,LSE-006208
PROP-02253,preston-estates,7817 Juniper Ct,Vero Beach,FL,32960,CTY-034,2,2,1141,2018,2018-11-02,446000,2415,occupied,LSE-006211
PROP-02254,preston-estates,3469 Hawthorn Trl,Vero Beach,FL,32960,CTY-034,2,2,1425,2020,2020-07-25,343100,2330,vacant,
PROP-02255,preston-estates,7337 Larkspur Trl,Vero Beach,FL,32960,CTY-034,2,2,1548,2021,2021-06-07,338700,2360,occupied,LSE-006218
PROP-02256,preston-estates,1081 Summit Path,Vero Beach,FL,32960,CTY-034,2,2,1190,2020,2020-06-25,453100,2405,occupied,LSE-006222
PROP-02257,preston-estates,1439 Hawthorn Xing,Vero Beach,FL,32960,CTY-034,2,1.5,1431,2019,2019-02-28,392600,2455,occupied,LSE-006224
PROP-02258,preston-estates,3490 Dovetail Trl,Vero Beach,FL,32960,CTY-034,2,1.5,1328,2019,2019-06-22,362500,2465,occupied,LSE-006227
PROP-02259,preston-estates,8233 Silver Oak Trl,Vero Beach,FL,32960,CTY-034,2,1.5,1100,2016,2016-06-03,350600,2365,occupied,LSE-006230
PROP-02260,cimarron-ridge,6694 Magnolia Cir,Menifee,CA,92584,CTY-035,4,3.0,2116,2019,2019-12-19,626400,4425,occupied,LSE-006233
PROP-02261,cimarron-ridge,3058 Hawthorn Ct,Menifee,CA,92584,CTY-035,5,3.0,2781,2024,2024-07-05,857700,4950,occupied,LSE-006235
PROP-02262,cimarron-ridge,4500 Tanglewood Ct,Menifee,CA,92584,CTY-035,4,2.5,2341,2024,2024-04-04,819600,4340,occupied,LSE-006237
PROP-02263,cimarron-ridge,2022 Cypress Path,Menifee,CA,92584,CTY-035,5,3.0,2829,2016,2016-02-18,685400,4790,occupied,LSE-006240
PROP-02264,cimarron-ridge,9045 Dovetail Way,Menifee,CA,92584,CTY-035,5,3.0,2987,2023,2023-09-24,766300,4900,occupied,LSE-006242
PROP-02265,cimarron-ridge,4884 Quail Run Way,Menifee,CA,92584,CTY-035,4,3.0,2657,2023,2023-08-07,820200,4345,occupied,LSE-006244
PROP-02266,cimarron-ridge,2732 Cypress Dr,Menifee,CA,92584,CTY-035,4,2.5,2246,2018,2018-10-19,771500,4265,occupied,LSE-006247
PROP-02267,cimarron-ridge,8558 Willow Bend Path,Menifee,CA,92584,CTY-035,5,3.0,2895,2016,2016-11-22,861400,4795,occupied,LSE-006250
PROP-02268,cimarron-ridge,7416 Larkspur Dr,Menifee,CA,92584,CTY-035,4,2.5,2214,2018,2018-06-14,817200,4410,occupied,LSE-006252
PROP-02269,cimarron-ridge,1446 Sable Way,Menifee,CA,92584,CTY-035,5,3.0,2928,2023,2023-02-05,775700,4945,vacant,
PROP-02270,cimarron-ridge,7376 Summit Ln,Menifee,CA,92584,CTY-035,5,3.5,3103,2016,2016-07-24,848900,5115,occupied,LSE-006256
PROP-02271,cimarron-ridge,5212 Wren Hollow Way,Menifee,CA,92584,CTY-035,4,3.0,2511,2024,2024-09-04,789500,4390,occupied,LSE-006258
PROP-02272,cimarron-ridge,643 Redbud Dr,Menifee,CA,92584,CTY-035,5,3.0,2534,2020,2020-02-26,730700,4695,occupied,LSE-006262
PROP-02273,cimarron-ridge,7245 Juniper Xing,Menifee,CA,92584,CTY-035,4,3.0,2017,2020,2020-08-24,660000,4240,occupied,LSE-006264
PROP-02274,cimarron-ridge,7620 Copper Creek Trl,Menifee,CA,92584,CTY-035,4,3.0,2383,2018,2018-07-16,845300,4470,occupied,LSE-006268
PROP-02275,cimarron-ridge,166 Bellflower Ln,Menifee,CA,92584,CTY-035,5,3.5,2997,2018,2018-01-20,763500,4965,occupied,LSE-006272
PROP-02276,cimarron-ridge,8220 Dovetail Way,Menifee,CA,92584,CTY-035,4,2.5,2152,2017,2017-08-28,798100,4255,occupied,LSE-006275
PROP-02277,cimarron-ridge,3937 Windrose Cir,Menifee,CA,92584,CTY-035,4,3.0,2286,2018,2018-09-28,847400,4480,occupied,LSE-006278
PROP-02278,cimarron-ridge,8832 Blue Heron Ct,Menifee,CA,92584,CTY-035,4,2.5,2417,2018,2018-11-08,740000,4525,occupied,LSE-006282
PROP-02279,cimarron-ridge,3387 Silver Oak Path,Menifee,CA,92584,CTY-035,5,3.5,2917,2024,2024-02-20,681400,4840,occupied,LSE-006284
PROP-02280,cimarron-ridge,2977 Redbud Dr,Menifee,CA,92584,CTY-035,4,2.5,2931,2021,2021-11-14,864300,4670,occupied,LSE-006286
PROP-02281,cimarron-ridge,2844 Magnolia Path,Menifee,CA,92584,CTY-035,4,2.5,2491,2019,2019-03-22,662000,4405,turn,
PROP-02282,cimarron-ridge,9537 Bellflower Way,Menifee,CA,92584,CTY-035,5,3.0,2991,2023,2023-10-18,867900,4880,occupied,LSE-006290
PROP-02283,cimarron-ridge,5120 Bellflower Ct,Menifee,CA,92584,CTY-035,4,3.0,2657,2016,2016-10-03,686500,4400,occupied,LSE-006294
PROP-02284,cimarron-ridge,5463 Hawthorn Ct,Menifee,CA,92584,CTY-035,4,2.5,2604,2021,2021-06-06,774800,4480,occupied,LSE-006297
PROP-02285,cimarron-ridge,4588 Dovetail Ln,Menifee,CA,92584,CTY-035,5,3.0,2865,2020,2020-12-04,758400,4875,vacant,
PROP-02286,cimarron-ridge,7366 Windrose Cir,Menifee,CA,92584,CTY-035,4,2.5,2411,2023,2023-12-23,720700,4475,occupied,LSE-006302
PROP-02287,cimarron-ridge,1455 Marigold Xing,Menifee,CA,92584,CTY-035,4,2.5,2292,2017,2017-12-11,628000,4405,occupied,LSE-006305
PROP-02288,cimarron-ridge,466 Hawthorn Dr,Menifee,CA,92584,CTY-035,5,3.5,3044,2022,2022-01-04,916400,4845,occupied,LSE-006308
PROP-02289,bryant-square,4288 Dovetail Ct,New Port Richey,FL,34652,CTY-036,3,2.5,1761,2018,2018-06-14,404100,2260,occupied,LSE-006311
PROP-02290,bryant-square,8552 Hawthorn Way,New Port Richey,FL,34652,CTY-036,4,3.0,2401,2020,2020-06-27,436500,2520,occupied,LSE-006315
PROP-02291,bryant-square,3527 Marigold Xing,New Port Richey,FL,34652,CTY-036,4,2.5,2291,2018,2018-08-03,465300,2600,occupied,LSE-006318
PROP-02292,bryant-square,3747 Tanglewood Path,New Port Richey,FL,34652,CTY-036,4,2.5,2485,2024,2024-04-28,466000,2625,occupied,LSE-006320
PROP-02293,bryant-square,440 Larkspur Cir,New Port Richey,FL,34652,CTY-036,3,2.5,1828,2023,2023-04-13,394800,2330,occupied,LSE-006323
PROP-02294,bryant-square,9065 Quail Run Ln,New Port Richey,FL,34652,CTY-036,3,2.0,2223,2024,2024-07-06,357700,2405,occupied,LSE-006325
PROP-02295,bryant-square,8961 Willow Bend Trl,New Port Richey,FL,34652,CTY-036,3,2.5,1872,2023,2023-04-02,409000,2240,occupied,LSE-006328
PROP-02296,bryant-square,7245 Copper Creek Trl,New Port Richey,FL,34652,CTY-036,3,2.0,1668,2020,2020-04-22,338700,2270,occupied,LSE-006331
PROP-02297,bryant-square,7415 Larkspur Ct,New Port Richey,FL,34652,CTY-036,4,3.0,2677,2019,2019-03-04,390800,2660,occupied,LSE-006333
PROP-02298,bryant-square,196 Cypress Cir,New Port Richey,FL,34652,CTY-036,3,2.0,1627,2017,2017-08-17,404100,2285,occupied,LSE-006337
PROP-02299,bryant-square,2210 Blue Heron Dr,New Port Richey,FL,34652,CTY-036,4,2.5,2064,2019,2019-09-09,421000,2445,occupied,LSE-006340
PROP-02300,bryant-square,9455 Bellflower Trl,New Port Richey,FL,34652,CTY-036,3,2.5,1775,2016,2016-04-12,348100,2285,occupied,LSE-006343
PROP-02301,bryant-square,4356 Marigold Xing,New Port Richey,FL,34652,CTY-036,4,2.5,2163,2016,2016-08-05,373700,2490,occupied,LSE-006347
PROP-02302,bryant-square,7034 Quail Run Way,New Port Richey,FL,34652,CTY-036,3,2.0,2009,2017,2017-11-17,444000,2345,occupied,LSE-006349
PROP-02303,bryant-square,2531 Blue Heron Ct,New Port Richey,FL,34652,CTY-036,3,2.0,1864,2023,2023-07-14,409500,2345,occupied,LSE-006351
PROP-02304,bryant-square,6318 Redbud Path,New Port Richey,FL,34652,CTY-036,3,2.0,1645,2016,2016-08-23,374900,2255,occupied,LSE-006354
PROP-02305,bryant-square,7918 Ironwood Xing,New Port Richey,FL,34652,CTY-036,4,2.5,2228,2024,2024-08-18,471500,2615,occupied,LSE-006356
PROP-02306,bryant-square,8043 Sable Xing,New Port Richey,FL,34652,CTY-036,4,2.5,2595,2019,2019-08-15,501900,2660,occupied,LSE-006360
PROP-02307,bryant-square,5157 Silver Oak Dr,New Port Richey,FL,34652,CTY-036,4,3.0,1973,2022,2022-12-13,444800,2505,occupied,LSE-006362
PROP-02308,bryant-square,9607 Quail Run Ln,New Port Richey,FL,34652,CTY-036,3,2.0,2104,2018,2018-06-17,416500,2345,occupied,LSE-006364
PROP-02309,bryant-square,4565 Redbud Xing,New Port Richey,FL,34652,CTY-036,4,2.5,2463,2020,2020-01-12,376300,2645,occupied,LSE-006368
PROP-02310,bryant-square,3134 Copper Creek Path,New Port Richey,FL,34652,CTY-036,4,3.0,2266,2024,2024-11-26,426000,2625,occupied,LSE-006370
PROP-02311,bryant-square,3829 Bellflower Dr,New Port Richey,FL,34652,CTY-036,4,3.0,2663,2019,2019-06-13,400000,2685,occupied,LSE-006374
PROP-02312,bryant-square,4818 Windrose Dr,New Port Richey,FL,34652,CTY-036,4,2.5,2263,2017,2017-11-05,441600,2570,occupied,LSE-006376
PROP-02313,bryant-square,7574 Wren Hollow Xing,New Port Richey,FL,34652,CTY-036,4,2.5,2319,2018,2018-09-22,427700,2535,occupied,LSE-006379
PROP-02314,bryant-square,9557 Redbud Cir,New Port Richey,FL,34652,CTY-036,3,2.0,1886,2020,2020-05-08,375300,2330,occupied,LSE-006382
PROP-02315,bryant-square,9505 Silver Oak Cir,New Port Richey,FL,34652,CTY-036,3,2.0,2091,2021,2021-08-19,378000,2305,occupied,LSE-006385
PROP-02316,bryant-square,3926 Dovetail Xing,New Port Richey,FL,34652,CTY-036,4,2.5,2447,2019,2019-04-28,439800,2605,occupied,LSE-006388
PROP-02317,bryant-square,9680 Cypress Ln,New Port Richey,FL,34652,CTY-036,4,3.0,2640,2021,2021-04-14,438400,2675,occupied,LSE-006393
PROP-02318,bryant-square,9495 Dovetail Ln,New Port Richey,FL,34652,CTY-036,3,2.0,1593,2019,2019-09-05,335500,2195,occupied,LSE-006395
PROP-02319,bryant-square,7655 Redbud Xing,New Port Richey,FL,34652,CTY-036,4,3.0,1987,2019,2019-07-06,419700,2570,vacant,
PROP-02320,bryant-square,9591 Cypress Cir,New Port Richey,FL,34652,CTY-036,3,2.5,1739,2019,2019-09-19,328800,2310,occupied,LSE-006402
PROP-02321,bryant-square,6232 Summit Xing,New Port Richey,FL,34652,CTY-036,3,2.0,1895,2024,2024-02-11,422900,2290,occupied,LSE-006405
PROP-02322,bryant-square,921 Blue Heron Cir,New Port Richey,FL,34652,CTY-036,3,2.0,2107,2021,2021-06-05,387800,2300,occupied,LSE-006408
PROP-02323,bryant-square,1191 Larkspur Path,New Port Richey,FL,34652,CTY-036,3,2.0,2037,2022,2022-10-03,358800,2350,occupied,LSE-006410
PROP-02324,bryant-square,1037 Juniper Xing,New Port Richey,FL,34652,CTY-036,4,3.0,2445,2017,2017-07-24,448200,2625,occupied,LSE-006413
PROP-02325,bryant-square,8937 Juniper Ct,New Port Richey,FL,34652,CTY-036,3,2.5,1683,2021,2021-04-04,345800,2270,occupied,LSE-006417
PROP-02326,c5,6440 Quail Run Path,Fort Myers,FL,33901,CTY-037,3,2.0,1990,2019,2019-09-22,444800,2660,occupied,LSE-006420
PROP-02327,c5,1877 Larkspur Ct,Fort Myers,FL,33901,CTY-037,3,2.5,2021,2023,2023-09-13,490900,2775,occupied,LSE-006423
PROP-02328,c5,5261 Ironwood Trl,Fort Myers,FL,33901,CTY-037,3,2.0,2074,2023,2023-09-24,435200,2795,occupied,LSE-006425
PROP-02329,c5,3162 Bellflower Path,Fort Myers,FL,33901,CTY-037,3,2.0,2091,2023,2023-01-02,437100,2665,occupied,LSE-006427
PROP-02330,c5,9092 Magnolia Dr,Fort Myers,FL,33901,CTY-037,3,2.0,1447,2018,2018-11-27,419300,2620,occupied,LSE-006430
PROP-02331,c5,3990 Tanglewood Cir,Fort Myers,FL,33901,CTY-037,3,2.5,1974,2021,2021-01-03,416300,2800,occupied,LSE-006433
PROP-02332,c5,6246 Cypress Ct,Fort Myers,FL,33901,CTY-037,3,2.0,1729,2022,2022-08-19,498100,2665,occupied,LSE-006437
PROP-02333,c5,3610 Silver Oak Ct,Fort Myers,FL,33901,CTY-037,3,2.0,2013,2017,2017-06-02,444300,2745,occupied,LSE-006440
PROP-02334,c5,421 Silver Oak Path,Fort Myers,FL,33901,CTY-037,3,2.0,2002,2024,2024-07-18,424900,2705,occupied,LSE-006442
PROP-02335,c5,3646 Juniper Cir,Fort Myers,FL,33901,CTY-037,3,2.0,1859,2017,2017-09-13,372300,2645,occupied,LSE-006445
PROP-02336,c5,2392 Bellflower Ct,Fort Myers,FL,33901,CTY-037,3,2.0,1710,2020,2020-06-23,379700,2650,occupied,LSE-006448
PROP-02337,c5,7561 Marigold Xing,Fort Myers,FL,33901,CTY-037,3,2.0,1637,2022,2022-05-06,481100,2605,occupied,LSE-006451
PROP-02338,c5,8702 Wren Hollow Cir,Fort Myers,FL,33901,CTY-037,3,2.5,1940,2021,2021-10-20,433900,2670,occupied,LSE-006454
PROP-02339,c5,921 Redbud Dr,Fort Myers,FL,33901,CTY-037,3,2.0,1810,2016,2016-04-06,374400,2665,occupied,LSE-006457
PROP-02340,c5,514 Magnolia Ct,Fort Myers,FL,33901,CTY-037,3,2.5,1667,2024,2024-06-03,474500,2740,occupied,LSE-006459
PROP-02341,c5,1837 Larkspur Trl,Fort Myers,FL,33901,CTY-037,3,2.5,1718,2024,2024-12-12,415900,2740,occupied,LSE-006461
PROP-02342,c5,9585 Magnolia Path,Fort Myers,FL,33901,CTY-037,3,2.0,2052,2017,2017-09-06,492400,2675,occupied,LSE-006463
PROP-02343,c5,6341 Quail Run Cir,Fort Myers,FL,33901,CTY-037,3,2.5,1879,2021,2021-03-28,429000,2660,turn,
PROP-02344,c5,7917 Juniper Ln,Fort Myers,FL,33901,CTY-037,3,2.0,1646,2016,2016-01-03,424000,2610,occupied,LSE-006468
PROP-02345,c5,2998 Larkspur Trl,Fort Myers,FL,33901,CTY-037,3,2.5,1611,2016,2016-11-11,423300,2735,occupied,LSE-006472
PROP-02346,c5,1587 Cypress Trl,Fort Myers,FL,33901,CTY-037,3,2.5,1635,2019,2019-08-11,451000,2655,occupied,LSE-006476
PROP-02347,c5,8170 Blue Heron Xing,Fort Myers,FL,33901,CTY-037,3,2.0,1983,2017,2017-06-05,382700,2665,occupied,LSE-006479
PROP-02348,c5,4451 Sable Dr,Fort Myers,FL,33901,CTY-037,3,2.0,1599,2017,2017-10-15,413600,2590,occupied,LSE-006483
PROP-02349,c5,6466 Marigold Path,Fort Myers,FL,33901,CTY-037,3,2.5,1729,2017,2017-01-08,465000,2670,occupied,LSE-006487
PROP-02350,c5,3981 Summit Cir,Fort Myers,FL,33901,CTY-037,3,2.0,1630,2021,2021-03-14,505400,2725,occupied,LSE-006490
PROP-02351,c5,7418 Summit Dr,Fort Myers,FL,33901,CTY-037,3,2.0,2218,2021,2021-11-20,448700,2760,occupied,LSE-006494
PROP-02352,c5,2476 Dovetail Xing,Fort Myers,FL,33901,CTY-037,3,2.0,1838,2019,2019-10-14,462400,2735,occupied,LSE-006496
PROP-02353,c5,2355 Copper Creek Dr,Fort Myers,FL,33901,CTY-037,3,2.5,1959,2024,2024-06-27,489400,2715,occupied,LSE-006498
PROP-02354,c5,7329 Marigold Trl,Fort Myers,FL,33901,CTY-037,3,2.5,2039,2020,2020-01-03,516300,2810,occupied,LSE-006500
PROP-02355,caldera,6594 Magnolia Xing,Spring Hill,FL,34606,CTY-038,4,2.5,2342,2023,2023-04-28,400100,2740,occupied,LSE-006503
PROP-02356,caldera,2846 Blue Heron Trl,Spring Hill,FL,34606,CTY-038,3,2.0,1785,2022,2022-05-05,430900,2400,occupied,LSE-006507
PROP-02357,caldera,3464 Blue Heron Trl,Spring Hill,FL,34606,CTY-038,3,2.0,1896,2016,2016-11-13,426400,2425,occupied,LSE-006510
PROP-02358,caldera,5726 Tanglewood Way,Spring Hill,FL,34606,CTY-038,4,2.5,2361,2019,2019-12-28,468300,2625,occupied,LSE-006513
PROP-02359,caldera,7741 Juniper Ln,Spring Hill,FL,34606,CTY-038,4,3.0,2559,2018,2018-08-18,412000,2750,vacant,
PROP-02360,caldera,3919 Hawthorn Xing,Spring Hill,FL,34606,CTY-038,4,2.5,2309,2022,2022-07-17,391600,2605,occupied,LSE-006519
PROP-02361,caldera,1666 Hawthorn Path,Spring Hill,FL,34606,CTY-038,4,2.5,2659,2024,2024-12-27,489700,2695,occupied,LSE-006521
PROP-02362,caldera,4404 Dovetail Dr,Spring Hill,FL,34606,CTY-038,3,2.0,1815,2023,2023-06-20,411900,2440,occupied,LSE-006524
PROP-02363,caldera,5176 Larkspur Way,Spring Hill,FL,34606,CTY-038,3,2.0,1392,2019,2019-09-09,404500,2345,vacant,
PROP-02364,caldera,6010 Windrose Ln,Spring Hill,FL,34606,CTY-038,4,2.5,2210,2023,2023-03-26,462500,2725,occupied,LSE-006528
PROP-02365,caldera,9381 Bellflower Dr,Spring Hill,FL,34606,CTY-038,4,2.5,2682,2023,2023-09-03,486100,2650,occupied,LSE-006530
PROP-02366,caldera,7855 Juniper Xing,Spring Hill,FL,34606,CTY-038,3,2.5,2021,2022,2022-03-15,372000,2455,vacant,
PROP-02367,caldera,2688 Hawthorn Ln,Spring Hill,FL,34606,CTY-038,3,2.5,2199,2016,2016-07-28,430400,2410,occupied,LSE-006535
PROP-02368,caldera,4181 Cypress Dr,Spring Hill,FL,34606,CTY-038,4,2.5,2322,2019,2019-03-05,436800,2670,occupied,LSE-006539
PROP-02369,caldera,9342 Cypress Cir,Spring Hill,FL,34606,CTY-038,4,3.0,2080,2016,2016-12-07,399400,2620,occupied,LSE-006542
PROP-02370,caldera,2453 Juniper Ln,Spring Hill,FL,34606,CTY-038,3,2.5,2029,2024,2024-06-21,371700,2470,occupied,LSE-006544
PROP-02371,caldera,733 Windrose Ln,Spring Hill,FL,34606,CTY-038,4,2.5,2562,2020,2020-06-02,394100,2790,occupied,LSE-006547
PROP-02372,caldera,9128 Willow Bend Xing,Spring Hill,FL,34606,CTY-038,4,3.0,2386,2021,2021-03-19,426300,2670,occupied,LSE-006551
PROP-02373,caldera,3204 Wren Hollow Trl,Spring Hill,FL,34606,CTY-038,3,2.5,1975,2024,2024-11-04,425200,2395,occupied,LSE-006553
PROP-02374,caldera,5333 Hawthorn Dr,Spring Hill,FL,34606,CTY-038,3,2.0,1593,2020,2020-01-24,378700,2385,occupied,LSE-006556
PROP-02375,caldera,9463 Juniper Way,Spring Hill,FL,34606,CTY-038,3,2.0,1733,2016,2016-05-06,398900,2400,occupied,LSE-006558
PROP-02376,caldera,6596 Ironwood Cir,Spring Hill,FL,34606,CTY-038,3,2.5,2084,2018,2018-04-19,378500,2360,occupied,LSE-006562
PROP-02377,caldera,5458 Sable Xing,Spring Hill,FL,34606,CTY-038,3,2.0,1753,2016,2016-01-20,457600,2445,occupied,LSE-006564
PROP-02378,caldera,3086 Blue Heron Trl,Spring Hill,FL,34606,CTY-038,3,2.0,1779,2022,2022-08-17,410600,2350,occupied,LSE-006566
PROP-02379,caldera,3094 Magnolia Xing,Spring Hill,FL,34606,CTY-038,4,2.5,2555,2021,2021-07-07,482800,2745,occupied,LSE-006569
PROP-02380,caldera,8137 Dovetail Trl,Spring Hill,FL,34606,CTY-038,3,2.0,1988,2024,2024-04-22,340800,2385,occupied,LSE-006571
PROP-02381,caldera,7611 Copper Creek Ct,Spring Hill,FL,34606,CTY-038,4,3.0,2404,2024,2024-05-06,473300,2700,occupied,LSE-006574
PROP-02382,caldera,7935 Windrose Path,Spring Hill,FL,34606,CTY-038,3,2.5,1867,2019,2019-08-08,424600,2415,occupied,LSE-006576
PROP-02383,caldera,6781 Magnolia Way,Spring Hill,FL,34606,CTY-038,3,2.0,1921,2018,2018-01-07,370900,2400,occupied,LSE-006580
PROP-02384,caldera,7562 Wren Hollow Dr,Spring Hill,FL,34606,CTY-038,3,2.0,2085,2019,2019-02-19,420900,2375,vacant,
PROP-02385,caldera,3399 Copper Creek Trl,Spring Hill,FL,34606,CTY-038,4,2.5,2488,2020,2020-12-05,433900,2685,occupied,LSE-006584
PROP-02386,caldera,5992 Juniper Cir,Spring Hill,FL,34606,CTY-038,4,2.5,2620,2022,2022-03-15,426500,2665,occupied,LSE-006587
PROP-02387,caldera,7358 Bellflower Path,Spring Hill,FL,34606,CTY-038,4,2.5,2402,2022,2022-05-09,414500,2755,occupied,LSE-006591
PROP-02388,caloosa-creek,362 Wren Hollow Path,Cape Coral,FL,33909,CTY-037,3,2.5,1780,2022,2022-05-21,303500,2075,occupied,LSE-006593
PROP-02389,caloosa-creek,2899 Windrose Cir,Cape Coral,FL,33909,CTY-037,3,2.0,1826,2017,2017-03-23,345700,1995,occupied,LSE-006595
PROP-02390,caloosa-creek,291 Magnolia Dr,Cape Coral,FL,33909,CTY-037,3,2.0,1694,2018,2018-07-11,344000,2035,turn,
PROP-02391,caloosa-creek,2778 Larkspur Cir,Cape Coral,FL,33909,CTY-037,3,2.5,1927,2021,2021-01-28,340900,1995,occupied,LSE-006602
PROP-02392,caloosa-creek,6373 Bellflower Xing,Cape Coral,FL,33909,CTY-037,3,2.5,2332,2018,2018-03-20,308400,2135,occupied,LSE-006604
PROP-02393,caloosa-creek,1518 Wren Hollow Way,Cape Coral,FL,33909,CTY-037,3,2.5,2001,2018,2018-08-08,317800,2050,occupied,LSE-006607
PROP-02394,caloosa-creek,7926 Quail Run Trl,Cape Coral,FL,33909,CTY-037,3,2.0,2207,2021,2021-12-15,376600,2080,occupied,LSE-006610
PROP-02395,caloosa-creek,4048 Summit Ln,Cape Coral,FL,33909,CTY-037,3,2.0,1921,2021,2021-05-02,307200,2055,vacant,
PROP-02396,caloosa-creek,9897 Redbud Way,Cape Coral,FL,33909,CTY-037,3,2.0,1793,2023,2023-04-19,366600,2040,occupied,LSE-006615
PROP-02397,caloosa-creek,3226 Summit Cir,Cape Coral,FL,33909,CTY-037,3,2.0,1805,2023,2023-02-10,340700,2060,occupied,LSE-006618
PROP-02398,caloosa-creek,5702 Sable Ct,Cape Coral,FL,33909,CTY-037,3,2.0,1946,2020,2020-07-18,287700,1990,occupied,LSE-006621
PROP-02399,caloosa-creek,6298 Blue Heron Ct,Cape Coral,FL,33909,CTY-037,3,2.0,2235,2019,2019-01-07,310400,2025,occupied,LSE-006624
PROP-02400,caloosa-creek,7254 Magnolia Ct,Cape Coral,FL,33909,CTY-037,3,2.0,1947,2023,2023-07-20,353400,2070,occupied,LSE-006627
PROP-02401,caloosa-creek,6145 Cypress Xing,Cape Coral,FL,33909,CTY-037,3,2.0,1831,2017,2017-12-23,368500,1995,occupied,LSE-006631
PROP-02402,caloosa-creek,9161 Redbud Path,Cape Coral,FL,33909,CTY-037,3,2.0,1853,2020,2020-08-02,344800,1975,vacant,
PROP-02403,caloosa-creek,6438 Windrose Trl,Cape Coral,FL,33909,CTY-037,3,2.0,2124,2022,2022-11-22,319200,2070,occupied,LSE-006636
PROP-02404,caloosa-creek,834 Redbud Trl,Cape Coral,FL,33909,CTY-037,3,2.0,2033,2022,2022-02-21,331100,2000,vacant,
PROP-02405,caloosa-creek,7091 Cypress Way,Cape Coral,FL,33909,CTY-037,3,2.0,1841,2020,2020-12-05,349000,2015,occupied,LSE-006642
PROP-02406,caloosa-creek,1766 Sable Way,Cape Coral,FL,33909,CTY-037,3,2.5,1715,2018,2018-12-14,367500,2030,occupied,LSE-006646
PROP-02407,caloosa-creek,2509 Willow Bend Ln,Cape Coral,FL,33909,CTY-037,3,2.5,1896,2019,2019-07-13,364600,1985,occupied,LSE-006648
PROP-02408,caloosa-creek,6596 Wren Hollow Path,Cape Coral,FL,33909,CTY-037,3,2.0,2036,2024,2024-12-14,320500,2010,turn,
PROP-02409,caloosa-creek,6528 Silver Oak Dr,Cape Coral,FL,33909,CTY-037,3,2.0,1610,2020,2020-12-28,310100,1970,occupied,LSE-006651
PROP-02410,caloosa-creek,5989 Windrose Ln,Cape Coral,FL,33909,CTY-037,3,2.0,1986,2016,2016-09-16,317700,2090,occupied,LSE-006654
PROP-02411,caloosa-creek,3134 Dovetail Trl,Cape Coral,FL,33909,CTY-037,3,2.0,2222,2018,2018-04-05,310200,2090,occupied,LSE-006658
PROP-02412,caloosa-creek,5621 Magnolia Xing,Cape Coral,FL,33909,CTY-037,3,2.0,1797,2022,2022-02-03,359600,2010,occupied,LSE-006660
PROP-02413,caloosa-creek,3840 Marigold Dr,Cape Coral,FL,33909,CTY-037,3,2.5,1868,2016,2016-02-01,362200,2050,occupied,LSE-006663
PROP-02414,caloosa-creek,8829 Marigold Dr,Cape Coral,FL,33909,CTY-037,3,2.5,1897,2019,2019-06-27,382300,2020,occupied,LSE-006666
PROP-02415,caloosa-creek,2245 Willow Bend Ln,Cape Coral,FL,33909,CTY-037,3,2.0,2217,2019,2019-10-19,314500,2095,occupied,LSE-006669
PROP-02416,caloosa-creek,2529 Hawthorn Trl,Cape Coral,FL,33909,CTY-037,3,2.0,1524,2020,2020-03-15,349400,2030,occupied,LSE-006674
PROP-02417,caloosa-creek,7987 Willow Bend Trl,Cape Coral,FL,33909,CTY-037,3,2.5,1869,2016,2016-01-13,336700,2050,occupied,LSE-006677
PROP-02418,caloosa-creek,8958 Copper Creek Ct,Cape Coral,FL,33909,CTY-037,3,2.0,1981,2016,2016-12-28,309600,2025,occupied,LSE-006679
PROP-02419,caloosa-creek,534 Dovetail Ct,Cape Coral,FL,33909,CTY-037,3,2.0,2067,2022,2022-01-10,374100,2120,occupied,LSE-006682
PROP-02420,caloosa-creek,4181 Blue Heron Dr,Cape Coral,FL,33909,CTY-037,3,2.5,1887,2016,2016-01-19,371700,2060,turn,
PROP-02421,caloosa-creek,6792 Willow Bend Ct,Cape Coral,FL,33909,CTY-037,3,2.5,1978,2020,2020-02-07,340100,2010,occupied,LSE-006689
PROP-02422,caloosa-creek,8959 Bellflower Way,Cape Coral,FL,33909,CTY-037,3,2.0,2103,2016,2016-05-12,325600,2110,vacant,
PROP-02423,caloosa-creek,6421 Larkspur Xing,Cape Coral,FL,33909,CTY-037,3,2.0,2098,2018,2018-06-20,309600,2040,occupied,LSE-006694
PROP-02424,caloosa-creek,5982 Summit Dr,Cape Coral,FL,33909,CTY-037,3,2.0,1828,2020,2020-06-03,311400,2000,occupied,LSE-006697
PROP-02425,caloosa-creek,6048 Magnolia Cir,Cape Coral,FL,33909,CTY-037,3,2.0,1886,2023,2023-10-27,291500,2040,occupied,LSE-006700
PROP-02426,caloosa-creek,8382 Magnolia Trl,Cape Coral,FL,33909,CTY-037,3,2.5,2058,2018,2018-10-18,345500,2115,occupied,LSE-006703
PROP-02427,caloosa-creek,1225 Willow Bend Xing,Cape Coral,FL,33909,CTY-037,3,2.5,1943,2022,2022-04-13,291800,2020,occupied,LSE-006706
PROP-02428,caloosa-creek,5241 Wren Hollow Ln,Cape Coral,FL,33909,CTY-037,3,2.5,1640,2024,2024-01-11,355600,2025,occupied,LSE-006709
PROP-02429,caloosa-creek,2225 Bellflower Ct,Cape Coral,FL,33909,CTY-037,3,2.0,1864,2019,2019-09-15,355000,2000,occupied,LSE-006712
PROP-02430,caloosa-creek,8787 Bellflower Ct,Cape Coral,FL,33909,CTY-037,3,2.5,1719,2020,2020-02-20,288800,1970,occupied,LSE-006715
PROP-02431,caloosa-creek,6758 Bellflower Path,Cape Coral,FL,33909,CTY-037,3,2.0,1739,2019,2019-12-24,361200,2005,occupied,LSE-006718
PROP-02432,caloosa-creek,2597 Marigold Way,Cape Coral,FL,33909,CTY-037,3,2.0,1526,2020,2020-11-09,362600,1955,occupied,LSE-006721
PROP-02433,caloosa-creek,1123 Tanglewood Ct,Cape Coral,FL,33909,CTY-037,3,2.5,1715,2020,2020-02-19,288100,2055,occupied,LSE-006724
PROP-02434,caloosa-creek,3474 Ironwood Trl,Cape Coral,FL,33909,CTY-037,3,2.0,1574,2019,2019-06-08,368200,1975,occupied,LSE-006727
PROP-02435,caloosa-creek,8993 Hawthorn Xing,Cape Coral,FL,33909,CTY-037,3,2.0,1955,2017,2017-03-03,353500,2070,occupied,LSE-006730
PROP-02436,caloosa-creek,1832 Redbud Ln,Cape Coral,FL,33909,CTY-037,3,2.0,1685,2019,2019-04-10,294500,2035,occupied,LSE-006732
PROP-02437,caloosa-creek,6249 Hawthorn Ct,Cape Coral,FL,33909,CTY-037,3,2.5,2223,2017,2017-02-09,306300,2055,occupied,LSE-006736
PROP-02438,caloosa-creek,6101 Juniper Way,Cape Coral,FL,33909,CTY-037,3,2.0,1970,2023,2023-12-25,289700,2015,occupied,LSE-006739
PROP-02439,caloosa-creek,7642 Marigold Cir,Cape Coral,FL,33909,CTY-037,3,2.0,2361,2016,2016-05-13,374300,2150,occupied,LSE-006742
PROP-02440,cypress-mill,9721 Windrose Xing,Sun City Center,FL,33573,CTY-039,6,3.5,3589,2016,2016-05-24,492700,2735,vacant,
PROP-02441,cypress-mill,4472 Hawthorn Xing,Sun City Center,FL,33573,CTY-039,6,4.0,3313,2017,2017-10-27,470000,2575,occupied,LSE-006746
PROP-02442,cypress-mill,9713 Ironwood Trl,Sun City Center,FL,33573,CTY-039,6,4.0,3460,2017,2017-03-08,378400,2675,occupied,LSE-006749
PROP-02443,cypress-mill,3112 Windrose Ct,Sun City Center,FL,33573,CTY-039,6,3.5,3529,2023,2023-10-25,382500,2670,occupied,LSE-006751
PROP-02444,cypress-mill,4869 Wren Hollow Ln,Sun City Center,FL,33573,CTY-039,6,3.5,3464,2024,2024-03-21,383900,2730,occupied,LSE-006753
PROP-02445,cypress-mill,2453 Sable Dr,Sun City Center,FL,33573,CTY-039,6,4.0,3390,2022,2022-10-14,496900,2620,occupied,LSE-006756
PROP-02446,cypress-mill,7107 Sable Path,Sun City Center,FL,33573,CTY-039,6,4.0,3398,2022,2022-01-07,477700,2645,vacant,
PROP-02447,cypress-mill,2996 Blue Heron Ln,Sun City Center,FL,33573,CTY-039,6,3.5,3496,2021,2021-05-02,390000,2655,occupied,LSE-006761
PROP-02448,cypress-mill,4726 Redbud Dr,Sun City Center,FL,33573,CTY-039,6,3.5,3498,2023,2023-10-21,390400,2685,occupied,LSE-006763
PROP-02449,cypress-mill,637 Silver Oak Path,Sun City Center,FL,33573,CTY-039,6,3.5,3469,2018,2018-01-26,494400,2645,occupied,LSE-006765
PROP-02450,cypress-mill,3928 Wren Hollow Path,Sun City Center,FL,33573,CTY-039,6,4.0,3312,2023,2023-10-20,511700,2710,occupied,LSE-006768
PROP-02451,cypress-mill,890 Copper Creek Way,Sun City Center,FL,33573,CTY-039,6,4.0,3572,2021,2021-09-06,480300,2640,occupied,LSE-006772
PROP-02452,cypress-mill,8627 Summit Way,Sun City Center,FL,33573,CTY-039,6,3.5,3459,2019,2019-01-18,450300,2705,occupied,LSE-006774
PROP-02453,cypress-mill,6322 Magnolia Way,Sun City Center,FL,33573,CTY-039,6,3.5,3421,2022,2022-02-03,394600,2720,occupied,LSE-006778
PROP-02454,cypress-mill,5750 Quail Run Trl,Sun City Center,FL,33573,CTY-039,6,3.5,3384,2023,2023-12-22,461400,2730,occupied,LSE-006780
PROP-02455,cypress-mill,4545 Hawthorn Dr,Sun City Center,FL,33573,CTY-039,6,3.5,3325,2019,2019-06-10,478800,2630,occupied,LSE-006784
PROP-02456,cypress-mill,1475 Hawthorn Trl,Sun City Center,FL,33573,CTY-039,6,3.5,3202,2020,2020-11-04,425300,2675,occupied,LSE-006786
PROP-02457,cypress-mill,2611 Redbud Trl,Sun City Center,FL,33573,CTY-039,6,3.5,3434,2017,2017-10-22,433600,2700,vacant,
PROP-02458,cypress-mill,3410 Copper Creek Ln,Sun City Center,FL,33573,CTY-039,6,3.5,3561,2016,2016-12-19,444800,2645,occupied,LSE-006792
PROP-02459,cypress-mill,7384 Cypress Xing,Sun City Center,FL,33573,CTY-039,6,4.0,3180,2024,2024-10-17,393100,2655,occupied,LSE-006794
PROP-02460,cypress-mill,4792 Sable Xing,Sun City Center,FL,33573,CTY-039,6,3.5,3566,2021,2021-07-17,453800,2725,occupied,LSE-006797
PROP-02461,cypress-mill,8562 Redbud Cir,Sun City Center,FL,33573,CTY-039,6,3.5,3550,2020,2020-10-04,430600,2680,occupied,LSE-006800
PROP-02462,cypress-mill,6731 Hawthorn Way,Sun City Center,FL,33573,CTY-039,6,3.5,3280,2016,2016-05-03,363900,2580,occupied,LSE-006802
PROP-02463,cypress-mill,4528 Hawthorn Ct,Sun City Center,FL,33573,CTY-039,6,3.5,3076,2018,2018-04-07,401100,2560,occupied,LSE-006806
PROP-02464,cypress-mill,2567 Larkspur Xing,Sun City Center,FL,33573,CTY-039,6,4.0,3392,2023,2023-02-06,398000,2645,occupied,LSE-006809
PROP-02465,cypress-mill,6399 Cypress Xing,Sun City Center,FL,33573,CTY-039,6,3.5,3234,2021,2021-03-12,499900,2690,occupied,LSE-006811
PROP-02466,cypress-mill,5640 Summit Xing,Sun City Center,FL,33573,CTY-039,6,4.0,3571,2023,2023-04-12,496100,2720,occupied,LSE-006814
PROP-02467,cypress-mill,5186 Blue Heron Trl,Sun City Center,FL,33573,CTY-039,6,4.0,3311,2024,2024-10-01,453400,2635,occupied,LSE-006816
PROP-02468,cypress-mill,1834 Wren Hollow Cir,Sun City Center,FL,33573,CTY-039,6,3.5,3292,2016,2016-06-23,493900,2665,occupied,LSE-006820
PROP-02469,cypress-mill,3045 Dovetail Path,Sun City Center,FL,33573,CTY-039,6,4.0,3248,2024,2024-02-26,376700,2680,occupied,LSE-006822
PROP-02470,estates-at-lake-hammock,4017 Hawthorn Xing,Haines City,FL,33844,CTY-040,4,3.0,2267,2023,2023-12-22,376300,2210,occupied,LSE-006824
PROP-02471,estates-at-lake-hammock,5023 Dovetail Ln,Haines City,FL,33844,CTY-040,4,3.0,2339,2020,2020-11-18,380200,2155,occupied,LSE-006827
PROP-02472,estates-at-lake-hammock,5579 Dovetail Ln,Haines City,FL,33844,CTY-040,4,3.0,2580,2020,2020-11-24,389500,2175,occupied,LSE-006829
PROP-02473,estates-at-lake-hammock,9591 Tanglewood Way,Haines City,FL,33844,CTY-040,4,2.5,2306,2016,2016-07-20,324800,2195,occupied,LSE-006832
PROP-02474,estates-at-lake-hammock,9136 Summit Path,Haines City,FL,33844,CTY-040,4,3.0,2150,2017,2017-12-20,356700,2180,occupied,LSE-006834
PROP-02475,estates-at-lake-hammock,5098 Larkspur Dr,Haines City,FL,33844,CTY-040,4,2.5,2580,2022,2022-07-19,401200,2255,occupied,LSE-006836
PROP-02476,estates-at-lake-hammock,7572 Tanglewood Dr,Haines City,FL,33844,CTY-040,4,2.5,2322,2020,2020-08-06,347000,2180,occupied,LSE-006839
PROP-02477,estates-at-lake-hammock,1339 Blue Heron Dr,Haines City,FL,33844,CTY-040,4,3.0,2209,2016,2016-03-21,332000,2165,occupied,LSE-006844
PROP-02478,estates-at-lake-hammock,4363 Hawthorn Way,Haines City,FL,33844,CTY-040,4,2.5,2340,2021,2021-12-10,369500,2230,occupied,LSE-006846
PROP-02479,estates-at-lake-hammock,1875 Tanglewood Trl,Haines City,FL,33844,CTY-040,4,2.5,2188,2024,2024-01-28,413700,2210,vacant,
PROP-02480,estates-at-lake-hammock,143 Copper Creek Path,Haines City,FL,33844,CTY-040,4,2.5,2480,2019,2019-02-20,417500,2280,occupied,LSE-006850
PROP-02481,estates-at-lake-hammock,3096 Sable Way,Haines City,FL,33844,CTY-040,4,2.5,2310,2023,2023-08-05,341600,2240,occupied,LSE-006852
PROP-02482,estates-at-lake-hammock,7361 Windrose Trl,Haines City,FL,33844,CTY-040,4,2.5,2356,2022,2022-09-14,309700,2195,occupied,LSE-006855
PROP-02483,estates-at-lake-hammock,3395 Dovetail Ct,Haines City,FL,33844,CTY-040,4,2.5,2371,2020,2020-12-10,413800,2250,occupied,LSE-006857
PROP-02484,estates-at-lake-hammock,8417 Marigold Trl,Haines City,FL,33844,CTY-040,4,2.5,2423,2022,2022-03-24,324600,2155,occupied,LSE-006860
PROP-02485,estates-at-lake-hammock,2061 Marigold Ln,Haines City,FL,33844,CTY-040,4,3.0,2308,2021,2021-04-09,323600,2225,occupied,LSE-006863
PROP-02486,estates-at-lake-hammock,9599 Redbud Ct,Haines City,FL,33844,CTY-040,4,2.5,2482,2020,2020-11-17,355000,2245,occupied,LSE-006866
PROP-02487,estates-at-lake-hammock,7609 Juniper Trl,Haines City,FL,33844,CTY-040,4,2.5,2323,2017,2017-07-11,359400,2140,occupied,LSE-006869
PROP-02488,estates-at-lake-hammock,6160 Bellflower Way,Haines City,FL,33844,CTY-040,4,2.5,2760,2019,2019-11-02,375600,2315,occupied,LSE-006872
PROP-02489,estates-at-lake-hammock,5571 Wren Hollow Xing,Haines City,FL,33844,CTY-040,4,2.5,2293,2022,2022-06-21,395700,2205,occupied,LSE-006875
PROP-02490,estates-at-lake-hammock,6781 Sable Ln,Haines City,FL,33844,CTY-040,4,2.5,2403,2020,2020-02-04,422500,2230,occupied,LSE-006878
PROP-02491,estates-at-lake-hammock,4480 Wren Hollow Way,Haines City,FL,33844,CTY-040,4,2.5,2212,2019,2019-03-03,372500,2145,occupied,LSE-006881
PROP-02492,estates-at-lake-hammock,641 Magnolia Way,Haines City,FL,33844,CTY-040,4,2.5,2331,2017,2017-06-27,398700,2230,occupied,LSE-006884
PROP-02493,estates-at-lake-hammock,8007 Willow Bend Dr,Haines City,FL,33844,CTY-040,4,2.5,2452,2023,2023-06-17,423200,2270,occupied,LSE-006886
PROP-02494,estates-at-lake-hammock,2722 Redbud Way,Haines City,FL,33844,CTY-040,4,2.5,2227,2019,2019-02-13,314400,2215,turn,
PROP-02495,estates-at-lake-hammock,8468 Wren Hollow Dr,Haines City,FL,33844,CTY-040,4,2.5,2648,2024,2024-01-15,363700,2255,occupied,LSE-006891
PROP-02496,estates-at-lake-hammock,100 Windrose Xing,Haines City,FL,33844,CTY-040,4,3.0,2536,2021,2021-02-09,374100,2215,occupied,LSE-006894
PROP-02497,estates-at-lake-hammock,8384 Sable Trl,Haines City,FL,33844,CTY-040,4,3.0,2365,2020,2020-06-01,360800,2225,occupied,LSE-006896
PROP-02498,estates-at-lake-hammock,9684 Quail Run Trl,Haines City,FL,33844,CTY-040,4,2.5,2349,2023,2023-01-15,406000,2150,turn,
PROP-02499,estates-at-lake-hammock,765 Windrose Ct,Haines City,FL,33844,CTY-040,4,2.5,2408,2020,2020-06-26,395600,2230,occupied,LSE-006901
PROP-02500,estates-at-lake-hammock,5107 Magnolia Path,Haines City,FL,33844,CTY-040,4,2.5,2298,2019,2019-04-08,349900,2140,occupied,LSE-006904
PROP-02501,estates-at-lake-hammock,7011 Copper Creek Path,Haines City,FL,33844,CTY-040,4,3.0,2398,2022,2022-03-27,338800,2145,occupied,LSE-006907
PROP-02502,estates-at-lake-hammock,671 Sable Trl,Haines City,FL,33844,CTY-040,4,3.0,2465,2021,2021-04-17,319900,2175,occupied,LSE-006909
PROP-02503,estates-at-lake-hammock,9589 Windrose Cir,Haines City,FL,33844,CTY-040,4,2.5,2258,2022,2022-12-04,335400,2160,occupied,LSE-006912
PROP-02504,estates-at-lake-hammock,4248 Cypress Dr,Haines City,FL,33844,CTY-040,4,3.0,2445,2024,2024-01-10,387900,2230,occupied,LSE-006915
PROP-02505,greenwood-villas,7717 Magnolia Ct,Fort Myers,FL,33901,CTY-037,3,2.0,1876,2020,2020-10-14,403000,2755,turn,
PROP-02506,greenwood-villas,5403 Larkspur Path,Fort Myers,FL,33901,CTY-037,3,2.5,2003,2020,2020-04-11,413400,2705,occupied,LSE-006920
PROP-02507,greenwood-villas,3980 Cypress Cir,Fort Myers,FL,33901,CTY-037,3,2.0,1630,2017,2017-10-12,443900,2685,occupied,LSE-006924
PROP-02508,greenwood-villas,1354 Tanglewood Way,Fort Myers,FL,33901,CTY-037,3,2.0,1930,2021,2021-11-02,428600,2645,occupied,LSE-006927
PROP-02509,greenwood-villas,8320 Copper Creek Trl,Fort Myers,FL,33901,CTY-037,3,2.0,1974,2021,2021-03-16,443600,2770,occupied,LSE-006930
PROP-02510,greenwood-villas,8925 Willow Bend Cir,Fort Myers,FL,33901,CTY-037,3,2.0,1679,2021,2021-11-21,454900,2605,occupied,LSE-006933
PROP-02511,greenwood-villas,8800 Marigold Ct,Fort Myers,FL,33901,CTY-037,3,2.0,1795,2020,2020-07-21,502600,2740,occupied,LSE-006936
PROP-02512,greenwood-villas,8307 Sable Ln,Fort Myers,FL,33901,CTY-037,3,2.0,1612,2024,2024-02-23,462200,2730,occupied,LSE-006939
PROP-02513,greenwood-villas,5723 Summit Way,Fort Myers,FL,33901,CTY-037,3,2.0,1950,2020,2020-04-25,462500,2750,occupied,LSE-006941
PROP-02514,greenwood-villas,8242 Windrose Dr,Fort Myers,FL,33901,CTY-037,3,2.5,1907,2018,2018-04-14,501500,2735,occupied,LSE-006943
PROP-02515,greenwood-villas,7489 Redbud Ln,Fort Myers,FL,33901,CTY-037,3,2.5,2048,2018,2018-02-16,429500,2670,occupied,LSE-006946
PROP-02516,greenwood-villas,1095 Cypress Dr,Fort Myers,FL,33901,CTY-037,3,2.0,1858,2024,2024-05-17,476000,2715,occupied,LSE-006948
PROP-02517,greenwood-villas,9791 Ironwood Dr,Fort Myers,FL,33901,CTY-037,3,2.0,1986,2017,2017-05-04,415300,2685,occupied,LSE-006950
PROP-02518,greenwood-villas,943 Copper Creek Cir,Fort Myers,FL,33901,CTY-037,3,2.0,1769,2023,2023-06-09,509200,2685,occupied,LSE-006953
PROP-02519,greenwood-villas,2629 Marigold Path,Fort Myers,FL,33901,CTY-037,3,2.0,1816,2018,2018-02-14,445000,2680,occupied,LSE-006956
PROP-02520,greenwood-villas,6651 Redbud Xing,Fort Myers,FL,33901,CTY-037,3,2.5,1496,2020,2020-11-09,481900,2600,occupied,LSE-006959
PROP-02521,greenwood-villas,5064 Larkspur Ct,Fort Myers,FL,33901,CTY-037,3,2.5,2026,2022,2022-07-22,418800,2695,turn,
PROP-02522,greenwood-villas,6303 Hawthorn Way,Fort Myers,FL,33901,CTY-037,3,2.0,1748,2017,2017-12-22,456600,2730,occupied,LSE-006965
PROP-02523,greenwood-villas,6671 Copper Creek Ln,Fort Myers,FL,33901,CTY-037,3,2.0,1843,2019,2019-07-25,427300,2720,occupied,LSE-006968
PROP-02524,greenwood-villas,8972 Wren Hollow Xing,Fort Myers,FL,33901,CTY-037,3,2.0,1909,2020,2020-12-22,441000,2730,occupied,LSE-006971
PROP-02525,greenwood-villas,6664 Windrose Xing,Fort Myers,FL,33901,CTY-037,3,2.5,1724,2022,2022-01-20,413400,2630,occupied,LSE-006975
PROP-02526,greenwood-villas,236 Copper Creek Xing,Fort Myers,FL,33901,CTY-037,3,2.5,1831,2016,2016-04-04,507400,2690,occupied,LSE-006977
PROP-02527,greenwood-villas,5228 Quail Run Ct,Fort Myers,FL,33901,CTY-037,3,2.5,2099,2022,2022-02-14,416300,2735,occupied,LSE-006979
PROP-02528,greenwood-villas,8586 Magnolia Cir,Fort Myers,FL,33901,CTY-037,3,2.5,1875,2020,2020-10-25,521000,2770,occupied,LSE-006982
PROP-02529,greenwood-villas,7889 Quail Run Trl,Fort Myers,FL,33901,CTY-037,3,2.0,1667,2018,2018-06-20,458400,2745,occupied,LSE-006985
PROP-02530,greenwood-villas,3021 Ironwood Xing,Fort Myers,FL,33901,CTY-037,3,2.5,1930,2023,2023-09-08,426700,2725,occupied,LSE-006988
PROP-02531,greenwood-villas,3089 Windrose Xing,Fort Myers,FL,33901,CTY-037,3,2.0,2064,2024,2024-02-23,423400,2760,occupied,LSE-006990
PROP-02532,greenwood-villas,5477 Redbud Dr,Fort Myers,FL,33901,CTY-037,3,2.0,1661,2024,2024-03-17,432600,2740,occupied,LSE-006992
PROP-02533,greenwood-villas,4510 Cypress Ln,Fort Myers,FL,33901,CTY-037,3,2.5,2173,2022,2022-07-11,467500,2800,occupied,LSE-006995
PROP-02534,greenwood-villas,8749 Quail Run Xing,Fort Myers,FL,33901,CTY-037,3,2.0,1859,2017,2017-07-17,500300,2680,occupied,LSE-006997
PROP-02535,greenwood-villas,3746 Hawthorn Cir,Fort Myers,FL,33901,CTY-037,3,2.0,1535,2016,2016-10-14,492500,2605,occupied,LSE-006999
PROP-02536,greenwood-villas,5977 Summit Dr,Fort Myers,FL,33901,CTY-037,3,2.0,2156,2018,2018-09-25,392900,2730,occupied,LSE-007001
PROP-02537,greenwood-villas,8047 Bellflower Dr,Fort Myers,FL,33901,CTY-037,3,2.5,1761,2022,2022-07-15,465600,2630,occupied,LSE-007003
PROP-02538,grove-pointe,2529 Wren Hollow Ln,Palmetto,FL,34221,CTY-041,5,3.0,2659,2018,2018-10-14,617600,3410,occupied,LSE-007006
PROP-02539,grove-pointe,1298 Marigold Cir,Palmetto,FL,34221,CTY-041,5,3.0,2818,2019,2019-10-04,599600,3445,occupied,LSE-007009
PROP-02540,grove-pointe,9894 Summit Ct,Palmetto,FL,34221,CTY-041,5,3.5,3237,2021,2021-11-03,547900,3490,occupied,LSE-007012
PROP-02541,grove-pointe,7421 Dovetail Xing,Palmetto,FL,34221,CTY-041,5,3.0,2947,2016,2016-03-06,638300,3500,occupied,LSE-007014
PROP-02542,grove-pointe,4223 Hawthorn Ln,Palmetto,FL,34221,CTY-041,5,3.0,2909,2018,2018-05-12,564400,3430,occupied,LSE-007017
PROP-02543,grove-pointe,6409 Copper Creek Way,Palmetto,FL,34221,CTY-041,5,3.0,2964,2019,2019-11-17,569700,3590,occupied,LSE-007020
PROP-02544,grove-pointe,763 Cypress Ln,Palmetto,FL,34221,CTY-041,5,3.0,2810,2019,2019-05-10,605300,3565,occupied,LSE-007023
PROP-02545,grove-pointe,8757 Willow Bend Path,Palmetto,FL,34221,CTY-041,5,3.0,3147,2024,2024-01-19,665700,3535,occupied,LSE-007026
PROP-02546,grove-pointe,2106 Tanglewood Ct,Palmetto,FL,34221,CTY-041,5,3.5,2855,2021,2021-11-08,479000,3410,occupied,LSE-007029
PROP-02547,grove-pointe,7657 Wren Hollow Ct,Palmetto,FL,34221,CTY-041,5,3.5,3021,2018,2018-01-04,643700,3595,occupied,LSE-007032
PROP-02548,grove-pointe,1475 Juniper Way,Palmetto,FL,34221,CTY-041,5,3.0,2855,2019,2019-12-09,516400,3470,occupied,LSE-007035
PROP-02549,grove-pointe,1599 Wren Hollow Cir,Palmetto,FL,34221,CTY-041,5,3.5,2795,2020,2020-01-19,576700,3420,occupied,LSE-007038
PROP-02550,grove-pointe,4204 Silver Oak Ct,Palmetto,FL,34221,CTY-041,5,3.0,2912,2020,2020-11-16,540900,3525,occupied,LSE-007041
PROP-02551,grove-pointe,3189 Willow Bend Path,Palmetto,FL,34221,CTY-041,5,3.0,2955,2021,2021-10-23,533500,3575,occupied,LSE-007045
PROP-02552,grove-pointe,7962 Hawthorn Path,Palmetto,FL,34221,CTY-041,5,3.0,2945,2022,2022-10-28,582200,3560,occupied,LSE-007048
PROP-02553,grove-pointe,9203 Windrose Cir,Palmetto,FL,34221,CTY-041,5,3.5,2842,2021,2021-01-03,676300,3560,vacant,
PROP-02554,grove-pointe,9194 Sable Xing,Palmetto,FL,34221,CTY-041,5,3.0,2960,2019,2019-06-09,615200,3525,occupied,LSE-007053
PROP-02555,grove-pointe,2800 Cypress Xing,Palmetto,FL,34221,CTY-041,5,3.5,2865,2016,2016-07-02,562800,3465,occupied,LSE-007056
PROP-02556,grove-pointe,4801 Dovetail Way,Palmetto,FL,34221,CTY-041,5,3.5,2804,2022,2022-09-27,545700,3410,occupied,LSE-007059
PROP-02557,grove-pointe,743 Cypress Path,Palmetto,FL,34221,CTY-041,5,3.5,2936,2018,2018-01-26,567800,3525,occupied,LSE-007063
PROP-02558,grove-pointe,5544 Dovetail Path,Palmetto,FL,34221,CTY-041,5,3.0,2892,2016,2016-05-07,562500,3565,occupied,LSE-007067
PROP-02559,grove-pointe,9115 Magnolia Ln,Palmetto,FL,34221,CTY-041,5,3.0,3027,2023,2023-06-18,523000,3505,turn,
PROP-02560,grove-pointe,1625 Wren Hollow Dr,Palmetto,FL,34221,CTY-041,5,3.5,2504,2023,2023-09-13,550400,3495,occupied,LSE-007071
PROP-02561,grove-pointe,1223 Dovetail Trl,Palmetto,FL,34221,CTY-041,5,3.0,3020,2017,2017-11-28,626800,3615,vacant,
PROP-02562,grove-pointe,5481 Tanglewood Xing,Palmetto,FL,34221,CTY-041,5,3.0,3065,2021,2021-12-14,629500,3570,vacant,
PROP-02563,grove-pointe,6889 Dovetail Ln,Palmetto,FL,34221,CTY-041,5,3.0,2768,2024,2024-10-04,615600,3415,occupied,LSE-007077
PROP-02564,grove-pointe,6200 Cypress Ln,Palmetto,FL,34221,CTY-041,5,3.0,2710,2019,2019-01-19,628300,3495,occupied,LSE-007080
PROP-02565,grove-pointe,2682 Sable Cir,Palmetto,FL,34221,CTY-041,5,3.0,3225,2018,2018-07-01,648500,3605,occupied,LSE-007083
PROP-02566,grove-pointe,9816 Wren Hollow Path,Palmetto,FL,34221,CTY-041,5,3.0,2484,2019,2019-08-21,473100,3365,vacant,
PROP-02567,grove-pointe,8950 Wren Hollow Trl,Palmetto,FL,34221,CTY-041,5,3.0,3001,2018,2018-12-07,505400,3455,occupied,LSE-007089
PROP-02568,grove-pointe,1145 Silver Oak Trl,Palmetto,FL,34221,CTY-041,5,3.0,2770,2022,2022-08-28,501200,3435,occupied,LSE-007092
PROP-02569,grove-pointe,4784 Wren Hollow Cir,Palmetto,FL,34221,CTY-041,5,3.5,2593,2021,2021-08-01,587900,3485,occupied,LSE-007095
PROP-02570,grove-pointe,4197 Larkspur Xing,Palmetto,FL,34221,CTY-041,5,3.0,2937,2018,2018-05-27,615800,3560,occupied,LSE-007099
PROP-02571,grove-pointe,1923 Summit Dr,Palmetto,FL,34221,CTY-041,5,3.5,3052,2021,2021-11-21,566400,3500,occupied,LSE-007103
PROP-02572,grove-pointe,1193 Silver Oak Path,Palmetto,FL,34221,CTY-041,5,3.5,2625,2017,2017-06-21,563800,3485,occupied,LSE-007107
PROP-02573,grove-pointe,1266 Tanglewood Trl,Palmetto,FL,34221,CTY-041,5,3.5,3261,2020,2020-05-11,592000,3510,occupied,LSE-007110
PROP-02574,grove-pointe,7375 Summit Ln,Palmetto,FL,34221,CTY-041,5,3.0,3013,2018,2018-03-04,652500,3615,occupied,LSE-007113
PROP-02575,grove-pointe,9542 Marigold Path,Palmetto,FL,34221,CTY-041,5,3.0,3022,2021,2021-01-28,592100,3455,occupied,LSE-007116
PROP-02576,grove-pointe,7322 Bellflower Trl,Palmetto,FL,34221,CTY-041,5,3.0,3196,2017,2017-07-26,518400,3565,occupied,LSE-007120
PROP-02577,grove-pointe,8251 Quail Run Ct,Palmetto,FL,34221,CTY-041,5,3.0,2756,2021,2021-02-24,539600,3385,occupied,LSE-007123
PROP-02578,grove-pointe,8070 Dovetail Ln,Palmetto,FL,34221,CTY-041,5,3.5,3028,2018,2018-01-20,609800,3445,occupied,LSE-007128
PROP-02579,grove-pointe,7572 Tanglewood Path,Palmetto,FL,34221,CTY-041,5,3.0,2920,2016,2016-12-04,547300,3440,occupied,LSE-007133
PROP-02580,hawks-glen,3117 Windrose Ct,Ruskin,FL,33570,CTY-039,3,2.5,1774,2021,2021-11-19,390300,2770,occupied,LSE-007135
PROP-02581,hawks-glen,2972 Summit Way,Ruskin,FL,33570,CTY-039,3,2.0,2009,2022,2022-09-09,438500,2855,occupied,LSE-007137
PROP-02582,hawks-glen,8298 Sable Path,Ruskin,FL,33570,CTY-039,5,3.5,3030,2016,2016-01-07,640200,3610,occupied,LSE-007140
PROP-02583,hawks-glen,1817 Quail Run Path,Ruskin,FL,33570,CTY-039,3,2.0,1672,2016,2016-08-22,460500,2775,occupied,LSE-007142
PROP-02584,hawks-glen,5575 Willow Bend Xing,Ruskin,FL,33570,CTY-039,4,2.5,2555,2016,2016-08-08,527300,3175,occupied,LSE-007145
PROP-02585,hawks-glen,4419 Quail Run Ln,Ruskin,FL,33570,CTY-039,4,2.5,2233,2024,2024-10-16,467000,3080,occupied,LSE-007147
PROP-02586,hawks-glen,9480 Ironwood Trl,Ruskin,FL,33570,CTY-039,4,2.5,2226,2020,2020-08-17,540000,3100,occupied,LSE-007150
PROP-02587,hawks-glen,6359 Magnolia Ct,Ruskin,FL,33570,CTY-039,3,2.0,1682,2022,2022-11-03,505900,2730,occupied,LSE-007152
PROP-02588,hawks-glen,755 Magnolia Path,Ruskin,FL,33570,CTY-039,6,4.0,3223,2018,2018-01-09,532800,3715,occupied,LSE-007155
PROP-02589,hawks-glen,1381 Hawthorn Way,Ruskin,FL,33570,CTY-039,6,4.0,3462,2022,2022-04-18,672000,3825,occupied,LSE-007158
PROP-02590,hawks-glen,2326 Windrose Ln,Ruskin,FL,33570,CTY-039,6,3.5,3586,2018,2018-06-22,581200,3915,vacant,
PROP-02591,hawks-glen,4694 Ironwood Ct,Ruskin,FL,33570,CTY-039,5,3.0,2606,2024,2024-05-18,497000,3495,occupied,LSE-007162
PROP-02592,hawks-glen,6598 Hawthorn Dr,Ruskin,FL,33570,CTY-039,5,3.5,2669,2016,2016-12-17,557300,3520,occupied,LSE-007165
PROP-02593,hawks-glen,3658 Summit Ln,Ruskin,FL,33570,CTY-039,6,3.5,3327,2016,2016-10-09,541300,3865,occupied,LSE-007168
PROP-02594,hawks-glen,253 Cypress Dr,Ruskin,FL,33570,CTY-039,5,3.5,2865,2017,2017-11-28,642900,3515,occupied,LSE-007171
PROP-02595,hawks-glen,6121 Ironwood Trl,Ruskin,FL,33570,CTY-039,4,2.5,2225,2023,2023-05-27,456800,3050,occupied,LSE-007173
PROP-02596,hawks-glen,1495 Tanglewood Xing,Ruskin,FL,33570,CTY-039,6,3.5,3468,2019,2019-04-19,723400,3895,occupied,LSE-007176
PROP-02597,hawks-glen,5529 Blue Heron Ln,Ruskin,FL,33570,CTY-039,3,2.0,1808,2018,2018-07-12,458100,2815,occupied,LSE-007179
PROP-02598,hawks-glen,3277 Tanglewood Path,Ruskin,FL,33570,CTY-039,6,3.5,3437,2018,2018-03-04,691800,3925,occupied,LSE-007182
PROP-02599,hawks-glen,4082 Copper Creek Dr,Ruskin,FL,33570,CTY-039,4,2.5,2226,2021,2021-06-08,555000,3170,occupied,LSE-007184
PROP-02600,hawks-glen,3739 Cypress Cir,Ruskin,FL,33570,CTY-039,6,4.0,3171,2024,2024-02-13,706000,3725,occupied,LSE-007186
PROP-02601,hawks-glen,4123 Silver Oak Ln,Ruskin,FL,33570,CTY-039,6,3.5,3587,2019,2019-03-18,622000,3860,occupied,LSE-007189
PROP-02602,hawks-glen,1116 Summit Dr,Ruskin,FL,33570,CTY-039,6,4.0,3387,2024,2024-09-18,591100,3820,occupied,LSE-007191
PROP-02603,hawks-glen,5408 Cypress Ln,Ruskin,FL,33570,CTY-039,5,3.0,3102,2017,2017-11-18,506400,3510,occupied,LSE-007193
PROP-02604,hawks-glen,6933 Silver Oak Xing,Ruskin,FL,33570,CTY-039,3,2.5,1682,2018,2018-06-09,419900,2740,occupied,LSE-007196
PROP-02605,hawks-glen,7791 Copper Creek Dr,Ruskin,FL,33570,CTY-039,6,3.5,3411,2019,2019-10-05,584600,3820,occupied,LSE-007198
PROP-02606,hawks-glen,8103 Cypress Ln,Ruskin,FL,33570,CTY-039,5,3.0,3000,2024,2024-11-01,637700,3440,occupied,LSE-007200
PROP-02607,hawks-glen,4857 Bellflower Ln,Ruskin,FL,33570,CTY-039,5,3.5,3169,2018,2018-05-09,559300,3480,occupied,LSE-007203
PROP-02608,hawks-glen,1420 Juniper Dr,Ruskin,FL,33570,CTY-039,5,3.0,2956,2017,2017-03-01,535800,3435,occupied,LSE-007207
PROP-02609,hawks-glen,4474 Cypress Path,Ruskin,FL,33570,CTY-039,4,2.5,2277,2023,2023-02-14,481100,3045,occupied,LSE-007209
PROP-02610,hawks-glen,8593 Sable Xing,Ruskin,FL,33570,CTY-039,4,2.5,2631,2020,2020-05-05,466500,3285,occupied,LSE-007213
PROP-02611,hawks-glen,4757 Cypress Trl,Ruskin,FL,33570,CTY-039,6,3.5,3313,2022,2022-02-01,540700,3855,turn,
PROP-02612,hawks-glen,4391 Quail Run Dr,Ruskin,FL,33570,CTY-039,6,3.5,3158,2017,2017-05-01,648800,3840,occupied,LSE-007217
PROP-02613,hawks-glen,9615 Windrose Path,Ruskin,FL,33570,CTY-039,5,3.0,2905,2017,2017-07-23,614400,3570,occupied,LSE-007220
PROP-02614,hawks-glen,6947 Marigold Trl,Ruskin,FL,33570,CTY-039,6,3.5,3582,2018,2018-08-15,572000,3955,occupied,LSE-007223
PROP-02615,hawthorne-meadows,8341 Wren Hollow Dr,Gibsonton,FL,33534,CTY-039,3,2.0,1800,2023,2023-12-05,380600,2670,occupied,LSE-007225
PROP-02616,hawthorne-meadows,6126 Sable Xing,Gibsonton,FL,33534,CTY-039,6,4.0,3358,2019,2019-08-02,607600,3595,occupied,LSE-007227
PROP-02617,hawthorne-meadows,5701 Bellflower Trl,Gibsonton,FL,33534,CTY-039,3,2.0,1552,2020,2020-09-23,501500,2695,occupied,LSE-007229
PROP-02618,hawthorne-meadows,6508 Hawthorn Cir,Gibsonton,FL,33534,CTY-039,4,3.0,2724,2016,2016-01-06,463900,3005,occupied,LSE-007232
PROP-02619,hawthorne-meadows,4651 Dovetail Xing,Gibsonton,FL,33534,CTY-039,6,3.5,3472,2019,2019-10-08,700000,3780,occupied,LSE-007234
PROP-02620,hawthorne-meadows,8370 Summit Trl,Gibsonton,FL,33534,CTY-039,5,3.5,2858,2016,2016-03-11,481300,3305,occupied,LSE-007237
PROP-02621,hawthorne-meadows,1611 Silver Oak Path,Gibsonton,FL,33534,CTY-039,4,3.0,2123,2022,2022-03-14,482800,2945,occupied,LSE-007240
PROP-02622,hawthorne-meadows,4432 Ironwood Ln,Gibsonton,FL,33534,CTY-039,3,2.0,1883,2019,2019-12-18,399200,2605,occupied,LSE-007244
PROP-02623,hawthorne-meadows,5605 Quail Run Dr,Gibsonton,FL,33534,CTY-039,4,2.5,2659,2024,2024-05-01,435100,3015,occupied,LSE-007246
PROP-02624,hawthorne-meadows,7264 Ironwood Cir,Gibsonton,FL,33534,CTY-039,6,4.0,3234,2024,2024-08-14,518300,3625,turn,
PROP-02625,hawthorne-meadows,5852 Quail Run Dr,Gibsonton,FL,33534,CTY-039,3,2.0,1903,2019,2019-03-18,409400,2695,occupied,LSE-007249
PROP-02626,hawthorne-meadows,1032 Quail Run Dr,Gibsonton,FL,33534,CTY-039,3,2.5,1867,2021,2021-04-06,489400,2640,occupied,LSE-007252
PROP-02627,hawthorne-meadows,7640 Tanglewood Way,Gibsonton,FL,33534,CTY-039,6,4.0,3330,2019,2019-06-13,644900,3570,occupied,LSE-007255
PROP-02628,hawthorne-meadows,5861 Dovetail Dr,Gibsonton,FL,33534,CTY-039,3,2.0,2020,2023,2023-04-10,459700,2650,occupied,LSE-007258
PROP-02629,hawthorne-meadows,6899 Tanglewood Path,Gibsonton,FL,33534,CTY-039,3,2.0,1752,2016,2016-02-27,364000,2600,occupied,LSE-007261
PROP-02630,hawthorne-meadows,3224 Dovetail Dr,Gibsonton,FL,33534,CTY-039,6,3.5,3600,2019,2019-08-17,547000,3695,occupied,LSE-007264
PROP-02631,hawthorne-meadows,6310 Dovetail Cir,Gibsonton,FL,33534,CTY-039,6,3.5,3443,2018,2018-10-03,599100,3665,occupied,LSE-007268
PROP-02632,hawthorne-meadows,8098 Copper Creek Way,Gibsonton,FL,33534,CTY-039,5,3.0,3266,2018,2018-03-07,631600,3485,occupied,LSE-007271
PROP-02633,hawthorne-meadows,5685 Tanglewood Xing,Gibsonton,FL,33534,CTY-039,5,3.0,2532,2019,2019-02-07,597300,3315,occupied,LSE-007275
PROP-02634,hawthorne-meadows,3109 Marigold Trl,Gibsonton,FL,33534,CTY-039,4,2.5,2096,2017,2017-02-06,475000,2870,occupied,LSE-007278
PROP-02635,hawthorne-meadows,2626 Hawthorn Path,Gibsonton,FL,33534,CTY-039,3,2.0,1779,2021,2021-04-16,488000,2715,occupied,LSE-007282
PROP-02636,hawthorne-meadows,9871 Windrose Path,Gibsonton,FL,33534,CTY-039,6,4.0,3501,2020,2020-01-19,573600,3700,occupied,LSE-007285
PROP-02637,hawthorne-meadows,6540 Ironwood Cir,Gibsonton,FL,33534,CTY-039,5,3.0,3305,2021,2021-10-10,543900,3460,occupied,LSE-007288
PROP-02638,hawthorne-meadows,1138 Dovetail Trl,Gibsonton,FL,33534,CTY-039,5,3.0,2850,2024,2024-10-09,545200,3390,occupied,LSE-007289
PROP-02639,hawthorne-meadows,7919 Cypress Way,Gibsonton,FL,33534,CTY-039,4,2.5,2106,2023,2023-06-15,510300,2945,occupied,LSE-007291
PROP-02640,hawthorne-meadows,8270 Bellflower Ct,Gibsonton,FL,33534,CTY-039,5,3.5,2870,2022,2022-01-04,572300,3335,occupied,LSE-007294
PROP-02641,hawthorne-meadows,9358 Sable Path,Gibsonton,FL,33534,CTY-039,4,2.5,2115,2024,2024-02-24,429900,2865,occupied,LSE-007296
PROP-02642,hawthorne-meadows,9694 Larkspur Ct,Gibsonton,FL,33534,CTY-039,6,3.5,3007,2021,2021-05-23,598600,3670,occupied,LSE-007299
PROP-02643,hawthorne-meadows,4948 Tanglewood Ln,Gibsonton,FL,33534,CTY-039,4,2.5,2301,2024,2024-01-21,435700,3060,occupied,LSE-007302
PROP-02644,hawthorne-meadows,3686 Wren Hollow Ln,Gibsonton,FL,33534,CTY-039,5,3.5,2872,2020,2020-06-07,639200,3365,occupied,LSE-007305
PROP-02645,hawthorne-meadows,2508 Bellflower Ln,Gibsonton,FL,33534,CTY-039,5,3.0,2419,2024,2024-03-02,597500,3250,occupied,LSE-007307
PROP-02646,hawthorne-meadows,2724 Dovetail Cir,Gibsonton,FL,33534,CTY-039,6,3.5,3600,2018,2018-11-20,682200,3810,occupied,LSE-007311
PROP-02647,hawthorne-meadows,745 Copper Creek Dr,Gibsonton,FL,33534,CTY-039,6,3.5,3283,2017,2017-06-13,590600,3620,occupied,LSE-007314
PROP-02648,hidden-palms,8964 Willow Bend Dr,Venice,FL,34285,CTY-042,4,3.0,2452,2021,2021-09-22,529000,3410,occupied,LSE-007318
PROP-02649,hidden-palms,2731 Marigold Trl,Venice,FL,34285,CTY-042,4,3.0,2273,2019,2019-02-23,514600,3385,occupied,LSE-007321
PROP-02650,hidden-palms,7645 Tanglewood Trl,Venice,FL,34285,CTY-042,4,2.5,2349,2016,2016-02-21,558300,3475,occupied,LSE-007323
PROP-02651,hidden-palms,970 Juniper Xing,Venice,FL,34285,CTY-042,4,3.0,2374,2017,2017-03-27,516900,3405,occupied,LSE-007326
PROP-02652,hidden-palms,8260 Summit Cir,Venice,FL,34285,CTY-042,4,2.5,2481,2016,2016-03-20,617800,3350,occupied,LSE-007329
PROP-02653,hidden-palms,6677 Windrose Xing,Venice,FL,34285,CTY-042,4,2.5,2410,2017,2017-09-01,599600,3345,occupied,LSE-007331
PROP-02654,hidden-palms,9275 Redbud Ct,Venice,FL,34285,CTY-042,4,2.5,2524,2019,2019-08-03,643200,3390,occupied,LSE-007336
PROP-02655,hidden-palms,9109 Copper Creek Cir,Venice,FL,34285,CTY-042,4,3.0,2284,2019,2019-05-18,630300,3440,occupied,LSE-007339
PROP-02656,hidden-palms,6195 Sable Dr,Venice,FL,34285,CTY-042,4,3.0,2423,2016,2016-06-18,633800,3470,occupied,LSE-007342
PROP-02657,hidden-palms,6600 Redbud Ln,Venice,FL,34285,CTY-042,4,2.5,2365,2024,2024-06-20,495700,3475,occupied,LSE-007344
PROP-02658,hidden-palms,1591 Hawthorn Trl,Venice,FL,34285,CTY-042,4,2.5,2432,2021,2021-07-22,532800,3540,occupied,LSE-007348
PROP-02659,hidden-palms,8934 Willow Bend Way,Venice,FL,34285,CTY-042,4,2.5,2182,2016,2016-02-22,635900,3485,occupied,LSE-007351
PROP-02660,hidden-palms,9807 Hawthorn Path,Venice,FL,34285,CTY-042,4,2.5,2046,2018,2018-01-16,508800,3345,occupied,LSE-007356
PROP-02661,hidden-palms,3753 Wren Hollow Way,Venice,FL,34285,CTY-042,4,3.0,2616,2023,2023-10-02,655700,3580,occupied,LSE-007359
PROP-02662,hidden-palms,4806 Juniper Ln,Venice,FL,34285,CTY-042,4,2.5,2071,2021,2021-08-24,582400,3375,occupied,LSE-007362
PROP-02663,hidden-palms,2874 Wren Hollow Ct,Venice,FL,34285,CTY-042,4,3.0,1979,2024,2024-11-21,479000,3275,occupied,LSE-007364
PROP-02664,hidden-palms,3745 Silver Oak Xing,Venice,FL,34285,CTY-042,4,2.5,2554,2021,2021-07-20,538100,3365,occupied,LSE-007367
PROP-02665,hidden-palms,1938 Copper Creek Path,Venice,FL,34285,CTY-042,4,3.0,2673,2024,2024-01-01,633800,3525,occupied,LSE-007370
PROP-02666,hidden-palms,8763 Blue Heron Cir,Venice,FL,34285,CTY-042,4,2.5,2163,2024,2024-08-22,525800,3320,occupied,LSE-007372
PROP-02667,hidden-palms,8245 Summit Dr,Venice,FL,34285,CTY-042,4,3.0,2282,2021,2021-09-05,520600,3420,occupied,LSE-007374
PROP-02668,hidden-palms,8637 Summit Way,Venice,FL,34285,CTY-042,4,2.5,2539,2024,2024-01-18,512900,3455,occupied,LSE-007376
PROP-02669,hidden-palms,5251 Ironwood Ct,Venice,FL,34285,CTY-042,4,2.5,2397,2018,2018-01-03,622600,3500,occupied,LSE-007379
PROP-02670,hidden-palms,744 Copper Creek Cir,Venice,FL,34285,CTY-042,4,3.0,2553,2020,2020-02-17,501300,3410,occupied,LSE-007383
PROP-02671,hidden-palms,9211 Quail Run Trl,Venice,FL,34285,CTY-042,4,2.5,1998,2024,2024-10-18,489000,3315,occupied,LSE-007385
PROP-02672,hidden-palms,8232 Blue Heron Ln,Venice,FL,34285,CTY-042,4,3.0,2694,2021,2021-06-23,518000,3585,occupied,LSE-007388
PROP-02673,hidden-palms,648 Tanglewood Ln,Venice,FL,34285,CTY-042,4,2.5,2459,2023,2023-08-24,542600,3360,occupied,LSE-007391
PROP-02674,hidden-palms,9700 Silver Oak Dr,Venice,FL,34285,CTY-042,4,2.5,2440,2017,2017-07-17,558400,3405,occupied,LSE-007394
PROP-02675,hidden-palms,6894 Ironwood Ct,Venice,FL,34285,CTY-042,4,2.5,2693,2022,2022-11-05,512200,3565,turn,
PROP-02676,hidden-palms,4257 Ironwood Ln,Venice,FL,34285,CTY-042,4,2.5,2024,2018,2018-05-06,622900,3410,occupied,LSE-007398
PROP-02677,hidden-palms,3033 Tanglewood Ct,Venice,FL,34285,CTY-042,4,2.5,2173,2020,2020-08-23,581600,3350,occupied,LSE-007401
PROP-02678,hidden-palms,5585 Silver Oak Ct,Venice,FL,34285,CTY-042,4,2.5,2144,2019,2019-10-05,639500,3380,occupied,LSE-007404
PROP-02679,hidden-palms,7158 Windrose Path,Venice,FL,34285,CTY-042,4,2.5,2434,2016,2016-12-01,630100,3480,occupied,LSE-007407
PROP-02680,hidden-palms,7530 Magnolia Path,Venice,FL,34285,CTY-042,4,2.5,2518,2017,2017-08-06,539300,3520,occupied,LSE-007411
PROP-02681,hidden-palms,8491 Blue Heron Xing,Venice,FL,34285,CTY-042,4,2.5,2290,2024,2024-03-25,623800,3460,occupied,LSE-007413
PROP-02682,hidden-palms,8218 Marigold Way,Venice,FL,34285,CTY-042,4,2.5,2469,2017,2017-06-21,657300,3485,occupied,LSE-007415
PROP-02683,hidden-palms,457 Hawthorn Trl,Venice,FL,34285,CTY-042,4,2.5,2417,2020,2020-01-20,511400,3450,turn,
PROP-02684,hidden-palms,7930 Sable Ct,Venice,FL,34285,CTY-042,4,3.0,2159,2018,2018-09-08,566200,3375,occupied,LSE-007421
PROP-02685,hidden-palms,229 Copper Creek Cir,Venice,FL,34285,CTY-042,4,2.5,2314,2024,2024-06-05,504000,3485,occupied,LSE-007424
PROP-02686,hidden-palms,4081 Dovetail Trl,Venice,FL,34285,CTY-042,4,2.5,2257,2021,2021-10-08,642800,3415,vacant,
PROP-02687,hidden-palms,5820 Copper Creek Trl,Venice,FL,34285,CTY-042,4,2.5,2241,2017,2017-11-08,550200,3350,turn,
PROP-02688,hidden-palms,3198 Summit Ct,Venice,FL,34285,CTY-042,4,3.0,2527,2022,2022-11-06,588600,3415,occupied,LSE-007430
PROP-02689,hidden-palms,9540 Tanglewood Path,Venice,FL,34285,CTY-042,4,3.0,2120,2023,2023-03-27,604800,3285,occupied,LSE-007433
PROP-02690,hidden-palms,807 Larkspur Trl,Venice,FL,34285,CTY-042,4,2.5,2428,2016,2016-07-19,478400,3415,occupied,LSE-007436
PROP-02691,hidden-palms,2599 Dovetail Ct,Venice,FL,34285,CTY-042,4,2.5,2449,2021,2021-06-12,592400,3465,occupied,LSE-007439
PROP-02692,hidden-palms,7303 Bellflower Xing,Venice,FL,34285,CTY-042,4,2.5,2509,2022,2022-08-08,634800,3375,occupied,LSE-007442
PROP-02693,hidden-palms,5269 Quail Run Xing,Venice,FL,34285,CTY-042,4,3.0,2466,2018,2018-10-03,512600,3405,occupied,LSE-007444
PROP-02694,hidden-palms,1185 Cypress Cir,Venice,FL,34285,CTY-042,4,2.5,2585,2017,2017-04-13,581500,3525,occupied,LSE-007446
PROP-02695,hidden-palms,908 Blue Heron Xing,Venice,FL,34285,CTY-042,4,2.5,2096,2023,2023-03-07,648400,3415,occupied,LSE-007449
PROP-02696,hidden-palms,8525 Juniper Trl,Venice,FL,34285,CTY-042,4,3.0,2417,2017,2017-05-17,550800,3510,turn,
PROP-02697,hidden-palms,6477 Juniper Trl,Venice,FL,34285,CTY-042,4,2.5,2317,2023,2023-12-22,549700,3455,occupied,LSE-007454
PROP-02698,hidden-palms,4794 Summit Cir,Venice,FL,34285,CTY-042,4,2.5,2649,2016,2016-09-12,514600,3560,occupied,LSE-007457
PROP-02699,hidden-palms,9449 Redbud Cir,Venice,FL,34285,CTY-042,4,2.5,2322,2020,2020-07-04,525000,3435,vacant,
PROP-02700,hidden-palms,7123 Cypress Ct,Venice,FL,34285,CTY-042,4,2.5,2505,2016,2016-04-11,540600,3505,occupied,LSE-007462
PROP-02701,hidden-palms,5023 Bellflower Ct,Venice,FL,34285,CTY-042,4,3.0,2448,2019,2019-09-04,546800,3410,occupied,LSE-007465
PROP-02702,hidden-palms,1466 Larkspur Way,Venice,FL,34285,CTY-042,4,3.0,2440,2016,2016-05-22,596200,3405,occupied,LSE-007468
PROP-02703,hidden-palms,4516 Redbud Xing,Venice,FL,34285,CTY-042,4,2.5,2134,2019,2019-06-01,477000,3370,occupied,LSE-007471
PROP-02704,pravela,3842 Juniper Dr,Palmetto,FL,34221,CTY-041,3,2.5,1760,2016,2016-08-25,457500,2710,occupied,LSE-007473
PROP-02705,pravela,7257 Windrose Way,Palmetto,FL,34221,CTY-041,4,2.5,2868,2020,2020-06-10,578000,3155,occupied,LSE-007475
PROP-02706,pravela,8339 Bellflower Dr,Palmetto,FL,34221,CTY-041,6,4.0,3567,2021,2021-05-26,580700,3940,occupied,LSE-007478
PROP-02707,pravela,4479 Redbud Path,Palmetto,FL,34221,CTY-041,6,4.0,3347,2021,2021-01-04,710300,3945,occupied,LSE-007481
PROP-02708,pravela,772 Tanglewood Trl,Palmetto,FL,34221,CTY-041,6,3.5,3231,2019,2019-10-14,597600,3900,occupied,LSE-007484
PROP-02709,pravela,7448 Windrose Path,Palmetto,FL,34221,CTY-041,5,3.0,3235,2024,2024-09-24,596000,3550,occupied,LSE-007485
PROP-02710,pravela,5951 Wren Hollow Path,Palmetto,FL,34221,CTY-041,3,2.0,1859,2018,2018-07-15,467100,2755,occupied,LSE-007489
PROP-02711,pravela,5058 Sable Trl,Palmetto,FL,34221,CTY-041,3,2.0,1907,2019,2019-11-17,400600,2805,occupied,LSE-007492
PROP-02712,pravela,5260 Larkspur Xing,Palmetto,FL,34221,CTY-041,5,3.5,3263,2023,2023-08-18,565500,3525,occupied,LSE-007494
PROP-02713,pravela,5439 Juniper Ct,Palmetto,FL,34221,CTY-041,4,2.5,2425,2020,2020-06-19,578100,3225,occupied,LSE-007498
PROP-02714,pravela,5341 Blue Heron Path,Palmetto,FL,34221,CTY-041,4,2.5,2148,2016,2016-07-22,536500,3180,occupied,LSE-007501
PROP-02715,pravela,1236 Magnolia Ct,Palmetto,FL,34221,CTY-041,6,4.0,3310,2020,2020-12-26,572800,3760,occupied,LSE-007503
PROP-02716,pravela,864 Wren Hollow Way,Palmetto,FL,34221,CTY-041,6,4.0,3502,2022,2022-02-25,554200,3790,occupied,LSE-007506
PROP-02717,pravela,1040 Cypress Ct,Palmetto,FL,34221,CTY-041,4,3.0,2629,2017,2017-01-03,576400,3270,occupied,LSE-007510
PROP-02718,pravela,614 Silver Oak Xing,Palmetto,FL,34221,CTY-041,6,3.5,3600,2024,2024-08-11,548500,3870,occupied,LSE-007511
PROP-02719,pravela,7832 Bellflower Ct,Palmetto,FL,34221,CTY-041,3,2.5,1792,2023,2023-09-12,417800,2740,occupied,LSE-007513
PROP-02720,pravela,9557 Larkspur Ct,Palmetto,FL,34221,CTY-041,6,4.0,3256,2020,2020-09-15,669900,3850,occupied,LSE-007517
PROP-02721,pravela,4960 Willow Bend Dr,Palmetto,FL,34221,CTY-041,4,3.0,2177,2018,2018-01-02,549800,3115,occupied,LSE-007521
PROP-02722,pravela,1673 Windrose Cir,Palmetto,FL,34221,CTY-041,6,3.5,3554,2024,2024-05-05,662600,3900,occupied,LSE-007523
PROP-02723,pravela,6061 Magnolia Cir,Palmetto,FL,34221,CTY-041,4,2.5,2613,2016,2016-12-04,485400,3190,occupied,LSE-007525
PROP-02724,pravela,4758 Copper Creek Xing,Palmetto,FL,34221,CTY-041,3,2.5,1566,2016,2016-05-01,500400,2770,occupied,LSE-007528
PROP-02725,pravela,7090 Cypress Trl,Palmetto,FL,34221,CTY-041,5,3.0,2863,2016,2016-07-08,611100,3455,occupied,LSE-007531
PROP-02726,pravela,6109 Blue Heron Path,Palmetto,FL,34221,CTY-041,3,2.5,2009,2018,2018-08-28,513900,2845,occupied,LSE-007535
PROP-02727,pravela,1544 Wren Hollow Trl,Palmetto,FL,34221,CTY-041,6,3.5,3290,2019,2019-01-09,702100,3850,occupied,LSE-007538
PROP-02728,pravela,224 Windrose Trl,Palmetto,FL,34221,CTY-041,4,3.0,2391,2020,2020-04-03,569300,3150,occupied,LSE-007541
PROP-02729,pravela,1166 Hawthorn Ct,Palmetto,FL,34221,CTY-041,4,3.0,2402,2019,2019-09-02,489600,3140,occupied,LSE-007544
PROP-02730,pravela,579 Ironwood Path,Palmetto,FL,34221,CTY-041,6,4.0,3397,2018,2018-09-20,605400,3760,occupied,LSE-007547
PROP-02731,pravela,437 Sable Dr,Palmetto,FL,34221,CTY-041,6,3.5,3429,2021,2021-03-05,652200,3955,occupied,LSE-007550
PROP-02732,pravela,4704 Willow Bend Way,Palmetto,FL,34221,CTY-041,3,2.5,2086,2024,2024-11-07,442600,2935,occupied,LSE-007552
PROP-02733,pravela,4040 Windrose Path,Palmetto,FL,34221,CTY-041,3,2.0,2092,2021,2021-03-06,480600,2905,occupied,LSE-007554
PROP-02734,pravela,8922 Hawthorn Path,Palmetto,FL,34221,CTY-041,4,3.0,2651,2023,2023-07-22,518700,3270,occupied,LSE-007557
PROP-02735,pravela,1489 Juniper Ct,Palmetto,FL,34221,CTY-041,6,3.5,3491,2018,2018-07-07,588000,3985,occupied,LSE-007562
PROP-02736,pravela,8573 Larkspur Path,Palmetto,FL,34221,CTY-041,6,4.0,3327,2017,2017-07-08,569500,3930,occupied,LSE-007565
PROP-02737,pravela,5031 Marigold Ln,Palmetto,FL,34221,CTY-041,4,2.5,2411,2024,2024-10-01,543300,3165,occupied,LSE-007567
PROP-02738,pravela,5906 Silver Oak Ln,Palmetto,FL,34221,CTY-041,6,3.5,3531,2021,2021-05-21,641100,3780,occupied,LSE-007570
PROP-02739,pravela,2469 Redbud Dr,Palmetto,FL,34221,CTY-041,3,2.5,1714,2024,2024-06-14,399400,2845,occupied,LSE-007572
PROP-02740,pravela,554 Magnolia Path,Palmetto,FL,34221,CTY-041,3,2.0,1805,2018,2018-05-10,438700,2820,occupied,LSE-007575
PROP-02741,pravela,143 Marigold Ct,Palmetto,FL,34221,CTY-041,6,3.5,3555,2022,2022-04-22,707200,3860,occupied,LSE-007578
PROP-02742,pravela,3930 Silver Oak Way,Palmetto,FL,34221,CTY-041,4,3.0,2576,2020,2020-08-28,553400,3135,occupied,LSE-007581
PROP-02743,pravela,4456 Copper Creek Dr,Palmetto,FL,34221,CTY-041,6,3.5,3600,2020,2020-09-20,645800,3955,occupied,LSE-007584
PROP-02744,pravela,5687 Cypress Xing,Palmetto,FL,34221,CTY-041,6,3.5,3439,2019,2019-01-05,666300,3965,occupied,LSE-007588
PROP-02745,pravela,4588 Cypress Xing,Palmetto,FL,34221,CTY-041,5,3.0,2789,2024,2024-08-24,507600,3460,occupied,LSE-007589
PROP-02746,pravela,8070 Willow Bend Trl,Palmetto,FL,34221,CTY-041,4,2.5,2224,2018,2018-09-14,464700,3035,occupied,LSE-007593
PROP-02747,pravela,5157 Hawthorn Trl,Palmetto,FL,34221,CTY-041,4,2.5,2547,2021,2021-04-22,544400,3270,occupied,LSE-007596
PROP-02748,pravela,3779 Redbud Cir,Palmetto,FL,34221,CTY-041,4,2.5,2310,2016,2016-05-13,561100,3070,turn,
PROP-02749,pravela,163 Tanglewood Ln,Palmetto,FL,34221,CTY-041,5,3.0,3472,2021,2021-07-13,669100,3555,occupied,LSE-007603
PROP-02750,pravela,9484 Marigold Trl,Palmetto,FL,34221,CTY-041,3,2.5,1665,2018,2018-08-12,498000,2730,occupied,LSE-007605
PROP-02751,pravela,8674 Quail Run Ct,Palmetto,FL,34221,CTY-041,4,3.0,2572,2022,2022-10-06,518400,3240,occupied,LSE-007607
PROP-02752,pravela,3809 Quail Run Ln,Palmetto,FL,34221,CTY-041,3,2.0,1815,2020,2020-08-17,496200,2730,occupied,LSE-007610
PROP-02753,pravela,6380 Tanglewood Ln,Palmetto,FL,34221,CTY-041,6,3.5,3426,2023,2023-09-26,595800,3950,occupied,LSE-007613
PROP-02754,pravela,1594 Windrose Cir,Palmetto,FL,34221,CTY-041,6,3.5,3129,2020,2020-01-26,607400,3765,occupied,LSE-007616
PROP-02755,pravela,6344 Quail Run Cir,Palmetto,FL,34221,CTY-041,4,2.5,2514,2020,2020-01-23,461300,3100,vacant,
PROP-02756,pravela,5559 Willow Bend Cir,Palmetto,FL,34221,CTY-041,6,4.0,3600,2017,2017-10-27,654400,3990,occupied,LSE-007622
PROP-02757,pravela,2570 Sable Cir,Palmetto,FL,34221,CTY-041,4,2.5,2377,2019,2019-12-09,606300,3225,occupied,LSE-007625
PROP-02758,pravela,6718 Willow Bend Dr,Palmetto,FL,34221,CTY-041,4,3.0,2165,2018,2018-11-05,453900,3165,occupied,LSE-007627
PROP-02759,pravela,419 Tanglewood Ln,Palmetto,FL,34221,CTY-041,4,2.5,2514,2017,2017-06-02,527200,3185,occupied,LSE-007631
PROP-02760,pravela,9679 Quail Run Ct,Palmetto,FL,34221,CTY-041,3,2.5,1861,2019,2019-11-28,497800,2770,vacant,
PROP-02761,pravela,5121 Ironwood Path,Palmetto,FL,34221,CTY-041,3,2.0,2199,2021,2021-03-09,451500,2810,occupied,LSE-007637
PROP-02762,pravela,8128 Silver Oak Xing,Palmetto,FL,34221,CTY-041,5,3.5,3016,2019,2019-09-19,678400,3575,occupied,LSE-007640
PROP-02763,pravela,8846 Silver Oak Ct,Palmetto,FL,34221,CTY-041,5,3.0,2844,2022,2022-07-07,659400,3495,occupied,LSE-007643
PROP-02764,pravela,1176 Cypress Path,Palmetto,FL,34221,CTY-041,4,3.0,2184,2020,2020-03-13,525200,3135,occupied,LSE-007646
PROP-02765,pravela,5142 Bellflower Path,Palmetto,FL,34221,CTY-041,4,3.0,2520,2021,2021-10-28,498900,3175,occupied,LSE-007649
PROP-02766,pravela,1261 Blue Heron Dr,Palmetto,FL,34221,CTY-041,5,3.5,3088,2020,2020-04-13,552500,3605,occupied,LSE-007653
PROP-02767,pravela,938 Sable Trl,Palmetto,FL,34221,CTY-041,6,3.5,3268,2021,2021-04-14,557000,3880,vacant,
PROP-02768,pravela,2799 Silver Oak Dr,Palmetto,FL,34221,CTY-041,6,3.5,3535,2020,2020-02-28,607600,3805,occupied,LSE-007659
PROP-02769,pravela,2461 Summit Path,Palmetto,FL,34221,CTY-041,4,2.5,2311,2022,2022-07-27,460200,3060,occupied,LSE-007662
PROP-02770,silverlake,9462 Bellflower Xing,Lake Alfred,FL,33850,CTY-040,4,2.5,2094,2024,2024-09-22,513700,2815,occupied,LSE-007664
PROP-02771,silverlake,2865 Juniper Path,Lake Alfred,FL,33850,CTY-040,4,2.5,2541,2020,2020-06-09,519300,2805,occupied,LSE-007667
PROP-02772,silverlake,704 Tanglewood Xing,Lake Alfred,FL,33850,CTY-040,4,2.5,2243,2019,2019-10-27,503900,2725,occupied,LSE-007670
PROP-02773,silverlake,4490 Redbud Way,Lake Alfred,FL,33850,CTY-040,4,3.0,2146,2023,2023-11-16,431200,2795,occupied,LSE-007672
PROP-02774,silverlake,2506 Hawthorn Xing,Lake Alfred,FL,33850,CTY-040,3,2.5,2155,2024,2024-12-28,479500,2565,occupied,LSE-007674
PROP-02775,silverlake,2517 Tanglewood Ct,Lake Alfred,FL,33850,CTY-040,4,3.0,2493,2022,2022-04-09,427900,2850,occupied,LSE-007677
PROP-02776,silverlake,2363 Quail Run Ln,Lake Alfred,FL,33850,CTY-040,4,2.5,2522,2023,2023-01-24,420600,2870,occupied,LSE-007679
PROP-02777,silverlake,1527 Juniper Ln,Lake Alfred,FL,33850,CTY-040,3,2.5,1770,2022,2022-04-11,397800,2425,occupied,LSE-007683
PROP-02778,silverlake,3826 Cypress Ln,Lake Alfred,FL,33850,CTY-040,3,2.0,1616,2017,2017-05-02,399600,2455,occupied,LSE-007687
PROP-02779,silverlake,4499 Cypress Ln,Lake Alfred,FL,33850,CTY-040,4,3.0,2121,2023,2023-05-04,430700,2770,occupied,LSE-007689
PROP-02780,silverlake,4617 Cypress Path,Lake Alfred,FL,33850,CTY-040,3,2.5,1727,2021,2021-01-19,480500,2555,occupied,LSE-007693
PROP-02781,silverlake,5851 Copper Creek Cir,Lake Alfred,FL,33850,CTY-040,4,3.0,2706,2023,2023-02-20,546500,2890,occupied,LSE-007696
PROP-02782,silverlake,6779 Blue Heron Way,Lake Alfred,FL,33850,CTY-040,3,2.0,1614,2019,2019-11-24,360000,2540,occupied,LSE-007700
PROP-02783,silverlake,3721 Hawthorn Cir,Lake Alfred,FL,33850,CTY-040,4,2.5,2297,2017,2017-04-20,421200,2760,occupied,LSE-007702
PROP-02784,silverlake,4616 Quail Run Xing,Lake Alfred,FL,33850,CTY-040,3,2.0,1514,2020,2020-03-18,387100,2455,occupied,LSE-007706
PROP-02785,silverlake,3727 Summit Dr,Lake Alfred,FL,33850,CTY-040,4,2.5,2248,2017,2017-01-01,517700,2780,occupied,LSE-007709
PROP-02786,silverlake,4508 Cypress Dr,Lake Alfred,FL,33850,CTY-040,3,2.0,1870,2017,2017-07-12,427400,2455,occupied,LSE-007712
PROP-02787,silverlake,9168 Cypress Path,Lake Alfred,FL,33850,CTY-040,4,2.5,2333,2022,2022-09-22,408400,2760,occupied,LSE-007714
PROP-02788,silverlake,8911 Quail Run Trl,Lake Alfred,FL,33850,CTY-040,4,2.5,2588,2023,2023-02-05,422000,2875,occupied,LSE-007716
PROP-02789,silverlake,9171 Quail Run Trl,Lake Alfred,FL,33850,CTY-040,4,2.5,2651,2021,2021-08-27,524600,2810,occupied,LSE-007719
PROP-02790,silverlake,1136 Dovetail Ct,Lake Alfred,FL,33850,CTY-040,3,2.0,2022,2016,2016-11-01,447500,2515,occupied,LSE-007721
PROP-02791,silverlake,7206 Summit Ct,Lake Alfred,FL,33850,CTY-040,4,2.5,2329,2017,2017-05-17,515300,2745,occupied,LSE-007724
PROP-02792,silverlake,4701 Willow Bend Cir,Lake Alfred,FL,33850,CTY-040,3,2.0,1942,2017,2017-06-12,440400,2535,occupied,LSE-007727
PROP-02793,silverlake,3894 Magnolia Ln,Lake Alfred,FL,33850,CTY-040,4,3.0,2666,2018,2018-08-03,437100,2845,occupied,LSE-007730
PROP-02794,silverlake,2960 Cypress Ct,Lake Alfred,FL,33850,CTY-040,4,3.0,2345,2017,2017-10-10,440900,2850,occupied,LSE-007733
PROP-02795,silverlake,9013 Quail Run Way,Lake Alfred,FL,33850,CTY-040,4,2.5,2286,2023,2023-11-24,484400,2855,occupied,LSE-007735
PROP-02796,silverlake,3964 Summit Dr,Lake Alfred,FL,33850,CTY-040,4,3.0,2190,2024,2024-11-15,522300,2825,occupied,LSE-007737
PROP-02797,silverlake,9018 Redbud Cir,Lake Alfred,FL,33850,CTY-040,4,3.0,2228,2021,2021-04-01,420400,2840,occupied,LSE-007740
PROP-02798,silverlake,6490 Marigold Cir,Lake Alfred,FL,33850,CTY-040,3,2.0,1886,2016,2016-03-26,382100,2510,occupied,LSE-007742
PROP-02799,silverlake,7773 Bellflower Way,Lake Alfred,FL,33850,CTY-040,3,2.0,2034,2019,2019-01-16,397600,2490,occupied,LSE-007745
PROP-02800,silverlake,8065 Bellflower Ct,Lake Alfred,FL,33850,CTY-040,3,2.5,1910,2020,2020-09-07,400000,2565,occupied,LSE-007747
PROP-02801,silverlake,4956 Hawthorn Xing,Lake Alfred,FL,33850,CTY-040,3,2.0,2014,2016,2016-10-28,370800,2555,occupied,LSE-007750
PROP-02802,silverlake,7570 Bellflower Trl,Lake Alfred,FL,33850,CTY-040,4,3.0,2175,2016,2016-05-08,516600,2745,occupied,LSE-007754
PROP-02803,silverlake,4262 Blue Heron Trl,Lake Alfred,FL,33850,CTY-040,4,2.5,2035,2017,2017-08-21,405200,2820,occupied,LSE-007756
PROP-02804,silverlake,2681 Redbud Ln,Lake Alfred,FL,33850,CTY-040,3,2.0,1984,2016,2016-08-22,404800,2495,occupied,LSE-007759
PROP-02805,silverlake,4551 Wren Hollow Dr,Lake Alfred,FL,33850,CTY-040,4,2.5,2260,2021,2021-09-14,465000,2805,occupied,LSE-007762
PROP-02806,silverlake,5106 Summit Dr,Lake Alfred,FL,33850,CTY-040,3,2.0,1891,2024,2024-02-14,454400,2445,occupied,LSE-007764
PROP-02807,silverlake,2399 Wren Hollow Path,Lake Alfred,FL,33850,CTY-040,3,2.5,1769,2016,2016-04-11,479900,2555,occupied,LSE-007767
PROP-02808,silverlake,3022 Windrose Ln,Lake Alfred,FL,33850,CTY-040,3,2.5,1474,2022,2022-01-16,399000,2415,occupied,LSE-007769
PROP-02809,silverlake,996 Magnolia Path,Lake Alfred,FL,33850,CTY-040,3,2.5,1800,2024,2024-11-08,392000,2470,occupied,LSE-007770
PROP-02810,silverlake,7805 Marigold Cir,Lake Alfred,FL,33850,CTY-040,4,2.5,2531,2024,2024-04-08,501300,2875,occupied,LSE-007773
PROP-02811,silverlake,8104 Bellflower Path,Lake Alfred,FL,33850,CTY-040,3,2.0,2003,2016,2016-08-20,371300,2590,vacant,
PROP-02812,silverlake,7208 Hawthorn Way,Lake Alfred,FL,33850,CTY-040,4,2.5,2421,2019,2019-05-15,408200,2885,occupied,LSE-007779
PROP-02813,silverlake,8393 Magnolia Xing,Lake Alfred,FL,33850,CTY-040,3,2.5,1280,2022,2022-04-23,425500,2535,occupied,LSE-007782
PROP-02814,silverlake,1233 Summit Xing,Lake Alfred,FL,33850,CTY-040,3,2.0,1788,2020,2020-07-22,432300,2575,occupied,LSE-007785
PROP-02815,silverlake,1167 Magnolia Path,Lake Alfred,FL,33850,CTY-040,4,2.5,2485,2017,2017-06-17,415500,2830,occupied,LSE-007788
PROP-02816,silverlake,2072 Blue Heron Ct,Lake Alfred,FL,33850,CTY-040,3,2.0,1535,2016,2016-12-21,468000,2540,occupied,LSE-007790
PROP-02817,silverlake,1180 Tanglewood Cir,Lake Alfred,FL,33850,CTY-040,4,2.5,2474,2021,2021-10-23,450200,2745,occupied,LSE-007792
PROP-02818,silverlake,9772 Marigold Way,Lake Alfred,FL,33850,CTY-040,3,2.0,1589,2021,2021-02-02,429500,2515,occupied,LSE-007795
PROP-02819,spencer-creek,6406 Summit Dr,Ruskin,FL,33570,CTY-039,3,2.0,1630,2022,2022-04-06,483300,2715,occupied,LSE-007797
PROP-02820,spencer-creek,9305 Summit Path,Ruskin,FL,33570,CTY-039,3,2.0,1953,2020,2020-06-19,519900,2815,vacant,
PROP-02821,spencer-creek,4524 Summit Way,Ruskin,FL,33570,CTY-039,4,2.5,2134,2023,2023-11-19,536400,3180,occupied,LSE-007802
PROP-02822,spencer-creek,5043 Quail Run Trl,Ruskin,FL,33570,CTY-039,3,2.0,2017,2016,2016-06-28,530900,2900,occupied,LSE-007805
PROP-02823,spencer-creek,2940 Marigold Path,Ruskin,FL,33570,CTY-039,4,3.0,2409,2024,2024-08-01,497300,3090,vacant,
PROP-02824,spencer-creek,5695 Tanglewood Path,Ruskin,FL,33570,CTY-039,4,2.5,2480,2021,2021-11-04,438100,3100,occupied,LSE-007809
PROP-02825,spencer-creek,1230 Quail Run Trl,Ruskin,FL,33570,CTY-039,4,2.5,2148,2020,2020-07-12,578900,3050,occupied,LSE-007812
PROP-02826,spencer-creek,2662 Hawthorn Xing,Ruskin,FL,33570,CTY-039,6,4.0,3600,2016,2016-07-02,570600,3840,occupied,LSE-007816
PROP-02827,spencer-creek,3983 Willow Bend Way,Ruskin,FL,33570,CTY-039,4,2.5,2298,2024,2024-09-22,505600,3050,occupied,LSE-007817
PROP-02828,spencer-creek,3054 Blue Heron Ct,Ruskin,FL,33570,CTY-039,5,3.0,3102,2016,2016-06-11,600700,3475,occupied,LSE-007820
PROP-02829,spencer-creek,2615 Summit Way,Ruskin,FL,33570,CTY-039,4,2.5,2576,2024,2024-09-23,476000,3205,occupied,LSE-007821
PROP-02830,spencer-creek,380 Marigold Ln,Ruskin,FL,33570,CTY-039,3,2.0,1760,2018,2018-07-16,501900,2745,occupied,LSE-007824
PROP-02831,spencer-creek,754 Redbud Trl,Ruskin,FL,33570,CTY-039,6,3.5,3536,2019,2019-11-04,556400,3800,occupied,LSE-007828
PROP-02832,spencer-creek,2632 Sable Xing,Ruskin,FL,33570,CTY-039,3,2.0,1954,2016,2016-05-13,389700,2755,occupied,LSE-007833
PROP-02833,spencer-creek,4700 Blue Heron Way,Ruskin,FL,33570,CTY-039,3,2.5,1877,2021,2021-09-27,473600,2765,occupied,LSE-007835
PROP-02834,spencer-creek,2299 Quail Run Ct,Ruskin,FL,33570,CTY-039,6,3.5,3444,2019,2019-07-20,640200,3930,occupied,LSE-007838
PROP-02835,spencer-creek,3546 Wren Hollow Way,Ruskin,FL,33570,CTY-039,5,3.0,2908,2017,2017-08-16,567200,3445,occupied,LSE-007841
PROP-02836,spencer-creek,2454 Blue Heron Dr,Ruskin,FL,33570,CTY-039,6,3.5,3298,2017,2017-03-21,611500,3785,occupied,LSE-007843
PROP-02837,spencer-creek,6100 Windrose Dr,Ruskin,FL,33570,CTY-039,6,3.5,3240,2021,2021-10-10,627100,3745,occupied,LSE-007847
PROP-02838,spencer-creek,823 Copper Creek Xing,Ruskin,FL,33570,CTY-039,4,2.5,2419,2020,2020-10-26,494700,3100,vacant,
PROP-02839,spencer-creek,5512 Redbud Ln,Ruskin,FL,33570,CTY-039,4,2.5,2526,2018,2018-02-21,535700,3145,occupied,LSE-007853
PROP-02840,spencer-creek,204 Ironwood Xing,Ruskin,FL,33570,CTY-039,5,3.0,2687,2021,2021-03-24,522100,3415,turn,
PROP-02841,spencer-creek,104 Blue Heron Trl,Ruskin,FL,33570,CTY-039,3,2.5,1726,2021,2021-02-16,433100,2760,occupied,LSE-007858
PROP-02842,spencer-creek,8751 Hawthorn Xing,Ruskin,FL,33570,CTY-039,6,3.5,3404,2016,2016-04-03,664500,3905,occupied,LSE-007861
PROP-02843,spencer-creek,9884 Summit Dr,Ruskin,FL,33570,CTY-039,4,2.5,2429,2020,2020-07-24,578600,3065,vacant,
PROP-02844,spencer-creek,2211 Juniper Dr,Ruskin,FL,33570,CTY-039,5,3.0,2957,2016,2016-11-07,572000,3485,occupied,LSE-007867
PROP-02845,spencer-creek,5943 Cypress Trl,Ruskin,FL,33570,CTY-039,6,3.5,3341,2024,2024-01-18,738500,3910,occupied,LSE-007870
PROP-02846,spencer-creek,359 Marigold Ct,Ruskin,FL,33570,CTY-039,6,3.5,3472,2024,2024-08-06,610900,3785,occupied,LSE-007871
PROP-02847,spencer-creek,7644 Bellflower Dr,Ruskin,FL,33570,CTY-039,3,2.0,2298,2016,2016-03-22,491100,2920,occupied,LSE-007875
PROP-02848,spencer-creek,5306 Juniper Ln,Ruskin,FL,33570,CTY-039,5,3.0,2694,2021,2021-06-06,636300,3425,occupied,LSE-007878
PROP-02849,spencer-creek,9371 Sable Trl,Ruskin,FL,33570,CTY-039,3,2.5,1806,2018,2018-02-21,385100,2720,occupied,LSE-007881
PROP-02850,spencer-creek,2303 Blue Heron Path,Ruskin,FL,33570,CTY-039,4,2.5,2423,2023,2023-09-17,508500,3115,occupied,LSE-007883
PROP-02851,spencer-creek,1799 Wren Hollow Ct,Ruskin,FL,33570,CTY-039,3,2.5,1408,2020,2020-09-08,484000,2825,occupied,LSE-007885
PROP-02852,spencer-creek,7766 Larkspur Cir,Ruskin,FL,33570,CTY-039,6,3.5,3600,2016,2016-12-08,557200,3850,occupied,LSE-007888
PROP-02853,spencer-creek,5586 Wren Hollow Dr,Ruskin,FL,33570,CTY-039,4,3.0,2258,2018,2018-07-09,484600,3190,occupied,LSE-007891
PROP-02854,spencer-creek,3900 Blue Heron Ct,Ruskin,FL,33570,CTY-039,3,2.0,1839,2023,2023-12-19,532000,2820,occupied,LSE-007894
PROP-02855,twin-rivers,2247 Tanglewood Way,Parrish,FL,34219,CTY-041,3,2.0,1686,2023,2023-05-01,444500,2885,occupied,LSE-007896
PROP-02856,twin-rivers,961 Magnolia Dr,Parrish,FL,34219,CTY-041,4,3.0,2419,2017,2017-10-08,580300,3190,occupied,LSE-007900
PROP-02857,twin-rivers,3314 Blue Heron Ln,Parrish,FL,34219,CTY-041,4,2.5,2101,2022,2022-02-07,557800,3295,occupied,LSE-007903
PROP-02858,twin-rivers,3480 Sable Ln,Parrish,FL,34219,CTY-041,4,3.0,2150,2017,2017-07-24,588200,3170,occupied,LSE-007906
PROP-02859,twin-rivers,3709 Larkspur Path,Parrish,FL,34219,CTY-041,4,3.0,2586,2021,2021-03-14,517800,3350,occupied,LSE-007909
PROP-02860,twin-rivers,7475 Bellflower Cir,Parrish,FL,34219,CTY-041,3,2.0,1800,2020,2020-12-03,495600,2895,occupied,LSE-007912
PROP-02861,twin-rivers,3445 Bellflower Xing,Parrish,FL,34219,CTY-041,4,3.0,2367,2016,2016-12-25,469300,3290,occupied,LSE-007916
PROP-02862,twin-rivers,3206 Willow Bend Dr,Parrish,FL,34219,CTY-041,4,2.5,2470,2017,2017-10-12,554800,3320,occupied,LSE-007920
PROP-02863,twin-rivers,8916 Marigold Way,Parrish,FL,34219,CTY-041,4,2.5,2659,2018,2018-03-08,460000,3270,occupied,LSE-007923
PROP-02864,twin-rivers,6480 Blue Heron Way,Parrish,FL,34219,CTY-041,3,2.0,1579,2021,2021-02-28,486200,2865,occupied,LSE-007925
PROP-02865,twin-rivers,6535 Cypress Path,Parrish,FL,34219,CTY-041,4,3.0,2306,2022,2022-12-26,488700,3165,occupied,LSE-007927
PROP-02866,twin-rivers,6902 Dovetail Xing,Parrish,FL,34219,CTY-041,4,3.0,2231,2016,2016-06-20,470400,3280,occupied,LSE-007930
PROP-02867,twin-rivers,5533 Quail Run Trl,Parrish,FL,34219,CTY-041,4,2.5,2453,2018,2018-03-01,607300,3285,occupied,LSE-007933
PROP-02868,twin-rivers,4791 Copper Creek Ln,Parrish,FL,34219,CTY-041,3,2.0,1776,2018,2018-03-28,423700,2925,occupied,LSE-007937
PROP-02869,twin-rivers,5097 Copper Creek Ct,Parrish,FL,34219,CTY-041,3,2.0,2082,2020,2020-07-03,554200,2970,turn,
PROP-02870,twin-rivers,6076 Bellflower Xing,Parrish,FL,34219,CTY-041,4,2.5,2504,2024,2024-11-24,521200,3245,occupied,LSE-007942
PROP-02871,twin-rivers,8936 Magnolia Cir,Parrish,FL,34219,CTY-041,4,2.5,2457,2023,2023-03-27,607700,3215,occupied,LSE-007945
PROP-02872,twin-rivers,1815 Silver Oak Ct,Parrish,FL,34219,CTY-041,3,2.0,1879,2024,2024-08-16,445800,2910,occupied,LSE-007947
PROP-02873,twin-rivers,4518 Larkspur Cir,Parrish,FL,34219,CTY-041,3,2.5,1893,2017,2017-09-10,419400,2910,occupied,LSE-007950
PROP-02874,twin-rivers,6881 Dovetail Ct,Parrish,FL,34219,CTY-041,3,2.0,1563,2016,2016-09-14,474700,2920,occupied,LSE-007953
PROP-02875,twin-rivers,6534 Sable Xing,Parrish,FL,34219,CTY-041,4,2.5,2478,2017,2017-10-24,462700,3220,occupied,LSE-007957
PROP-02876,twin-rivers,5112 Dovetail Trl,Parrish,FL,34219,CTY-041,4,2.5,2563,2016,2016-06-22,495700,3380,occupied,LSE-007960
PROP-02877,twin-rivers,2378 Windrose Ct,Parrish,FL,34219,CTY-041,4,2.5,2498,2016,2016-02-26,543000,3340,occupied,LSE-007962
PROP-02878,twin-rivers,3806 Wren Hollow Ct,Parrish,FL,34219,CTY-041,4,2.5,2579,2019,2019-07-07,581300,3205,occupied,LSE-007965
PROP-02879,twin-rivers,7498 Magnolia Trl,Parrish,FL,34219,CTY-041,3,2.0,1815,2024,2024-12-10,524400,2845,occupied,LSE-007967
PROP-02880,twin-rivers,8208 Larkspur Way,Parrish,FL,34219,CTY-041,4,2.5,2528,2019,2019-03-14,617000,3295,occupied,LSE-007969
PROP-02881,twin-rivers,243 Windrose Path,Parrish,FL,34219,CTY-041,3,2.0,1963,2023,2023-03-20,445000,2960,occupied,LSE-007971
PROP-02882,twin-rivers,8680 Marigold Path,Parrish,FL,34219,CTY-041,3,2.5,1708,2024,2024-12-15,458700,2815,occupied,LSE-007972
PROP-02883,twin-rivers,9871 Blue Heron Xing,Parrish,FL,34219,CTY-041,4,2.5,2242,2020,2020-10-16,526000,3210,occupied,LSE-007975
PROP-02884,twin-rivers,6693 Juniper Way,Parrish,FL,34219,CTY-041,4,3.0,2516,2019,2019-03-06,538800,3350,occupied,LSE-007978
PROP-02885,twin-rivers,9011 Marigold Ct,Parrish,FL,34219,CTY-041,4,3.0,2337,2018,2018-04-21,587000,3345,occupied,LSE-007980
PROP-02886,twin-rivers,2798 Blue Heron Dr,Parrish,FL,34219,CTY-041,4,3.0,2015,2023,2023-12-11,460200,3125,occupied,LSE-007982
PROP-02887,twin-rivers,5268 Hawthorn Dr,Parrish,FL,34219,CTY-041,4,3.0,2736,2024,2024-01-08,578700,3265,occupied,LSE-007984
PROP-02888,twin-rivers,4617 Silver Oak Trl,Parrish,FL,34219,CTY-041,3,2.0,1722,2024,2024-08-12,535000,2905,occupied,LSE-007986
PROP-02889,twin-rivers,5040 Marigold Ct,Parrish,FL,34219,CTY-041,3,2.0,1653,2021,2021-03-15,532500,2825,occupied,LSE-007988
PROP-02890,twin-rivers,3209 Wren Hollow Cir,Parrish,FL,34219,CTY-041,4,3.0,2275,2017,2017-04-11,465200,3295,occupied,LSE-007991
PROP-02891,twin-rivers,8562 Tanglewood Trl,Parrish,FL,34219,CTY-041,4,2.5,2381,2022,2022-07-11,465700,3190,occupied,LSE-007994
PROP-02892,twin-rivers,7159 Windrose Dr,Parrish,FL,34219,CTY-041,4,2.5,2598,2024,2024-11-24,512600,3280,occupied,LSE-007996
PROP-02893,twin-rivers,3706 Blue Heron Ct,Parrish,FL,34219,CTY-041,3,2.5,1714,2017,2017-12-06,412700,2865,vacant,
PROP-02894,twin-rivers,6916 Cypress Trl,Parrish,FL,34219,CTY-041,3,2.0,1682,2016,2016-10-07,490400,2955,occupied,LSE-008002
PROP-02895,twin-rivers,7704 Tanglewood Ct,Parrish,FL,34219,CTY-041,4,2.5,2567,2016,2016-05-05,618700,3350,occupied,LSE-008005
PROP-02896,twin-rivers,8307 Silver Oak Ln,Parrish,FL,34219,CTY-041,4,2.5,2307,2017,2017-01-01,506000,3200,occupied,LSE-008007
PROP-02897,twin-rivers,7662 Redbud Cir,Parrish,FL,34219,CTY-041,4,2.5,2408,2016,2016-10-17,539300,3320,occupied,LSE-008010
PROP-02898,twin-rivers,4679 Summit Cir,Parrish,FL,34219,CTY-041,4,2.5,2596,2018,2018-05-11,618500,3340,occupied,LSE-008014
PROP-02899,twin-rivers,529 Cypress Dr,Parrish,FL,34219,CTY-041,4,2.5,2385,2019,2019-11-25,564500,3185,occupied,LSE-008018
PROP-02900,twin-rivers,2111 Silver Oak Path,Parrish,FL,34219,CTY-041,4,2.5,2363,2024,2024-03-02,482000,3350,occupied,LSE-008020
PROP-02901,twin-rivers,2509 Tanglewood Trl,Parrish,FL,34219,CTY-041,4,2.5,2540,2019,2019-01-10,538800,3235,occupied,LSE-008024
PROP-02902,twin-rivers,5939 Copper Creek Trl,Parrish,FL,34219,CTY-041,4,2.5,2233,2019,2019-04-27,594100,3180,occupied,LSE-008027
PROP-02903,twin-rivers,6576 Wren Hollow Cir,Parrish,FL,34219,CTY-041,3,2.0,1783,2017,2017-03-09,506900,2820,occupied,LSE-008030
PROP-02904,twin-rivers,838 Magnolia Trl,Parrish,FL,34219,CTY-041,4,2.5,2426,2016,2016-09-27,623600,3345,occupied,LSE-008033
PROP-02905,twin-rivers,3320 Juniper Ln,Parrish,FL,34219,CTY-041,3,2.0,1894,2019,2019-05-06,513800,2895,vacant,
PROP-02906,twin-rivers,1420 Magnolia Xing,Parrish,FL,34219,CTY-041,3,2.5,1784,2024,2024-04-04,520000,2955,occupied,LSE-008037
PROP-02907,twin-rivers,5655 Wren Hollow Way,Parrish,FL,34219,CTY-041,3,2.0,1894,2019,2019-09-28,556400,2970,vacant,
PROP-02908,the-heights,8459 Dovetail Path,Tampa,FL,33602,CTY-039,3,2.0,1883,2024,2024-08-02,389600,2480,occupied,LSE-008042
PROP-02909,the-heights,8485 Juniper Xing,Tampa,FL,33602,CTY-039,3,2.0,2024,2019,2019-10-12,404600,2510,occupied,LSE-008045
PROP-02910,the-heights,3268 Bellflower Xing,Tampa,FL,33602,CTY-039,3,2.0,1900,2023,2023-02-10,432600,2440,occupied,LSE-008047
PROP-02911,the-heights,1089 Dovetail Trl,Tampa,FL,33602,CTY-039,3,2.0,1779,2020,2020-11-22,432700,2405,occupied,LSE-008050
PROP-02912,the-heights,2429 Bellflower Way,Tampa,FL,33602,CTY-039,3,2.5,1871,2022,2022-02-18,449400,2440,occupied,LSE-008054
PROP-02913,the-heights,9079 Blue Heron Cir,Tampa,FL,33602,CTY-039,3,2.0,2068,2021,2021-12-01,381400,2535,occupied,LSE-008058
PROP-02914,the-heights,9339 Willow Bend Cir,Tampa,FL,33602,CTY-039,3,2.0,2031,2019,2019-03-01,389100,2500,occupied,LSE-008061
PROP-02915,the-heights,2300 Tanglewood Ct,Tampa,FL,33602,CTY-039,3,2.0,1821,2020,2020-10-12,395500,2485,occupied,LSE-008065
PROP-02916,the-heights,525 Magnolia Xing,Tampa,FL,33602,CTY-039,3,2.0,1784,2022,2022-05-07,460600,2500,vacant,
PROP-02917,the-heights,5042 Ironwood Dr,Tampa,FL,33602,CTY-039,3,2.5,2054,2021,2021-08-28,403300,2445,occupied,LSE-008069
PROP-02918,the-heights,3245 Copper Creek Way,Tampa,FL,33602,CTY-039,3,2.5,1812,2021,2021-08-23,465400,2450,occupied,LSE-008072
PROP-02919,the-heights,3390 Blue Heron Ln,Tampa,FL,33602,CTY-039,3,2.5,1716,2022,2022-05-25,348400,2425,occupied,LSE-008076
PROP-02920,the-heights,9303 Hawthorn Xing,Tampa,FL,33602,CTY-039,3,2.5,2005,2024,2024-11-21,467500,2570,occupied,LSE-008077
PROP-02921,the-heights,1740 Ironwood Trl,Tampa,FL,33602,CTY-039,3,2.5,1793,2018,2018-08-15,450200,2460,vacant,
PROP-02922,the-heights,7291 Redbud Ct,Tampa,FL,33602,CTY-039,3,2.5,1848,2020,2020-06-09,412700,2455,occupied,LSE-008083
PROP-02923,the-heights,6658 Blue Heron Cir,Tampa,FL,33602,CTY-039,3,2.5,2179,2023,2023-09-10,412800,2520,occupied,LSE-008085
PROP-02924,the-heights,2432 Larkspur Ln,Tampa,FL,33602,CTY-039,3,2.5,1871,2022,2022-07-21,424100,2450,occupied,LSE-008088
PROP-02925,the-heights,2231 Silver Oak Cir,Tampa,FL,33602,CTY-039,3,2.5,2301,2016,2016-05-02,438100,2515,occupied,LSE-008091
PROP-02926,the-heights,212 Cypress Path,Tampa,FL,33602,CTY-039,3,2.0,1832,2023,2023-12-14,421100,2480,occupied,LSE-008094
PROP-02927,the-heights,8027 Tanglewood Trl,Tampa,FL,33602,CTY-039,3,2.5,1864,2017,2017-11-20,377000,2435,occupied,LSE-008096
PROP-02928,the-heights,9888 Copper Creek Path,Tampa,FL,33602,CTY-039,3,2.0,1846,2020,2020-06-24,424200,2485,occupied,LSE-008100
PROP-02929,the-heights,4805 Magnolia Ln,Tampa,FL,33602,CTY-039,3,2.5,1437,2016,2016-05-22,393000,2370,occupied,LSE-008103
PROP-02930,the-heights,6269 Dovetail Dr,Tampa,FL,33602,CTY-039,3,2.0,1980,2017,2017-05-10,365500,2510,occupied,LSE-008107
PROP-02931,the-heights,1143 Summit Path,Tampa,FL,33602,CTY-039,3,2.0,1745,2023,2023-01-28,365800,2465,occupied,LSE-008110
PROP-02932,the-heights,2792 Magnolia Ln,Tampa,FL,33602,CTY-039,3,2.0,1866,2016,2016-06-25,396300,2505,occupied,LSE-008114
PROP-02933,the-heights,1171 Windrose Way,Tampa,FL,33602,CTY-039,3,2.0,1695,2020,2020-12-24,365300,2475,occupied,LSE-008118
PROP-02934,the-heights,3273 Wren Hollow Ln,Tampa,FL,33602,CTY-039,3,2.0,1996,2024,2024-05-09,449700,2555,occupied,LSE-008120
PROP-02935,the-heights,8752 Marigold Ct,Tampa,FL,33602,CTY-039,3,2.0,1767,2018,2018-04-26,404100,2420,occupied,LSE-008123
PROP-02936,the-heights,3872 Tanglewood Way,Tampa,FL,33602,CTY-039,3,2.5,2043,2017,2017-10-03,408100,2475,occupied,LSE-008126
PROP-02937,the-heights,7347 Silver Oak Way,Tampa,FL,33602,CTY-039,3,2.0,1989,2018,2018-02-27,372100,2475,turn,
PROP-02938,the-heights,6370 Dovetail Xing,Tampa,FL,33602,CTY-039,3,2.0,2145,2024,2024-11-09,359100,2530,occupied,LSE-008130
PROP-02939,the-heights,2940 Bellflower Cir,Tampa,FL,33602,CTY-039,3,2.0,1756,2021,2021-12-21,451300,2400,occupied,LSE-008133
PROP-02940,the-heights,3221 Bellflower Ln,Tampa,FL,33602,CTY-039,3,2.5,1812,2017,2017-02-14,382600,2405,occupied,LSE-008137
PROP-02941,the-heights,5910 Bellflower Ct,Tampa,FL,33602,CTY-039,3,2.0,1906,2020,2020-10-23,456000,2430,occupied,LSE-008139
PROP-02942,westport-townhouses,5380 Silver Oak Ln,Port Charlotte,FL,33948,CTY-043,4,2.5,2300,2021,2021-08-09,473500,2745,occupied,LSE-008142
PROP-02943,westport-townhouses,9585 Larkspur Path,Port Charlotte,FL,33948,CTY-043,3,2.0,1646,2023,2023-10-21,446700,2465,occupied,LSE-008144
PROP-02944,westport-townhouses,7232 Marigold Trl,Port Charlotte,FL,33948,CTY-043,4,2.5,2336,2021,2021-07-24,513200,2765,occupied,LSE-008147
PROP-02945,westport-townhouses,2633 Larkspur Cir,Port Charlotte,FL,33948,CTY-043,3,2.0,1985,2016,2016-05-09,438800,2460,occupied,LSE-008150
PROP-02946,westport-townhouses,9376 Dovetail Dr,Port Charlotte,FL,33948,CTY-043,4,2.5,2216,2021,2021-03-01,485000,2770,vacant,
PROP-02947,westport-townhouses,4344 Juniper Cir,Port Charlotte,FL,33948,CTY-043,3,2.0,1604,2019,2019-04-26,405300,2405,occupied,LSE-008154
PROP-02948,westport-townhouses,6976 Copper Creek Xing,Port Charlotte,FL,33948,CTY-043,4,2.5,2604,2024,2024-09-03,523500,2815,occupied,LSE-008155
PROP-02949,westport-townhouses,4884 Quail Run Ln,Port Charlotte,FL,33948,CTY-043,4,2.5,2231,2020,2020-01-19,453200,2795,occupied,LSE-008157
PROP-02950,westport-townhouses,584 Dovetail Ln,Port Charlotte,FL,33948,CTY-043,3,2.0,2019,2016,2016-12-02,426000,2510,occupied,LSE-008160
PROP-02951,westport-townhouses,1607 Sable Way,Port Charlotte,FL,33948,CTY-043,4,2.5,2669,2017,2017-01-13,481100,2825,occupied,LSE-008163
PROP-02952,westport-townhouses,8060 Larkspur Ln,Port Charlotte,FL,33948,CTY-043,4,3.0,2233,2016,2016-09-01,421200,2795,occupied,LSE-008166
PROP-02953,westport-townhouses,1814 Willow Bend Ct,Port Charlotte,FL,33948,CTY-043,3,2.0,1650,2024,2024-01-11,363300,2390,occupied,LSE-008168
PROP-02954,westport-townhouses,4069 Silver Oak Cir,Port Charlotte,FL,33948,CTY-043,3,2.0,1891,2024,2024-05-18,410300,2490,occupied,LSE-008171
PROP-02955,westport-townhouses,8044 Summit Dr,Port Charlotte,FL,33948,CTY-043,4,2.5,2224,2024,2024-08-23,424800,2655,occupied,LSE-008172
PROP-02956,westport-townhouses,9235 Copper Creek Path,Port Charlotte,FL,33948,CTY-043,3,2.0,1944,2019,2019-03-18,459200,2515,occupied,LSE-008174
PROP-02957,westport-townhouses,5100 Silver Oak Ct,Port Charlotte,FL,33948,CTY-043,4,2.5,2765,2023,2023-03-11,457300,2845,occupied,LSE-008177
PROP-02958,westport-townhouses,7140 Summit Trl,Port Charlotte,FL,33948,CTY-043,4,2.5,2307,2018,2018-05-21,412100,2785,occupied,LSE-008180
PROP-02959,westport-townhouses,9755 Windrose Trl,Port Charlotte,FL,33948,CTY-043,4,2.5,2350,2016,2016-04-12,436200,2780,occupied,LSE-008183
PROP-02960,westport-townhouses,3567 Dovetail Path,Port Charlotte,FL,33948,CTY-043,4,2.5,1892,2018,2018-10-18,390100,2665,occupied,LSE-008187
PROP-02961,westport-townhouses,6400 Willow Bend Trl,Port Charlotte,FL,33948,CTY-043,3,2.0,1598,2021,2021-07-09,416000,2450,occupied,LSE-008189
PROP-02962,westport-townhouses,3005 Marigold Trl,Port Charlotte,FL,33948,CTY-043,4,2.5,2599,2018,2018-11-10,459400,2805,occupied,LSE-008193
PROP-02963,westport-townhouses,5381 Hawthorn Path,Port Charlotte,FL,33948,CTY-043,4,2.5,2235,2024,2024-06-08,428000,2705,vacant,
PROP-02964,westport-townhouses,8283 Summit Trl,Port Charlotte,FL,33948,CTY-043,3,2.0,1877,2022,2022-05-06,393200,2525,occupied,LSE-008198
PROP-02965,westport-townhouses,7228 Marigold Path,Port Charlotte,FL,33948,CTY-043,3,2.0,1840,2018,2018-09-08,435400,2425,occupied,LSE-008201
PROP-02966,westport-townhouses,3071 Tanglewood Trl,Port Charlotte,FL,33948,CTY-043,3,2.5,1793,2021,2021-03-02,429200,2515,vacant,
PROP-02967,westport-townhouses,4112 Magnolia Trl,Port Charlotte,FL,33948,CTY-043,4,3.0,2492,2024,2024-09-23,423500,2780,occupied,LSE-008204
PROP-02968,westport-townhouses,9735 Silver Oak Ct,Port Charlotte,FL,33948,CTY-043,4,3.0,2656,2023,2023-12-20,418500,2810,occupied,LSE-008207
PROP-02969,westport-townhouses,7490 Silver Oak Trl,Port Charlotte,FL,33948,CTY-043,4,2.5,2517,2023,2023-09-15,508000,2845,occupied,LSE-008209
PROP-02970,woodsdale-landing,9859 Bellflower Dr,Wesley Chapel,FL,33543,CTY-036,3,2.0,1734,2020,2020-07-17,419600,2400,vacant,
PROP-02971,woodsdale-landing,6550 Cypress Trl,Wesley Chapel,FL,33543,CTY-036,3,2.5,2527,2022,2022-10-17,435400,2520,occupied,LSE-008216
PROP-02972,woodsdale-landing,5909 Tanglewood Trl,Wesley Chapel,FL,33543,CTY-036,3,2.0,1827,2018,2018-08-06,368300,2400,occupied,LSE-008218
PROP-02973,woodsdale-landing,7606 Cypress Way,Wesley Chapel,FL,33543,CTY-036,3,2.0,2031,2023,2023-11-24,339400,2330,occupied,LSE-008220
PROP-02974,woodsdale-landing,1897 Cypress Ln,Wesley Chapel,FL,33543,CTY-036,3,2.0,1765,2022,2022-06-09,350600,2385,turn,
PROP-02975,woodsdale-landing,4012 Blue Heron Dr,Wesley Chapel,FL,33543,CTY-036,3,2.0,1878,2023,2023-03-26,352500,2440,occupied,LSE-008225
PROP-02976,woodsdale-landing,3392 Copper Creek Ct,Wesley Chapel,FL,33543,CTY-036,3,2.5,1595,2023,2023-02-14,340400,2365,occupied,LSE-008227
PROP-02977,woodsdale-landing,4528 Summit Trl,Wesley Chapel,FL,33543,CTY-036,3,2.0,2025,2021,2021-07-06,394200,2375,occupied,LSE-008230
PROP-02978,woodsdale-landing,8702 Cypress Trl,Wesley Chapel,FL,33543,CTY-036,3,2.0,2136,2017,2017-11-22,383000,2435,occupied,LSE-008232
PROP-02979,woodsdale-landing,7276 Bellflower Ln,Wesley Chapel,FL,33543,CTY-036,3,2.0,1886,2018,2018-12-05,335900,2325,occupied,LSE-008235
PROP-02980,woodsdale-landing,7064 Copper Creek Xing,Wesley Chapel,FL,33543,CTY-036,3,2.5,1726,2024,2024-11-10,412400,2335,occupied,LSE-008237
PROP-02981,woodsdale-landing,6920 Marigold Way,Wesley Chapel,FL,33543,CTY-036,3,2.5,1649,2020,2020-02-20,358700,2365,occupied,LSE-008241
PROP-02982,woodsdale-landing,2285 Copper Creek Trl,Wesley Chapel,FL,33543,CTY-036,3,2.0,1738,2023,2023-08-23,322700,2300,occupied,LSE-008243
PROP-02983,woodsdale-landing,5009 Juniper Ct,Wesley Chapel,FL,33543,CTY-036,3,2.0,1656,2020,2020-05-05,391000,2375,occupied,LSE-008246
PROP-02984,woodsdale-landing,4586 Cypress Dr,Wesley Chapel,FL,33543,CTY-036,3,2.5,1734,2020,2020-09-03,394900,2325,occupied,LSE-008249
PROP-02985,woodsdale-landing,1535 Redbud Xing,Wesley Chapel,FL,33543,CTY-036,3,2.0,1989,2017,2017-05-21,340500,2425,occupied,LSE-008253
PROP-02986,woodsdale-landing,1042 Willow Bend Ln,Wesley Chapel,FL,33543,CTY-036,3,2.0,1824,2020,2020-09-21,337100,2355,occupied,LSE-008257
PROP-02987,woodsdale-landing,2067 Marigold Ln,Wesley Chapel,FL,33543,CTY-036,3,2.5,2048,2019,2019-07-10,392000,2410,occupied,LSE-008260
PROP-02988,woodsdale-landing,6829 Willow Bend Path,Wesley Chapel,FL,33543,CTY-036,3,2.0,1981,2019,2019-04-19,352500,2450,occupied,LSE-008263
PROP-02989,woodsdale-landing,9260 Redbud Path,Wesley Chapel,FL,33543,CTY-036,3,2.5,2041,2024,2024-10-14,373400,2430,occupied,LSE-008265
PROP-02990,woodsdale-landing,8719 Hawthorn Dr,Wesley Chapel,FL,33543,CTY-036,3,2.0,1951,2020,2020-08-15,388100,2395,occupied,LSE-008267
PROP-02991,woodsdale-landing,8705 Juniper Trl,Wesley Chapel,FL,33543,CTY-036,3,2.0,1927,2021,2021-12-09,418700,2445,occupied,LSE-008270
PROP-02992,woodsdale-landing,7886 Dovetail Trl,Wesley Chapel,FL,33543,CTY-036,3,2.0,1598,2022,2022-10-13,322100,2270,occupied,LSE-008272
PROP-02993,woodsdale-landing,3405 Silver Oak Ct,Wesley Chapel,FL,33543,CTY-036,3,2.0,1885,2016,2016-02-24,419000,2405,occupied,LSE-008274
PROP-02994,woodsdale-landing,6474 Hawthorn Ct,Wesley Chapel,FL,33543,CTY-036,3,2.0,1840,2019,2019-05-20,351800,2335,occupied,LSE-008277
PROP-02995,woodsdale-landing,7573 Marigold Dr,Wesley Chapel,FL,33543,CTY-036,3,2.0,1953,2019,2019-11-20,443000,2415,occupied,LSE-008281
PROP-02996,woodsdale-landing,485 Summit Dr,Wesley Chapel,FL,33543,CTY-036,3,2.0,1643,2021,2021-05-28,394900,2355,occupied,LSE-008284
PROP-02997,woodsdale-landing,140 Juniper Path,Wesley Chapel,FL,33543,CTY-036,3,2.0,2142,2018,2018-08-02,408000,2365,occupied,LSE-008287
PROP-02998,woodsdale-landing,5168 Blue Heron Dr,Wesley Chapel,FL,33543,CTY-036,3,2.5,2275,2023,2023-08-21,403600,2420,occupied,LSE-008290
PROP-02999,woodsdale-landing,8029 Wren Hollow Way,Wesley Chapel,FL,33543,CTY-036,3,2.5,1842,2019,2019-11-02,409000,2305,occupied,LSE-008294
PROP-03000,woodsdale-landing,4990 Bellflower Dr,Wesley Chapel,FL,33543,CTY-036,3,2.0,1827,2020,2020-12-20,391500,2415,occupied,LSE-008296
PROP-03001,woodsdale-landing,9687 Hawthorn Way,Wesley Chapel,FL,33543,CTY-036,3,2.5,1792,2017,2017-02-18,338100,2415,occupied,LSE-008299
