residentId,displayName,creditTierAtApplication,householdSize,hasPets,syntheticProfileGroundTruth
RES-00001,Micah Osei,C,3,False,reliable
RES-00002,Rowan Underwood,A,1,False,reliable
RES-00003,Casey Osei,A,2,False,reliable
RES-00004,Morgan Chen,A,2,True,reliable
RES-00005,Logan Quintero,B,2,True,reliable
RES-00006,Sasha Novak,C,3,False,occasionally_late
RES-00007,Rowan Foster,B,1,False,reliable
RES-00008,Morgan Ibarra,A,3,True,reliable
RES-00009,Lane Vargas,A,5,True,occasionally_late
RES-00010,Devon Foster,A,3,False,reliable
RES-00011,Rowan Dawson,D,3,True,occasionally_late
RES-00012,Harper Mercer,A,2,False,reliable
RES-00013,Rowan Mercer,B,2,False,reliable
RES-00014,Micah Quintero,C,1,True,reliable
RES-00015,Quinn Ibarra,D,1,False,reliable
RES-00016,Riley Osei,C,2,False,reliable
RES-00017,Emerson Reyes,D,4,True,degrading
RES-00018,Finley Dawson,A,5,False,occasionally_late
RES-00019,Jordan Keller,D,1,False,reliable
RES-00020,Finley Alvarez,C,4,False,reliable
RES-00021,Taylor Chen,D,3,True,reliable
RES-00022,Casey Jensen,B,4,True,severe
RES-00023,Jamie Mercer,A,1,True,reliable
RES-00024,Hayden Whitfield,B,4,True,reliable
RES-00025,Elliot Mercer,A,5,False,reliable
RES-00026,Riley Griffin,B,2,True,reliable
RES-00027,Riley Chen,B,2,True,reliable
RES-00028,Reese Alvarez,D,4,True,reliable
RES-00029,Alex Zamora,B,2,True,reliable
RES-00030,Noel Sandoval,D,4,False,reliable
RES-00031,Noel Griffin,A,2,True,reliable
RES-00032,Devon Sandoval,D,4,False,degrading
RES-00033,Taylor Osei,A,3,True,reliable
RES-00034,Elliot Sandoval,B,2,True,occasionally_late
RES-00035,Kai Osei,C,4,False,reliable
RES-00036,Harper Keller,C,2,True,reliable
RES-00037,Jamie Ibarra,B,3,True,degrading
RES-00038,Jordan Mercer,B,4,False,reliable
RES-00039,Lane Vargas,C,4,False,reliable
RES-00040,Finley Bennett,B,5,False,degrading
RES-00041,Finley Novak,D,5,True,reliable
RES-00042,Micah Dawson,B,3,False,reliable
RES-00043,Emerson Mercer,C,3,False,reliable
RES-00044,Kai Chen,B,5,True,reliable
RES-00045,Taylor Hayes,A,5,False,reliable
RES-00046,Alex Park,B,1,True,reliable
RES-00047,Logan Alvarez,A,2,True,reliable
RES-00048,Payton Novak,A,2,False,reliable
RES-00049,Sasha Hayes,D,2,False,reliable
RES-00050,Taylor Alvarez,A,3,False,occasionally_late
RES-00051,Noel Park,A,4,False,reliable
RES-00052,Morgan Novak,B,1,False,occasionally_late
RES-00053,Morgan Vargas,C,2,False,reliable
RES-00054,Kendall Reyes,C,2,False,degrading
RES-00055,Sasha Lamb,D,2,True,reliable
RES-00056,Elliot Chen,A,1,False,reliable
RES-00057,Devon Jensen,A,2,False,reliable
RES-00058,Logan Bennett,B,3,False,reliable
RES-00059,Alex Mercer,C,3,False,reliable
RES-00060,Reese Osei,A,4,True,degrading
RES-00061,Payton Novak,B,4,True,reliable
RES-00062,Payton Ibarra,C,2,True,reliable
RES-00063,Kendall Hayes,D,3,False,reliable
RES-00064,Jamie Whitfield,C,5,True,reliable
RES-00065,Payton Ibarra,A,2,False,occasionally_late
RES-00066,Jamie Bennett,D,2,False,degrading
RES-00067,Morgan Jensen,A,3,True,degrading
RES-00068,Taylor Alvarez,C,3,True,reliable
RES-00069,Kendall Novak,B,1,False,reliable
RES-00070,Quinn Keller,B,1,False,reliable
RES-00071,Emerson Griffin,D,5,True,reliable
RES-00072,Reese Novak,B,3,True,reliable
RES-00073,Noel Quintero,B,1,True,reliable
RES-00074,Kai Dawson,B,1,False,reliable
RES-00075,Finley Osei,B,3,False,reliable
RES-00076,Elliot Quintero,B,4,True,reliable
RES-00077,Finley Vargas,A,2,True,degrading
RES-00078,Micah Sandoval,A,2,False,degrading
RES-00079,Riley Chen,B,5,False,reliable
RES-00080,Rowan Sandoval,D,3,True,reliable
RES-00081,Riley Whitfield,B,3,False,reliable
RES-00082,Jamie Foster,B,5,True,degrading
RES-00083,Noel Novak,B,5,False,reliable
RES-00084,Micah Reyes,C,1,True,reliable
RES-00085,Sasha Underwood,B,3,False,reliable
RES-00086,Rowan Reyes,A,3,False,degrading
RES-00087,Kendall Hayes,C,1,False,reliable
RES-00088,Quinn Lamb,C,5,True,reliable
RES-00089,Reese Novak,C,3,True,reliable
RES-00090,Casey Mercer,A,4,True,reliable
RES-00091,Riley Alvarez,C,2,False,reliable
RES-00092,Noel Osei,B,1,False,reliable
RES-00093,Marley Chen,B,2,False,reliable
RES-00094,Alex Novak,A,2,True,reliable
RES-00095,Jamie Dawson,B,5,True,reliable
RES-00096,Jordan Vargas,A,3,True,occasionally_late
RES-00097,Riley Bennett,A,2,False,reliable
RES-00098,Lane Ellis,B,5,False,reliable
RES-00099,Taylor Keller,B,1,False,degrading
RES-00100,Skyler Mercer,C,2,False,reliable
RES-00101,Jordan Osei,A,5,False,reliable
RES-00102,Kendall Jensen,C,3,False,occasionally_late
RES-00103,Avery Alvarez,B,2,False,degrading
RES-00104,Harper Ibarra,B,3,True,reliable
RES-00105,Noel Park,C,4,False,reliable
RES-00106,Marley Mercer,B,5,True,reliable
RES-00107,Skyler Ellis,C,1,False,reliable
RES-00108,Casey Ibarra,C,2,False,reliable
RES-00109,Quinn Park,A,1,False,reliable
RES-00110,Marley Ellis,C,5,False,reliable
RES-00111,Morgan Ellis,C,2,False,reliable
RES-00112,Alex Dawson,A,2,True,reliable
RES-00113,Marley Ellis,C,5,False,reliable
RES-00114,Casey Yates,B,1,False,reliable
RES-00115,Kai Hayes,B,3,True,reliable
RES-00116,Noel Dawson,C,2,True,reliable
RES-00117,Finley Osei,C,4,True,reliable
RES-00118,Skyler Keller,B,5,False,reliable
RES-00119,Casey Reyes,D,3,True,reliable
RES-00120,Emerson Mercer,C,3,True,reliable
RES-00121,Harper Ibarra,B,2,False,reliable
RES-00122,Harper Sandoval,B,4,False,reliable
RES-00123,Kai Chen,A,5,True,reliable
RES-00124,Emerson Vargas,A,2,True,reliable
RES-00125,Elliot Sandoval,B,1,True,reliable
RES-00126,Hayden Chen,B,1,True,reliable
RES-00127,Harper Lamb,D,3,False,reliable
RES-00128,Lane Alvarez,B,2,False,reliable
RES-00129,Morgan Novak,B,3,False,reliable
RES-00130,Morgan Lamb,C,3,True,reliable
RES-00131,Quinn Ellis,A,2,False,reliable
RES-00132,Hayden Reyes,C,5,False,reliable
RES-00133,Kai Yates,C,2,False,reliable
RES-00134,Marley Alvarez,C,2,False,reliable
RES-00135,Micah Quintero,C,3,True,reliable
RES-00136,Casey Chen,C,3,False,reliable
RES-00137,Alex Quintero,A,3,True,reliable
RES-00138,Rowan Chen,B,2,False,reliable
RES-00139,Rowan Lamb,B,2,False,reliable
RES-00140,Payton Sandoval,C,3,True,severe
RES-00141,Finley Foster,D,2,True,reliable
RES-00142,Kai Reyes,B,5,True,reliable
RES-00143,Marley Yates,A,5,True,reliable
RES-00144,Alex Reyes,C,1,True,occasionally_late
RES-00145,Alex Tran,B,4,True,reliable
RES-00146,Reese Griffin,C,3,False,degrading
RES-00147,Morgan Osei,C,2,False,degrading
RES-00148,Hayden Zamora,C,2,True,reliable
RES-00149,Marley Yates,B,3,True,reliable
RES-00150,Logan Novak,D,3,True,degrading
RES-00151,Harper Yates,A,5,False,reliable
RES-00152,Finley Quintero,C,2,False,reliable
RES-00153,Lane Foster,D,2,True,reliable
RES-00154,Reese Reyes,D,4,False,reliable
RES-00155,Casey Park,D,3,True,reliable
RES-00156,Lane Chen,C,2,True,reliable
RES-00157,Noel Novak,A,1,False,reliable
RES-00158,Rowan Reyes,D,1,False,occasionally_late
RES-00159,Devon Keller,C,2,False,reliable
RES-00160,Harper Vargas,C,4,False,reliable
RES-00161,Devon Chen,A,1,True,reliable
RES-00162,Sasha Bennett,A,5,False,reliable
RES-00163,Riley Jensen,A,2,False,reliable
RES-00164,Noel Yates,C,4,True,reliable
RES-00165,Elliot Jensen,C,4,True,reliable
RES-00166,Taylor Zamora,C,5,False,reliable
RES-00167,Alex Tran,B,1,True,reliable
RES-00168,Riley Ellis,A,2,True,degrading
RES-00169,Reese Whitfield,B,2,False,reliable
RES-00170,Casey Jensen,B,3,False,reliable
RES-00171,Reese Dawson,B,5,True,reliable
RES-00172,Hayden Park,D,3,False,reliable
RES-00173,Kendall Hayes,A,1,False,reliable
RES-00174,Riley Sandoval,A,1,False,reliable
RES-00175,Micah Chen,B,4,True,reliable
RES-00176,Avery Yates,C,1,True,reliable
RES-00177,Lane Ibarra,C,3,False,degrading
RES-00178,Noel Zamora,B,1,False,reliable
RES-00179,Avery Dawson,D,3,False,reliable
RES-00180,Noel Underwood,C,3,True,reliable
RES-00181,Logan Alvarez,D,1,True,degrading
RES-00182,Emerson Underwood,B,4,False,reliable
RES-00183,Elliot Keller,C,2,True,reliable
RES-00184,Micah Griffin,A,2,False,reliable
RES-00185,Jamie Underwood,B,5,True,reliable
RES-00186,Taylor Bennett,A,3,True,degrading
RES-00187,Rowan Ibarra,C,4,True,reliable
RES-00188,Lane Ibarra,C,5,False,reliable
RES-00189,Quinn Osei,B,2,False,reliable
RES-00190,Reese Vargas,A,3,False,severe
RES-00191,Logan Vargas,A,2,True,reliable
RES-00192,Jamie Mercer,A,3,False,reliable
RES-00193,Hayden Yates,A,2,False,reliable
RES-00194,Lane Jensen,C,1,False,reliable
RES-00195,Lane Tran,B,3,False,reliable
RES-00196,Taylor Dawson,C,2,True,reliable
RES-00197,Casey Bennett,A,2,False,reliable
RES-00198,Rowan Zamora,C,1,True,reliable
RES-00199,Sasha Lamb,B,5,True,reliable
RES-00200,Lane Tran,B,4,True,reliable
RES-00201,Rowan Sandoval,A,3,True,reliable
RES-00202,Logan Hayes,C,3,True,reliable
RES-00203,Micah Osei,A,3,True,reliable
RES-00204,Finley Novak,D,3,True,reliable
RES-00205,Kendall Sandoval,D,1,True,severe
RES-00206,Jordan Vargas,D,4,True,degrading
RES-00207,Casey Vargas,A,1,True,occasionally_late
RES-00208,Finley Reyes,C,2,False,reliable
RES-00209,Reese Ibarra,B,2,False,reliable
RES-00210,Finley Dawson,C,3,False,reliable
RES-00211,Finley Hayes,A,3,True,reliable
RES-00212,Morgan Yates,C,3,False,degrading
RES-00213,Devon Park,B,4,True,reliable
RES-00214,Logan Bennett,C,2,True,reliable
RES-00215,Devon Alvarez,D,2,False,reliable
RES-00216,Jordan Mercer,B,3,False,reliable
RES-00217,Taylor Park,C,2,False,reliable
RES-00218,Kendall Osei,C,2,False,reliable
RES-00219,Lane Mercer,B,3,True,reliable
RES-00220,Elliot Dawson,B,3,True,reliable
RES-00221,Finley Mercer,C,3,False,reliable
RES-00222,Emerson Mercer,A,2,False,reliable
RES-00223,Reese Alvarez,B,1,True,occasionally_late
RES-00224,Payton Sandoval,A,3,False,reliable
RES-00225,Morgan Whitfield,C,1,False,reliable
RES-00226,Devon Bennett,B,2,True,reliable
RES-00227,Finley Keller,B,3,False,reliable
RES-00228,Skyler Quintero,B,2,True,severe
RES-00229,Taylor Keller,B,3,False,reliable
RES-00230,Devon Reyes,A,1,False,reliable
RES-00231,Hayden Yates,A,2,False,reliable
RES-00232,Lane Foster,C,1,False,reliable
RES-00233,Lane Hayes,C,1,False,reliable
RES-00234,Lane Hayes,A,4,True,reliable
RES-00235,Devon Mercer,B,1,False,reliable
RES-00236,Reese Bennett,A,4,False,reliable
RES-00237,Morgan Vargas,C,4,True,reliable
RES-00238,Casey Ibarra,A,3,False,reliable
RES-00239,Morgan Novak,A,3,True,severe
RES-00240,Hayden Griffin,A,4,False,reliable
RES-00241,Logan Griffin,A,4,False,reliable
RES-00242,Payton Osei,B,1,False,occasionally_late
RES-00243,Sasha Bennett,A,1,False,degrading
RES-00244,Harper Park,C,3,True,reliable
RES-00245,Rowan Alvarez,B,2,False,severe
RES-00246,Emerson Novak,A,5,False,reliable
RES-00247,Harper Osei,D,1,False,reliable
RES-00248,Riley Zamora,A,3,False,reliable
RES-00249,Riley Jensen,D,3,False,reliable
RES-00250,Micah Osei,B,2,False,reliable
RES-00251,Jordan Quintero,A,2,True,reliable
RES-00252,Micah Jensen,A,2,False,degrading
RES-00253,Micah Osei,B,2,False,reliable
RES-00254,Avery Vargas,B,2,False,degrading
RES-00255,Jordan Quintero,B,3,True,reliable
RES-00256,Sasha Ibarra,D,3,False,reliable
RES-00257,Hayden Sandoval,B,1,True,reliable
RES-00258,Kendall Underwood,D,5,False,reliable
RES-00259,Logan Hayes,B,2,False,reliable
RES-00260,Micah Jensen,B,2,False,reliable
RES-00261,Payton Zamora,B,2,False,reliable
RES-00262,Riley Chen,B,4,False,reliable
RES-00263,Hayden Jensen,B,1,False,reliable
RES-00264,Jordan Yates,C,3,False,reliable
RES-00265,Sasha Sandoval,A,1,False,reliable
RES-00266,Elliot Chen,B,1,True,degrading
RES-00267,Kai Sandoval,A,5,False,reliable
RES-00268,Logan Foster,B,4,False,reliable
RES-00269,Harper Hayes,A,5,True,reliable
RES-00270,Kendall Dawson,C,2,False,reliable
RES-00271,Skyler Dawson,B,1,False,reliable
RES-00272,Taylor Novak,A,1,False,reliable
RES-00273,Hayden Lamb,D,3,False,reliable
RES-00274,Avery Jensen,B,1,False,reliable
RES-00275,Kai Jensen,C,1,True,degrading
RES-00276,Casey Foster,D,5,True,reliable
RES-00277,Reese Mercer,B,2,True,reliable
RES-00278,Skyler Tran,C,3,False,reliable
RES-00279,Reese Jensen,B,2,False,reliable
RES-00280,Taylor Keller,B,4,True,degrading
RES-00281,Skyler Sandoval,C,2,False,reliable
RES-00282,Jordan Ellis,B,1,True,reliable
RES-00283,Alex Ellis,A,3,False,reliable
RES-00284,Kai Vargas,C,5,True,reliable
RES-00285,Finley Alvarez,B,2,True,reliable
RES-00286,Payton Zamora,C,5,True,reliable
RES-00287,Jordan Whitfield,B,2,True,reliable
RES-00288,Finley Park,D,5,False,degrading
RES-00289,Marley Jensen,B,3,True,reliable
RES-00290,Payton Ibarra,D,3,True,reliable
RES-00291,Finley Bennett,B,5,False,reliable
RES-00292,Logan Tran,C,2,True,reliable
RES-00293,Payton Chen,B,2,False,reliable
RES-00294,Payton Foster,C,5,False,reliable
RES-00295,Reese Alvarez,C,3,True,reliable
RES-00296,Sasha Ibarra,B,3,False,reliable
RES-00297,Jamie Griffin,B,2,False,degrading
RES-00298,Jordan Tran,B,3,False,reliable
RES-00299,Devon Vargas,B,3,False,reliable
RES-00300,Taylor Dawson,A,2,True,reliable
RES-00301,Lane Sandoval,B,3,False,reliable
RES-00302,Logan Reyes,C,2,True,reliable
RES-00303,Kendall Tran,B,4,True,reliable
RES-00304,Logan Quintero,B,5,False,reliable
RES-00305,Rowan Foster,C,2,True,reliable
RES-00306,Alex Park,C,1,True,reliable
RES-00307,Elliot Mercer,C,1,True,reliable
RES-00308,Harper Park,C,4,False,occasionally_late
RES-00309,Avery Foster,B,3,False,reliable
RES-00310,Micah Dawson,A,2,True,severe
RES-00311,Jordan Zamora,D,2,False,occasionally_late
RES-00312,Alex Foster,B,2,False,reliable
RES-00313,Noel Vargas,B,3,False,reliable
RES-00314,Kai Zamora,A,2,False,reliable
RES-00315,Devon Underwood,A,2,True,reliable
RES-00316,Hayden Underwood,B,1,True,reliable
RES-00317,Skyler Lamb,C,1,True,reliable
RES-00318,Jordan Keller,D,2,False,reliable
RES-00319,Elliot Griffin,D,4,True,reliable
RES-00320,Avery Bennett,B,2,True,reliable
RES-00321,Skyler Osei,B,5,False,reliable
RES-00322,Kai Dawson,D,3,False,reliable
RES-00323,Lane Quintero,A,5,False,reliable
RES-00324,Kai Foster,B,2,True,reliable
RES-00325,Payton Vargas,D,2,False,reliable
RES-00326,Harper Osei,B,2,True,degrading
RES-00327,Quinn Park,C,4,True,reliable
RES-00328,Rowan Sandoval,B,2,False,occasionally_late
RES-00329,Micah Jensen,B,5,False,reliable
RES-00330,Taylor Whitfield,A,2,True,reliable
RES-00331,Noel Underwood,C,3,False,reliable
RES-00332,Devon Sandoval,B,3,True,degrading
RES-00333,Elliot Novak,B,2,False,reliable
RES-00334,Hayden Whitfield,B,2,True,reliable
RES-00335,Taylor Keller,A,4,False,reliable
RES-00336,Avery Bennett,A,4,False,reliable
RES-00337,Hayden Osei,C,3,True,degrading
RES-00338,Taylor Park,B,3,False,reliable
RES-00339,Reese Park,B,5,False,reliable
RES-00340,Riley Griffin,D,5,False,reliable
RES-00341,Lane Zamora,A,4,False,reliable
RES-00342,Jordan Quintero,C,3,False,degrading
RES-00343,Casey Mercer,C,5,True,reliable
RES-00344,Micah Bennett,A,2,False,reliable
RES-00345,Sasha Ibarra,A,5,True,degrading
RES-00346,Riley Whitfield,B,4,False,reliable
RES-00347,Kai Jensen,B,1,False,reliable
RES-00348,Emerson Mercer,B,2,True,reliable
RES-00349,Kai Dawson,B,4,True,reliable
RES-00350,Skyler Bennett,A,3,False,reliable
RES-00351,Rowan Osei,A,5,True,occasionally_late
RES-00352,Taylor Ellis,B,3,True,reliable
RES-00353,Logan Dawson,C,3,False,reliable
RES-00354,Taylor Sandoval,B,2,False,reliable
RES-00355,Alex Chen,B,4,False,occasionally_late
RES-00356,Logan Yates,A,4,False,degrading
RES-00357,Jamie Sandoval,A,3,True,reliable
RES-00358,Alex Bennett,A,3,False,reliable
RES-00359,Sasha Sandoval,B,1,True,reliable
RES-00360,Emerson Whitfield,B,4,False,reliable
RES-00361,Taylor Bennett,B,5,False,reliable
RES-00362,Noel Osei,D,4,True,reliable
RES-00363,Avery Griffin,B,1,False,reliable
RES-00364,Kai Osei,C,4,True,reliable
RES-00365,Elliot Zamora,B,3,True,reliable
RES-00366,Hayden Vargas,D,2,False,reliable
RES-00367,Logan Tran,C,3,True,reliable
RES-00368,Riley Vargas,B,3,False,reliable
RES-00369,Logan Mercer,C,1,False,reliable
RES-00370,Morgan Zamora,C,1,False,reliable
RES-00371,Morgan Underwood,A,2,True,reliable
RES-00372,Logan Griffin,A,2,True,reliable
RES-00373,Payton Yates,C,2,True,reliable
RES-00374,Avery Quintero,D,3,True,reliable
RES-00375,Morgan Novak,B,4,False,reliable
RES-00376,Logan Underwood,B,5,True,reliable
RES-00377,Micah Dawson,A,4,True,reliable
RES-00378,Noel Jensen,B,3,False,reliable
RES-00379,Kai Sandoval,D,2,True,reliable
RES-00380,Avery Jensen,C,1,False,reliable
RES-00381,Sasha Mercer,D,3,False,reliable
RES-00382,Taylor Park,B,2,False,reliable
RES-00383,Hayden Chen,D,3,False,reliable
RES-00384,Jamie Yates,B,4,False,reliable
RES-00385,Avery Alvarez,A,3,True,reliable
RES-00386,Avery Lamb,C,3,True,degrading
RES-00387,Kendall Tran,B,2,False,reliable
RES-00388,Elliot Whitfield,C,4,True,reliable
RES-00389,Alex Dawson,B,3,True,degrading
RES-00390,Morgan Vargas,A,1,True,reliable
RES-00391,Finley Mercer,D,1,False,reliable
RES-00392,Lane Ibarra,C,2,False,reliable
RES-00393,Elliot Ellis,A,4,False,reliable
RES-00394,Payton Bennett,D,5,False,reliable
RES-00395,Riley Yates,D,3,True,reliable
RES-00396,Finley Underwood,C,4,False,reliable
RES-00397,Reese Reyes,B,2,True,reliable
RES-00398,Elliot Whitfield,B,2,False,reliable
RES-00399,Lane Tran,B,3,False,reliable
RES-00400,Kendall Quintero,B,2,False,reliable
RES-00401,Quinn Ellis,C,5,False,reliable
RES-00402,Quinn Dawson,D,2,False,degrading
RES-00403,Micah Sandoval,C,3,False,reliable
RES-00404,Logan Mercer,B,3,True,reliable
RES-00405,Jordan Novak,B,2,False,reliable
RES-00406,Avery Zamora,B,4,True,occasionally_late
RES-00407,Taylor Keller,B,2,False,reliable
RES-00408,Logan Keller,A,5,True,reliable
RES-00409,Skyler Griffin,C,2,False,reliable
RES-00410,Jamie Novak,D,2,True,reliable
RES-00411,Kendall Keller,C,1,False,degrading
RES-00412,Kai Dawson,C,1,False,degrading
RES-00413,Micah Zamora,A,2,False,reliable
RES-00414,Avery Park,D,4,True,reliable
RES-00415,Jamie Zamora,D,5,False,reliable
RES-00416,Kai Whitfield,B,3,False,reliable
RES-00417,Kai Alvarez,B,1,True,degrading
RES-00418,Taylor Foster,B,2,True,reliable
RES-00419,Jordan Quintero,B,4,True,reliable
RES-00420,Avery Yates,A,2,False,reliable
RES-00421,Casey Ellis,A,1,False,reliable
RES-00422,Kendall Whitfield,A,2,False,reliable
RES-00423,Quinn Underwood,A,5,False,reliable
RES-00424,Elliot Jensen,A,5,False,reliable
RES-00425,Noel Foster,B,3,True,reliable
RES-00426,Payton Reyes,C,5,True,occasionally_late
RES-00427,Finley Quintero,B,4,True,reliable
RES-00428,Hayden Ibarra,C,1,False,reliable
RES-00429,Elliot Park,B,3,False,reliable
RES-00430,Quinn Jensen,C,4,True,reliable
RES-00431,Quinn Jensen,C,5,False,degrading
RES-00432,Casey Lamb,C,5,False,reliable
RES-00433,Harper Hayes,B,5,False,reliable
RES-00434,Finley Griffin,D,4,True,reliable
RES-00435,Micah Park,C,3,False,reliable
RES-00436,Kendall Foster,C,2,False,reliable
RES-00437,Quinn Hayes,B,5,False,degrading
RES-00438,Avery Lamb,A,3,False,reliable
RES-00439,Alex Whitfield,B,2,False,reliable
RES-00440,Elliot Reyes,A,2,False,reliable
RES-00441,Avery Reyes,B,2,True,reliable
RES-00442,Micah Bennett,B,3,True,reliable
RES-00443,Kai Griffin,C,3,True,reliable
RES-00444,Marley Novak,C,3,False,reliable
RES-00445,Devon Quintero,B,1,True,degrading
RES-00446,Marley Ellis,C,1,False,occasionally_late
RES-00447,Payton Sandoval,B,3,False,reliable
RES-00448,Emerson Osei,C,2,False,degrading
RES-00449,Kai Vargas,B,2,True,reliable
RES-00450,Finley Osei,A,2,False,occasionally_late
RES-00451,Casey Tran,C,3,False,reliable
RES-00452,Rowan Underwood,B,1,False,reliable
RES-00453,Reese Bennett,A,2,False,reliable
RES-00454,Jordan Keller,D,3,False,reliable
RES-00455,Elliot Dawson,C,1,True,reliable
RES-00456,Marley Tran,C,4,False,reliable
RES-00457,Kendall Mercer,C,3,False,reliable
RES-00458,Rowan Hayes,D,5,True,reliable
RES-00459,Micah Ibarra,B,3,True,reliable
RES-00460,Skyler Yates,B,2,False,reliable
RES-00461,Taylor Foster,C,2,True,reliable
RES-00462,Morgan Griffin,C,1,True,reliable
RES-00463,Jordan Alvarez,C,5,False,reliable
RES-00464,Skyler Hayes,C,1,False,reliable
RES-00465,Alex Dawson,A,2,False,reliable
RES-00466,Elliot Whitfield,A,2,False,reliable
RES-00467,Rowan Park,C,3,False,reliable
RES-00468,Marley Ibarra,B,3,False,reliable
RES-00469,Jordan Mercer,A,3,False,reliable
RES-00470,Kendall Vargas,D,2,True,reliable
RES-00471,Avery Lamb,B,2,False,reliable
RES-00472,Jordan Ibarra,A,3,True,degrading
RES-00473,Riley Osei,B,3,False,reliable
RES-00474,Jamie Reyes,B,1,True,reliable
RES-00475,Rowan Ellis,D,3,False,reliable
RES-00476,Skyler Tran,C,2,False,reliable
RES-00477,Morgan Keller,D,3,False,reliable
RES-00478,Skyler Foster,A,5,False,reliable
RES-00479,Riley Underwood,A,3,False,reliable
RES-00480,Devon Zamora,A,2,False,reliable
RES-00481,Avery Foster,C,5,False,degrading
RES-00482,Kai Quintero,B,4,False,reliable
RES-00483,Marley Lamb,B,5,True,reliable
RES-00484,Quinn Zamora,C,1,False,reliable
RES-00485,Casey Yates,D,3,False,reliable
RES-00486,Riley Bennett,B,3,True,reliable
RES-00487,Alex Ibarra,B,2,False,reliable
RES-00488,Marley Dawson,C,3,True,occasionally_late
RES-00489,Reese Quintero,B,3,False,reliable
RES-00490,Taylor Dawson,A,5,False,severe
RES-00491,Kai Whitfield,B,3,False,reliable
RES-00492,Avery Alvarez,C,3,False,reliable
RES-00493,Noel Reyes,A,5,True,reliable
RES-00494,Noel Ellis,C,2,False,reliable
RES-00495,Kendall Novak,C,2,False,reliable
RES-00496,Morgan Tran,D,3,True,reliable
RES-00497,Casey Griffin,C,1,True,degrading
RES-00498,Kai Quintero,A,3,True,degrading
RES-00499,Reese Chen,A,5,False,reliable
RES-00500,Hayden Osei,C,2,False,reliable
RES-00501,Taylor Dawson,D,2,False,reliable
RES-00502,Elliot Keller,A,3,False,degrading
RES-00503,Lane Tran,A,4,False,reliable
RES-00504,Jordan Bennett,B,3,True,degrading
RES-00505,Alex Zamora,C,2,False,reliable
RES-00506,Rowan Vargas,B,3,False,reliable
RES-00507,Skyler Park,B,1,False,reliable
RES-00508,Avery Zamora,B,2,True,reliable
RES-00509,Riley Osei,A,5,False,reliable
RES-00510,Taylor Yates,A,2,True,reliable
RES-00511,Harper Underwood,C,3,True,degrading
RES-00512,Rowan Griffin,A,3,True,reliable
RES-00513,Elliot Griffin,A,1,False,reliable
RES-00514,Avery Yates,B,4,False,reliable
RES-00515,Emerson Alvarez,C,2,False,reliable
RES-00516,Casey Ellis,C,2,False,reliable
RES-00517,Finley Foster,C,2,False,reliable
RES-00518,Harper Osei,C,2,False,reliable
RES-00519,Morgan Mercer,C,3,False,reliable
RES-00520,Jordan Sandoval,A,5,True,reliable
RES-00521,Quinn Underwood,A,3,False,reliable
RES-00522,Skyler Osei,D,1,False,reliable
RES-00523,Rowan Jensen,B,2,False,reliable
RES-00524,Logan Jensen,A,4,True,reliable
RES-00525,Logan Hayes,D,3,False,reliable
RES-00526,Noel Yates,B,5,False,degrading
RES-00527,Morgan Chen,B,3,True,reliable
RES-00528,Skyler Alvarez,B,3,False,reliable
RES-00529,Reese Alvarez,B,1,True,reliable
RES-00530,Morgan Ellis,D,4,True,reliable
RES-00531,Micah Keller,C,2,True,reliable
RES-00532,Devon Quintero,D,2,True,reliable
RES-00533,Marley Dawson,B,2,True,reliable
RES-00534,Devon Chen,A,1,True,reliable
RES-00535,Noel Whitfield,B,4,False,reliable
RES-00536,Reese Jensen,B,2,False,occasionally_late
RES-00537,Riley Underwood,A,3,False,reliable
RES-00538,Elliot Jensen,D,2,False,occasionally_late
RES-00539,Skyler Alvarez,B,2,True,reliable
RES-00540,Micah Keller,B,3,True,reliable
RES-00541,Jordan Dawson,B,2,True,degrading
RES-00542,Alex Griffin,B,2,True,degrading
RES-00543,Alex Sandoval,A,3,True,reliable
RES-00544,Jordan Dawson,B,3,True,reliable
RES-00545,Payton Zamora,D,3,True,reliable
RES-00546,Jamie Park,B,5,False,reliable
RES-00547,Alex Ibarra,B,2,True,reliable
RES-00548,Payton Novak,D,3,False,reliable
RES-00549,Elliot Reyes,B,3,False,reliable
RES-00550,Harper Bennett,C,2,False,reliable
RES-00551,Finley Zamora,A,3,True,reliable
RES-00552,Devon Griffin,A,3,False,reliable
RES-00553,Logan Underwood,B,2,True,reliable
RES-00554,Morgan Whitfield,A,2,False,reliable
RES-00555,Kendall Chen,B,3,True,reliable
RES-00556,Emerson Vargas,A,3,True,reliable
RES-00557,Noel Underwood,B,3,False,degrading
RES-00558,Harper Alvarez,A,4,False,severe
RES-00559,Emerson Hayes,B,2,True,reliable
RES-00560,Jamie Lamb,A,3,True,reliable
RES-00561,Harper Sandoval,A,5,False,reliable
RES-00562,Rowan Yates,C,5,False,reliable
RES-00563,Jordan Zamora,C,2,False,degrading
RES-00564,Kendall Hayes,C,3,False,reliable
RES-00565,Riley Ellis,A,1,False,reliable
RES-00566,Jamie Griffin,A,3,False,occasionally_late
RES-00567,Emerson Quintero,B,4,False,reliable
RES-00568,Emerson Sandoval,B,3,True,reliable
RES-00569,Rowan Park,A,5,True,reliable
RES-00570,Quinn Underwood,B,3,False,reliable
RES-00571,Rowan Jensen,C,3,True,reliable
RES-00572,Sasha Mercer,B,1,True,degrading
RES-00573,Payton Underwood,C,3,True,reliable
RES-00574,Lane Novak,B,4,True,reliable
RES-00575,Skyler Vargas,C,3,True,reliable
RES-00576,Avery Ibarra,B,3,False,reliable
RES-00577,Hayden Alvarez,A,2,False,reliable
RES-00578,Alex Vargas,B,4,True,reliable
RES-00579,Rowan Dawson,B,4,False,reliable
RES-00580,Rowan Chen,C,3,True,reliable
RES-00581,Kai Underwood,C,3,False,reliable
RES-00582,Kendall Quintero,C,2,True,reliable
RES-00583,Elliot Griffin,D,2,False,reliable
RES-00584,Devon Quintero,B,3,False,reliable
RES-00585,Reese Park,C,3,False,degrading
RES-00586,Skyler Lamb,D,2,True,reliable
RES-00587,Taylor Jensen,A,3,True,reliable
RES-00588,Logan Mercer,C,5,False,reliable
RES-00589,Riley Alvarez,A,2,True,reliable
RES-00590,Reese Vargas,A,2,True,severe
RES-00591,Jordan Dawson,B,3,True,occasionally_late
RES-00592,Hayden Chen,D,2,True,reliable
RES-00593,Kai Quintero,C,2,True,occasionally_late
RES-00594,Jordan Zamora,D,3,True,reliable
RES-00595,Jordan Hayes,B,1,False,degrading
RES-00596,Riley Hayes,B,5,False,reliable
RES-00597,Noel Park,A,2,False,reliable
RES-00598,Emerson Sandoval,A,1,False,reliable
RES-00599,Morgan Alvarez,A,2,True,reliable
RES-00600,Morgan Quintero,A,3,False,reliable
RES-00601,Taylor Bennett,A,2,False,degrading
RES-00602,Emerson Keller,D,3,False,reliable
RES-00603,Micah Yates,B,2,True,reliable
RES-00604,Emerson Mercer,C,3,False,reliable
RES-00605,Noel Lamb,B,3,False,reliable
RES-00606,Hayden Keller,A,1,False,reliable
RES-00607,Marley Zamora,B,3,True,reliable
RES-00608,Skyler Zamora,B,4,True,reliable
RES-00609,Kai Yates,D,2,False,reliable
RES-00610,Jamie Hayes,B,3,True,reliable
RES-00611,Jordan Vargas,B,1,False,reliable
RES-00612,Logan Hayes,A,2,False,reliable
RES-00613,Payton Novak,C,2,False,reliable
RES-00614,Logan Chen,A,3,True,reliable
RES-00615,Sasha Tran,B,5,False,reliable
RES-00616,Kendall Whitfield,B,2,True,reliable
RES-00617,Kai Chen,A,1,False,reliable
RES-00618,Skyler Chen,B,5,False,reliable
RES-00619,Sasha Bennett,A,4,True,reliable
RES-00620,Elliot Mercer,A,1,False,reliable
RES-00621,Marley Vargas,C,5,False,reliable
RES-00622,Quinn Ellis,B,5,False,reliable
RES-00623,Jordan Osei,A,4,False,reliable
RES-00624,Harper Mercer,C,3,True,occasionally_late
RES-00625,Avery Ellis,C,3,True,reliable
RES-00626,Hayden Novak,B,2,False,reliable
RES-00627,Hayden Chen,B,2,True,reliable
RES-00628,Lane Yates,A,3,True,reliable
RES-00629,Riley Yates,D,3,True,reliable
RES-00630,Kai Jensen,C,5,False,reliable
RES-00631,Kai Ellis,C,2,True,reliable
RES-00632,Devon Chen,B,5,False,occasionally_late
RES-00633,Devon Osei,D,1,True,reliable
RES-00634,Quinn Hayes,D,5,True,reliable
RES-00635,Payton Mercer,C,1,False,reliable
RES-00636,Payton Quintero,C,4,True,degrading
RES-00637,Kai Sandoval,A,2,False,reliable
RES-00638,Jordan Yates,B,3,True,reliable
RES-00639,Morgan Bennett,C,4,False,reliable
RES-00640,Casey Tran,C,5,False,reliable
RES-00641,Elliot Whitfield,B,1,False,reliable
RES-00642,Sasha Whitfield,C,2,True,reliable
RES-00643,Jamie Chen,A,2,False,reliable
RES-00644,Hayden Osei,C,1,False,reliable
RES-00645,Kendall Lamb,C,3,False,reliable
RES-00646,Marley Vargas,C,4,True,reliable
RES-00647,Avery Hayes,C,2,True,reliable
RES-00648,Logan Lamb,B,2,False,reliable
RES-00649,Jamie Alvarez,B,1,True,reliable
RES-00650,Emerson Vargas,D,5,True,occasionally_late
RES-00651,Casey Zamora,B,1,False,occasionally_late
RES-00652,Jordan Ibarra,D,2,False,reliable
RES-00653,Quinn Lamb,D,2,False,reliable
RES-00654,Casey Novak,A,3,False,occasionally_late
RES-00655,Logan Hayes,B,4,True,reliable
RES-00656,Avery Ellis,C,2,False,degrading
RES-00657,Casey Alvarez,B,5,False,reliable
RES-00658,Kai Bennett,A,4,True,reliable
RES-00659,Sasha Ibarra,C,1,False,reliable
RES-00660,Jamie Whitfield,C,4,False,reliable
RES-00661,Reese Ellis,A,3,False,reliable
RES-00662,Sasha Griffin,B,2,True,reliable
RES-00663,Hayden Keller,C,3,False,reliable
RES-00664,Rowan Mercer,D,3,False,reliable
RES-00665,Reese Sandoval,B,3,False,reliable
RES-00666,Rowan Griffin,D,2,True,reliable
RES-00667,Finley Osei,A,3,False,reliable
RES-00668,Elliot Alvarez,C,1,False,reliable
RES-00669,Finley Bennett,D,1,True,reliable
RES-00670,Elliot Novak,C,1,True,reliable
RES-00671,Logan Zamora,D,2,False,reliable
RES-00672,Payton Chen,B,5,True,reliable
RES-00673,Riley Underwood,D,3,False,reliable
RES-00674,Finley Jensen,C,5,False,reliable
RES-00675,Logan Dawson,C,3,False,reliable
RES-00676,Jordan Park,C,2,False,reliable
RES-00677,Taylor Hayes,B,2,True,reliable
RES-00678,Jordan Underwood,B,3,False,reliable
RES-00679,Kai Quintero,C,4,False,reliable
RES-00680,Jamie Bennett,C,2,True,reliable
RES-00681,Devon Mercer,D,2,False,occasionally_late
RES-00682,Payton Underwood,B,5,True,degrading
RES-00683,Micah Chen,A,5,False,reliable
RES-00684,Sasha Quintero,A,3,False,reliable
RES-00685,Reese Yates,B,4,True,occasionally_late
RES-00686,Quinn Lamb,B,3,False,reliable
RES-00687,Casey Novak,C,5,True,degrading
RES-00688,Quinn Park,A,1,True,occasionally_late
RES-00689,Quinn Whitfield,B,1,True,reliable
RES-00690,Payton Keller,A,4,False,reliable
RES-00691,Hayden Griffin,D,2,False,severe
RES-00692,Emerson Bennett,A,2,True,reliable
RES-00693,Hayden Ellis,B,1,True,degrading
RES-00694,Morgan Park,A,1,False,reliable
RES-00695,Riley Keller,B,2,False,reliable
RES-00696,Avery Mercer,B,5,True,severe
RES-00697,Jamie Chen,C,1,True,reliable
RES-00698,Jordan Hayes,B,2,False,reliable
RES-00699,Morgan Osei,A,4,False,reliable
RES-00700,Payton Vargas,B,2,True,reliable
RES-00701,Rowan Hayes,B,1,False,reliable
RES-00702,Morgan Hayes,A,1,False,reliable
RES-00703,Emerson Yates,A,2,True,reliable
RES-00704,Logan Reyes,C,3,False,reliable
RES-00705,Emerson Mercer,B,2,False,reliable
RES-00706,Lane Park,C,1,False,reliable
RES-00707,Sasha Tran,D,2,False,severe
RES-00708,Kendall Whitfield,B,4,True,reliable
RES-00709,Alex Lamb,D,3,False,reliable
RES-00710,Emerson Ellis,B,3,False,reliable
RES-00711,Taylor Lamb,B,2,False,reliable
RES-00712,Quinn Ellis,B,2,False,reliable
RES-00713,Lane Griffin,C,3,False,reliable
RES-00714,Harper Bennett,A,1,False,reliable
RES-00715,Casey Tran,A,2,False,reliable
RES-00716,Devon Dawson,B,5,True,reliable
RES-00717,Micah Keller,A,5,False,reliable
RES-00718,Skyler Bennett,A,2,False,reliable
RES-00719,Jordan Ellis,C,1,True,reliable
RES-00720,Alex Alvarez,C,2,False,reliable
RES-00721,Reese Osei,C,4,True,reliable
RES-00722,Quinn Osei,B,1,True,reliable
RES-00723,Morgan Jensen,D,5,True,reliable
RES-00724,Emerson Dawson,C,3,True,reliable
RES-00725,Finley Sandoval,D,3,True,degrading
RES-00726,Payton Foster,B,2,False,reliable
RES-00727,Reese Osei,B,5,False,reliable
RES-00728,Skyler Foster,C,2,False,reliable
RES-00729,Noel Lamb,C,3,True,reliable
RES-00730,Reese Bennett,B,2,False,reliable
RES-00731,Elliot Alvarez,C,2,True,reliable
RES-00732,Emerson Osei,D,2,True,reliable
RES-00733,Taylor Griffin,A,3,False,occasionally_late
RES-00734,Lane Reyes,C,5,True,reliable
RES-00735,Quinn Zamora,A,3,True,reliable
RES-00736,Sasha Foster,C,2,False,degrading
RES-00737,Alex Jensen,B,2,False,reliable
RES-00738,Rowan Underwood,D,3,False,reliable
RES-00739,Quinn Park,A,3,False,reliable
RES-00740,Emerson Whitfield,C,3,True,reliable
RES-00741,Finley Vargas,B,4,True,reliable
RES-00742,Payton Foster,D,3,False,reliable
RES-00743,Rowan Underwood,B,3,False,reliable
RES-00744,Logan Novak,B,2,True,reliable
RES-00745,Quinn Griffin,B,1,True,reliable
RES-00746,Marley Whitfield,B,5,False,reliable
RES-00747,Emerson Quintero,B,3,False,reliable
RES-00748,Finley Jensen,C,3,False,reliable
RES-00749,Quinn Hayes,D,1,True,reliable
RES-00750,Noel Ellis,C,5,False,reliable
RES-00751,Harper Zamora,C,2,True,reliable
RES-00752,Avery Hayes,A,2,False,occasionally_late
RES-00753,Noel Foster,A,3,False,reliable
RES-00754,Finley Sandoval,B,2,True,reliable
RES-00755,Riley Zamora,C,3,True,reliable
RES-00756,Logan Underwood,B,4,False,reliable
RES-00757,Casey Novak,C,2,False,reliable
RES-00758,Skyler Jensen,C,1,False,reliable
RES-00759,Lane Hayes,D,5,False,occasionally_late
RES-00760,Logan Hayes,A,3,True,reliable
RES-00761,Micah Ellis,B,3,True,degrading
RES-00762,Avery Bennett,A,1,False,reliable
RES-00763,Morgan Underwood,A,4,False,reliable
RES-00764,Hayden Tran,C,3,True,reliable
RES-00765,Emerson Reyes,C,2,True,reliable
RES-00766,Emerson Yates,B,5,True,reliable
RES-00767,Avery Osei,A,2,False,reliable
RES-00768,Rowan Yates,A,5,False,reliable
RES-00769,Noel Bennett,B,1,False,reliable
RES-00770,Noel Park,D,5,False,reliable
RES-00771,Kendall Hayes,C,3,False,reliable
RES-00772,Jordan Whitfield,B,1,True,reliable
RES-00773,Avery Foster,B,3,False,occasionally_late
RES-00774,Kendall Bennett,C,4,False,reliable
RES-00775,Devon Yates,D,4,True,reliable
RES-00776,Elliot Hayes,B,1,False,reliable
RES-00777,Alex Quintero,A,2,False,reliable
RES-00778,Finley Ibarra,D,2,True,reliable
RES-00779,Payton Yates,B,1,False,reliable
RES-00780,Taylor Quintero,B,5,False,reliable
RES-00781,Kendall Dawson,C,3,True,reliable
RES-00782,Payton Dawson,C,5,False,reliable
RES-00783,Rowan Tran,B,3,True,reliable
RES-00784,Micah Griffin,D,3,False,reliable
RES-00785,Skyler Chen,D,5,False,severe
RES-00786,Quinn Mercer,C,2,False,degrading
RES-00787,Harper Alvarez,B,3,True,occasionally_late
RES-00788,Noel Vargas,C,2,True,reliable
RES-00789,Sasha Bennett,C,1,False,reliable
RES-00790,Kendall Novak,A,3,True,reliable
RES-00791,Marley Yates,B,2,False,reliable
RES-00792,Payton Reyes,B,4,True,reliable
RES-00793,Sasha Osei,C,3,True,degrading
RES-00794,Harper Griffin,B,2,True,reliable
RES-00795,Jamie Hayes,B,2,True,reliable
RES-00796,Reese Zamora,C,5,False,degrading
RES-00797,Finley Novak,D,1,False,degrading
RES-00798,Marley Alvarez,B,5,True,reliable
RES-00799,Quinn Park,D,4,False,reliable
RES-00800,Avery Foster,B,2,False,reliable
RES-00801,Noel Vargas,D,5,True,reliable
RES-00802,Alex Jensen,D,2,False,degrading
RES-00803,Jamie Underwood,B,3,True,reliable
RES-00804,Noel Whitfield,B,4,False,reliable
RES-00805,Elliot Reyes,B,3,True,reliable
RES-00806,Riley Ibarra,C,3,False,reliable
RES-00807,Skyler Reyes,A,2,True,reliable
RES-00808,Emerson Chen,D,5,False,degrading
RES-00809,Emerson Reyes,D,5,True,reliable
RES-00810,Riley Bennett,C,1,False,reliable
RES-00811,Hayden Park,B,4,True,reliable
RES-00812,Devon Tran,A,5,False,reliable
RES-00813,Marley Lamb,A,3,False,degrading
RES-00814,Elliot Whitfield,D,1,True,reliable
RES-00815,Morgan Reyes,C,1,True,reliable
RES-00816,Alex Foster,A,1,True,reliable
RES-00817,Riley Vargas,C,3,True,reliable
RES-00818,Payton Ellis,A,2,False,reliable
RES-00819,Jamie Mercer,B,5,True,reliable
RES-00820,Micah Yates,B,3,True,reliable
RES-00821,Hayden Alvarez,B,2,True,reliable
RES-00822,Reese Whitfield,C,3,False,reliable
RES-00823,Lane Bennett,D,5,False,reliable
RES-00824,Jamie Keller,C,3,True,reliable
RES-00825,Emerson Reyes,B,3,False,reliable
RES-00826,Riley Ellis,A,2,False,reliable
RES-00827,Noel Underwood,B,3,False,reliable
RES-00828,Devon Sandoval,D,2,True,reliable
RES-00829,Kendall Ellis,C,5,True,degrading
RES-00830,Morgan Yates,B,3,False,reliable
RES-00831,Payton Mercer,B,3,False,reliable
RES-00832,Jamie Sandoval,B,2,False,reliable
RES-00833,Sasha Jensen,B,2,False,reliable
RES-00834,Kendall Griffin,C,1,True,reliable
RES-00835,Quinn Underwood,A,1,False,reliable
RES-00836,Jamie Lamb,C,2,False,reliable
RES-00837,Payton Ibarra,B,2,True,occasionally_late
RES-00838,Kendall Foster,A,3,False,reliable
RES-00839,Kai Ellis,B,3,False,reliable
RES-00840,Devon Foster,B,2,False,reliable
RES-00841,Micah Mercer,C,4,True,reliable
RES-00842,Riley Ellis,B,2,False,reliable
RES-00843,Finley Foster,B,2,False,reliable
RES-00844,Kendall Griffin,C,1,False,reliable
RES-00845,Riley Alvarez,D,5,False,reliable
RES-00846,Hayden Tran,D,2,False,degrading
RES-00847,Casey Zamora,A,3,False,reliable
RES-00848,Logan Hayes,A,3,False,reliable
RES-00849,Sasha Alvarez,B,3,True,reliable
RES-00850,Reese Tran,A,4,False,reliable
RES-00851,Jamie Underwood,D,1,True,reliable
RES-00852,Casey Foster,C,1,False,reliable
RES-00853,Casey Underwood,A,2,False,reliable
RES-00854,Jamie Lamb,D,2,False,reliable
RES-00855,Casey Park,B,5,False,reliable
RES-00856,Jordan Jensen,D,3,True,reliable
RES-00857,Quinn Sandoval,C,3,False,reliable
RES-00858,Micah Novak,B,2,False,reliable
RES-00859,Micah Sandoval,B,2,False,reliable
RES-00860,Devon Foster,A,1,True,reliable
RES-00861,Jamie Vargas,A,3,False,reliable
RES-00862,Quinn Hayes,D,2,True,degrading
RES-00863,Jamie Yates,A,4,True,reliable
RES-00864,Kendall Lamb,D,2,True,reliable
RES-00865,Alex Bennett,B,5,True,reliable
RES-00866,Casey Alvarez,C,1,False,reliable
RES-00867,Casey Hayes,C,4,True,reliable
RES-00868,Kendall Bennett,C,4,False,reliable
RES-00869,Casey Novak,A,4,False,degrading
RES-00870,Taylor Mercer,B,2,False,occasionally_late
RES-00871,Devon Mercer,D,3,True,reliable
RES-00872,Sasha Sandoval,A,3,True,reliable
RES-00873,Marley Ibarra,D,3,True,reliable
RES-00874,Lane Vargas,D,3,False,reliable
RES-00875,Rowan Quintero,B,3,True,occasionally_late
RES-00876,Emerson Foster,A,2,False,reliable
RES-00877,Kendall Tran,D,2,True,reliable
RES-00878,Quinn Reyes,A,3,False,reliable
RES-00879,Hayden Chen,C,1,True,reliable
RES-00880,Taylor Ibarra,C,2,False,reliable
RES-00881,Kai Vargas,B,1,True,reliable
RES-00882,Casey Mercer,C,4,True,occasionally_late
RES-00883,Payton Alvarez,A,5,False,occasionally_late
RES-00884,Payton Dawson,B,3,False,occasionally_late
RES-00885,Finley Griffin,B,3,False,reliable
RES-00886,Harper Lamb,B,2,False,reliable
RES-00887,Payton Tran,B,2,True,reliable
RES-00888,Rowan Whitfield,C,2,False,reliable
RES-00889,Payton Dawson,B,3,False,reliable
RES-00890,Casey Jensen,B,5,False,reliable
RES-00891,Harper Ibarra,C,2,True,reliable
RES-00892,Jamie Underwood,B,2,True,reliable
RES-00893,Noel Quintero,A,3,True,reliable
RES-00894,Devon Quintero,C,3,False,reliable
RES-00895,Avery Reyes,C,4,False,reliable
RES-00896,Lane Ibarra,C,4,False,reliable
RES-00897,Sasha Reyes,B,3,True,reliable
RES-00898,Kendall Zamora,B,2,True,reliable
RES-00899,Casey Underwood,C,5,False,reliable
RES-00900,Skyler Griffin,B,3,False,reliable
RES-00901,Harper Quintero,A,4,False,reliable
RES-00902,Hayden Tran,D,1,False,occasionally_late
RES-00903,Devon Mercer,A,4,False,reliable
RES-00904,Riley Sandoval,D,3,False,reliable
RES-00905,Kai Whitfield,C,3,True,reliable
RES-00906,Noel Underwood,A,5,True,reliable
RES-00907,Jamie Park,B,3,True,reliable
RES-00908,Emerson Jensen,C,2,True,reliable
RES-00909,Avery Alvarez,A,2,True,reliable
RES-00910,Jamie Lamb,C,1,False,reliable
RES-00911,Avery Bennett,A,3,False,reliable
RES-00912,Quinn Foster,B,5,True,reliable
RES-00913,Taylor Jensen,C,3,True,reliable
RES-00914,Noel Alvarez,C,2,True,reliable
RES-00915,Elliot Bennett,B,5,True,reliable
RES-00916,Taylor Dawson,D,3,False,reliable
RES-00917,Devon Ibarra,C,1,False,reliable
RES-00918,Harper Mercer,B,3,False,reliable
RES-00919,Noel Sandoval,B,2,True,reliable
RES-00920,Taylor Whitfield,C,4,False,reliable
RES-00921,Kendall Novak,B,2,False,reliable
RES-00922,Lane Novak,C,3,True,reliable
RES-00923,Kendall Bennett,B,2,True,reliable
RES-00924,Casey Dawson,A,2,True,reliable
RES-00925,Finley Zamora,D,1,True,reliable
RES-00926,Riley Jensen,D,1,False,reliable
RES-00927,Devon Mercer,B,4,False,reliable
RES-00928,Elliot Bennett,B,4,True,reliable
RES-00929,Noel Hayes,C,2,False,reliable
RES-00930,Morgan Park,C,3,True,reliable
RES-00931,Jordan Ibarra,C,2,True,reliable
RES-00932,Finley Keller,A,3,False,reliable
RES-00933,Alex Jensen,B,2,False,reliable
RES-00934,Casey Ellis,B,1,True,reliable
RES-00935,Jamie Alvarez,A,5,False,reliable
RES-00936,Payton Hayes,B,2,True,degrading
RES-00937,Lane Keller,B,2,True,reliable
RES-00938,Hayden Quintero,B,3,False,reliable
RES-00939,Sasha Vargas,B,3,True,reliable
RES-00940,Lane Alvarez,A,2,True,reliable
RES-00941,Morgan Park,B,4,True,degrading
RES-00942,Riley Zamora,C,5,True,reliable
RES-00943,Elliot Keller,B,2,False,reliable
RES-00944,Rowan Osei,A,2,True,reliable
RES-00945,Marley Ellis,C,3,False,reliable
RES-00946,Rowan Bennett,B,1,False,reliable
RES-00947,Kai Griffin,C,5,False,occasionally_late
RES-00948,Marley Griffin,B,1,False,reliable
RES-00949,Sasha Griffin,B,2,True,reliable
RES-00950,Logan Jensen,C,3,True,reliable
RES-00951,Jamie Mercer,B,3,False,reliable
RES-00952,Morgan Mercer,D,2,False,reliable
RES-00953,Marley Lamb,A,5,True,reliable
RES-00954,Rowan Whitfield,C,3,True,occasionally_late
RES-00955,Sasha Reyes,D,4,False,reliable
RES-00956,Taylor Osei,B,2,False,degrading
RES-00957,Taylor Jensen,C,5,False,reliable
RES-00958,Morgan Foster,A,2,True,reliable
RES-00959,Skyler Mercer,B,3,True,reliable
RES-00960,Rowan Foster,D,3,True,reliable
RES-00961,Jamie Mercer,B,2,False,degrading
RES-00962,Avery Chen,B,4,False,reliable
RES-00963,Skyler Jensen,C,2,True,reliable
RES-00964,Noel Keller,B,4,False,reliable
RES-00965,Skyler Bennett,A,4,False,reliable
RES-00966,Noel Quintero,C,2,True,reliable
RES-00967,Jamie Novak,B,5,False,reliable
RES-00968,Micah Foster,B,3,True,reliable
RES-00969,Devon Novak,C,4,True,reliable
RES-00970,Emerson Dawson,B,2,True,reliable
RES-00971,Riley Zamora,B,2,False,reliable
RES-00972,Avery Whitfield,D,1,False,reliable
RES-00973,Lane Chen,C,3,True,reliable
RES-00974,Morgan Foster,A,2,False,reliable
RES-00975,Rowan Zamora,B,2,False,occasionally_late
RES-00976,Elliot Reyes,A,2,False,reliable
RES-00977,Rowan Chen,C,4,False,reliable
RES-00978,Payton Quintero,D,1,True,reliable
RES-00979,Jamie Alvarez,A,2,True,occasionally_late
RES-00980,Riley Chen,C,3,False,reliable
RES-00981,Sasha Foster,A,2,False,reliable
RES-00982,Noel Sandoval,B,3,False,reliable
RES-00983,Rowan Ellis,A,1,True,degrading
RES-00984,Skyler Ellis,A,3,False,degrading
RES-00985,Lane Bennett,B,2,True,reliable
RES-00986,Jamie Park,A,2,True,occasionally_late
RES-00987,Rowan Hayes,B,2,False,reliable
RES-00988,Payton Yates,A,2,False,degrading
RES-00989,Quinn Osei,C,3,False,occasionally_late
RES-00990,Jamie Reyes,C,3,True,reliable
RES-00991,Noel Hayes,B,2,True,reliable
RES-00992,Rowan Yates,A,2,False,reliable
RES-00993,Reese Mercer,A,3,False,reliable
RES-00994,Morgan Lamb,C,4,True,reliable
RES-00995,Micah Dawson,A,1,True,reliable
RES-00996,Marley Osei,B,2,False,reliable
RES-00997,Payton Quintero,C,3,True,reliable
RES-00998,Lane Dawson,A,5,False,reliable
RES-00999,Alex Keller,B,3,False,reliable
RES-01000,Logan Griffin,B,4,True,reliable
RES-01001,Harper Bennett,A,3,True,degrading
RES-01002,Finley Quintero,D,3,True,reliable
RES-01003,Alex Whitfield,B,5,False,degrading
RES-01004,Jordan Ibarra,C,3,False,reliable
RES-01005,Alex Quintero,A,5,True,reliable
RES-01006,Kai Osei,A,5,True,reliable
RES-01007,Payton Quintero,B,1,False,reliable
RES-01008,Marley Osei,B,3,True,occasionally_late
RES-01009,Micah Sandoval,B,4,True,reliable
RES-01010,Alex Ibarra,B,3,True,reliable
RES-01011,Harper Bennett,D,2,True,reliable
RES-01012,Marley Park,B,3,False,reliable
RES-01013,Avery Osei,B,1,False,reliable
RES-01014,Kai Whitfield,D,3,True,reliable
RES-01015,Micah Foster,B,4,False,reliable
RES-01016,Marley Foster,B,4,True,reliable
RES-01017,Morgan Lamb,B,2,True,reliable
RES-01018,Kendall Quintero,B,3,False,reliable
RES-01019,Devon Bennett,B,2,True,reliable
RES-01020,Avery Jensen,B,3,False,reliable
RES-01021,Sasha Underwood,C,2,False,reliable
RES-01022,Sasha Quintero,B,3,True,occasionally_late
RES-01023,Sasha Park,C,3,False,reliable
RES-01024,Marley Griffin,B,4,False,reliable
RES-01025,Marley Underwood,B,4,False,occasionally_late
RES-01026,Elliot Quintero,B,2,True,reliable
RES-01027,Casey Sandoval,A,3,True,reliable
RES-01028,Casey Zamora,B,4,False,reliable
RES-01029,Skyler Sandoval,A,2,True,reliable
RES-01030,Jordan Lamb,A,4,False,reliable
RES-01031,Micah Foster,B,2,False,reliable
RES-01032,Alex Whitfield,B,2,True,degrading
RES-01033,Reese Griffin,A,3,True,degrading
RES-01034,Kendall Alvarez,A,3,True,reliable
RES-01035,Noel Foster,B,3,False,degrading
RES-01036,Noel Vargas,B,2,True,reliable
RES-01037,Payton Griffin,B,5,False,reliable
RES-01038,Finley Hayes,A,1,False,reliable
RES-01039,Harper Zamora,A,3,False,reliable
RES-01040,Payton Foster,C,2,False,reliable
RES-01041,Micah Ellis,B,1,False,reliable
RES-01042,Hayden Chen,C,3,False,reliable
RES-01043,Elliot Chen,C,1,False,reliable
RES-01044,Elliot Lamb,B,2,True,reliable
RES-01045,Casey Yates,C,3,True,reliable
RES-01046,Skyler Jensen,B,5,False,reliable
RES-01047,Emerson Underwood,C,2,False,degrading
RES-01048,Avery Mercer,B,5,False,reliable
RES-01049,Lane Foster,A,1,True,reliable
RES-01050,Payton Tran,C,4,True,reliable
RES-01051,Sasha Lamb,B,2,False,reliable
RES-01052,Hayden Reyes,A,2,True,reliable
RES-01053,Finley Alvarez,A,4,False,reliable
RES-01054,Noel Keller,C,4,False,degrading
RES-01055,Payton Yates,B,1,False,reliable
RES-01056,Lane Park,B,2,False,reliable
RES-01057,Elliot Vargas,B,5,False,reliable
RES-01058,Jordan Sandoval,B,5,False,occasionally_late
RES-01059,Quinn Novak,B,2,False,reliable
RES-01060,Morgan Ibarra,C,4,False,reliable
RES-01061,Hayden Zamora,B,2,False,reliable
RES-01062,Sasha Quintero,C,2,False,reliable
RES-01063,Hayden Reyes,B,3,False,reliable
RES-01064,Devon Hayes,B,5,False,reliable
RES-01065,Jamie Jensen,C,3,False,reliable
RES-01066,Skyler Jensen,D,2,True,reliable
RES-01067,Harper Quintero,C,2,True,reliable
RES-01068,Elliot Tran,D,3,False,degrading
RES-01069,Alex Osei,A,2,False,reliable
RES-01070,Casey Yates,A,2,False,reliable
RES-01071,Logan Quintero,B,3,False,reliable
RES-01072,Reese Ellis,B,1,False,reliable
RES-01073,Kai Park,B,2,True,reliable
RES-01074,Morgan Yates,A,2,False,degrading
RES-01075,Reese Quintero,B,4,True,reliable
RES-01076,Elliot Whitfield,A,3,False,reliable
RES-01077,Avery Sandoval,B,1,False,reliable
RES-01078,Hayden Osei,B,3,False,reliable
RES-01079,Kendall Sandoval,B,3,True,reliable
RES-01080,Rowan Park,D,3,False,reliable
RES-01081,Micah Sandoval,B,2,False,reliable
RES-01082,Hayden Foster,B,4,False,reliable
RES-01083,Kai Sandoval,A,2,True,reliable
RES-01084,Rowan Ellis,D,1,False,reliable
RES-01085,Jordan Tran,A,5,False,reliable
RES-01086,Rowan Foster,B,3,True,reliable
RES-01087,Quinn Quintero,D,2,False,reliable
RES-01088,Marley Griffin,C,2,False,reliable
RES-01089,Avery Hayes,A,2,False,reliable
RES-01090,Elliot Quintero,B,5,True,degrading
RES-01091,Micah Chen,A,3,False,degrading
RES-01092,Jordan Chen,B,1,False,reliable
RES-01093,Jordan Novak,C,3,True,reliable
RES-01094,Finley Mercer,C,1,False,occasionally_late
RES-01095,Elliot Zamora,C,2,False,reliable
RES-01096,Kendall Chen,C,3,True,reliable
RES-01097,Riley Ellis,B,2,True,severe
RES-01098,Taylor Dawson,C,2,False,reliable
RES-01099,Finley Foster,A,5,False,reliable
RES-01100,Finley Alvarez,B,4,True,degrading
RES-01101,Elliot Mercer,A,1,True,reliable
RES-01102,Lane Quintero,A,2,False,reliable
RES-01103,Sasha Alvarez,B,4,False,occasionally_late
RES-01104,Casey Ibarra,C,5,True,reliable
RES-01105,Quinn Sandoval,D,3,True,reliable
RES-01106,Finley Keller,C,2,False,reliable
RES-01107,Logan Ibarra,A,1,False,reliable
RES-01108,Casey Whitfield,C,2,True,reliable
RES-01109,Taylor Chen,D,2,False,reliable
RES-01110,Noel Mercer,C,1,False,reliable
RES-01111,Alex Dawson,C,5,True,reliable
RES-01112,Quinn Mercer,A,5,False,reliable
RES-01113,Marley Tran,B,1,False,reliable
RES-01114,Kai Reyes,A,4,False,reliable
RES-01115,Quinn Sandoval,A,3,False,degrading
RES-01116,Sasha Dawson,C,5,False,reliable
RES-01117,Noel Lamb,A,3,False,severe
RES-01118,Avery Keller,A,4,False,reliable
RES-01119,Morgan Dawson,A,5,False,reliable
RES-01120,Morgan Park,C,5,False,reliable
RES-01121,Morgan Osei,D,1,False,reliable
RES-01122,Jamie Whitfield,B,3,False,reliable
RES-01123,Jordan Griffin,B,2,False,reliable
RES-01124,Logan Novak,B,1,False,reliable
RES-01125,Jordan Zamora,A,2,False,reliable
RES-01126,Harper Vargas,B,4,False,reliable
RES-01127,Riley Jensen,C,3,False,reliable
RES-01128,Kendall Ellis,A,2,True,reliable
RES-01129,Jordan Ibarra,C,3,True,reliable
RES-01130,Reese Chen,C,1,False,reliable
RES-01131,Elliot Whitfield,B,1,True,reliable
RES-01132,Casey Hayes,D,2,False,reliable
RES-01133,Lane Griffin,C,3,False,degrading
RES-01134,Marley Bennett,B,3,False,reliable
RES-01135,Rowan Reyes,C,2,False,reliable
RES-01136,Emerson Jensen,B,1,False,reliable
RES-01137,Harper Sandoval,A,2,False,reliable
RES-01138,Emerson Quintero,C,3,True,reliable
RES-01139,Morgan Tran,D,5,True,reliable
RES-01140,Harper Alvarez,B,2,False,reliable
RES-01141,Jamie Novak,C,2,False,reliable
RES-01142,Lane Griffin,B,3,True,reliable
RES-01143,Kendall Osei,C,4,False,reliable
RES-01144,Rowan Tran,A,2,True,reliable
RES-01145,Rowan Novak,B,3,False,reliable
RES-01146,Casey Chen,B,4,False,reliable
RES-01147,Quinn Sandoval,A,3,True,reliable
RES-01148,Morgan Hayes,B,2,True,reliable
RES-01149,Elliot Park,B,2,False,reliable
RES-01150,Avery Novak,C,2,True,reliable
RES-01151,Finley Keller,C,2,False,reliable
RES-01152,Taylor Lamb,A,3,True,reliable
RES-01153,Kendall Ellis,A,5,True,reliable
RES-01154,Casey Vargas,B,5,False,reliable
RES-01155,Lane Chen,A,3,True,reliable
RES-01156,Skyler Griffin,D,3,False,reliable
RES-01157,Payton Yates,A,2,True,reliable
RES-01158,Rowan Sandoval,B,3,False,reliable
RES-01159,Casey Tran,B,3,True,reliable
RES-01160,Harper Chen,A,1,False,reliable
RES-01161,Marley Vargas,A,5,False,reliable
RES-01162,Alex Reyes,A,4,True,reliable
RES-01163,Harper Ellis,C,2,True,reliable
RES-01164,Micah Underwood,B,4,True,occasionally_late
RES-01165,Lane Sandoval,C,4,False,reliable
RES-01166,Kai Novak,C,2,False,reliable
RES-01167,Elliot Reyes,B,5,True,reliable
RES-01168,Taylor Zamora,D,1,True,reliable
RES-01169,Payton Ellis,C,3,True,occasionally_late
RES-01170,Micah Quintero,C,4,False,reliable
RES-01171,Devon Keller,D,3,True,reliable
RES-01172,Sasha Griffin,C,3,True,reliable
RES-01173,Quinn Vargas,C,2,False,reliable
RES-01174,Casey Dawson,B,4,False,degrading
RES-01175,Jordan Zamora,B,1,True,degrading
RES-01176,Hayden Yates,A,2,False,reliable
RES-01177,Lane Griffin,B,4,False,reliable
RES-01178,Kendall Sandoval,A,2,False,reliable
RES-01179,Rowan Bennett,C,2,False,reliable
RES-01180,Finley Vargas,B,4,False,reliable
RES-01181,Payton Tran,A,5,False,reliable
RES-01182,Devon Yates,A,5,True,reliable
RES-01183,Rowan Jensen,D,1,True,reliable
RES-01184,Alex Bennett,B,3,False,reliable
RES-01185,Marley Vargas,C,2,True,reliable
RES-01186,Jamie Hayes,C,2,False,reliable
RES-01187,Alex Bennett,C,3,False,reliable
RES-01188,Lane Lamb,B,2,False,reliable
RES-01189,Riley Park,B,2,True,reliable
RES-01190,Morgan Park,A,4,False,reliable
RES-01191,Skyler Dawson,A,3,False,reliable
RES-01192,Alex Mercer,B,5,False,reliable
RES-01193,Hayden Hayes,D,3,True,reliable
RES-01194,Noel Ibarra,C,1,True,reliable
RES-01195,Noel Lamb,C,2,True,reliable
RES-01196,Noel Griffin,C,2,True,reliable
RES-01197,Casey Quintero,D,2,True,reliable
RES-01198,Payton Mercer,D,3,False,occasionally_late
RES-01199,Jamie Tran,C,1,False,occasionally_late
RES-01200,Marley Quintero,C,5,False,reliable
RES-01201,Kai Foster,A,2,True,reliable
RES-01202,Alex Keller,C,5,True,reliable
RES-01203,Micah Underwood,C,2,True,reliable
RES-01204,Rowan Underwood,B,3,False,reliable
RES-01205,Alex Whitfield,C,2,False,reliable
RES-01206,Sasha Quintero,C,1,True,reliable
RES-01207,Devon Bennett,B,2,False,occasionally_late
RES-01208,Avery Lamb,B,1,False,degrading
RES-01209,Alex Reyes,D,3,True,reliable
RES-01210,Kai Zamora,B,5,True,reliable
RES-01211,Riley Lamb,B,2,True,reliable
RES-01212,Kendall Hayes,D,2,True,reliable
RES-01213,Rowan Jensen,B,5,True,reliable
RES-01214,Elliot Novak,D,2,False,reliable
RES-01215,Reese Osei,D,2,False,reliable
RES-01216,Marley Park,B,3,False,reliable
RES-01217,Morgan Zamora,B,5,True,reliable
RES-01218,Skyler Hayes,A,2,True,reliable
RES-01219,Rowan Ibarra,A,4,False,reliable
RES-01220,Lane Foster,A,1,True,reliable
RES-01221,Noel Keller,B,5,False,reliable
RES-01222,Elliot Novak,B,4,True,occasionally_late
RES-01223,Lane Bennett,B,3,False,reliable
RES-01224,Elliot Keller,B,4,False,degrading
RES-01225,Jordan Foster,C,3,False,reliable
RES-01226,Casey Griffin,A,2,True,reliable
RES-01227,Skyler Underwood,C,3,False,reliable
RES-01228,Morgan Chen,A,1,False,reliable
RES-01229,Quinn Ibarra,D,4,False,reliable
RES-01230,Skyler Sandoval,C,3,False,reliable
RES-01231,Devon Whitfield,D,5,False,reliable
RES-01232,Marley Tran,C,2,False,reliable
RES-01233,Hayden Whitfield,B,3,True,degrading
RES-01234,Emerson Lamb,B,3,True,reliable
RES-01235,Hayden Park,D,4,False,reliable
RES-01236,Hayden Dawson,A,3,False,reliable
RES-01237,Avery Dawson,C,2,True,degrading
RES-01238,Elliot Underwood,A,3,False,reliable
RES-01239,Micah Griffin,C,2,True,reliable
RES-01240,Casey Hayes,B,4,False,reliable
RES-01241,Logan Reyes,A,1,True,reliable
RES-01242,Kendall Osei,B,3,False,reliable
RES-01243,Avery Chen,D,3,True,reliable
RES-01244,Lane Foster,B,1,False,reliable
RES-01245,Morgan Whitfield,A,1,False,reliable
RES-01246,Casey Bennett,B,3,True,reliable
RES-01247,Elliot Keller,D,4,False,reliable
RES-01248,Quinn Yates,C,1,True,reliable
RES-01249,Harper Griffin,D,3,False,reliable
RES-01250,Reese Underwood,A,2,True,reliable
RES-01251,Reese Jensen,A,2,False,reliable
RES-01252,Hayden Ibarra,C,2,False,reliable
RES-01253,Devon Bennett,A,2,False,degrading
RES-01254,Riley Ibarra,B,1,True,reliable
RES-01255,Sasha Chen,A,1,False,reliable
RES-01256,Sasha Yates,A,1,False,reliable
RES-01257,Quinn Quintero,A,4,True,reliable
RES-01258,Harper Dawson,B,2,True,reliable
RES-01259,Logan Quintero,A,2,False,reliable
RES-01260,Elliot Vargas,C,2,False,reliable
RES-01261,Kai Alvarez,B,3,False,reliable
RES-01262,Skyler Mercer,C,5,True,reliable
RES-01263,Logan Bennett,B,4,True,reliable
RES-01264,Micah Mercer,B,1,False,reliable
RES-01265,Harper Underwood,A,1,False,reliable
RES-01266,Riley Osei,C,4,False,reliable
RES-01267,Lane Chen,C,2,False,reliable
RES-01268,Skyler Sandoval,C,3,False,reliable
RES-01269,Taylor Ellis,A,2,False,degrading
RES-01270,Logan Vargas,A,5,True,reliable
RES-01271,Morgan Tran,B,4,True,reliable
RES-01272,Sasha Tran,B,1,True,reliable
RES-01273,Micah Foster,C,3,False,reliable
RES-01274,Riley Quintero,B,2,False,reliable
RES-01275,Harper Lamb,B,4,False,reliable
RES-01276,Jamie Dawson,B,4,False,reliable
RES-01277,Taylor Park,C,3,False,reliable
RES-01278,Jamie Yates,A,3,False,reliable
RES-01279,Kai Alvarez,C,3,False,reliable
RES-01280,Avery Sandoval,C,1,True,reliable
RES-01281,Logan Chen,B,4,True,reliable
RES-01282,Devon Chen,C,4,False,reliable
RES-01283,Quinn Tran,C,4,False,occasionally_late
RES-01284,Casey Osei,B,1,False,reliable
RES-01285,Noel Park,D,3,False,reliable
RES-01286,Devon Reyes,B,2,False,reliable
RES-01287,Kai Osei,C,1,True,reliable
RES-01288,Sasha Chen,B,1,False,reliable
RES-01289,Skyler Griffin,A,5,True,reliable
RES-01290,Micah Chen,C,2,False,reliable
RES-01291,Kai Quintero,A,2,True,degrading
RES-01292,Reese Mercer,A,1,True,reliable
RES-01293,Jordan Alvarez,C,5,False,reliable
RES-01294,Lane Chen,B,3,False,reliable
RES-01295,Micah Ellis,B,4,True,reliable
RES-01296,Kai Vargas,B,1,False,degrading
RES-01297,Harper Hayes,B,4,True,occasionally_late
RES-01298,Casey Quintero,B,4,False,reliable
RES-01299,Harper Alvarez,C,1,False,degrading
RES-01300,Rowan Zamora,D,1,True,reliable
RES-01301,Taylor Novak,C,5,False,reliable
RES-01302,Kai Underwood,A,5,True,reliable
RES-01303,Reese Griffin,D,1,False,reliable
RES-01304,Skyler Zamora,C,3,True,reliable
RES-01305,Rowan Zamora,A,3,False,reliable
RES-01306,Finley Vargas,A,1,True,reliable
RES-01307,Lane Keller,D,1,False,reliable
RES-01308,Elliot Alvarez,C,3,False,reliable
RES-01309,Marley Foster,B,4,True,reliable
RES-01310,Logan Reyes,B,4,False,occasionally_late
RES-01311,Devon Chen,A,1,False,reliable
RES-01312,Rowan Ibarra,C,2,True,occasionally_late
RES-01313,Harper Bennett,B,3,False,reliable
RES-01314,Jamie Alvarez,B,5,False,reliable
RES-01315,Skyler Whitfield,B,4,True,reliable
RES-01316,Casey Hayes,C,1,False,reliable
RES-01317,Finley Zamora,B,2,False,reliable
RES-01318,Marley Foster,A,2,True,reliable
RES-01319,Rowan Yates,A,2,False,reliable
RES-01320,Avery Vargas,B,4,False,reliable
RES-01321,Payton Keller,B,2,False,degrading
RES-01322,Finley Keller,B,2,False,reliable
RES-01323,Hayden Dawson,A,1,True,degrading
RES-01324,Reese Mercer,B,2,False,occasionally_late
RES-01325,Kai Jensen,B,4,False,reliable
RES-01326,Logan Dawson,B,5,True,reliable
RES-01327,Devon Ibarra,C,5,False,reliable
RES-01328,Payton Bennett,C,3,False,degrading
RES-01329,Jamie Foster,C,1,True,reliable
RES-01330,Harper Quintero,C,5,False,reliable
RES-01331,Alex Whitfield,C,1,False,degrading
RES-01332,Reese Quintero,B,3,False,reliable
RES-01333,Riley Underwood,A,3,True,reliable
RES-01334,Rowan Yates,C,5,False,reliable
RES-01335,Elliot Mercer,A,2,True,reliable
RES-01336,Riley Ibarra,B,2,False,reliable
RES-01337,Rowan Bennett,A,4,True,reliable
RES-01338,Quinn Griffin,D,1,False,reliable
RES-01339,Rowan Jensen,B,1,False,reliable
RES-01340,Jamie Quintero,A,2,False,reliable
RES-01341,Jordan Reyes,A,1,True,reliable
RES-01342,Rowan Park,B,5,True,reliable
RES-01343,Kendall Yates,C,2,True,reliable
RES-01344,Emerson Ellis,A,3,False,reliable
RES-01345,Micah Chen,C,2,False,reliable
RES-01346,Alex Novak,B,3,False,degrading
RES-01347,Lane Jensen,B,3,True,reliable
RES-01348,Alex Whitfield,A,2,True,reliable
RES-01349,Harper Osei,B,3,False,reliable
RES-01350,Quinn Ellis,B,3,False,reliable
RES-01351,Devon Keller,C,2,False,reliable
RES-01352,Reese Osei,B,2,False,reliable
RES-01353,Rowan Lamb,B,3,True,reliable
RES-01354,Noel Ibarra,C,2,True,reliable
RES-01355,Elliot Zamora,B,4,False,reliable
RES-01356,Payton Underwood,B,2,False,reliable
RES-01357,Morgan Novak,D,5,True,degrading
RES-01358,Reese Yates,D,1,True,reliable
RES-01359,Riley Griffin,A,3,False,reliable
RES-01360,Reese Alvarez,A,4,False,reliable
RES-01361,Devon Dawson,C,1,True,reliable
RES-01362,Jordan Bennett,B,3,True,reliable
RES-01363,Kendall Bennett,B,1,True,reliable
RES-01364,Elliot Chen,C,4,False,reliable
RES-01365,Taylor Osei,C,4,False,reliable
RES-01366,Payton Yates,B,2,False,reliable
RES-01367,Jordan Whitfield,B,2,False,reliable
RES-01368,Noel Mercer,B,3,False,degrading
RES-01369,Hayden Ibarra,C,2,False,reliable
RES-01370,Sasha Whitfield,B,1,True,reliable
RES-01371,Harper Bennett,A,5,True,reliable
RES-01372,Lane Yates,B,4,True,reliable
RES-01373,Lane Griffin,B,2,False,reliable
RES-01374,Lane Sandoval,D,5,True,reliable
RES-01375,Alex Vargas,C,5,True,occasionally_late
RES-01376,Quinn Ellis,B,3,True,occasionally_late
RES-01377,Taylor Whitfield,A,3,True,reliable
RES-01378,Harper Reyes,C,5,True,reliable
RES-01379,Reese Underwood,C,3,False,reliable
RES-01380,Micah Quintero,A,4,True,reliable
RES-01381,Jordan Osei,C,3,True,reliable
RES-01382,Marley Yates,B,2,False,degrading
RES-01383,Lane Vargas,C,4,False,reliable
RES-01384,Hayden Vargas,C,4,False,reliable
RES-01385,Skyler Mercer,D,3,True,occasionally_late
RES-01386,Kendall Mercer,A,3,True,reliable
RES-01387,Finley Yates,C,5,True,reliable
RES-01388,Skyler Whitfield,C,3,False,reliable
RES-01389,Skyler Park,C,3,False,reliable
RES-01390,Noel Dawson,C,3,False,reliable
RES-01391,Reese Mercer,B,3,True,reliable
RES-01392,Hayden Dawson,A,3,True,reliable
RES-01393,Devon Jensen,C,1,True,reliable
RES-01394,Harper Alvarez,C,1,True,reliable
RES-01395,Jamie Reyes,C,5,True,reliable
RES-01396,Harper Bennett,B,3,False,degrading
RES-01397,Lane Keller,C,3,True,reliable
RES-01398,Noel Ibarra,D,3,True,reliable
RES-01399,Finley Quintero,C,5,False,reliable
RES-01400,Alex Zamora,B,2,True,reliable
RES-01401,Finley Whitfield,B,3,True,reliable
RES-01402,Jamie Reyes,A,1,True,reliable
RES-01403,Morgan Reyes,B,5,True,reliable
RES-01404,Riley Quintero,A,2,True,reliable
RES-01405,Alex Reyes,B,3,False,reliable
RES-01406,Morgan Yates,B,2,True,reliable
RES-01407,Morgan Zamora,C,2,False,reliable
RES-01408,Quinn Griffin,A,1,False,reliable
RES-01409,Jordan Zamora,C,5,True,reliable
RES-01410,Marley Keller,A,4,False,occasionally_late
RES-01411,Noel Lamb,C,4,True,reliable
RES-01412,Rowan Chen,C,2,False,reliable
RES-01413,Casey Zamora,B,3,False,reliable
RES-01414,Harper Jensen,A,4,False,reliable
RES-01415,Skyler Vargas,A,5,True,reliable
RES-01416,Riley Lamb,B,2,True,reliable
RES-01417,Harper Ibarra,C,3,False,reliable
RES-01418,Devon Keller,B,3,True,reliable
RES-01419,Noel Ibarra,C,5,True,reliable
RES-01420,Devon Reyes,C,5,False,reliable
RES-01421,Devon Jensen,B,1,False,occasionally_late
RES-01422,Jordan Griffin,B,4,True,reliable
RES-01423,Jamie Sandoval,B,2,True,reliable
RES-01424,Hayden Foster,C,1,False,occasionally_late
RES-01425,Payton Chen,B,2,True,reliable
RES-01426,Marley Alvarez,B,2,False,reliable
RES-01427,Finley Reyes,A,1,False,degrading
RES-01428,Jamie Alvarez,D,3,False,degrading
RES-01429,Sasha Alvarez,B,3,True,reliable
RES-01430,Taylor Hayes,C,2,False,reliable
RES-01431,Elliot Keller,C,5,False,reliable
RES-01432,Micah Underwood,B,2,True,reliable
RES-01433,Riley Reyes,A,3,False,reliable
RES-01434,Taylor Hayes,C,4,False,reliable
RES-01435,Harper Mercer,B,2,True,reliable
RES-01436,Harper Keller,C,3,False,reliable
RES-01437,Elliot Whitfield,B,2,True,reliable
RES-01438,Harper Foster,A,3,False,reliable
RES-01439,Quinn Sandoval,B,2,True,reliable
RES-01440,Riley Ibarra,D,3,True,reliable
RES-01441,Logan Vargas,B,2,False,reliable
RES-01442,Elliot Sandoval,B,3,False,reliable
RES-01443,Reese Dawson,C,2,False,reliable
RES-01444,Quinn Jensen,B,5,True,reliable
RES-01445,Micah Lamb,D,2,False,reliable
RES-01446,Elliot Reyes,C,3,True,reliable
RES-01447,Emerson Sandoval,A,1,True,reliable
RES-01448,Reese Bennett,B,5,False,reliable
RES-01449,Sasha Yates,C,5,True,reliable
RES-01450,Morgan Mercer,B,1,True,reliable
RES-01451,Riley Reyes,D,4,False,degrading
RES-01452,Quinn Griffin,C,3,False,reliable
RES-01453,Lane Park,B,2,True,reliable
RES-01454,Skyler Reyes,B,2,False,reliable
RES-01455,Devon Yates,D,2,True,reliable
RES-01456,Riley Bennett,B,3,True,reliable
RES-01457,Reese Underwood,A,5,True,reliable
RES-01458,Reese Mercer,D,2,False,reliable
RES-01459,Kendall Reyes,C,4,False,reliable
RES-01460,Emerson Park,D,2,True,reliable
RES-01461,Harper Sandoval,A,3,True,reliable
RES-01462,Harper Bennett,D,4,True,occasionally_late
RES-01463,Marley Yates,C,5,True,reliable
RES-01464,Casey Bennett,A,3,True,reliable
RES-01465,Reese Mercer,A,5,True,reliable
RES-01466,Jordan Hayes,C,2,False,reliable
RES-01467,Jamie Ibarra,B,5,False,reliable
RES-01468,Harper Bennett,A,3,False,reliable
RES-01469,Logan Alvarez,C,3,False,reliable
RES-01470,Noel Chen,C,3,False,reliable
RES-01471,Reese Mercer,A,2,True,degrading
RES-01472,Skyler Mercer,B,1,True,reliable
RES-01473,Casey Quintero,B,4,False,reliable
RES-01474,Marley Lamb,A,1,True,reliable
RES-01475,Rowan Whitfield,C,2,True,reliable
RES-01476,Finley Zamora,C,5,False,reliable
RES-01477,Skyler Mercer,B,2,True,reliable
RES-01478,Marley Griffin,B,1,False,reliable
RES-01479,Casey Ibarra,D,2,False,reliable
RES-01480,Marley Novak,A,2,False,reliable
RES-01481,Emerson Yates,B,3,True,reliable
RES-01482,Emerson Ellis,B,3,False,reliable
RES-01483,Casey Underwood,B,3,True,reliable
RES-01484,Marley Novak,A,2,False,reliable
RES-01485,Emerson Ibarra,C,4,False,reliable
RES-01486,Riley Alvarez,B,2,False,reliable
RES-01487,Taylor Chen,B,5,False,reliable
RES-01488,Reese Keller,C,1,True,reliable
RES-01489,Sasha Mercer,B,1,True,reliable
RES-01490,Finley Ibarra,B,4,False,degrading
RES-01491,Avery Ellis,A,3,True,reliable
RES-01492,Rowan Griffin,B,2,False,reliable
RES-01493,Lane Alvarez,B,3,True,reliable
RES-01494,Jordan Osei,A,2,False,reliable
RES-01495,Logan Keller,B,2,False,reliable
RES-01496,Avery Jensen,C,4,False,degrading
RES-01497,Quinn Osei,D,2,False,reliable
RES-01498,Micah Griffin,B,5,False,reliable
RES-01499,Devon Mercer,B,2,True,degrading
RES-01500,Devon Ibarra,D,3,False,reliable
RES-01501,Quinn Dawson,B,3,False,occasionally_late
RES-01502,Emerson Lamb,A,3,False,reliable
RES-01503,Devon Vargas,B,3,False,reliable
RES-01504,Alex Zamora,C,3,True,reliable
RES-01505,Avery Foster,D,2,True,degrading
RES-01506,Elliot Osei,B,2,False,reliable
RES-01507,Elliot Zamora,D,3,True,reliable
RES-01508,Elliot Park,C,3,True,reliable
RES-01509,Marley Alvarez,A,2,False,reliable
RES-01510,Jordan Whitfield,A,5,True,reliable
RES-01511,Skyler Dawson,B,2,True,reliable
RES-01512,Marley Dawson,B,5,False,reliable
RES-01513,Sasha Alvarez,B,5,False,occasionally_late
RES-01514,Lane Park,C,3,True,reliable
RES-01515,Sasha Griffin,B,4,True,degrading
RES-01516,Micah Hayes,C,2,False,degrading
RES-01517,Quinn Chen,C,3,True,reliable
RES-01518,Lane Griffin,B,1,True,reliable
RES-01519,Harper Alvarez,B,4,False,reliable
RES-01520,Taylor Sandoval,B,5,True,reliable
RES-01521,Marley Sandoval,A,3,False,reliable
RES-01522,Marley Novak,A,3,False,reliable
RES-01523,Lane Ellis,C,4,False,reliable
RES-01524,Reese Park,B,4,False,reliable
RES-01525,Logan Alvarez,B,3,False,reliable
RES-01526,Lane Jensen,D,1,False,reliable
RES-01527,Emerson Alvarez,C,3,False,occasionally_late
RES-01528,Payton Osei,C,2,False,reliable
RES-01529,Casey Sandoval,A,2,True,reliable
RES-01530,Sasha Park,A,1,False,degrading
RES-01531,Riley Ibarra,C,1,True,reliable
RES-01532,Skyler Mercer,B,5,True,reliable
RES-01533,Jamie Chen,C,3,True,reliable
RES-01534,Quinn Mercer,A,3,False,reliable
RES-01535,Taylor Dawson,C,2,False,reliable
RES-01536,Jamie Novak,A,3,False,severe
RES-01537,Marley Chen,C,1,False,reliable
RES-01538,Lane Zamora,B,1,False,reliable
RES-01539,Sasha Bennett,C,2,False,reliable
RES-01540,Sasha Yates,B,5,False,reliable
RES-01541,Kendall Yates,C,4,True,reliable
RES-01542,Marley Tran,B,3,True,reliable
RES-01543,Taylor Zamora,C,4,True,reliable
RES-01544,Micah Lamb,C,5,False,reliable
RES-01545,Noel Hayes,B,3,False,reliable
RES-01546,Harper Ellis,D,3,False,reliable
RES-01547,Logan Zamora,B,3,True,reliable
RES-01548,Morgan Osei,A,1,False,reliable
RES-01549,Kendall Alvarez,C,3,True,severe
RES-01550,Reese Novak,A,2,True,degrading
RES-01551,Logan Vargas,C,2,False,reliable
RES-01552,Emerson Novak,A,2,True,reliable
RES-01553,Taylor Underwood,C,5,True,reliable
RES-01554,Micah Zamora,A,2,False,reliable
RES-01555,Riley Dawson,B,2,True,occasionally_late
RES-01556,Morgan Quintero,C,1,True,reliable
RES-01557,Quinn Hayes,C,4,True,reliable
RES-01558,Noel Quintero,C,4,False,reliable
RES-01559,Emerson Foster,A,3,False,reliable
RES-01560,Taylor Jensen,D,3,False,reliable
RES-01561,Marley Quintero,B,2,False,reliable
RES-01562,Taylor Reyes,B,2,False,reliable
RES-01563,Jordan Vargas,D,4,True,reliable
RES-01564,Noel Hayes,C,4,True,degrading
RES-01565,Quinn Sandoval,A,3,True,reliable
RES-01566,Jordan Lamb,B,3,False,severe
RES-01567,Kendall Foster,C,5,False,degrading
RES-01568,Quinn Lamb,C,3,False,reliable
RES-01569,Noel Osei,B,3,True,reliable
RES-01570,Devon Vargas,B,1,False,reliable
RES-01571,Quinn Foster,A,3,True,reliable
RES-01572,Taylor Zamora,B,3,False,reliable
RES-01573,Harper Novak,B,4,False,reliable
RES-01574,Hayden Mercer,D,3,False,reliable
RES-01575,Avery Griffin,B,3,False,reliable
RES-01576,Sasha Alvarez,A,3,False,reliable
RES-01577,Casey Hayes,D,1,False,reliable
RES-01578,Morgan Keller,B,3,True,reliable
RES-01579,Quinn Griffin,A,1,True,reliable
RES-01580,Quinn Mercer,C,2,False,reliable
RES-01581,Morgan Ellis,A,4,False,reliable
RES-01582,Morgan Zamora,D,1,False,reliable
RES-01583,Taylor Vargas,C,2,True,reliable
RES-01584,Harper Ibarra,C,3,False,reliable
RES-01585,Rowan Novak,B,4,False,reliable
RES-01586,Quinn Keller,D,1,True,reliable
RES-01587,Jordan Underwood,B,2,True,reliable
RES-01588,Reese Keller,B,2,False,reliable
RES-01589,Kai Yates,B,4,False,reliable
RES-01590,Logan Sandoval,B,3,False,reliable
RES-01591,Marley Underwood,C,4,False,reliable
RES-01592,Rowan Chen,C,5,True,reliable
RES-01593,Skyler Yates,C,5,True,reliable
RES-01594,Kai Novak,B,4,False,reliable
RES-01595,Taylor Ellis,C,2,True,reliable
RES-01596,Morgan Sandoval,C,2,False,reliable
RES-01597,Finley Yates,B,4,True,reliable
RES-01598,Alex Hayes,D,2,False,reliable
RES-01599,Elliot Bennett,B,4,False,reliable
RES-01600,Taylor Hayes,D,1,True,reliable
RES-01601,Payton Reyes,B,1,False,reliable
RES-01602,Lane Osei,A,2,True,reliable
RES-01603,Jordan Novak,C,3,True,reliable
RES-01604,Logan Alvarez,C,3,False,occasionally_late
RES-01605,Elliot Griffin,B,3,True,occasionally_late
RES-01606,Taylor Whitfield,A,1,False,severe
RES-01607,Riley Yates,A,2,True,reliable
RES-01608,Taylor Zamora,C,3,True,reliable
RES-01609,Rowan Osei,C,5,False,reliable
RES-01610,Emerson Underwood,A,2,False,reliable
RES-01611,Elliot Hayes,C,5,False,reliable
RES-01612,Emerson Underwood,A,2,False,reliable
RES-01613,Kai Tran,D,1,False,occasionally_late
RES-01614,Rowan Reyes,C,5,False,occasionally_late
RES-01615,Elliot Lamb,C,5,True,reliable
RES-01616,Payton Chen,C,2,False,reliable
RES-01617,Micah Vargas,D,5,True,occasionally_late
RES-01618,Lane Keller,A,4,False,degrading
RES-01619,Avery Osei,A,2,False,reliable
RES-01620,Rowan Zamora,A,3,False,reliable
RES-01621,Logan Ibarra,A,5,False,reliable
RES-01622,Alex Lamb,C,3,True,reliable
RES-01623,Jamie Griffin,B,5,False,reliable
RES-01624,Lane Reyes,D,5,False,reliable
RES-01625,Rowan Zamora,A,1,True,reliable
RES-01626,Riley Whitfield,A,2,False,reliable
RES-01627,Alex Griffin,A,1,True,reliable
RES-01628,Morgan Alvarez,B,3,False,reliable
RES-01629,Hayden Park,B,5,False,reliable
RES-01630,Finley Foster,A,5,False,degrading
RES-01631,Avery Vargas,B,5,False,reliable
RES-01632,Devon Bennett,B,2,False,reliable
RES-01633,Elliot Griffin,A,4,False,reliable
RES-01634,Sasha Quintero,B,2,False,reliable
RES-01635,Sasha Lamb,D,5,False,reliable
RES-01636,Micah Yates,B,1,False,degrading
RES-01637,Elliot Novak,D,4,False,reliable
RES-01638,Devon Bennett,D,2,False,reliable
RES-01639,Reese Novak,A,1,True,reliable
RES-01640,Casey Chen,A,2,True,occasionally_late
RES-01641,Casey Novak,D,4,True,reliable
RES-01642,Sasha Chen,A,4,False,reliable
RES-01643,Sasha Lamb,B,3,True,reliable
RES-01644,Devon Griffin,A,1,False,reliable
RES-01645,Reese Underwood,B,5,False,degrading
RES-01646,Kai Osei,D,3,True,reliable
RES-01647,Avery Sandoval,B,2,False,reliable
RES-01648,Kendall Mercer,A,4,False,reliable
RES-01649,Kendall Mercer,B,2,True,occasionally_late
RES-01650,Payton Bennett,A,5,False,reliable
RES-01651,Riley Griffin,C,1,True,reliable
RES-01652,Finley Sandoval,A,5,False,reliable
RES-01653,Morgan Vargas,C,4,False,occasionally_late
RES-01654,Micah Tran,B,2,False,reliable
RES-01655,Kai Whitfield,B,2,True,reliable
RES-01656,Logan Chen,A,4,False,occasionally_late
RES-01657,Rowan Underwood,C,3,False,reliable
RES-01658,Noel Foster,A,3,False,reliable
RES-01659,Taylor Chen,C,5,False,reliable
RES-01660,Avery Yates,C,3,False,occasionally_late
RES-01661,Riley Griffin,C,3,False,degrading
RES-01662,Alex Zamora,A,3,True,reliable
RES-01663,Riley Chen,A,5,True,severe
RES-01664,Logan Park,C,2,True,reliable
RES-01665,Morgan Osei,B,3,False,reliable
RES-01666,Kendall Vargas,B,3,False,reliable
RES-01667,Noel Ellis,B,3,False,reliable
RES-01668,Marley Underwood,B,1,False,occasionally_late
RES-01669,Marley Lamb,B,2,False,reliable
RES-01670,Lane Vargas,A,3,False,degrading
RES-01671,Rowan Novak,B,1,True,reliable
RES-01672,Kendall Vargas,B,2,True,reliable
RES-01673,Kendall Alvarez,C,3,True,reliable
RES-01674,Jamie Osei,A,5,True,reliable
RES-01675,Noel Sandoval,B,4,False,degrading
RES-01676,Kai Quintero,D,3,False,reliable
RES-01677,Jordan Sandoval,A,2,True,reliable
RES-01678,Jordan Dawson,A,3,True,degrading
RES-01679,Noel Yates,D,3,False,reliable
RES-01680,Jamie Ellis,B,2,False,reliable
RES-01681,Sasha Jensen,C,3,False,reliable
RES-01682,Logan Sandoval,D,3,True,degrading
RES-01683,Morgan Jensen,D,3,False,reliable
RES-01684,Lane Chen,A,3,False,reliable
RES-01685,Payton Mercer,B,5,True,reliable
RES-01686,Emerson Griffin,C,2,True,reliable
RES-01687,Sasha Quintero,B,5,False,occasionally_late
RES-01688,Casey Vargas,A,3,True,reliable
RES-01689,Kendall Chen,D,2,False,reliable
RES-01690,Elliot Yates,B,4,False,reliable
RES-01691,Jordan Zamora,B,2,False,reliable
RES-01692,Finley Dawson,C,1,False,reliable
RES-01693,Payton Tran,B,2,False,reliable
RES-01694,Avery Alvarez,A,5,False,reliable
RES-01695,Harper Lamb,B,3,False,reliable
RES-01696,Skyler Griffin,B,5,False,occasionally_late
RES-01697,Avery Osei,B,1,True,reliable
RES-01698,Alex Alvarez,B,4,True,degrading
RES-01699,Kendall Yates,B,5,True,reliable
RES-01700,Finley Dawson,B,2,False,reliable
RES-01701,Lane Park,C,3,False,reliable
RES-01702,Rowan Underwood,C,2,False,reliable
RES-01703,Rowan Ibarra,B,2,False,reliable
RES-01704,Marley Underwood,C,1,True,reliable
RES-01705,Morgan Reyes,C,2,False,reliable
RES-01706,Sasha Reyes,A,3,False,degrading
RES-01707,Lane Foster,B,4,False,reliable
RES-01708,Jamie Keller,C,3,True,reliable
RES-01709,Devon Tran,B,2,False,reliable
RES-01710,Noel Park,B,2,False,degrading
RES-01711,Logan Griffin,C,5,True,reliable
RES-01712,Reese Chen,B,5,True,severe
RES-01713,Elliot Keller,B,5,True,reliable
RES-01714,Noel Keller,C,2,False,reliable
RES-01715,Quinn Tran,C,3,True,reliable
RES-01716,Noel Sandoval,B,2,True,reliable
RES-01717,Noel Tran,C,3,False,degrading
RES-01718,Skyler Hayes,D,3,False,reliable
RES-01719,Reese Sandoval,A,2,True,reliable
RES-01720,Noel Novak,D,3,True,reliable
RES-01721,Micah Keller,C,2,False,reliable
RES-01722,Skyler Ellis,C,2,False,occasionally_late
RES-01723,Marley Mercer,D,2,False,reliable
RES-01724,Jordan Osei,C,3,False,severe
RES-01725,Micah Foster,A,3,False,reliable
RES-01726,Lane Jensen,C,4,False,reliable
RES-01727,Casey Dawson,D,3,False,degrading
RES-01728,Finley Ibarra,A,4,True,reliable
RES-01729,Rowan Mercer,C,4,False,reliable
RES-01730,Skyler Lamb,C,4,False,reliable
RES-01731,Skyler Quintero,A,1,True,reliable
RES-01732,Rowan Whitfield,A,5,False,reliable
RES-01733,Jordan Keller,B,3,True,reliable
RES-01734,Morgan Keller,B,3,True,reliable
RES-01735,Riley Ellis,B,1,False,reliable
RES-01736,Skyler Zamora,B,2,True,reliable
RES-01737,Hayden Underwood,B,3,False,reliable
RES-01738,Emerson Bennett,B,3,False,reliable
RES-01739,Finley Tran,C,3,True,reliable
RES-01740,Kendall Novak,D,3,False,degrading
RES-01741,Reese Ibarra,B,2,True,occasionally_late
RES-01742,Payton Griffin,C,1,False,reliable
RES-01743,Harper Foster,C,5,False,degrading
RES-01744,Reese Mercer,C,2,True,reliable
RES-01745,Morgan Ibarra,D,5,True,reliable
RES-01746,Finley Lamb,C,3,False,reliable
RES-01747,Quinn Underwood,A,3,True,reliable
RES-01748,Taylor Vargas,B,3,True,occasionally_late
RES-01749,Quinn Keller,C,3,False,degrading
RES-01750,Taylor Keller,A,2,False,reliable
RES-01751,Noel Novak,B,3,False,reliable
RES-01752,Rowan Sandoval,A,4,False,reliable
RES-01753,Finley Park,C,3,True,reliable
RES-01754,Reese Osei,C,3,True,reliable
RES-01755,Riley Mercer,B,2,False,reliable
RES-01756,Rowan Alvarez,C,2,True,reliable
RES-01757,Reese Chen,B,4,False,degrading
RES-01758,Devon Keller,B,1,True,reliable
RES-01759,Devon Whitfield,A,4,False,reliable
RES-01760,Casey Hayes,B,5,True,reliable
RES-01761,Taylor Osei,D,2,False,reliable
RES-01762,Payton Alvarez,C,2,True,reliable
RES-01763,Marley Novak,C,5,True,reliable
RES-01764,Noel Jensen,B,5,False,reliable
RES-01765,Lane Zamora,B,3,False,reliable
RES-01766,Harper Zamora,C,2,True,reliable
RES-01767,Riley Novak,C,5,True,reliable
RES-01768,Jamie Griffin,B,4,True,reliable
RES-01769,Emerson Vargas,A,3,True,reliable
RES-01770,Micah Zamora,C,4,False,degrading
RES-01771,Micah Hayes,D,3,False,reliable
RES-01772,Noel Chen,B,2,False,reliable
RES-01773,Casey Yates,A,3,False,reliable
RES-01774,Micah Yates,B,3,True,reliable
RES-01775,Taylor Whitfield,B,5,True,reliable
RES-01776,Harper Keller,A,4,True,reliable
RES-01777,Rowan Griffin,B,3,True,reliable
RES-01778,Noel Vargas,D,2,False,reliable
RES-01779,Harper Alvarez,B,1,False,reliable
RES-01780,Jordan Bennett,A,1,True,reliable
RES-01781,Elliot Mercer,B,2,False,degrading
RES-01782,Kendall Dawson,A,2,False,reliable
RES-01783,Avery Chen,B,1,False,reliable
RES-01784,Jamie Sandoval,B,5,True,reliable
RES-01785,Lane Alvarez,C,3,False,reliable
RES-01786,Payton Underwood,B,1,False,reliable
RES-01787,Micah Dawson,A,3,True,reliable
RES-01788,Hayden Bennett,A,3,False,severe
RES-01789,Hayden Sandoval,C,5,True,reliable
RES-01790,Rowan Park,B,2,False,reliable
RES-01791,Casey Underwood,C,1,False,reliable
RES-01792,Riley Tran,D,2,False,reliable
RES-01793,Rowan Reyes,B,2,True,reliable
RES-01794,Taylor Ellis,C,2,False,reliable
RES-01795,Jordan Ellis,C,3,True,reliable
RES-01796,Harper Yates,B,3,False,reliable
RES-01797,Riley Whitfield,B,5,False,reliable
RES-01798,Noel Hayes,A,2,True,reliable
RES-01799,Kendall Reyes,A,1,True,reliable
RES-01800,Devon Hayes,B,2,True,reliable
RES-01801,Emerson Osei,C,1,True,reliable
RES-01802,Riley Sandoval,B,3,False,reliable
RES-01803,Finley Mercer,D,2,True,reliable
RES-01804,Marley Ellis,B,4,True,reliable
RES-01805,Kai Chen,B,2,True,occasionally_late
RES-01806,Logan Mercer,B,3,False,degrading
RES-01807,Lane Jensen,A,1,True,reliable
RES-01808,Lane Hayes,C,5,False,reliable
RES-01809,Marley Novak,B,4,False,reliable
RES-01810,Lane Foster,A,1,False,reliable
RES-01811,Taylor Hayes,C,5,False,reliable
RES-01812,Sasha Vargas,D,2,True,degrading
RES-01813,Alex Lamb,B,2,False,reliable
RES-01814,Rowan Yates,D,2,False,reliable
RES-01815,Taylor Novak,B,5,False,reliable
RES-01816,Logan Novak,B,3,True,reliable
RES-01817,Reese Ibarra,A,2,False,reliable
RES-01818,Skyler Novak,A,4,False,reliable
RES-01819,Jamie Mercer,B,3,True,reliable
RES-01820,Alex Park,B,4,False,reliable
RES-01821,Jordan Yates,B,3,True,reliable
RES-01822,Logan Underwood,D,4,True,reliable
RES-01823,Logan Park,B,5,True,reliable
RES-01824,Noel Hayes,A,3,False,degrading
RES-01825,Skyler Chen,D,5,False,reliable
RES-01826,Taylor Vargas,B,1,False,reliable
RES-01827,Marley Bennett,B,2,False,reliable
RES-01828,Logan Foster,A,3,False,reliable
RES-01829,Riley Whitfield,B,3,True,reliable
RES-01830,Elliot Jensen,C,2,True,degrading
RES-01831,Finley Jensen,C,2,True,reliable
RES-01832,Morgan Osei,B,4,True,reliable
RES-01833,Devon Chen,C,4,False,reliable
RES-01834,Riley Keller,B,3,True,degrading
RES-01835,Riley Griffin,B,4,False,reliable
RES-01836,Alex Mercer,B,4,True,reliable
RES-01837,Marley Vargas,C,5,False,occasionally_late
RES-01838,Quinn Yates,B,1,True,severe
RES-01839,Kai Yates,B,2,False,reliable
RES-01840,Rowan Vargas,B,4,False,reliable
RES-01841,Kendall Whitfield,C,4,False,reliable
RES-01842,Finley Park,C,2,True,reliable
RES-01843,Rowan Dawson,D,3,False,reliable
RES-01844,Skyler Bennett,A,2,True,reliable
RES-01845,Noel Tran,B,2,False,reliable
RES-01846,Micah Park,C,5,False,reliable
RES-01847,Rowan Foster,B,3,True,reliable
RES-01848,Jamie Dawson,B,4,True,reliable
RES-01849,Finley Hayes,A,3,False,reliable
RES-01850,Payton Alvarez,D,4,True,reliable
RES-01851,Casey Ellis,C,2,False,reliable
RES-01852,Rowan Quintero,B,2,True,degrading
RES-01853,Elliot Ibarra,D,1,True,reliable
RES-01854,Jordan Foster,C,4,True,reliable
RES-01855,Hayden Hayes,B,2,True,reliable
RES-01856,Reese Underwood,B,2,False,reliable
RES-01857,Emerson Osei,B,1,False,reliable
RES-01858,Jordan Lamb,B,5,False,reliable
RES-01859,Logan Chen,C,3,True,degrading
RES-01860,Marley Keller,C,5,True,reliable
RES-01861,Lane Bennett,B,5,True,severe
RES-01862,Kai Park,C,2,False,reliable
RES-01863,Taylor Chen,C,1,False,degrading
RES-01864,Devon Novak,A,2,True,reliable
RES-01865,Rowan Lamb,C,1,False,reliable
RES-01866,Noel Underwood,A,5,True,reliable
RES-01867,Marley Whitfield,C,2,False,reliable
RES-01868,Sasha Bennett,D,5,False,reliable
RES-01869,Alex Quintero,A,2,True,reliable
RES-01870,Elliot Foster,A,1,False,reliable
RES-01871,Casey Ibarra,A,1,False,reliable
RES-01872,Jamie Chen,D,4,False,reliable
RES-01873,Casey Ellis,B,5,False,reliable
RES-01874,Harper Chen,C,3,False,reliable
RES-01875,Jordan Yates,C,1,True,reliable
RES-01876,Micah Alvarez,C,3,True,reliable
RES-01877,Riley Chen,A,5,False,reliable
RES-01878,Sasha Griffin,A,4,False,reliable
RES-01879,Avery Foster,C,3,False,reliable
RES-01880,Jamie Keller,A,1,False,reliable
RES-01881,Avery Ibarra,B,2,True,reliable
RES-01882,Logan Whitfield,C,4,True,reliable
RES-01883,Noel Park,C,1,True,reliable
RES-01884,Lane Hayes,C,5,True,reliable
RES-01885,Jordan Zamora,D,2,False,reliable
RES-01886,Elliot Yates,D,4,False,reliable
RES-01887,Taylor Yates,A,5,True,occasionally_late
RES-01888,Jamie Vargas,B,3,False,reliable
RES-01889,Lane Zamora,D,1,False,reliable
RES-01890,Skyler Quintero,A,5,True,reliable
RES-01891,Elliot Underwood,B,4,False,reliable
RES-01892,Casey Bennett,C,2,False,reliable
RES-01893,Harper Keller,B,3,True,reliable
RES-01894,Hayden Foster,C,4,False,reliable
RES-01895,Hayden Hayes,B,3,False,reliable
RES-01896,Harper Ellis,B,2,False,reliable
RES-01897,Casey Dawson,B,2,True,reliable
RES-01898,Casey Bennett,A,5,True,reliable
RES-01899,Jordan Dawson,B,1,False,reliable
RES-01900,Reese Quintero,A,4,False,reliable
RES-01901,Kendall Lamb,C,5,True,reliable
RES-01902,Hayden Underwood,C,2,True,reliable
RES-01903,Reese Hayes,B,3,False,reliable
RES-01904,Lane Dawson,B,4,False,reliable
RES-01905,Casey Lamb,B,4,False,reliable
RES-01906,Jordan Reyes,B,4,True,reliable
RES-01907,Taylor Vargas,B,2,False,reliable
RES-01908,Skyler Ibarra,B,1,False,reliable
RES-01909,Taylor Yates,B,1,False,reliable
RES-01910,Alex Ibarra,D,2,True,reliable
RES-01911,Riley Novak,C,3,True,reliable
RES-01912,Elliot Tran,C,1,False,reliable
RES-01913,Hayden Foster,B,4,True,reliable
RES-01914,Finley Foster,B,3,False,reliable
RES-01915,Jordan Mercer,A,4,True,reliable
RES-01916,Noel Foster,A,2,False,reliable
RES-01917,Emerson Vargas,D,2,False,occasionally_late
RES-01918,Skyler Whitfield,C,5,False,degrading
RES-01919,Jordan Hayes,C,5,False,degrading
RES-01920,Payton Chen,A,1,False,reliable
RES-01921,Alex Hayes,D,2,False,reliable
RES-01922,Jordan Bennett,D,1,True,reliable
RES-01923,Taylor Tran,C,4,False,degrading
RES-01924,Jamie Foster,A,5,False,degrading
RES-01925,Sasha Vargas,B,1,True,reliable
RES-01926,Kendall Bennett,B,4,False,occasionally_late
RES-01927,Taylor Vargas,D,4,True,reliable
RES-01928,Jamie Griffin,C,3,True,reliable
RES-01929,Finley Mercer,B,2,False,occasionally_late
RES-01930,Marley Hayes,D,4,False,degrading
RES-01931,Morgan Griffin,A,2,False,reliable
RES-01932,Jordan Park,A,1,False,severe
RES-01933,Morgan Griffin,C,2,False,reliable
RES-01934,Micah Novak,B,2,True,reliable
RES-01935,Marley Park,C,4,False,occasionally_late
RES-01936,Riley Foster,B,5,False,reliable
RES-01937,Noel Jensen,B,4,False,reliable
RES-01938,Alex Mercer,A,5,False,reliable
RES-01939,Finley Alvarez,B,2,False,reliable
RES-01940,Lane Whitfield,D,2,True,reliable
RES-01941,Kendall Zamora,A,2,True,reliable
RES-01942,Noel Dawson,A,1,False,reliable
RES-01943,Elliot Foster,D,3,False,reliable
RES-01944,Alex Keller,B,3,False,reliable
RES-01945,Jamie Tran,B,2,True,reliable
RES-01946,Kai Dawson,A,2,False,reliable
RES-01947,Kendall Vargas,A,3,True,reliable
RES-01948,Noel Quintero,B,2,True,reliable
RES-01949,Marley Quintero,C,5,False,reliable
RES-01950,Micah Vargas,A,2,False,severe
RES-01951,Emerson Reyes,B,2,True,reliable
RES-01952,Rowan Tran,C,4,False,reliable
RES-01953,Avery Keller,A,2,False,reliable
RES-01954,Emerson Dawson,C,2,True,reliable
RES-01955,Finley Mercer,B,3,False,degrading
RES-01956,Taylor Griffin,B,2,False,reliable
RES-01957,Alex Lamb,C,3,True,reliable
RES-01958,Reese Alvarez,C,1,True,reliable
RES-01959,Avery Hayes,A,5,False,occasionally_late
RES-01960,Kendall Bennett,A,4,True,occasionally_late
RES-01961,Jordan Dawson,D,5,True,occasionally_late
RES-01962,Marley Keller,B,5,False,reliable
RES-01963,Skyler Tran,B,3,False,reliable
RES-01964,Harper Osei,D,3,False,reliable
RES-01965,Kai Hayes,B,1,False,severe
RES-01966,Lane Foster,A,4,False,reliable
RES-01967,Kendall Whitfield,B,1,True,reliable
RES-01968,Sasha Vargas,C,1,True,reliable
RES-01969,Alex Quintero,A,2,True,reliable
RES-01970,Hayden Dawson,C,3,True,reliable
RES-01971,Logan Osei,B,3,True,reliable
RES-01972,Taylor Jensen,D,5,True,reliable
RES-01973,Kai Griffin,C,4,False,reliable
RES-01974,Avery Vargas,B,4,True,reliable
RES-01975,Avery Underwood,B,3,True,reliable
RES-01976,Emerson Whitfield,D,2,False,reliable
RES-01977,Riley Dawson,C,3,False,reliable
RES-01978,Jordan Griffin,B,1,True,reliable
RES-01979,Marley Alvarez,B,5,False,reliable
RES-01980,Quinn Alvarez,A,3,False,reliable
RES-01981,Avery Park,C,2,True,reliable
RES-01982,Reese Osei,B,5,False,reliable
RES-01983,Morgan Foster,B,5,False,reliable
RES-01984,Micah Whitfield,D,4,False,reliable
RES-01985,Finley Park,C,1,False,reliable
RES-01986,Sasha Ibarra,C,4,True,reliable
RES-01987,Devon Ellis,B,3,False,reliable
RES-01988,Riley Ibarra,C,1,True,reliable
RES-01989,Finley Underwood,C,2,False,reliable
RES-01990,Logan Sandoval,D,3,False,reliable
RES-01991,Sasha Griffin,C,4,False,reliable
RES-01992,Alex Lamb,C,3,True,reliable
RES-01993,Quinn Griffin,A,3,True,reliable
RES-01994,Micah Dawson,C,4,True,reliable
RES-01995,Finley Vargas,B,1,False,reliable
RES-01996,Taylor Underwood,A,2,False,reliable
RES-01997,Kendall Foster,B,3,True,reliable
RES-01998,Harper Park,B,3,False,reliable
RES-01999,Kai Novak,C,4,False,reliable
RES-02000,Rowan Mercer,C,3,False,degrading
RES-02001,Elliot Jensen,D,5,False,degrading
RES-02002,Logan Underwood,B,3,True,reliable
RES-02003,Logan Osei,A,2,False,reliable
RES-02004,Devon Whitfield,A,1,False,reliable
RES-02005,Kendall Yates,B,1,True,severe
RES-02006,Emerson Chen,B,3,False,reliable
RES-02007,Logan Alvarez,A,2,False,reliable
RES-02008,Casey Bennett,A,3,False,reliable
RES-02009,Elliot Hayes,A,1,True,reliable
RES-02010,Micah Mercer,A,3,False,reliable
RES-02011,Marley Lamb,C,3,False,reliable
RES-02012,Reese Novak,A,4,True,reliable
RES-02013,Harper Novak,C,3,False,reliable
RES-02014,Emerson Foster,B,1,False,reliable
RES-02015,Kai Keller,A,2,False,degrading
RES-02016,Logan Sandoval,B,5,False,reliable
RES-02017,Skyler Lamb,B,3,False,degrading
RES-02018,Devon Chen,C,5,False,reliable
RES-02019,Noel Mercer,C,4,False,reliable
RES-02020,Jordan Osei,B,3,False,reliable
RES-02021,Micah Reyes,A,2,True,reliable
RES-02022,Alex Foster,B,3,False,reliable
RES-02023,Elliot Lamb,B,2,False,occasionally_late
RES-02024,Morgan Underwood,A,1,False,reliable
RES-02025,Marley Ellis,B,2,False,reliable
RES-02026,Taylor Zamora,A,1,True,reliable
RES-02027,Marley Ibarra,A,2,False,reliable
RES-02028,Jamie Foster,B,5,False,reliable
RES-02029,Quinn Ibarra,B,1,False,reliable
RES-02030,Jamie Zamora,C,4,False,degrading
RES-02031,Skyler Chen,D,2,True,reliable
RES-02032,Micah Lamb,C,1,True,reliable
RES-02033,Harper Park,B,2,True,reliable
RES-02034,Kendall Park,C,3,False,reliable
RES-02035,Jamie Lamb,C,2,True,occasionally_late
RES-02036,Quinn Ellis,D,2,True,degrading
RES-02037,Kendall Hayes,C,4,False,reliable
RES-02038,Morgan Sandoval,B,4,False,reliable
RES-02039,Quinn Jensen,A,3,False,reliable
RES-02040,Taylor Underwood,D,4,True,reliable
RES-02041,Skyler Dawson,C,2,True,reliable
RES-02042,Jordan Osei,B,1,False,reliable
RES-02043,Morgan Vargas,D,1,False,reliable
RES-02044,Devon Whitfield,D,3,True,reliable
RES-02045,Elliot Alvarez,A,4,False,occasionally_late
RES-02046,Morgan Lamb,C,1,True,reliable
RES-02047,Kai Reyes,C,2,True,reliable
RES-02048,Payton Reyes,B,5,False,reliable
RES-02049,Micah Griffin,B,4,True,reliable
RES-02050,Elliot Griffin,B,4,True,degrading
RES-02051,Riley Park,C,2,False,reliable
RES-02052,Harper Quintero,B,3,True,reliable
RES-02053,Harper Keller,D,2,False,reliable
RES-02054,Taylor Dawson,C,2,False,reliable
RES-02055,Riley Ibarra,A,2,True,reliable
RES-02056,Hayden Bennett,B,2,False,reliable
RES-02057,Reese Jensen,B,2,True,reliable
RES-02058,Harper Hayes,B,4,False,reliable
RES-02059,Marley Tran,B,3,False,degrading
RES-02060,Emerson Yates,C,3,False,reliable
RES-02061,Sasha Sandoval,B,3,True,degrading
RES-02062,Payton Keller,B,2,True,degrading
RES-02063,Micah Lamb,B,3,False,reliable
RES-02064,Emerson Jensen,B,4,True,reliable
RES-02065,Marley Bennett,D,4,False,occasionally_late
RES-02066,Casey Ibarra,A,2,False,reliable
RES-02067,Avery Novak,C,5,True,reliable
RES-02068,Payton Chen,A,2,True,reliable
RES-02069,Micah Tran,A,5,False,reliable
RES-02070,Skyler Dawson,B,5,False,reliable
RES-02071,Logan Whitfield,D,3,True,reliable
RES-02072,Alex Novak,D,2,True,reliable
RES-02073,Alex Osei,B,2,True,reliable
RES-02074,Finley Griffin,B,2,False,reliable
RES-02075,Jamie Keller,C,1,True,reliable
RES-02076,Quinn Keller,B,3,False,reliable
RES-02077,Lane Keller,D,2,False,reliable
RES-02078,Devon Novak,B,3,True,reliable
RES-02079,Alex Vargas,B,5,True,reliable
RES-02080,Harper Bennett,D,3,True,degrading
RES-02081,Casey Dawson,B,1,False,reliable
RES-02082,Kendall Mercer,B,4,True,reliable
RES-02083,Harper Park,A,3,True,reliable
RES-02084,Kendall Foster,A,3,True,reliable
RES-02085,Elliot Vargas,B,5,False,reliable
RES-02086,Casey Reyes,C,5,False,reliable
RES-02087,Micah Yates,D,5,True,reliable
RES-02088,Payton Novak,C,4,False,reliable
RES-02089,Kai Underwood,C,2,False,reliable
RES-02090,Avery Novak,D,2,False,reliable
RES-02091,Payton Zamora,D,2,False,reliable
RES-02092,Emerson Ellis,A,5,True,reliable
RES-02093,Finley Vargas,B,4,True,reliable
RES-02094,Reese Quintero,A,2,False,reliable
RES-02095,Avery Reyes,B,2,False,degrading
RES-02096,Emerson Foster,B,3,False,reliable
RES-02097,Noel Mercer,A,3,False,degrading
RES-02098,Quinn Jensen,B,5,False,reliable
RES-02099,Sasha Whitfield,D,2,True,reliable
RES-02100,Logan Lamb,A,2,False,occasionally_late
RES-02101,Sasha Zamora,B,4,True,reliable
RES-02102,Noel Park,A,5,False,reliable
RES-02103,Kai Reyes,A,3,False,reliable
RES-02104,Lane Park,B,2,True,reliable
RES-02105,Lane Whitfield,A,2,False,reliable
RES-02106,Logan Underwood,B,2,False,reliable
RES-02107,Sasha Vargas,C,3,False,reliable
RES-02108,Hayden Sandoval,B,5,True,reliable
RES-02109,Logan Zamora,D,2,False,reliable
RES-02110,Devon Whitfield,A,1,True,reliable
RES-02111,Harper Novak,A,2,False,reliable
RES-02112,Logan Keller,B,3,True,reliable
RES-02113,Alex Ellis,C,3,False,reliable
RES-02114,Reese Zamora,B,3,False,reliable
RES-02115,Quinn Yates,B,4,False,reliable
RES-02116,Quinn Sandoval,D,5,False,reliable
RES-02117,Alex Ibarra,B,3,True,reliable
RES-02118,Logan Chen,B,3,False,reliable
RES-02119,Jamie Whitfield,D,3,False,occasionally_late
RES-02120,Kai Hayes,A,4,False,reliable
RES-02121,Reese Tran,D,3,True,reliable
RES-02122,Finley Griffin,A,3,False,reliable
RES-02123,Alex Quintero,A,2,False,degrading
RES-02124,Casey Tran,A,1,True,reliable
RES-02125,Jamie Vargas,A,3,True,degrading
RES-02126,Kai Quintero,A,2,False,reliable
RES-02127,Jamie Reyes,A,1,True,reliable
RES-02128,Noel Underwood,A,3,True,reliable
RES-02129,Jamie Sandoval,A,2,True,reliable
RES-02130,Logan Dawson,D,5,False,reliable
RES-02131,Rowan Yates,B,2,True,reliable
RES-02132,Riley Bennett,D,1,True,reliable
RES-02133,Riley Whitfield,B,5,True,reliable
RES-02134,Payton Foster,C,4,False,reliable
RES-02135,Casey Novak,B,3,True,reliable
RES-02136,Micah Dawson,C,2,False,reliable
RES-02137,Alex Ibarra,C,4,False,reliable
RES-02138,Morgan Alvarez,B,3,False,reliable
RES-02139,Morgan Ellis,B,5,False,reliable
RES-02140,Reese Mercer,B,4,True,reliable
RES-02141,Reese Keller,C,3,False,reliable
RES-02142,Logan Foster,B,3,False,reliable
RES-02143,Harper Dawson,C,5,False,reliable
RES-02144,Marley Lamb,A,2,False,reliable
RES-02145,Rowan Underwood,A,2,True,degrading
RES-02146,Riley Vargas,D,4,True,reliable
RES-02147,Casey Quintero,A,4,False,reliable
RES-02148,Harper Reyes,B,2,False,degrading
RES-02149,Payton Reyes,B,5,False,reliable
RES-02150,Reese Keller,A,2,False,occasionally_late
RES-02151,Alex Osei,B,2,False,reliable
RES-02152,Morgan Zamora,C,3,True,occasionally_late
RES-02153,Finley Keller,A,5,False,reliable
RES-02154,Noel Vargas,A,2,True,reliable
RES-02155,Jordan Lamb,D,2,True,occasionally_late
RES-02156,Jamie Jensen,B,3,False,reliable
RES-02157,Jordan Griffin,C,3,True,reliable
RES-02158,Hayden Park,A,2,True,reliable
RES-02159,Kendall Bennett,B,3,True,reliable
RES-02160,Hayden Osei,B,2,False,reliable
RES-02161,Devon Alvarez,A,3,True,degrading
RES-02162,Harper Foster,B,3,True,reliable
RES-02163,Emerson Foster,C,3,False,reliable
RES-02164,Kai Foster,A,2,False,reliable
RES-02165,Sasha Reyes,C,4,False,reliable
RES-02166,Avery Chen,D,2,False,reliable
RES-02167,Taylor Whitfield,B,5,True,reliable
RES-02168,Avery Yates,B,3,True,occasionally_late
RES-02169,Finley Ellis,B,2,True,reliable
RES-02170,Elliot Ibarra,D,1,False,reliable
RES-02171,Morgan Chen,B,3,True,reliable
RES-02172,Alex Jensen,C,2,True,occasionally_late
RES-02173,Kendall Foster,C,2,True,reliable
RES-02174,Quinn Hayes,C,2,False,reliable
RES-02175,Micah Sandoval,A,2,True,reliable
RES-02176,Rowan Hayes,D,3,False,occasionally_late
RES-02177,Logan Quintero,C,3,False,reliable
RES-02178,Quinn Park,B,3,False,reliable
RES-02179,Micah Tran,A,1,False,reliable
RES-02180,Jamie Chen,A,2,True,reliable
RES-02181,Micah Jensen,B,2,True,reliable
RES-02182,Rowan Alvarez,D,2,False,occasionally_late
RES-02183,Casey Underwood,B,2,False,reliable
RES-02184,Reese Novak,B,3,True,degrading
RES-02185,Devon Foster,A,5,False,reliable
RES-02186,Avery Ibarra,A,5,True,occasionally_late
RES-02187,Logan Osei,A,4,False,reliable
RES-02188,Alex Tran,D,3,False,reliable
RES-02189,Lane Hayes,A,2,True,reliable
RES-02190,Devon Underwood,B,3,False,reliable
RES-02191,Micah Ellis,B,4,True,reliable
RES-02192,Reese Yates,C,4,True,reliable
RES-02193,Rowan Osei,C,3,True,reliable
RES-02194,Jordan Park,D,3,True,reliable
RES-02195,Jordan Yates,B,3,False,reliable
RES-02196,Hayden Griffin,A,1,False,reliable
RES-02197,Elliot Ibarra,A,3,False,reliable
RES-02198,Hayden Ibarra,C,3,True,reliable
RES-02199,Finley Hayes,C,2,False,reliable
RES-02200,Rowan Hayes,B,2,False,reliable
RES-02201,Reese Ellis,C,3,False,reliable
RES-02202,Marley Zamora,B,1,True,reliable
RES-02203,Lane Dawson,A,3,True,reliable
RES-02204,Emerson Chen,C,2,True,reliable
RES-02205,Kendall Jensen,B,2,False,reliable
RES-02206,Finley Vargas,B,5,True,reliable
RES-02207,Harper Ellis,B,2,True,occasionally_late
RES-02208,Avery Bennett,A,3,False,reliable
RES-02209,Jordan Jensen,D,4,True,reliable
RES-02210,Marley Chen,A,1,True,reliable
RES-02211,Logan Whitfield,B,3,False,reliable
RES-02212,Rowan Ibarra,A,3,True,reliable
RES-02213,Noel Quintero,B,4,True,reliable
RES-02214,Reese Alvarez,A,5,True,occasionally_late
RES-02215,Reese Keller,C,2,True,reliable
RES-02216,Skyler Bennett,B,3,True,reliable
RES-02217,Kendall Zamora,A,3,False,reliable
RES-02218,Elliot Griffin,C,1,False,reliable
RES-02219,Payton Hayes,B,2,False,reliable
RES-02220,Jamie Ellis,A,2,False,reliable
RES-02221,Rowan Lamb,A,2,False,reliable
RES-02222,Elliot Whitfield,A,5,False,reliable
RES-02223,Avery Tran,B,4,True,reliable
RES-02224,Casey Ibarra,B,3,False,reliable
RES-02225,Noel Tran,B,3,True,degrading
RES-02226,Hayden Jensen,C,3,False,occasionally_late
RES-02227,Kai Hayes,B,4,False,reliable
RES-02228,Reese Reyes,C,2,False,reliable
RES-02229,Marley Reyes,D,3,False,occasionally_late
RES-02230,Micah Osei,B,3,True,reliable
RES-02231,Avery Lamb,D,5,False,reliable
RES-02232,Micah Park,D,4,False,reliable
RES-02233,Quinn Dawson,C,3,False,reliable
RES-02234,Casey Keller,A,3,True,reliable
RES-02235,Alex Reyes,C,4,False,reliable
RES-02236,Micah Keller,A,3,False,reliable
RES-02237,Jamie Hayes,B,2,True,reliable
RES-02238,Kendall Sandoval,B,4,False,degrading
RES-02239,Sasha Lamb,B,4,True,reliable
RES-02240,Elliot Dawson,B,4,False,reliable
RES-02241,Lane Zamora,C,3,False,reliable
RES-02242,Alex Osei,A,2,True,reliable
RES-02243,Skyler Park,A,2,False,reliable
RES-02244,Skyler Mercer,C,3,False,reliable
RES-02245,Jamie Alvarez,B,4,False,reliable
RES-02246,Kendall Zamora,B,3,False,reliable
RES-02247,Elliot Quintero,C,4,True,reliable
RES-02248,Marley Zamora,B,2,False,degrading
RES-02249,Elliot Lamb,A,3,False,reliable
RES-02250,Quinn Mercer,C,1,False,occasionally_late
RES-02251,Marley Chen,C,2,False,reliable
RES-02252,Emerson Jensen,A,3,True,reliable
RES-02253,Morgan Lamb,C,3,True,reliable
RES-02254,Quinn Chen,C,1,True,reliable
RES-02255,Quinn Yates,A,2,True,reliable
RES-02256,Reese Novak,A,3,True,reliable
RES-02257,Casey Quintero,D,3,False,reliable
RES-02258,Noel Jensen,B,3,False,reliable
RES-02259,Morgan Yates,B,4,False,reliable
RES-02260,Finley Zamora,B,2,True,reliable
RES-02261,Marley Osei,A,3,False,reliable
RES-02262,Payton Lamb,B,2,False,reliable
RES-02263,Lane Ibarra,B,2,True,reliable
RES-02264,Hayden Bennett,C,3,False,reliable
RES-02265,Riley Keller,D,2,False,degrading
RES-02266,Jordan Reyes,C,4,False,reliable
RES-02267,Rowan Jensen,C,5,False,degrading
RES-02268,Avery Osei,C,1,True,reliable
RES-02269,Jamie Tran,D,4,False,reliable
RES-02270,Sasha Whitfield,D,1,False,occasionally_late
RES-02271,Finley Chen,A,2,False,reliable
RES-02272,Lane Quintero,C,1,False,reliable
RES-02273,Casey Hayes,B,1,False,reliable
RES-02274,Avery Whitfield,B,2,False,reliable
RES-02275,Devon Bennett,D,4,False,reliable
RES-02276,Elliot Whitfield,C,2,False,reliable
RES-02277,Lane Whitfield,D,3,False,reliable
RES-02278,Harper Bennett,B,3,False,reliable
RES-02279,Harper Hayes,B,1,True,degrading
RES-02280,Logan Hayes,A,2,True,reliable
RES-02281,Emerson Underwood,C,2,False,reliable
RES-02282,Lane Keller,B,2,False,reliable
RES-02283,Rowan Hayes,C,3,True,reliable
RES-02284,Morgan Quintero,B,2,False,degrading
RES-02285,Finley Dawson,D,2,False,reliable
RES-02286,Taylor Sandoval,B,2,True,degrading
RES-02287,Avery Zamora,C,3,True,reliable
RES-02288,Jordan Park,B,3,False,degrading
RES-02289,Hayden Jensen,D,2,False,reliable
RES-02290,Payton Lamb,B,3,False,degrading
RES-02291,Jamie Chen,D,4,False,reliable
RES-02292,Morgan Keller,D,4,True,reliable
RES-02293,Kendall Keller,A,3,False,reliable
RES-02294,Skyler Alvarez,B,3,True,reliable
RES-02295,Noel Lamb,B,3,True,reliable
RES-02296,Skyler Zamora,C,2,False,reliable
RES-02297,Alex Griffin,C,5,True,degrading
RES-02298,Logan Keller,B,3,True,reliable
RES-02299,Hayden Lamb,A,2,True,reliable
RES-02300,Alex Foster,C,5,True,degrading
RES-02301,Casey Foster,C,2,True,reliable
RES-02302,Casey Sandoval,A,5,True,reliable
RES-02303,Harper Mercer,D,2,True,reliable
RES-02304,Elliot Yates,C,4,True,reliable
RES-02305,Kai Keller,A,4,True,reliable
RES-02306,Sasha Novak,C,1,True,reliable
RES-02307,Hayden Vargas,D,2,True,reliable
RES-02308,Skyler Lamb,B,2,True,reliable
RES-02309,Morgan Reyes,A,2,False,reliable
RES-02310,Harper Hayes,C,1,False,reliable
RES-02311,Micah Bennett,D,1,False,reliable
RES-02312,Jamie Griffin,D,3,True,reliable
RES-02313,Harper Sandoval,A,2,True,reliable
RES-02314,Devon Chen,B,3,True,occasionally_late
RES-02315,Hayden Hayes,A,3,False,severe
RES-02316,Reese Bennett,B,3,True,reliable
RES-02317,Micah Tran,C,2,False,reliable
RES-02318,Lane Tran,B,5,False,degrading
RES-02319,Devon Keller,A,3,True,reliable
RES-02320,Elliot Bennett,B,4,False,reliable
RES-02321,Alex Underwood,C,4,False,degrading
RES-02322,Morgan Yates,A,2,False,reliable
RES-02323,Emerson Ibarra,B,5,True,reliable
RES-02324,Avery Reyes,C,3,False,reliable
RES-02325,Quinn Yates,C,2,False,reliable
RES-02326,Sasha Lamb,C,4,False,reliable
RES-02327,Logan Vargas,A,2,False,reliable
RES-02328,Devon Sandoval,B,1,False,reliable
RES-02329,Harper Whitfield,C,2,True,reliable
RES-02330,Jordan Ellis,C,3,False,reliable
RES-02331,Noel Keller,C,3,False,reliable
RES-02332,Quinn Foster,B,5,True,reliable
RES-02333,Lane Ellis,B,2,True,reliable
RES-02334,Casey Ibarra,A,3,True,reliable
RES-02335,Avery Park,B,4,True,reliable
RES-02336,Quinn Alvarez,B,4,False,reliable
RES-02337,Skyler Quintero,D,2,False,reliable
RES-02338,Marley Osei,B,4,False,reliable
RES-02339,Avery Tran,B,2,True,reliable
RES-02340,Taylor Keller,A,2,True,reliable
RES-02341,Elliot Lamb,B,4,False,reliable
RES-02342,Rowan Park,B,1,True,degrading
RES-02343,Hayden Ellis,C,1,False,reliable
RES-02344,Casey Zamora,A,2,True,reliable
RES-02345,Casey Vargas,C,2,False,reliable
RES-02346,Elliot Ellis,B,3,False,reliable
RES-02347,Lane Alvarez,C,3,False,reliable
RES-02348,Devon Hayes,C,3,True,occasionally_late
RES-02349,Riley Bennett,B,1,True,reliable
RES-02350,Hayden Griffin,B,2,True,degrading
RES-02351,Avery Bennett,C,1,True,reliable
RES-02352,Rowan Novak,D,1,True,reliable
RES-02353,Noel Ellis,A,5,False,reliable
RES-02354,Devon Reyes,B,3,False,reliable
RES-02355,Hayden Whitfield,C,3,False,reliable
RES-02356,Reese Chen,B,3,False,reliable
RES-02357,Reese Zamora,B,4,True,reliable
RES-02358,Lane Keller,B,4,True,severe
RES-02359,Riley Vargas,C,4,True,reliable
RES-02360,Jordan Whitfield,D,3,False,severe
RES-02361,Rowan Yates,A,1,False,degrading
RES-02362,Skyler Vargas,A,5,True,reliable
RES-02363,Emerson Reyes,B,3,False,reliable
RES-02364,Logan Zamora,A,3,False,reliable
RES-02365,Devon Hayes,C,2,False,degrading
RES-02366,Alex Lamb,B,1,True,reliable
RES-02367,Jordan Ibarra,B,3,True,reliable
RES-02368,Micah Whitfield,C,2,False,reliable
RES-02369,Micah Hayes,A,3,True,reliable
RES-02370,Devon Ellis,C,1,True,reliable
RES-02371,Harper Vargas,C,2,False,reliable
RES-02372,Finley Foster,B,2,False,reliable
RES-02373,Riley Ibarra,D,3,True,reliable
RES-02374,Kendall Vargas,B,2,False,reliable
RES-02375,Skyler Ellis,B,2,False,reliable
RES-02376,Jamie Foster,C,1,True,reliable
RES-02377,Kendall Griffin,B,3,False,degrading
RES-02378,Micah Reyes,A,2,False,reliable
RES-02379,Sasha Ibarra,A,4,True,reliable
RES-02380,Jamie Ibarra,C,2,False,reliable
RES-02381,Riley Sandoval,C,2,False,reliable
RES-02382,Elliot Whitfield,C,2,False,reliable
RES-02383,Avery Mercer,B,3,False,reliable
RES-02384,Emerson Zamora,A,4,False,reliable
RES-02385,Kai Ibarra,C,1,True,degrading
RES-02386,Micah Mercer,A,1,False,reliable
RES-02387,Micah Tran,D,4,False,reliable
RES-02388,Morgan Lamb,A,2,False,reliable
RES-02389,Noel Vargas,C,1,False,reliable
RES-02390,Hayden Park,A,2,True,reliable
RES-02391,Sasha Keller,B,3,True,degrading
RES-02392,Casey Quintero,A,2,False,reliable
RES-02393,Kendall Ellis,A,1,False,reliable
RES-02394,Harper Tran,A,1,False,reliable
RES-02395,Kendall Sandoval,A,1,True,reliable
RES-02396,Elliot Vargas,A,3,False,reliable
RES-02397,Lane Tran,C,1,False,reliable
RES-02398,Alex Foster,C,1,True,reliable
RES-02399,Jordan Zamora,A,3,False,reliable
RES-02400,Devon Vargas,B,2,False,reliable
RES-02401,Harper Vargas,B,1,True,reliable
RES-02402,Morgan Vargas,C,1,False,reliable
RES-02403,Finley Reyes,B,4,True,reliable
RES-02404,Jamie Mercer,C,3,True,reliable
RES-02405,Devon Jensen,A,3,True,reliable
RES-02406,Hayden Dawson,A,3,True,reliable
RES-02407,Logan Vargas,A,3,False,reliable
RES-02408,Marley Vargas,A,1,True,reliable
RES-02409,Sasha Whitfield,C,3,False,reliable
RES-02410,Devon Lamb,C,5,False,reliable
RES-02411,Reese Underwood,A,3,True,reliable
RES-02412,Logan Foster,A,3,True,reliable
RES-02413,Morgan Bennett,D,4,True,reliable
RES-02414,Rowan Chen,D,2,False,reliable
RES-02415,Taylor Osei,C,1,False,occasionally_late
RES-02416,Harper Foster,B,2,False,severe
RES-02417,Reese Tran,B,3,True,reliable
RES-02418,Casey Griffin,C,3,True,reliable
RES-02419,Rowan Novak,C,2,True,reliable
RES-02420,Hayden Ellis,A,5,False,reliable
RES-02421,Kai Griffin,B,4,False,reliable
RES-02422,Elliot Whitfield,B,2,True,degrading
RES-02423,Kendall Foster,B,5,False,reliable
RES-02424,Finley Hayes,A,5,False,reliable
RES-02425,Lane Tran,D,2,False,severe
RES-02426,Morgan Dawson,B,3,False,severe
RES-02427,Casey Dawson,D,3,False,reliable
RES-02428,Noel Underwood,A,4,False,reliable
RES-02429,Emerson Bennett,C,2,False,reliable
RES-02430,Elliot Ellis,C,2,True,reliable
RES-02431,Reese Hayes,B,5,False,reliable
RES-02432,Finley Ellis,B,2,False,reliable
RES-02433,Taylor Quintero,C,3,False,reliable
RES-02434,Hayden Alvarez,C,5,False,reliable
RES-02435,Hayden Zamora,A,3,False,reliable
RES-02436,Micah Chen,B,1,False,reliable
RES-02437,Payton Hayes,C,4,False,reliable
RES-02438,Payton Reyes,B,5,False,reliable
RES-02439,Reese Hayes,A,1,False,reliable
RES-02440,Marley Underwood,B,2,False,reliable
RES-02441,Kai Zamora,C,2,True,reliable
RES-02442,Skyler Quintero,C,1,False,reliable
RES-02443,Lane Tran,C,4,True,reliable
RES-02444,Kendall Chen,B,3,True,reliable
RES-02445,Casey Quintero,A,3,False,severe
RES-02446,Noel Jensen,B,2,True,reliable
RES-02447,Noel Mercer,C,1,True,severe
RES-02448,Quinn Keller,A,4,False,reliable
RES-02449,Marley Novak,B,1,True,reliable
RES-02450,Hayden Griffin,D,3,True,reliable
RES-02451,Kai Quintero,A,2,True,reliable
RES-02452,Micah Novak,C,2,False,reliable
RES-02453,Casey Vargas,A,3,True,reliable
RES-02454,Marley Zamora,A,1,True,reliable
RES-02455,Kai Griffin,B,4,False,reliable
RES-02456,Elliot Griffin,D,4,True,reliable
RES-02457,Finley Ellis,B,1,False,reliable
RES-02458,Finley Vargas,B,2,False,severe
RES-02459,Finley Jensen,B,3,True,reliable
RES-02460,Finley Hayes,B,2,False,reliable
RES-02461,Skyler Hayes,A,5,True,degrading
RES-02462,Quinn Ellis,B,1,False,reliable
RES-02463,Jordan Dawson,D,1,False,reliable
RES-02464,Quinn Park,C,3,False,reliable
RES-02465,Jordan Bennett,B,3,False,reliable
RES-02466,Jordan Novak,B,4,False,reliable
RES-02467,Micah Ellis,B,2,False,reliable
RES-02468,Avery Griffin,C,3,True,reliable
RES-02469,Riley Zamora,C,1,True,reliable
RES-02470,Skyler Chen,B,3,False,reliable
RES-02471,Emerson Yates,C,1,True,reliable
RES-02472,Marley Bennett,A,4,False,reliable
RES-02473,Kai Zamora,B,2,True,reliable
RES-02474,Kai Keller,B,4,False,reliable
RES-02475,Avery Alvarez,B,3,False,reliable
RES-02476,Avery Park,B,3,False,reliable
RES-02477,Finley Foster,C,1,False,degrading
RES-02478,Payton Jensen,B,3,False,reliable
RES-02479,Alex Tran,A,2,True,reliable
RES-02480,Morgan Hayes,C,4,False,degrading
RES-02481,Skyler Yates,C,3,False,reliable
RES-02482,Avery Ibarra,C,3,True,degrading
RES-02483,Payton Alvarez,D,5,False,degrading
RES-02484,Sasha Mercer,B,2,False,reliable
RES-02485,Noel Jensen,C,2,False,reliable
RES-02486,Rowan Lamb,B,4,False,reliable
RES-02487,Avery Whitfield,B,3,False,reliable
RES-02488,Jordan Dawson,A,3,True,reliable
RES-02489,Noel Yates,C,1,False,reliable
RES-02490,Avery Mercer,C,3,False,reliable
RES-02491,Jordan Vargas,B,2,True,reliable
RES-02492,Taylor Lamb,C,2,False,reliable
RES-02493,Reese Park,A,5,True,occasionally_late
RES-02494,Quinn Alvarez,B,1,True,reliable
RES-02495,Casey Dawson,A,4,False,reliable
RES-02496,Finley Bennett,B,4,True,reliable
RES-02497,Casey Sandoval,C,3,False,reliable
RES-02498,Avery Chen,C,3,False,reliable
RES-02499,Payton Chen,C,2,False,reliable
RES-02500,Elliot Underwood,D,1,False,reliable
RES-02501,Noel Whitfield,C,3,False,reliable
RES-02502,Micah Osei,D,1,False,reliable
RES-02503,Casey Mercer,B,5,False,reliable
RES-02504,Noel Dawson,A,4,True,reliable
RES-02505,Finley Reyes,B,3,False,reliable
RES-02506,Kai Keller,A,3,False,reliable
RES-02507,Avery Reyes,B,2,True,degrading
RES-02508,Sasha Tran,A,5,True,degrading
RES-02509,Avery Reyes,B,2,False,reliable
RES-02510,Morgan Underwood,A,3,False,reliable
RES-02511,Noel Yates,C,3,True,reliable
RES-02512,Harper Bennett,D,3,False,reliable
RES-02513,Marley Reyes,C,2,False,reliable
RES-02514,Taylor Dawson,B,3,False,degrading
RES-02515,Emerson Osei,B,4,False,reliable
RES-02516,Emerson Quintero,B,4,False,reliable
RES-02517,Quinn Yates,A,2,False,degrading
RES-02518,Jamie Lamb,A,1,False,reliable
RES-02519,Skyler Osei,C,2,False,reliable
RES-02520,Emerson Ibarra,B,5,False,reliable
RES-02521,Jamie Chen,B,2,False,reliable
RES-02522,Taylor Keller,A,3,False,degrading
RES-02523,Jordan Alvarez,C,2,False,reliable
RES-02524,Quinn Foster,C,5,False,reliable
RES-02525,Casey Sandoval,A,5,True,reliable
RES-02526,Elliot Novak,B,1,False,reliable
RES-02527,Kai Osei,B,3,True,reliable
RES-02528,Skyler Underwood,A,3,False,reliable
RES-02529,Devon Keller,B,1,False,reliable
RES-02530,Jamie Park,B,1,False,reliable
RES-02531,Lane Underwood,B,2,True,reliable
RES-02532,Finley Griffin,D,3,False,reliable
RES-02533,Payton Park,C,4,True,reliable
RES-02534,Riley Jensen,B,2,False,reliable
RES-02535,Taylor Reyes,A,3,True,occasionally_late
RES-02536,Casey Reyes,B,3,True,reliable
RES-02537,Kendall Jensen,A,2,False,occasionally_late
RES-02538,Jordan Novak,A,1,True,reliable
RES-02539,Lane Alvarez,A,3,True,occasionally_late
RES-02540,Harper Ellis,C,4,True,reliable
RES-02541,Noel Sandoval,B,5,False,reliable
RES-02542,Jamie Sandoval,D,4,False,reliable
RES-02543,Marley Novak,C,3,False,reliable
RES-02544,Payton Ellis,C,1,False,reliable
RES-02545,Reese Zamora,A,1,False,reliable
RES-02546,Alex Foster,B,3,True,reliable
RES-02547,Micah Keller,D,4,True,occasionally_late
RES-02548,Logan Alvarez,A,4,False,reliable
RES-02549,Taylor Underwood,C,5,False,degrading
RES-02550,Morgan Alvarez,B,1,True,occasionally_late
RES-02551,Reese Jensen,B,5,False,reliable
RES-02552,Devon Dawson,A,4,True,reliable
RES-02553,Jordan Foster,B,3,False,reliable
RES-02554,Finley Zamora,B,1,False,reliable
RES-02555,Rowan Reyes,B,3,True,reliable
RES-02556,Elliot Vargas,C,5,False,reliable
RES-02557,Jamie Reyes,B,2,True,reliable
RES-02558,Devon Vargas,D,2,False,reliable
RES-02559,Kai Underwood,A,5,True,reliable
RES-02560,Riley Yates,D,1,False,reliable
RES-02561,Finley Tran,D,3,False,reliable
RES-02562,Emerson Jensen,A,3,True,reliable
RES-02563,Noel Foster,A,2,False,reliable
RES-02564,Taylor Keller,B,5,True,occasionally_late
RES-02565,Morgan Quintero,A,1,True,degrading
RES-02566,Jamie Quintero,C,2,True,reliable
RES-02567,Marley Keller,A,4,False,reliable
RES-02568,Jamie Quintero,B,4,False,reliable
RES-02569,Emerson Yates,B,4,False,reliable
RES-02570,Logan Novak,B,5,False,degrading
RES-02571,Payton Underwood,B,1,False,reliable
RES-02572,Payton Ibarra,D,3,False,occasionally_late
RES-02573,Sasha Osei,A,2,False,reliable
RES-02574,Marley Hayes,A,3,False,reliable
RES-02575,Emerson Osei,C,2,False,reliable
RES-02576,Rowan Foster,B,3,True,severe
RES-02577,Casey Vargas,C,3,False,occasionally_late
RES-02578,Noel Quintero,B,3,False,reliable
RES-02579,Kai Griffin,B,4,False,reliable
RES-02580,Marley Griffin,C,4,True,reliable
RES-02581,Noel Yates,D,3,True,reliable
RES-02582,Kendall Jensen,B,4,False,degrading
RES-02583,Sasha Keller,D,3,False,reliable
RES-02584,Rowan Griffin,B,1,False,reliable
RES-02585,Morgan Sandoval,B,4,False,reliable
RES-02586,Lane Foster,C,3,True,degrading
RES-02587,Riley Dawson,C,3,False,occasionally_late
RES-02588,Emerson Underwood,C,3,False,reliable
RES-02589,Casey Vargas,B,4,False,reliable
RES-02590,Alex Vargas,B,1,True,reliable
RES-02591,Lane Whitfield,B,5,False,degrading
RES-02592,Skyler Park,B,1,True,reliable
RES-02593,Kai Bennett,B,4,True,reliable
RES-02594,Sasha Foster,D,5,False,reliable
RES-02595,Rowan Osei,A,3,True,reliable
RES-02596,Riley Ibarra,A,3,False,reliable
RES-02597,Reese Underwood,A,5,False,reliable
RES-02598,Hayden Keller,B,4,False,reliable
RES-02599,Devon Chen,B,2,False,reliable
RES-02600,Jamie Dawson,B,4,False,reliable
RES-02601,Finley Mercer,C,1,False,reliable
RES-02602,Devon Reyes,A,4,False,reliable
RES-02603,Emerson Ibarra,B,5,True,reliable
RES-02604,Emerson Yates,B,3,False,reliable
RES-02605,Kai Whitfield,B,4,True,reliable
RES-02606,Jamie Reyes,B,4,True,reliable
RES-02607,Riley Yates,C,5,False,reliable
RES-02608,Casey Vargas,C,3,True,degrading
RES-02609,Taylor Reyes,D,4,False,severe
RES-02610,Avery Ibarra,A,4,False,reliable
RES-02611,Skyler Osei,A,2,True,reliable
RES-02612,Micah Park,B,2,True,reliable
RES-02613,Marley Jensen,B,3,True,degrading
RES-02614,Finley Ellis,A,5,True,reliable
RES-02615,Reese Quintero,A,4,True,degrading
RES-02616,Lane Foster,B,1,False,reliable
RES-02617,Jordan Hayes,A,2,True,degrading
RES-02618,Alex Foster,B,5,True,reliable
RES-02619,Harper Griffin,A,3,False,occasionally_late
RES-02620,Payton Chen,A,5,False,reliable
RES-02621,Morgan Ibarra,A,3,True,reliable
RES-02622,Jordan Jensen,D,3,True,reliable
RES-02623,Hayden Reyes,B,2,False,reliable
RES-02624,Emerson Hayes,B,3,False,reliable
RES-02625,Jamie Mercer,C,4,False,reliable
RES-02626,Sasha Underwood,C,1,True,reliable
RES-02627,Marley Quintero,B,3,True,reliable
RES-02628,Lane Keller,D,1,True,degrading
RES-02629,Micah Dawson,D,4,False,reliable
RES-02630,Sasha Bennett,C,3,True,occasionally_late
RES-02631,Finley Griffin,B,4,True,reliable
RES-02632,Casey Alvarez,A,2,False,reliable
RES-02633,Skyler Yates,A,5,True,reliable
RES-02634,Alex Dawson,A,1,False,reliable
RES-02635,Casey Vargas,B,1,False,reliable
RES-02636,Logan Jensen,C,2,True,reliable
RES-02637,Casey Tran,A,4,True,reliable
RES-02638,Finley Dawson,B,3,False,reliable
RES-02639,Elliot Bennett,D,3,True,reliable
RES-02640,Payton Whitfield,C,3,False,reliable
RES-02641,Sasha Keller,C,4,True,reliable
RES-02642,Riley Reyes,C,2,False,reliable
RES-02643,Finley Ibarra,B,4,False,reliable
RES-02644,Finley Yates,A,2,False,reliable
RES-02645,Noel Tran,C,2,True,reliable
RES-02646,Morgan Whitfield,C,4,False,reliable
RES-02647,Jordan Mercer,B,4,False,reliable
RES-02648,Kendall Foster,C,3,True,reliable
RES-02649,Avery Griffin,B,1,False,reliable
RES-02650,Harper Mercer,B,5,False,reliable
RES-02651,Skyler Osei,B,3,True,reliable
RES-02652,Rowan Lamb,B,4,False,reliable
RES-02653,Hayden Alvarez,B,2,True,reliable
RES-02654,Alex Bennett,C,1,False,reliable
RES-02655,Lane Quintero,B,2,True,reliable
RES-02656,Taylor Yates,A,1,True,reliable
RES-02657,Alex Ellis,D,3,True,reliable
RES-02658,Jordan Ellis,B,2,True,reliable
RES-02659,Devon Tran,A,5,True,degrading
RES-02660,Emerson Sandoval,A,3,True,reliable
RES-02661,Micah Hayes,C,2,False,reliable
RES-02662,Sasha Tran,D,5,True,reliable
RES-02663,Taylor Tran,B,1,False,reliable
RES-02664,Alex Quintero,B,4,False,reliable
RES-02665,Elliot Bennett,C,1,False,reliable
RES-02666,Jordan Park,C,3,False,reliable
RES-02667,Micah Novak,A,5,True,reliable
RES-02668,Logan Foster,C,4,True,reliable
RES-02669,Rowan Jensen,B,3,True,reliable
RES-02670,Micah Park,A,5,False,reliable
RES-02671,Logan Bennett,C,4,True,reliable
RES-02672,Skyler Quintero,B,2,False,reliable
RES-02673,Marley Yates,C,1,False,reliable
RES-02674,Quinn Sandoval,A,3,False,reliable
RES-02675,Riley Quintero,B,4,False,reliable
RES-02676,Elliot Bennett,C,5,True,reliable
RES-02677,Jamie Park,A,3,False,occasionally_late
RES-02678,Riley Park,C,5,True,reliable
RES-02679,Rowan Jensen,C,3,False,reliable
RES-02680,Alex Park,A,2,True,reliable
RES-02681,Jamie Bennett,D,3,True,reliable
RES-02682,Emerson Ibarra,C,3,False,reliable
RES-02683,Taylor Ibarra,B,2,True,reliable
RES-02684,Kai Griffin,B,3,True,degrading
RES-02685,Riley Park,A,3,False,reliable
RES-02686,Taylor Tran,A,3,True,reliable
RES-02687,Logan Bennett,B,2,True,reliable
RES-02688,Taylor Vargas,B,2,False,reliable
RES-02689,Casey Dawson,A,3,True,reliable
RES-02690,Alex Reyes,C,5,True,reliable
RES-02691,Logan Jensen,A,4,True,reliable
RES-02692,Sasha Ellis,A,3,False,reliable
RES-02693,Micah Ellis,B,5,True,reliable
RES-02694,Riley Sandoval,C,2,False,reliable
RES-02695,Finley Ibarra,A,4,False,reliable
RES-02696,Kendall Vargas,C,2,False,reliable
RES-02697,Noel Whitfield,A,3,False,reliable
RES-02698,Reese Whitfield,A,2,False,reliable
RES-02699,Logan Quintero,B,1,False,reliable
RES-02700,Marley Underwood,B,4,False,reliable
RES-02701,Casey Chen,A,3,True,reliable
RES-02702,Lane Ellis,A,4,False,reliable
RES-02703,Harper Mercer,B,5,True,reliable
RES-02704,Reese Lamb,C,2,False,reliable
RES-02705,Emerson Keller,B,3,True,reliable
RES-02706,Kendall Ibarra,C,1,False,reliable
RES-02707,Noel Sandoval,D,3,False,reliable
RES-02708,Sasha Zamora,A,4,False,reliable
RES-02709,Riley Jensen,B,5,False,severe
RES-02710,Elliot Keller,C,2,True,reliable
RES-02711,Casey Whitfield,D,3,False,reliable
RES-02712,Riley Griffin,D,3,False,reliable
RES-02713,Jamie Jensen,C,3,False,reliable
RES-02714,Sasha Osei,B,3,False,reliable
RES-02715,Marley Ibarra,C,3,False,reliable
RES-02716,Jamie Zamora,C,3,True,reliable
RES-02717,Jordan Zamora,B,3,True,degrading
RES-02718,Logan Underwood,C,2,False,reliable
RES-02719,Emerson Bennett,A,2,False,degrading
RES-02720,Logan Bennett,B,3,False,reliable
RES-02721,Devon Jensen,B,5,False,reliable
RES-02722,Finley Alvarez,D,4,True,reliable
RES-02723,Devon Novak,D,2,False,reliable
RES-02724,Noel Park,B,2,False,degrading
RES-02725,Marley Lamb,B,2,False,reliable
RES-02726,Devon Osei,D,2,False,reliable
RES-02727,Morgan Lamb,D,4,False,reliable
RES-02728,Jordan Griffin,C,3,False,reliable
RES-02729,Casey Keller,A,2,False,reliable
RES-02730,Payton Tran,C,4,False,reliable
RES-02731,Emerson Zamora,B,2,False,reliable
RES-02732,Kendall Osei,B,2,False,reliable
RES-02733,Elliot Quintero,B,1,False,reliable
RES-02734,Payton Griffin,C,3,True,reliable
RES-02735,Morgan Dawson,C,3,False,reliable
RES-02736,Kai Chen,B,2,False,reliable
RES-02737,Morgan Osei,D,5,True,reliable
RES-02738,Elliot Mercer,C,3,True,degrading
RES-02739,Morgan Sandoval,A,5,False,reliable
RES-02740,Reese Tran,B,3,True,occasionally_late
RES-02741,Kai Dawson,B,2,True,reliable
RES-02742,Jamie Lamb,D,3,False,reliable
RES-02743,Marley Zamora,B,4,False,reliable
RES-02744,Kendall Reyes,B,3,False,reliable
RES-02745,Payton Ellis,B,1,True,reliable
RES-02746,Alex Osei,B,1,False,severe
RES-02747,Jamie Dawson,D,5,True,reliable
RES-02748,Finley Lamb,B,2,True,reliable
RES-02749,Riley Jensen,A,2,True,reliable
RES-02750,Micah Novak,B,2,False,occasionally_late
RES-02751,Noel Quintero,B,3,True,reliable
RES-02752,Elliot Bennett,C,3,False,occasionally_late
RES-02753,Elliot Sandoval,C,2,True,degrading
RES-02754,Jordan Quintero,B,4,True,degrading
RES-02755,Skyler Griffin,B,5,False,reliable
RES-02756,Harper Ibarra,D,5,False,reliable
RES-02757,Alex Sandoval,B,3,True,reliable
RES-02758,Riley Yates,D,3,False,reliable
RES-02759,Micah Reyes,A,1,False,reliable
RES-02760,Lane Ibarra,A,2,False,occasionally_late
RES-02761,Hayden Quintero,C,1,False,reliable
RES-02762,Lane Lamb,B,2,True,reliable
RES-02763,Logan Ibarra,C,3,False,reliable
RES-02764,Rowan Ibarra,C,4,False,reliable
RES-02765,Sasha Hayes,A,1,False,reliable
RES-02766,Sasha Ellis,C,4,False,degrading
RES-02767,Avery Yates,D,2,False,reliable
RES-02768,Quinn Ellis,B,2,False,reliable
RES-02769,Emerson Dawson,B,4,False,reliable
RES-02770,Sasha Ellis,D,5,False,reliable
RES-02771,Skyler Park,C,5,False,reliable
RES-02772,Reese Park,A,3,True,reliable
RES-02773,Skyler Alvarez,C,2,False,occasionally_late
RES-02774,Elliot Ellis,B,1,True,reliable
RES-02775,Kai Chen,B,2,False,reliable
RES-02776,Noel Whitfield,B,3,False,reliable
RES-02777,Morgan Zamora,A,2,False,reliable
RES-02778,Reese Keller,C,3,False,severe
RES-02779,Jordan Ibarra,B,2,False,reliable
RES-02780,Hayden Vargas,A,5,False,degrading
RES-02781,Rowan Keller,C,3,False,occasionally_late
RES-02782,Rowan Mercer,B,2,True,reliable
RES-02783,Taylor Park,B,3,False,reliable
RES-02784,Skyler Mercer,C,2,False,reliable
RES-02785,Payton Quintero,C,4,False,reliable
RES-02786,Noel Hayes,D,2,False,reliable
RES-02787,Devon Foster,A,1,True,reliable
RES-02788,Hayden Vargas,A,4,True,reliable
RES-02789,Jamie Bennett,C,5,False,reliable
RES-02790,Reese Park,B,2,False,reliable
RES-02791,Hayden Griffin,B,3,True,reliable
RES-02792,Hayden Park,D,3,False,reliable
RES-02793,Kai Vargas,B,5,True,reliable
RES-02794,Reese Bennett,B,2,False,reliable
RES-02795,Jamie Yates,D,3,False,reliable
RES-02796,Quinn Novak,A,3,True,degrading
RES-02797,Harper Park,D,2,False,reliable
RES-02798,Quinn Foster,C,5,False,reliable
RES-02799,Harper Alvarez,C,1,False,reliable
RES-02800,Payton Alvarez,D,4,True,occasionally_late
RES-02801,Riley Vargas,B,2,False,reliable
RES-02802,Lane Novak,A,3,False,reliable
RES-02803,Finley Foster,A,3,False,reliable
RES-02804,Kendall Yates,D,3,True,reliable
RES-02805,Devon Tran,B,1,False,reliable
RES-02806,Elliot Zamora,D,1,False,reliable
RES-02807,Rowan Park,B,2,True,reliable
RES-02808,Micah Reyes,B,3,True,reliable
RES-02809,Reese Jensen,D,2,True,reliable
RES-02810,Sasha Osei,C,2,False,reliable
RES-02811,Noel Underwood,B,3,True,reliable
RES-02812,Elliot Reyes,C,1,True,reliable
RES-02813,Harper Alvarez,C,3,False,reliable
RES-02814,Riley Osei,B,3,False,reliable
RES-02815,Rowan Alvarez,B,1,False,reliable
RES-02816,Taylor Jensen,C,3,False,reliable
RES-02817,Elliot Underwood,C,3,True,reliable
RES-02818,Marley Sandoval,C,1,False,reliable
RES-02819,Avery Novak,B,1,True,severe
RES-02820,Finley Underwood,C,3,False,reliable
RES-02821,Marley Chen,C,1,False,reliable
RES-02822,Payton Osei,B,2,False,reliable
RES-02823,Payton Griffin,B,2,False,degrading
RES-02824,Kendall Park,C,3,False,reliable
RES-02825,Riley Park,B,3,False,reliable
RES-02826,Devon Whitfield,C,3,False,reliable
RES-02827,Elliot Park,D,2,True,reliable
RES-02828,Kendall Keller,B,1,False,degrading
RES-02829,Avery Vargas,D,5,True,reliable
RES-02830,Kai Chen,C,1,False,reliable
RES-02831,Marley Jensen,B,2,False,reliable
RES-02832,Devon Underwood,B,3,True,reliable
RES-02833,Micah Yates,A,5,True,degrading
RES-02834,Finley Tran,A,2,True,reliable
RES-02835,Lane Chen,B,1,False,reliable
RES-02836,Jordan Vargas,A,3,False,reliable
RES-02837,Alex Mercer,D,3,False,reliable
RES-02838,Logan Tran,A,1,True,degrading
RES-02839,Taylor Chen,A,5,False,reliable
RES-02840,Kai Park,B,2,False,reliable
RES-02841,Rowan Alvarez,A,3,False,reliable
RES-02842,Taylor Reyes,B,3,False,reliable
RES-02843,Kendall Zamora,C,3,False,reliable
RES-02844,Elliot Foster,C,3,False,reliable
RES-02845,Marley Park,C,1,False,reliable
RES-02846,Marley Jensen,B,2,True,reliable
RES-02847,Reese Tran,B,5,True,reliable
RES-02848,Reese Hayes,B,4,False,reliable
RES-02849,Lane Yates,A,4,False,reliable
RES-02850,Alex Dawson,A,3,False,reliable
RES-02851,Marley Lamb,D,5,True,reliable
RES-02852,Kai Chen,B,3,True,reliable
RES-02853,Devon Ellis,B,3,True,reliable
RES-02854,Skyler Reyes,A,2,True,reliable
RES-02855,Quinn Tran,C,3,False,reliable
RES-02856,Elliot Vargas,C,3,False,reliable
RES-02857,Finley Dawson,D,5,False,reliable
RES-02858,Taylor Griffin,B,2,False,reliable
RES-02859,Emerson Sandoval,B,1,True,reliable
RES-02860,Jordan Quintero,C,4,False,reliable
RES-02861,Payton Ellis,B,3,True,reliable
RES-02862,Quinn Novak,B,3,False,reliable
RES-02863,Harper Osei,B,3,False,reliable
RES-02864,Quinn Reyes,B,5,True,reliable
RES-02865,Jamie Underwood,C,3,False,occasionally_late
RES-02866,Casey Griffin,D,3,True,severe
RES-02867,Quinn Underwood,A,4,False,reliable
RES-02868,Casey Yates,B,2,True,reliable
RES-02869,Harper Yates,C,3,False,reliable
RES-02870,Logan Quintero,C,3,False,reliable
RES-02871,Logan Dawson,C,2,False,reliable
RES-02872,Jamie Underwood,D,5,False,reliable
RES-02873,Casey Quintero,D,2,False,reliable
RES-02874,Harper Lamb,A,3,True,reliable
RES-02875,Riley Novak,B,2,False,reliable
RES-02876,Jamie Osei,D,1,False,reliable
RES-02877,Elliot Reyes,A,2,False,reliable
RES-02878,Sasha Whitfield,B,2,True,reliable
RES-02879,Noel Jensen,B,2,False,reliable
RES-02880,Jordan Tran,A,2,True,reliable
RES-02881,Kendall Jensen,B,1,False,reliable
RES-02882,Finley Sandoval,B,4,True,reliable
RES-02883,Taylor Sandoval,A,5,False,reliable
RES-02884,Taylor Reyes,A,1,True,reliable
RES-02885,Skyler Hayes,C,2,True,reliable
RES-02886,Casey Vargas,B,1,True,occasionally_late
RES-02887,Alex Alvarez,D,1,False,reliable
RES-02888,Micah Quintero,B,3,True,degrading
RES-02889,Alex Lamb,B,2,False,reliable
RES-02890,Skyler Sandoval,D,5,False,degrading
RES-02891,Avery Alvarez,A,5,False,reliable
RES-02892,Casey Griffin,A,3,True,reliable
RES-02893,Kai Alvarez,B,4,False,reliable
RES-02894,Marley Alvarez,B,3,True,reliable
RES-02895,Morgan Mercer,A,3,True,degrading
RES-02896,Rowan Zamora,B,3,True,reliable
RES-02897,Payton Sandoval,B,4,False,reliable
RES-02898,Taylor Tran,C,3,True,reliable
RES-02899,Micah Yates,B,1,True,reliable
RES-02900,Quinn Hayes,A,2,False,reliable
RES-02901,Alex Quintero,C,3,False,reliable
RES-02902,Logan Tran,A,3,False,reliable
RES-02903,Harper Chen,C,1,True,reliable
RES-02904,Lane Alvarez,C,2,False,reliable
RES-02905,Harper Ibarra,C,2,True,reliable
RES-02906,Jordan Bennett,C,2,True,reliable
RES-02907,Noel Osei,D,1,False,reliable
RES-02908,Riley Alvarez,A,4,False,reliable
RES-02909,Quinn Foster,B,3,True,occasionally_late
RES-02910,Lane Sandoval,B,2,True,reliable
RES-02911,Kendall Ellis,B,2,False,reliable
RES-02912,Emerson Alvarez,B,2,False,reliable
RES-02913,Quinn Griffin,A,5,False,degrading
RES-02914,Noel Quintero,A,2,False,reliable
RES-02915,Harper Reyes,D,2,True,reliable
RES-02916,Harper Lamb,B,5,True,reliable
RES-02917,Lane Mercer,D,2,True,reliable
RES-02918,Kai Osei,C,5,False,reliable
RES-02919,Logan Griffin,A,3,False,severe
RES-02920,Reese Osei,B,1,True,reliable
RES-02921,Devon Chen,C,3,False,reliable
RES-02922,Rowan Mercer,A,2,False,reliable
RES-02923,Quinn Hayes,B,3,True,reliable
RES-02924,Logan Foster,D,4,True,reliable
RES-02925,Noel Alvarez,B,4,False,reliable
RES-02926,Kai Dawson,C,2,False,reliable
RES-02927,Elliot Yates,B,2,False,reliable
RES-02928,Lane Chen,B,2,False,reliable
RES-02929,Payton Ibarra,D,4,True,reliable
RES-02930,Quinn Yates,C,2,False,reliable
RES-02931,Rowan Reyes,B,4,False,reliable
RES-02932,Avery Yates,A,2,False,reliable
RES-02933,Quinn Lamb,B,1,False,reliable
RES-02934,Noel Foster,A,5,False,occasionally_late
RES-02935,Jordan Tran,D,3,True,reliable
RES-02936,Rowan Osei,D,3,True,reliable
RES-02937,Avery Sandoval,A,3,True,reliable
RES-02938,Lane Reyes,A,2,True,reliable
RES-02939,Payton Osei,C,4,True,reliable
RES-02940,Noel Reyes,B,3,True,reliable
RES-02941,Riley Jensen,A,3,True,reliable
RES-02942,Lane Quintero,B,2,False,reliable
RES-02943,Hayden Underwood,C,3,True,reliable
RES-02944,Reese Whitfield,A,5,False,reliable
RES-02945,Finley Zamora,B,5,False,degrading
RES-02946,Lane Yates,D,2,False,reliable
RES-02947,Devon Whitfield,B,4,False,reliable
RES-02948,Lane Alvarez,A,4,True,reliable
RES-02949,Skyler Griffin,B,4,True,reliable
RES-02950,Lane Zamora,B,1,True,reliable
RES-02951,Elliot Bennett,C,4,False,reliable
RES-02952,Kendall Novak,C,1,False,reliable
RES-02953,Jamie Reyes,A,3,False,reliable
RES-02954,Harper Reyes,A,3,True,reliable
RES-02955,Morgan Chen,B,1,False,reliable
RES-02956,Payton Sandoval,A,4,False,reliable
RES-02957,Reese Underwood,B,2,False,reliable
RES-02958,Casey Novak,C,5,True,reliable
RES-02959,Hayden Hayes,C,2,False,reliable
RES-02960,Morgan Yates,C,3,False,reliable
RES-02961,Hayden Zamora,B,5,False,reliable
RES-02962,Rowan Sandoval,B,1,False,reliable
RES-02963,Skyler Novak,B,3,False,reliable
RES-02964,Morgan Alvarez,B,3,False,reliable
RES-02965,Kai Novak,C,5,False,occasionally_late
RES-02966,Payton Griffin,B,1,False,reliable
RES-02967,Jamie Lamb,B,1,True,reliable
RES-02968,Morgan Zamora,C,3,False,reliable
RES-02969,Noel Lamb,C,4,False,reliable
RES-02970,Lane Zamora,D,3,False,reliable
RES-02971,Micah Osei,C,4,True,reliable
RES-02972,Elliot Park,C,1,True,reliable
RES-02973,Reese Zamora,B,5,True,degrading
RES-02974,Jordan Ellis,C,3,True,severe
RES-02975,Alex Sandoval,C,2,True,severe
RES-02976,Harper Dawson,C,3,False,reliable
RES-02977,Marley Jensen,A,5,True,reliable
RES-02978,Kai Underwood,B,3,False,reliable
RES-02979,Harper Lamb,B,3,False,reliable
RES-02980,Taylor Tran,B,1,True,occasionally_late
RES-02981,Riley Hayes,B,4,False,reliable
RES-02982,Riley Ellis,C,3,False,reliable
RES-02983,Harper Ellis,A,1,True,reliable
RES-02984,Reese Zamora,C,1,False,reliable
RES-02985,Payton Vargas,B,3,False,reliable
RES-02986,Micah Ellis,A,1,False,reliable
RES-02987,Reese Quintero,B,4,True,reliable
RES-02988,Jordan Osei,B,1,True,reliable
RES-02989,Rowan Reyes,C,3,True,reliable
RES-02990,Marley Reyes,C,3,False,reliable
RES-02991,Jamie Jensen,C,4,False,occasionally_late
RES-02992,Quinn Dawson,B,2,False,reliable
RES-02993,Jordan Lamb,B,2,False,degrading
RES-02994,Jamie Ellis,C,5,False,reliable
RES-02995,Jamie Vargas,B,4,True,degrading
RES-02996,Elliot Vargas,A,3,False,reliable
RES-02997,Lane Tran,A,1,False,reliable
RES-02998,Casey Dawson,B,1,False,occasionally_late
RES-02999,Morgan Whitfield,C,3,False,reliable
RES-03000,Devon Chen,C,4,False,reliable
RES-03001,Jamie Jensen,B,3,True,reliable
RES-03002,Kai Sandoval,D,2,True,reliable
RES-03003,Payton Mercer,C,4,False,reliable
RES-03004,Lane Foster,C,3,True,reliable
RES-03005,Noel Keller,B,5,True,reliable
RES-03006,Harper Tran,A,4,True,reliable
RES-03007,Sasha Quintero,C,5,True,reliable
RES-03008,Logan Yates,C,2,False,reliable
RES-03009,Noel Keller,C,3,False,reliable
RES-03010,Kai Chen,B,3,True,reliable
RES-03011,Logan Bennett,B,3,False,reliable
RES-03012,Kendall Reyes,C,2,False,reliable
RES-03013,Jamie Novak,B,2,False,reliable
RES-03014,Logan Whitfield,B,5,True,reliable
RES-03015,Noel Ellis,C,3,True,reliable
RES-03016,Avery Jensen,A,1,True,reliable
RES-03017,Kendall Novak,A,5,False,reliable
RES-03018,Harper Chen,B,2,False,degrading
RES-03019,Lane Griffin,A,3,False,reliable
RES-03020,Morgan Novak,D,1,False,reliable
RES-03021,Noel Vargas,A,3,False,occasionally_late
RES-03022,Finley Foster,A,3,False,reliable
RES-03023,Skyler Quintero,A,3,True,reliable
RES-03024,Elliot Zamora,B,2,True,reliable
RES-03025,Taylor Lamb,B,2,True,degrading
RES-03026,Reese Quintero,B,2,False,reliable
RES-03027,Lane Ellis,C,1,False,reliable
RES-03028,Devon Underwood,B,4,False,reliable
RES-03029,Skyler Osei,B,3,False,reliable
RES-03030,Jamie Ellis,A,5,True,degrading
RES-03031,Kendall Novak,C,1,False,reliable
RES-03032,Casey Quintero,C,1,True,reliable
RES-03033,Avery Reyes,A,1,True,degrading
RES-03034,Emerson Foster,A,4,False,reliable
RES-03035,Payton Alvarez,C,5,False,reliable
RES-03036,Quinn Keller,C,1,True,reliable
RES-03037,Jordan Zamora,B,1,False,reliable
RES-03038,Finley Hayes,B,3,False,reliable
RES-03039,Sasha Whitfield,C,2,True,reliable
RES-03040,Elliot Vargas,B,3,True,reliable
RES-03041,Casey Hayes,C,1,False,reliable
RES-03042,Lane Whitfield,B,5,False,reliable
RES-03043,Taylor Ibarra,C,3,False,reliable
RES-03044,Jordan Lamb,B,4,True,reliable
RES-03045,Alex Chen,C,1,True,reliable
RES-03046,Sasha Underwood,D,4,True,reliable
RES-03047,Logan Tran,B,1,False,reliable
RES-03048,Noel Yates,A,2,True,reliable
RES-03049,Casey Chen,C,3,False,degrading
RES-03050,Emerson Alvarez,B,5,False,reliable
RES-03051,Harper Keller,A,3,True,reliable
RES-03052,Rowan Bennett,B,1,True,reliable
RES-03053,Jordan Sandoval,D,2,False,reliable
RES-03054,Logan Bennett,B,1,True,reliable
RES-03055,Avery Chen,A,1,False,reliable
RES-03056,Sasha Vargas,B,5,False,degrading
RES-03057,Elliot Ellis,D,2,False,reliable
RES-03058,Morgan Yates,D,3,False,reliable
RES-03059,Kai Foster,B,2,True,degrading
RES-03060,Quinn Griffin,B,2,True,severe
RES-03061,Quinn Park,B,3,True,degrading
RES-03062,Casey Quintero,C,1,False,reliable
RES-03063,Avery Hayes,B,3,False,reliable
RES-03064,Jordan Quintero,D,4,False,reliable
RES-03065,Jordan Foster,B,3,False,reliable
RES-03066,Riley Sandoval,B,2,False,degrading
RES-03067,Micah Alvarez,B,3,False,degrading
RES-03068,Taylor Ellis,B,2,True,reliable
RES-03069,Payton Ellis,C,3,False,reliable
RES-03070,Reese Park,B,2,False,degrading
RES-03071,Kai Alvarez,C,4,False,reliable
RES-03072,Lane Dawson,B,5,False,reliable
RES-03073,Kai Mercer,B,3,False,reliable
RES-03074,Emerson Novak,A,4,True,reliable
RES-03075,Skyler Mercer,B,2,True,reliable
RES-03076,Jamie Ellis,B,4,False,reliable
RES-03077,Noel Mercer,A,5,False,reliable
RES-03078,Avery Mercer,C,3,False,reliable
RES-03079,Harper Hayes,B,1,False,reliable
RES-03080,Alex Keller,A,1,True,reliable
RES-03081,Finley Ibarra,A,1,True,degrading
RES-03082,Taylor Whitfield,B,3,False,reliable
RES-03083,Emerson Osei,B,3,True,degrading
RES-03084,Lane Whitfield,B,2,False,reliable
RES-03085,Devon Tran,A,3,False,reliable
RES-03086,Avery Chen,C,2,True,reliable
RES-03087,Alex Hayes,C,5,False,reliable
RES-03088,Jordan Vargas,B,1,True,reliable
RES-03089,Riley Keller,B,3,False,reliable
RES-03090,Payton Whitfield,D,3,True,reliable
RES-03091,Riley Alvarez,A,1,False,reliable
RES-03092,Jamie Chen,A,3,True,reliable
RES-03093,Quinn Bennett,B,3,True,occasionally_late
RES-03094,Elliot Novak,B,2,True,degrading
RES-03095,Taylor Park,A,3,False,reliable
RES-03096,Quinn Underwood,D,3,True,severe
RES-03097,Harper Jensen,B,4,False,degrading
RES-03098,Rowan Yates,A,5,False,reliable
RES-03099,Riley Keller,B,5,False,reliable
RES-03100,Payton Mercer,B,3,False,reliable
RES-03101,Marley Zamora,B,2,True,reliable
RES-03102,Marley Vargas,A,4,False,reliable
RES-03103,Jordan Bennett,A,3,False,reliable
RES-03104,Marley Chen,B,3,False,reliable
RES-03105,Taylor Alvarez,B,2,True,reliable
RES-03106,Taylor Whitfield,C,4,False,reliable
RES-03107,Jamie Dawson,C,1,False,reliable
RES-03108,Emerson Bennett,A,2,False,reliable
RES-03109,Sasha Hayes,B,1,False,reliable
RES-03110,Jordan Dawson,A,5,True,reliable
RES-03111,Hayden Jensen,A,3,True,reliable
RES-03112,Sasha Ellis,A,1,True,reliable
RES-03113,Alex Keller,A,2,True,reliable
RES-03114,Emerson Lamb,C,3,False,reliable
RES-03115,Casey Alvarez,B,2,False,reliable
RES-03116,Finley Jensen,B,1,False,reliable
RES-03117,Kai Novak,A,1,False,reliable
RES-03118,Rowan Alvarez,C,1,False,reliable
RES-03119,Logan Vargas,C,3,True,reliable
RES-03120,Jordan Dawson,B,2,True,reliable
RES-03121,Elliot Novak,C,2,True,reliable
RES-03122,Harper Reyes,D,5,True,reliable
RES-03123,Elliot Keller,C,4,False,reliable
RES-03124,Jamie Quintero,C,3,False,reliable
RES-03125,Micah Zamora,C,5,False,reliable
RES-03126,Emerson Underwood,B,3,True,reliable
RES-03127,Sasha Zamora,D,3,True,degrading
RES-03128,Casey Foster,A,1,False,reliable
RES-03129,Harper Park,D,2,False,reliable
RES-03130,Harper Sandoval,C,1,True,reliable
RES-03131,Morgan Jensen,C,2,False,reliable
RES-03132,Casey Ibarra,D,3,False,reliable
RES-03133,Alex Park,C,2,False,reliable
RES-03134,Quinn Osei,A,3,False,reliable
RES-03135,Emerson Bennett,D,4,False,reliable
RES-03136,Jamie Ibarra,D,2,True,degrading
RES-03137,Kai Quintero,B,2,True,occasionally_late
RES-03138,Kendall Keller,D,3,False,reliable
RES-03139,Avery Lamb,A,3,True,reliable
RES-03140,Skyler Griffin,B,2,False,reliable
RES-03141,Harper Griffin,C,5,True,reliable
RES-03142,Elliot Vargas,B,3,False,reliable
RES-03143,Riley Novak,B,3,True,reliable
RES-03144,Morgan Bennett,C,3,False,reliable
RES-03145,Skyler Osei,D,4,True,reliable
RES-03146,Marley Yates,D,3,True,reliable
RES-03147,Rowan Reyes,C,2,False,reliable
RES-03148,Reese Vargas,B,3,False,reliable
RES-03149,Reese Ellis,B,1,False,reliable
RES-03150,Lane Keller,C,3,True,reliable
RES-03151,Taylor Foster,B,2,True,reliable
RES-03152,Finley Novak,B,3,True,occasionally_late
RES-03153,Kai Whitfield,B,3,False,reliable
RES-03154,Sasha Yates,C,4,False,reliable
RES-03155,Rowan Underwood,B,2,False,reliable
RES-03156,Riley Hayes,C,1,False,reliable
RES-03157,Jamie Underwood,A,4,False,degrading
RES-03158,Finley Griffin,B,1,False,reliable
RES-03159,Emerson Bennett,B,2,False,reliable
RES-03160,Marley Hayes,D,4,True,reliable
RES-03161,Alex Ellis,B,3,False,reliable
RES-03162,Alex Quintero,B,5,True,reliable
RES-03163,Noel Chen,A,3,False,reliable
RES-03164,Elliot Hayes,A,3,True,reliable
RES-03165,Taylor Keller,A,3,True,reliable
RES-03166,Riley Novak,B,5,True,reliable
RES-03167,Avery Park,C,3,False,reliable
RES-03168,Logan Osei,C,2,True,occasionally_late
RES-03169,Jordan Quintero,B,3,True,reliable
RES-03170,Kendall Dawson,B,3,False,reliable
RES-03171,Noel Reyes,B,4,True,reliable
RES-03172,Noel Park,B,1,False,degrading
RES-03173,Kendall Yates,B,3,True,reliable
RES-03174,Rowan Quintero,A,3,False,reliable
RES-03175,Logan Ellis,D,1,True,reliable
RES-03176,Rowan Sandoval,B,5,True,reliable
RES-03177,Micah Park,B,2,True,reliable
RES-03178,Casey Bennett,D,2,False,reliable
RES-03179,Noel Bennett,B,5,True,degrading
RES-03180,Casey Sandoval,C,5,False,reliable
RES-03181,Devon Jensen,C,2,True,reliable
RES-03182,Elliot Park,A,2,False,reliable
RES-03183,Alex Osei,B,1,False,reliable
RES-03184,Payton Ibarra,D,4,True,reliable
RES-03185,Devon Keller,C,3,False,reliable
RES-03186,Kendall Keller,B,5,False,reliable
RES-03187,Logan Dawson,D,2,False,reliable
RES-03188,Jordan Foster,B,2,True,reliable
RES-03189,Morgan Tran,C,5,False,occasionally_late
RES-03190,Marley Underwood,B,3,True,reliable
RES-03191,Morgan Lamb,B,3,True,reliable
RES-03192,Noel Dawson,B,2,True,reliable
RES-03193,Elliot Bennett,B,1,True,reliable
RES-03194,Taylor Osei,B,1,True,reliable
RES-03195,Lane Ellis,D,2,True,reliable
RES-03196,Sasha Ellis,B,1,True,degrading
RES-03197,Taylor Park,D,2,False,reliable
RES-03198,Micah Mercer,B,4,False,reliable
RES-03199,Logan Alvarez,B,5,True,reliable
RES-03200,Marley Foster,C,3,False,reliable
RES-03201,Micah Yates,B,1,False,reliable
RES-03202,Elliot Foster,A,3,True,reliable
RES-03203,Reese Bennett,A,4,True,reliable
RES-03204,Hayden Griffin,B,1,False,degrading
RES-03205,Sasha Lamb,B,2,False,reliable
RES-03206,Rowan Zamora,C,4,True,reliable
RES-03207,Jordan Park,B,5,True,occasionally_late
RES-03208,Micah Whitfield,C,2,False,reliable
RES-03209,Avery Zamora,B,3,False,reliable
RES-03210,Devon Chen,A,3,False,reliable
RES-03211,Alex Mercer,B,2,True,reliable
RES-03212,Kendall Ellis,C,3,False,reliable
RES-03213,Reese Keller,C,4,False,reliable
RES-03214,Harper Keller,A,2,False,reliable
RES-03215,Payton Quintero,A,5,False,degrading
RES-03216,Micah Park,B,5,False,reliable
RES-03217,Kai Foster,D,5,False,reliable
RES-03218,Kendall Park,C,2,False,reliable
RES-03219,Alex Mercer,C,4,False,reliable
RES-03220,Alex Lamb,C,2,False,reliable
RES-03221,Reese Zamora,A,2,False,reliable
RES-03222,Skyler Novak,B,2,True,reliable
RES-03223,Taylor Dawson,B,5,False,reliable
RES-03224,Morgan Vargas,A,2,True,reliable
RES-03225,Emerson Park,B,5,True,degrading
RES-03226,Skyler Whitfield,B,2,False,occasionally_late
RES-03227,Jamie Whitfield,A,3,False,reliable
RES-03228,Harper Dawson,B,3,False,reliable
RES-03229,Emerson Zamora,A,3,False,reliable
RES-03230,Finley Zamora,C,1,False,degrading
RES-03231,Quinn Underwood,B,3,False,occasionally_late
RES-03232,Harper Mercer,B,3,True,reliable
RES-03233,Jordan Lamb,C,3,True,reliable
RES-03234,Marley Alvarez,A,3,True,reliable
RES-03235,Avery Jensen,B,3,False,reliable
RES-03236,Emerson Chen,A,2,True,reliable
RES-03237,Sasha Ibarra,D,5,False,reliable
RES-03238,Taylor Mercer,C,2,False,reliable
RES-03239,Finley Underwood,D,2,False,reliable
RES-03240,Elliot Lamb,B,4,False,reliable
RES-03241,Casey Ellis,A,4,False,reliable
RES-03242,Riley Dawson,C,2,False,reliable
RES-03243,Logan Lamb,A,5,False,reliable
RES-03244,Morgan Jensen,C,3,False,reliable
RES-03245,Payton Dawson,B,4,False,reliable
RES-03246,Noel Zamora,C,4,False,degrading
RES-03247,Devon Underwood,C,3,False,reliable
RES-03248,Elliot Chen,A,3,False,reliable
RES-03249,Harper Sandoval,A,4,False,reliable
RES-03250,Casey Sandoval,A,3,False,occasionally_late
RES-03251,Devon Foster,D,2,False,reliable
RES-03252,Logan Keller,D,1,False,severe
RES-03253,Harper Jensen,B,3,True,reliable
RES-03254,Alex Quintero,A,1,True,reliable
RES-03255,Noel Reyes,A,4,False,reliable
RES-03256,Skyler Bennett,C,1,False,reliable
RES-03257,Kendall Keller,A,3,False,reliable
RES-03258,Payton Quintero,D,4,True,reliable
RES-03259,Finley Underwood,B,3,False,reliable
RES-03260,Micah Quintero,C,3,True,occasionally_late
RES-03261,Marley Ibarra,B,1,True,reliable
RES-03262,Emerson Lamb,C,4,True,reliable
RES-03263,Harper Jensen,A,2,True,reliable
RES-03264,Noel Tran,A,2,True,reliable
RES-03265,Rowan Griffin,D,3,False,reliable
RES-03266,Sasha Osei,B,3,False,reliable
RES-03267,Morgan Yates,D,3,False,reliable
RES-03268,Micah Jensen,C,5,False,reliable
RES-03269,Harper Osei,C,3,True,reliable
RES-03270,Alex Underwood,A,2,True,reliable
RES-03271,Avery Reyes,B,2,False,reliable
RES-03272,Devon Yates,C,5,True,reliable
RES-03273,Harper Quintero,A,3,False,reliable
RES-03274,Jamie Griffin,A,3,True,reliable
RES-03275,Sasha Hayes,A,2,False,reliable
RES-03276,Harper Novak,B,2,True,reliable
RES-03277,Taylor Ellis,A,4,False,reliable
RES-03278,Noel Foster,C,3,False,reliable
RES-03279,Skyler Mercer,C,2,False,severe
RES-03280,Noel Quintero,B,3,True,reliable
RES-03281,Casey Hayes,A,3,False,reliable
RES-03282,Sasha Griffin,D,2,True,severe
RES-03283,Sasha Underwood,B,2,True,occasionally_late
RES-03284,Finley Bennett,B,3,True,occasionally_late
RES-03285,Quinn Hayes,B,2,True,reliable
RES-03286,Finley Jensen,B,2,True,reliable
RES-03287,Casey Reyes,A,3,False,reliable
RES-03288,Rowan Tran,B,2,False,reliable
RES-03289,Jamie Griffin,C,3,False,reliable
RES-03290,Avery Lamb,C,4,False,reliable
RES-03291,Hayden Quintero,C,5,True,reliable
RES-03292,Jamie Keller,D,2,False,reliable
RES-03293,Morgan Park,C,4,False,reliable
RES-03294,Avery Whitfield,C,3,True,reliable
RES-03295,Noel Park,D,2,True,reliable
RES-03296,Jordan Mercer,A,2,False,reliable
RES-03297,Marley Dawson,A,3,True,reliable
RES-03298,Jamie Alvarez,B,2,True,reliable
RES-03299,Harper Ellis,B,4,False,reliable
RES-03300,Emerson Quintero,C,2,False,occasionally_late
RES-03301,Noel Novak,A,4,False,reliable
RES-03302,Quinn Yates,B,2,True,reliable
RES-03303,Avery Novak,B,3,False,reliable
RES-03304,Payton Mercer,B,2,True,reliable
RES-03305,Logan Vargas,C,1,True,reliable
RES-03306,Elliot Alvarez,A,3,False,reliable
RES-03307,Marley Alvarez,C,3,True,severe
RES-03308,Emerson Quintero,C,3,True,degrading
RES-03309,Kendall Dawson,A,2,False,reliable
RES-03310,Riley Hayes,D,2,False,reliable
RES-03311,Hayden Lamb,C,2,False,reliable
RES-03312,Jamie Reyes,A,3,True,reliable
RES-03313,Hayden Zamora,A,4,True,reliable
RES-03314,Alex Lamb,D,1,False,occasionally_late
RES-03315,Hayden Novak,C,2,True,occasionally_late
RES-03316,Payton Tran,A,3,False,reliable
RES-03317,Casey Ellis,B,4,False,reliable
RES-03318,Finley Park,C,1,False,reliable
RES-03319,Payton Hayes,A,4,False,reliable
RES-03320,Rowan Dawson,B,4,False,severe
RES-03321,Jamie Underwood,C,2,False,occasionally_late
RES-03322,Lane Hayes,D,1,True,reliable
RES-03323,Jamie Chen,D,3,False,reliable
RES-03324,Quinn Whitfield,A,1,True,reliable
RES-03325,Casey Dawson,A,2,True,reliable
RES-03326,Kai Tran,B,2,True,reliable
RES-03327,Reese Whitfield,A,2,False,reliable
RES-03328,Kendall Vargas,D,2,False,reliable
RES-03329,Harper Ellis,B,3,True,reliable
RES-03330,Kai Park,A,3,False,reliable
RES-03331,Reese Foster,B,5,False,reliable
RES-03332,Riley Foster,A,4,True,occasionally_late
RES-03333,Jamie Dawson,B,5,False,reliable
RES-03334,Morgan Jensen,B,1,False,reliable
RES-03335,Harper Jensen,C,3,False,reliable
RES-03336,Payton Chen,B,5,True,degrading
RES-03337,Elliot Bennett,B,5,False,reliable
RES-03338,Devon Whitfield,D,2,False,reliable
RES-03339,Kendall Underwood,C,3,True,reliable
RES-03340,Kai Novak,C,3,True,reliable
RES-03341,Payton Tran,D,5,False,reliable
RES-03342,Emerson Whitfield,C,3,False,reliable
RES-03343,Devon Hayes,A,1,False,reliable
RES-03344,Emerson Novak,B,1,False,reliable
RES-03345,Marley Foster,C,4,True,degrading
RES-03346,Casey Tran,A,3,True,reliable
RES-03347,Harper Jensen,A,4,True,reliable
RES-03348,Avery Zamora,A,2,True,reliable
RES-03349,Logan Ibarra,A,2,True,reliable
RES-03350,Jordan Chen,C,4,False,reliable
RES-03351,Alex Novak,C,4,False,reliable
RES-03352,Alex Mercer,D,2,True,reliable
RES-03353,Kai Vargas,B,2,True,reliable
RES-03354,Quinn Dawson,A,2,True,reliable
RES-03355,Reese Chen,B,3,False,reliable
RES-03356,Taylor Underwood,A,4,False,occasionally_late
RES-03357,Avery Jensen,A,3,True,reliable
RES-03358,Lane Chen,A,2,False,occasionally_late
RES-03359,Avery Zamora,B,1,False,reliable
RES-03360,Finley Reyes,B,2,False,reliable
RES-03361,Avery Osei,A,1,False,reliable
RES-03362,Payton Tran,D,5,False,reliable
RES-03363,Noel Whitfield,C,2,True,occasionally_late
RES-03364,Payton Zamora,C,3,False,reliable
RES-03365,Alex Vargas,C,4,True,reliable
RES-03366,Sasha Dawson,C,4,True,degrading
RES-03367,Harper Jensen,A,2,False,degrading
RES-03368,Micah Mercer,B,3,False,reliable
RES-03369,Sasha Park,B,3,False,reliable
RES-03370,Jamie Keller,A,2,False,degrading
RES-03371,Kai Ibarra,B,5,False,reliable
RES-03372,Harper Ibarra,B,2,False,reliable
RES-03373,Logan Osei,A,3,False,reliable
RES-03374,Jamie Ellis,B,3,False,degrading
RES-03375,Micah Mercer,A,2,False,reliable
RES-03376,Logan Griffin,A,3,True,reliable
RES-03377,Micah Hayes,C,3,False,reliable
RES-03378,Jordan Jensen,B,1,False,reliable
RES-03379,Alex Tran,C,4,False,reliable
RES-03380,Avery Keller,D,1,True,reliable
RES-03381,Kai Chen,B,2,True,reliable
RES-03382,Payton Yates,C,4,False,reliable
RES-03383,Logan Keller,B,3,False,degrading
RES-03384,Casey Dawson,A,3,True,reliable
RES-03385,Kai Sandoval,C,5,True,reliable
RES-03386,Micah Bennett,B,4,True,reliable
RES-03387,Riley Ellis,C,3,True,occasionally_late
RES-03388,Quinn Park,B,2,False,reliable
RES-03389,Kai Vargas,B,4,False,reliable
RES-03390,Morgan Novak,C,4,True,reliable
RES-03391,Kai Jensen,B,3,False,reliable
RES-03392,Harper Tran,D,3,True,reliable
RES-03393,Lane Park,A,3,True,reliable
RES-03394,Morgan Jensen,C,2,False,reliable
RES-03395,Riley Chen,B,5,True,reliable
RES-03396,Payton Whitfield,D,2,False,reliable
RES-03397,Payton Reyes,B,3,True,severe
RES-03398,Hayden Park,B,1,True,occasionally_late
RES-03399,Finley Hayes,B,2,False,reliable
RES-03400,Micah Novak,B,3,False,reliable
RES-03401,Emerson Park,B,3,True,reliable
RES-03402,Elliot Vargas,C,2,False,reliable
RES-03403,Lane Quintero,A,1,True,reliable
RES-03404,Noel Osei,B,2,True,degrading
RES-03405,Logan Osei,B,3,True,reliable
RES-03406,Sasha Yates,C,3,True,reliable
RES-03407,Riley Osei,A,4,True,reliable
RES-03408,Micah Quintero,A,3,True,reliable
RES-03409,Finley Quintero,A,2,False,reliable
RES-03410,Sasha Foster,C,4,False,reliable
RES-03411,Avery Sandoval,A,3,False,reliable
RES-03412,Quinn Chen,B,4,False,degrading
RES-03413,Morgan Griffin,C,1,False,reliable
RES-03414,Riley Bennett,B,3,True,reliable
RES-03415,Finley Ibarra,A,2,True,reliable
RES-03416,Sasha Quintero,C,5,False,degrading
RES-03417,Elliot Mercer,B,1,True,degrading
RES-03418,Reese Keller,B,5,True,reliable
RES-03419,Avery Zamora,D,3,True,reliable
RES-03420,Noel Bennett,C,2,True,reliable
RES-03421,Logan Osei,A,2,False,reliable
RES-03422,Avery Yates,C,4,False,reliable
RES-03423,Taylor Quintero,B,4,False,reliable
RES-03424,Riley Foster,B,3,True,reliable
RES-03425,Skyler Jensen,B,4,False,reliable
RES-03426,Payton Hayes,D,3,True,reliable
RES-03427,Payton Quintero,B,3,True,degrading
RES-03428,Hayden Griffin,D,1,False,reliable
RES-03429,Riley Zamora,A,3,False,reliable
RES-03430,Avery Bennett,A,3,False,reliable
RES-03431,Kai Griffin,B,5,True,reliable
RES-03432,Elliot Chen,B,5,True,reliable
RES-03433,Taylor Underwood,B,3,False,reliable
RES-03434,Morgan Griffin,A,3,False,reliable
RES-03435,Casey Whitfield,B,3,False,reliable
RES-03436,Kendall Osei,A,2,True,reliable
RES-03437,Harper Whitfield,B,1,False,reliable
RES-03438,Casey Keller,D,2,True,reliable
RES-03439,Avery Dawson,A,1,True,reliable
RES-03440,Kendall Lamb,B,3,False,reliable
RES-03441,Casey Vargas,D,1,False,reliable
RES-03442,Elliot Bennett,C,3,False,reliable
RES-03443,Emerson Sandoval,A,1,False,reliable
RES-03444,Reese Keller,A,1,True,reliable
RES-03445,Micah Whitfield,B,4,False,degrading
RES-03446,Reese Jensen,A,3,False,reliable
RES-03447,Kai Bennett,D,1,False,reliable
RES-03448,Casey Alvarez,C,2,False,reliable
RES-03449,Kai Quintero,D,5,False,reliable
RES-03450,Avery Mercer,D,5,False,reliable
RES-03451,Jordan Alvarez,C,2,True,reliable
RES-03452,Riley Sandoval,B,3,False,reliable
RES-03453,Reese Park,B,5,False,reliable
RES-03454,Skyler Yates,D,3,False,reliable
RES-03455,Quinn Hayes,A,1,False,reliable
RES-03456,Sasha Alvarez,A,3,False,reliable
RES-03457,Logan Bennett,D,3,True,reliable
RES-03458,Sasha Underwood,C,1,True,reliable
RES-03459,Morgan Zamora,A,4,False,reliable
RES-03460,Casey Keller,C,4,True,reliable
RES-03461,Jamie Alvarez,D,4,False,reliable
RES-03462,Finley Chen,B,1,False,reliable
RES-03463,Finley Foster,B,1,True,reliable
RES-03464,Noel Griffin,B,4,False,reliable
RES-03465,Sasha Foster,C,2,True,reliable
RES-03466,Emerson Whitfield,A,1,False,reliable
RES-03467,Jamie Osei,A,1,False,reliable
RES-03468,Alex Osei,B,5,True,reliable
RES-03469,Emerson Ellis,B,3,False,reliable
RES-03470,Morgan Bennett,B,4,True,occasionally_late
RES-03471,Lane Tran,B,4,True,reliable
RES-03472,Marley Osei,B,5,False,degrading
RES-03473,Morgan Ibarra,B,2,False,reliable
RES-03474,Rowan Griffin,B,4,False,reliable
RES-03475,Quinn Bennett,C,1,False,degrading
RES-03476,Jamie Jensen,C,4,True,degrading
RES-03477,Harper Ibarra,B,3,False,reliable
RES-03478,Skyler Dawson,A,2,False,reliable
RES-03479,Noel Yates,A,5,False,degrading
RES-03480,Sasha Underwood,B,2,False,reliable
RES-03481,Jamie Dawson,D,3,True,reliable
RES-03482,Alex Osei,D,2,False,reliable
RES-03483,Kendall Zamora,B,5,False,reliable
RES-03484,Finley Tran,A,3,False,reliable
RES-03485,Morgan Tran,C,3,False,reliable
RES-03486,Quinn Tran,A,2,False,reliable
RES-03487,Rowan Mercer,B,3,False,reliable
RES-03488,Rowan Jensen,A,4,False,reliable
RES-03489,Marley Chen,C,1,True,reliable
RES-03490,Hayden Reyes,C,5,True,occasionally_late
RES-03491,Riley Lamb,D,5,False,reliable
RES-03492,Rowan Ellis,C,5,True,reliable
RES-03493,Jordan Keller,C,2,False,reliable
RES-03494,Taylor Foster,B,2,False,reliable
RES-03495,Riley Novak,B,3,False,reliable
RES-03496,Jamie Quintero,B,5,True,reliable
RES-03497,Finley Keller,C,2,True,reliable
RES-03498,Hayden Whitfield,B,5,True,reliable
RES-03499,Skyler Bennett,C,2,False,reliable
RES-03500,Noel Zamora,B,2,False,occasionally_late
RES-03501,Hayden Ibarra,A,3,False,reliable
RES-03502,Rowan Hayes,B,4,False,degrading
RES-03503,Marley Bennett,A,5,False,reliable
RES-03504,Emerson Mercer,D,4,False,reliable
RES-03505,Riley Vargas,B,2,True,degrading
RES-03506,Marley Ellis,B,2,False,reliable
RES-03507,Devon Bennett,C,5,True,reliable
RES-03508,Skyler Osei,B,1,False,reliable
RES-03509,Devon Keller,A,4,False,degrading
RES-03510,Kendall Lamb,A,5,True,reliable
RES-03511,Jordan Vargas,B,3,True,reliable
RES-03512,Micah Jensen,C,5,False,reliable
RES-03513,Riley Underwood,A,2,False,reliable
RES-03514,Elliot Underwood,C,2,False,reliable
RES-03515,Lane Keller,B,3,True,occasionally_late
RES-03516,Riley Reyes,D,1,False,degrading
RES-03517,Avery Ibarra,D,5,False,severe
RES-03518,Riley Foster,C,2,False,severe
RES-03519,Finley Ibarra,C,1,True,degrading
RES-03520,Jamie Ellis,C,3,False,reliable
RES-03521,Lane Park,C,4,False,reliable
RES-03522,Payton Osei,B,2,True,reliable
RES-03523,Lane Mercer,C,2,False,degrading
RES-03524,Jamie Quintero,D,5,False,reliable
RES-03525,Marley Park,B,1,True,reliable
RES-03526,Morgan Sandoval,B,3,False,occasionally_late
RES-03527,Taylor Mercer,D,4,False,reliable
RES-03528,Riley Whitfield,C,2,False,reliable
RES-03529,Alex Underwood,C,5,True,reliable
RES-03530,Sasha Tran,B,3,True,reliable
RES-03531,Jordan Mercer,C,3,True,reliable
RES-03532,Marley Lamb,B,3,True,reliable
RES-03533,Jamie Vargas,B,2,True,reliable
RES-03534,Sasha Vargas,D,4,False,reliable
RES-03535,Hayden Griffin,D,3,False,reliable
RES-03536,Devon Jensen,A,3,True,reliable
RES-03537,Kai Alvarez,A,4,False,reliable
RES-03538,Finley Ellis,C,2,False,degrading
RES-03539,Jordan Dawson,A,4,False,reliable
RES-03540,Devon Bennett,D,3,True,reliable
RES-03541,Morgan Ellis,A,4,True,reliable
RES-03542,Devon Reyes,A,1,True,reliable
RES-03543,Jordan Osei,A,3,False,degrading
RES-03544,Kai Ibarra,C,2,True,degrading
RES-03545,Marley Reyes,A,3,True,reliable
RES-03546,Jamie Underwood,B,3,False,reliable
RES-03547,Emerson Underwood,B,3,False,reliable
RES-03548,Reese Alvarez,A,3,False,occasionally_late
RES-03549,Jamie Novak,A,3,False,occasionally_late
RES-03550,Noel Underwood,A,3,False,reliable
RES-03551,Jordan Griffin,B,5,False,occasionally_late
RES-03552,Noel Osei,C,3,False,reliable
RES-03553,Hayden Ellis,C,5,False,reliable
RES-03554,Harper Novak,D,3,True,reliable
RES-03555,Reese Yates,A,1,False,severe
RES-03556,Casey Sandoval,C,1,False,reliable
RES-03557,Avery Chen,A,3,True,reliable
RES-03558,Sasha Sandoval,D,3,False,reliable
RES-03559,Lane Whitfield,B,3,True,reliable
RES-03560,Avery Foster,C,2,True,reliable
RES-03561,Micah Mercer,B,1,True,reliable
RES-03562,Devon Ellis,C,5,False,severe
RES-03563,Kendall Mercer,B,2,True,degrading
RES-03564,Sasha Tran,B,3,True,occasionally_late
RES-03565,Logan Chen,B,3,False,reliable
RES-03566,Quinn Quintero,B,5,True,reliable
RES-03567,Payton Underwood,C,2,True,reliable
RES-03568,Micah Osei,C,2,False,reliable
RES-03569,Finley Reyes,A,2,True,reliable
RES-03570,Reese Chen,B,4,False,occasionally_late
RES-03571,Devon Yates,B,3,False,reliable
RES-03572,Logan Vargas,B,5,False,reliable
RES-03573,Noel Bennett,D,3,False,reliable
RES-03574,Morgan Mercer,B,4,True,reliable
RES-03575,Quinn Whitfield,B,4,True,reliable
RES-03576,Riley Chen,A,3,False,reliable
RES-03577,Morgan Mercer,A,1,False,reliable
RES-03578,Alex Novak,D,3,False,degrading
RES-03579,Micah Chen,C,3,False,reliable
RES-03580,Alex Quintero,C,3,True,reliable
RES-03581,Lane Hayes,A,3,True,degrading
RES-03582,Sasha Park,D,4,False,reliable
RES-03583,Noel Chen,A,4,False,occasionally_late
RES-03584,Devon Griffin,D,3,True,occasionally_late
RES-03585,Avery Park,B,2,False,reliable
RES-03586,Kai Ellis,B,1,True,reliable
RES-03587,Harper Alvarez,C,3,False,reliable
RES-03588,Devon Whitfield,A,3,False,reliable
RES-03589,Taylor Jensen,D,3,True,reliable
RES-03590,Emerson Griffin,B,3,True,reliable
RES-03591,Payton Osei,B,3,False,reliable
RES-03592,Sasha Dawson,C,2,False,reliable
RES-03593,Micah Osei,B,5,False,reliable
RES-03594,Payton Reyes,C,2,False,reliable
RES-03595,Avery Chen,B,3,False,reliable
RES-03596,Quinn Jensen,A,2,False,reliable
RES-03597,Lane Sandoval,D,2,False,reliable
RES-03598,Casey Tran,C,3,True,degrading
RES-03599,Lane Yates,D,1,False,severe
RES-03600,Micah Keller,B,2,True,reliable
RES-03601,Jordan Tran,C,2,True,degrading
RES-03602,Riley Alvarez,D,4,True,reliable
RES-03603,Reese Osei,A,3,False,reliable
RES-03604,Lane Tran,B,3,True,reliable
RES-03605,Elliot Jensen,B,3,True,degrading
RES-03606,Jamie Reyes,B,4,True,reliable
RES-03607,Jamie Dawson,B,1,False,reliable
RES-03608,Kendall Whitfield,B,3,True,reliable
RES-03609,Hayden Keller,B,3,False,reliable
RES-03610,Payton Hayes,C,2,False,reliable
RES-03611,Finley Lamb,B,2,False,reliable
RES-03612,Rowan Sandoval,B,4,True,reliable
RES-03613,Jordan Ibarra,C,5,False,reliable
RES-03614,Lane Quintero,B,2,True,reliable
RES-03615,Kai Quintero,A,4,True,reliable
RES-03616,Payton Jensen,A,1,False,reliable
RES-03617,Lane Tran,C,4,True,reliable
RES-03618,Elliot Foster,B,2,False,reliable
RES-03619,Alex Yates,C,1,True,reliable
RES-03620,Jordan Osei,B,1,True,reliable
RES-03621,Skyler Ibarra,A,2,True,reliable
RES-03622,Jordan Bennett,A,2,True,reliable
RES-03623,Riley Dawson,A,2,False,reliable
RES-03624,Logan Yates,B,1,False,reliable
RES-03625,Elliot Zamora,A,2,False,reliable
RES-03626,Quinn Underwood,A,5,True,reliable
RES-03627,Marley Lamb,A,4,False,reliable
RES-03628,Jamie Griffin,A,2,True,reliable
RES-03629,Reese Zamora,D,5,True,reliable
RES-03630,Sasha Sandoval,B,2,True,reliable
RES-03631,Kendall Griffin,B,5,False,reliable
RES-03632,Payton Ellis,C,2,False,reliable
RES-03633,Kendall Vargas,B,2,False,reliable
RES-03634,Morgan Ibarra,D,5,True,reliable
RES-03635,Finley Underwood,A,3,True,reliable
RES-03636,Riley Mercer,C,4,True,degrading
RES-03637,Riley Mercer,C,2,False,reliable
RES-03638,Marley Yates,D,1,True,reliable
RES-03639,Jamie Tran,B,2,True,reliable
RES-03640,Rowan Ellis,A,3,False,reliable
RES-03641,Riley Mercer,A,3,True,reliable
RES-03642,Finley Jensen,B,3,False,reliable
RES-03643,Marley Griffin,D,2,True,reliable
RES-03644,Payton Yates,A,1,False,reliable
RES-03645,Lane Park,D,3,False,occasionally_late
RES-03646,Hayden Jensen,B,5,True,occasionally_late
RES-03647,Reese Lamb,C,3,True,degrading
RES-03648,Emerson Dawson,B,3,True,reliable
RES-03649,Taylor Reyes,A,4,True,reliable
RES-03650,Jamie Osei,B,3,True,degrading
RES-03651,Lane Jensen,A,2,True,reliable
RES-03652,Payton Hayes,B,4,True,reliable
RES-03653,Alex Quintero,D,5,True,occasionally_late
RES-03654,Kendall Alvarez,B,2,False,reliable
RES-03655,Rowan Mercer,B,2,False,reliable
RES-03656,Finley Mercer,B,2,False,reliable
RES-03657,Logan Foster,B,2,True,reliable
RES-03658,Micah Underwood,B,5,True,reliable
RES-03659,Micah Whitfield,A,3,True,reliable
RES-03660,Hayden Foster,B,4,False,reliable
RES-03661,Reese Ellis,B,2,False,reliable
RES-03662,Sasha Foster,A,3,True,reliable
RES-03663,Elliot Whitfield,A,2,True,reliable
RES-03664,Avery Ellis,C,5,False,reliable
RES-03665,Lane Griffin,A,5,False,reliable
RES-03666,Sasha Mercer,A,1,False,occasionally_late
RES-03667,Jordan Mercer,A,3,False,reliable
RES-03668,Kai Sandoval,B,2,False,reliable
RES-03669,Sasha Lamb,C,1,False,reliable
RES-03670,Alex Whitfield,D,4,True,reliable
RES-03671,Rowan Vargas,C,2,False,reliable
RES-03672,Kendall Osei,A,2,False,reliable
RES-03673,Devon Osei,B,2,True,reliable
RES-03674,Logan Ellis,B,4,True,reliable
RES-03675,Morgan Jensen,D,2,True,reliable
RES-03676,Logan Novak,D,3,True,occasionally_late
RES-03677,Avery Quintero,C,2,False,reliable
RES-03678,Sasha Underwood,D,3,False,reliable
RES-03679,Casey Vargas,A,3,True,reliable
RES-03680,Jordan Zamora,D,2,False,reliable
RES-03681,Elliot Ellis,A,2,False,reliable
RES-03682,Harper Novak,A,2,False,reliable
RES-03683,Kendall Ibarra,B,3,True,occasionally_late
RES-03684,Jordan Lamb,D,3,True,reliable
RES-03685,Rowan Foster,B,5,False,reliable
RES-03686,Marley Bennett,C,3,False,reliable
RES-03687,Elliot Sandoval,A,3,True,reliable
RES-03688,Casey Zamora,C,5,False,reliable
RES-03689,Devon Park,A,4,False,degrading
RES-03690,Kai Underwood,B,2,True,reliable
RES-03691,Micah Foster,A,1,False,reliable
RES-03692,Avery Lamb,A,1,False,degrading
RES-03693,Alex Tran,C,3,True,reliable
RES-03694,Kai Mercer,C,1,False,reliable
RES-03695,Elliot Alvarez,A,2,False,reliable
RES-03696,Alex Osei,C,3,False,degrading
RES-03697,Noel Zamora,B,5,True,reliable
RES-03698,Avery Alvarez,B,2,True,reliable
RES-03699,Skyler Ellis,B,2,False,occasionally_late
RES-03700,Emerson Underwood,A,4,True,reliable
RES-03701,Devon Griffin,C,3,True,reliable
RES-03702,Sasha Hayes,D,5,False,severe
RES-03703,Riley Alvarez,A,5,False,reliable
RES-03704,Quinn Chen,C,4,False,reliable
RES-03705,Kendall Ellis,D,3,False,occasionally_late
RES-03706,Reese Park,D,3,False,reliable
RES-03707,Jamie Tran,C,2,True,reliable
RES-03708,Quinn Zamora,B,2,False,reliable
RES-03709,Riley Jensen,C,3,True,reliable
RES-03710,Noel Osei,A,4,False,reliable
RES-03711,Payton Quintero,C,2,False,reliable
RES-03712,Emerson Yates,C,4,False,reliable
RES-03713,Jamie Lamb,A,2,False,reliable
RES-03714,Avery Mercer,B,2,False,severe
RES-03715,Marley Ibarra,D,1,False,degrading
RES-03716,Marley Ellis,B,4,True,reliable
RES-03717,Marley Underwood,B,5,True,reliable
RES-03718,Finley Underwood,C,5,False,severe
RES-03719,Casey Alvarez,B,3,False,degrading
RES-03720,Emerson Sandoval,B,3,True,degrading
RES-03721,Jamie Ellis,B,5,True,degrading
RES-03722,Payton Jensen,C,1,True,reliable
RES-03723,Marley Sandoval,B,3,False,reliable
RES-03724,Marley Underwood,B,5,False,reliable
RES-03725,Micah Keller,B,5,True,reliable
RES-03726,Kendall Yates,A,5,True,reliable
RES-03727,Finley Hayes,A,3,False,reliable
RES-03728,Harper Bennett,D,2,False,reliable
RES-03729,Jordan Chen,C,3,False,reliable
RES-03730,Casey Reyes,B,2,True,reliable
RES-03731,Alex Alvarez,A,3,True,reliable
RES-03732,Kendall Lamb,A,3,False,reliable
RES-03733,Riley Novak,C,2,False,reliable
RES-03734,Micah Hayes,B,1,True,reliable
RES-03735,Jamie Zamora,D,2,False,reliable
RES-03736,Taylor Whitfield,B,1,False,degrading
RES-03737,Lane Reyes,C,1,False,reliable
RES-03738,Logan Hayes,A,3,False,reliable
RES-03739,Morgan Novak,C,2,True,reliable
RES-03740,Avery Lamb,A,4,False,degrading
RES-03741,Finley Chen,B,2,False,degrading
RES-03742,Micah Reyes,D,3,False,reliable
RES-03743,Finley Underwood,A,1,False,occasionally_late
RES-03744,Taylor Griffin,B,5,False,degrading
RES-03745,Rowan Park,D,5,False,reliable
RES-03746,Jordan Novak,D,3,True,reliable
RES-03747,Rowan Jensen,D,3,True,reliable
RES-03748,Lane Hayes,C,2,True,reliable
RES-03749,Skyler Underwood,A,5,False,reliable
RES-03750,Jamie Chen,A,2,False,reliable
RES-03751,Taylor Reyes,B,3,True,reliable
RES-03752,Jordan Chen,A,3,True,reliable
RES-03753,Casey Chen,A,5,True,reliable
RES-03754,Jordan Vargas,B,3,False,reliable
RES-03755,Riley Alvarez,B,2,False,reliable
RES-03756,Avery Ellis,A,5,False,reliable
RES-03757,Finley Dawson,C,5,True,reliable
RES-03758,Elliot Underwood,C,2,True,degrading
RES-03759,Kai Keller,C,3,True,reliable
RES-03760,Quinn Foster,A,3,True,reliable
RES-03761,Logan Yates,C,3,False,reliable
RES-03762,Noel Tran,D,2,False,occasionally_late
RES-03763,Quinn Alvarez,A,4,True,reliable
RES-03764,Jamie Underwood,B,5,False,reliable
RES-03765,Logan Park,B,2,False,reliable
RES-03766,Jamie Jensen,C,3,False,occasionally_late
RES-03767,Alex Osei,A,3,False,reliable
RES-03768,Morgan Sandoval,B,1,False,reliable
RES-03769,Devon Ibarra,A,1,False,reliable
RES-03770,Payton Bennett,D,3,True,reliable
RES-03771,Jamie Vargas,C,2,False,reliable
RES-03772,Avery Quintero,B,5,False,reliable
RES-03773,Lane Mercer,C,4,False,reliable
RES-03774,Harper Whitfield,C,4,False,degrading
RES-03775,Kendall Vargas,B,1,True,reliable
RES-03776,Hayden Chen,B,2,True,reliable
RES-03777,Payton Novak,A,3,True,degrading
RES-03778,Finley Griffin,A,4,True,reliable
RES-03779,Reese Chen,D,4,False,reliable
RES-03780,Jamie Novak,C,3,False,occasionally_late
RES-03781,Jordan Hayes,D,2,False,reliable
RES-03782,Harper Dawson,B,2,False,reliable
RES-03783,Harper Ibarra,B,3,False,reliable
RES-03784,Micah Ellis,B,3,True,reliable
RES-03785,Noel Chen,A,1,True,reliable
RES-03786,Taylor Park,B,4,True,reliable
RES-03787,Noel Osei,B,2,False,reliable
RES-03788,Reese Bennett,A,3,True,reliable
RES-03789,Kai Sandoval,A,3,True,reliable
RES-03790,Noel Lamb,B,3,True,reliable
RES-03791,Noel Mercer,B,3,False,reliable
RES-03792,Finley Alvarez,C,3,False,degrading
RES-03793,Noel Keller,C,4,True,reliable
RES-03794,Payton Griffin,A,4,False,reliable
RES-03795,Jordan Dawson,B,1,False,reliable
RES-03796,Morgan Chen,C,2,False,reliable
RES-03797,Finley Griffin,B,2,False,reliable
RES-03798,Rowan Lamb,A,4,False,reliable
RES-03799,Kai Reyes,A,2,True,reliable
RES-03800,Finley Park,B,2,False,degrading
RES-03801,Alex Ellis,B,2,False,degrading
RES-03802,Reese Osei,C,3,False,reliable
RES-03803,Kai Underwood,A,4,False,reliable
RES-03804,Rowan Zamora,C,3,False,reliable
RES-03805,Elliot Hayes,B,3,False,reliable
RES-03806,Morgan Underwood,B,2,False,reliable
RES-03807,Sasha Foster,A,4,False,reliable
RES-03808,Rowan Chen,C,1,False,reliable
RES-03809,Devon Jensen,B,3,False,reliable
RES-03810,Noel Zamora,C,1,True,reliable
RES-03811,Hayden Sandoval,B,2,True,occasionally_late
RES-03812,Morgan Jensen,C,2,True,reliable
RES-03813,Harper Quintero,C,1,True,degrading
RES-03814,Alex Osei,C,2,True,reliable
RES-03815,Skyler Ibarra,A,5,False,reliable
RES-03816,Kai Tran,B,3,True,degrading
RES-03817,Jamie Reyes,A,4,False,reliable
RES-03818,Reese Lamb,A,3,True,reliable
RES-03819,Avery Bennett,B,2,True,reliable
RES-03820,Elliot Yates,B,2,False,reliable
RES-03821,Avery Jensen,C,3,False,reliable
RES-03822,Jamie Yates,C,2,True,reliable
RES-03823,Skyler Griffin,C,2,True,reliable
RES-03824,Emerson Keller,C,4,True,occasionally_late
RES-03825,Rowan Alvarez,B,2,False,occasionally_late
RES-03826,Casey Keller,A,5,False,reliable
RES-03827,Morgan Jensen,C,5,True,occasionally_late
RES-03828,Rowan Sandoval,C,3,False,reliable
RES-03829,Morgan Vargas,A,5,False,reliable
RES-03830,Devon Ibarra,D,4,False,occasionally_late
RES-03831,Morgan Sandoval,A,3,True,reliable
RES-03832,Casey Lamb,B,2,False,reliable
RES-03833,Sasha Reyes,B,3,False,reliable
RES-03834,Riley Bennett,B,3,True,reliable
RES-03835,Elliot Sandoval,C,2,False,reliable
RES-03836,Sasha Yates,A,5,True,occasionally_late
RES-03837,Kai Vargas,A,1,True,reliable
RES-03838,Devon Mercer,A,4,False,reliable
RES-03839,Jordan Vargas,C,5,False,reliable
RES-03840,Logan Quintero,B,3,True,reliable
RES-03841,Noel Tran,A,2,False,reliable
RES-03842,Riley Bennett,C,2,False,reliable
RES-03843,Skyler Bennett,C,3,True,reliable
RES-03844,Payton Sandoval,C,3,True,reliable
RES-03845,Alex Tran,B,3,False,reliable
RES-03846,Kai Osei,B,5,True,occasionally_late
RES-03847,Hayden Chen,B,2,True,reliable
RES-03848,Jordan Jensen,B,4,False,reliable
RES-03849,Alex Zamora,B,1,True,reliable
RES-03850,Quinn Ibarra,D,3,False,reliable
RES-03851,Harper Dawson,B,3,True,degrading
RES-03852,Micah Ibarra,B,1,True,reliable
RES-03853,Harper Ellis,A,5,False,reliable
RES-03854,Sasha Bennett,C,2,False,reliable
RES-03855,Skyler Tran,A,4,False,reliable
RES-03856,Hayden Reyes,B,1,False,reliable
RES-03857,Noel Yates,A,1,True,occasionally_late
RES-03858,Finley Jensen,C,3,True,reliable
RES-03859,Alex Novak,C,3,True,severe
RES-03860,Micah Keller,B,2,False,reliable
RES-03861,Morgan Quintero,B,5,False,reliable
RES-03862,Casey Tran,B,2,False,reliable
RES-03863,Rowan Mercer,C,3,False,reliable
RES-03864,Elliot Reyes,B,2,True,reliable
RES-03865,Alex Alvarez,A,4,False,reliable
RES-03866,Quinn Whitfield,B,3,True,occasionally_late
RES-03867,Noel Yates,B,1,False,reliable
RES-03868,Taylor Whitfield,A,2,False,occasionally_late
RES-03869,Elliot Alvarez,B,1,False,reliable
RES-03870,Marley Yates,B,3,True,reliable
RES-03871,Casey Yates,B,3,True,reliable
RES-03872,Sasha Hayes,A,1,False,reliable
RES-03873,Lane Park,D,3,True,reliable
RES-03874,Skyler Chen,D,3,False,reliable
RES-03875,Jamie Vargas,C,2,True,reliable
RES-03876,Jordan Underwood,B,4,False,reliable
RES-03877,Hayden Hayes,C,4,True,reliable
RES-03878,Sasha Jensen,A,2,True,degrading
RES-03879,Sasha Underwood,A,5,False,reliable
RES-03880,Taylor Keller,C,3,True,reliable
RES-03881,Kendall Griffin,A,2,False,reliable
RES-03882,Micah Hayes,B,5,True,reliable
RES-03883,Elliot Ellis,A,2,False,reliable
RES-03884,Elliot Vargas,C,3,True,reliable
RES-03885,Elliot Jensen,C,3,False,reliable
RES-03886,Hayden Alvarez,D,3,False,reliable
RES-03887,Marley Hayes,B,5,False,reliable
RES-03888,Sasha Dawson,B,4,True,reliable
RES-03889,Emerson Lamb,B,2,True,reliable
RES-03890,Devon Chen,C,2,False,reliable
RES-03891,Taylor Foster,B,2,True,occasionally_late
RES-03892,Jordan Osei,C,4,True,occasionally_late
RES-03893,Avery Vargas,A,2,True,reliable
RES-03894,Reese Quintero,C,2,True,reliable
RES-03895,Riley Tran,C,1,False,reliable
RES-03896,Harper Griffin,D,2,False,reliable
RES-03897,Noel Griffin,B,2,True,occasionally_late
RES-03898,Micah Novak,B,4,True,degrading
RES-03899,Morgan Alvarez,B,1,False,degrading
RES-03900,Kai Chen,A,2,False,reliable
RES-03901,Skyler Novak,B,5,True,reliable
RES-03902,Harper Keller,B,2,False,reliable
RES-03903,Riley Chen,C,4,True,reliable
RES-03904,Kai Hayes,B,3,True,reliable
RES-03905,Logan Foster,C,3,True,reliable
RES-03906,Finley Jensen,B,3,True,reliable
RES-03907,Taylor Ibarra,C,4,True,reliable
RES-03908,Quinn Novak,C,2,True,reliable
RES-03909,Micah Foster,B,3,False,reliable
RES-03910,Kai Sandoval,A,3,False,reliable
RES-03911,Skyler Osei,B,2,True,reliable
RES-03912,Rowan Dawson,B,3,True,occasionally_late
RES-03913,Riley Park,B,3,False,reliable
RES-03914,Jordan Whitfield,D,1,False,reliable
RES-03915,Jordan Foster,A,2,True,reliable
RES-03916,Payton Zamora,C,3,False,reliable
RES-03917,Jordan Hayes,B,2,True,reliable
RES-03918,Noel Foster,B,3,False,reliable
RES-03919,Reese Dawson,B,3,True,reliable
RES-03920,Emerson Hayes,B,3,False,reliable
RES-03921,Hayden Park,B,1,True,reliable
RES-03922,Riley Zamora,B,3,True,reliable
RES-03923,Taylor Osei,A,4,True,reliable
RES-03924,Jordan Whitfield,A,1,True,reliable
RES-03925,Payton Bennett,C,5,True,reliable
RES-03926,Alex Underwood,C,3,False,reliable
RES-03927,Riley Novak,B,3,False,reliable
RES-03928,Riley Park,B,1,True,reliable
RES-03929,Devon Park,C,4,False,reliable
RES-03930,Skyler Foster,A,5,True,reliable
RES-03931,Kendall Reyes,C,5,False,reliable
RES-03932,Harper Alvarez,D,2,True,reliable
RES-03933,Morgan Foster,B,3,True,reliable
RES-03934,Taylor Vargas,A,1,True,reliable
RES-03935,Jamie Hayes,C,2,False,occasionally_late
RES-03936,Logan Whitfield,C,2,True,reliable
RES-03937,Finley Mercer,B,2,True,degrading
RES-03938,Emerson Vargas,B,4,True,reliable
RES-03939,Reese Griffin,B,3,True,reliable
RES-03940,Finley Tran,C,4,False,reliable
RES-03941,Marley Foster,C,5,False,reliable
RES-03942,Alex Foster,C,4,False,occasionally_late
RES-03943,Jamie Dawson,C,4,False,reliable
RES-03944,Jordan Bennett,A,3,False,reliable
RES-03945,Morgan Park,B,2,False,reliable
RES-03946,Sasha Vargas,C,1,False,reliable
RES-03947,Casey Underwood,C,2,False,reliable
RES-03948,Taylor Jensen,C,1,False,reliable
RES-03949,Hayden Tran,B,2,False,reliable
RES-03950,Marley Vargas,A,5,False,reliable
RES-03951,Kai Quintero,A,2,False,reliable
RES-03952,Reese Ellis,C,2,False,reliable
RES-03953,Casey Griffin,B,2,True,reliable
RES-03954,Harper Chen,B,5,False,reliable
RES-03955,Finley Chen,B,1,False,occasionally_late
RES-03956,Rowan Novak,C,4,True,reliable
RES-03957,Casey Foster,B,4,False,reliable
RES-03958,Quinn Jensen,C,2,False,reliable
RES-03959,Reese Lamb,A,3,False,reliable
RES-03960,Casey Mercer,A,2,True,reliable
RES-03961,Micah Dawson,B,2,False,reliable
RES-03962,Noel Yates,B,4,False,reliable
RES-03963,Skyler Bennett,A,5,False,reliable
RES-03964,Reese Tran,B,4,False,reliable
RES-03965,Hayden Quintero,C,3,False,reliable
RES-03966,Alex Park,A,4,False,reliable
RES-03967,Casey Alvarez,A,5,False,reliable
RES-03968,Taylor Tran,B,3,False,reliable
RES-03969,Kai Park,B,1,False,reliable
RES-03970,Payton Alvarez,B,3,False,occasionally_late
RES-03971,Devon Quintero,D,4,False,reliable
RES-03972,Noel Zamora,B,1,True,reliable
RES-03973,Noel Whitfield,B,2,True,reliable
RES-03974,Riley Whitfield,C,2,False,reliable
RES-03975,Riley Hayes,B,3,True,reliable
RES-03976,Lane Quintero,D,3,True,reliable
RES-03977,Alex Whitfield,B,2,True,reliable
RES-03978,Alex Mercer,A,3,False,reliable
RES-03979,Elliot Jensen,B,2,True,reliable
RES-03980,Quinn Quintero,A,2,True,reliable
RES-03981,Reese Underwood,B,3,False,reliable
RES-03982,Elliot Keller,A,2,False,reliable
RES-03983,Harper Zamora,A,5,False,occasionally_late
RES-03984,Kai Ellis,A,5,True,degrading
RES-03985,Skyler Lamb,C,4,True,reliable
RES-03986,Lane Quintero,B,1,False,reliable
RES-03987,Jordan Alvarez,B,3,False,reliable
RES-03988,Finley Griffin,C,3,False,degrading
RES-03989,Micah Griffin,C,3,False,reliable
RES-03990,Lane Chen,B,3,False,reliable
RES-03991,Quinn Underwood,C,2,False,reliable
RES-03992,Jamie Griffin,D,2,False,reliable
RES-03993,Riley Sandoval,B,5,False,reliable
RES-03994,Logan Griffin,C,2,False,degrading
RES-03995,Casey Alvarez,D,3,False,reliable
RES-03996,Finley Bennett,A,2,True,reliable
RES-03997,Alex Whitfield,B,3,False,reliable
RES-03998,Morgan Tran,B,3,False,degrading
RES-03999,Devon Griffin,B,2,True,reliable
RES-04000,Marley Foster,B,3,True,reliable
RES-04001,Lane Underwood,A,4,True,occasionally_late
RES-04002,Morgan Lamb,B,1,True,reliable
RES-04003,Finley Bennett,B,5,False,reliable
RES-04004,Noel Whitfield,B,4,False,reliable
RES-04005,Reese Griffin,B,2,True,reliable
RES-04006,Avery Lamb,B,3,False,reliable
RES-04007,Quinn Park,A,3,True,reliable
RES-04008,Noel Whitfield,C,2,False,reliable
RES-04009,Logan Bennett,C,4,False,reliable
RES-04010,Marley Whitfield,C,1,True,reliable
RES-04011,Riley Foster,C,2,False,reliable
RES-04012,Micah Quintero,C,1,False,reliable
RES-04013,Morgan Whitfield,B,2,False,reliable
RES-04014,Hayden Chen,A,2,False,degrading
RES-04015,Skyler Keller,B,2,True,reliable
RES-04016,Lane Park,B,5,False,reliable
RES-04017,Noel Foster,A,2,False,reliable
RES-04018,Lane Novak,C,2,True,reliable
RES-04019,Alex Zamora,A,2,False,reliable
RES-04020,Micah Lamb,A,2,False,reliable
RES-04021,Kai Jensen,C,3,False,reliable
RES-04022,Devon Whitfield,A,3,True,reliable
RES-04023,Hayden Underwood,A,3,False,occasionally_late
RES-04024,Skyler Lamb,D,3,True,reliable
RES-04025,Marley Osei,A,5,True,reliable
RES-04026,Rowan Tran,B,2,False,reliable
RES-04027,Reese Alvarez,B,2,True,reliable
RES-04028,Rowan Griffin,B,3,True,reliable
RES-04029,Taylor Underwood,A,2,False,degrading
RES-04030,Kai Ellis,B,5,True,reliable
RES-04031,Skyler Bennett,B,3,True,reliable
RES-04032,Casey Hayes,D,1,False,reliable
RES-04033,Taylor Osei,C,1,False,reliable
RES-04034,Rowan Sandoval,B,2,False,reliable
RES-04035,Hayden Ellis,A,4,False,reliable
RES-04036,Quinn Jensen,B,2,False,degrading
RES-04037,Kai Jensen,B,2,False,reliable
RES-04038,Payton Sandoval,C,3,True,reliable
RES-04039,Payton Chen,C,1,False,degrading
RES-04040,Jordan Jensen,C,2,False,reliable
RES-04041,Sasha Sandoval,D,2,False,reliable
RES-04042,Payton Jensen,A,3,False,reliable
RES-04043,Hayden Keller,D,2,False,reliable
RES-04044,Marley Griffin,A,3,True,reliable
RES-04045,Micah Reyes,A,1,True,reliable
RES-04046,Quinn Dawson,A,4,False,reliable
RES-04047,Kai Sandoval,A,2,False,reliable
RES-04048,Quinn Tran,D,1,False,reliable
RES-04049,Avery Mercer,B,1,False,reliable
RES-04050,Kendall Tran,D,5,False,reliable
RES-04051,Noel Osei,B,4,True,reliable
RES-04052,Emerson Zamora,B,3,False,reliable
RES-04053,Micah Alvarez,A,4,False,occasionally_late
RES-04054,Sasha Tran,C,2,False,occasionally_late
RES-04055,Logan Quintero,C,5,False,reliable
RES-04056,Lane Tran,D,3,True,reliable
RES-04057,Logan Ibarra,B,4,True,reliable
RES-04058,Logan Zamora,D,3,False,degrading
RES-04059,Morgan Keller,B,5,True,reliable
RES-04060,Hayden Yates,C,3,True,severe
RES-04061,Payton Griffin,A,5,True,reliable
RES-04062,Jordan Zamora,C,5,True,reliable
RES-04063,Jamie Jensen,B,1,False,reliable
RES-04064,Logan Mercer,B,2,True,reliable
RES-04065,Taylor Chen,B,2,True,reliable
RES-04066,Noel Bennett,A,2,False,degrading
RES-04067,Riley Quintero,D,2,False,degrading
RES-04068,Emerson Vargas,D,2,False,reliable
RES-04069,Casey Quintero,C,3,False,degrading
RES-04070,Elliot Griffin,A,4,True,reliable
RES-04071,Casey Bennett,B,3,True,reliable
RES-04072,Micah Ellis,C,5,False,reliable
RES-04073,Kendall Keller,B,2,False,degrading
RES-04074,Lane Osei,A,3,True,reliable
RES-04075,Lane Ibarra,A,4,False,reliable
RES-04076,Finley Reyes,A,2,True,reliable
RES-04077,Riley Ellis,A,2,False,reliable
RES-04078,Logan Bennett,A,4,True,reliable
RES-04079,Avery Reyes,D,3,True,reliable
RES-04080,Avery Keller,A,3,False,reliable
RES-04081,Devon Foster,D,2,False,reliable
RES-04082,Payton Hayes,B,3,True,reliable
RES-04083,Alex Jensen,C,5,True,reliable
RES-04084,Rowan Jensen,C,1,False,reliable
RES-04085,Hayden Foster,C,5,True,reliable
RES-04086,Rowan Sandoval,B,4,False,reliable
RES-04087,Taylor Jensen,B,1,False,reliable
RES-04088,Jordan Reyes,B,5,False,reliable
RES-04089,Noel Underwood,D,3,False,reliable
RES-04090,Quinn Alvarez,B,4,True,reliable
RES-04091,Finley Tran,D,4,True,reliable
RES-04092,Lane Park,C,2,False,reliable
RES-04093,Noel Vargas,B,3,True,reliable
RES-04094,Devon Alvarez,A,5,True,reliable
RES-04095,Morgan Novak,D,5,False,reliable
RES-04096,Alex Griffin,C,3,True,reliable
RES-04097,Payton Jensen,A,3,False,reliable
RES-04098,Lane Ibarra,A,2,False,reliable
RES-04099,Kendall Ellis,D,2,True,reliable
RES-04100,Jordan Whitfield,D,2,False,severe
RES-04101,Hayden Reyes,A,3,True,reliable
RES-04102,Rowan Keller,A,2,True,reliable
RES-04103,Morgan Osei,D,3,False,reliable
RES-04104,Kendall Quintero,B,3,True,reliable
RES-04105,Avery Keller,A,3,False,reliable
RES-04106,Elliot Keller,C,3,False,reliable
RES-04107,Jordan Bennett,B,2,False,reliable
RES-04108,Devon Underwood,B,5,False,reliable
RES-04109,Payton Quintero,A,3,True,severe
RES-04110,Quinn Yates,A,2,False,reliable
RES-04111,Logan Jensen,A,5,False,reliable
RES-04112,Devon Tran,C,2,False,reliable
RES-04113,Casey Underwood,B,4,False,reliable
RES-04114,Logan Hayes,B,3,False,reliable
RES-04115,Noel Dawson,B,3,True,reliable
RES-04116,Devon Reyes,B,3,False,reliable
RES-04117,Rowan Tran,A,5,True,reliable
RES-04118,Emerson Chen,C,3,True,reliable
RES-04119,Skyler Underwood,D,5,False,reliable
RES-04120,Micah Park,C,3,False,reliable
RES-04121,Alex Whitfield,C,3,True,occasionally_late
RES-04122,Kendall Keller,C,5,True,reliable
RES-04123,Skyler Osei,B,2,False,reliable
RES-04124,Quinn Lamb,D,4,False,degrading
RES-04125,Hayden Vargas,B,2,False,reliable
RES-04126,Micah Ibarra,D,3,False,reliable
RES-04127,Jordan Novak,B,4,True,reliable
RES-04128,Sasha Park,A,3,False,reliable
RES-04129,Payton Foster,B,3,False,occasionally_late
RES-04130,Quinn Vargas,A,1,True,reliable
RES-04131,Sasha Tran,B,5,True,reliable
RES-04132,Jamie Yates,D,4,False,reliable
RES-04133,Kendall Lamb,C,1,True,reliable
RES-04134,Quinn Tran,B,1,True,occasionally_late
RES-04135,Riley Lamb,C,3,True,reliable
RES-04136,Rowan Lamb,B,1,False,reliable
RES-04137,Kai Whitfield,A,2,False,reliable
RES-04138,Elliot Underwood,B,3,True,reliable
RES-04139,Kai Lamb,C,4,False,reliable
RES-04140,Hayden Griffin,B,2,False,reliable
RES-04141,Reese Yates,B,2,False,reliable
RES-04142,Emerson Mercer,B,2,True,reliable
RES-04143,Marley Bennett,C,2,True,reliable
RES-04144,Quinn Lamb,B,5,False,reliable
RES-04145,Jordan Chen,B,4,True,reliable
RES-04146,Hayden Ibarra,B,3,False,reliable
RES-04147,Devon Hayes,A,1,False,reliable
RES-04148,Hayden Ellis,A,1,False,reliable
RES-04149,Jordan Osei,B,2,True,reliable
RES-04150,Taylor Lamb,B,3,True,reliable
RES-04151,Casey Ellis,C,2,False,reliable
RES-04152,Riley Mercer,A,1,False,reliable
RES-04153,Noel Novak,C,4,False,reliable
RES-04154,Devon Alvarez,A,5,False,reliable
RES-04155,Rowan Vargas,C,3,True,reliable
RES-04156,Rowan Bennett,A,3,False,reliable
RES-04157,Logan Hayes,B,4,False,reliable
RES-04158,Emerson Ellis,D,3,True,reliable
RES-04159,Jordan Quintero,C,4,False,degrading
RES-04160,Rowan Hayes,B,2,True,reliable
RES-04161,Sasha Whitfield,A,3,False,reliable
RES-04162,Lane Mercer,C,5,True,reliable
RES-04163,Micah Park,A,4,False,reliable
RES-04164,Payton Reyes,C,5,False,reliable
RES-04165,Emerson Park,B,5,False,reliable
RES-04166,Taylor Alvarez,B,2,True,reliable
RES-04167,Hayden Zamora,B,2,False,reliable
RES-04168,Riley Quintero,D,3,True,reliable
RES-04169,Micah Zamora,D,1,False,reliable
RES-04170,Devon Mercer,A,2,False,reliable
RES-04171,Jamie Dawson,A,3,True,reliable
RES-04172,Finley Underwood,B,5,False,reliable
RES-04173,Quinn Bennett,A,2,False,reliable
RES-04174,Lane Novak,B,4,True,reliable
RES-04175,Devon Hayes,A,4,False,reliable
RES-04176,Logan Alvarez,A,5,True,reliable
RES-04177,Micah Hayes,B,2,False,reliable
RES-04178,Jamie Hayes,B,4,True,occasionally_late
RES-04179,Harper Alvarez,B,2,False,degrading
RES-04180,Harper Vargas,A,5,False,reliable
RES-04181,Quinn Dawson,A,2,False,reliable
RES-04182,Reese Yates,B,3,True,degrading
RES-04183,Lane Whitfield,C,2,True,reliable
RES-04184,Alex Underwood,B,5,False,reliable
RES-04185,Logan Tran,A,5,False,reliable
RES-04186,Lane Park,D,1,False,reliable
RES-04187,Marley Sandoval,B,2,True,reliable
RES-04188,Elliot Yates,A,2,True,reliable
RES-04189,Kendall Chen,C,3,False,reliable
RES-04190,Kendall Keller,D,3,True,reliable
RES-04191,Devon Ellis,C,3,False,reliable
RES-04192,Casey Quintero,C,2,False,reliable
RES-04193,Lane Ellis,A,3,True,reliable
RES-04194,Reese Whitfield,C,2,True,reliable
RES-04195,Elliot Jensen,C,3,False,reliable
RES-04196,Lane Keller,D,1,True,reliable
RES-04197,Taylor Park,D,4,False,reliable
RES-04198,Riley Ibarra,D,3,False,reliable
RES-04199,Micah Foster,B,2,False,reliable
RES-04200,Jamie Keller,B,1,False,reliable
RES-04201,Rowan Jensen,C,5,True,reliable
RES-04202,Reese Tran,D,5,False,degrading
RES-04203,Hayden Mercer,D,2,False,severe
RES-04204,Devon Quintero,D,3,False,reliable
RES-04205,Riley Griffin,B,2,False,reliable
RES-04206,Hayden Chen,C,2,True,reliable
RES-04207,Reese Foster,B,4,False,reliable
RES-04208,Kai Hayes,B,3,True,reliable
RES-04209,Reese Underwood,B,2,True,reliable
RES-04210,Noel Foster,C,4,False,reliable
RES-04211,Harper Bennett,B,2,False,reliable
RES-04212,Finley Hayes,B,2,False,reliable
RES-04213,Taylor Foster,C,2,False,reliable
RES-04214,Logan Tran,B,3,False,reliable
RES-04215,Devon Chen,B,3,False,occasionally_late
RES-04216,Quinn Bennett,A,2,True,reliable
RES-04217,Casey Bennett,C,2,True,reliable
RES-04218,Hayden Novak,C,2,False,occasionally_late
RES-04219,Rowan Reyes,B,1,False,reliable
RES-04220,Micah Novak,D,3,True,reliable
RES-04221,Alex Tran,A,3,True,reliable
RES-04222,Finley Novak,B,5,False,reliable
RES-04223,Avery Osei,A,4,False,reliable
RES-04224,Reese Foster,B,4,True,reliable
RES-04225,Lane Tran,A,3,False,occasionally_late
RES-04226,Devon Yates,A,5,False,reliable
RES-04227,Alex Zamora,B,5,False,reliable
RES-04228,Jamie Griffin,B,3,False,degrading
RES-04229,Kai Alvarez,B,2,True,reliable
RES-04230,Morgan Whitfield,B,3,True,reliable
RES-04231,Reese Hayes,B,1,True,reliable
RES-04232,Rowan Ellis,C,2,False,reliable
RES-04233,Alex Yates,B,1,False,reliable
RES-04234,Jamie Chen,C,4,True,reliable
RES-04235,Elliot Mercer,A,2,False,reliable
RES-04236,Hayden Jensen,B,4,False,reliable
RES-04237,Micah Ibarra,C,2,False,reliable
RES-04238,Quinn Chen,A,2,False,reliable
RES-04239,Skyler Novak,D,3,True,reliable
RES-04240,Skyler Griffin,C,4,False,occasionally_late
RES-04241,Lane Vargas,D,3,False,reliable
RES-04242,Skyler Alvarez,B,2,False,reliable
RES-04243,Noel Novak,B,2,True,reliable
RES-04244,Marley Quintero,C,4,False,reliable
RES-04245,Morgan Sandoval,D,3,False,reliable
RES-04246,Morgan Novak,D,2,True,reliable
RES-04247,Skyler Sandoval,B,5,False,reliable
RES-04248,Quinn Whitfield,A,5,False,reliable
RES-04249,Elliot Osei,C,4,False,degrading
RES-04250,Jordan Sandoval,C,3,False,reliable
RES-04251,Noel Reyes,B,3,True,degrading
RES-04252,Devon Zamora,C,2,False,reliable
RES-04253,Kendall Reyes,C,1,False,reliable
RES-04254,Logan Mercer,A,3,True,reliable
RES-04255,Finley Alvarez,B,2,False,reliable
RES-04256,Lane Whitfield,A,3,True,reliable
RES-04257,Hayden Alvarez,C,5,False,reliable
RES-04258,Payton Tran,B,2,False,severe
RES-04259,Logan Tran,B,4,True,reliable
RES-04260,Micah Ibarra,B,2,True,reliable
RES-04261,Reese Ellis,B,1,True,reliable
RES-04262,Alex Park,B,3,True,reliable
RES-04263,Casey Keller,A,1,False,occasionally_late
RES-04264,Elliot Keller,B,1,False,reliable
RES-04265,Casey Alvarez,A,2,True,reliable
RES-04266,Rowan Alvarez,B,2,True,reliable
RES-04267,Sasha Chen,C,1,False,reliable
RES-04268,Lane Sandoval,B,2,False,reliable
RES-04269,Sasha Park,C,3,False,reliable
RES-04270,Alex Underwood,B,3,True,occasionally_late
RES-04271,Micah Hayes,A,5,True,reliable
RES-04272,Quinn Whitfield,A,1,False,reliable
RES-04273,Harper Yates,B,4,True,reliable
RES-04274,Casey Dawson,A,5,False,reliable
RES-04275,Taylor Keller,A,3,False,reliable
RES-04276,Quinn Yates,A,3,True,reliable
RES-04277,Elliot Tran,B,2,False,reliable
RES-04278,Quinn Jensen,A,1,False,occasionally_late
RES-04279,Reese Griffin,B,2,False,reliable
RES-04280,Devon Park,A,2,False,reliable
RES-04281,Noel Ibarra,D,3,True,reliable
RES-04282,Casey Ellis,B,1,True,reliable
RES-04283,Rowan Reyes,B,2,False,reliable
RES-04284,Lane Hayes,C,1,True,reliable
RES-04285,Avery Novak,B,4,False,reliable
RES-04286,Harper Osei,B,2,True,occasionally_late
RES-04287,Quinn Osei,A,3,False,reliable
RES-04288,Marley Sandoval,B,2,False,reliable
RES-04289,Reese Alvarez,B,1,False,reliable
RES-04290,Sasha Griffin,D,2,False,reliable
RES-04291,Noel Ellis,C,5,True,reliable
RES-04292,Emerson Jensen,A,3,False,reliable
RES-04293,Noel Yates,A,3,False,degrading
RES-04294,Kendall Yates,C,2,True,reliable
RES-04295,Morgan Novak,B,4,True,reliable
RES-04296,Taylor Ibarra,C,4,False,reliable
RES-04297,Logan Mercer,A,5,True,reliable
RES-04298,Payton Sandoval,B,3,True,reliable
RES-04299,Harper Sandoval,A,5,True,reliable
RES-04300,Alex Keller,C,3,True,reliable
RES-04301,Hayden Chen,A,4,False,reliable
RES-04302,Marley Yates,B,3,False,reliable
RES-04303,Devon Dawson,B,2,False,degrading
RES-04304,Elliot Alvarez,A,2,False,reliable
RES-04305,Jamie Bennett,C,3,False,degrading
RES-04306,Kai Bennett,B,4,False,reliable
RES-04307,Reese Griffin,B,4,False,reliable
RES-04308,Jordan Foster,B,5,True,reliable
RES-04309,Sasha Tran,B,4,True,reliable
RES-04310,Morgan Mercer,C,5,True,reliable
RES-04311,Casey Alvarez,C,5,True,reliable
RES-04312,Rowan Novak,B,3,True,reliable
RES-04313,Emerson Hayes,A,2,True,reliable
RES-04314,Noel Zamora,A,5,False,reliable
RES-04315,Hayden Griffin,C,2,False,occasionally_late
RES-04316,Kai Griffin,B,3,False,reliable
RES-04317,Alex Mercer,B,2,False,reliable
RES-04318,Logan Osei,B,2,True,reliable
RES-04319,Payton Hayes,B,3,False,occasionally_late
RES-04320,Elliot Park,A,4,True,reliable
RES-04321,Quinn Vargas,A,2,False,reliable
RES-04322,Reese Vargas,B,5,True,reliable
RES-04323,Taylor Jensen,C,3,False,reliable
RES-04324,Alex Mercer,A,1,True,reliable
RES-04325,Harper Underwood,B,5,True,reliable
RES-04326,Hayden Hayes,B,2,False,reliable
RES-04327,Quinn Ibarra,B,1,True,reliable
RES-04328,Emerson Hayes,C,1,True,reliable
RES-04329,Alex Hayes,B,4,False,reliable
RES-04330,Elliot Zamora,B,4,False,reliable
RES-04331,Payton Keller,B,4,True,reliable
RES-04332,Micah Hayes,D,2,False,occasionally_late
RES-04333,Taylor Lamb,B,1,False,reliable
RES-04334,Morgan Hayes,A,2,False,reliable
RES-04335,Avery Yates,B,2,False,reliable
RES-04336,Noel Bennett,D,3,True,reliable
RES-04337,Rowan Vargas,B,3,False,reliable
RES-04338,Hayden Novak,C,5,True,reliable
RES-04339,Taylor Ibarra,A,3,True,reliable
RES-04340,Kai Lamb,B,3,False,degrading
RES-04341,Micah Dawson,B,5,False,reliable
RES-04342,Payton Ibarra,D,5,True,reliable
RES-04343,Micah Zamora,C,3,False,reliable
RES-04344,Casey Quintero,D,3,False,reliable
RES-04345,Casey Ellis,A,3,False,reliable
RES-04346,Micah Hayes,C,4,False,reliable
RES-04347,Alex Quintero,A,3,True,reliable
RES-04348,Micah Jensen,A,4,True,degrading
RES-04349,Payton Vargas,C,2,False,reliable
RES-04350,Finley Lamb,C,4,False,reliable
RES-04351,Jamie Sandoval,C,4,False,reliable
RES-04352,Hayden Ibarra,A,4,True,reliable
RES-04353,Avery Zamora,C,1,False,reliable
RES-04354,Emerson Sandoval,B,4,True,reliable
RES-04355,Alex Hayes,A,3,False,degrading
RES-04356,Avery Bennett,C,2,False,reliable
RES-04357,Lane Keller,C,2,False,reliable
RES-04358,Morgan Ibarra,D,3,False,reliable
RES-04359,Harper Ibarra,C,4,True,degrading
RES-04360,Quinn Jensen,B,3,False,reliable
RES-04361,Elliot Zamora,C,4,False,reliable
RES-04362,Rowan Ibarra,D,3,False,reliable
RES-04363,Reese Zamora,B,4,False,reliable
RES-04364,Devon Zamora,B,3,False,reliable
RES-04365,Lane Yates,A,2,False,occasionally_late
RES-04366,Marley Zamora,C,2,False,occasionally_late
RES-04367,Morgan Chen,C,2,False,reliable
RES-04368,Harper Chen,A,1,False,reliable
RES-04369,Alex Jensen,B,4,False,severe
RES-04370,Riley Ibarra,C,3,False,reliable
RES-04371,Quinn Yates,B,3,True,reliable
RES-04372,Harper Yates,B,2,False,reliable
RES-04373,Elliot Reyes,C,4,False,degrading
RES-04374,Elliot Ellis,B,2,True,reliable
RES-04375,Jordan Novak,A,3,True,reliable
RES-04376,Sasha Reyes,B,2,False,reliable
RES-04377,Noel Jensen,B,2,False,reliable
RES-04378,Riley Dawson,D,2,True,reliable
RES-04379,Jamie Foster,A,3,True,reliable
RES-04380,Elliot Keller,D,3,False,degrading
RES-04381,Marley Mercer,B,3,True,reliable
RES-04382,Kai Yates,C,4,False,reliable
RES-04383,Sasha Chen,B,2,False,occasionally_late
RES-04384,Noel Reyes,A,1,False,reliable
RES-04385,Logan Osei,B,5,False,reliable
RES-04386,Hayden Tran,A,5,False,degrading
RES-04387,Reese Hayes,B,3,False,degrading
RES-04388,Kai Reyes,A,2,False,reliable
RES-04389,Jordan Park,C,2,True,reliable
RES-04390,Lane Jensen,B,4,False,reliable
RES-04391,Logan Dawson,C,3,True,reliable
RES-04392,Jamie Foster,B,3,True,reliable
RES-04393,Finley Alvarez,D,3,False,reliable
RES-04394,Casey Griffin,A,4,True,reliable
RES-04395,Elliot Ellis,B,3,False,reliable
RES-04396,Hayden Novak,B,3,True,reliable
RES-04397,Avery Zamora,A,3,True,reliable
RES-04398,Kendall Whitfield,B,2,True,degrading
RES-04399,Sasha Tran,C,1,False,reliable
RES-04400,Reese Hayes,B,5,True,reliable
RES-04401,Jamie Dawson,C,5,False,reliable
RES-04402,Morgan Quintero,A,1,True,reliable
RES-04403,Elliot Chen,D,2,False,reliable
RES-04404,Taylor Osei,A,3,True,degrading
RES-04405,Avery Reyes,C,4,True,reliable
RES-04406,Marley Park,B,1,False,reliable
RES-04407,Kai Vargas,A,2,False,occasionally_late
RES-04408,Rowan Lamb,A,4,False,reliable
RES-04409,Kai Chen,A,2,True,reliable
RES-04410,Finley Vargas,B,2,False,reliable
RES-04411,Finley Ellis,B,5,False,degrading
RES-04412,Reese Park,B,5,True,reliable
RES-04413,Kai Ellis,A,5,False,reliable
RES-04414,Jordan Jensen,B,3,False,degrading
RES-04415,Devon Ellis,A,2,False,degrading
RES-04416,Jamie Novak,D,5,True,reliable
RES-04417,Riley Bennett,D,2,True,reliable
RES-04418,Riley Keller,D,4,False,reliable
RES-04419,Skyler Sandoval,A,2,False,reliable
RES-04420,Emerson Bennett,D,1,True,occasionally_late
RES-04421,Kendall Ibarra,C,3,False,reliable
RES-04422,Harper Osei,B,2,False,reliable
RES-04423,Sasha Lamb,D,3,False,reliable
RES-04424,Reese Mercer,A,3,False,reliable
RES-04425,Elliot Foster,B,5,False,degrading
RES-04426,Avery Yates,D,2,True,reliable
RES-04427,Skyler Ellis,A,2,False,reliable
RES-04428,Skyler Foster,B,3,False,reliable
RES-04429,Alex Whitfield,C,2,False,reliable
RES-04430,Kendall Novak,B,1,False,reliable
RES-04431,Avery Lamb,C,3,False,reliable
RES-04432,Devon Park,B,2,False,reliable
RES-04433,Hayden Dawson,C,3,False,reliable
RES-04434,Sasha Chen,B,3,False,reliable
RES-04435,Harper Keller,B,1,False,reliable
RES-04436,Logan Tran,C,5,True,degrading
RES-04437,Rowan Keller,B,2,False,reliable
RES-04438,Kai Tran,B,1,True,degrading
RES-04439,Avery Sandoval,B,4,False,reliable
RES-04440,Sasha Whitfield,C,1,False,degrading
RES-04441,Payton Zamora,A,1,True,reliable
RES-04442,Morgan Quintero,D,3,True,reliable
RES-04443,Kendall Ibarra,A,3,True,reliable
RES-04444,Riley Zamora,C,1,True,reliable
RES-04445,Kai Bennett,D,3,False,reliable
RES-04446,Morgan Reyes,D,3,False,reliable
RES-04447,Payton Lamb,A,2,False,reliable
RES-04448,Noel Park,D,2,False,reliable
RES-04449,Lane Ibarra,A,1,True,reliable
RES-04450,Reese Tran,B,2,False,reliable
RES-04451,Jordan Quintero,B,1,False,reliable
RES-04452,Quinn Mercer,A,3,False,reliable
RES-04453,Quinn Jensen,C,4,True,reliable
RES-04454,Jamie Whitfield,D,4,True,occasionally_late
RES-04455,Reese Ibarra,A,2,False,reliable
RES-04456,Kai Tran,B,1,True,reliable
RES-04457,Sasha Reyes,B,3,True,reliable
RES-04458,Marley Hayes,C,3,False,reliable
RES-04459,Hayden Yates,A,2,False,degrading
RES-04460,Casey Vargas,C,3,True,reliable
RES-04461,Kendall Griffin,B,2,False,reliable
RES-04462,Payton Foster,B,4,True,reliable
RES-04463,Kendall Dawson,A,3,True,degrading
RES-04464,Hayden Ibarra,A,1,True,reliable
RES-04465,Casey Griffin,C,5,True,reliable
RES-04466,Morgan Alvarez,C,2,True,degrading
RES-04467,Skyler Sandoval,B,3,False,degrading
RES-04468,Taylor Jensen,A,4,False,reliable
RES-04469,Skyler Ellis,B,3,False,reliable
RES-04470,Jamie Chen,A,3,False,reliable
RES-04471,Emerson Lamb,C,5,False,reliable
RES-04472,Payton Mercer,C,2,False,reliable
RES-04473,Micah Ellis,A,2,False,reliable
RES-04474,Quinn Whitfield,B,2,False,reliable
RES-04475,Rowan Lamb,B,3,False,degrading
RES-04476,Skyler Reyes,B,2,False,reliable
RES-04477,Kai Hayes,C,4,False,reliable
RES-04478,Jordan Hayes,B,3,True,reliable
RES-04479,Reese Sandoval,B,3,True,reliable
RES-04480,Finley Reyes,C,5,True,reliable
RES-04481,Sasha Park,C,3,False,reliable
RES-04482,Skyler Jensen,C,2,True,reliable
RES-04483,Marley Lamb,C,3,True,reliable
RES-04484,Taylor Griffin,C,3,True,occasionally_late
RES-04485,Rowan Keller,A,2,False,reliable
RES-04486,Kendall Whitfield,D,4,False,reliable
RES-04487,Noel Foster,C,5,False,reliable
RES-04488,Elliot Jensen,B,3,True,occasionally_late
RES-04489,Morgan Zamora,D,2,False,reliable
RES-04490,Morgan Bennett,C,3,False,reliable
RES-04491,Logan Ibarra,C,5,True,severe
RES-04492,Riley Jensen,A,2,True,reliable
RES-04493,Kendall Griffin,B,3,True,reliable
RES-04494,Kendall Lamb,C,2,True,reliable
RES-04495,Finley Jensen,A,1,False,occasionally_late
RES-04496,Jamie Park,B,2,False,reliable
RES-04497,Micah Dawson,A,2,False,reliable
RES-04498,Riley Foster,C,2,False,reliable
RES-04499,Riley Reyes,A,3,True,reliable
RES-04500,Morgan Dawson,C,3,True,reliable
RES-04501,Marley Park,A,5,False,reliable
RES-04502,Kendall Hayes,A,2,True,reliable
RES-04503,Kai Griffin,D,5,True,reliable
RES-04504,Lane Yates,B,2,False,reliable
RES-04505,Quinn Hayes,A,2,False,reliable
RES-04506,Logan Chen,B,5,False,reliable
RES-04507,Emerson Alvarez,A,3,False,reliable
RES-04508,Taylor Underwood,A,3,False,degrading
RES-04509,Quinn Whitfield,D,4,True,reliable
RES-04510,Noel Tran,C,3,False,degrading
RES-04511,Payton Bennett,A,3,True,reliable
RES-04512,Reese Reyes,A,2,False,reliable
RES-04513,Kendall Dawson,B,3,True,reliable
RES-04514,Reese Yates,A,3,True,reliable
RES-04515,Finley Griffin,C,1,True,reliable
RES-04516,Micah Ibarra,A,1,False,reliable
RES-04517,Skyler Reyes,B,2,False,reliable
RES-04518,Kai Sandoval,C,3,False,reliable
RES-04519,Finley Tran,B,4,True,reliable
RES-04520,Hayden Dawson,C,3,False,reliable
RES-04521,Devon Lamb,C,5,False,occasionally_late
RES-04522,Sasha Park,B,3,False,reliable
RES-04523,Marley Tran,D,3,True,reliable
RES-04524,Sasha Mercer,A,3,True,reliable
RES-04525,Morgan Zamora,C,1,True,reliable
RES-04526,Sasha Foster,A,2,False,reliable
RES-04527,Rowan Dawson,B,3,False,severe
RES-04528,Payton Jensen,A,2,False,reliable
RES-04529,Jordan Jensen,D,3,True,degrading
RES-04530,Finley Park,C,4,True,reliable
RES-04531,Quinn Underwood,B,4,False,reliable
RES-04532,Marley Yates,B,5,True,reliable
RES-04533,Emerson Park,B,5,False,reliable
RES-04534,Lane Quintero,D,4,True,reliable
RES-04535,Riley Hayes,C,2,False,reliable
RES-04536,Finley Dawson,D,4,True,reliable
RES-04537,Taylor Bennett,A,1,True,reliable
RES-04538,Kai Alvarez,B,3,True,degrading
RES-04539,Quinn Alvarez,B,2,False,reliable
RES-04540,Harper Novak,C,5,False,reliable
RES-04541,Payton Ellis,B,1,True,reliable
RES-04542,Casey Ibarra,B,3,True,reliable
RES-04543,Morgan Vargas,B,2,False,reliable
RES-04544,Elliot Vargas,C,3,False,reliable
RES-04545,Micah Osei,D,3,False,reliable
RES-04546,Marley Quintero,A,2,False,reliable
RES-04547,Alex Bennett,C,1,False,degrading
RES-04548,Hayden Sandoval,D,1,True,reliable
RES-04549,Jamie Jensen,C,2,False,reliable
RES-04550,Kendall Tran,B,2,False,reliable
RES-04551,Rowan Quintero,B,2,False,reliable
RES-04552,Avery Ellis,B,5,True,reliable
RES-04553,Reese Bennett,C,2,False,reliable
RES-04554,Devon Dawson,B,2,True,reliable
RES-04555,Harper Griffin,B,2,False,reliable
RES-04556,Alex Alvarez,A,2,True,reliable
RES-04557,Kai Whitfield,A,1,True,reliable
RES-04558,Hayden Foster,B,3,False,degrading
RES-04559,Kai Lamb,B,4,True,reliable
RES-04560,Rowan Griffin,B,2,True,degrading
RES-04561,Jordan Foster,C,5,False,reliable
RES-04562,Quinn Dawson,B,1,False,reliable
RES-04563,Emerson Vargas,A,2,False,reliable
RES-04564,Emerson Ellis,C,5,True,reliable
RES-04565,Micah Zamora,C,4,False,reliable
RES-04566,Micah Mercer,A,5,True,reliable
RES-04567,Reese Bennett,B,1,True,reliable
RES-04568,Quinn Whitfield,A,2,True,reliable
RES-04569,Riley Chen,A,1,True,reliable
RES-04570,Marley Lamb,B,3,True,reliable
RES-04571,Noel Novak,A,3,True,reliable
RES-04572,Payton Quintero,B,5,True,reliable
RES-04573,Devon Bennett,B,2,False,reliable
RES-04574,Harper Ellis,C,2,False,reliable
RES-04575,Skyler Zamora,B,4,True,degrading
RES-04576,Hayden Chen,B,3,True,reliable
RES-04577,Micah Keller,D,2,True,reliable
RES-04578,Riley Chen,A,2,False,reliable
RES-04579,Taylor Yates,A,2,False,reliable
RES-04580,Marley Lamb,B,3,True,reliable
RES-04581,Sasha Jensen,A,4,True,reliable
RES-04582,Lane Ibarra,A,3,True,reliable
RES-04583,Taylor Novak,D,4,True,degrading
RES-04584,Avery Ellis,B,1,False,reliable
RES-04585,Reese Jensen,D,1,True,reliable
RES-04586,Noel Underwood,C,4,False,reliable
RES-04587,Kendall Yates,B,2,False,reliable
RES-04588,Elliot Jensen,C,3,False,reliable
RES-04589,Kai Mercer,D,1,False,reliable
RES-04590,Casey Lamb,C,2,False,reliable
RES-04591,Riley Ibarra,C,1,False,reliable
RES-04592,Avery Whitfield,A,3,False,reliable
RES-04593,Logan Osei,A,5,False,reliable
RES-04594,Jamie Chen,D,3,False,reliable
RES-04595,Quinn Yates,C,3,False,reliable
RES-04596,Logan Bennett,C,1,True,reliable
RES-04597,Kai Zamora,D,2,False,reliable
RES-04598,Elliot Ellis,D,3,False,reliable
RES-04599,Devon Mercer,A,3,True,reliable
RES-04600,Logan Ellis,A,5,True,reliable
RES-04601,Jordan Osei,C,5,False,degrading
RES-04602,Reese Ibarra,B,2,False,reliable
RES-04603,Kai Lamb,A,3,False,degrading
RES-04604,Avery Bennett,B,2,False,reliable
RES-04605,Lane Ibarra,B,5,True,reliable
RES-04606,Jamie Zamora,C,2,False,reliable
RES-04607,Jordan Quintero,C,1,True,reliable
RES-04608,Taylor Foster,D,3,False,reliable
RES-04609,Casey Zamora,D,1,True,reliable
RES-04610,Kai Zamora,C,1,False,degrading
RES-04611,Casey Alvarez,C,5,True,degrading
RES-04612,Kai Whitfield,A,3,False,reliable
RES-04613,Finley Griffin,B,5,False,degrading
RES-04614,Elliot Park,A,1,True,reliable
RES-04615,Noel Keller,A,3,False,reliable
RES-04616,Logan Underwood,C,2,True,reliable
RES-04617,Rowan Hayes,A,3,False,reliable
RES-04618,Avery Underwood,B,3,True,reliable
RES-04619,Devon Alvarez,C,2,False,reliable
RES-04620,Payton Lamb,B,2,True,occasionally_late
RES-04621,Devon Keller,A,2,False,degrading
RES-04622,Logan Ibarra,B,1,True,reliable
RES-04623,Rowan Foster,C,2,False,occasionally_late
RES-04624,Micah Yates,C,1,False,reliable
RES-04625,Emerson Bennett,B,5,True,reliable
RES-04626,Marley Griffin,C,4,False,reliable
RES-04627,Morgan Quintero,B,2,False,reliable
RES-04628,Rowan Mercer,B,5,False,reliable
RES-04629,Marley Jensen,B,5,False,reliable
RES-04630,Devon Whitfield,B,1,False,reliable
RES-04631,Emerson Tran,B,2,False,reliable
RES-04632,Elliot Reyes,C,2,False,reliable
RES-04633,Sasha Ibarra,D,5,True,reliable
RES-04634,Devon Chen,D,2,False,degrading
RES-04635,Kai Osei,C,3,True,reliable
RES-04636,Kai Ibarra,B,3,True,occasionally_late
RES-04637,Finley Foster,A,2,True,reliable
RES-04638,Kai Tran,A,5,True,reliable
RES-04639,Hayden Alvarez,C,5,True,reliable
RES-04640,Alex Chen,D,2,True,degrading
RES-04641,Reese Chen,D,5,False,reliable
RES-04642,Logan Whitfield,C,4,True,reliable
RES-04643,Alex Hayes,B,3,False,reliable
RES-04644,Casey Mercer,C,2,True,reliable
RES-04645,Casey Griffin,A,5,True,reliable
RES-04646,Avery Park,D,2,True,reliable
RES-04647,Sasha Yates,A,3,False,occasionally_late
RES-04648,Alex Hayes,B,4,True,reliable
RES-04649,Jordan Jensen,B,4,True,degrading
RES-04650,Skyler Ellis,C,2,True,reliable
RES-04651,Payton Ibarra,A,3,True,reliable
RES-04652,Alex Park,C,3,False,reliable
RES-04653,Kai Whitfield,A,2,True,reliable
RES-04654,Noel Hayes,C,2,False,degrading
RES-04655,Kai Bennett,B,3,True,occasionally_late
RES-04656,Emerson Yates,B,3,True,reliable
RES-04657,Hayden Bennett,C,2,False,reliable
RES-04658,Harper Osei,C,3,True,severe
RES-04659,Sasha Alvarez,A,2,False,reliable
RES-04660,Alex Novak,C,2,True,reliable
RES-04661,Avery Lamb,B,4,False,reliable
RES-04662,Lane Reyes,C,1,False,reliable
RES-04663,Devon Park,B,3,True,reliable
RES-04664,Rowan Reyes,A,3,True,reliable
RES-04665,Rowan Ibarra,D,4,False,occasionally_late
RES-04666,Micah Lamb,B,5,True,reliable
RES-04667,Casey Reyes,B,4,True,reliable
RES-04668,Hayden Zamora,A,3,False,reliable
RES-04669,Jamie Chen,B,5,True,reliable
RES-04670,Payton Keller,A,3,False,reliable
RES-04671,Avery Foster,C,3,False,reliable
RES-04672,Avery Foster,B,3,False,reliable
RES-04673,Avery Zamora,C,2,True,reliable
RES-04674,Alex Griffin,B,3,False,reliable
RES-04675,Quinn Quintero,B,3,False,reliable
RES-04676,Lane Park,C,2,False,reliable
RES-04677,Harper Park,A,2,True,reliable
RES-04678,Hayden Foster,D,1,True,reliable
RES-04679,Devon Vargas,D,1,False,reliable
RES-04680,Skyler Reyes,B,4,True,reliable
RES-04681,Riley Ellis,B,2,True,reliable
RES-04682,Marley Ibarra,A,2,False,reliable
RES-04683,Elliot Hayes,A,3,False,reliable
RES-04684,Kendall Ibarra,B,2,True,reliable
RES-04685,Jordan Mercer,B,2,False,reliable
RES-04686,Reese Underwood,C,3,False,reliable
RES-04687,Skyler Zamora,C,5,False,reliable
RES-04688,Quinn Reyes,B,5,False,reliable
RES-04689,Jamie Mercer,A,4,False,reliable
RES-04690,Logan Tran,C,3,True,reliable
RES-04691,Elliot Ellis,B,2,True,reliable
RES-04692,Marley Park,C,2,False,reliable
RES-04693,Noel Zamora,B,1,False,reliable
RES-04694,Noel Yates,B,2,True,reliable
RES-04695,Elliot Lamb,C,2,False,reliable
RES-04696,Jamie Zamora,C,2,False,reliable
RES-04697,Quinn Tran,C,3,True,degrading
RES-04698,Kendall Lamb,C,2,False,reliable
RES-04699,Riley Bennett,B,2,True,reliable
RES-04700,Hayden Novak,D,3,True,reliable
RES-04701,Finley Foster,A,2,False,reliable
RES-04702,Morgan Alvarez,C,2,True,reliable
RES-04703,Riley Mercer,A,3,False,reliable
RES-04704,Avery Ellis,A,3,True,reliable
RES-04705,Rowan Quintero,B,2,True,reliable
RES-04706,Kai Jensen,B,4,False,degrading
RES-04707,Avery Whitfield,C,5,False,severe
RES-04708,Alex Sandoval,A,5,True,reliable
RES-04709,Jordan Keller,C,5,True,reliable
RES-04710,Finley Lamb,C,4,False,reliable
RES-04711,Marley Vargas,A,5,False,reliable
RES-04712,Kendall Zamora,B,3,False,reliable
RES-04713,Avery Sandoval,D,3,True,reliable
RES-04714,Avery Foster,C,3,True,reliable
RES-04715,Elliot Jensen,A,5,False,reliable
RES-04716,Skyler Dawson,A,2,True,reliable
RES-04717,Elliot Mercer,A,3,False,degrading
RES-04718,Alex Vargas,A,2,False,reliable
RES-04719,Alex Jensen,A,2,False,severe
RES-04720,Kendall Tran,C,1,True,reliable
RES-04721,Kendall Dawson,A,1,False,reliable
RES-04722,Marley Keller,B,2,False,reliable
RES-04723,Marley Keller,C,2,False,reliable
RES-04724,Kendall Novak,B,2,False,reliable
RES-04725,Finley Dawson,A,2,True,reliable
RES-04726,Skyler Keller,C,1,True,reliable
RES-04727,Kai Mercer,B,4,True,reliable
RES-04728,Jamie Quintero,B,2,False,reliable
RES-04729,Harper Mercer,A,3,True,reliable
RES-04730,Logan Chen,C,1,False,reliable
RES-04731,Payton Hayes,A,1,False,reliable
RES-04732,Elliot Lamb,A,1,False,degrading
RES-04733,Taylor Chen,D,2,True,reliable
RES-04734,Riley Vargas,C,4,False,reliable
RES-04735,Harper Ellis,B,2,True,reliable
RES-04736,Lane Osei,C,2,True,degrading
RES-04737,Riley Griffin,B,2,True,occasionally_late
RES-04738,Kendall Griffin,B,5,False,reliable
RES-04739,Riley Griffin,B,2,False,reliable
RES-04740,Devon Jensen,B,3,False,reliable
RES-04741,Riley Jensen,C,3,True,reliable
RES-04742,Avery Bennett,A,2,True,reliable
RES-04743,Hayden Novak,B,4,False,reliable
RES-04744,Jamie Jensen,A,4,True,reliable
RES-04745,Rowan Bennett,C,5,False,occasionally_late
RES-04746,Morgan Lamb,B,3,False,reliable
RES-04747,Harper Tran,B,5,False,reliable
RES-04748,Skyler Novak,A,5,True,reliable
RES-04749,Avery Alvarez,C,5,True,reliable
RES-04750,Reese Ibarra,B,1,True,reliable
RES-04751,Elliot Underwood,D,5,True,reliable
RES-04752,Finley Hayes,B,3,False,reliable
RES-04753,Kendall Alvarez,C,2,True,reliable
RES-04754,Avery Vargas,C,1,False,reliable
RES-04755,Noel Dawson,D,5,True,occasionally_late
RES-04756,Kendall Griffin,B,3,True,reliable
RES-04757,Quinn Keller,B,3,True,reliable
RES-04758,Reese Foster,A,2,False,degrading
RES-04759,Rowan Dawson,B,1,True,reliable
RES-04760,Finley Ibarra,D,5,False,reliable
RES-04761,Emerson Dawson,D,3,False,reliable
RES-04762,Marley Keller,B,1,False,reliable
RES-04763,Riley Novak,A,4,False,reliable
RES-04764,Noel Vargas,D,5,True,reliable
RES-04765,Kai Mercer,A,3,True,reliable
RES-04766,Taylor Alvarez,B,3,False,reliable
RES-04767,Harper Lamb,A,1,False,reliable
RES-04768,Skyler Jensen,B,4,False,reliable
RES-04769,Logan Alvarez,B,3,False,occasionally_late
RES-04770,Logan Chen,D,1,False,reliable
RES-04771,Devon Keller,C,1,True,reliable
RES-04772,Hayden Whitfield,B,2,False,reliable
RES-04773,Lane Ellis,B,2,False,reliable
RES-04774,Noel Novak,A,3,True,reliable
RES-04775,Devon Mercer,C,1,True,reliable
RES-04776,Emerson Osei,B,4,True,reliable
RES-04777,Emerson Park,B,4,False,reliable
RES-04778,Morgan Sandoval,C,2,False,degrading
RES-04779,Sasha Ellis,B,4,True,reliable
RES-04780,Skyler Underwood,A,2,False,reliable
RES-04781,Logan Chen,B,3,True,reliable
RES-04782,Kendall Dawson,C,3,True,reliable
RES-04783,Jordan Osei,A,3,False,reliable
RES-04784,Lane Osei,B,3,False,reliable
RES-04785,Jordan Park,C,2,True,reliable
RES-04786,Noel Alvarez,C,2,False,reliable
RES-04787,Reese Underwood,B,5,False,reliable
RES-04788,Reese Bennett,D,2,False,reliable
RES-04789,Elliot Hayes,C,2,True,reliable
RES-04790,Alex Sandoval,A,3,False,reliable
RES-04791,Lane Chen,A,3,False,reliable
RES-04792,Skyler Hayes,C,4,True,degrading
RES-04793,Micah Chen,B,5,True,reliable
RES-04794,Sasha Ibarra,A,2,True,reliable
RES-04795,Logan Alvarez,C,4,True,reliable
RES-04796,Avery Hayes,C,2,False,reliable
RES-04797,Noel Alvarez,A,2,True,reliable
RES-04798,Logan Tran,A,2,False,reliable
RES-04799,Harper Ibarra,C,5,True,reliable
RES-04800,Casey Griffin,B,3,True,reliable
RES-04801,Hayden Alvarez,D,1,False,reliable
RES-04802,Hayden Reyes,B,1,False,reliable
RES-04803,Emerson Hayes,B,3,True,reliable
RES-04804,Jamie Park,B,4,False,occasionally_late
RES-04805,Marley Quintero,C,5,True,reliable
RES-04806,Hayden Keller,B,2,True,degrading
RES-04807,Avery Ellis,B,5,False,reliable
RES-04808,Harper Mercer,A,3,False,reliable
RES-04809,Skyler Novak,D,2,False,reliable
RES-04810,Marley Sandoval,A,1,False,reliable
RES-04811,Logan Mercer,C,1,False,reliable
RES-04812,Rowan Underwood,B,4,True,reliable
RES-04813,Finley Vargas,C,3,True,reliable
RES-04814,Jamie Osei,B,3,False,reliable
RES-04815,Marley Hayes,B,3,False,reliable
RES-04816,Morgan Keller,A,3,False,occasionally_late
RES-04817,Rowan Keller,B,2,False,reliable
RES-04818,Devon Bennett,B,3,False,reliable
RES-04819,Morgan Mercer,C,2,False,reliable
RES-04820,Micah Zamora,C,1,False,reliable
RES-04821,Jordan Keller,D,2,True,reliable
RES-04822,Devon Vargas,B,3,True,reliable
RES-04823,Kai Foster,B,3,True,reliable
RES-04824,Sasha Jensen,C,4,True,reliable
RES-04825,Alex Ellis,B,2,False,reliable
RES-04826,Alex Vargas,B,3,False,degrading
RES-04827,Morgan Osei,C,1,False,reliable
RES-04828,Elliot Ibarra,D,1,False,reliable
RES-04829,Harper Reyes,B,3,False,reliable
RES-04830,Elliot Foster,B,3,False,reliable
RES-04831,Jordan Mercer,A,3,True,reliable
RES-04832,Jamie Lamb,C,3,True,reliable
RES-04833,Micah Zamora,D,3,True,reliable
RES-04834,Casey Bennett,C,3,True,reliable
RES-04835,Elliot Osei,B,3,True,reliable
RES-04836,Harper Yates,A,5,False,reliable
RES-04837,Finley Mercer,B,3,False,reliable
RES-04838,Casey Dawson,B,3,True,degrading
RES-04839,Skyler Keller,A,2,True,reliable
RES-04840,Micah Whitfield,B,5,False,reliable
RES-04841,Quinn Jensen,D,3,False,reliable
RES-04842,Emerson Bennett,A,4,True,occasionally_late
RES-04843,Lane Bennett,D,2,False,reliable
RES-04844,Sasha Hayes,B,2,False,reliable
RES-04845,Marley Foster,A,1,True,reliable
RES-04846,Noel Griffin,D,2,False,reliable
RES-04847,Payton Jensen,B,1,True,reliable
RES-04848,Skyler Lamb,B,3,False,reliable
RES-04849,Noel Hayes,A,3,False,reliable
RES-04850,Sasha Lamb,C,3,False,degrading
RES-04851,Marley Hayes,D,3,True,reliable
RES-04852,Avery Yates,C,3,False,reliable
RES-04853,Reese Underwood,B,2,True,reliable
RES-04854,Rowan Keller,A,4,False,reliable
RES-04855,Avery Yates,C,5,True,reliable
RES-04856,Alex Ibarra,B,5,True,reliable
RES-04857,Hayden Alvarez,B,4,True,reliable
RES-04858,Devon Whitfield,B,2,True,reliable
RES-04859,Jamie Foster,D,5,True,reliable
RES-04860,Riley Osei,D,1,False,reliable
RES-04861,Emerson Quintero,B,3,False,reliable
RES-04862,Casey Zamora,B,1,False,reliable
RES-04863,Skyler Ibarra,C,4,True,reliable
RES-04864,Jamie Mercer,A,3,False,reliable
RES-04865,Rowan Bennett,D,2,True,degrading
RES-04866,Morgan Whitfield,A,3,False,reliable
RES-04867,Jamie Alvarez,A,5,False,degrading
RES-04868,Devon Chen,C,4,False,reliable
RES-04869,Marley Novak,A,4,False,reliable
RES-04870,Logan Keller,A,5,False,reliable
RES-04871,Sasha Zamora,B,3,True,degrading
RES-04872,Marley Whitfield,C,3,False,reliable
RES-04873,Devon Sandoval,D,2,True,reliable
RES-04874,Quinn Jensen,C,2,True,reliable
RES-04875,Harper Reyes,B,2,False,reliable
RES-04876,Rowan Quintero,B,4,False,reliable
RES-04877,Logan Osei,B,2,True,reliable
RES-04878,Alex Dawson,B,5,True,reliable
RES-04879,Marley Alvarez,B,3,False,reliable
RES-04880,Sasha Underwood,C,3,False,reliable
RES-04881,Logan Bennett,A,3,True,reliable
RES-04882,Lane Quintero,D,1,False,reliable
RES-04883,Finley Reyes,A,3,False,occasionally_late
RES-04884,Quinn Hayes,B,2,True,reliable
RES-04885,Noel Novak,A,3,True,reliable
RES-04886,Rowan Hayes,A,2,False,reliable
RES-04887,Kendall Zamora,C,3,False,reliable
RES-04888,Logan Ibarra,B,2,False,reliable
RES-04889,Devon Quintero,C,3,False,reliable
RES-04890,Logan Reyes,B,4,False,reliable
RES-04891,Logan Alvarez,B,5,True,degrading
RES-04892,Sasha Jensen,C,2,True,degrading
RES-04893,Payton Novak,D,4,True,reliable
RES-04894,Morgan Park,B,2,False,occasionally_late
RES-04895,Devon Whitfield,B,5,False,reliable
RES-04896,Morgan Underwood,C,3,False,reliable
RES-04897,Marley Quintero,C,3,False,reliable
RES-04898,Hayden Zamora,B,2,True,reliable
RES-04899,Casey Underwood,A,3,False,reliable
RES-04900,Payton Chen,B,2,False,reliable
RES-04901,Quinn Chen,D,2,True,reliable
RES-04902,Logan Bennett,C,3,False,reliable
RES-04903,Reese Underwood,C,1,True,reliable
RES-04904,Micah Foster,B,5,False,reliable
RES-04905,Devon Jensen,B,3,True,reliable
RES-04906,Taylor Chen,C,5,True,reliable
RES-04907,Morgan Tran,C,2,True,degrading
RES-04908,Morgan Sandoval,B,1,False,occasionally_late
RES-04909,Alex Keller,A,3,True,reliable
RES-04910,Morgan Jensen,C,3,False,reliable
RES-04911,Taylor Whitfield,C,3,False,reliable
RES-04912,Emerson Vargas,B,5,True,reliable
RES-04913,Alex Reyes,B,5,False,reliable
RES-04914,Hayden Ibarra,B,5,True,reliable
RES-04915,Jordan Reyes,B,3,True,reliable
RES-04916,Kai Tran,B,4,False,reliable
RES-04917,Reese Sandoval,C,1,False,reliable
RES-04918,Reese Zamora,D,1,False,reliable
RES-04919,Devon Whitfield,A,3,False,reliable
RES-04920,Reese Vargas,C,2,False,reliable
RES-04921,Jamie Hayes,A,2,False,reliable
RES-04922,Devon Alvarez,A,3,True,degrading
RES-04923,Quinn Lamb,B,3,True,reliable
RES-04924,Hayden Whitfield,C,2,True,reliable
RES-04925,Casey Ibarra,B,4,True,reliable
RES-04926,Kendall Underwood,A,4,False,reliable
RES-04927,Lane Reyes,B,2,False,reliable
RES-04928,Payton Osei,A,5,False,reliable
RES-04929,Morgan Ibarra,C,2,False,reliable
RES-04930,Skyler Park,B,4,False,reliable
RES-04931,Elliot Zamora,A,3,False,reliable
RES-04932,Devon Ellis,B,2,False,reliable
RES-04933,Harper Keller,B,3,True,reliable
RES-04934,Jamie Foster,C,1,False,reliable
RES-04935,Hayden Zamora,C,3,False,occasionally_late
RES-04936,Jamie Lamb,A,3,False,occasionally_late
RES-04937,Kendall Bennett,D,3,True,reliable
RES-04938,Emerson Quintero,C,2,False,reliable
RES-04939,Jordan Mercer,A,3,True,reliable
RES-04940,Kai Jensen,D,3,False,reliable
RES-04941,Alex Reyes,A,3,True,reliable
RES-04942,Logan Vargas,A,2,True,degrading
RES-04943,Kendall Ibarra,D,3,False,reliable
RES-04944,Quinn Whitfield,B,3,False,reliable
RES-04945,Quinn Alvarez,C,2,False,reliable
RES-04946,Devon Zamora,C,1,False,reliable
RES-04947,Emerson Lamb,B,2,False,reliable
RES-04948,Marley Jensen,A,3,False,reliable
RES-04949,Skyler Yates,C,5,False,reliable
RES-04950,Skyler Novak,B,5,True,degrading
RES-04951,Elliot Hayes,C,4,True,reliable
RES-04952,Kendall Zamora,B,3,True,reliable
RES-04953,Taylor Chen,A,3,False,reliable
RES-04954,Harper Dawson,A,1,False,reliable
RES-04955,Kai Dawson,D,2,False,reliable
RES-04956,Rowan Quintero,A,1,False,reliable
RES-04957,Noel Yates,B,1,False,reliable
RES-04958,Emerson Zamora,A,3,False,reliable
RES-04959,Logan Dawson,C,4,True,reliable
RES-04960,Kendall Griffin,B,2,True,reliable
RES-04961,Kendall Yates,C,2,False,reliable
RES-04962,Payton Ibarra,B,1,True,occasionally_late
RES-04963,Reese Yates,C,2,False,reliable
RES-04964,Morgan Hayes,B,4,False,reliable
RES-04965,Riley Reyes,C,5,False,degrading
RES-04966,Riley Osei,B,3,False,reliable
RES-04967,Micah Mercer,C,2,True,reliable
RES-04968,Harper Chen,D,3,False,reliable
RES-04969,Micah Reyes,B,2,False,reliable
RES-04970,Casey Vargas,C,2,False,reliable
RES-04971,Jamie Dawson,C,3,False,reliable
RES-04972,Skyler Griffin,B,3,False,reliable
RES-04973,Riley Yates,B,5,True,reliable
RES-04974,Hayden Ibarra,A,2,True,reliable
RES-04975,Jordan Park,A,3,True,reliable
RES-04976,Jordan Whitfield,B,3,False,reliable
RES-04977,Emerson Hayes,C,2,True,reliable
RES-04978,Taylor Whitfield,A,4,False,reliable
RES-04979,Noel Tran,B,3,False,reliable
RES-04980,Alex Reyes,D,4,False,reliable
RES-04981,Morgan Reyes,A,2,True,degrading
RES-04982,Hayden Yates,A,1,False,reliable
RES-04983,Reese Park,C,4,True,reliable
RES-04984,Finley Osei,B,2,False,reliable
RES-04985,Avery Ibarra,C,3,False,reliable
RES-04986,Reese Griffin,D,2,False,reliable
RES-04987,Devon Alvarez,A,4,True,reliable
RES-04988,Kai Reyes,B,2,False,reliable
RES-04989,Micah Reyes,C,1,True,reliable
RES-04990,Avery Sandoval,C,2,False,degrading
RES-04991,Skyler Whitfield,A,2,True,reliable
RES-04992,Logan Sandoval,A,2,False,reliable
RES-04993,Devon Jensen,C,2,False,reliable
RES-04994,Micah Jensen,C,5,True,reliable
RES-04995,Devon Novak,B,2,True,degrading
RES-04996,Casey Griffin,C,3,True,reliable
RES-04997,Elliot Whitfield,B,3,True,reliable
RES-04998,Alex Foster,D,5,False,reliable
RES-04999,Casey Novak,C,3,False,reliable
RES-05000,Jordan Foster,B,2,False,reliable
RES-05001,Jamie Zamora,A,2,False,reliable
RES-05002,Hayden Lamb,B,1,False,degrading
RES-05003,Avery Zamora,C,4,False,reliable
RES-05004,Sasha Bennett,B,3,False,severe
RES-05005,Avery Underwood,B,4,True,reliable
RES-05006,Noel Sandoval,D,3,True,reliable
RES-05007,Avery Yates,A,1,False,reliable
RES-05008,Kai Vargas,B,5,False,degrading
RES-05009,Avery Ellis,D,1,False,reliable
RES-05010,Marley Griffin,D,5,False,reliable
RES-05011,Emerson Underwood,B,1,True,occasionally_late
RES-05012,Logan Whitfield,B,3,False,reliable
RES-05013,Devon Foster,B,5,False,reliable
RES-05014,Jamie Dawson,B,1,True,reliable
RES-05015,Kendall Quintero,B,4,False,reliable
RES-05016,Taylor Griffin,C,5,False,reliable
RES-05017,Kendall Griffin,A,5,False,reliable
RES-05018,Kai Novak,C,1,False,reliable
RES-05019,Rowan Underwood,A,4,False,reliable
RES-05020,Jamie Ibarra,B,2,True,reliable
RES-05021,Devon Yates,C,1,True,reliable
RES-05022,Kendall Reyes,B,2,False,reliable
RES-05023,Casey Hayes,D,2,True,reliable
RES-05024,Hayden Underwood,C,1,False,reliable
RES-05025,Sasha Lamb,B,2,False,severe
RES-05026,Emerson Whitfield,A,5,True,reliable
RES-05027,Skyler Yates,A,2,False,reliable
RES-05028,Kai Hayes,B,2,True,reliable
RES-05029,Logan Vargas,B,1,False,occasionally_late
RES-05030,Jamie Tran,C,3,False,reliable
RES-05031,Taylor Novak,A,2,False,reliable
RES-05032,Marley Bennett,C,4,True,reliable
RES-05033,Payton Ibarra,B,2,True,reliable
RES-05034,Kendall Griffin,A,3,False,occasionally_late
RES-05035,Elliot Ibarra,D,5,True,reliable
RES-05036,Payton Keller,B,4,False,reliable
RES-05037,Payton Lamb,B,3,False,reliable
RES-05038,Riley Reyes,A,4,False,reliable
RES-05039,Payton Novak,A,4,True,reliable
RES-05040,Payton Alvarez,B,3,False,occasionally_late
RES-05041,Marley Yates,D,2,True,occasionally_late
RES-05042,Payton Alvarez,B,3,True,reliable
RES-05043,Avery Reyes,A,5,True,reliable
RES-05044,Avery Vargas,B,1,True,reliable
RES-05045,Reese Sandoval,A,2,False,degrading
RES-05046,Finley Quintero,A,1,True,reliable
RES-05047,Payton Griffin,A,1,False,reliable
RES-05048,Jamie Tran,C,2,False,reliable
RES-05049,Marley Tran,C,5,False,reliable
RES-05050,Jamie Quintero,B,4,True,reliable
RES-05051,Skyler Chen,C,2,True,degrading
RES-05052,Sasha Hayes,B,2,False,reliable
RES-05053,Kai Hayes,A,2,False,reliable
RES-05054,Reese Tran,C,3,True,degrading
RES-05055,Lane Jensen,D,4,False,reliable
RES-05056,Lane Hayes,C,3,True,reliable
RES-05057,Finley Osei,A,2,False,reliable
RES-05058,Kai Ibarra,D,2,True,degrading
RES-05059,Jamie Foster,B,4,False,reliable
RES-05060,Rowan Park,A,4,False,reliable
RES-05061,Elliot Underwood,B,2,True,reliable
RES-05062,Skyler Reyes,D,2,True,reliable
RES-05063,Kendall Lamb,A,5,True,occasionally_late
RES-05064,Skyler Dawson,B,1,False,reliable
RES-05065,Riley Yates,B,3,True,reliable
RES-05066,Morgan Zamora,D,3,False,reliable
RES-05067,Logan Dawson,C,2,False,degrading
RES-05068,Marley Yates,B,1,True,reliable
RES-05069,Quinn Underwood,A,2,True,reliable
RES-05070,Devon Reyes,B,3,False,reliable
RES-05071,Casey Quintero,C,3,True,reliable
RES-05072,Jordan Jensen,B,2,True,reliable
RES-05073,Alex Sandoval,B,2,True,reliable
RES-05074,Alex Jensen,B,1,False,reliable
RES-05075,Reese Chen,D,3,True,reliable
RES-05076,Kai Whitfield,B,3,True,reliable
RES-05077,Sasha Mercer,B,5,False,occasionally_late
RES-05078,Harper Ibarra,D,2,True,reliable
RES-05079,Quinn Alvarez,B,1,True,reliable
RES-05080,Harper Yates,B,3,True,reliable
RES-05081,Kendall Yates,B,1,False,reliable
RES-05082,Emerson Novak,A,3,False,occasionally_late
RES-05083,Taylor Hayes,A,3,False,occasionally_late
RES-05084,Logan Zamora,C,2,False,reliable
RES-05085,Sasha Vargas,B,2,False,reliable
RES-05086,Quinn Underwood,C,2,True,reliable
RES-05087,Morgan Jensen,B,3,True,reliable
RES-05088,Jamie Hayes,C,2,False,reliable
RES-05089,Jordan Alvarez,B,5,False,degrading
RES-05090,Skyler Foster,A,3,False,reliable
RES-05091,Avery Osei,C,2,False,reliable
RES-05092,Alex Tran,B,5,True,reliable
RES-05093,Jordan Griffin,D,2,False,reliable
RES-05094,Harper Novak,D,2,True,reliable
RES-05095,Kendall Quintero,A,3,True,reliable
RES-05096,Emerson Sandoval,B,4,False,reliable
RES-05097,Casey Hayes,B,5,False,reliable
RES-05098,Taylor Quintero,C,1,True,reliable
RES-05099,Casey Hayes,B,3,True,reliable
RES-05100,Jordan Hayes,B,1,True,reliable
RES-05101,Elliot Dawson,B,5,True,reliable
RES-05102,Marley Novak,B,2,False,reliable
RES-05103,Jordan Zamora,B,1,False,reliable
RES-05104,Devon Dawson,A,3,False,reliable
RES-05105,Reese Novak,B,1,False,reliable
RES-05106,Kendall Vargas,A,1,True,reliable
RES-05107,Lane Ibarra,B,2,False,reliable
RES-05108,Hayden Lamb,C,3,True,reliable
RES-05109,Sasha Lamb,B,4,False,occasionally_late
RES-05110,Emerson Park,C,2,True,reliable
RES-05111,Quinn Keller,D,5,False,reliable
RES-05112,Logan Keller,B,1,True,reliable
RES-05113,Devon Mercer,B,4,False,reliable
RES-05114,Taylor Osei,B,2,False,degrading
RES-05115,Avery Dawson,C,1,False,reliable
RES-05116,Harper Dawson,B,2,False,reliable
RES-05117,Jamie Chen,C,3,False,reliable
RES-05118,Harper Reyes,C,3,False,reliable
RES-05119,Avery Park,C,1,True,reliable
RES-05120,Jamie Osei,D,2,False,reliable
RES-05121,Rowan Osei,A,2,True,reliable
RES-05122,Marley Foster,C,3,False,severe
RES-05123,Elliot Vargas,B,3,True,reliable
RES-05124,Alex Osei,B,3,False,reliable
RES-05125,Devon Foster,A,4,True,reliable
RES-05126,Payton Bennett,B,5,True,reliable
RES-05127,Skyler Yates,D,3,False,reliable
RES-05128,Kai Lamb,D,3,False,reliable
RES-05129,Rowan Hayes,B,2,True,reliable
RES-05130,Kai Reyes,D,5,False,reliable
RES-05131,Finley Griffin,B,2,False,reliable
RES-05132,Harper Bennett,A,2,False,reliable
RES-05133,Jordan Osei,D,3,True,occasionally_late
RES-05134,Riley Ellis,C,1,False,reliable
RES-05135,Logan Reyes,D,2,False,reliable
RES-05136,Reese Sandoval,B,5,True,reliable
RES-05137,Logan Sandoval,C,2,False,reliable
RES-05138,Elliot Keller,A,1,True,reliable
RES-05139,Alex Foster,D,2,True,reliable
RES-05140,Logan Osei,B,5,False,degrading
RES-05141,Marley Griffin,B,2,False,reliable
RES-05142,Elliot Griffin,A,3,True,reliable
RES-05143,Noel Jensen,C,3,True,reliable
RES-05144,Quinn Park,B,2,False,reliable
RES-05145,Kai Underwood,B,1,False,reliable
RES-05146,Alex Lamb,C,2,False,degrading
RES-05147,Logan Lamb,C,1,False,reliable
RES-05148,Taylor Mercer,B,3,False,reliable
RES-05149,Riley Lamb,A,3,True,reliable
RES-05150,Alex Quintero,B,1,False,reliable
RES-05151,Emerson Novak,B,3,True,reliable
RES-05152,Elliot Park,A,2,True,reliable
RES-05153,Emerson Quintero,A,4,True,reliable
RES-05154,Jamie Dawson,A,2,True,reliable
RES-05155,Taylor Reyes,B,2,False,degrading
RES-05156,Devon Zamora,B,5,False,occasionally_late
RES-05157,Kendall Keller,B,3,True,reliable
RES-05158,Emerson Zamora,B,1,False,reliable
RES-05159,Payton Osei,A,5,False,reliable
RES-05160,Micah Foster,D,3,False,reliable
RES-05161,Skyler Chen,A,3,False,reliable
RES-05162,Noel Keller,D,3,False,reliable
RES-05163,Quinn Foster,A,4,False,reliable
RES-05164,Kai Chen,B,5,False,reliable
RES-05165,Rowan Foster,A,1,False,severe
RES-05166,Harper Tran,B,3,True,reliable
RES-05167,Finley Underwood,B,4,True,degrading
RES-05168,Alex Mercer,B,2,False,reliable
RES-05169,Rowan Jensen,A,3,True,degrading
RES-05170,Jordan Lamb,D,1,True,reliable
RES-05171,Hayden Chen,A,2,False,degrading
RES-05172,Devon Quintero,B,3,False,reliable
RES-05173,Kendall Osei,B,3,True,reliable
RES-05174,Elliot Jensen,A,3,False,occasionally_late
RES-05175,Elliot Sandoval,A,4,False,reliable
RES-05176,Marley Dawson,D,1,False,reliable
RES-05177,Alex Jensen,A,2,True,reliable
RES-05178,Morgan Dawson,B,1,False,reliable
RES-05179,Emerson Ellis,C,1,False,reliable
RES-05180,Noel Jensen,B,4,False,reliable
RES-05181,Riley Dawson,D,3,True,degrading
RES-05182,Jamie Whitfield,B,4,True,reliable
RES-05183,Casey Vargas,A,2,False,reliable
RES-05184,Sasha Osei,B,3,True,reliable
RES-05185,Logan Reyes,A,5,True,reliable
RES-05186,Devon Ellis,A,4,True,reliable
RES-05187,Jordan Whitfield,A,2,True,reliable
RES-05188,Payton Sandoval,B,3,True,reliable
RES-05189,Kendall Mercer,B,3,False,reliable
RES-05190,Reese Keller,B,2,True,reliable
RES-05191,Reese Reyes,C,3,False,reliable
RES-05192,Skyler Mercer,A,3,False,reliable
RES-05193,Reese Jensen,A,2,False,reliable
RES-05194,Casey Alvarez,D,2,False,reliable
RES-05195,Logan Tran,B,2,True,reliable
RES-05196,Casey Yates,B,3,False,reliable
RES-05197,Morgan Keller,B,4,True,reliable
RES-05198,Payton Ellis,B,1,False,reliable
RES-05199,Elliot Whitfield,C,5,False,reliable
RES-05200,Rowan Keller,C,3,False,reliable
RES-05201,Emerson Novak,B,2,True,reliable
RES-05202,Payton Hayes,B,3,False,occasionally_late
RES-05203,Quinn Park,B,1,False,reliable
RES-05204,Alex Mercer,D,3,True,reliable
RES-05205,Hayden Whitfield,D,5,False,reliable
RES-05206,Avery Reyes,B,1,False,reliable
RES-05207,Skyler Ibarra,B,2,True,reliable
RES-05208,Jordan Foster,A,4,True,occasionally_late
RES-05209,Logan Tran,B,2,True,reliable
RES-05210,Devon Ibarra,A,3,True,reliable
RES-05211,Avery Tran,D,5,False,reliable
RES-05212,Rowan Tran,C,3,True,reliable
RES-05213,Morgan Griffin,A,2,False,reliable
RES-05214,Quinn Griffin,B,2,True,severe
RES-05215,Sasha Lamb,A,3,False,reliable
RES-05216,Micah Mercer,C,1,False,reliable
RES-05217,Morgan Mercer,B,5,False,degrading
RES-05218,Logan Vargas,C,5,False,reliable
RES-05219,Finley Underwood,A,3,True,reliable
RES-05220,Quinn Novak,D,2,True,reliable
RES-05221,Taylor Bennett,C,2,False,occasionally_late
RES-05222,Alex Keller,B,5,False,severe
RES-05223,Skyler Ellis,C,5,False,reliable
RES-05224,Taylor Foster,B,1,False,reliable
RES-05225,Taylor Vargas,C,5,False,reliable
RES-05226,Sasha Foster,B,5,False,degrading
RES-05227,Alex Park,C,3,False,reliable
RES-05228,Payton Quintero,A,2,True,reliable
RES-05229,Skyler Mercer,B,3,False,reliable
RES-05230,Hayden Novak,A,3,True,reliable
RES-05231,Casey Lamb,B,5,False,reliable
RES-05232,Kendall Ellis,A,4,True,reliable
RES-05233,Harper Lamb,B,3,False,reliable
RES-05234,Reese Sandoval,C,5,False,reliable
RES-05235,Avery Foster,D,5,True,reliable
RES-05236,Devon Sandoval,D,4,True,occasionally_late
RES-05237,Reese Quintero,C,2,False,reliable
RES-05238,Finley Lamb,A,2,True,reliable
RES-05239,Skyler Ellis,A,2,False,reliable
RES-05240,Sasha Jensen,C,4,False,reliable
RES-05241,Morgan Tran,C,3,True,reliable
RES-05242,Jamie Hayes,D,2,False,reliable
RES-05243,Payton Keller,B,3,False,reliable
RES-05244,Payton Bennett,B,2,True,reliable
RES-05245,Jamie Osei,C,2,False,reliable
RES-05246,Finley Lamb,C,2,False,reliable
RES-05247,Payton Underwood,A,5,False,degrading
RES-05248,Noel Bennett,B,3,True,reliable
RES-05249,Payton Sandoval,B,2,False,reliable
RES-05250,Quinn Jensen,D,3,False,reliable
RES-05251,Morgan Tran,B,4,False,reliable
RES-05252,Riley Alvarez,A,3,False,reliable
RES-05253,Alex Dawson,A,2,True,reliable
RES-05254,Reese Whitfield,C,5,False,reliable
RES-05255,Emerson Park,C,3,False,degrading
RES-05256,Sasha Dawson,C,3,False,reliable
RES-05257,Alex Tran,A,5,False,reliable
RES-05258,Rowan Sandoval,D,4,False,severe
RES-05259,Finley Tran,A,5,True,reliable
RES-05260,Casey Ellis,A,4,True,occasionally_late
RES-05261,Kai Griffin,D,3,False,reliable
RES-05262,Taylor Park,C,4,False,reliable
RES-05263,Hayden Tran,A,2,False,reliable
RES-05264,Harper Reyes,C,2,False,reliable
RES-05265,Noel Hayes,B,5,False,reliable
RES-05266,Payton Whitfield,C,3,True,occasionally_late
RES-05267,Hayden Ellis,D,2,False,reliable
RES-05268,Riley Hayes,C,3,False,reliable
RES-05269,Jamie Vargas,A,4,False,reliable
RES-05270,Devon Dawson,B,4,False,degrading
RES-05271,Jordan Sandoval,B,2,False,reliable
RES-05272,Marley Ellis,C,3,False,reliable
RES-05273,Skyler Sandoval,B,2,False,reliable
RES-05274,Harper Vargas,A,2,True,reliable
RES-05275,Rowan Chen,A,4,True,reliable
RES-05276,Harper Park,D,5,True,reliable
RES-05277,Reese Keller,A,2,True,reliable
RES-05278,Alex Hayes,A,1,False,reliable
RES-05279,Lane Keller,A,3,False,reliable
RES-05280,Harper Chen,B,4,False,reliable
RES-05281,Morgan Osei,B,5,False,occasionally_late
RES-05282,Lane Keller,B,5,False,reliable
RES-05283,Skyler Sandoval,C,2,True,reliable
RES-05284,Reese Mercer,B,3,False,reliable
RES-05285,Morgan Ellis,D,1,False,reliable
RES-05286,Kendall Griffin,B,2,False,reliable
RES-05287,Harper Park,B,2,False,severe
RES-05288,Emerson Ellis,B,2,False,reliable
RES-05289,Skyler Keller,B,2,False,reliable
RES-05290,Kai Sandoval,C,5,False,reliable
RES-05291,Sasha Ellis,C,5,False,reliable
RES-05292,Morgan Sandoval,A,5,False,degrading
RES-05293,Harper Keller,C,2,False,reliable
RES-05294,Emerson Keller,B,4,True,reliable
RES-05295,Marley Sandoval,C,4,False,reliable
RES-05296,Devon Hayes,B,4,False,reliable
RES-05297,Micah Yates,B,3,True,reliable
RES-05298,Kendall Chen,C,3,False,reliable
RES-05299,Kai Yates,B,2,True,reliable
RES-05300,Devon Reyes,A,1,False,reliable
RES-05301,Elliot Tran,A,5,True,reliable
RES-05302,Rowan Hayes,B,2,False,occasionally_late
RES-05303,Logan Lamb,B,1,True,reliable
RES-05304,Devon Bennett,C,3,True,occasionally_late
RES-05305,Jordan Tran,C,3,True,reliable
RES-05306,Noel Keller,B,3,False,reliable
RES-05307,Finley Tran,B,2,False,reliable
RES-05308,Lane Alvarez,B,4,True,reliable
RES-05309,Hayden Yates,B,1,True,degrading
RES-05310,Reese Hayes,D,1,False,reliable
RES-05311,Finley Hayes,B,2,True,reliable
RES-05312,Elliot Sandoval,C,1,False,reliable
RES-05313,Skyler Underwood,B,2,True,reliable
RES-05314,Kendall Ellis,A,5,True,reliable
RES-05315,Emerson Park,C,5,False,reliable
RES-05316,Avery Foster,C,1,True,reliable
RES-05317,Quinn Alvarez,C,3,True,reliable
RES-05318,Devon Underwood,C,2,False,reliable
RES-05319,Alex Sandoval,B,2,False,degrading
RES-05320,Skyler Bennett,B,2,True,reliable
RES-05321,Finley Ibarra,B,3,True,reliable
RES-05322,Riley Ibarra,B,2,True,reliable
RES-05323,Hayden Novak,D,2,False,degrading
RES-05324,Jordan Griffin,B,1,False,reliable
RES-05325,Devon Park,A,4,True,reliable
RES-05326,Skyler Yates,B,2,True,degrading
RES-05327,Quinn Hayes,B,4,True,reliable
RES-05328,Harper Sandoval,B,5,False,degrading
RES-05329,Jamie Alvarez,D,1,True,reliable
RES-05330,Quinn Novak,C,5,False,reliable
RES-05331,Rowan Reyes,C,2,False,reliable
RES-05332,Marley Whitfield,C,2,False,reliable
RES-05333,Devon Osei,A,3,False,occasionally_late
RES-05334,Quinn Underwood,B,4,False,reliable
RES-05335,Casey Jensen,B,5,True,reliable
RES-05336,Logan Osei,B,4,True,reliable
RES-05337,Payton Lamb,B,4,False,degrading
RES-05338,Sasha Quintero,B,1,True,occasionally_late
RES-05339,Reese Park,B,1,True,reliable
RES-05340,Kai Alvarez,D,3,True,reliable
RES-05341,Quinn Vargas,B,3,True,reliable
RES-05342,Harper Dawson,A,4,False,reliable
RES-05343,Quinn Alvarez,A,2,True,reliable
RES-05344,Kendall Chen,B,3,False,reliable
RES-05345,Lane Reyes,A,2,False,reliable
RES-05346,Payton Bennett,A,2,False,reliable
RES-05347,Jordan Foster,A,2,False,reliable
RES-05348,Finley Osei,B,1,True,reliable
RES-05349,Quinn Bennett,D,3,True,reliable
RES-05350,Finley Jensen,C,1,False,reliable
RES-05351,Alex Tran,B,4,True,reliable
RES-05352,Micah Underwood,B,3,True,reliable
RES-05353,Noel Underwood,C,2,False,reliable
RES-05354,Sasha Keller,B,3,True,reliable
RES-05355,Skyler Bennett,A,1,False,reliable
RES-05356,Harper Jensen,A,4,True,reliable
RES-05357,Finley Zamora,D,5,False,reliable
RES-05358,Quinn Ibarra,D,1,True,reliable
RES-05359,Alex Keller,B,3,False,reliable
RES-05360,Elliot Jensen,B,3,False,reliable
RES-05361,Taylor Novak,A,2,False,reliable
RES-05362,Marley Osei,C,3,False,reliable
RES-05363,Jamie Tran,B,3,True,reliable
RES-05364,Harper Zamora,B,5,False,reliable
RES-05365,Harper Mercer,C,3,False,reliable
RES-05366,Noel Novak,B,3,False,reliable
RES-05367,Marley Novak,C,2,False,reliable
RES-05368,Rowan Dawson,A,3,True,reliable
RES-05369,Devon Osei,B,1,False,reliable
RES-05370,Noel Yates,B,2,True,reliable
RES-05371,Quinn Foster,A,2,False,reliable
RES-05372,Casey Yates,B,4,False,reliable
RES-05373,Riley Reyes,B,1,False,reliable
RES-05374,Lane Hayes,B,1,False,occasionally_late
RES-05375,Logan Hayes,B,3,False,reliable
RES-05376,Riley Vargas,D,3,True,degrading
RES-05377,Lane Mercer,B,3,True,reliable
RES-05378,Devon Whitfield,B,1,False,reliable
RES-05379,Marley Vargas,A,3,True,reliable
RES-05380,Kai Underwood,B,1,True,reliable
RES-05381,Casey Ibarra,B,4,False,reliable
RES-05382,Finley Bennett,A,3,True,reliable
RES-05383,Taylor Dawson,A,5,False,reliable
RES-05384,Riley Ibarra,A,2,True,reliable
RES-05385,Skyler Griffin,D,2,True,reliable
RES-05386,Rowan Vargas,B,2,False,reliable
RES-05387,Skyler Mercer,C,4,True,reliable
RES-05388,Quinn Jensen,A,3,False,reliable
RES-05389,Reese Quintero,C,4,True,reliable
RES-05390,Jordan Novak,A,2,True,occasionally_late
RES-05391,Hayden Park,A,1,False,reliable
RES-05392,Skyler Mercer,A,3,False,reliable
RES-05393,Riley Foster,A,5,True,reliable
RES-05394,Emerson Tran,D,3,False,reliable
RES-05395,Sasha Whitfield,B,3,False,occasionally_late
RES-05396,Micah Sandoval,B,1,False,reliable
RES-05397,Kai Whitfield,B,1,False,reliable
RES-05398,Kai Novak,C,3,False,reliable
RES-05399,Marley Whitfield,A,1,True,reliable
RES-05400,Avery Park,B,3,False,reliable
RES-05401,Emerson Dawson,C,2,False,reliable
RES-05402,Lane Osei,D,1,False,reliable
RES-05403,Harper Reyes,B,2,True,reliable
RES-05404,Logan Mercer,A,2,True,reliable
RES-05405,Kendall Osei,B,1,False,reliable
RES-05406,Quinn Dawson,C,2,False,reliable
RES-05407,Rowan Tran,D,1,True,reliable
RES-05408,Harper Osei,A,1,True,reliable
RES-05409,Harper Dawson,A,3,True,reliable
RES-05410,Kendall Osei,C,3,False,degrading
RES-05411,Kai Tran,C,1,False,reliable
RES-05412,Hayden Alvarez,B,2,False,reliable
RES-05413,Marley Dawson,B,2,True,reliable
RES-05414,Taylor Griffin,D,1,False,reliable
RES-05415,Hayden Hayes,B,3,False,reliable
RES-05416,Alex Tran,B,3,False,reliable
RES-05417,Elliot Sandoval,B,2,True,reliable
RES-05418,Finley Griffin,C,2,False,occasionally_late
RES-05419,Elliot Lamb,C,2,True,occasionally_late
RES-05420,Jordan Lamb,A,2,False,reliable
RES-05421,Logan Dawson,C,2,True,reliable
RES-05422,Alex Reyes,B,3,True,degrading
RES-05423,Lane Chen,D,3,False,reliable
RES-05424,Jamie Zamora,B,3,False,reliable
RES-05425,Devon Quintero,B,2,True,reliable
RES-05426,Morgan Yates,D,2,True,reliable
RES-05427,Kai Ellis,B,2,False,reliable
RES-05428,Marley Novak,D,5,False,occasionally_late
RES-05429,Finley Novak,B,2,False,reliable
RES-05430,Riley Bennett,B,2,False,reliable
RES-05431,Hayden Vargas,B,2,False,reliable
RES-05432,Riley Park,B,5,True,reliable
RES-05433,Avery Whitfield,B,1,False,reliable
RES-05434,Skyler Tran,B,1,False,occasionally_late
RES-05435,Harper Griffin,C,3,False,reliable
RES-05436,Avery Griffin,B,1,True,severe
RES-05437,Lane Ibarra,A,3,False,reliable
RES-05438,Skyler Whitfield,A,1,False,reliable
RES-05439,Casey Mercer,A,4,True,reliable
RES-05440,Jamie Yates,A,3,False,reliable
RES-05441,Finley Sandoval,B,3,True,reliable
RES-05442,Alex Underwood,A,2,False,reliable
RES-05443,Marley Osei,B,4,True,reliable
RES-05444,Noel Sandoval,C,2,False,reliable
RES-05445,Alex Quintero,B,5,False,reliable
RES-05446,Avery Vargas,A,2,False,reliable
RES-05447,Riley Zamora,C,5,False,reliable
RES-05448,Kendall Lamb,A,5,True,reliable
RES-05449,Rowan Dawson,D,2,True,reliable
RES-05450,Noel Bennett,B,1,True,reliable
RES-05451,Kendall Zamora,B,4,False,degrading
RES-05452,Riley Reyes,B,2,False,reliable
RES-05453,Payton Jensen,A,2,False,reliable
RES-05454,Quinn Reyes,A,1,False,reliable
RES-05455,Marley Novak,D,2,False,reliable
RES-05456,Jordan Novak,C,2,False,severe
RES-05457,Casey Novak,B,4,False,reliable
RES-05458,Kendall Tran,D,4,False,reliable
RES-05459,Quinn Alvarez,B,5,True,reliable
RES-05460,Payton Foster,B,1,False,degrading
RES-05461,Quinn Alvarez,C,1,False,reliable
RES-05462,Marley Keller,B,5,False,reliable
RES-05463,Micah Yates,D,1,False,degrading
RES-05464,Noel Yates,D,2,True,reliable
RES-05465,Sasha Vargas,C,3,True,occasionally_late
RES-05466,Emerson Tran,A,2,False,reliable
RES-05467,Reese Tran,B,2,False,reliable
RES-05468,Quinn Park,A,5,True,reliable
RES-05469,Skyler Foster,B,3,True,reliable
RES-05470,Elliot Sandoval,A,2,True,reliable
RES-05471,Devon Chen,B,3,True,reliable
RES-05472,Alex Lamb,C,5,False,reliable
RES-05473,Reese Reyes,C,2,False,reliable
RES-05474,Harper Novak,A,1,False,reliable
RES-05475,Morgan Sandoval,B,2,False,reliable
RES-05476,Morgan Osei,D,3,True,reliable
RES-05477,Harper Park,B,3,True,reliable
RES-05478,Marley Ibarra,B,3,False,reliable
RES-05479,Devon Hayes,D,3,False,occasionally_late
RES-05480,Taylor Lamb,A,1,True,reliable
RES-05481,Kendall Novak,D,1,False,reliable
RES-05482,Jamie Foster,B,2,False,reliable
RES-05483,Marley Zamora,B,3,False,reliable
RES-05484,Noel Dawson,A,2,True,reliable
RES-05485,Logan Griffin,A,3,True,degrading
RES-05486,Sasha Tran,C,2,True,degrading
RES-05487,Hayden Ibarra,B,2,False,reliable
RES-05488,Alex Alvarez,D,3,True,degrading
RES-05489,Marley Quintero,C,1,False,occasionally_late
RES-05490,Sasha Vargas,B,1,False,reliable
RES-05491,Lane Novak,A,4,False,occasionally_late
RES-05492,Riley Underwood,B,4,False,reliable
RES-05493,Finley Park,B,2,True,degrading
RES-05494,Casey Sandoval,B,2,False,reliable
RES-05495,Reese Underwood,B,3,False,reliable
RES-05496,Lane Park,C,3,False,reliable
RES-05497,Marley Ellis,B,2,False,reliable
RES-05498,Jamie Keller,A,3,False,reliable
RES-05499,Quinn Underwood,A,4,True,occasionally_late
RES-05500,Quinn Whitfield,B,4,False,reliable
RES-05501,Sasha Novak,C,3,True,reliable
RES-05502,Reese Ibarra,A,3,False,occasionally_late
RES-05503,Kendall Jensen,A,3,False,reliable
RES-05504,Jordan Yates,B,5,False,reliable
RES-05505,Rowan Griffin,A,3,True,reliable
RES-05506,Taylor Zamora,D,2,False,occasionally_late
RES-05507,Sasha Tran,D,2,False,reliable
RES-05508,Avery Quintero,D,2,True,degrading
RES-05509,Morgan Hayes,C,1,False,reliable
RES-05510,Taylor Jensen,D,1,False,reliable
RES-05511,Morgan Quintero,C,2,True,reliable
RES-05512,Taylor Lamb,B,3,False,reliable
RES-05513,Reese Foster,A,3,True,degrading
RES-05514,Lane Reyes,A,2,False,reliable
RES-05515,Reese Hayes,B,5,False,reliable
RES-05516,Skyler Zamora,B,4,False,degrading
RES-05517,Riley Reyes,A,3,False,reliable
RES-05518,Avery Park,D,3,True,reliable
RES-05519,Micah Chen,B,2,True,degrading
RES-05520,Logan Park,B,4,False,reliable
RES-05521,Taylor Alvarez,C,4,False,reliable
RES-05522,Taylor Novak,A,1,True,reliable
RES-05523,Jordan Reyes,C,2,True,reliable
RES-05524,Lane Dawson,A,4,True,reliable
RES-05525,Kendall Novak,B,3,False,reliable
RES-05526,Noel Vargas,A,5,True,occasionally_late
RES-05527,Elliot Keller,B,1,False,reliable
RES-05528,Kai Whitfield,A,2,False,reliable
RES-05529,Avery Keller,A,5,True,degrading
RES-05530,Harper Ibarra,D,2,True,reliable
RES-05531,Micah Osei,C,2,False,reliable
RES-05532,Jamie Sandoval,A,2,True,reliable
RES-05533,Quinn Park,A,2,False,reliable
RES-05534,Devon Ibarra,B,1,True,reliable
RES-05535,Devon Zamora,D,3,True,reliable
RES-05536,Sasha Quintero,A,1,False,reliable
RES-05537,Marley Dawson,A,3,False,degrading
RES-05538,Harper Ellis,C,3,True,reliable
RES-05539,Taylor Hayes,C,3,False,reliable
RES-05540,Jordan Yates,D,3,False,reliable
RES-05541,Elliot Hayes,D,3,True,reliable
RES-05542,Reese Osei,A,2,True,degrading
RES-05543,Skyler Mercer,C,4,False,reliable
RES-05544,Quinn Yates,D,5,False,reliable
RES-05545,Logan Bennett,B,1,True,reliable
RES-05546,Morgan Sandoval,C,3,False,reliable
RES-05547,Micah Park,D,2,True,reliable
RES-05548,Kendall Alvarez,A,1,False,reliable
RES-05549,Hayden Chen,C,5,False,reliable
RES-05550,Micah Chen,C,4,False,reliable
RES-05551,Lane Chen,D,4,False,reliable
RES-05552,Noel Ellis,B,3,True,reliable
RES-05553,Jordan Ibarra,D,5,False,reliable
RES-05554,Jamie Osei,B,2,True,reliable
RES-05555,Jamie Ellis,B,4,True,reliable
RES-05556,Marley Sandoval,D,1,False,reliable
RES-05557,Lane Underwood,C,3,True,reliable
RES-05558,Riley Hayes,C,3,False,reliable
RES-05559,Harper Zamora,B,2,True,reliable
RES-05560,Lane Quintero,C,2,False,degrading
RES-05561,Noel Park,C,2,False,reliable
RES-05562,Avery Underwood,B,2,True,reliable
RES-05563,Reese Yates,C,1,False,reliable
RES-05564,Jamie Dawson,A,2,True,reliable
RES-05565,Devon Foster,C,2,True,reliable
RES-05566,Harper Vargas,B,2,False,reliable
RES-05567,Reese Dawson,C,3,False,degrading
RES-05568,Devon Foster,A,4,True,reliable
RES-05569,Devon Alvarez,C,3,True,reliable
RES-05570,Alex Ellis,D,2,True,reliable
RES-05571,Casey Lamb,C,1,True,reliable
RES-05572,Quinn Foster,C,3,False,reliable
RES-05573,Elliot Reyes,B,2,True,reliable
RES-05574,Casey Park,C,3,False,reliable
RES-05575,Marley Keller,A,2,False,reliable
RES-05576,Quinn Foster,D,4,False,occasionally_late
RES-05577,Elliot Reyes,B,2,True,reliable
RES-05578,Reese Vargas,B,1,True,reliable
RES-05579,Skyler Mercer,C,3,False,reliable
RES-05580,Finley Foster,C,2,True,reliable
RES-05581,Elliot Yates,C,2,True,reliable
RES-05582,Marley Dawson,C,5,False,degrading
RES-05583,Casey Dawson,D,2,True,degrading
RES-05584,Jamie Zamora,B,2,False,reliable
RES-05585,Micah Reyes,B,3,False,reliable
RES-05586,Devon Chen,B,5,False,reliable
RES-05587,Reese Yates,B,2,False,reliable
RES-05588,Reese Vargas,B,2,True,reliable
RES-05589,Riley Quintero,B,1,True,reliable
RES-05590,Avery Zamora,A,3,False,reliable
RES-05591,Kai Whitfield,C,4,True,reliable
RES-05592,Alex Tran,C,3,True,reliable
RES-05593,Hayden Whitfield,B,1,True,reliable
RES-05594,Alex Keller,A,2,True,reliable
RES-05595,Kendall Alvarez,A,3,False,degrading
RES-05596,Elliot Dawson,A,2,False,reliable
RES-05597,Lane Sandoval,B,3,False,reliable
RES-05598,Elliot Jensen,A,1,False,reliable
RES-05599,Devon Griffin,D,2,True,reliable
RES-05600,Sasha Mercer,B,3,True,severe
RES-05601,Micah Alvarez,A,3,False,reliable
RES-05602,Hayden Zamora,B,2,True,reliable
RES-05603,Rowan Foster,B,5,False,reliable
RES-05604,Casey Keller,C,3,False,reliable
RES-05605,Sasha Park,D,4,False,reliable
RES-05606,Emerson Underwood,D,2,False,reliable
RES-05607,Devon Yates,B,2,False,occasionally_late
RES-05608,Riley Hayes,C,2,False,reliable
RES-05609,Finley Underwood,A,1,False,severe
RES-05610,Skyler Novak,A,3,True,reliable
RES-05611,Riley Sandoval,C,4,False,reliable
RES-05612,Jordan Ellis,D,2,True,reliable
RES-05613,Sasha Keller,D,3,True,occasionally_late
RES-05614,Skyler Sandoval,C,4,False,reliable
RES-05615,Finley Reyes,A,2,False,reliable
RES-05616,Finley Quintero,B,4,True,reliable
RES-05617,Jamie Hayes,C,3,True,reliable
RES-05618,Marley Osei,B,2,False,reliable
RES-05619,Riley Quintero,A,2,True,reliable
RES-05620,Noel Foster,A,3,False,reliable
RES-05621,Sasha Bennett,C,2,True,reliable
RES-05622,Jordan Bennett,D,5,False,degrading
RES-05623,Morgan Ibarra,C,2,True,reliable
RES-05624,Riley Vargas,C,2,True,reliable
RES-05625,Elliot Jensen,D,1,True,reliable
RES-05626,Elliot Tran,B,3,True,reliable
RES-05627,Marley Lamb,C,5,False,reliable
RES-05628,Micah Keller,D,3,False,reliable
RES-05629,Taylor Jensen,B,1,True,reliable
RES-05630,Kai Quintero,B,3,True,degrading
RES-05631,Elliot Jensen,C,5,True,reliable
RES-05632,Finley Hayes,C,4,True,reliable
RES-05633,Hayden Vargas,A,1,False,reliable
RES-05634,Quinn Foster,C,3,True,reliable
RES-05635,Hayden Zamora,B,3,True,reliable
RES-05636,Marley Tran,C,2,False,reliable
RES-05637,Riley Novak,A,2,False,reliable
RES-05638,Casey Mercer,B,4,True,reliable
RES-05639,Jordan Chen,B,2,False,reliable
RES-05640,Riley Zamora,D,1,False,reliable
RES-05641,Noel Jensen,C,3,False,reliable
RES-05642,Morgan Zamora,D,5,False,reliable
RES-05643,Elliot Park,C,2,False,reliable
RES-05644,Alex Quintero,B,2,False,reliable
RES-05645,Jordan Chen,B,3,True,reliable
RES-05646,Finley Whitfield,C,3,False,reliable
