assessmentId,propertyId,countyId,taxYear,assessedValue,priorAssessedValue,changePct,appealStatus,appealSavings
ASM-000001,PROP-00001,CTY-001,2024,465756,,0.0,none,0
ASM-000002,PROP-00001,CTY-001,2025,490556,465756,0.0532,none,0
ASM-000003,PROP-00001,CTY-001,2026,524564,490556,0.0693,none,0
ASM-000004,PROP-00002,CTY-001,2024,424868,,0.0,none,0
ASM-000005,PROP-00002,CTY-001,2025,442628,424868,0.0418,none,0
ASM-000006,PROP-00002,CTY-001,2026,459685,442628,0.0385,none,0
ASM-000007,PROP-00003,CTY-001,2024,369047,,0.0,none,0
ASM-000008,PROP-00003,CTY-001,2025,396670,369047,0.0748,none,0
ASM-000009,PROP-00003,CTY-001,2026,423663,396670,0.068,none,0
ASM-000010,PROP-00004,CTY-001,2024,444239,,0.0,none,0
ASM-000011,PROP-00004,CTY-001,2025,459385,444239,0.0341,none,0
ASM-000012,PROP-00004,CTY-001,2026,475253,459385,0.0345,none,0
ASM-000013,PROP-00005,CTY-001,2024,443901,,0.0,none,0
ASM-000014,PROP-00005,CTY-001,2025,461514,443901,0.0397,none,0
ASM-000015,PROP-00005,CTY-001,2026,491432,461514,0.0648,none,0
ASM-000016,PROP-00006,CTY-001,2024,375797,,0.0,none,0
ASM-000017,PROP-00006,CTY-001,2025,392299,375797,0.0439,none,0
ASM-000018,PROP-00006,CTY-001,2026,410349,392299,0.046,none,0
ASM-000019,PROP-00007,CTY-001,2024,392429,,0.0,none,0
ASM-000020,PROP-00007,CTY-001,2025,412829,392429,0.052,none,0
ASM-000021,PROP-00007,CTY-001,2026,446788,412829,0.0823,none,0
ASM-000022,PROP-00008,CTY-001,2024,439856,,0.0,none,0
ASM-000023,PROP-00008,CTY-001,2025,471983,439856,0.073,none,0
ASM-000024,PROP-00008,CTY-001,2026,491385,471983,0.0411,none,0
ASM-000025,PROP-00009,CTY-001,2024,391313,,0.0,none,0
ASM-000026,PROP-00009,CTY-001,2025,423693,391313,0.0827,none,0
ASM-000027,PROP-00009,CTY-001,2026,449041,423693,0.0598,none,0
ASM-000028,PROP-00010,CTY-001,2024,396787,,0.0,none,0
ASM-000029,PROP-00010,CTY-001,2025,428243,396787,0.0793,none,0
ASM-000030,PROP-00010,CTY-001,2026,446953,428243,0.0437,none,0
ASM-000031,PROP-00011,CTY-001,2024,471597,,0.0,none,0
ASM-000032,PROP-00011,CTY-001,2025,496874,471597,0.0536,none,0
ASM-000033,PROP-00011,CTY-001,2026,529224,496874,0.0651,none,0
ASM-000034,PROP-00012,CTY-001,2024,428222,,0.0,none,0
ASM-000035,PROP-00012,CTY-001,2025,445378,428222,0.0401,none,0
ASM-000036,PROP-00012,CTY-001,2026,480613,445378,0.0791,none,0
ASM-000037,PROP-00013,CTY-001,2024,402852,,0.0,none,0
ASM-000038,PROP-00013,CTY-001,2025,425500,402852,0.0562,none,0
ASM-000039,PROP-00013,CTY-001,2026,450598,425500,0.059,none,0
ASM-000040,PROP-00014,CTY-001,2024,451947,,0.0,none,0
ASM-000041,PROP-00014,CTY-001,2025,469050,451947,0.0378,none,0
ASM-000042,PROP-00014,CTY-001,2026,508323,469050,0.0837,none,0
ASM-000043,PROP-00015,CTY-001,2024,546901,,0.0,none,0
ASM-000044,PROP-00015,CTY-001,2025,570784,546901,0.0437,none,0
ASM-000045,PROP-00015,CTY-001,2026,614354,570784,0.0763,none,0
ASM-000046,PROP-00016,CTY-001,2024,446381,,0.0,none,0
ASM-000047,PROP-00016,CTY-001,2025,482407,446381,0.0807,none,0
ASM-000048,PROP-00016,CTY-001,2026,507112,482407,0.0512,none,0
ASM-000049,PROP-00017,CTY-001,2024,407455,,0.0,none,0
ASM-000050,PROP-00017,CTY-001,2025,437061,407455,0.0727,none,0
ASM-000051,PROP-00017,CTY-001,2026,460348,437061,0.0533,none,0
ASM-000052,PROP-00018,CTY-001,2024,412995,,0.0,none,0
ASM-000053,PROP-00018,CTY-001,2025,446409,412995,0.0809,none,0
ASM-000054,PROP-00018,CTY-001,2026,477167,446409,0.0689,none,0
ASM-000055,PROP-00019,CTY-001,2024,406986,,0.0,none,0
ASM-000056,PROP-00019,CTY-001,2025,430492,406986,0.0578,none,0
ASM-000057,PROP-00019,CTY-001,2026,451247,430492,0.0482,none,0
ASM-000058,PROP-00020,CTY-001,2024,354329,,0.0,none,0
ASM-000059,PROP-00020,CTY-001,2025,373631,354329,0.0545,none,0
ASM-000060,PROP-00020,CTY-001,2026,386307,373631,0.0339,none,0
ASM-000061,PROP-00021,CTY-001,2024,420264,,0.0,none,0
ASM-000062,PROP-00021,CTY-001,2025,440003,420264,0.047,none,0
ASM-000063,PROP-00021,CTY-001,2026,465915,440003,0.0589,none,0
ASM-000064,PROP-00022,CTY-001,2024,425827,,0.0,none,0
ASM-000065,PROP-00022,CTY-001,2025,458357,425827,0.0764,none,0
ASM-000066,PROP-00022,CTY-001,2026,491906,458357,0.0732,none,0
ASM-000067,PROP-00023,CTY-001,2024,510469,,0.0,none,0
ASM-000068,PROP-00023,CTY-001,2025,542819,510469,0.0634,none,0
ASM-000069,PROP-00023,CTY-001,2026,564393,542819,0.0397,none,0
ASM-000070,PROP-00024,CTY-001,2024,451680,,0.0,none,0
ASM-000071,PROP-00024,CTY-001,2025,479789,451680,0.0622,none,0
ASM-000072,PROP-00024,CTY-001,2026,516102,479789,0.0757,none,0
ASM-000073,PROP-00025,CTY-001,2024,484724,,0.0,none,0
ASM-000074,PROP-00025,CTY-001,2025,523945,484724,0.0809,none,0
ASM-000075,PROP-00025,CTY-001,2026,550872,523945,0.0514,none,0
ASM-000076,PROP-00026,CTY-001,2024,440539,,0.0,none,0
ASM-000077,PROP-00026,CTY-001,2025,459493,440539,0.043,none,0
ASM-000078,PROP-00026,CTY-001,2026,482460,459493,0.05,none,0
ASM-000079,PROP-00027,CTY-001,2024,392768,,0.0,none,0
ASM-000080,PROP-00027,CTY-001,2025,419534,392768,0.0681,none,0
ASM-000081,PROP-00027,CTY-001,2026,448227,419534,0.0684,none,0
ASM-000082,PROP-00028,CTY-001,2024,498034,,0.0,none,0
ASM-000083,PROP-00028,CTY-001,2025,522471,498034,0.0491,none,0
ASM-000084,PROP-00028,CTY-001,2026,542396,522471,0.0381,none,0
ASM-000085,PROP-00029,CTY-001,2024,381983,,0.0,none,0
ASM-000086,PROP-00029,CTY-001,2025,395987,381983,0.0367,none,0
ASM-000087,PROP-00029,CTY-001,2026,419978,395987,0.0606,none,0
ASM-000088,PROP-00030,CTY-001,2024,412768,,0.0,none,0
ASM-000089,PROP-00030,CTY-001,2025,427081,412768,0.0347,none,0
ASM-000090,PROP-00030,CTY-001,2026,442813,427081,0.0368,none,0
ASM-000091,PROP-00031,CTY-001,2024,397268,,0.0,none,0
ASM-000092,PROP-00031,CTY-001,2025,411715,397268,0.0364,none,0
ASM-000093,PROP-00031,CTY-001,2026,444557,411715,0.0798,none,0
ASM-000094,PROP-00032,CTY-001,2024,467788,,0.0,none,0
ASM-000095,PROP-00032,CTY-001,2025,501189,467788,0.0714,none,0
ASM-000096,PROP-00032,CTY-001,2026,527125,501189,0.0517,none,0
ASM-000097,PROP-00033,CTY-001,2024,463139,,0.0,none,0
ASM-000098,PROP-00033,CTY-001,2025,490376,463139,0.0588,none,0
ASM-000099,PROP-00033,CTY-001,2026,524416,490376,0.0694,none,0
ASM-000100,PROP-00034,CTY-001,2024,455414,,0.0,none,0
ASM-000101,PROP-00034,CTY-001,2025,474689,455414,0.0423,none,0
ASM-000102,PROP-00034,CTY-001,2026,503544,474689,0.0608,none,0
ASM-000103,PROP-00035,CTY-001,2024,442150,,0.0,none,0
ASM-000104,PROP-00035,CTY-001,2025,458681,442150,0.0374,none,0
ASM-000105,PROP-00035,CTY-001,2026,493482,458681,0.0759,none,0
ASM-000106,PROP-00036,CTY-001,2024,482538,,0.0,none,0
ASM-000107,PROP-00036,CTY-001,2025,506744,482538,0.0502,none,0
ASM-000108,PROP-00036,CTY-001,2026,532286,506744,0.0504,none,0
ASM-000109,PROP-00037,CTY-001,2024,440528,,0.0,none,0
ASM-000110,PROP-00037,CTY-001,2025,459888,440528,0.0439,none,0
ASM-000111,PROP-00037,CTY-001,2026,489055,459888,0.0634,none,0
ASM-000112,PROP-00038,CTY-001,2024,501128,,0.0,none,0
ASM-000113,PROP-00038,CTY-001,2025,541217,501128,0.08,none,0
ASM-000114,PROP-00038,CTY-001,2026,568928,541217,0.0512,none,0
ASM-000115,PROP-00039,CTY-001,2024,493038,,0.0,none,0
ASM-000116,PROP-00039,CTY-001,2025,524143,493038,0.0631,none,0
ASM-000117,PROP-00039,CTY-001,2026,567826,524143,0.0833,none,0
ASM-000118,PROP-00040,CTY-001,2024,504058,,0.0,none,0
ASM-000119,PROP-00040,CTY-001,2025,533030,504058,0.0575,none,0
ASM-000120,PROP-00040,CTY-001,2026,551246,533030,0.0342,none,0
ASM-000121,PROP-00041,CTY-001,2024,421014,,0.0,none,0
ASM-000122,PROP-00041,CTY-001,2025,455266,421014,0.0814,none,0
ASM-000123,PROP-00041,CTY-001,2026,489637,455266,0.0755,none,0
ASM-000124,PROP-00042,CTY-001,2024,479443,,0.0,none,0
ASM-000125,PROP-00042,CTY-001,2025,496424,479443,0.0354,none,0
ASM-000126,PROP-00042,CTY-001,2026,529743,496424,0.0671,none,0
ASM-000127,PROP-00043,CTY-001,2024,467035,,0.0,none,0
ASM-000128,PROP-00043,CTY-001,2025,486703,467035,0.0421,none,0
ASM-000129,PROP-00043,CTY-001,2026,511967,486703,0.0519,none,0
ASM-000130,PROP-00044,CTY-001,2024,461833,,0.0,none,0
ASM-000131,PROP-00044,CTY-001,2025,491469,461833,0.0642,none,0
ASM-000132,PROP-00044,CTY-001,2026,511620,491469,0.041,none,0
ASM-000133,PROP-00045,CTY-001,2024,400763,,0.0,none,0
ASM-000134,PROP-00045,CTY-001,2025,425677,400763,0.0622,none,0
ASM-000135,PROP-00045,CTY-001,2026,450622,425677,0.0586,none,0
ASM-000136,PROP-00046,CTY-002,2024,376046,,0.0,none,0
ASM-000137,PROP-00046,CTY-002,2025,393108,376046,0.0454,none,0
ASM-000138,PROP-00046,CTY-002,2026,422663,393108,0.0752,none,0
ASM-000139,PROP-00047,CTY-002,2024,461769,,0.0,none,0
ASM-000140,PROP-00047,CTY-002,2025,483039,461769,0.0461,none,0
ASM-000141,PROP-00047,CTY-002,2026,499192,483039,0.0334,none,0
ASM-000142,PROP-00048,CTY-002,2024,421845,,0.0,none,0
ASM-000143,PROP-00048,CTY-002,2025,440520,421845,0.0443,none,0
ASM-000144,PROP-00048,CTY-002,2026,466874,440520,0.0598,none,0
ASM-000145,PROP-00049,CTY-002,2024,314157,,0.0,none,0
ASM-000146,PROP-00049,CTY-002,2025,336876,314157,0.0723,none,0
ASM-000147,PROP-00049,CTY-002,2026,360351,336876,0.0697,none,0
ASM-000148,PROP-00050,CTY-002,2024,417479,,0.0,none,0
ASM-000149,PROP-00050,CTY-002,2025,438433,417479,0.0502,none,0
ASM-000150,PROP-00050,CTY-002,2026,458849,438433,0.0466,none,0
ASM-000151,PROP-00051,CTY-002,2024,415476,,0.0,none,0
ASM-000152,PROP-00051,CTY-002,2025,429171,415476,0.033,none,0
ASM-000153,PROP-00051,CTY-002,2026,463234,429171,0.0794,none,0
ASM-000154,PROP-00052,CTY-002,2024,319708,,0.0,none,0
ASM-000155,PROP-00052,CTY-002,2025,331583,319708,0.0371,none,0
ASM-000156,PROP-00052,CTY-002,2026,343397,331583,0.0356,none,0
ASM-000157,PROP-00053,CTY-002,2024,346112,,0.0,none,0
ASM-000158,PROP-00053,CTY-002,2025,361077,346112,0.0432,none,0
ASM-000159,PROP-00053,CTY-002,2026,381614,361077,0.0569,none,0
ASM-000160,PROP-00054,CTY-002,2024,432350,,0.0,none,0
ASM-000161,PROP-00054,CTY-002,2025,456790,432350,0.0565,none,0
ASM-000162,PROP-00054,CTY-002,2026,484961,456790,0.0617,none,0
ASM-000163,PROP-00055,CTY-002,2024,435642,,0.0,none,0
ASM-000164,PROP-00055,CTY-002,2025,455128,435642,0.0447,none,0
ASM-000165,PROP-00055,CTY-002,2026,487024,455128,0.0701,none,0
ASM-000166,PROP-00056,CTY-002,2024,381855,,0.0,none,0
ASM-000167,PROP-00056,CTY-002,2025,409301,381855,0.0719,none,0
ASM-000168,PROP-00056,CTY-002,2026,425185,409301,0.0388,none,0
ASM-000169,PROP-00057,CTY-002,2024,479446,,0.0,none,0
ASM-000170,PROP-00057,CTY-002,2025,507073,479446,0.0576,none,0
ASM-000171,PROP-00057,CTY-002,2026,528006,507073,0.0413,none,0
ASM-000172,PROP-00058,CTY-002,2024,360302,,0.0,none,0
ASM-000173,PROP-00058,CTY-002,2025,381711,360302,0.0594,none,0
ASM-000174,PROP-00058,CTY-002,2026,404429,381711,0.0595,none,0
ASM-000175,PROP-00059,CTY-002,2024,372617,,0.0,none,0
ASM-000176,PROP-00059,CTY-002,2025,396320,372617,0.0636,none,0
ASM-000177,PROP-00059,CTY-002,2026,417750,396320,0.0541,none,0
ASM-000178,PROP-00060,CTY-002,2024,459760,,0.0,none,0
ASM-000179,PROP-00060,CTY-002,2025,492347,459760,0.0709,none,0
ASM-000180,PROP-00060,CTY-002,2026,529573,492347,0.0756,none,0
ASM-000181,PROP-00061,CTY-002,2024,432418,,0.0,none,0
ASM-000182,PROP-00061,CTY-002,2025,453334,432418,0.0484,none,0
ASM-000183,PROP-00061,CTY-002,2026,473196,453334,0.0438,none,0
ASM-000184,PROP-00062,CTY-002,2024,402032,,0.0,none,0
ASM-000185,PROP-00062,CTY-002,2025,428352,402032,0.0655,none,0
ASM-000186,PROP-00062,CTY-002,2026,460626,428352,0.0753,none,0
ASM-000187,PROP-00063,CTY-002,2024,361017,,0.0,none,0
ASM-000188,PROP-00063,CTY-002,2025,390123,361017,0.0806,none,0
ASM-000189,PROP-00063,CTY-002,2026,405844,390123,0.0403,none,0
ASM-000190,PROP-00064,CTY-002,2024,397413,,0.0,none,0
ASM-000191,PROP-00064,CTY-002,2025,418420,397413,0.0529,none,0
ASM-000192,PROP-00064,CTY-002,2026,441896,418420,0.0561,none,0
ASM-000193,PROP-00065,CTY-002,2024,414958,,0.0,none,0
ASM-000194,PROP-00065,CTY-002,2025,431706,414958,0.0404,none,0
ASM-000195,PROP-00065,CTY-002,2026,463815,431706,0.0744,none,0
ASM-000196,PROP-00066,CTY-002,2024,487122,,0.0,none,0
ASM-000197,PROP-00066,CTY-002,2025,505457,487122,0.0376,none,0
ASM-000198,PROP-00066,CTY-002,2026,532290,505457,0.0531,none,0
ASM-000199,PROP-00067,CTY-002,2024,399093,,0.0,none,0
ASM-000200,PROP-00067,CTY-002,2025,430604,399093,0.079,none,0
ASM-000201,PROP-00067,CTY-002,2026,455001,430604,0.0567,none,0
ASM-000202,PROP-00068,CTY-002,2024,362037,,0.0,none,0
ASM-000203,PROP-00068,CTY-002,2025,385519,362037,0.0649,none,0
ASM-000204,PROP-00068,CTY-002,2026,416281,385519,0.0798,none,0
ASM-000205,PROP-00069,CTY-002,2024,362192,,0.0,none,0
ASM-000206,PROP-00069,CTY-002,2025,382950,362192,0.0573,none,0
ASM-000207,PROP-00069,CTY-002,2026,413587,382950,0.08,none,0
ASM-000208,PROP-00070,CTY-002,2024,385911,,0.0,none,0
ASM-000209,PROP-00070,CTY-002,2025,399352,385911,0.0348,none,0
ASM-000210,PROP-00070,CTY-002,2026,426794,399352,0.0687,none,0
ASM-000211,PROP-00071,CTY-002,2024,371585,,0.0,none,0
ASM-000212,PROP-00071,CTY-002,2025,385198,371585,0.0366,none,0
ASM-000213,PROP-00071,CTY-002,2026,403980,385198,0.0488,none,0
ASM-000214,PROP-00072,CTY-002,2024,372376,,0.0,none,0
ASM-000215,PROP-00072,CTY-002,2025,386427,372376,0.0377,none,0
ASM-000216,PROP-00072,CTY-002,2026,415930,386427,0.0763,none,0
ASM-000217,PROP-00073,CTY-002,2024,341159,,0.0,none,0
ASM-000218,PROP-00073,CTY-002,2025,360723,341159,0.0573,none,0
ASM-000219,PROP-00073,CTY-002,2026,389210,360723,0.079,none,0
ASM-000220,PROP-00074,CTY-002,2024,413222,,0.0,none,0
ASM-000221,PROP-00074,CTY-002,2025,436402,413222,0.0561,none,0
ASM-000222,PROP-00074,CTY-002,2026,463966,436402,0.0632,none,0
ASM-000223,PROP-00075,CTY-002,2024,341843,,0.0,none,0
ASM-000224,PROP-00075,CTY-002,2025,354085,341843,0.0358,none,0
ASM-000225,PROP-00075,CTY-002,2026,379621,354085,0.0721,none,0
ASM-000226,PROP-00076,CTY-002,2024,431751,,0.0,none,0
ASM-000227,PROP-00076,CTY-002,2025,454399,431751,0.0525,none,0
ASM-000228,PROP-00076,CTY-002,2026,479432,454399,0.0551,none,0
ASM-000229,PROP-00077,CTY-002,2024,402806,,0.0,none,0
ASM-000230,PROP-00077,CTY-002,2025,426193,402806,0.0581,none,0
ASM-000231,PROP-00077,CTY-002,2026,442841,426193,0.0391,none,0
ASM-000232,PROP-00078,CTY-002,2024,411235,,0.0,none,0
ASM-000233,PROP-00078,CTY-002,2025,438525,411235,0.0664,none,0
ASM-000234,PROP-00078,CTY-002,2026,457301,438525,0.0428,none,0
ASM-000235,PROP-00079,CTY-002,2024,429043,,0.0,none,0
ASM-000236,PROP-00079,CTY-002,2025,462645,429043,0.0783,none,0
ASM-000237,PROP-00079,CTY-002,2026,495391,462645,0.0708,none,0
ASM-000238,PROP-00080,CTY-002,2024,348461,,0.0,none,0
ASM-000239,PROP-00080,CTY-002,2025,365718,348461,0.0495,none,0
ASM-000240,PROP-00080,CTY-002,2026,385718,365718,0.0547,none,0
ASM-000241,PROP-00081,CTY-002,2024,437308,,0.0,none,0
ASM-000242,PROP-00081,CTY-002,2025,470163,437308,0.0751,none,0
ASM-000243,PROP-00081,CTY-002,2026,499856,470163,0.0632,none,0
ASM-000244,PROP-00082,CTY-002,2024,458332,,0.0,none,0
ASM-000245,PROP-00082,CTY-002,2025,490823,458332,0.0709,none,0
ASM-000246,PROP-00082,CTY-002,2026,528195,490823,0.0761,none,0
ASM-000247,PROP-00083,CTY-002,2024,473736,,0.0,none,0
ASM-000248,PROP-00083,CTY-002,2025,506265,473736,0.0687,none,0
ASM-000249,PROP-00083,CTY-002,2026,546700,506265,0.0799,none,0
ASM-000250,PROP-00084,CTY-002,2024,346833,,0.0,none,0
ASM-000251,PROP-00084,CTY-002,2025,365350,346833,0.0534,none,0
ASM-000252,PROP-00084,CTY-002,2026,377816,365350,0.0341,none,0
ASM-000253,PROP-00085,CTY-002,2024,367758,,0.0,none,0
ASM-000254,PROP-00085,CTY-002,2025,392796,367758,0.0681,none,0
ASM-000255,PROP-00085,CTY-002,2026,417319,392796,0.0624,none,0
ASM-000256,PROP-00086,CTY-002,2024,383833,,0.0,none,0
ASM-000257,PROP-00086,CTY-002,2025,408010,383833,0.063,none,0
ASM-000258,PROP-00086,CTY-002,2026,431827,408010,0.0584,none,0
ASM-000259,PROP-00087,CTY-003,2024,385026,,0.0,none,0
ASM-000260,PROP-00087,CTY-003,2025,400279,385026,0.0396,none,0
ASM-000261,PROP-00087,CTY-003,2026,428071,400279,0.0694,none,0
ASM-000262,PROP-00088,CTY-003,2024,377248,,0.0,none,0
ASM-000263,PROP-00088,CTY-003,2025,398182,377248,0.0555,none,0
ASM-000264,PROP-00088,CTY-003,2026,418863,398182,0.0519,none,0
ASM-000265,PROP-00089,CTY-003,2024,385046,,0.0,none,0
ASM-000266,PROP-00089,CTY-003,2025,396247,385046,0.0291,none,0
ASM-000267,PROP-00089,CTY-003,2026,410642,396247,0.0363,none,0
ASM-000268,PROP-00090,CTY-003,2024,343000,,0.0,none,0
ASM-000269,PROP-00090,CTY-003,2025,362448,343000,0.0567,none,0
ASM-000270,PROP-00090,CTY-003,2026,378651,362448,0.0447,none,0
ASM-000271,PROP-00091,CTY-003,2024,298106,,0.0,none,0
ASM-000272,PROP-00091,CTY-003,2025,308910,298106,0.0362,none,0
ASM-000273,PROP-00091,CTY-003,2026,328128,308910,0.0622,none,0
ASM-000274,PROP-00092,CTY-003,2024,328900,,0.0,none,0
ASM-000275,PROP-00092,CTY-003,2025,341212,328900,0.0374,none,0
ASM-000276,PROP-00092,CTY-003,2026,361816,341212,0.0604,none,0
ASM-000277,PROP-00093,CTY-003,2024,419323,,0.0,none,0
ASM-000278,PROP-00093,CTY-003,2025,439503,419323,0.0481,none,0
ASM-000279,PROP-00093,CTY-003,2026,466643,439503,0.0618,none,0
ASM-000280,PROP-00094,CTY-003,2024,440065,,0.0,none,0
ASM-000281,PROP-00094,CTY-003,2025,454695,440065,0.0332,none,0
ASM-000282,PROP-00094,CTY-003,2026,478111,454695,0.0515,none,0
ASM-000283,PROP-00095,CTY-003,2024,373184,,0.0,none,0
ASM-000284,PROP-00095,CTY-003,2025,389734,373184,0.0443,none,0
ASM-000285,PROP-00095,CTY-003,2026,410243,389734,0.0526,none,0
ASM-000286,PROP-00096,CTY-003,2024,335342,,0.0,none,0
ASM-000287,PROP-00096,CTY-003,2025,350877,335342,0.0463,none,0
ASM-000288,PROP-00096,CTY-003,2026,363261,350877,0.0353,none,0
ASM-000289,PROP-00097,CTY-003,2024,412577,,0.0,none,0
ASM-000290,PROP-00097,CTY-003,2025,425746,412577,0.0319,none,0
ASM-000291,PROP-00097,CTY-003,2026,446700,425746,0.0492,none,0
ASM-000292,PROP-00098,CTY-003,2024,316728,,0.0,none,0
ASM-000293,PROP-00098,CTY-003,2025,330766,316728,0.0443,none,0
ASM-000294,PROP-00098,CTY-003,2026,351326,330766,0.0622,none,0
ASM-000295,PROP-00099,CTY-003,2024,408225,,0.0,none,0
ASM-000296,PROP-00099,CTY-003,2025,424004,408225,0.0387,none,0
ASM-000297,PROP-00099,CTY-003,2026,440639,424004,0.0392,none,0
ASM-000298,PROP-00100,CTY-003,2024,364493,,0.0,none,0
ASM-000299,PROP-00100,CTY-003,2025,383312,364493,0.0516,none,0
ASM-000300,PROP-00100,CTY-003,2026,409131,383312,0.0674,none,0
ASM-000301,PROP-00101,CTY-003,2024,326352,,0.0,none,0
ASM-000302,PROP-00101,CTY-003,2025,338780,326352,0.0381,none,0
ASM-000303,PROP-00101,CTY-003,2026,355816,338780,0.0503,none,0
ASM-000304,PROP-00102,CTY-003,2024,400084,,0.0,none,0
ASM-000305,PROP-00102,CTY-003,2025,414240,400084,0.0354,none,0
ASM-000306,PROP-00102,CTY-003,2026,440917,414240,0.0644,none,0
ASM-000307,PROP-00103,CTY-003,2024,314583,,0.0,none,0
ASM-000308,PROP-00103,CTY-003,2025,333292,314583,0.0595,none,0
ASM-000309,PROP-00103,CTY-003,2026,343455,333292,0.0305,none,0
ASM-000310,PROP-00104,CTY-003,2024,430706,,0.0,none,0
ASM-000311,PROP-00104,CTY-003,2025,444219,430706,0.0314,none,0
ASM-000312,PROP-00104,CTY-003,2026,473471,444219,0.0659,none,0
ASM-000313,PROP-00105,CTY-003,2024,352975,,0.0,none,0
ASM-000314,PROP-00105,CTY-003,2025,368057,352975,0.0427,none,0
ASM-000315,PROP-00105,CTY-003,2026,381548,368057,0.0367,none,0
ASM-000316,PROP-00106,CTY-003,2024,328044,,0.0,none,0
ASM-000317,PROP-00106,CTY-003,2025,348668,328044,0.0629,none,0
ASM-000318,PROP-00106,CTY-003,2026,367150,348668,0.053,none,0
ASM-000319,PROP-00107,CTY-003,2024,317493,,0.0,none,0
ASM-000320,PROP-00107,CTY-003,2025,329614,317493,0.0382,none,0
ASM-000321,PROP-00107,CTY-003,2026,349598,329614,0.0606,none,0
ASM-000322,PROP-00108,CTY-003,2024,343255,,0.0,none,0
ASM-000323,PROP-00108,CTY-003,2025,352931,343255,0.0282,none,0
ASM-000324,PROP-00108,CTY-003,2026,373405,352931,0.058,none,0
ASM-000325,PROP-00109,CTY-003,2024,357444,,0.0,none,0
ASM-000326,PROP-00109,CTY-003,2025,382121,357444,0.069,none,0
ASM-000327,PROP-00109,CTY-003,2026,407913,382121,0.0675,none,0
ASM-000328,PROP-00110,CTY-003,2024,381749,,0.0,none,0
ASM-000329,PROP-00110,CTY-003,2025,405035,381749,0.061,none,0
ASM-000330,PROP-00110,CTY-003,2026,417833,405035,0.0316,none,0
ASM-000331,PROP-00111,CTY-003,2024,328035,,0.0,none,0
ASM-000332,PROP-00111,CTY-003,2025,348242,328035,0.0616,none,0
ASM-000333,PROP-00111,CTY-003,2026,370423,348242,0.0637,none,0
ASM-000334,PROP-00112,CTY-003,2024,427585,,0.0,none,0
ASM-000335,PROP-00112,CTY-003,2025,456867,427585,0.0685,none,0
ASM-000336,PROP-00112,CTY-003,2026,476794,456867,0.0436,none,0
ASM-000337,PROP-00113,CTY-003,2024,321639,,0.0,none,0
ASM-000338,PROP-00113,CTY-003,2025,336307,321639,0.0456,none,0
ASM-000339,PROP-00113,CTY-003,2026,356107,336307,0.0589,none,0
ASM-000340,PROP-00114,CTY-003,2024,415182,,0.0,none,0
ASM-000341,PROP-00114,CTY-003,2025,440568,415182,0.0611,none,0
ASM-000342,PROP-00114,CTY-003,2026,463093,440568,0.0511,none,0
ASM-000343,PROP-00115,CTY-003,2024,416403,,0.0,none,0
ASM-000344,PROP-00115,CTY-003,2025,434077,416403,0.0424,none,0
ASM-000345,PROP-00115,CTY-003,2026,464053,434077,0.0691,none,0
ASM-000346,PROP-00116,CTY-003,2024,432161,,0.0,none,0
ASM-000347,PROP-00116,CTY-003,2025,453435,432161,0.0492,none,0
ASM-000348,PROP-00116,CTY-003,2026,474977,453435,0.0475,none,0
ASM-000349,PROP-00117,CTY-003,2024,385782,,0.0,none,0
ASM-000350,PROP-00117,CTY-003,2025,398638,385782,0.0333,none,0
ASM-000351,PROP-00117,CTY-003,2026,417659,398638,0.0477,none,0
ASM-000352,PROP-00118,CTY-003,2024,356562,,0.0,none,0
ASM-000353,PROP-00118,CTY-003,2025,367948,356562,0.0319,none,0
ASM-000354,PROP-00118,CTY-003,2026,380588,367948,0.0344,none,0
ASM-000355,PROP-00119,CTY-003,2024,346354,,0.0,none,0
ASM-000356,PROP-00119,CTY-003,2025,367787,346354,0.0619,none,0
ASM-000357,PROP-00119,CTY-003,2026,393126,367787,0.0689,none,0
ASM-000358,PROP-00120,CTY-003,2024,419914,,0.0,none,0
ASM-000359,PROP-00120,CTY-003,2025,447663,419914,0.0661,none,0
ASM-000360,PROP-00120,CTY-003,2026,463833,447663,0.0361,none,0
ASM-000361,PROP-00121,CTY-003,2024,404577,,0.0,none,0
ASM-000362,PROP-00121,CTY-003,2025,422863,404577,0.0452,none,0
ASM-000363,PROP-00121,CTY-003,2026,447659,422863,0.0586,none,0
ASM-000364,PROP-00122,CTY-003,2024,344517,,0.0,none,0
ASM-000365,PROP-00122,CTY-003,2025,366900,344517,0.065,none,0
ASM-000366,PROP-00122,CTY-003,2026,388558,366900,0.059,none,0
ASM-000367,PROP-00123,CTY-003,2024,352579,,0.0,none,0
ASM-000368,PROP-00123,CTY-003,2025,370387,352579,0.0505,none,0
ASM-000369,PROP-00123,CTY-003,2026,393407,370387,0.0622,none,0
ASM-000370,PROP-00124,CTY-003,2024,381397,,0.0,none,0
ASM-000371,PROP-00124,CTY-003,2025,400151,381397,0.0492,none,0
ASM-000372,PROP-00124,CTY-003,2026,417904,400151,0.0444,none,0
ASM-000373,PROP-00125,CTY-003,2024,371533,,0.0,none,0
ASM-000374,PROP-00125,CTY-003,2025,397359,371533,0.0695,none,0
ASM-000375,PROP-00125,CTY-003,2026,418781,397359,0.0539,none,0
ASM-000376,PROP-00126,CTY-003,2024,383873,,0.0,none,0
ASM-000377,PROP-00126,CTY-003,2025,404116,383873,0.0527,none,0
ASM-000378,PROP-00126,CTY-003,2026,418409,404116,0.0354,none,0
ASM-000379,PROP-00127,CTY-003,2024,350990,,0.0,none,0
ASM-000380,PROP-00127,CTY-003,2025,374884,350990,0.0681,none,0
ASM-000381,PROP-00127,CTY-003,2026,387010,374884,0.0323,none,0
ASM-000382,PROP-00128,CTY-003,2024,360068,,0.0,none,0
ASM-000383,PROP-00128,CTY-003,2025,379256,360068,0.0533,none,0
ASM-000384,PROP-00128,CTY-003,2026,396857,379256,0.0464,none,0
ASM-000385,PROP-00129,CTY-003,2024,424397,,0.0,none,0
ASM-000386,PROP-00129,CTY-003,2025,437427,424397,0.0307,none,0
ASM-000387,PROP-00129,CTY-003,2026,451062,437427,0.0312,none,0
ASM-000388,PROP-00130,CTY-003,2024,308983,,0.0,none,0
ASM-000389,PROP-00130,CTY-003,2025,330648,308983,0.0701,none,0
ASM-000390,PROP-00130,CTY-003,2026,347269,330648,0.0503,none,0
ASM-000391,PROP-00131,CTY-003,2024,393971,,0.0,none,0
ASM-000392,PROP-00131,CTY-003,2025,418589,393971,0.0625,none,0
ASM-000393,PROP-00131,CTY-003,2026,430695,418589,0.0289,none,0
ASM-000394,PROP-00132,CTY-003,2024,365874,,0.0,none,0
ASM-000395,PROP-00132,CTY-003,2025,390893,365874,0.0684,none,0
ASM-000396,PROP-00132,CTY-003,2026,416610,390893,0.0658,none,0
ASM-000397,PROP-00133,CTY-003,2024,338540,,0.0,none,0
ASM-000398,PROP-00133,CTY-003,2025,352180,338540,0.0403,none,0
ASM-000399,PROP-00133,CTY-003,2026,374535,352180,0.0635,none,0
ASM-000400,PROP-00134,CTY-001,2024,373373,,0.0,none,0
ASM-000401,PROP-00134,CTY-001,2025,403711,373373,0.0813,none,0
ASM-000402,PROP-00134,CTY-001,2026,431464,403711,0.0687,none,0
ASM-000403,PROP-00135,CTY-001,2024,539758,,0.0,none,0
ASM-000404,PROP-00135,CTY-001,2025,576494,539758,0.0681,none,0
ASM-000405,PROP-00135,CTY-001,2026,602956,576494,0.0459,none,0
ASM-000406,PROP-00136,CTY-001,2024,510450,,0.0,none,0
ASM-000407,PROP-00136,CTY-001,2025,536447,510450,0.0509,none,0
ASM-000408,PROP-00136,CTY-001,2026,569633,536447,0.0619,none,0
ASM-000409,PROP-00137,CTY-001,2024,395976,,0.0,none,0
ASM-000410,PROP-00137,CTY-001,2025,423787,395976,0.0702,none,0
ASM-000411,PROP-00137,CTY-001,2026,458125,423787,0.081,none,0
ASM-000412,PROP-00138,CTY-001,2024,545355,,0.0,none,0
ASM-000413,PROP-00138,CTY-001,2025,577329,545355,0.0586,none,0
ASM-000414,PROP-00138,CTY-001,2026,617473,577329,0.0695,none,0
ASM-000415,PROP-00139,CTY-001,2024,407929,,0.0,none,0
ASM-000416,PROP-00139,CTY-001,2025,423860,407929,0.0391,none,0
ASM-000417,PROP-00139,CTY-001,2026,451063,423860,0.0642,none,0
ASM-000418,PROP-00140,CTY-001,2024,385116,,0.0,none,0
ASM-000419,PROP-00140,CTY-001,2025,414494,385116,0.0763,none,0
ASM-000420,PROP-00140,CTY-001,2026,448727,414494,0.0826,none,0
ASM-000421,PROP-00141,CTY-001,2024,522720,,0.0,none,0
ASM-000422,PROP-00141,CTY-001,2025,558692,522720,0.0688,none,0
ASM-000423,PROP-00141,CTY-001,2026,587167,558692,0.051,none,0
ASM-000424,PROP-00142,CTY-001,2024,456020,,0.0,none,0
ASM-000425,PROP-00142,CTY-001,2025,480167,456020,0.053,none,0
ASM-000426,PROP-00142,CTY-001,2026,496693,480167,0.0344,none,0
ASM-000427,PROP-00143,CTY-001,2024,393400,,0.0,none,0
ASM-000428,PROP-00143,CTY-001,2025,412637,393400,0.0489,none,0
ASM-000429,PROP-00143,CTY-001,2026,441444,412637,0.0698,none,0
ASM-000430,PROP-00144,CTY-001,2024,490292,,0.0,none,0
ASM-000431,PROP-00144,CTY-001,2025,517307,490292,0.0551,none,0
ASM-000432,PROP-00144,CTY-001,2026,539045,517307,0.042,none,0
ASM-000433,PROP-00145,CTY-001,2024,485790,,0.0,none,0
ASM-000434,PROP-00145,CTY-001,2025,514313,485790,0.0587,none,0
ASM-000435,PROP-00145,CTY-001,2026,536400,514313,0.0429,none,0
ASM-000436,PROP-00146,CTY-001,2024,477658,,0.0,none,0
ASM-000437,PROP-00146,CTY-001,2025,499101,477658,0.0449,none,0
ASM-000438,PROP-00146,CTY-001,2026,533170,499101,0.0683,none,0
ASM-000439,PROP-00147,CTY-001,2024,362999,,0.0,none,0
ASM-000440,PROP-00147,CTY-001,2025,378087,362999,0.0416,none,0
ASM-000441,PROP-00147,CTY-001,2026,400814,378087,0.0601,none,0
ASM-000442,PROP-00148,CTY-001,2024,459662,,0.0,none,0
ASM-000443,PROP-00148,CTY-001,2025,494231,459662,0.0752,none,0
ASM-000444,PROP-00148,CTY-001,2026,522241,494231,0.0567,none,0
ASM-000445,PROP-00149,CTY-001,2024,377945,,0.0,none,0
ASM-000446,PROP-00149,CTY-001,2025,397187,377945,0.0509,none,0
ASM-000447,PROP-00149,CTY-001,2026,415720,397187,0.0467,none,0
ASM-000448,PROP-00150,CTY-001,2024,413730,,0.0,none,0
ASM-000449,PROP-00150,CTY-001,2025,439530,413730,0.0624,none,0
ASM-000450,PROP-00150,CTY-001,2026,471010,439530,0.0716,none,0
ASM-000451,PROP-00151,CTY-001,2024,383808,,0.0,none,0
ASM-000452,PROP-00151,CTY-001,2025,408445,383808,0.0642,none,0
ASM-000453,PROP-00151,CTY-001,2026,426494,408445,0.0442,none,0
ASM-000454,PROP-00152,CTY-001,2024,520477,,0.0,none,0
ASM-000455,PROP-00152,CTY-001,2025,553551,520477,0.0635,none,0
ASM-000456,PROP-00152,CTY-001,2026,573567,553551,0.0362,none,0
ASM-000457,PROP-00153,CTY-001,2024,468548,,0.0,none,0
ASM-000458,PROP-00153,CTY-001,2025,502206,468548,0.0718,none,0
ASM-000459,PROP-00153,CTY-001,2026,519711,502206,0.0349,none,0
ASM-000460,PROP-00154,CTY-001,2024,527974,,0.0,none,0
ASM-000461,PROP-00154,CTY-001,2025,559391,527974,0.0595,none,0
ASM-000462,PROP-00154,CTY-001,2026,585093,559391,0.0459,none,0
ASM-000463,PROP-00155,CTY-001,2024,498722,,0.0,none,0
ASM-000464,PROP-00155,CTY-001,2025,533050,498722,0.0688,none,0
ASM-000465,PROP-00155,CTY-001,2026,554120,533050,0.0395,none,0
ASM-000466,PROP-00156,CTY-001,2024,432725,,0.0,none,0
ASM-000467,PROP-00156,CTY-001,2025,448295,432725,0.036,none,0
ASM-000468,PROP-00156,CTY-001,2026,479800,448295,0.0703,none,0
ASM-000469,PROP-00157,CTY-001,2024,464578,,0.0,none,0
ASM-000470,PROP-00157,CTY-001,2025,480212,464578,0.0337,none,0
ASM-000471,PROP-00157,CTY-001,2026,516266,480212,0.0751,none,0
ASM-000472,PROP-00158,CTY-001,2024,424585,,0.0,none,0
ASM-000473,PROP-00158,CTY-001,2025,453124,424585,0.0672,none,0
ASM-000474,PROP-00158,CTY-001,2026,469108,453124,0.0353,none,0
ASM-000475,PROP-00159,CTY-001,2024,488821,,0.0,none,0
ASM-000476,PROP-00159,CTY-001,2025,512114,488821,0.0477,none,0
ASM-000477,PROP-00159,CTY-001,2026,545820,512114,0.0658,none,0
ASM-000478,PROP-00160,CTY-001,2024,489917,,0.0,none,0
ASM-000479,PROP-00160,CTY-001,2025,514781,489917,0.0508,none,0
ASM-000480,PROP-00160,CTY-001,2026,536396,514781,0.042,none,0
ASM-000481,PROP-00161,CTY-001,2024,502161,,0.0,none,0
ASM-000482,PROP-00161,CTY-001,2025,521727,502161,0.039,none,0
ASM-000483,PROP-00161,CTY-001,2026,563142,521727,0.0794,none,0
ASM-000484,PROP-00162,CTY-001,2024,438187,,0.0,none,0
ASM-000485,PROP-00162,CTY-001,2025,457375,438187,0.0438,none,0
ASM-000486,PROP-00162,CTY-001,2026,487695,457375,0.0663,none,0
ASM-000487,PROP-00163,CTY-001,2024,429635,,0.0,none,0
ASM-000488,PROP-00163,CTY-001,2025,449769,429635,0.0469,none,0
ASM-000489,PROP-00163,CTY-001,2026,480241,449769,0.0678,none,0
ASM-000490,PROP-00164,CTY-001,2024,514512,,0.0,none,0
ASM-000491,PROP-00164,CTY-001,2025,551673,514512,0.0722,none,0
ASM-000492,PROP-00164,CTY-001,2026,581102,551673,0.0533,none,0
ASM-000493,PROP-00165,CTY-001,2024,447702,,0.0,none,0
ASM-000494,PROP-00165,CTY-001,2025,480699,447702,0.0737,none,0
ASM-000495,PROP-00165,CTY-001,2026,516124,480699,0.0737,none,0
ASM-000496,PROP-00166,CTY-001,2024,477194,,0.0,none,0
ASM-000497,PROP-00166,CTY-001,2025,493901,477194,0.035,none,0
ASM-000498,PROP-00166,CTY-001,2026,523076,493901,0.0591,none,0
ASM-000499,PROP-00167,CTY-001,2024,510778,,0.0,none,0
ASM-000500,PROP-00167,CTY-001,2025,535804,510778,0.049,none,0
ASM-000501,PROP-00167,CTY-001,2026,574943,535804,0.073,none,0
ASM-000502,PROP-00168,CTY-001,2024,536724,,0.0,none,0
ASM-000503,PROP-00168,CTY-001,2025,555043,536724,0.0341,none,0
ASM-000504,PROP-00168,CTY-001,2026,577594,555043,0.0406,none,0
ASM-000505,PROP-00169,CTY-001,2024,391983,,0.0,none,0
ASM-000506,PROP-00169,CTY-001,2025,423741,391983,0.081,none,0
ASM-000507,PROP-00169,CTY-001,2026,456342,423741,0.0769,none,0
ASM-000508,PROP-00170,CTY-001,2024,440395,,0.0,none,0
ASM-000509,PROP-00170,CTY-001,2025,463532,440395,0.0525,none,0
ASM-000510,PROP-00170,CTY-001,2026,499284,463532,0.0771,none,0
ASM-000511,PROP-00171,CTY-001,2024,462171,,0.0,none,0
ASM-000512,PROP-00171,CTY-001,2025,489066,462171,0.0582,none,0
ASM-000513,PROP-00171,CTY-001,2026,526547,489066,0.0766,none,0
ASM-000514,PROP-00172,CTY-001,2024,400298,,0.0,none,0
ASM-000515,PROP-00172,CTY-001,2025,421307,400298,0.0525,none,0
ASM-000516,PROP-00172,CTY-001,2026,456264,421307,0.083,none,0
ASM-000517,PROP-00173,CTY-001,2024,396643,,0.0,none,0
ASM-000518,PROP-00173,CTY-001,2025,421899,396643,0.0637,none,0
ASM-000519,PROP-00173,CTY-001,2026,438756,421899,0.04,none,0
ASM-000520,PROP-00174,CTY-001,2024,467980,,0.0,none,0
ASM-000521,PROP-00174,CTY-001,2025,492926,467980,0.0533,none,0
ASM-000522,PROP-00174,CTY-001,2026,524443,492926,0.0639,none,0
ASM-000523,PROP-00175,CTY-001,2024,421578,,0.0,none,0
ASM-000524,PROP-00175,CTY-001,2025,436805,421578,0.0361,none,0
ASM-000525,PROP-00175,CTY-001,2026,454731,436805,0.041,none,0
ASM-000526,PROP-00176,CTY-001,2024,453831,,0.0,none,0
ASM-000527,PROP-00176,CTY-001,2025,484373,453831,0.0673,none,0
ASM-000528,PROP-00176,CTY-001,2026,514681,484373,0.0626,none,0
ASM-000529,PROP-00177,CTY-001,2024,484987,,0.0,none,0
ASM-000530,PROP-00177,CTY-001,2025,504708,484987,0.0407,none,0
ASM-000531,PROP-00177,CTY-001,2026,537286,504708,0.0645,none,0
ASM-000532,PROP-00178,CTY-001,2024,524466,,0.0,none,0
ASM-000533,PROP-00178,CTY-001,2025,557167,524466,0.0624,none,0
ASM-000534,PROP-00178,CTY-001,2026,587062,557167,0.0537,none,0
ASM-000535,PROP-00179,CTY-001,2024,504955,,0.0,none,0
ASM-000536,PROP-00179,CTY-001,2025,528113,504955,0.0459,none,0
ASM-000537,PROP-00179,CTY-001,2026,570558,528113,0.0804,none,0
ASM-000538,PROP-00180,CTY-001,2024,489649,,0.0,none,0
ASM-000539,PROP-00180,CTY-001,2025,510790,489649,0.0432,none,0
ASM-000540,PROP-00180,CTY-001,2026,535673,510790,0.0487,none,0
ASM-000541,PROP-00181,CTY-001,2024,496981,,0.0,none,0
ASM-000542,PROP-00181,CTY-001,2025,515412,496981,0.0371,none,0
ASM-000543,PROP-00181,CTY-001,2026,556276,515412,0.0793,none,0
ASM-000544,PROP-00182,CTY-001,2024,418141,,0.0,none,0
ASM-000545,PROP-00182,CTY-001,2025,451071,418141,0.0788,none,0
ASM-000546,PROP-00182,CTY-001,2026,473186,451071,0.049,none,0
ASM-000547,PROP-00183,CTY-001,2024,503052,,0.0,none,0
ASM-000548,PROP-00183,CTY-001,2025,521902,503052,0.0375,none,0
ASM-000549,PROP-00183,CTY-001,2026,552037,521902,0.0577,none,0
ASM-000550,PROP-00184,CTY-001,2024,440477,,0.0,none,0
ASM-000551,PROP-00184,CTY-001,2025,457035,440477,0.0376,none,0
ASM-000552,PROP-00184,CTY-001,2026,481941,457035,0.0545,none,0
ASM-000553,PROP-00185,CTY-001,2024,381413,,0.0,none,0
ASM-000554,PROP-00185,CTY-001,2025,412338,381413,0.0811,none,0
ASM-000555,PROP-00185,CTY-001,2026,443181,412338,0.0748,none,0
ASM-000556,PROP-00186,CTY-001,2024,472207,,0.0,none,0
ASM-000557,PROP-00186,CTY-001,2025,509357,472207,0.0787,none,0
ASM-000558,PROP-00186,CTY-001,2026,532296,509357,0.045,none,0
ASM-000559,PROP-00187,CTY-001,2024,501350,,0.0,none,0
ASM-000560,PROP-00187,CTY-001,2025,520228,501350,0.0377,none,0
ASM-000561,PROP-00187,CTY-001,2026,555363,520228,0.0675,none,0
ASM-000562,PROP-00188,CTY-001,2024,510659,,0.0,none,0
ASM-000563,PROP-00188,CTY-001,2025,545362,510659,0.068,none,0
ASM-000564,PROP-00188,CTY-001,2026,587240,545362,0.0768,none,0
ASM-000565,PROP-00189,CTY-001,2024,361993,,0.0,none,0
ASM-000566,PROP-00189,CTY-001,2025,384143,361993,0.0612,none,0
ASM-000567,PROP-00189,CTY-001,2026,409945,384143,0.0672,none,0
ASM-000568,PROP-00190,CTY-001,2024,390473,,0.0,none,0
ASM-000569,PROP-00190,CTY-001,2025,418443,390473,0.0716,none,0
ASM-000570,PROP-00190,CTY-001,2026,452109,418443,0.0805,none,0
ASM-000571,PROP-00191,CTY-004,2024,538169,,0.0,none,0
ASM-000572,PROP-00191,CTY-004,2025,565446,538169,0.0507,none,0
ASM-000573,PROP-00191,CTY-004,2026,589100,565446,0.0418,none,0
ASM-000574,PROP-00192,CTY-004,2024,473006,,0.0,none,0
ASM-000575,PROP-00192,CTY-004,2025,507050,473006,0.072,none,0
ASM-000576,PROP-00192,CTY-004,2026,539143,507050,0.0633,none,0
ASM-000577,PROP-00193,CTY-004,2024,510877,,0.0,none,0
ASM-000578,PROP-00193,CTY-004,2025,541870,510877,0.0607,none,0
ASM-000579,PROP-00193,CTY-004,2026,583341,541870,0.0765,none,0
ASM-000580,PROP-00194,CTY-004,2024,532613,,0.0,none,0
ASM-000581,PROP-00194,CTY-004,2025,565049,532613,0.0609,none,0
ASM-000582,PROP-00194,CTY-004,2026,607265,565049,0.0747,none,0
ASM-000583,PROP-00195,CTY-004,2024,432744,,0.0,none,0
ASM-000584,PROP-00195,CTY-004,2025,464529,432744,0.0734,none,0
ASM-000585,PROP-00195,CTY-004,2026,499432,464529,0.0751,none,0
ASM-000586,PROP-00196,CTY-004,2024,451976,,0.0,none,0
ASM-000587,PROP-00196,CTY-004,2025,481829,451976,0.066,none,0
ASM-000588,PROP-00196,CTY-004,2026,504546,481829,0.0471,none,0
ASM-000589,PROP-00197,CTY-004,2024,431735,,0.0,none,0
ASM-000590,PROP-00197,CTY-004,2025,462817,431735,0.072,none,0
ASM-000591,PROP-00197,CTY-004,2026,482384,462817,0.0423,none,0
ASM-000592,PROP-00198,CTY-004,2024,411602,,0.0,none,0
ASM-000593,PROP-00198,CTY-004,2025,434919,411602,0.0566,none,0
ASM-000594,PROP-00198,CTY-004,2026,459257,434919,0.056,none,0
ASM-000595,PROP-00199,CTY-004,2024,423275,,0.0,none,0
ASM-000596,PROP-00199,CTY-004,2025,448461,423275,0.0595,none,0
ASM-000597,PROP-00199,CTY-004,2026,483218,448461,0.0775,none,0
ASM-000598,PROP-00200,CTY-004,2024,410098,,0.0,none,0
ASM-000599,PROP-00200,CTY-004,2025,440312,410098,0.0737,none,0
ASM-000600,PROP-00200,CTY-004,2026,462245,440312,0.0498,none,0
ASM-000601,PROP-00201,CTY-004,2024,434592,,0.0,none,0
ASM-000602,PROP-00201,CTY-004,2025,453062,434592,0.0425,none,0
ASM-000603,PROP-00201,CTY-004,2026,475169,453062,0.0488,none,0
ASM-000604,PROP-00202,CTY-004,2024,546811,,0.0,none,0
ASM-000605,PROP-00202,CTY-004,2025,565191,546811,0.0336,none,0
ASM-000606,PROP-00202,CTY-004,2026,604262,565191,0.0691,none,0
ASM-000607,PROP-00203,CTY-004,2024,494671,,0.0,none,0
ASM-000608,PROP-00203,CTY-004,2025,522992,494671,0.0573,none,0
ASM-000609,PROP-00203,CTY-004,2026,551018,522992,0.0536,none,0
ASM-000610,PROP-00204,CTY-004,2024,414431,,0.0,none,0
ASM-000611,PROP-00204,CTY-004,2025,430200,414431,0.038,none,0
ASM-000612,PROP-00204,CTY-004,2026,451146,430200,0.0487,none,0
ASM-000613,PROP-00205,CTY-004,2024,430559,,0.0,none,0
ASM-000614,PROP-00205,CTY-004,2025,459034,430559,0.0661,none,0
ASM-000615,PROP-00205,CTY-004,2026,483581,459034,0.0535,none,0
ASM-000616,PROP-00206,CTY-004,2024,540947,,0.0,none,0
ASM-000617,PROP-00206,CTY-004,2025,570197,540947,0.0541,none,0
ASM-000618,PROP-00206,CTY-004,2026,608141,570197,0.0665,none,0
ASM-000619,PROP-00207,CTY-004,2024,526759,,0.0,none,0
ASM-000620,PROP-00207,CTY-004,2025,559777,526759,0.0627,none,0
ASM-000621,PROP-00207,CTY-004,2026,601909,559777,0.0753,none,0
ASM-000622,PROP-00208,CTY-004,2024,375236,,0.0,none,0
ASM-000623,PROP-00208,CTY-004,2025,400313,375236,0.0668,none,0
ASM-000624,PROP-00208,CTY-004,2026,427342,400313,0.0675,none,0
ASM-000625,PROP-00209,CTY-004,2024,520275,,0.0,none,0
ASM-000626,PROP-00209,CTY-004,2025,552007,520275,0.061,none,0
ASM-000627,PROP-00209,CTY-004,2026,573004,552007,0.038,none,0
ASM-000628,PROP-00210,CTY-004,2024,434228,,0.0,none,0
ASM-000629,PROP-00210,CTY-004,2025,460537,434228,0.0606,none,0
ASM-000630,PROP-00210,CTY-004,2026,486468,460537,0.0563,none,0
ASM-000631,PROP-00211,CTY-004,2024,381652,,0.0,none,0
ASM-000632,PROP-00211,CTY-004,2025,397636,381652,0.0419,none,0
ASM-000633,PROP-00211,CTY-004,2026,420554,397636,0.0576,none,0
ASM-000634,PROP-00212,CTY-004,2024,491888,,0.0,none,0
ASM-000635,PROP-00212,CTY-004,2025,529077,491888,0.0756,none,0
ASM-000636,PROP-00212,CTY-004,2026,567787,529077,0.0732,none,0
ASM-000637,PROP-00213,CTY-004,2024,369829,,0.0,none,0
ASM-000638,PROP-00213,CTY-004,2025,394399,369829,0.0664,none,0
ASM-000639,PROP-00213,CTY-004,2026,413124,394399,0.0475,none,0
ASM-000640,PROP-00214,CTY-004,2024,380664,,0.0,none,0
ASM-000641,PROP-00214,CTY-004,2025,406145,380664,0.0669,none,0
ASM-000642,PROP-00214,CTY-004,2026,428213,406145,0.0543,none,0
ASM-000643,PROP-00215,CTY-004,2024,368023,,0.0,none,0
ASM-000644,PROP-00215,CTY-004,2025,388082,368023,0.0545,none,0
ASM-000645,PROP-00215,CTY-004,2026,416647,388082,0.0736,none,0
ASM-000646,PROP-00216,CTY-004,2024,553799,,0.0,none,0
ASM-000647,PROP-00216,CTY-004,2025,586709,553799,0.0594,none,0
ASM-000648,PROP-00216,CTY-004,2026,624385,586709,0.0642,none,0
ASM-000649,PROP-00217,CTY-004,2024,491699,,0.0,none,0
ASM-000650,PROP-00217,CTY-004,2025,529290,491699,0.0765,none,0
ASM-000651,PROP-00217,CTY-004,2026,565007,529290,0.0675,none,0
ASM-000652,PROP-00218,CTY-004,2024,536806,,0.0,none,0
ASM-000653,PROP-00218,CTY-004,2025,560834,536806,0.0448,none,0
ASM-000654,PROP-00218,CTY-004,2026,603379,560834,0.0759,none,0
ASM-000655,PROP-00219,CTY-004,2024,338966,,0.0,none,0
ASM-000656,PROP-00219,CTY-004,2025,356142,338966,0.0507,none,0
ASM-000657,PROP-00219,CTY-004,2026,384025,356142,0.0783,none,0
ASM-000658,PROP-00220,CTY-004,2024,423214,,0.0,none,0
ASM-000659,PROP-00220,CTY-004,2025,440568,423214,0.041,none,0
ASM-000660,PROP-00220,CTY-004,2026,466889,440568,0.0597,none,0
ASM-000661,PROP-00221,CTY-004,2024,520059,,0.0,none,0
ASM-000662,PROP-00221,CTY-004,2025,551011,520059,0.0595,none,0
ASM-000663,PROP-00221,CTY-004,2026,587331,551011,0.0659,none,0
ASM-000664,PROP-00222,CTY-004,2024,440744,,0.0,none,0
ASM-000665,PROP-00222,CTY-004,2025,460726,440744,0.0453,none,0
ASM-000666,PROP-00222,CTY-004,2026,493136,460726,0.0703,none,0
ASM-000667,PROP-00223,CTY-004,2024,530689,,0.0,none,0
ASM-000668,PROP-00223,CTY-004,2025,558004,530689,0.0515,none,0
ASM-000669,PROP-00223,CTY-004,2026,602024,558004,0.0789,none,0
ASM-000670,PROP-00224,CTY-004,2024,547568,,0.0,none,0
ASM-000671,PROP-00224,CTY-004,2025,583469,547568,0.0656,none,0
ASM-000672,PROP-00224,CTY-004,2026,612290,583469,0.0494,none,0
ASM-000673,PROP-00225,CTY-003,2024,390340,,0.0,none,0
ASM-000674,PROP-00225,CTY-003,2025,417491,390340,0.0696,none,0
ASM-000675,PROP-00225,CTY-003,2026,441858,417491,0.0584,none,0
ASM-000676,PROP-00226,CTY-003,2024,303654,,0.0,none,0
ASM-000677,PROP-00226,CTY-003,2025,320794,303654,0.0564,none,0
ASM-000678,PROP-00226,CTY-003,2026,338311,320794,0.0546,none,0
ASM-000679,PROP-00227,CTY-003,2024,335560,,0.0,none,0
ASM-000680,PROP-00227,CTY-003,2025,359107,335560,0.0702,none,0
ASM-000681,PROP-00227,CTY-003,2026,370100,359107,0.0306,none,0
ASM-000682,PROP-00228,CTY-003,2024,414555,,0.0,none,0
ASM-000683,PROP-00228,CTY-003,2025,439112,414555,0.0592,none,0
ASM-000684,PROP-00228,CTY-003,2026,459837,439112,0.0472,none,0
ASM-000685,PROP-00229,CTY-003,2024,363946,,0.0,none,0
ASM-000686,PROP-00229,CTY-003,2025,374495,363946,0.029,none,0
ASM-000687,PROP-00229,CTY-003,2026,392164,374495,0.0472,none,0
ASM-000688,PROP-00230,CTY-003,2024,328332,,0.0,none,0
ASM-000689,PROP-00230,CTY-003,2025,350047,328332,0.0661,none,0
ASM-000690,PROP-00230,CTY-003,2026,366039,350047,0.0457,none,0
ASM-000691,PROP-00231,CTY-003,2024,352467,,0.0,none,0
ASM-000692,PROP-00231,CTY-003,2025,364685,352467,0.0347,none,0
ASM-000693,PROP-00231,CTY-003,2026,377593,364685,0.0354,none,0
ASM-000694,PROP-00232,CTY-003,2024,363473,,0.0,none,0
ASM-000695,PROP-00232,CTY-003,2025,377185,363473,0.0377,none,0
ASM-000696,PROP-00232,CTY-003,2026,396355,377185,0.0508,none,0
ASM-000697,PROP-00233,CTY-003,2024,360546,,0.0,none,0
ASM-000698,PROP-00233,CTY-003,2025,380318,360546,0.0548,none,0
ASM-000699,PROP-00233,CTY-003,2026,395355,380318,0.0395,none,0
ASM-000700,PROP-00234,CTY-003,2024,430532,,0.0,none,0
ASM-000701,PROP-00234,CTY-003,2025,446248,430532,0.0365,none,0
ASM-000702,PROP-00234,CTY-003,2026,463303,446248,0.0382,none,0
ASM-000703,PROP-00235,CTY-003,2024,471333,,0.0,none,0
ASM-000704,PROP-00235,CTY-003,2025,489533,471333,0.0386,none,0
ASM-000705,PROP-00235,CTY-003,2026,509574,489533,0.0409,none,0
ASM-000706,PROP-00236,CTY-003,2024,364040,,0.0,none,0
ASM-000707,PROP-00236,CTY-003,2025,383864,364040,0.0545,none,0
ASM-000708,PROP-00236,CTY-003,2026,399120,383864,0.0397,none,0
ASM-000709,PROP-00237,CTY-003,2024,367475,,0.0,none,0
ASM-000710,PROP-00237,CTY-003,2025,393033,367475,0.0696,none,0
ASM-000711,PROP-00237,CTY-003,2026,416048,393033,0.0586,none,0
ASM-000712,PROP-00238,CTY-003,2024,358409,,0.0,none,0
ASM-000713,PROP-00238,CTY-003,2025,369714,358409,0.0315,none,0
ASM-000714,PROP-00238,CTY-003,2026,385447,369714,0.0426,none,0
ASM-000715,PROP-00239,CTY-003,2024,427431,,0.0,none,0
ASM-000716,PROP-00239,CTY-003,2025,455183,427431,0.0649,none,0
ASM-000717,PROP-00239,CTY-003,2026,470079,455183,0.0327,none,0
ASM-000718,PROP-00240,CTY-003,2024,362888,,0.0,none,0
ASM-000719,PROP-00240,CTY-003,2025,374598,362888,0.0323,none,0
ASM-000720,PROP-00240,CTY-003,2026,390822,374598,0.0433,none,0
ASM-000721,PROP-00241,CTY-003,2024,490007,,0.0,none,0
ASM-000722,PROP-00241,CTY-003,2025,519728,490007,0.0607,none,0
ASM-000723,PROP-00241,CTY-003,2026,542371,519728,0.0436,none,0
ASM-000724,PROP-00242,CTY-003,2024,356971,,0.0,none,0
ASM-000725,PROP-00242,CTY-003,2025,375883,356971,0.053,none,0
ASM-000726,PROP-00242,CTY-003,2026,393161,375883,0.046,none,0
ASM-000727,PROP-00243,CTY-003,2024,418111,,0.0,none,0
ASM-000728,PROP-00243,CTY-003,2025,431193,418111,0.0313,none,0
ASM-000729,PROP-00243,CTY-003,2026,455999,431193,0.0575,none,0
ASM-000730,PROP-00244,CTY-003,2024,376740,,0.0,none,0
ASM-000731,PROP-00244,CTY-003,2025,402243,376740,0.0677,none,0
ASM-000732,PROP-00244,CTY-003,2026,426621,402243,0.0606,none,0
ASM-000733,PROP-00245,CTY-003,2024,336637,,0.0,none,0
ASM-000734,PROP-00245,CTY-003,2025,353451,336637,0.0499,none,0
ASM-000735,PROP-00245,CTY-003,2026,377438,353451,0.0679,none,0
ASM-000736,PROP-00246,CTY-003,2024,360354,,0.0,none,0
ASM-000737,PROP-00246,CTY-003,2025,380465,360354,0.0558,none,0
ASM-000738,PROP-00246,CTY-003,2026,403617,380465,0.0609,none,0
ASM-000739,PROP-00247,CTY-003,2024,417924,,0.0,none,0
ASM-000740,PROP-00247,CTY-003,2025,437515,417924,0.0469,none,0
ASM-000741,PROP-00247,CTY-003,2026,460488,437515,0.0525,none,0
ASM-000742,PROP-00248,CTY-003,2024,326118,,0.0,none,0
ASM-000743,PROP-00248,CTY-003,2025,339338,326118,0.0405,none,0
ASM-000744,PROP-00248,CTY-003,2026,352132,339338,0.0377,none,0
ASM-000745,PROP-00249,CTY-003,2024,423913,,0.0,none,0
ASM-000746,PROP-00249,CTY-003,2025,444027,423913,0.0474,none,0
ASM-000747,PROP-00249,CTY-003,2026,461634,444027,0.0397,none,0
ASM-000748,PROP-00250,CTY-003,2024,312528,,0.0,none,0
ASM-000749,PROP-00250,CTY-003,2025,333843,312528,0.0682,none,0
ASM-000750,PROP-00250,CTY-003,2026,343668,333843,0.0294,none,0
ASM-000751,PROP-00251,CTY-003,2024,404263,,0.0,none,0
ASM-000752,PROP-00251,CTY-003,2025,416880,404263,0.0312,none,0
ASM-000753,PROP-00251,CTY-003,2026,434424,416880,0.0421,none,0
ASM-000754,PROP-00252,CTY-005,2024,469989,,0.0,none,0
ASM-000755,PROP-00252,CTY-005,2025,501725,469989,0.0675,none,0
ASM-000756,PROP-00252,CTY-005,2026,532675,501725,0.0617,none,0
ASM-000757,PROP-00253,CTY-005,2024,496207,,0.0,none,0
ASM-000758,PROP-00253,CTY-005,2025,527972,496207,0.064,none,0
ASM-000759,PROP-00253,CTY-005,2026,549968,527972,0.0417,none,0
ASM-000760,PROP-00254,CTY-005,2024,433261,,0.0,none,0
ASM-000761,PROP-00254,CTY-005,2025,460092,433261,0.0619,none,0
ASM-000762,PROP-00254,CTY-005,2026,474333,460092,0.031,none,0
ASM-000763,PROP-00255,CTY-005,2024,456195,,0.0,none,0
ASM-000764,PROP-00255,CTY-005,2025,481420,456195,0.0553,none,0
ASM-000765,PROP-00255,CTY-005,2026,512944,481420,0.0655,none,0
ASM-000766,PROP-00256,CTY-005,2024,489574,,0.0,none,0
ASM-000767,PROP-00256,CTY-005,2025,518191,489574,0.0585,none,0
ASM-000768,PROP-00256,CTY-005,2026,551279,518191,0.0639,none,0
ASM-000769,PROP-00257,CTY-005,2024,446455,,0.0,none,0
ASM-000770,PROP-00257,CTY-005,2025,461497,446455,0.0337,none,0
ASM-000771,PROP-00257,CTY-005,2026,487888,461497,0.0572,none,0
ASM-000772,PROP-00258,CTY-005,2024,380724,,0.0,none,0
ASM-000773,PROP-00258,CTY-005,2025,401429,380724,0.0544,none,0
ASM-000774,PROP-00258,CTY-005,2026,426694,401429,0.0629,none,0
ASM-000775,PROP-00259,CTY-005,2024,503890,,0.0,none,0
ASM-000776,PROP-00259,CTY-005,2025,521084,503890,0.0341,none,0
ASM-000777,PROP-00259,CTY-005,2026,537774,521084,0.032,none,0
ASM-000778,PROP-00260,CTY-005,2024,502400,,0.0,none,0
ASM-000779,PROP-00260,CTY-005,2025,533184,502400,0.0613,none,0
ASM-000780,PROP-00260,CTY-005,2026,555161,533184,0.0412,none,0
ASM-000781,PROP-00261,CTY-005,2024,403212,,0.0,none,0
ASM-000782,PROP-00261,CTY-005,2025,430561,403212,0.0678,none,0
ASM-000783,PROP-00261,CTY-005,2026,449598,430561,0.0442,none,0
ASM-000784,PROP-00262,CTY-005,2024,382491,,0.0,none,0
ASM-000785,PROP-00262,CTY-005,2025,410687,382491,0.0737,none,0
ASM-000786,PROP-00262,CTY-005,2026,426980,410687,0.0397,none,0
ASM-000787,PROP-00263,CTY-005,2024,416574,,0.0,none,0
ASM-000788,PROP-00263,CTY-005,2025,431116,416574,0.0349,none,0
ASM-000789,PROP-00263,CTY-005,2026,450761,431116,0.0456,none,0
ASM-000790,PROP-00264,CTY-005,2024,390923,,0.0,none,0
ASM-000791,PROP-00264,CTY-005,2025,410421,390923,0.0499,none,0
ASM-000792,PROP-00264,CTY-005,2026,439733,410421,0.0714,none,0
ASM-000793,PROP-00265,CTY-005,2024,465228,,0.0,none,0
ASM-000794,PROP-00265,CTY-005,2025,497803,465228,0.07,none,0
ASM-000795,PROP-00265,CTY-005,2026,530708,497803,0.0661,none,0
ASM-000796,PROP-00266,CTY-005,2024,454357,,0.0,none,0
ASM-000797,PROP-00266,CTY-005,2025,469785,454357,0.034,none,0
ASM-000798,PROP-00266,CTY-005,2026,487219,469785,0.0371,none,0
ASM-000799,PROP-00267,CTY-005,2024,464381,,0.0,none,0
ASM-000800,PROP-00267,CTY-005,2025,485439,464381,0.0453,none,0
ASM-000801,PROP-00267,CTY-005,2026,516078,485439,0.0631,none,0
ASM-000802,PROP-00268,CTY-005,2024,534827,,0.0,none,0
ASM-000803,PROP-00268,CTY-005,2025,553965,534827,0.0358,none,0
ASM-000804,PROP-00268,CTY-005,2026,589370,553965,0.0639,none,0
ASM-000805,PROP-00269,CTY-005,2024,461857,,0.0,none,0
ASM-000806,PROP-00269,CTY-005,2025,493239,461857,0.0679,none,0
ASM-000807,PROP-00269,CTY-005,2026,526261,493239,0.0669,none,0
ASM-000808,PROP-00270,CTY-005,2024,509355,,0.0,none,0
ASM-000809,PROP-00270,CTY-005,2025,527873,509355,0.0364,none,0
ASM-000810,PROP-00270,CTY-005,2026,553713,527873,0.049,none,0
ASM-000811,PROP-00271,CTY-005,2024,398406,,0.0,none,0
ASM-000812,PROP-00271,CTY-005,2025,425251,398406,0.0674,none,0
ASM-000813,PROP-00271,CTY-005,2026,450197,425251,0.0587,none,0
ASM-000814,PROP-00272,CTY-005,2024,377479,,0.0,none,0
ASM-000815,PROP-00272,CTY-005,2025,392468,377479,0.0397,none,0
ASM-000816,PROP-00272,CTY-005,2026,410349,392468,0.0456,none,0
ASM-000817,PROP-00273,CTY-005,2024,400926,,0.0,none,0
ASM-000818,PROP-00273,CTY-005,2025,425100,400926,0.0603,none,0
ASM-000819,PROP-00273,CTY-005,2026,454886,425100,0.0701,none,0
ASM-000820,PROP-00274,CTY-005,2024,449301,,0.0,none,0
ASM-000821,PROP-00274,CTY-005,2025,465624,449301,0.0363,none,0
ASM-000822,PROP-00274,CTY-005,2026,480251,465624,0.0314,none,0
ASM-000823,PROP-00275,CTY-005,2024,446948,,0.0,none,0
ASM-000824,PROP-00275,CTY-005,2025,468562,446948,0.0484,none,0
ASM-000825,PROP-00275,CTY-005,2026,488922,468562,0.0435,none,0
ASM-000826,PROP-00276,CTY-005,2024,437314,,0.0,none,0
ASM-000827,PROP-00276,CTY-005,2025,469632,437314,0.0739,none,0
ASM-000828,PROP-00276,CTY-005,2026,484121,469632,0.0309,none,0
ASM-000829,PROP-00277,CTY-005,2024,516302,,0.0,none,0
ASM-000830,PROP-00277,CTY-005,2025,538253,516302,0.0425,none,0
ASM-000831,PROP-00277,CTY-005,2026,561326,538253,0.0429,none,0
ASM-000832,PROP-00278,CTY-005,2024,442034,,0.0,none,0
ASM-000833,PROP-00278,CTY-005,2025,470805,442034,0.0651,none,0
ASM-000834,PROP-00278,CTY-005,2026,485593,470805,0.0314,none,0
ASM-000835,PROP-00279,CTY-005,2024,450009,,0.0,none,0
ASM-000836,PROP-00279,CTY-005,2025,476778,450009,0.0595,none,0
ASM-000837,PROP-00279,CTY-005,2026,505344,476778,0.0599,none,0
ASM-000838,PROP-00280,CTY-005,2024,377036,,0.0,none,0
ASM-000839,PROP-00280,CTY-005,2025,398633,377036,0.0573,none,0
ASM-000840,PROP-00280,CTY-005,2026,415961,398633,0.0435,none,0
ASM-000841,PROP-00281,CTY-005,2024,439323,,0.0,none,0
ASM-000842,PROP-00281,CTY-005,2025,454479,439323,0.0345,none,0
ASM-000843,PROP-00281,CTY-005,2026,473193,454479,0.0412,none,0
ASM-000844,PROP-00282,CTY-005,2024,475375,,0.0,none,0
ASM-000845,PROP-00282,CTY-005,2025,499301,475375,0.0503,none,0
ASM-000846,PROP-00282,CTY-005,2026,527467,499301,0.0564,none,0
ASM-000847,PROP-00283,CTY-005,2024,511730,,0.0,none,0
ASM-000848,PROP-00283,CTY-005,2025,537172,511730,0.0497,none,0
ASM-000849,PROP-00283,CTY-005,2026,559417,537172,0.0414,none,0
ASM-000850,PROP-00284,CTY-005,2024,441435,,0.0,none,0
ASM-000851,PROP-00284,CTY-005,2025,466765,441435,0.0574,none,0
ASM-000852,PROP-00284,CTY-005,2026,494109,466765,0.0586,none,0
ASM-000853,PROP-00285,CTY-005,2024,444894,,0.0,none,0
ASM-000854,PROP-00285,CTY-005,2025,462849,444894,0.0404,none,0
ASM-000855,PROP-00285,CTY-005,2026,491739,462849,0.0624,none,0
ASM-000856,PROP-00286,CTY-005,2024,412499,,0.0,none,0
ASM-000857,PROP-00286,CTY-005,2025,434795,412499,0.0541,none,0
ASM-000858,PROP-00286,CTY-005,2026,448624,434795,0.0318,none,0
ASM-000859,PROP-00287,CTY-005,2024,524703,,0.0,none,0
ASM-000860,PROP-00287,CTY-005,2025,559992,524703,0.0673,none,0
ASM-000861,PROP-00287,CTY-005,2026,582879,559992,0.0409,none,0
ASM-000862,PROP-00288,CTY-005,2024,418542,,0.0,none,0
ASM-000863,PROP-00288,CTY-005,2025,447400,418542,0.0689,none,0
ASM-000864,PROP-00288,CTY-005,2026,463611,447400,0.0362,none,0
ASM-000865,PROP-00289,CTY-005,2024,390004,,0.0,none,0
ASM-000866,PROP-00289,CTY-005,2025,415293,390004,0.0648,none,0
ASM-000867,PROP-00289,CTY-005,2026,440872,415293,0.0616,none,0
ASM-000868,PROP-00290,CTY-005,2024,403526,,0.0,none,0
ASM-000869,PROP-00290,CTY-005,2025,424518,403526,0.052,none,0
ASM-000870,PROP-00290,CTY-005,2026,446994,424518,0.0529,none,0
ASM-000871,PROP-00291,CTY-005,2024,488144,,0.0,none,0
ASM-000872,PROP-00291,CTY-005,2025,505325,488144,0.0352,none,0
ASM-000873,PROP-00291,CTY-005,2026,537847,505325,0.0644,none,0
ASM-000874,PROP-00292,CTY-006,2024,424582,,0.0,none,0
ASM-000875,PROP-00292,CTY-006,2025,426057,424582,0.0035,none,0
ASM-000876,PROP-00292,CTY-006,2026,428213,426057,0.0051,none,0
ASM-000877,PROP-00293,CTY-006,2024,363522,,0.0,none,0
ASM-000878,PROP-00293,CTY-006,2025,364699,363522,0.0032,none,0
ASM-000879,PROP-00293,CTY-006,2026,365776,364699,0.003,none,0
ASM-000880,PROP-00294,CTY-006,2024,343244,,0.0,none,0
ASM-000881,PROP-00294,CTY-006,2025,344269,343244,0.003,none,0
ASM-000882,PROP-00294,CTY-006,2026,345193,344269,0.0027,none,0
ASM-000883,PROP-00295,CTY-006,2024,298995,,0.0,none,0
ASM-000884,PROP-00295,CTY-006,2025,300020,298995,0.0034,none,0
ASM-000885,PROP-00295,CTY-006,2026,300884,300020,0.0029,none,0
ASM-000886,PROP-00296,CTY-006,2024,400640,,0.0,none,0
ASM-000887,PROP-00296,CTY-006,2025,401662,400640,0.0026,none,0
ASM-000888,PROP-00296,CTY-006,2026,403887,401662,0.0055,none,0
ASM-000889,PROP-00297,CTY-006,2024,342409,,0.0,none,0
ASM-000890,PROP-00297,CTY-006,2025,344259,342409,0.0054,none,0
ASM-000891,PROP-00297,CTY-006,2026,345700,344259,0.0042,none,0
ASM-000892,PROP-00298,CTY-006,2024,330548,,0.0,none,0
ASM-000893,PROP-00298,CTY-006,2025,332515,330548,0.006,none,0
ASM-000894,PROP-00298,CTY-006,2026,333889,332515,0.0041,none,0
ASM-000895,PROP-00299,CTY-006,2024,316730,,0.0,none,0
ASM-000896,PROP-00299,CTY-006,2025,317606,316730,0.0028,none,0
ASM-000897,PROP-00299,CTY-006,2026,319214,317606,0.0051,none,0
ASM-000898,PROP-00300,CTY-006,2024,406394,,0.0,none,0
ASM-000899,PROP-00300,CTY-006,2025,407542,406394,0.0028,none,0
ASM-000900,PROP-00300,CTY-006,2026,409974,407542,0.006,none,0
ASM-000901,PROP-00301,CTY-006,2024,451874,,0.0,none,0
ASM-000902,PROP-00301,CTY-006,2025,454203,451874,0.0052,none,0
ASM-000903,PROP-00301,CTY-006,2026,455677,454203,0.0032,none,0
ASM-000904,PROP-00302,CTY-006,2024,459638,,0.0,none,0
ASM-000905,PROP-00302,CTY-006,2025,461384,459638,0.0038,none,0
ASM-000906,PROP-00302,CTY-006,2026,463110,461384,0.0037,none,0
ASM-000907,PROP-00303,CTY-006,2024,284721,,0.0,none,0
ASM-000908,PROP-00303,CTY-006,2025,286205,284721,0.0052,none,0
ASM-000909,PROP-00303,CTY-006,2026,287741,286205,0.0054,none,0
ASM-000910,PROP-00304,CTY-006,2024,354958,,0.0,none,0
ASM-000911,PROP-00304,CTY-006,2025,356493,354958,0.0043,none,0
ASM-000912,PROP-00304,CTY-006,2026,357372,356493,0.0025,none,0
ASM-000913,PROP-00305,CTY-006,2024,432153,,0.0,none,0
ASM-000914,PROP-00305,CTY-006,2025,433531,432153,0.0032,none,0
ASM-000915,PROP-00305,CTY-006,2026,435866,433531,0.0054,none,0
ASM-000916,PROP-00306,CTY-006,2024,382467,,0.0,none,0
ASM-000917,PROP-00306,CTY-006,2025,383413,382467,0.0025,none,0
ASM-000918,PROP-00306,CTY-006,2026,384537,383413,0.0029,none,0
ASM-000919,PROP-00307,CTY-006,2024,309961,,0.0,none,0
ASM-000920,PROP-00307,CTY-006,2025,311806,309961,0.006,none,0
ASM-000921,PROP-00307,CTY-006,2026,312690,311806,0.0028,none,0
ASM-000922,PROP-00308,CTY-006,2024,351829,,0.0,none,0
ASM-000923,PROP-00308,CTY-006,2025,353803,351829,0.0056,none,0
ASM-000924,PROP-00308,CTY-006,2026,355463,353803,0.0047,none,0
ASM-000925,PROP-00309,CTY-006,2024,327308,,0.0,none,0
ASM-000926,PROP-00309,CTY-006,2025,328372,327308,0.0033,none,0
ASM-000927,PROP-00309,CTY-006,2026,330300,328372,0.0059,none,0
ASM-000928,PROP-00310,CTY-006,2024,343430,,0.0,none,0
ASM-000929,PROP-00310,CTY-006,2025,344369,343430,0.0027,none,0
ASM-000930,PROP-00310,CTY-006,2026,345595,344369,0.0036,none,0
ASM-000931,PROP-00311,CTY-006,2024,370073,,0.0,none,0
ASM-000932,PROP-00311,CTY-006,2025,371137,370073,0.0029,none,0
ASM-000933,PROP-00311,CTY-006,2026,373350,371137,0.006,none,0
ASM-000934,PROP-00312,CTY-006,2024,423875,,0.0,none,0
ASM-000935,PROP-00312,CTY-006,2025,426197,423875,0.0055,none,0
ASM-000936,PROP-00312,CTY-006,2026,427425,426197,0.0029,none,0
ASM-000937,PROP-00313,CTY-006,2024,335738,,0.0,none,0
ASM-000938,PROP-00313,CTY-006,2025,337326,335738,0.0047,none,0
ASM-000939,PROP-00313,CTY-006,2026,338671,337326,0.004,none,0
ASM-000940,PROP-00314,CTY-006,2024,363174,,0.0,none,0
ASM-000941,PROP-00314,CTY-006,2025,364930,363174,0.0048,none,0
ASM-000942,PROP-00314,CTY-006,2026,366226,364930,0.0036,none,0
ASM-000943,PROP-00315,CTY-006,2024,336047,,0.0,none,0
ASM-000944,PROP-00315,CTY-006,2025,337140,336047,0.0033,none,0
ASM-000945,PROP-00315,CTY-006,2026,338278,337140,0.0034,none,0
ASM-000946,PROP-00316,CTY-006,2024,367577,,0.0,none,0
ASM-000947,PROP-00316,CTY-006,2025,368761,367577,0.0032,none,0
ASM-000948,PROP-00316,CTY-006,2026,369662,368761,0.0024,none,0
ASM-000949,PROP-00317,CTY-006,2024,404498,,0.0,none,0
ASM-000950,PROP-00317,CTY-006,2025,405791,404498,0.0032,none,0
ASM-000951,PROP-00317,CTY-006,2026,406893,405791,0.0027,none,0
ASM-000952,PROP-00318,CTY-006,2024,417003,,0.0,none,0
ASM-000953,PROP-00318,CTY-006,2025,419495,417003,0.006,none,0
ASM-000954,PROP-00318,CTY-006,2026,421766,419495,0.0054,none,0
ASM-000955,PROP-00319,CTY-006,2024,403474,,0.0,none,0
ASM-000956,PROP-00319,CTY-006,2025,405173,403474,0.0042,none,0
ASM-000957,PROP-00319,CTY-006,2026,406512,405173,0.0033,none,0
ASM-000958,PROP-00320,CTY-006,2024,370867,,0.0,none,0
ASM-000959,PROP-00320,CTY-006,2025,372588,370867,0.0046,none,0
ASM-000960,PROP-00320,CTY-006,2026,374076,372588,0.004,none,0
ASM-000961,PROP-00321,CTY-006,2024,355777,,0.0,none,0
ASM-000962,PROP-00321,CTY-006,2025,357835,355777,0.0058,none,0
ASM-000963,PROP-00321,CTY-006,2026,358706,357835,0.0024,none,0
ASM-000964,PROP-00322,CTY-006,2024,348145,,0.0,none,0
ASM-000965,PROP-00322,CTY-006,2025,349410,348145,0.0036,none,0
ASM-000966,PROP-00322,CTY-006,2026,351369,349410,0.0056,none,0
ASM-000967,PROP-00323,CTY-006,2024,335459,,0.0,none,0
ASM-000968,PROP-00323,CTY-006,2025,336854,335459,0.0042,none,0
ASM-000969,PROP-00323,CTY-006,2026,337763,336854,0.0027,none,0
ASM-000970,PROP-00324,CTY-006,2024,438868,,0.0,none,0
ASM-000971,PROP-00324,CTY-006,2025,440221,438868,0.0031,none,0
ASM-000972,PROP-00324,CTY-006,2026,441670,440221,0.0033,none,0
ASM-000973,PROP-00325,CTY-006,2024,455392,,0.0,none,0
ASM-000974,PROP-00325,CTY-006,2025,457653,455392,0.005,none,0
ASM-000975,PROP-00325,CTY-006,2026,459720,457653,0.0045,none,0
ASM-000976,PROP-00326,CTY-006,2024,447480,,0.0,none,0
ASM-000977,PROP-00326,CTY-006,2025,449833,447480,0.0053,none,0
ASM-000978,PROP-00326,CTY-006,2026,450964,449833,0.0025,none,0
ASM-000979,PROP-00327,CTY-006,2024,290576,,0.0,none,0
ASM-000980,PROP-00327,CTY-006,2025,292190,290576,0.0056,none,0
ASM-000981,PROP-00327,CTY-006,2026,293743,292190,0.0053,none,0
ASM-000982,PROP-00328,CTY-007,2024,351981,,0.0,none,0
ASM-000983,PROP-00328,CTY-007,2025,352896,351981,0.0026,none,0
ASM-000984,PROP-00328,CTY-007,2026,353856,352896,0.0027,none,0
ASM-000985,PROP-00329,CTY-007,2024,331728,,0.0,none,0
ASM-000986,PROP-00329,CTY-007,2025,332633,331728,0.0027,none,0
ASM-000987,PROP-00329,CTY-007,2026,334265,332633,0.0049,none,0
ASM-000988,PROP-00330,CTY-007,2024,367622,,0.0,none,0
ASM-000989,PROP-00330,CTY-007,2025,369009,367622,0.0038,none,0
ASM-000990,PROP-00330,CTY-007,2026,370578,369009,0.0043,none,0
ASM-000991,PROP-00331,CTY-007,2024,457498,,0.0,none,0
ASM-000992,PROP-00331,CTY-007,2025,460029,457498,0.0055,none,0
ASM-000993,PROP-00331,CTY-007,2026,462642,460029,0.0057,none,0
ASM-000994,PROP-00332,CTY-007,2024,362845,,0.0,none,0
ASM-000995,PROP-00332,CTY-007,2025,364894,362845,0.0056,none,0
ASM-000996,PROP-00332,CTY-007,2026,366309,364894,0.0039,none,0
ASM-000997,PROP-00333,CTY-007,2024,376315,,0.0,none,0
ASM-000998,PROP-00333,CTY-007,2025,377832,376315,0.004,none,0
ASM-000999,PROP-00333,CTY-007,2026,379670,377832,0.0049,none,0
ASM-001000,PROP-00334,CTY-007,2024,433191,,0.0,none,0
ASM-001001,PROP-00334,CTY-007,2025,435157,433191,0.0045,none,0
ASM-001002,PROP-00334,CTY-007,2026,437518,435157,0.0054,none,0
ASM-001003,PROP-00335,CTY-007,2024,414480,,0.0,none,0
ASM-001004,PROP-00335,CTY-007,2025,416334,414480,0.0045,none,0
ASM-001005,PROP-00335,CTY-007,2026,417520,416334,0.0028,none,0
ASM-001006,PROP-00336,CTY-007,2024,392576,,0.0,none,0
ASM-001007,PROP-00336,CTY-007,2025,393569,392576,0.0025,none,0
ASM-001008,PROP-00336,CTY-007,2026,394536,393569,0.0025,none,0
ASM-001009,PROP-00337,CTY-007,2024,476815,,0.0,none,0
ASM-001010,PROP-00337,CTY-007,2025,478703,476815,0.004,none,0
ASM-001011,PROP-00337,CTY-007,2026,481090,478703,0.005,none,0
ASM-001012,PROP-00338,CTY-007,2024,436465,,0.0,none,0
ASM-001013,PROP-00338,CTY-007,2025,438813,436465,0.0054,none,0
ASM-001014,PROP-00338,CTY-007,2026,441034,438813,0.0051,none,0
ASM-001015,PROP-00339,CTY-007,2024,428464,,0.0,none,0
ASM-001016,PROP-00339,CTY-007,2025,430403,428464,0.0045,none,0
ASM-001017,PROP-00339,CTY-007,2026,432752,430403,0.0055,none,0
ASM-001018,PROP-00340,CTY-007,2024,436314,,0.0,none,0
ASM-001019,PROP-00340,CTY-007,2025,437912,436314,0.0037,none,0
ASM-001020,PROP-00340,CTY-007,2026,440482,437912,0.0059,none,0
ASM-001021,PROP-00341,CTY-007,2024,372082,,0.0,none,0
ASM-001022,PROP-00341,CTY-007,2025,373640,372082,0.0042,none,0
ASM-001023,PROP-00341,CTY-007,2026,374862,373640,0.0033,none,0
ASM-001024,PROP-00342,CTY-007,2024,450204,,0.0,none,0
ASM-001025,PROP-00342,CTY-007,2025,451427,450204,0.0027,none,0
ASM-001026,PROP-00342,CTY-007,2026,454080,451427,0.0059,none,0
ASM-001027,PROP-00343,CTY-007,2024,405359,,0.0,none,0
ASM-001028,PROP-00343,CTY-007,2025,407320,405359,0.0048,none,0
ASM-001029,PROP-00343,CTY-007,2026,409008,407320,0.0041,none,0
ASM-001030,PROP-00344,CTY-007,2024,387997,,0.0,none,0
ASM-001031,PROP-00344,CTY-007,2025,389339,387997,0.0035,none,0
ASM-001032,PROP-00344,CTY-007,2026,391271,389339,0.005,none,0
ASM-001033,PROP-00345,CTY-007,2024,478068,,0.0,none,0
ASM-001034,PROP-00345,CTY-007,2025,479246,478068,0.0025,none,0
ASM-001035,PROP-00345,CTY-007,2026,481850,479246,0.0054,none,0
ASM-001036,PROP-00346,CTY-007,2024,324112,,0.0,none,0
ASM-001037,PROP-00346,CTY-007,2025,325275,324112,0.0036,none,0
ASM-001038,PROP-00346,CTY-007,2026,326520,325275,0.0038,none,0
ASM-001039,PROP-00347,CTY-007,2024,445593,,0.0,none,0
ASM-001040,PROP-00347,CTY-007,2025,448105,445593,0.0056,none,0
ASM-001041,PROP-00347,CTY-007,2026,449928,448105,0.0041,none,0
ASM-001042,PROP-00348,CTY-007,2024,420393,,0.0,none,0
ASM-001043,PROP-00348,CTY-007,2025,421787,420393,0.0033,none,0
ASM-001044,PROP-00348,CTY-007,2026,423588,421787,0.0043,none,0
ASM-001045,PROP-00349,CTY-007,2024,457639,,0.0,none,0
ASM-001046,PROP-00349,CTY-007,2025,460168,457639,0.0055,none,0
ASM-001047,PROP-00349,CTY-007,2026,461837,460168,0.0036,none,0
ASM-001048,PROP-00350,CTY-007,2024,434226,,0.0,none,0
ASM-001049,PROP-00350,CTY-007,2025,436630,434226,0.0055,none,0
ASM-001050,PROP-00350,CTY-007,2026,437888,436630,0.0029,none,0
ASM-001051,PROP-00351,CTY-007,2024,403985,,0.0,none,0
ASM-001052,PROP-00351,CTY-007,2025,405239,403985,0.0031,none,0
ASM-001053,PROP-00351,CTY-007,2026,406766,405239,0.0038,none,0
ASM-001054,PROP-00352,CTY-007,2024,422903,,0.0,none,0
ASM-001055,PROP-00352,CTY-007,2025,424367,422903,0.0035,none,0
ASM-001056,PROP-00352,CTY-007,2026,425811,424367,0.0034,none,0
ASM-001057,PROP-00353,CTY-007,2024,423848,,0.0,none,0
ASM-001058,PROP-00353,CTY-007,2025,425603,423848,0.0041,none,0
ASM-001059,PROP-00353,CTY-007,2026,427003,425603,0.0033,none,0
ASM-001060,PROP-00354,CTY-007,2024,428492,,0.0,none,0
ASM-001061,PROP-00354,CTY-007,2025,430703,428492,0.0052,none,0
ASM-001062,PROP-00354,CTY-007,2026,432419,430703,0.004,none,0
ASM-001063,PROP-00355,CTY-007,2024,440595,,0.0,none,0
ASM-001064,PROP-00355,CTY-007,2025,442224,440595,0.0037,none,0
ASM-001065,PROP-00355,CTY-007,2026,444811,442224,0.0058,none,0
ASM-001066,PROP-00356,CTY-007,2024,412171,,0.0,none,0
ASM-001067,PROP-00356,CTY-007,2025,414066,412171,0.0046,none,0
ASM-001068,PROP-00356,CTY-007,2026,415167,414066,0.0027,none,0
ASM-001069,PROP-00357,CTY-007,2024,365789,,0.0,none,0
ASM-001070,PROP-00357,CTY-007,2025,367633,365789,0.005,none,0
ASM-001071,PROP-00357,CTY-007,2026,369750,367633,0.0058,none,0
ASM-001072,PROP-00358,CTY-007,2024,359679,,0.0,none,0
ASM-001073,PROP-00358,CTY-007,2025,360805,359679,0.0031,none,0
ASM-001074,PROP-00358,CTY-007,2026,361838,360805,0.0029,none,0
ASM-001075,PROP-00359,CTY-007,2024,375667,,0.0,none,0
ASM-001076,PROP-00359,CTY-007,2025,377571,375667,0.0051,none,0
ASM-001077,PROP-00359,CTY-007,2026,379315,377571,0.0046,none,0
ASM-001078,PROP-00360,CTY-007,2024,415633,,0.0,none,0
ASM-001079,PROP-00360,CTY-007,2025,417349,415633,0.0041,none,0
ASM-001080,PROP-00360,CTY-007,2026,418826,417349,0.0035,none,0
ASM-001081,PROP-00361,CTY-007,2024,369058,,0.0,none,0
ASM-001082,PROP-00361,CTY-007,2025,370944,369058,0.0051,none,0
ASM-001083,PROP-00361,CTY-007,2026,373045,370944,0.0057,none,0
ASM-001084,PROP-00362,CTY-007,2024,398129,,0.0,none,0
ASM-001085,PROP-00362,CTY-007,2025,399539,398129,0.0035,none,0
ASM-001086,PROP-00362,CTY-007,2026,400589,399539,0.0026,none,0
ASM-001087,PROP-00363,CTY-007,2024,356709,,0.0,none,0
ASM-001088,PROP-00363,CTY-007,2025,358177,356709,0.0041,none,0
ASM-001089,PROP-00363,CTY-007,2026,360209,358177,0.0057,none,0
ASM-001090,PROP-00364,CTY-007,2024,478995,,0.0,none,0
ASM-001091,PROP-00364,CTY-007,2025,481842,478995,0.0059,none,0
ASM-001092,PROP-00364,CTY-007,2026,483324,481842,0.0031,none,0
ASM-001093,PROP-00365,CTY-007,2024,394067,,0.0,none,0
ASM-001094,PROP-00365,CTY-007,2025,395886,394067,0.0046,none,0
ASM-001095,PROP-00365,CTY-007,2026,397883,395886,0.005,none,0
ASM-001096,PROP-00366,CTY-007,2024,479381,,0.0,none,0
ASM-001097,PROP-00366,CTY-007,2025,482042,479381,0.0056,none,0
ASM-001098,PROP-00366,CTY-007,2026,483770,482042,0.0036,none,0
ASM-001099,PROP-00367,CTY-007,2024,465079,,0.0,none,0
ASM-001100,PROP-00367,CTY-007,2025,467847,465079,0.006,none,0
ASM-001101,PROP-00367,CTY-007,2026,469246,467847,0.003,none,0
ASM-001102,PROP-00368,CTY-007,2024,451481,,0.0,none,0
ASM-001103,PROP-00368,CTY-007,2025,452871,451481,0.0031,none,0
ASM-001104,PROP-00368,CTY-007,2026,455083,452871,0.0049,none,0
ASM-001105,PROP-00369,CTY-007,2024,493437,,0.0,none,0
ASM-001106,PROP-00369,CTY-007,2025,495870,493437,0.0049,none,0
ASM-001107,PROP-00369,CTY-007,2026,498731,495870,0.0058,none,0
ASM-001108,PROP-00370,CTY-007,2024,508442,,0.0,none,0
ASM-001109,PROP-00370,CTY-007,2025,510650,508442,0.0043,none,0
ASM-001110,PROP-00370,CTY-007,2026,512894,510650,0.0044,none,0
ASM-001111,PROP-00371,CTY-007,2024,544047,,0.0,none,0
ASM-001112,PROP-00371,CTY-007,2025,546802,544047,0.0051,none,0
ASM-001113,PROP-00371,CTY-007,2026,548792,546802,0.0036,none,0
ASM-001114,PROP-00372,CTY-007,2024,570502,,0.0,none,0
ASM-001115,PROP-00372,CTY-007,2025,573656,570502,0.0055,none,0
ASM-001116,PROP-00372,CTY-007,2026,575102,573656,0.0025,none,0
ASM-001117,PROP-00373,CTY-007,2024,493999,,0.0,none,0
ASM-001118,PROP-00373,CTY-007,2025,495711,493999,0.0035,none,0
ASM-001119,PROP-00373,CTY-007,2026,498128,495711,0.0049,none,0
ASM-001120,PROP-00374,CTY-007,2024,423875,,0.0,none,0
ASM-001121,PROP-00374,CTY-007,2025,425867,423875,0.0047,none,0
ASM-001122,PROP-00374,CTY-007,2026,427969,425867,0.0049,none,0
ASM-001123,PROP-00375,CTY-007,2024,478929,,0.0,none,0
ASM-001124,PROP-00375,CTY-007,2025,480888,478929,0.0041,none,0
ASM-001125,PROP-00375,CTY-007,2026,483657,480888,0.0058,none,0
ASM-001126,PROP-00376,CTY-007,2024,441080,,0.0,none,0
ASM-001127,PROP-00376,CTY-007,2025,443197,441080,0.0048,none,0
ASM-001128,PROP-00376,CTY-007,2026,444847,443197,0.0037,none,0
ASM-001129,PROP-00377,CTY-007,2024,475989,,0.0,none,0
ASM-001130,PROP-00377,CTY-007,2025,478456,475989,0.0052,none,0
ASM-001131,PROP-00377,CTY-007,2026,479906,478456,0.003,none,0
ASM-001132,PROP-00378,CTY-007,2024,393407,,0.0,none,0
ASM-001133,PROP-00378,CTY-007,2025,394853,393407,0.0037,none,0
ASM-001134,PROP-00378,CTY-007,2026,396226,394853,0.0035,none,0
ASM-001135,PROP-00379,CTY-007,2024,426152,,0.0,none,0
ASM-001136,PROP-00379,CTY-007,2025,427796,426152,0.0039,none,0
ASM-001137,PROP-00379,CTY-007,2026,429055,427796,0.0029,none,0
ASM-001138,PROP-00380,CTY-007,2024,559644,,0.0,none,0
ASM-001139,PROP-00380,CTY-007,2025,562334,559644,0.0048,none,0
ASM-001140,PROP-00380,CTY-007,2026,564606,562334,0.004,none,0
ASM-001141,PROP-00381,CTY-007,2024,443628,,0.0,none,0
ASM-001142,PROP-00381,CTY-007,2025,446121,443628,0.0056,none,0
ASM-001143,PROP-00381,CTY-007,2026,447962,446121,0.0041,none,0
ASM-001144,PROP-00382,CTY-007,2024,456620,,0.0,none,0
ASM-001145,PROP-00382,CTY-007,2025,458837,456620,0.0049,none,0
ASM-001146,PROP-00382,CTY-007,2026,460725,458837,0.0041,none,0
ASM-001147,PROP-00383,CTY-007,2024,400472,,0.0,none,0
ASM-001148,PROP-00383,CTY-007,2025,402703,400472,0.0056,none,0
ASM-001149,PROP-00383,CTY-007,2026,404992,402703,0.0057,none,0
ASM-001150,PROP-00384,CTY-007,2024,512615,,0.0,none,0
ASM-001151,PROP-00384,CTY-007,2025,514294,512615,0.0033,none,0
ASM-001152,PROP-00384,CTY-007,2026,516902,514294,0.0051,none,0
ASM-001153,PROP-00385,CTY-007,2024,528747,,0.0,none,0
ASM-001154,PROP-00385,CTY-007,2025,530788,528747,0.0039,none,0
ASM-001155,PROP-00385,CTY-007,2026,533210,530788,0.0046,none,0
ASM-001156,PROP-00386,CTY-007,2024,487951,,0.0,none,0
ASM-001157,PROP-00386,CTY-007,2025,490619,487951,0.0055,none,0
ASM-001158,PROP-00386,CTY-007,2026,493072,490619,0.005,none,0
ASM-001159,PROP-00387,CTY-007,2024,475313,,0.0,none,0
ASM-001160,PROP-00387,CTY-007,2025,477540,475313,0.0047,none,0
ASM-001161,PROP-00387,CTY-007,2026,479100,477540,0.0033,none,0
ASM-001162,PROP-00388,CTY-007,2024,510624,,0.0,none,0
ASM-001163,PROP-00388,CTY-007,2025,512108,510624,0.0029,none,0
ASM-001164,PROP-00388,CTY-007,2026,514633,512108,0.0049,none,0
ASM-001165,PROP-00389,CTY-007,2024,498664,,0.0,none,0
ASM-001166,PROP-00389,CTY-007,2025,499968,498664,0.0026,none,0
ASM-001167,PROP-00389,CTY-007,2026,502809,499968,0.0057,none,0
ASM-001168,PROP-00390,CTY-007,2024,529997,,0.0,none,0
ASM-001169,PROP-00390,CTY-007,2025,532220,529997,0.0042,none,0
ASM-001170,PROP-00390,CTY-007,2026,535321,532220,0.0058,none,0
ASM-001171,PROP-00391,CTY-007,2024,427148,,0.0,none,0
ASM-001172,PROP-00391,CTY-007,2025,428315,427148,0.0027,none,0
ASM-001173,PROP-00391,CTY-007,2026,430657,428315,0.0055,none,0
ASM-001174,PROP-00392,CTY-007,2024,387197,,0.0,none,0
ASM-001175,PROP-00392,CTY-007,2025,388401,387197,0.0031,none,0
ASM-001176,PROP-00392,CTY-007,2026,389960,388401,0.004,none,0
ASM-001177,PROP-00393,CTY-007,2024,400478,,0.0,none,0
ASM-001178,PROP-00393,CTY-007,2025,402477,400478,0.005,none,0
ASM-001179,PROP-00393,CTY-007,2026,403698,402477,0.003,none,0
ASM-001180,PROP-00394,CTY-007,2024,538581,,0.0,none,0
ASM-001181,PROP-00394,CTY-007,2025,540791,538581,0.0041,none,0
ASM-001182,PROP-00394,CTY-007,2026,543143,540791,0.0043,none,0
ASM-001183,PROP-00395,CTY-007,2024,423846,,0.0,none,0
ASM-001184,PROP-00395,CTY-007,2025,425051,423846,0.0028,none,0
ASM-001185,PROP-00395,CTY-007,2026,427051,425051,0.0047,none,0
ASM-001186,PROP-00396,CTY-007,2024,418141,,0.0,none,0
ASM-001187,PROP-00396,CTY-007,2025,420486,418141,0.0056,none,0
ASM-001188,PROP-00396,CTY-007,2026,422924,420486,0.0058,none,0
ASM-001189,PROP-00397,CTY-008,2024,373865,,0.0,none,0
ASM-001190,PROP-00397,CTY-008,2025,375638,373865,0.0047,none,0
ASM-001191,PROP-00397,CTY-008,2026,376894,375638,0.0033,none,0
ASM-001192,PROP-00398,CTY-008,2024,461578,,0.0,none,0
ASM-001193,PROP-00398,CTY-008,2025,463668,461578,0.0045,none,0
ASM-001194,PROP-00398,CTY-008,2026,464829,463668,0.0025,none,0
ASM-001195,PROP-00399,CTY-008,2024,443536,,0.0,none,0
ASM-001196,PROP-00399,CTY-008,2025,445861,443536,0.0052,none,0
ASM-001197,PROP-00399,CTY-008,2026,448077,445861,0.005,none,0
ASM-001198,PROP-00400,CTY-008,2024,392767,,0.0,none,0
ASM-001199,PROP-00400,CTY-008,2025,394469,392767,0.0043,none,0
ASM-001200,PROP-00400,CTY-008,2026,396235,394469,0.0045,none,0
ASM-001201,PROP-00401,CTY-008,2024,519579,,0.0,none,0
ASM-001202,PROP-00401,CTY-008,2025,522577,519579,0.0058,none,0
ASM-001203,PROP-00401,CTY-008,2026,525315,522577,0.0052,none,0
ASM-001204,PROP-00402,CTY-008,2024,505130,,0.0,none,0
ASM-001205,PROP-00402,CTY-008,2025,506499,505130,0.0027,none,0
ASM-001206,PROP-00402,CTY-008,2026,507813,506499,0.0026,none,0
ASM-001207,PROP-00403,CTY-008,2024,394896,,0.0,none,0
ASM-001208,PROP-00403,CTY-008,2025,395908,394896,0.0026,none,0
ASM-001209,PROP-00403,CTY-008,2026,397318,395908,0.0036,none,0
ASM-001210,PROP-00404,CTY-008,2024,409604,,0.0,none,0
ASM-001211,PROP-00404,CTY-008,2025,410765,409604,0.0028,none,0
ASM-001212,PROP-00404,CTY-008,2026,411752,410765,0.0024,none,0
ASM-001213,PROP-00405,CTY-008,2024,367376,,0.0,none,0
ASM-001214,PROP-00405,CTY-008,2025,369113,367376,0.0047,none,0
ASM-001215,PROP-00405,CTY-008,2026,370385,369113,0.0034,none,0
ASM-001216,PROP-00406,CTY-008,2024,472747,,0.0,none,0
ASM-001217,PROP-00406,CTY-008,2025,474623,472747,0.004,none,0
ASM-001218,PROP-00406,CTY-008,2026,476015,474623,0.0029,none,0
ASM-001219,PROP-00407,CTY-008,2024,460553,,0.0,none,0
ASM-001220,PROP-00407,CTY-008,2025,461826,460553,0.0028,none,0
ASM-001221,PROP-00407,CTY-008,2026,463484,461826,0.0036,none,0
ASM-001222,PROP-00408,CTY-008,2024,547042,,0.0,none,0
ASM-001223,PROP-00408,CTY-008,2025,548845,547042,0.0033,none,0
ASM-001224,PROP-00408,CTY-008,2026,550637,548845,0.0033,none,0
ASM-001225,PROP-00409,CTY-008,2024,388523,,0.0,none,0
ASM-001226,PROP-00409,CTY-008,2025,389921,388523,0.0036,none,0
ASM-001227,PROP-00409,CTY-008,2026,390879,389921,0.0025,none,0
ASM-001228,PROP-00410,CTY-008,2024,396587,,0.0,none,0
ASM-001229,PROP-00410,CTY-008,2025,398026,396587,0.0036,none,0
ASM-001230,PROP-00410,CTY-008,2026,400057,398026,0.0051,none,0
ASM-001231,PROP-00411,CTY-008,2024,395635,,0.0,none,0
ASM-001232,PROP-00411,CTY-008,2025,397680,395635,0.0052,none,0
ASM-001233,PROP-00411,CTY-008,2026,399802,397680,0.0053,none,0
ASM-001234,PROP-00412,CTY-008,2024,468537,,0.0,none,0
ASM-001235,PROP-00412,CTY-008,2025,470622,468537,0.0045,none,0
ASM-001236,PROP-00412,CTY-008,2026,472098,470622,0.0031,none,0
ASM-001237,PROP-00413,CTY-008,2024,392787,,0.0,none,0
ASM-001238,PROP-00413,CTY-008,2025,394381,392787,0.0041,none,0
ASM-001239,PROP-00413,CTY-008,2026,396579,394381,0.0056,none,0
ASM-001240,PROP-00414,CTY-008,2024,422221,,0.0,none,0
ASM-001241,PROP-00414,CTY-008,2025,423732,422221,0.0036,none,0
ASM-001242,PROP-00414,CTY-008,2026,424855,423732,0.0027,none,0
ASM-001243,PROP-00415,CTY-008,2024,404301,,0.0,none,0
ASM-001244,PROP-00415,CTY-008,2025,405320,404301,0.0025,none,0
ASM-001245,PROP-00415,CTY-008,2026,406749,405320,0.0035,none,0
ASM-001246,PROP-00416,CTY-008,2024,396143,,0.0,none,0
ASM-001247,PROP-00416,CTY-008,2025,398115,396143,0.005,none,0
ASM-001248,PROP-00416,CTY-008,2026,399953,398115,0.0046,none,0
ASM-001249,PROP-00417,CTY-008,2024,407278,,0.0,none,0
ASM-001250,PROP-00417,CTY-008,2025,409111,407278,0.0045,none,0
ASM-001251,PROP-00417,CTY-008,2026,411292,409111,0.0053,none,0
ASM-001252,PROP-00418,CTY-008,2024,369947,,0.0,none,0
ASM-001253,PROP-00418,CTY-008,2025,371741,369947,0.0048,none,0
ASM-001254,PROP-00418,CTY-008,2026,373706,371741,0.0053,none,0
ASM-001255,PROP-00419,CTY-008,2024,418870,,0.0,none,0
ASM-001256,PROP-00419,CTY-008,2025,420350,418870,0.0035,none,0
ASM-001257,PROP-00419,CTY-008,2026,422255,420350,0.0045,none,0
ASM-001258,PROP-00420,CTY-008,2024,446579,,0.0,none,0
ASM-001259,PROP-00420,CTY-008,2025,447984,446579,0.0031,none,0
ASM-001260,PROP-00420,CTY-008,2026,450192,447984,0.0049,none,0
ASM-001261,PROP-00421,CTY-008,2024,458178,,0.0,none,0
ASM-001262,PROP-00421,CTY-008,2025,459418,458178,0.0027,none,0
ASM-001263,PROP-00421,CTY-008,2026,461126,459418,0.0037,none,0
ASM-001264,PROP-00422,CTY-008,2024,374017,,0.0,none,0
ASM-001265,PROP-00422,CTY-008,2025,376003,374017,0.0053,none,0
ASM-001266,PROP-00422,CTY-008,2026,377378,376003,0.0037,none,0
ASM-001267,PROP-00423,CTY-008,2024,464104,,0.0,none,0
ASM-001268,PROP-00423,CTY-008,2025,466568,464104,0.0053,none,0
ASM-001269,PROP-00423,CTY-008,2026,469003,466568,0.0052,none,0
ASM-001270,PROP-00424,CTY-008,2024,441073,,0.0,none,0
ASM-001271,PROP-00424,CTY-008,2025,443399,441073,0.0053,none,0
ASM-001272,PROP-00424,CTY-008,2026,445625,443399,0.005,none,0
ASM-001273,PROP-00425,CTY-008,2024,494766,,0.0,none,0
ASM-001274,PROP-00425,CTY-008,2025,496410,494766,0.0033,none,0
ASM-001275,PROP-00425,CTY-008,2026,497623,496410,0.0024,none,0
ASM-001276,PROP-00426,CTY-008,2024,439999,,0.0,none,0
ASM-001277,PROP-00426,CTY-008,2025,441648,439999,0.0037,none,0
ASM-001278,PROP-00426,CTY-008,2026,443998,441648,0.0053,none,0
ASM-001279,PROP-00427,CTY-008,2024,465625,,0.0,none,0
ASM-001280,PROP-00427,CTY-008,2025,467068,465625,0.0031,none,0
ASM-001281,PROP-00427,CTY-008,2026,468555,467068,0.0032,none,0
ASM-001282,PROP-00428,CTY-009,2024,508444,,0.0,none,0
ASM-001283,PROP-00428,CTY-009,2025,511374,508444,0.0058,none,0
ASM-001284,PROP-00428,CTY-009,2026,514196,511374,0.0055,none,0
ASM-001285,PROP-00429,CTY-009,2024,524325,,0.0,none,0
ASM-001286,PROP-00429,CTY-009,2025,526123,524325,0.0034,none,0
ASM-001287,PROP-00429,CTY-009,2026,527851,526123,0.0033,none,0
ASM-001288,PROP-00430,CTY-009,2024,417191,,0.0,none,0
ASM-001289,PROP-00430,CTY-009,2025,419021,417191,0.0044,none,0
ASM-001290,PROP-00430,CTY-009,2026,420326,419021,0.0031,none,0
ASM-001291,PROP-00431,CTY-009,2024,433217,,0.0,none,0
ASM-001292,PROP-00431,CTY-009,2025,434602,433217,0.0032,none,0
ASM-001293,PROP-00431,CTY-009,2026,436597,434602,0.0046,none,0
ASM-001294,PROP-00432,CTY-009,2024,431858,,0.0,none,0
ASM-001295,PROP-00432,CTY-009,2025,434354,431858,0.0058,none,0
ASM-001296,PROP-00432,CTY-009,2026,436738,434354,0.0055,none,0
ASM-001297,PROP-00433,CTY-009,2024,385331,,0.0,none,0
ASM-001298,PROP-00433,CTY-009,2025,387312,385331,0.0051,none,0
ASM-001299,PROP-00433,CTY-009,2026,388910,387312,0.0041,none,0
ASM-001300,PROP-00434,CTY-009,2024,444786,,0.0,none,0
ASM-001301,PROP-00434,CTY-009,2025,446588,444786,0.0041,none,0
ASM-001302,PROP-00434,CTY-009,2026,447710,446588,0.0025,none,0
ASM-001303,PROP-00435,CTY-009,2024,452165,,0.0,none,0
ASM-001304,PROP-00435,CTY-009,2025,454136,452165,0.0044,none,0
ASM-001305,PROP-00435,CTY-009,2026,456124,454136,0.0044,none,0
ASM-001306,PROP-00436,CTY-009,2024,440579,,0.0,none,0
ASM-001307,PROP-00436,CTY-009,2025,441962,440579,0.0031,none,0
ASM-001308,PROP-00436,CTY-009,2026,443659,441962,0.0038,none,0
ASM-001309,PROP-00437,CTY-009,2024,405778,,0.0,none,0
ASM-001310,PROP-00437,CTY-009,2025,407070,405778,0.0032,none,0
ASM-001311,PROP-00437,CTY-009,2026,408391,407070,0.0032,none,0
ASM-001312,PROP-00438,CTY-009,2024,441999,,0.0,none,0
ASM-001313,PROP-00438,CTY-009,2025,443498,441999,0.0034,none,0
ASM-001314,PROP-00438,CTY-009,2026,444880,443498,0.0031,none,0
ASM-001315,PROP-00439,CTY-009,2024,345453,,0.0,none,0
ASM-001316,PROP-00439,CTY-009,2025,346305,345453,0.0025,none,0
ASM-001317,PROP-00439,CTY-009,2026,348366,346305,0.006,none,0
ASM-001318,PROP-00440,CTY-009,2024,546133,,0.0,none,0
ASM-001319,PROP-00440,CTY-009,2025,548494,546133,0.0043,none,0
ASM-001320,PROP-00440,CTY-009,2026,550523,548494,0.0037,none,0
ASM-001321,PROP-00441,CTY-009,2024,368137,,0.0,none,0
ASM-001322,PROP-00441,CTY-009,2025,369396,368137,0.0034,none,0
ASM-001323,PROP-00441,CTY-009,2026,371156,369396,0.0048,none,0
ASM-001324,PROP-00442,CTY-009,2024,416053,,0.0,none,0
ASM-001325,PROP-00442,CTY-009,2025,418392,416053,0.0056,none,0
ASM-001326,PROP-00442,CTY-009,2026,419952,418392,0.0037,none,0
ASM-001327,PROP-00443,CTY-009,2024,495166,,0.0,none,0
ASM-001328,PROP-00443,CTY-009,2025,497798,495166,0.0053,none,0
ASM-001329,PROP-00443,CTY-009,2026,499454,497798,0.0033,none,0
ASM-001330,PROP-00444,CTY-009,2024,379737,,0.0,none,0
ASM-001331,PROP-00444,CTY-009,2025,380990,379737,0.0033,none,0
ASM-001332,PROP-00444,CTY-009,2026,382058,380990,0.0028,none,0
ASM-001333,PROP-00445,CTY-009,2024,439999,,0.0,none,0
ASM-001334,PROP-00445,CTY-009,2025,442346,439999,0.0053,none,0
ASM-001335,PROP-00445,CTY-009,2026,443725,442346,0.0031,none,0
ASM-001336,PROP-00446,CTY-009,2024,510802,,0.0,none,0
ASM-001337,PROP-00446,CTY-009,2025,512753,510802,0.0038,none,0
ASM-001338,PROP-00446,CTY-009,2026,514426,512753,0.0033,none,0
ASM-001339,PROP-00447,CTY-009,2024,536250,,0.0,none,0
ASM-001340,PROP-00447,CTY-009,2025,538277,536250,0.0038,none,0
ASM-001341,PROP-00447,CTY-009,2026,541018,538277,0.0051,none,0
ASM-001342,PROP-00448,CTY-009,2024,384848,,0.0,none,0
ASM-001343,PROP-00448,CTY-009,2025,385825,384848,0.0025,none,0
ASM-001344,PROP-00448,CTY-009,2026,387216,385825,0.0036,none,0
ASM-001345,PROP-00449,CTY-009,2024,470182,,0.0,none,0
ASM-001346,PROP-00449,CTY-009,2025,472178,470182,0.0042,none,0
ASM-001347,PROP-00449,CTY-009,2026,474033,472178,0.0039,none,0
ASM-001348,PROP-00450,CTY-009,2024,531538,,0.0,none,0
ASM-001349,PROP-00450,CTY-009,2025,533188,531538,0.0031,none,0
ASM-001350,PROP-00450,CTY-009,2026,535577,533188,0.0045,none,0
ASM-001351,PROP-00451,CTY-009,2024,479549,,0.0,none,0
ASM-001352,PROP-00451,CTY-009,2025,481299,479549,0.0036,none,0
ASM-001353,PROP-00451,CTY-009,2026,483618,481299,0.0048,none,0
ASM-001354,PROP-00452,CTY-009,2024,495798,,0.0,none,0
ASM-001355,PROP-00452,CTY-009,2025,497215,495798,0.0029,none,0
ASM-001356,PROP-00452,CTY-009,2026,499415,497215,0.0044,none,0
ASM-001357,PROP-00453,CTY-009,2024,418893,,0.0,none,0
ASM-001358,PROP-00453,CTY-009,2025,420946,418893,0.0049,none,0
ASM-001359,PROP-00453,CTY-009,2026,422132,420946,0.0028,none,0
ASM-001360,PROP-00454,CTY-009,2024,404405,,0.0,none,0
ASM-001361,PROP-00454,CTY-009,2025,406346,404405,0.0048,none,0
ASM-001362,PROP-00454,CTY-009,2026,407820,406346,0.0036,none,0
ASM-001363,PROP-00455,CTY-009,2024,423471,,0.0,none,0
ASM-001364,PROP-00455,CTY-009,2025,425679,423471,0.0052,none,0
ASM-001365,PROP-00455,CTY-009,2026,426873,425679,0.0028,none,0
ASM-001366,PROP-00456,CTY-009,2024,353427,,0.0,none,0
ASM-001367,PROP-00456,CTY-009,2025,355206,353427,0.005,none,0
ASM-001368,PROP-00456,CTY-009,2026,356142,355206,0.0026,none,0
ASM-001369,PROP-00457,CTY-009,2024,555827,,0.0,none,0
ASM-001370,PROP-00457,CTY-009,2025,558383,555827,0.0046,none,0
ASM-001371,PROP-00457,CTY-009,2026,560053,558383,0.003,none,0
ASM-001372,PROP-00458,CTY-009,2024,493969,,0.0,none,0
ASM-001373,PROP-00458,CTY-009,2025,496849,493969,0.0058,none,0
ASM-001374,PROP-00458,CTY-009,2026,498898,496849,0.0041,none,0
ASM-001375,PROP-00459,CTY-009,2024,413788,,0.0,none,0
ASM-001376,PROP-00459,CTY-009,2025,415552,413788,0.0043,none,0
ASM-001377,PROP-00459,CTY-009,2026,417635,415552,0.005,none,0
ASM-001378,PROP-00460,CTY-009,2024,447927,,0.0,none,0
ASM-001379,PROP-00460,CTY-009,2025,449260,447927,0.003,none,0
ASM-001380,PROP-00460,CTY-009,2026,451357,449260,0.0047,none,0
ASM-001381,PROP-00461,CTY-009,2024,363408,,0.0,none,0
ASM-001382,PROP-00461,CTY-009,2025,364815,363408,0.0039,none,0
ASM-001383,PROP-00461,CTY-009,2026,366324,364815,0.0041,none,0
ASM-001384,PROP-00462,CTY-009,2024,465363,,0.0,none,0
ASM-001385,PROP-00462,CTY-009,2025,467184,465363,0.0039,none,0
ASM-001386,PROP-00462,CTY-009,2026,468322,467184,0.0024,none,0
ASM-001387,PROP-00463,CTY-009,2024,433298,,0.0,none,0
ASM-001388,PROP-00463,CTY-009,2025,435052,433298,0.004,none,0
ASM-001389,PROP-00463,CTY-009,2026,436482,435052,0.0033,none,0
ASM-001390,PROP-00464,CTY-009,2024,443181,,0.0,none,0
ASM-001391,PROP-00464,CTY-009,2025,445084,443181,0.0043,none,0
ASM-001392,PROP-00464,CTY-009,2026,446169,445084,0.0024,none,0
ASM-001393,PROP-00465,CTY-009,2024,393787,,0.0,none,0
ASM-001394,PROP-00465,CTY-009,2025,395487,393787,0.0043,none,0
ASM-001395,PROP-00465,CTY-009,2026,397002,395487,0.0038,none,0
ASM-001396,PROP-00466,CTY-009,2024,530999,,0.0,none,0
ASM-001397,PROP-00466,CTY-009,2025,533838,530999,0.0053,none,0
ASM-001398,PROP-00466,CTY-009,2026,536148,533838,0.0043,none,0
ASM-001399,PROP-00467,CTY-009,2024,392122,,0.0,none,0
ASM-001400,PROP-00467,CTY-009,2025,394322,392122,0.0056,none,0
ASM-001401,PROP-00467,CTY-009,2026,396290,394322,0.005,none,0
ASM-001402,PROP-00468,CTY-009,2024,448851,,0.0,none,0
ASM-001403,PROP-00468,CTY-009,2025,450267,448851,0.0032,none,0
ASM-001404,PROP-00468,CTY-009,2026,452792,450267,0.0056,none,0
ASM-001405,PROP-00469,CTY-009,2024,433785,,0.0,none,0
ASM-001406,PROP-00469,CTY-009,2025,436190,433785,0.0055,none,0
ASM-001407,PROP-00469,CTY-009,2026,437915,436190,0.004,none,0
ASM-001408,PROP-00470,CTY-009,2024,478940,,0.0,none,0
ASM-001409,PROP-00470,CTY-009,2025,480748,478940,0.0038,none,0
ASM-001410,PROP-00470,CTY-009,2026,482404,480748,0.0034,none,0
ASM-001411,PROP-00471,CTY-009,2024,384236,,0.0,none,0
ASM-001412,PROP-00471,CTY-009,2025,385783,384236,0.004,none,0
ASM-001413,PROP-00471,CTY-009,2026,386791,385783,0.0026,none,0
ASM-001414,PROP-00472,CTY-009,2024,402504,,0.0,none,0
ASM-001415,PROP-00472,CTY-009,2025,404557,402504,0.0051,none,0
ASM-001416,PROP-00472,CTY-009,2026,405903,404557,0.0033,none,0
ASM-001417,PROP-00473,CTY-009,2024,353410,,0.0,none,0
ASM-001418,PROP-00473,CTY-009,2025,355441,353410,0.0057,none,0
ASM-001419,PROP-00473,CTY-009,2026,357438,355441,0.0056,none,0
ASM-001420,PROP-00474,CTY-009,2024,487093,,0.0,none,0
ASM-001421,PROP-00474,CTY-009,2025,488898,487093,0.0037,none,0
ASM-001422,PROP-00474,CTY-009,2026,491359,488898,0.005,none,0
ASM-001423,PROP-00475,CTY-009,2024,468505,,0.0,none,0
ASM-001424,PROP-00475,CTY-009,2025,470016,468505,0.0032,none,0
ASM-001425,PROP-00475,CTY-009,2026,471748,470016,0.0037,none,0
ASM-001426,PROP-00476,CTY-009,2024,471265,,0.0,none,0
ASM-001427,PROP-00476,CTY-009,2025,472730,471265,0.0031,none,0
ASM-001428,PROP-00476,CTY-009,2026,475469,472730,0.0058,none,0
ASM-001429,PROP-00477,CTY-009,2024,427648,,0.0,none,0
ASM-001430,PROP-00477,CTY-009,2025,429891,427648,0.0052,none,0
ASM-001431,PROP-00477,CTY-009,2026,431647,429891,0.0041,none,0
ASM-001432,PROP-00478,CTY-009,2024,374014,,0.0,none,0
ASM-001433,PROP-00478,CTY-009,2025,376189,374014,0.0058,none,0
ASM-001434,PROP-00478,CTY-009,2026,377470,376189,0.0034,none,0
ASM-001435,PROP-00479,CTY-009,2024,351651,,0.0,none,0
ASM-001436,PROP-00479,CTY-009,2025,353217,351651,0.0045,none,0
ASM-001437,PROP-00479,CTY-009,2026,354870,353217,0.0047,none,0
ASM-001438,PROP-00480,CTY-009,2024,487681,,0.0,none,0
ASM-001439,PROP-00480,CTY-009,2025,490243,487681,0.0053,none,0
ASM-001440,PROP-00480,CTY-009,2026,491839,490243,0.0033,none,0
ASM-001441,PROP-00481,CTY-009,2024,440954,,0.0,none,0
ASM-001442,PROP-00481,CTY-009,2025,442058,440954,0.0025,none,0
ASM-001443,PROP-00481,CTY-009,2026,444312,442058,0.0051,none,0
ASM-001444,PROP-00482,CTY-009,2024,410394,,0.0,none,0
ASM-001445,PROP-00482,CTY-009,2025,411942,410394,0.0038,none,0
ASM-001446,PROP-00482,CTY-009,2026,413411,411942,0.0036,none,0
ASM-001447,PROP-00483,CTY-009,2024,466170,,0.0,none,0
ASM-001448,PROP-00483,CTY-009,2025,468013,466170,0.004,none,0
ASM-001449,PROP-00483,CTY-009,2026,470544,468013,0.0054,none,0
ASM-001450,PROP-00484,CTY-009,2024,523422,,0.0,none,0
ASM-001451,PROP-00484,CTY-009,2025,524795,523422,0.0026,none,0
ASM-001452,PROP-00484,CTY-009,2026,527112,524795,0.0044,none,0
ASM-001453,PROP-00485,CTY-009,2024,441478,,0.0,none,0
ASM-001454,PROP-00485,CTY-009,2025,443454,441478,0.0045,none,0
ASM-001455,PROP-00485,CTY-009,2026,445137,443454,0.0038,none,0
ASM-001456,PROP-00486,CTY-010,2024,470956,,0.0,none,0
ASM-001457,PROP-00486,CTY-010,2025,473228,470956,0.0048,none,0
ASM-001458,PROP-00486,CTY-010,2026,475682,473228,0.0052,none,0
ASM-001459,PROP-00487,CTY-010,2024,404700,,0.0,none,0
ASM-001460,PROP-00487,CTY-010,2025,406144,404700,0.0036,none,0
ASM-001461,PROP-00487,CTY-010,2026,407603,406144,0.0036,none,0
ASM-001462,PROP-00488,CTY-010,2024,422365,,0.0,none,0
ASM-001463,PROP-00488,CTY-010,2025,424062,422365,0.004,none,0
ASM-001464,PROP-00488,CTY-010,2026,425212,424062,0.0027,none,0
ASM-001465,PROP-00489,CTY-010,2024,365405,,0.0,none,0
ASM-001466,PROP-00489,CTY-010,2025,366836,365405,0.0039,none,0
ASM-001467,PROP-00489,CTY-010,2026,368363,366836,0.0042,none,0
ASM-001468,PROP-00490,CTY-010,2024,430286,,0.0,none,0
ASM-001469,PROP-00490,CTY-010,2025,431846,430286,0.0036,none,0
ASM-001470,PROP-00490,CTY-010,2026,432885,431846,0.0024,none,0
ASM-001471,PROP-00491,CTY-010,2024,417143,,0.0,none,0
ASM-001472,PROP-00491,CTY-010,2025,418742,417143,0.0038,none,0
ASM-001473,PROP-00491,CTY-010,2026,420655,418742,0.0046,none,0
ASM-001474,PROP-00492,CTY-010,2024,508222,,0.0,none,0
ASM-001475,PROP-00492,CTY-010,2025,509731,508222,0.003,none,0
ASM-001476,PROP-00492,CTY-010,2026,511784,509731,0.004,none,0
ASM-001477,PROP-00493,CTY-010,2024,453703,,0.0,none,0
ASM-001478,PROP-00493,CTY-010,2025,455548,453703,0.0041,none,0
ASM-001479,PROP-00493,CTY-010,2026,457318,455548,0.0039,none,0
ASM-001480,PROP-00494,CTY-010,2024,495955,,0.0,none,0
ASM-001481,PROP-00494,CTY-010,2025,497476,495955,0.0031,none,0
ASM-001482,PROP-00494,CTY-010,2026,500339,497476,0.0058,none,0
ASM-001483,PROP-00495,CTY-010,2024,497106,,0.0,none,0
ASM-001484,PROP-00495,CTY-010,2025,498831,497106,0.0035,none,0
ASM-001485,PROP-00495,CTY-010,2026,500132,498831,0.0026,none,0
ASM-001486,PROP-00496,CTY-010,2024,444565,,0.0,none,0
ASM-001487,PROP-00496,CTY-010,2025,446729,444565,0.0049,none,0
ASM-001488,PROP-00496,CTY-010,2026,448972,446729,0.005,none,0
ASM-001489,PROP-00497,CTY-010,2024,361954,,0.0,none,0
ASM-001490,PROP-00497,CTY-010,2025,363824,361954,0.0052,none,0
ASM-001491,PROP-00497,CTY-010,2026,365249,363824,0.0039,none,0
ASM-001492,PROP-00498,CTY-010,2024,348070,,0.0,none,0
ASM-001493,PROP-00498,CTY-010,2025,349177,348070,0.0032,none,0
ASM-001494,PROP-00498,CTY-010,2026,350499,349177,0.0038,none,0
ASM-001495,PROP-00499,CTY-010,2024,451526,,0.0,none,0
ASM-001496,PROP-00499,CTY-010,2025,453433,451526,0.0042,none,0
ASM-001497,PROP-00499,CTY-010,2026,455194,453433,0.0039,none,0
ASM-001498,PROP-00500,CTY-010,2024,428906,,0.0,none,0
ASM-001499,PROP-00500,CTY-010,2025,431102,428906,0.0051,none,0
ASM-001500,PROP-00500,CTY-010,2026,432720,431102,0.0038,none,0
ASM-001501,PROP-00501,CTY-010,2024,437474,,0.0,none,0
ASM-001502,PROP-00501,CTY-010,2025,439557,437474,0.0048,none,0
ASM-001503,PROP-00501,CTY-010,2026,442147,439557,0.0059,none,0
ASM-001504,PROP-00502,CTY-010,2024,466116,,0.0,none,0
ASM-001505,PROP-00502,CTY-010,2025,467650,466116,0.0033,none,0
ASM-001506,PROP-00502,CTY-010,2026,469052,467650,0.003,none,0
ASM-001507,PROP-00503,CTY-010,2024,510031,,0.0,none,0
ASM-001508,PROP-00503,CTY-010,2025,511610,510031,0.0031,none,0
ASM-001509,PROP-00503,CTY-010,2026,514610,511610,0.0059,none,0
ASM-001510,PROP-00504,CTY-010,2024,458752,,0.0,none,0
ASM-001511,PROP-00504,CTY-010,2025,459887,458752,0.0025,none,0
ASM-001512,PROP-00504,CTY-010,2026,462601,459887,0.0059,none,0
ASM-001513,PROP-00505,CTY-007,2024,433294,,0.0,none,0
ASM-001514,PROP-00505,CTY-007,2025,435167,433294,0.0043,none,0
ASM-001515,PROP-00505,CTY-007,2026,437189,435167,0.0046,none,0
ASM-001516,PROP-00506,CTY-007,2024,441483,,0.0,none,0
ASM-001517,PROP-00506,CTY-007,2025,443824,441483,0.0053,none,0
ASM-001518,PROP-00506,CTY-007,2026,445659,443824,0.0041,none,0
ASM-001519,PROP-00507,CTY-007,2024,492506,,0.0,none,0
ASM-001520,PROP-00507,CTY-007,2025,495403,492506,0.0059,none,0
ASM-001521,PROP-00507,CTY-007,2026,496727,495403,0.0027,none,0
ASM-001522,PROP-00508,CTY-007,2024,385342,,0.0,none,0
ASM-001523,PROP-00508,CTY-007,2025,386411,385342,0.0028,none,0
ASM-001524,PROP-00508,CTY-007,2026,387500,386411,0.0028,none,0
ASM-001525,PROP-00509,CTY-007,2024,388858,,0.0,none,0
ASM-001526,PROP-00509,CTY-007,2025,390235,388858,0.0035,none,0
ASM-001527,PROP-00509,CTY-007,2026,392240,390235,0.0051,none,0
ASM-001528,PROP-00510,CTY-007,2024,427488,,0.0,none,0
ASM-001529,PROP-00510,CTY-007,2025,429652,427488,0.0051,none,0
ASM-001530,PROP-00510,CTY-007,2026,430801,429652,0.0027,none,0
ASM-001531,PROP-00511,CTY-007,2024,474823,,0.0,none,0
ASM-001532,PROP-00511,CTY-007,2025,476369,474823,0.0033,none,0
ASM-001533,PROP-00511,CTY-007,2026,478238,476369,0.0039,none,0
ASM-001534,PROP-00512,CTY-007,2024,412023,,0.0,none,0
ASM-001535,PROP-00512,CTY-007,2025,413246,412023,0.003,none,0
ASM-001536,PROP-00512,CTY-007,2026,414845,413246,0.0039,none,0
ASM-001537,PROP-00513,CTY-007,2024,527913,,0.0,none,0
ASM-001538,PROP-00513,CTY-007,2025,529765,527913,0.0035,none,0
ASM-001539,PROP-00513,CTY-007,2026,532198,529765,0.0046,none,0
ASM-001540,PROP-00514,CTY-007,2024,509619,,0.0,none,0
ASM-001541,PROP-00514,CTY-007,2025,511944,509619,0.0046,none,0
ASM-001542,PROP-00514,CTY-007,2026,513450,511944,0.0029,none,0
ASM-001543,PROP-00515,CTY-007,2024,469926,,0.0,none,0
ASM-001544,PROP-00515,CTY-007,2025,471186,469926,0.0027,none,0
ASM-001545,PROP-00515,CTY-007,2026,472846,471186,0.0035,none,0
ASM-001546,PROP-00516,CTY-007,2024,398785,,0.0,none,0
ASM-001547,PROP-00516,CTY-007,2025,400929,398785,0.0054,none,0
ASM-001548,PROP-00516,CTY-007,2026,402404,400929,0.0037,none,0
ASM-001549,PROP-00517,CTY-007,2024,491800,,0.0,none,0
ASM-001550,PROP-00517,CTY-007,2025,494562,491800,0.0056,none,0
ASM-001551,PROP-00517,CTY-007,2026,496913,494562,0.0048,none,0
ASM-001552,PROP-00518,CTY-007,2024,399606,,0.0,none,0
ASM-001553,PROP-00518,CTY-007,2025,400735,399606,0.0028,none,0
ASM-001554,PROP-00518,CTY-007,2026,402724,400735,0.005,none,0
ASM-001555,PROP-00519,CTY-007,2024,442090,,0.0,none,0
ASM-001556,PROP-00519,CTY-007,2025,443901,442090,0.0041,none,0
ASM-001557,PROP-00519,CTY-007,2026,445400,443901,0.0034,none,0
ASM-001558,PROP-00520,CTY-007,2024,429635,,0.0,none,0
ASM-001559,PROP-00520,CTY-007,2025,432202,429635,0.006,none,0
ASM-001560,PROP-00520,CTY-007,2026,433542,432202,0.0031,none,0
ASM-001561,PROP-00521,CTY-007,2024,404968,,0.0,none,0
ASM-001562,PROP-00521,CTY-007,2025,407110,404968,0.0053,none,0
ASM-001563,PROP-00521,CTY-007,2026,408902,407110,0.0044,none,0
ASM-001564,PROP-00522,CTY-007,2024,506355,,0.0,none,0
ASM-001565,PROP-00522,CTY-007,2025,508450,506355,0.0041,none,0
ASM-001566,PROP-00522,CTY-007,2026,510728,508450,0.0045,none,0
ASM-001567,PROP-00523,CTY-007,2024,526158,,0.0,none,0
ASM-001568,PROP-00523,CTY-007,2025,529049,526158,0.0055,none,0
ASM-001569,PROP-00523,CTY-007,2026,531744,529049,0.0051,none,0
ASM-001570,PROP-00524,CTY-007,2024,509891,,0.0,none,0
ASM-001571,PROP-00524,CTY-007,2025,512768,509891,0.0056,none,0
ASM-001572,PROP-00524,CTY-007,2026,515097,512768,0.0045,none,0
ASM-001573,PROP-00525,CTY-007,2024,448577,,0.0,none,0
ASM-001574,PROP-00525,CTY-007,2025,450737,448577,0.0048,none,0
ASM-001575,PROP-00525,CTY-007,2026,453178,450737,0.0054,none,0
ASM-001576,PROP-00526,CTY-007,2024,393528,,0.0,none,0
ASM-001577,PROP-00526,CTY-007,2025,394761,393528,0.0031,none,0
ASM-001578,PROP-00526,CTY-007,2026,396215,394761,0.0037,none,0
ASM-001579,PROP-00527,CTY-007,2024,418720,,0.0,none,0
ASM-001580,PROP-00527,CTY-007,2025,420513,418720,0.0043,none,0
ASM-001581,PROP-00527,CTY-007,2026,422701,420513,0.0052,none,0
ASM-001582,PROP-00528,CTY-007,2024,364434,,0.0,none,0
ASM-001583,PROP-00528,CTY-007,2025,366311,364434,0.0052,none,0
ASM-001584,PROP-00528,CTY-007,2026,368293,366311,0.0054,none,0
ASM-001585,PROP-00529,CTY-007,2024,449628,,0.0,none,0
ASM-001586,PROP-00529,CTY-007,2025,450956,449628,0.003,none,0
ASM-001587,PROP-00529,CTY-007,2026,452179,450956,0.0027,none,0
ASM-001588,PROP-00530,CTY-007,2024,449590,,0.0,none,0
ASM-001589,PROP-00530,CTY-007,2025,450672,449590,0.0024,none,0
ASM-001590,PROP-00530,CTY-007,2026,452443,450672,0.0039,none,0
ASM-001591,PROP-00531,CTY-007,2024,485573,,0.0,none,0
ASM-001592,PROP-00531,CTY-007,2025,488391,485573,0.0058,none,0
ASM-001593,PROP-00531,CTY-007,2026,490923,488391,0.0052,none,0
ASM-001594,PROP-00532,CTY-007,2024,442066,,0.0,none,0
ASM-001595,PROP-00532,CTY-007,2025,443337,442066,0.0029,none,0
ASM-001596,PROP-00532,CTY-007,2026,445971,443337,0.0059,none,0
ASM-001597,PROP-00533,CTY-007,2024,421010,,0.0,none,0
ASM-001598,PROP-00533,CTY-007,2025,422849,421010,0.0044,none,0
ASM-001599,PROP-00533,CTY-007,2026,424455,422849,0.0038,none,0
ASM-001600,PROP-00534,CTY-007,2024,486583,,0.0,none,0
ASM-001601,PROP-00534,CTY-007,2025,488334,486583,0.0036,none,0
ASM-001602,PROP-00534,CTY-007,2026,490464,488334,0.0044,none,0
ASM-001603,PROP-00535,CTY-007,2024,471937,,0.0,none,0
ASM-001604,PROP-00535,CTY-007,2025,473631,471937,0.0036,none,0
ASM-001605,PROP-00535,CTY-007,2026,475763,473631,0.0045,none,0
ASM-001606,PROP-00536,CTY-007,2024,418317,,0.0,none,0
ASM-001607,PROP-00536,CTY-007,2025,420059,418317,0.0042,none,0
ASM-001608,PROP-00536,CTY-007,2026,421582,420059,0.0036,none,0
ASM-001609,PROP-00537,CTY-007,2024,483287,,0.0,none,0
ASM-001610,PROP-00537,CTY-007,2025,485874,483287,0.0054,none,0
ASM-001611,PROP-00537,CTY-007,2026,488490,485874,0.0054,none,0
ASM-001612,PROP-00538,CTY-007,2024,508576,,0.0,none,0
ASM-001613,PROP-00538,CTY-007,2025,510815,508576,0.0044,none,0
ASM-001614,PROP-00538,CTY-007,2026,512171,510815,0.0027,none,0
ASM-001615,PROP-00539,CTY-007,2024,403540,,0.0,none,0
ASM-001616,PROP-00539,CTY-007,2025,405605,403540,0.0051,none,0
ASM-001617,PROP-00539,CTY-007,2026,407453,405605,0.0046,none,0
ASM-001618,PROP-00540,CTY-007,2024,403894,,0.0,none,0
ASM-001619,PROP-00540,CTY-007,2025,406053,403894,0.0053,none,0
ASM-001620,PROP-00540,CTY-007,2026,408212,406053,0.0053,none,0
ASM-001621,PROP-00541,CTY-007,2024,425869,,0.0,none,0
ASM-001622,PROP-00541,CTY-007,2025,427926,425869,0.0048,none,0
ASM-001623,PROP-00541,CTY-007,2026,429552,427926,0.0038,none,0
ASM-001624,PROP-00542,CTY-007,2024,467465,,0.0,none,0
ASM-001625,PROP-00542,CTY-007,2025,469440,467465,0.0042,none,0
ASM-001626,PROP-00542,CTY-007,2026,470980,469440,0.0033,none,0
ASM-001627,PROP-00543,CTY-007,2024,412427,,0.0,none,0
ASM-001628,PROP-00543,CTY-007,2025,413510,412427,0.0026,none,0
ASM-001629,PROP-00543,CTY-007,2026,415433,413510,0.0047,none,0
ASM-001630,PROP-00544,CTY-007,2024,439742,,0.0,none,0
ASM-001631,PROP-00544,CTY-007,2025,441943,439742,0.005,none,0
ASM-001632,PROP-00544,CTY-007,2026,443920,441943,0.0045,none,0
ASM-001633,PROP-00545,CTY-007,2024,384132,,0.0,none,0
ASM-001634,PROP-00545,CTY-007,2025,385782,384132,0.0043,none,0
ASM-001635,PROP-00545,CTY-007,2026,386846,385782,0.0028,none,0
ASM-001636,PROP-00546,CTY-007,2024,434604,,0.0,none,0
ASM-001637,PROP-00546,CTY-007,2025,436925,434604,0.0053,none,0
ASM-001638,PROP-00546,CTY-007,2026,439141,436925,0.0051,none,0
ASM-001639,PROP-00547,CTY-007,2024,528804,,0.0,none,0
ASM-001640,PROP-00547,CTY-007,2025,530552,528804,0.0033,none,0
ASM-001641,PROP-00547,CTY-007,2026,532787,530552,0.0042,none,0
ASM-001642,PROP-00548,CTY-011,2024,353881,,0.0,none,0
ASM-001643,PROP-00548,CTY-011,2025,355262,353881,0.0039,none,0
ASM-001644,PROP-00548,CTY-011,2026,356530,355262,0.0036,none,0
ASM-001645,PROP-00549,CTY-011,2024,308588,,0.0,none,0
ASM-001646,PROP-00549,CTY-011,2025,309351,308588,0.0025,none,0
ASM-001647,PROP-00549,CTY-011,2026,310794,309351,0.0047,none,0
ASM-001648,PROP-00550,CTY-011,2024,302862,,0.0,none,0
ASM-001649,PROP-00550,CTY-011,2025,304437,302862,0.0052,none,0
ASM-001650,PROP-00550,CTY-011,2026,306175,304437,0.0057,none,0
ASM-001651,PROP-00551,CTY-011,2024,356642,,0.0,none,0
ASM-001652,PROP-00551,CTY-011,2025,357763,356642,0.0031,none,0
ASM-001653,PROP-00551,CTY-011,2026,359799,357763,0.0057,none,0
ASM-001654,PROP-00552,CTY-011,2024,370136,,0.0,none,0
ASM-001655,PROP-00552,CTY-011,2025,371746,370136,0.0043,none,0
ASM-001656,PROP-00552,CTY-011,2026,373200,371746,0.0039,none,0
ASM-001657,PROP-00553,CTY-011,2024,268867,,0.0,none,0
ASM-001658,PROP-00553,CTY-011,2025,269640,268867,0.0029,none,0
ASM-001659,PROP-00553,CTY-011,2026,270610,269640,0.0036,none,0
ASM-001660,PROP-00554,CTY-011,2024,290666,,0.0,none,0
ASM-001661,PROP-00554,CTY-011,2025,292317,290666,0.0057,none,0
ASM-001662,PROP-00554,CTY-011,2026,293673,292317,0.0046,none,0
ASM-001663,PROP-00555,CTY-011,2024,321543,,0.0,none,0
ASM-001664,PROP-00555,CTY-011,2025,323125,321543,0.0049,none,0
ASM-001665,PROP-00555,CTY-011,2026,324758,323125,0.0051,none,0
ASM-001666,PROP-00556,CTY-011,2024,286640,,0.0,none,0
ASM-001667,PROP-00556,CTY-011,2025,287390,286640,0.0026,none,0
ASM-001668,PROP-00556,CTY-011,2026,288490,287390,0.0038,none,0
ASM-001669,PROP-00557,CTY-011,2024,359197,,0.0,none,0
ASM-001670,PROP-00557,CTY-011,2025,360146,359197,0.0026,none,0
ASM-001671,PROP-00557,CTY-011,2026,362075,360146,0.0054,none,0
ASM-001672,PROP-00558,CTY-011,2024,319840,,0.0,none,0
ASM-001673,PROP-00558,CTY-011,2025,320689,319840,0.0027,none,0
ASM-001674,PROP-00558,CTY-011,2026,322475,320689,0.0056,none,0
ASM-001675,PROP-00559,CTY-011,2024,351881,,0.0,none,0
ASM-001676,PROP-00559,CTY-011,2025,353025,351881,0.0033,none,0
ASM-001677,PROP-00559,CTY-011,2026,354540,353025,0.0043,none,0
ASM-001678,PROP-00560,CTY-011,2024,294325,,0.0,none,0
ASM-001679,PROP-00560,CTY-011,2025,295361,294325,0.0035,none,0
ASM-001680,PROP-00560,CTY-011,2026,296670,295361,0.0044,none,0
ASM-001681,PROP-00561,CTY-011,2024,331353,,0.0,none,0
ASM-001682,PROP-00561,CTY-011,2025,332561,331353,0.0036,none,0
ASM-001683,PROP-00561,CTY-011,2026,333486,332561,0.0028,none,0
ASM-001684,PROP-00562,CTY-011,2024,308641,,0.0,none,0
ASM-001685,PROP-00562,CTY-011,2025,309501,308641,0.0028,none,0
ASM-001686,PROP-00562,CTY-011,2026,310423,309501,0.003,none,0
ASM-001687,PROP-00563,CTY-011,2024,281414,,0.0,none,0
ASM-001688,PROP-00563,CTY-011,2025,282672,281414,0.0045,none,0
ASM-001689,PROP-00563,CTY-011,2026,283489,282672,0.0029,none,0
ASM-001690,PROP-00564,CTY-011,2024,263513,,0.0,none,0
ASM-001691,PROP-00564,CTY-011,2025,264835,263513,0.005,none,0
ASM-001692,PROP-00564,CTY-011,2026,265559,264835,0.0027,none,0
ASM-001693,PROP-00565,CTY-011,2024,307046,,0.0,none,0
ASM-001694,PROP-00565,CTY-011,2025,308756,307046,0.0056,none,0
ASM-001695,PROP-00565,CTY-011,2026,310008,308756,0.0041,none,0
ASM-001696,PROP-00566,CTY-011,2024,301571,,0.0,none,0
ASM-001697,PROP-00566,CTY-011,2025,302664,301571,0.0036,none,0
ASM-001698,PROP-00566,CTY-011,2026,304092,302664,0.0047,none,0
ASM-001699,PROP-00567,CTY-011,2024,314303,,0.0,none,0
ASM-001700,PROP-00567,CTY-011,2025,315284,314303,0.0031,none,0
ASM-001701,PROP-00567,CTY-011,2026,316301,315284,0.0032,none,0
ASM-001702,PROP-00568,CTY-011,2024,365756,,0.0,none,0
ASM-001703,PROP-00568,CTY-011,2025,367174,365756,0.0039,none,0
ASM-001704,PROP-00568,CTY-011,2026,368451,367174,0.0035,none,0
ASM-001705,PROP-00569,CTY-011,2024,341495,,0.0,none,0
ASM-001706,PROP-00569,CTY-011,2025,342596,341495,0.0032,none,0
ASM-001707,PROP-00569,CTY-011,2026,343977,342596,0.004,none,0
ASM-001708,PROP-00570,CTY-011,2024,281314,,0.0,none,0
ASM-001709,PROP-00570,CTY-011,2025,282020,281314,0.0025,none,0
ASM-001710,PROP-00570,CTY-011,2026,283051,282020,0.0037,none,0
ASM-001711,PROP-00571,CTY-011,2024,291250,,0.0,none,0
ASM-001712,PROP-00571,CTY-011,2025,292718,291250,0.005,none,0
ASM-001713,PROP-00571,CTY-011,2026,294151,292718,0.0049,none,0
ASM-001714,PROP-00572,CTY-011,2024,262754,,0.0,none,0
ASM-001715,PROP-00572,CTY-011,2025,263669,262754,0.0035,none,0
ASM-001716,PROP-00572,CTY-011,2026,265026,263669,0.0051,none,0
ASM-001717,PROP-00573,CTY-011,2024,332015,,0.0,none,0
ASM-001718,PROP-00573,CTY-011,2025,333175,332015,0.0035,none,0
ASM-001719,PROP-00573,CTY-011,2026,334395,333175,0.0037,none,0
ASM-001720,PROP-00574,CTY-011,2024,384788,,0.0,none,0
ASM-001721,PROP-00574,CTY-011,2025,386838,384788,0.0053,none,0
ASM-001722,PROP-00574,CTY-011,2026,388829,386838,0.0051,none,0
ASM-001723,PROP-00575,CTY-011,2024,291116,,0.0,none,0
ASM-001724,PROP-00575,CTY-011,2025,292317,291116,0.0041,none,0
ASM-001725,PROP-00575,CTY-011,2026,293074,292317,0.0026,none,0
ASM-001726,PROP-00576,CTY-011,2024,300467,,0.0,none,0
ASM-001727,PROP-00576,CTY-011,2025,301765,300467,0.0043,none,0
ASM-001728,PROP-00576,CTY-011,2026,303042,301765,0.0042,none,0
ASM-001729,PROP-00577,CTY-011,2024,293442,,0.0,none,0
ASM-001730,PROP-00577,CTY-011,2025,294313,293442,0.003,none,0
ASM-001731,PROP-00577,CTY-011,2026,295417,294313,0.0038,none,0
ASM-001732,PROP-00578,CTY-011,2024,288139,,0.0,none,0
ASM-001733,PROP-00578,CTY-011,2025,289702,288139,0.0054,none,0
ASM-001734,PROP-00578,CTY-011,2026,290700,289702,0.0034,none,0
ASM-001735,PROP-00579,CTY-011,2024,354139,,0.0,none,0
ASM-001736,PROP-00579,CTY-011,2025,355593,354139,0.0041,none,0
ASM-001737,PROP-00579,CTY-011,2026,357073,355593,0.0042,none,0
ASM-001738,PROP-00580,CTY-011,2024,341031,,0.0,none,0
ASM-001739,PROP-00580,CTY-011,2025,342874,341031,0.0054,none,0
ASM-001740,PROP-00580,CTY-011,2026,343698,342874,0.0024,none,0
ASM-001741,PROP-00581,CTY-011,2024,255140,,0.0,none,0
ASM-001742,PROP-00581,CTY-011,2025,256627,255140,0.0058,none,0
ASM-001743,PROP-00581,CTY-011,2026,257305,256627,0.0026,none,0
ASM-001744,PROP-00582,CTY-011,2024,338187,,0.0,none,0
ASM-001745,PROP-00582,CTY-011,2025,340153,338187,0.0058,none,0
ASM-001746,PROP-00582,CTY-011,2026,341521,340153,0.004,none,0
ASM-001747,PROP-00583,CTY-011,2024,369175,,0.0,none,0
ASM-001748,PROP-00583,CTY-011,2025,371143,369175,0.0053,none,0
ASM-001749,PROP-00583,CTY-011,2026,372071,371143,0.0025,none,0
ASM-001750,PROP-00584,CTY-011,2024,371260,,0.0,none,0
ASM-001751,PROP-00584,CTY-011,2025,372692,371260,0.0039,none,0
ASM-001752,PROP-00584,CTY-011,2026,374508,372692,0.0049,none,0
ASM-001753,PROP-00585,CTY-011,2024,351403,,0.0,none,0
ASM-001754,PROP-00585,CTY-011,2025,353072,351403,0.0047,none,0
ASM-001755,PROP-00585,CTY-011,2026,354056,353072,0.0028,none,0
ASM-001756,PROP-00586,CTY-011,2024,310964,,0.0,none,0
ASM-001757,PROP-00586,CTY-011,2025,311989,310964,0.0033,none,0
ASM-001758,PROP-00586,CTY-011,2026,312987,311989,0.0032,none,0
ASM-001759,PROP-00587,CTY-011,2024,290489,,0.0,none,0
ASM-001760,PROP-00587,CTY-011,2025,291639,290489,0.004,none,0
ASM-001761,PROP-00587,CTY-011,2026,292415,291639,0.0027,none,0
ASM-001762,PROP-00588,CTY-011,2024,262300,,0.0,none,0
ASM-001763,PROP-00588,CTY-011,2025,263748,262300,0.0055,none,0
ASM-001764,PROP-00588,CTY-011,2026,264878,263748,0.0043,none,0
ASM-001765,PROP-00589,CTY-011,2024,358618,,0.0,none,0
ASM-001766,PROP-00589,CTY-011,2025,360117,358618,0.0042,none,0
ASM-001767,PROP-00589,CTY-011,2026,361628,360117,0.0042,none,0
ASM-001768,PROP-00590,CTY-011,2024,278232,,0.0,none,0
ASM-001769,PROP-00590,CTY-011,2025,279413,278232,0.0042,none,0
ASM-001770,PROP-00590,CTY-011,2026,280818,279413,0.005,none,0
ASM-001771,PROP-00591,CTY-011,2024,346250,,0.0,none,0
ASM-001772,PROP-00591,CTY-011,2025,347691,346250,0.0042,none,0
ASM-001773,PROP-00591,CTY-011,2026,348540,347691,0.0024,none,0
ASM-001774,PROP-00592,CTY-011,2024,311711,,0.0,none,0
ASM-001775,PROP-00592,CTY-011,2025,313016,311711,0.0042,none,0
ASM-001776,PROP-00592,CTY-011,2026,314813,313016,0.0057,none,0
ASM-001777,PROP-00593,CTY-011,2024,335576,,0.0,none,0
ASM-001778,PROP-00593,CTY-011,2025,336389,335576,0.0024,none,0
ASM-001779,PROP-00593,CTY-011,2026,337502,336389,0.0033,none,0
ASM-001780,PROP-00594,CTY-011,2024,327501,,0.0,none,0
ASM-001781,PROP-00594,CTY-011,2025,329301,327501,0.0055,none,0
ASM-001782,PROP-00594,CTY-011,2026,331172,329301,0.0057,none,0
ASM-001783,PROP-00595,CTY-011,2024,360750,,0.0,none,0
ASM-001784,PROP-00595,CTY-011,2025,362378,360750,0.0045,none,0
ASM-001785,PROP-00595,CTY-011,2026,364088,362378,0.0047,none,0
ASM-001786,PROP-00596,CTY-011,2024,375463,,0.0,none,0
ASM-001787,PROP-00596,CTY-011,2025,377639,375463,0.0058,none,0
ASM-001788,PROP-00596,CTY-011,2026,378569,377639,0.0025,none,0
ASM-001789,PROP-00597,CTY-012,2024,364895,,0.0,none,0
ASM-001790,PROP-00597,CTY-012,2025,400302,364895,0.097,none,0
ASM-001791,PROP-00597,CTY-012,2026,444753,400302,0.111,none,0
ASM-001792,PROP-00598,CTY-012,2024,323778,,0.0,none,0
ASM-001793,PROP-00598,CTY-012,2025,358711,323778,0.1079,none,0
ASM-001794,PROP-00598,CTY-012,2026,404194,358711,0.1268,won,12653
ASM-001795,PROP-00599,CTY-012,2024,352344,,0.0,none,0
ASM-001796,PROP-00599,CTY-012,2025,380850,352344,0.0809,none,0
ASM-001797,PROP-00599,CTY-012,2026,402947,380850,0.058,none,0
ASM-001798,PROP-00600,CTY-012,2024,298865,,0.0,none,0
ASM-001799,PROP-00600,CTY-012,2025,328431,298865,0.0989,lost,0
ASM-001800,PROP-00600,CTY-012,2026,349011,328431,0.0627,none,0
ASM-001801,PROP-00601,CTY-012,2024,298466,,0.0,none,0
ASM-001802,PROP-00601,CTY-012,2025,321920,298466,0.0786,none,0
ASM-001803,PROP-00601,CTY-012,2026,346063,321920,0.075,none,0
ASM-001804,PROP-00602,CTY-012,2024,394023,,0.0,none,0
ASM-001805,PROP-00602,CTY-012,2025,421410,394023,0.0695,none,0
ASM-001806,PROP-00602,CTY-012,2026,448094,421410,0.0633,none,0
ASM-001807,PROP-00603,CTY-012,2024,344578,,0.0,none,0
ASM-001808,PROP-00603,CTY-012,2025,379368,344578,0.101,won,30890
ASM-001809,PROP-00603,CTY-012,2026,424891,379368,0.12,none,0
ASM-001810,PROP-00604,CTY-012,2024,405338,,0.0,none,0
ASM-001811,PROP-00604,CTY-012,2025,431976,405338,0.0657,none,0
ASM-001812,PROP-00604,CTY-012,2026,467008,431976,0.0811,none,0
ASM-001813,PROP-00605,CTY-012,2024,351976,,0.0,none,0
ASM-001814,PROP-00605,CTY-012,2025,371789,351976,0.0563,none,0
ASM-001815,PROP-00605,CTY-012,2026,397384,371789,0.0688,none,0
ASM-001816,PROP-00606,CTY-012,2024,326637,,0.0,none,0
ASM-001817,PROP-00606,CTY-012,2025,349227,326637,0.0692,none,0
ASM-001818,PROP-00606,CTY-012,2026,368971,349227,0.0565,none,0
ASM-001819,PROP-00607,CTY-012,2024,339578,,0.0,none,0
ASM-001820,PROP-00607,CTY-012,2025,359870,339578,0.0598,none,0
ASM-001821,PROP-00607,CTY-012,2026,399933,359870,0.1113,none,0
ASM-001822,PROP-00608,CTY-012,2024,309331,,0.0,none,0
ASM-001823,PROP-00608,CTY-012,2025,335841,309331,0.0857,none,0
ASM-001824,PROP-00608,CTY-012,2026,362873,335841,0.0805,none,0
ASM-001825,PROP-00609,CTY-012,2024,320929,,0.0,none,0
ASM-001826,PROP-00609,CTY-012,2025,344918,320929,0.0747,none,0
ASM-001827,PROP-00609,CTY-012,2026,368390,344918,0.0681,none,0
ASM-001828,PROP-00610,CTY-012,2024,354369,,0.0,none,0
ASM-001829,PROP-00610,CTY-012,2025,378771,354369,0.0689,none,0
ASM-001830,PROP-00610,CTY-012,2026,427473,378771,0.1286,none,0
ASM-001831,PROP-00611,CTY-012,2024,319608,,0.0,none,0
ASM-001832,PROP-00611,CTY-012,2025,348607,319608,0.0907,none,0
ASM-001833,PROP-00611,CTY-012,2026,368686,348607,0.0576,none,0
ASM-001834,PROP-00612,CTY-012,2024,315889,,0.0,none,0
ASM-001835,PROP-00612,CTY-012,2025,350801,315889,0.1105,none,0
ASM-001836,PROP-00612,CTY-012,2026,381561,350801,0.0877,none,0
ASM-001837,PROP-00613,CTY-012,2024,363936,,0.0,none,0
ASM-001838,PROP-00613,CTY-012,2025,407980,363936,0.121,none,0
ASM-001839,PROP-00613,CTY-012,2026,450999,407980,0.1054,none,0
ASM-001840,PROP-00614,CTY-012,2024,322656,,0.0,none,0
ASM-001841,PROP-00614,CTY-012,2025,353323,322656,0.095,none,0
ASM-001842,PROP-00614,CTY-012,2026,382504,353323,0.0826,none,0
ASM-001843,PROP-00615,CTY-012,2024,411921,,0.0,none,0
ASM-001844,PROP-00615,CTY-012,2025,448769,411921,0.0895,none,0
ASM-001845,PROP-00615,CTY-012,2026,482524,448769,0.0752,none,0
ASM-001846,PROP-00616,CTY-012,2024,365339,,0.0,none,0
ASM-001847,PROP-00616,CTY-012,2025,400181,365339,0.0954,won,33015
ASM-001848,PROP-00616,CTY-012,2026,424692,400181,0.0612,none,0
ASM-001849,PROP-00617,CTY-012,2024,445042,,0.0,none,0
ASM-001850,PROP-00617,CTY-012,2025,484832,445042,0.0894,none,0
ASM-001851,PROP-00617,CTY-012,2026,539864,484832,0.1135,none,0
ASM-001852,PROP-00618,CTY-012,2024,428329,,0.0,none,0
ASM-001853,PROP-00618,CTY-012,2025,463827,428329,0.0829,none,0
ASM-001854,PROP-00618,CTY-012,2026,494504,463827,0.0661,none,0
ASM-001855,PROP-00619,CTY-012,2024,371238,,0.0,none,0
ASM-001856,PROP-00619,CTY-012,2025,418833,371238,0.1282,none,0
ASM-001857,PROP-00619,CTY-012,2026,440998,418833,0.0529,none,0
ASM-001858,PROP-00620,CTY-012,2024,395347,,0.0,none,0
ASM-001859,PROP-00620,CTY-012,2025,425317,395347,0.0758,none,0
ASM-001860,PROP-00620,CTY-012,2026,457529,425317,0.0757,none,0
ASM-001861,PROP-00621,CTY-012,2024,309487,,0.0,none,0
ASM-001862,PROP-00621,CTY-012,2025,325769,309487,0.0526,none,0
ASM-001863,PROP-00621,CTY-012,2026,343106,325769,0.0532,none,0
ASM-001864,PROP-00622,CTY-013,2024,470982,,0.0,none,0
ASM-001865,PROP-00622,CTY-013,2025,525043,470982,0.1148,lost,0
ASM-001866,PROP-00622,CTY-013,2026,583477,525043,0.1113,none,0
ASM-001867,PROP-00623,CTY-013,2024,414485,,0.0,none,0
ASM-001868,PROP-00623,CTY-013,2025,440307,414485,0.0623,none,0
ASM-001869,PROP-00623,CTY-013,2026,480445,440307,0.0912,none,0
ASM-001870,PROP-00624,CTY-013,2024,418470,,0.0,none,0
ASM-001871,PROP-00624,CTY-013,2025,452944,418470,0.0824,none,0
ASM-001872,PROP-00624,CTY-013,2026,494167,452944,0.091,none,0
ASM-001873,PROP-00625,CTY-013,2024,434094,,0.0,none,0
ASM-001874,PROP-00625,CTY-013,2025,474309,434094,0.0926,none,0
ASM-001875,PROP-00625,CTY-013,2026,517341,474309,0.0907,none,0
ASM-001876,PROP-00626,CTY-013,2024,382592,,0.0,none,0
ASM-001877,PROP-00626,CTY-013,2025,403815,382592,0.0555,none,0
ASM-001878,PROP-00626,CTY-013,2026,443931,403815,0.0993,none,0
ASM-001879,PROP-00627,CTY-013,2024,519921,,0.0,none,0
ASM-001880,PROP-00627,CTY-013,2025,549845,519921,0.0576,none,0
ASM-001881,PROP-00627,CTY-013,2026,587899,549845,0.0692,none,0
ASM-001882,PROP-00628,CTY-013,2024,438904,,0.0,none,0
ASM-001883,PROP-00628,CTY-013,2025,471922,438904,0.0752,none,0
ASM-001884,PROP-00628,CTY-013,2026,529360,471922,0.1217,none,0
ASM-001885,PROP-00629,CTY-013,2024,586330,,0.0,none,0
ASM-001886,PROP-00629,CTY-013,2025,625544,586330,0.0669,none,0
ASM-001887,PROP-00629,CTY-013,2026,703691,625544,0.1249,none,0
ASM-001888,PROP-00630,CTY-013,2024,615215,,0.0,none,0
ASM-001889,PROP-00630,CTY-013,2025,662107,615215,0.0762,none,0
ASM-001890,PROP-00630,CTY-013,2026,726583,662107,0.0974,none,0
ASM-001891,PROP-00631,CTY-013,2024,470616,,0.0,none,0
ASM-001892,PROP-00631,CTY-013,2025,498189,470616,0.0586,none,0
ASM-001893,PROP-00631,CTY-013,2026,547325,498189,0.0986,none,0
ASM-001894,PROP-00632,CTY-013,2024,469265,,0.0,none,0
ASM-001895,PROP-00632,CTY-013,2025,499437,469265,0.0643,none,0
ASM-001896,PROP-00632,CTY-013,2026,537781,499437,0.0768,none,0
ASM-001897,PROP-00633,CTY-013,2024,370056,,0.0,none,0
ASM-001898,PROP-00633,CTY-013,2025,401733,370056,0.0856,none,0
ASM-001899,PROP-00633,CTY-013,2026,429087,401733,0.0681,none,0
ASM-001900,PROP-00634,CTY-013,2024,534766,,0.0,none,0
ASM-001901,PROP-00634,CTY-013,2025,566521,534766,0.0594,none,0
ASM-001902,PROP-00634,CTY-013,2026,630414,566521,0.1128,lost,0
ASM-001903,PROP-00635,CTY-013,2024,402836,,0.0,none,0
ASM-001904,PROP-00635,CTY-013,2025,454437,402836,0.1281,none,0
ASM-001905,PROP-00635,CTY-013,2026,493205,454437,0.0853,none,0
ASM-001906,PROP-00636,CTY-013,2024,474389,,0.0,none,0
ASM-001907,PROP-00636,CTY-013,2025,526053,474389,0.1089,none,0
ASM-001908,PROP-00636,CTY-013,2026,573443,526053,0.0901,none,0
ASM-001909,PROP-00637,CTY-013,2024,446106,,0.0,none,0
ASM-001910,PROP-00637,CTY-013,2025,501834,446106,0.1249,none,0
ASM-001911,PROP-00637,CTY-013,2026,540561,501834,0.0772,none,0
ASM-001912,PROP-00638,CTY-013,2024,398272,,0.0,none,0
ASM-001913,PROP-00638,CTY-013,2025,433209,398272,0.0877,none,0
ASM-001914,PROP-00638,CTY-013,2026,464365,433209,0.0719,none,0
ASM-001915,PROP-00639,CTY-013,2024,322865,,0.0,none,0
ASM-001916,PROP-00639,CTY-013,2025,342761,322865,0.0616,none,0
ASM-001917,PROP-00639,CTY-013,2026,363324,342761,0.06,none,0
ASM-001918,PROP-00640,CTY-013,2024,430353,,0.0,none,0
ASM-001919,PROP-00640,CTY-013,2025,482381,430353,0.1209,none,0
ASM-001920,PROP-00640,CTY-013,2026,544200,482381,0.1282,none,0
ASM-001921,PROP-00641,CTY-013,2024,414704,,0.0,none,0
ASM-001922,PROP-00641,CTY-013,2025,436144,414704,0.0517,none,0
ASM-001923,PROP-00641,CTY-013,2026,463312,436144,0.0623,none,0
ASM-001924,PROP-00642,CTY-013,2024,407489,,0.0,none,0
ASM-001925,PROP-00642,CTY-013,2025,451207,407489,0.1073,won,14339
ASM-001926,PROP-00642,CTY-013,2026,497591,451207,0.1028,none,0
ASM-001927,PROP-00643,CTY-013,2024,455457,,0.0,none,0
ASM-001928,PROP-00643,CTY-013,2025,480445,455457,0.0549,none,0
ASM-001929,PROP-00643,CTY-013,2026,540296,480445,0.1246,filed,0
ASM-001930,PROP-00644,CTY-013,2024,353727,,0.0,none,0
ASM-001931,PROP-00644,CTY-013,2025,385374,353727,0.0895,none,0
ASM-001932,PROP-00644,CTY-013,2026,429153,385374,0.1136,none,0
ASM-001933,PROP-00645,CTY-013,2024,526512,,0.0,none,0
ASM-001934,PROP-00645,CTY-013,2025,586261,526512,0.1135,none,0
ASM-001935,PROP-00645,CTY-013,2026,626219,586261,0.0682,none,0
ASM-001936,PROP-00646,CTY-013,2024,389495,,0.0,none,0
ASM-001937,PROP-00646,CTY-013,2025,426569,389495,0.0952,filed,0
ASM-001938,PROP-00646,CTY-013,2026,477300,426569,0.1189,none,0
ASM-001939,PROP-00647,CTY-013,2024,476159,,0.0,none,0
ASM-001940,PROP-00647,CTY-013,2025,507841,476159,0.0665,none,0
ASM-001941,PROP-00647,CTY-013,2026,572883,507841,0.1281,none,0
ASM-001942,PROP-00648,CTY-013,2024,478187,,0.0,none,0
ASM-001943,PROP-00648,CTY-013,2025,510324,478187,0.0672,none,0
ASM-001944,PROP-00648,CTY-013,2026,545935,510324,0.0698,none,0
ASM-001945,PROP-00649,CTY-013,2024,502521,,0.0,none,0
ASM-001946,PROP-00649,CTY-013,2025,555858,502521,0.1061,none,0
ASM-001947,PROP-00649,CTY-013,2026,611466,555858,0.1,none,0
ASM-001948,PROP-00650,CTY-013,2024,355382,,0.0,none,0
ASM-001949,PROP-00650,CTY-013,2025,399602,355382,0.1244,none,0
ASM-001950,PROP-00650,CTY-013,2026,434012,399602,0.0861,none,0
ASM-001951,PROP-00651,CTY-013,2024,367920,,0.0,none,0
ASM-001952,PROP-00651,CTY-013,2025,389008,367920,0.0573,none,0
ASM-001953,PROP-00651,CTY-013,2026,429874,389008,0.1051,none,0
ASM-001954,PROP-00652,CTY-013,2024,471060,,0.0,none,0
ASM-001955,PROP-00652,CTY-013,2025,525044,471060,0.1146,filed,0
ASM-001956,PROP-00652,CTY-013,2026,581028,525044,0.1066,lost,0
ASM-001957,PROP-00653,CTY-013,2024,407014,,0.0,none,0
ASM-001958,PROP-00653,CTY-013,2025,451101,407014,0.1083,none,0
ASM-001959,PROP-00653,CTY-013,2026,489469,451101,0.0851,none,0
ASM-001960,PROP-00654,CTY-013,2024,479117,,0.0,none,0
ASM-001961,PROP-00654,CTY-013,2025,527366,479117,0.1007,lost,0
ASM-001962,PROP-00654,CTY-013,2026,559897,527366,0.0617,none,0
ASM-001963,PROP-00655,CTY-013,2024,399497,,0.0,none,0
ASM-001964,PROP-00655,CTY-013,2025,448061,399497,0.1216,none,0
ASM-001965,PROP-00655,CTY-013,2026,492048,448061,0.0982,filed,0
ASM-001966,PROP-00656,CTY-013,2024,578551,,0.0,none,0
ASM-001967,PROP-00656,CTY-013,2025,638772,578551,0.1041,none,0
ASM-001968,PROP-00656,CTY-013,2026,677833,638772,0.0612,none,0
ASM-001969,PROP-00657,CTY-014,2024,297286,,0.0,none,0
ASM-001970,PROP-00657,CTY-014,2025,338358,297286,0.1382,none,0
ASM-001971,PROP-00657,CTY-014,2026,360951,338358,0.0668,none,0
ASM-001972,PROP-00658,CTY-014,2024,283632,,0.0,none,0
ASM-001973,PROP-00658,CTY-014,2025,302139,283632,0.0653,none,0
ASM-001974,PROP-00658,CTY-014,2026,322679,302139,0.068,none,0
ASM-001975,PROP-00659,CTY-014,2024,268697,,0.0,none,0
ASM-001976,PROP-00659,CTY-014,2025,284744,268697,0.0597,none,0
ASM-001977,PROP-00659,CTY-014,2026,303376,284744,0.0654,none,0
ASM-001978,PROP-00660,CTY-014,2024,290223,,0.0,none,0
ASM-001979,PROP-00660,CTY-014,2025,317247,290223,0.0931,none,0
ASM-001980,PROP-00660,CTY-014,2026,346842,317247,0.0933,filed,0
ASM-001981,PROP-00661,CTY-014,2024,368669,,0.0,none,0
ASM-001982,PROP-00661,CTY-014,2025,411717,368669,0.1168,none,0
ASM-001983,PROP-00661,CTY-014,2026,435916,411717,0.0588,none,0
ASM-001984,PROP-00662,CTY-014,2024,251385,,0.0,none,0
ASM-001985,PROP-00662,CTY-014,2025,283322,251385,0.127,lost,0
ASM-001986,PROP-00662,CTY-014,2026,323281,283322,0.141,lost,0
ASM-001987,PROP-00663,CTY-014,2024,240666,,0.0,none,0
ASM-001988,PROP-00663,CTY-014,2025,260695,240666,0.0832,none,0
ASM-001989,PROP-00663,CTY-014,2026,295524,260695,0.1336,won,24479
ASM-001990,PROP-00664,CTY-014,2024,348078,,0.0,none,0
ASM-001991,PROP-00664,CTY-014,2025,397904,348078,0.1431,none,0
ASM-001992,PROP-00664,CTY-014,2026,451459,397904,0.1346,none,0
ASM-001993,PROP-00665,CTY-014,2024,288690,,0.0,none,0
ASM-001994,PROP-00665,CTY-014,2025,322890,288690,0.1185,none,0
ASM-001995,PROP-00665,CTY-014,2026,362788,322890,0.1236,none,0
ASM-001996,PROP-00666,CTY-014,2024,297774,,0.0,none,0
ASM-001997,PROP-00666,CTY-014,2025,316346,297774,0.0624,none,0
ASM-001998,PROP-00666,CTY-014,2026,353615,316346,0.1178,none,0
ASM-001999,PROP-00667,CTY-014,2024,308418,,0.0,none,0
ASM-002000,PROP-00667,CTY-014,2025,334098,308418,0.0833,none,0
ASM-002001,PROP-00667,CTY-014,2026,380312,334098,0.1383,none,0
ASM-002002,PROP-00668,CTY-014,2024,330214,,0.0,none,0
ASM-002003,PROP-00668,CTY-014,2025,365262,330214,0.1061,none,0
ASM-002004,PROP-00668,CTY-014,2026,399645,365262,0.0941,lost,0
ASM-002005,PROP-00669,CTY-014,2024,311034,,0.0,none,0
ASM-002006,PROP-00669,CTY-014,2025,330282,311034,0.0619,none,0
ASM-002007,PROP-00669,CTY-014,2026,375055,330282,0.1356,none,0
ASM-002008,PROP-00670,CTY-014,2024,267997,,0.0,none,0
ASM-002009,PROP-00670,CTY-014,2025,297502,267997,0.1101,none,0
ASM-002010,PROP-00670,CTY-014,2026,340396,297502,0.1442,filed,0
ASM-002011,PROP-00671,CTY-014,2024,235833,,0.0,none,0
ASM-002012,PROP-00671,CTY-014,2025,265786,235833,0.127,none,0
ASM-002013,PROP-00671,CTY-014,2026,294060,265786,0.1064,none,0
ASM-002014,PROP-00672,CTY-014,2024,236605,,0.0,none,0
ASM-002015,PROP-00672,CTY-014,2025,260677,236605,0.1017,won,26906
ASM-002016,PROP-00672,CTY-014,2026,286265,260677,0.0982,lost,0
ASM-002017,PROP-00673,CTY-014,2024,273875,,0.0,none,0
ASM-002018,PROP-00673,CTY-014,2025,307119,273875,0.1214,none,0
ASM-002019,PROP-00673,CTY-014,2026,336503,307119,0.0957,none,0
ASM-002020,PROP-00674,CTY-014,2024,266346,,0.0,none,0
ASM-002021,PROP-00674,CTY-014,2025,300584,266346,0.1285,none,0
ASM-002022,PROP-00674,CTY-014,2026,322600,300584,0.0732,none,0
ASM-002023,PROP-00675,CTY-014,2024,312469,,0.0,none,0
ASM-002024,PROP-00675,CTY-014,2025,350647,312469,0.1222,none,0
ASM-002025,PROP-00675,CTY-014,2026,393295,350647,0.1216,filed,0
ASM-002026,PROP-00676,CTY-014,2024,228135,,0.0,none,0
ASM-002027,PROP-00676,CTY-014,2025,257651,228135,0.1294,none,0
ASM-002028,PROP-00676,CTY-014,2026,276767,257651,0.0742,none,0
ASM-002029,PROP-00677,CTY-014,2024,285635,,0.0,none,0
ASM-002030,PROP-00677,CTY-014,2025,307818,285635,0.0777,none,0
ASM-002031,PROP-00677,CTY-014,2026,346121,307818,0.1244,filed,0
ASM-002032,PROP-00678,CTY-014,2024,285440,,0.0,none,0
ASM-002033,PROP-00678,CTY-014,2025,305711,285440,0.071,none,0
ASM-002034,PROP-00678,CTY-014,2026,340054,305711,0.1123,lost,0
ASM-002035,PROP-00679,CTY-014,2024,277743,,0.0,none,0
ASM-002036,PROP-00679,CTY-014,2025,316069,277743,0.138,filed,0
ASM-002037,PROP-00679,CTY-014,2026,360390,316069,0.1402,none,0
ASM-002038,PROP-00680,CTY-014,2024,272948,,0.0,none,0
ASM-002039,PROP-00680,CTY-014,2025,301094,272948,0.1031,filed,0
ASM-002040,PROP-00680,CTY-014,2026,333392,301094,0.1073,filed,0
ASM-002041,PROP-00681,CTY-014,2024,265490,,0.0,none,0
ASM-002042,PROP-00681,CTY-014,2025,297210,265490,0.1195,none,0
ASM-002043,PROP-00681,CTY-014,2026,316283,297210,0.0642,none,0
ASM-002044,PROP-00682,CTY-014,2024,370932,,0.0,none,0
ASM-002045,PROP-00682,CTY-014,2025,397006,370932,0.0703,none,0
ASM-002046,PROP-00682,CTY-014,2026,436233,397006,0.0988,none,0
ASM-002047,PROP-00683,CTY-014,2024,303865,,0.0,none,0
ASM-002048,PROP-00683,CTY-014,2025,330981,303865,0.0892,none,0
ASM-002049,PROP-00683,CTY-014,2026,356930,330981,0.0784,none,0
ASM-002050,PROP-00684,CTY-014,2024,273303,,0.0,none,0
ASM-002051,PROP-00684,CTY-014,2025,311619,273303,0.1402,none,0
ASM-002052,PROP-00684,CTY-014,2026,347062,311619,0.1137,won,28147
ASM-002053,PROP-00685,CTY-014,2024,323468,,0.0,none,0
ASM-002054,PROP-00685,CTY-014,2025,347572,323468,0.0745,none,0
ASM-002055,PROP-00685,CTY-014,2026,387058,347572,0.1136,none,0
ASM-002056,PROP-00686,CTY-014,2024,287765,,0.0,none,0
ASM-002057,PROP-00686,CTY-014,2025,316721,287765,0.1006,filed,0
ASM-002058,PROP-00686,CTY-014,2026,338773,316721,0.0696,none,0
ASM-002059,PROP-00687,CTY-014,2024,281269,,0.0,none,0
ASM-002060,PROP-00687,CTY-014,2025,312200,281269,0.11,none,0
ASM-002061,PROP-00687,CTY-014,2026,354313,312200,0.1349,none,0
ASM-002062,PROP-00688,CTY-014,2024,319160,,0.0,none,0
ASM-002063,PROP-00688,CTY-014,2025,363007,319160,0.1374,none,0
ASM-002064,PROP-00688,CTY-014,2026,398202,363007,0.097,none,0
ASM-002065,PROP-00689,CTY-014,2024,262571,,0.0,none,0
ASM-002066,PROP-00689,CTY-014,2025,279283,262571,0.0636,none,0
ASM-002067,PROP-00689,CTY-014,2026,316434,279283,0.133,lost,0
ASM-002068,PROP-00690,CTY-014,2024,281560,,0.0,none,0
ASM-002069,PROP-00690,CTY-014,2025,306273,281560,0.0878,none,0
ASM-002070,PROP-00690,CTY-014,2026,335383,306273,0.095,none,0
ASM-002071,PROP-00691,CTY-014,2024,303373,,0.0,none,0
ASM-002072,PROP-00691,CTY-014,2025,330511,303373,0.0895,none,0
ASM-002073,PROP-00691,CTY-014,2026,362397,330511,0.0965,won,17387
ASM-002074,PROP-00692,CTY-014,2024,274905,,0.0,none,0
ASM-002075,PROP-00692,CTY-014,2025,312125,274905,0.1354,none,0
ASM-002076,PROP-00692,CTY-014,2026,331585,312125,0.0623,none,0
ASM-002077,PROP-00693,CTY-014,2024,333851,,0.0,none,0
ASM-002078,PROP-00693,CTY-014,2025,376559,333851,0.1279,filed,0
ASM-002079,PROP-00693,CTY-014,2026,411803,376559,0.0936,won,15117
ASM-002080,PROP-00694,CTY-014,2024,275646,,0.0,none,0
ASM-002081,PROP-00694,CTY-014,2025,302592,275646,0.0978,none,0
ASM-002082,PROP-00694,CTY-014,2026,332386,302592,0.0985,none,0
ASM-002083,PROP-00695,CTY-014,2024,308565,,0.0,none,0
ASM-002084,PROP-00695,CTY-014,2025,329089,308565,0.0665,none,0
ASM-002085,PROP-00695,CTY-014,2026,355915,329089,0.0815,none,0
ASM-002086,PROP-00696,CTY-012,2024,396043,,0.0,none,0
ASM-002087,PROP-00696,CTY-012,2025,439958,396043,0.1109,filed,0
ASM-002088,PROP-00696,CTY-012,2026,465302,439958,0.0576,none,0
ASM-002089,PROP-00697,CTY-012,2024,485029,,0.0,none,0
ASM-002090,PROP-00697,CTY-012,2025,530687,485029,0.0941,none,0
ASM-002091,PROP-00697,CTY-012,2026,594673,530687,0.1206,none,0
ASM-002092,PROP-00698,CTY-012,2024,405250,,0.0,none,0
ASM-002093,PROP-00698,CTY-012,2025,456056,405250,0.1254,none,0
ASM-002094,PROP-00698,CTY-012,2026,503319,456056,0.1036,none,0
ASM-002095,PROP-00699,CTY-012,2024,370407,,0.0,none,0
ASM-002096,PROP-00699,CTY-012,2025,410352,370407,0.1078,won,35689
ASM-002097,PROP-00699,CTY-012,2026,459960,410352,0.1209,none,0
ASM-002098,PROP-00700,CTY-012,2024,418669,,0.0,none,0
ASM-002099,PROP-00700,CTY-012,2025,445523,418669,0.0641,none,0
ASM-002100,PROP-00700,CTY-012,2026,477362,445523,0.0715,none,0
ASM-002101,PROP-00701,CTY-012,2024,425529,,0.0,none,0
ASM-002102,PROP-00701,CTY-012,2025,448902,425529,0.0549,none,0
ASM-002103,PROP-00701,CTY-012,2026,476266,448902,0.061,none,0
ASM-002104,PROP-00702,CTY-012,2024,414094,,0.0,none,0
ASM-002105,PROP-00702,CTY-012,2025,442587,414094,0.0688,none,0
ASM-002106,PROP-00702,CTY-012,2026,489367,442587,0.1057,won,28748
ASM-002107,PROP-00703,CTY-012,2024,399337,,0.0,none,0
ASM-002108,PROP-00703,CTY-012,2025,422191,399337,0.0572,none,0
ASM-002109,PROP-00703,CTY-012,2026,471656,422191,0.1172,none,0
ASM-002110,PROP-00704,CTY-012,2024,391425,,0.0,none,0
ASM-002111,PROP-00704,CTY-012,2025,442041,391425,0.1293,none,0
ASM-002112,PROP-00704,CTY-012,2026,493709,442041,0.1169,none,0
ASM-002113,PROP-00705,CTY-012,2024,446681,,0.0,none,0
ASM-002114,PROP-00705,CTY-012,2025,495617,446681,0.1096,won,42854
ASM-002115,PROP-00705,CTY-012,2026,530380,495617,0.0701,none,0
ASM-002116,PROP-00706,CTY-012,2024,343189,,0.0,none,0
ASM-002117,PROP-00706,CTY-012,2025,374402,343189,0.0909,none,0
ASM-002118,PROP-00706,CTY-012,2026,406083,374402,0.0846,none,0
ASM-002119,PROP-00707,CTY-012,2024,447438,,0.0,none,0
ASM-002120,PROP-00707,CTY-012,2025,498747,447438,0.1147,won,28635
ASM-002121,PROP-00707,CTY-012,2026,561194,498747,0.1252,none,0
ASM-002122,PROP-00708,CTY-012,2024,386716,,0.0,none,0
ASM-002123,PROP-00708,CTY-012,2025,415228,386716,0.0737,none,0
ASM-002124,PROP-00708,CTY-012,2026,456113,415228,0.0985,won,25883
ASM-002125,PROP-00709,CTY-012,2024,463533,,0.0,none,0
ASM-002126,PROP-00709,CTY-012,2025,493993,463533,0.0657,none,0
ASM-002127,PROP-00709,CTY-012,2026,530354,493993,0.0736,none,0
ASM-002128,PROP-00710,CTY-012,2024,377926,,0.0,none,0
ASM-002129,PROP-00710,CTY-012,2025,423911,377926,0.1217,none,0
ASM-002130,PROP-00710,CTY-012,2026,464971,423911,0.0969,none,0
ASM-002131,PROP-00711,CTY-012,2024,371438,,0.0,none,0
ASM-002132,PROP-00711,CTY-012,2025,393756,371438,0.0601,none,0
ASM-002133,PROP-00711,CTY-012,2026,414636,393756,0.053,none,0
ASM-002134,PROP-00712,CTY-012,2024,406266,,0.0,none,0
ASM-002135,PROP-00712,CTY-012,2025,429416,406266,0.057,none,0
ASM-002136,PROP-00712,CTY-012,2026,466142,429416,0.0855,none,0
ASM-002137,PROP-00713,CTY-012,2024,455790,,0.0,none,0
ASM-002138,PROP-00713,CTY-012,2025,492218,455790,0.0799,none,0
ASM-002139,PROP-00713,CTY-012,2026,539514,492218,0.0961,filed,0
ASM-002140,PROP-00714,CTY-012,2024,384538,,0.0,none,0
ASM-002141,PROP-00714,CTY-012,2025,417773,384538,0.0864,none,0
ASM-002142,PROP-00714,CTY-012,2026,466601,417773,0.1169,none,0
ASM-002143,PROP-00715,CTY-012,2024,386998,,0.0,none,0
ASM-002144,PROP-00715,CTY-012,2025,415161,386998,0.0728,none,0
ASM-002145,PROP-00715,CTY-012,2026,440552,415161,0.0612,none,0
ASM-002146,PROP-00716,CTY-012,2024,363722,,0.0,none,0
ASM-002147,PROP-00716,CTY-012,2025,385096,363722,0.0588,none,0
ASM-002148,PROP-00716,CTY-012,2026,423252,385096,0.0991,none,0
ASM-002149,PROP-00717,CTY-012,2024,357895,,0.0,none,0
ASM-002150,PROP-00717,CTY-012,2025,393584,357895,0.0997,filed,0
ASM-002151,PROP-00717,CTY-012,2026,416378,393584,0.0579,none,0
ASM-002152,PROP-00718,CTY-012,2024,325384,,0.0,none,0
ASM-002153,PROP-00718,CTY-012,2025,366165,325384,0.1253,filed,0
ASM-002154,PROP-00718,CTY-012,2026,411699,366165,0.1244,none,0
ASM-002155,PROP-00719,CTY-012,2024,327291,,0.0,none,0
ASM-002156,PROP-00719,CTY-012,2025,347383,327291,0.0614,none,0
ASM-002157,PROP-00719,CTY-012,2026,390290,347383,0.1235,none,0
ASM-002158,PROP-00720,CTY-012,2024,267582,,0.0,none,0
ASM-002159,PROP-00720,CTY-012,2025,285969,267582,0.0687,none,0
ASM-002160,PROP-00720,CTY-012,2026,306772,285969,0.0727,none,0
ASM-002161,PROP-00721,CTY-012,2024,339419,,0.0,none,0
ASM-002162,PROP-00721,CTY-012,2025,371559,339419,0.0947,none,0
ASM-002163,PROP-00721,CTY-012,2026,417793,371559,0.1244,none,0
ASM-002164,PROP-00722,CTY-012,2024,379002,,0.0,none,0
ASM-002165,PROP-00722,CTY-012,2025,402215,379002,0.0612,none,0
ASM-002166,PROP-00722,CTY-012,2026,448324,402215,0.1146,none,0
ASM-002167,PROP-00723,CTY-012,2024,421025,,0.0,none,0
ASM-002168,PROP-00723,CTY-012,2025,444609,421025,0.056,none,0
ASM-002169,PROP-00723,CTY-012,2026,489755,444609,0.1015,none,0
ASM-002170,PROP-00724,CTY-012,2024,375089,,0.0,none,0
ASM-002171,PROP-00724,CTY-012,2025,402088,375089,0.072,none,0
ASM-002172,PROP-00724,CTY-012,2026,434064,402088,0.0795,none,0
ASM-002173,PROP-00725,CTY-012,2024,289471,,0.0,none,0
ASM-002174,PROP-00725,CTY-012,2025,309989,289471,0.0709,none,0
ASM-002175,PROP-00725,CTY-012,2026,341225,309989,0.1008,none,0
ASM-002176,PROP-00726,CTY-012,2024,310229,,0.0,none,0
ASM-002177,PROP-00726,CTY-012,2025,350587,310229,0.1301,lost,0
ASM-002178,PROP-00726,CTY-012,2026,396363,350587,0.1306,won,31463
ASM-002179,PROP-00727,CTY-012,2024,392374,,0.0,none,0
ASM-002180,PROP-00727,CTY-012,2025,426118,392374,0.086,none,0
ASM-002181,PROP-00727,CTY-012,2026,457680,426118,0.0741,none,0
ASM-002182,PROP-00728,CTY-012,2024,447453,,0.0,none,0
ASM-002183,PROP-00728,CTY-012,2025,480701,447453,0.0743,none,0
ASM-002184,PROP-00728,CTY-012,2026,506987,480701,0.0547,none,0
ASM-002185,PROP-00729,CTY-012,2024,458168,,0.0,none,0
ASM-002186,PROP-00729,CTY-012,2025,517678,458168,0.1299,none,0
ASM-002187,PROP-00729,CTY-012,2026,545653,517678,0.054,none,0
ASM-002188,PROP-00730,CTY-012,2024,344273,,0.0,none,0
ASM-002189,PROP-00730,CTY-012,2025,379134,344273,0.1013,none,0
ASM-002190,PROP-00730,CTY-012,2026,420327,379134,0.1087,none,0
ASM-002191,PROP-00731,CTY-012,2024,364742,,0.0,none,0
ASM-002192,PROP-00731,CTY-012,2025,391702,364742,0.0739,none,0
ASM-002193,PROP-00731,CTY-012,2026,424502,391702,0.0837,none,0
ASM-002194,PROP-00732,CTY-012,2024,420681,,0.0,none,0
ASM-002195,PROP-00732,CTY-012,2025,461612,420681,0.0973,none,0
ASM-002196,PROP-00732,CTY-012,2026,504842,461612,0.0937,won,42537
ASM-002197,PROP-00733,CTY-012,2024,328543,,0.0,none,0
ASM-002198,PROP-00733,CTY-012,2025,347279,328543,0.057,none,0
ASM-002199,PROP-00733,CTY-012,2026,388101,347279,0.1175,lost,0
ASM-002200,PROP-00734,CTY-012,2024,359456,,0.0,none,0
ASM-002201,PROP-00734,CTY-012,2025,399906,359456,0.1125,lost,0
ASM-002202,PROP-00734,CTY-012,2026,448067,399906,0.1204,won,16883
ASM-002203,PROP-00735,CTY-012,2024,328531,,0.0,none,0
ASM-002204,PROP-00735,CTY-012,2025,351779,328531,0.0708,none,0
ASM-002205,PROP-00735,CTY-012,2026,384836,351779,0.094,none,0
ASM-002206,PROP-00736,CTY-012,2024,285509,,0.0,none,0
ASM-002207,PROP-00736,CTY-012,2025,318693,285509,0.1162,none,0
ASM-002208,PROP-00736,CTY-012,2026,338889,318693,0.0634,none,0
ASM-002209,PROP-00737,CTY-012,2024,354841,,0.0,none,0
ASM-002210,PROP-00737,CTY-012,2025,376869,354841,0.0621,none,0
ASM-002211,PROP-00737,CTY-012,2026,425080,376869,0.1279,lost,0
ASM-002212,PROP-00738,CTY-012,2024,327559,,0.0,none,0
ASM-002213,PROP-00738,CTY-012,2025,368091,327559,0.1237,none,0
ASM-002214,PROP-00738,CTY-012,2026,406927,368091,0.1055,none,0
ASM-002215,PROP-00739,CTY-012,2024,264414,,0.0,none,0
ASM-002216,PROP-00739,CTY-012,2025,296921,264414,0.1229,none,0
ASM-002217,PROP-00739,CTY-012,2026,318139,296921,0.0715,none,0
ASM-002218,PROP-00740,CTY-012,2024,305998,,0.0,none,0
ASM-002219,PROP-00740,CTY-012,2025,328131,305998,0.0723,none,0
ASM-002220,PROP-00740,CTY-012,2026,370613,328131,0.1295,lost,0
ASM-002221,PROP-00741,CTY-012,2024,258721,,0.0,none,0
ASM-002222,PROP-00741,CTY-012,2025,282159,258721,0.0906,filed,0
ASM-002223,PROP-00741,CTY-012,2026,298100,282159,0.0565,none,0
ASM-002224,PROP-00742,CTY-012,2024,305310,,0.0,none,0
ASM-002225,PROP-00742,CTY-012,2025,340148,305310,0.1141,none,0
ASM-002226,PROP-00742,CTY-012,2026,383527,340148,0.1275,none,0
ASM-002227,PROP-00743,CTY-012,2024,446785,,0.0,none,0
ASM-002228,PROP-00743,CTY-012,2025,483755,446785,0.0827,none,0
ASM-002229,PROP-00743,CTY-012,2026,509271,483755,0.0527,none,0
ASM-002230,PROP-00744,CTY-012,2024,413579,,0.0,none,0
ASM-002231,PROP-00744,CTY-012,2025,438660,413579,0.0606,none,0
ASM-002232,PROP-00744,CTY-012,2026,489569,438660,0.1161,none,0
ASM-002233,PROP-00745,CTY-012,2024,363837,,0.0,none,0
ASM-002234,PROP-00745,CTY-012,2025,404870,363837,0.1128,won,15943
ASM-002235,PROP-00745,CTY-012,2026,431618,404870,0.0661,none,0
ASM-002236,PROP-00746,CTY-012,2024,454545,,0.0,none,0
ASM-002237,PROP-00746,CTY-012,2025,489166,454545,0.0762,none,0
ASM-002238,PROP-00746,CTY-012,2026,530971,489166,0.0855,none,0
ASM-002239,PROP-00747,CTY-012,2024,351317,,0.0,none,0
ASM-002240,PROP-00747,CTY-012,2025,374691,351317,0.0665,none,0
ASM-002241,PROP-00747,CTY-012,2026,400373,374691,0.0685,none,0
ASM-002242,PROP-00748,CTY-013,2024,371821,,0.0,none,0
ASM-002243,PROP-00748,CTY-013,2025,408247,371821,0.098,lost,0
ASM-002244,PROP-00748,CTY-013,2026,444708,408247,0.0893,none,0
ASM-002245,PROP-00749,CTY-013,2024,358989,,0.0,none,0
ASM-002246,PROP-00749,CTY-013,2025,381853,358989,0.0637,none,0
ASM-002247,PROP-00749,CTY-013,2026,409739,381853,0.073,none,0
ASM-002248,PROP-00750,CTY-013,2024,399336,,0.0,none,0
ASM-002249,PROP-00750,CTY-013,2025,434643,399336,0.0884,none,0
ASM-002250,PROP-00750,CTY-013,2026,459232,434643,0.0566,none,0
ASM-002251,PROP-00751,CTY-013,2024,335885,,0.0,none,0
ASM-002252,PROP-00751,CTY-013,2025,370855,335885,0.1041,lost,0
ASM-002253,PROP-00751,CTY-013,2026,396164,370855,0.0682,none,0
ASM-002254,PROP-00752,CTY-013,2024,429596,,0.0,none,0
ASM-002255,PROP-00752,CTY-013,2025,457423,429596,0.0648,none,0
ASM-002256,PROP-00752,CTY-013,2026,493120,457423,0.078,none,0
ASM-002257,PROP-00753,CTY-013,2024,420123,,0.0,none,0
ASM-002258,PROP-00753,CTY-013,2025,460294,420123,0.0956,won,41284
ASM-002259,PROP-00753,CTY-013,2026,505204,460294,0.0976,none,0
ASM-002260,PROP-00754,CTY-013,2024,324613,,0.0,none,0
ASM-002261,PROP-00754,CTY-013,2025,351361,324613,0.0824,none,0
ASM-002262,PROP-00754,CTY-013,2026,390857,351361,0.1124,none,0
ASM-002263,PROP-00755,CTY-013,2024,318555,,0.0,none,0
ASM-002264,PROP-00755,CTY-013,2025,352340,318555,0.1061,none,0
ASM-002265,PROP-00755,CTY-013,2026,389999,352340,0.1069,none,0
ASM-002266,PROP-00756,CTY-013,2024,325649,,0.0,none,0
ASM-002267,PROP-00756,CTY-013,2025,343920,325649,0.0561,none,0
ASM-002268,PROP-00756,CTY-013,2026,387300,343920,0.1261,filed,0
ASM-002269,PROP-00757,CTY-013,2024,357093,,0.0,none,0
ASM-002270,PROP-00757,CTY-013,2025,396666,357093,0.1108,won,20504
ASM-002271,PROP-00757,CTY-013,2026,438651,396666,0.1058,none,0
ASM-002272,PROP-00758,CTY-013,2024,319341,,0.0,none,0
ASM-002273,PROP-00758,CTY-013,2025,359873,319341,0.1269,none,0
ASM-002274,PROP-00758,CTY-013,2026,395562,359873,0.0992,none,0
ASM-002275,PROP-00759,CTY-013,2024,289868,,0.0,none,0
ASM-002276,PROP-00759,CTY-013,2025,323886,289868,0.1174,won,33845
ASM-002277,PROP-00759,CTY-013,2026,361925,323886,0.1174,none,0
ASM-002278,PROP-00760,CTY-013,2024,414868,,0.0,none,0
ASM-002279,PROP-00760,CTY-013,2025,451749,414868,0.0889,none,0
ASM-002280,PROP-00760,CTY-013,2026,478795,451749,0.0599,none,0
ASM-002281,PROP-00761,CTY-013,2024,414593,,0.0,none,0
ASM-002282,PROP-00761,CTY-013,2025,453669,414593,0.0943,none,0
ASM-002283,PROP-00761,CTY-013,2026,498991,453669,0.0999,none,0
ASM-002284,PROP-00762,CTY-013,2024,362571,,0.0,none,0
ASM-002285,PROP-00762,CTY-013,2025,402816,362571,0.111,none,0
ASM-002286,PROP-00762,CTY-013,2026,453217,402816,0.1251,none,0
ASM-002287,PROP-00763,CTY-013,2024,406088,,0.0,none,0
ASM-002288,PROP-00763,CTY-013,2025,453693,406088,0.1172,none,0
ASM-002289,PROP-00763,CTY-013,2026,491574,453693,0.0835,none,0
ASM-002290,PROP-00764,CTY-013,2024,330044,,0.0,none,0
ASM-002291,PROP-00764,CTY-013,2025,366906,330044,0.1117,lost,0
ASM-002292,PROP-00764,CTY-013,2026,387871,366906,0.0571,none,0
ASM-002293,PROP-00765,CTY-013,2024,323418,,0.0,none,0
ASM-002294,PROP-00765,CTY-013,2025,346411,323418,0.0711,none,0
ASM-002295,PROP-00765,CTY-013,2026,365509,346411,0.0551,none,0
ASM-002296,PROP-00766,CTY-013,2024,343220,,0.0,none,0
ASM-002297,PROP-00766,CTY-013,2025,381050,343220,0.1102,filed,0
ASM-002298,PROP-00766,CTY-013,2026,421880,381050,0.1072,won,17966
ASM-002299,PROP-00767,CTY-013,2024,332284,,0.0,none,0
ASM-002300,PROP-00767,CTY-013,2025,371625,332284,0.1184,won,32252
ASM-002301,PROP-00767,CTY-013,2026,394069,371625,0.0604,none,0
ASM-002302,PROP-00768,CTY-013,2024,386134,,0.0,none,0
ASM-002303,PROP-00768,CTY-013,2025,423715,386134,0.0973,lost,0
ASM-002304,PROP-00768,CTY-013,2026,475185,423715,0.1215,lost,0
ASM-002305,PROP-00769,CTY-013,2024,330727,,0.0,none,0
ASM-002306,PROP-00769,CTY-013,2025,360072,330727,0.0887,none,0
ASM-002307,PROP-00769,CTY-013,2026,396536,360072,0.1013,none,0
ASM-002308,PROP-00770,CTY-013,2024,389626,,0.0,none,0
ASM-002309,PROP-00770,CTY-013,2025,414541,389626,0.0639,none,0
ASM-002310,PROP-00770,CTY-013,2026,450702,414541,0.0872,none,0
ASM-002311,PROP-00771,CTY-013,2024,389655,,0.0,none,0
ASM-002312,PROP-00771,CTY-013,2025,425319,389655,0.0915,none,0
ASM-002313,PROP-00771,CTY-013,2026,449305,425319,0.0564,none,0
ASM-002314,PROP-00772,CTY-013,2024,380312,,0.0,none,0
ASM-002315,PROP-00772,CTY-013,2025,427428,380312,0.1239,none,0
ASM-002316,PROP-00772,CTY-013,2026,462054,427428,0.081,none,0
ASM-002317,PROP-00773,CTY-013,2024,354405,,0.0,none,0
ASM-002318,PROP-00773,CTY-013,2025,395399,354405,0.1157,none,0
ASM-002319,PROP-00773,CTY-013,2026,424398,395399,0.0733,none,0
ASM-002320,PROP-00774,CTY-013,2024,363764,,0.0,none,0
ASM-002321,PROP-00774,CTY-013,2025,396516,363764,0.09,none,0
ASM-002322,PROP-00774,CTY-013,2026,422995,396516,0.0668,none,0
ASM-002323,PROP-00775,CTY-013,2024,389534,,0.0,none,0
ASM-002324,PROP-00775,CTY-013,2025,438420,389534,0.1255,none,0
ASM-002325,PROP-00775,CTY-013,2026,467324,438420,0.0659,none,0
ASM-002326,PROP-00776,CTY-013,2024,419912,,0.0,none,0
ASM-002327,PROP-00776,CTY-013,2025,462517,419912,0.1015,filed,0
ASM-002328,PROP-00776,CTY-013,2026,488228,462517,0.0556,none,0
ASM-002329,PROP-00777,CTY-013,2024,402446,,0.0,none,0
ASM-002330,PROP-00777,CTY-013,2025,449776,402446,0.1176,won,42900
ASM-002331,PROP-00777,CTY-013,2026,504742,449776,0.1222,won,40806
ASM-002332,PROP-00778,CTY-013,2024,330076,,0.0,none,0
ASM-002333,PROP-00778,CTY-013,2025,358105,330076,0.0849,none,0
ASM-002334,PROP-00778,CTY-013,2026,391425,358105,0.093,none,0
ASM-002335,PROP-00779,CTY-013,2024,412899,,0.0,none,0
ASM-002336,PROP-00779,CTY-013,2025,453746,412899,0.0989,won,40034
ASM-002337,PROP-00779,CTY-013,2026,508213,453746,0.12,none,0
ASM-002338,PROP-00780,CTY-013,2024,326360,,0.0,none,0
ASM-002339,PROP-00780,CTY-013,2025,367615,326360,0.1264,none,0
ASM-002340,PROP-00780,CTY-013,2026,399830,367615,0.0876,none,0
ASM-002341,PROP-00781,CTY-013,2024,401768,,0.0,none,0
ASM-002342,PROP-00781,CTY-013,2025,439843,401768,0.0948,none,0
ASM-002343,PROP-00781,CTY-013,2026,482697,439843,0.0974,none,0
ASM-002344,PROP-00782,CTY-013,2024,409283,,0.0,none,0
ASM-002345,PROP-00782,CTY-013,2025,460912,409283,0.1261,none,0
ASM-002346,PROP-00782,CTY-013,2026,495757,460912,0.0756,none,0
ASM-002347,PROP-00783,CTY-013,2024,322962,,0.0,none,0
ASM-002348,PROP-00783,CTY-013,2025,344225,322962,0.0658,none,0
ASM-002349,PROP-00783,CTY-013,2026,372333,344225,0.0817,none,0
ASM-002350,PROP-00784,CTY-013,2024,449732,,0.0,none,0
ASM-002351,PROP-00784,CTY-013,2025,501305,449732,0.1147,none,0
ASM-002352,PROP-00784,CTY-013,2026,555188,501305,0.1075,none,0
ASM-002353,PROP-00785,CTY-013,2024,375626,,0.0,none,0
ASM-002354,PROP-00785,CTY-013,2025,409043,375626,0.089,none,0
ASM-002355,PROP-00785,CTY-013,2026,440994,409043,0.0781,none,0
ASM-002356,PROP-00786,CTY-013,2024,313844,,0.0,none,0
ASM-002357,PROP-00786,CTY-013,2025,344609,313844,0.098,none,0
ASM-002358,PROP-00786,CTY-013,2026,368460,344609,0.0692,none,0
ASM-002359,PROP-00787,CTY-013,2024,367892,,0.0,none,0
ASM-002360,PROP-00787,CTY-013,2025,393755,367892,0.0703,none,0
ASM-002361,PROP-00787,CTY-013,2026,424568,393755,0.0783,none,0
ASM-002362,PROP-00788,CTY-013,2024,293216,,0.0,none,0
ASM-002363,PROP-00788,CTY-013,2025,321636,293216,0.0969,none,0
ASM-002364,PROP-00788,CTY-013,2026,356789,321636,0.1093,none,0
ASM-002365,PROP-00789,CTY-013,2024,333131,,0.0,none,0
ASM-002366,PROP-00789,CTY-013,2025,361968,333131,0.0866,none,0
ASM-002367,PROP-00789,CTY-013,2026,382411,361968,0.0565,none,0
ASM-002368,PROP-00790,CTY-013,2024,417930,,0.0,none,0
ASM-002369,PROP-00790,CTY-013,2025,471357,417930,0.1278,lost,0
ASM-002370,PROP-00790,CTY-013,2026,503778,471357,0.0688,none,0
ASM-002371,PROP-00791,CTY-013,2024,277336,,0.0,none,0
ASM-002372,PROP-00791,CTY-013,2025,303061,277336,0.0928,won,15867
ASM-002373,PROP-00791,CTY-013,2026,328778,303061,0.0849,none,0
ASM-002374,PROP-00792,CTY-013,2024,372977,,0.0,none,0
ASM-002375,PROP-00792,CTY-013,2025,396245,372977,0.0624,none,0
ASM-002376,PROP-00792,CTY-013,2026,423191,396245,0.068,none,0
ASM-002377,PROP-00793,CTY-013,2024,339011,,0.0,none,0
ASM-002378,PROP-00793,CTY-013,2025,373068,339011,0.1005,won,21615
ASM-002379,PROP-00793,CTY-013,2026,418267,373068,0.1212,none,0
ASM-002380,PROP-00794,CTY-013,2024,324810,,0.0,none,0
ASM-002381,PROP-00794,CTY-013,2025,349172,324810,0.075,none,0
ASM-002382,PROP-00794,CTY-013,2026,372949,349172,0.0681,none,0
ASM-002383,PROP-00795,CTY-013,2024,396376,,0.0,none,0
ASM-002384,PROP-00795,CTY-013,2025,434143,396376,0.0953,none,0
ASM-002385,PROP-00795,CTY-013,2026,484060,434143,0.115,filed,0
ASM-002386,PROP-00796,CTY-013,2024,424842,,0.0,none,0
ASM-002387,PROP-00796,CTY-013,2025,454793,424842,0.0705,none,0
ASM-002388,PROP-00796,CTY-013,2026,510389,454793,0.1222,none,0
ASM-002389,PROP-00797,CTY-013,2024,353649,,0.0,none,0
ASM-002390,PROP-00797,CTY-013,2025,392378,353649,0.1095,none,0
ASM-002391,PROP-00797,CTY-013,2026,419984,392378,0.0704,none,0
ASM-002392,PROP-00798,CTY-013,2024,336213,,0.0,none,0
ASM-002393,PROP-00798,CTY-013,2025,374118,336213,0.1127,none,0
ASM-002394,PROP-00798,CTY-013,2026,405490,374118,0.0839,none,0
ASM-002395,PROP-00799,CTY-013,2024,392871,,0.0,none,0
ASM-002396,PROP-00799,CTY-013,2025,427965,392871,0.0893,none,0
ASM-002397,PROP-00799,CTY-013,2026,456820,427965,0.0674,none,0
ASM-002398,PROP-00800,CTY-013,2024,381618,,0.0,none,0
ASM-002399,PROP-00800,CTY-013,2025,420052,381618,0.1007,none,0
ASM-002400,PROP-00800,CTY-013,2026,443325,420052,0.0554,none,0
ASM-002401,PROP-00801,CTY-013,2024,350895,,0.0,none,0
ASM-002402,PROP-00801,CTY-013,2025,381684,350895,0.0877,none,0
ASM-002403,PROP-00801,CTY-013,2026,416058,381684,0.0901,won,13837
ASM-002404,PROP-00802,CTY-013,2024,417237,,0.0,none,0
ASM-002405,PROP-00802,CTY-013,2025,460233,417237,0.103,none,0
ASM-002406,PROP-00802,CTY-013,2026,512384,460233,0.1133,none,0
ASM-002407,PROP-00803,CTY-013,2024,471395,,0.0,none,0
ASM-002408,PROP-00803,CTY-013,2025,513170,471395,0.0886,none,0
ASM-002409,PROP-00803,CTY-013,2026,540453,513170,0.0532,none,0
ASM-002410,PROP-00804,CTY-013,2024,420468,,0.0,none,0
ASM-002411,PROP-00804,CTY-013,2025,454329,420468,0.0805,none,0
ASM-002412,PROP-00804,CTY-013,2026,507408,454329,0.1168,won,32436
ASM-002413,PROP-00805,CTY-013,2024,297075,,0.0,none,0
ASM-002414,PROP-00805,CTY-013,2025,322269,297075,0.0848,none,0
ASM-002415,PROP-00805,CTY-013,2026,344894,322269,0.0702,none,0
ASM-002416,PROP-00806,CTY-013,2024,378531,,0.0,none,0
ASM-002417,PROP-00806,CTY-013,2025,415345,378531,0.0973,lost,0
ASM-002418,PROP-00806,CTY-013,2026,455065,415345,0.0956,none,0
ASM-002419,PROP-00807,CTY-013,2024,405977,,0.0,none,0
ASM-002420,PROP-00807,CTY-013,2025,449244,405977,0.1066,lost,0
ASM-002421,PROP-00807,CTY-013,2026,496190,449244,0.1045,none,0
ASM-002422,PROP-00808,CTY-013,2024,382506,,0.0,none,0
ASM-002423,PROP-00808,CTY-013,2025,419115,382506,0.0957,none,0
ASM-002424,PROP-00808,CTY-013,2026,471451,419115,0.1249,won,27994
ASM-002425,PROP-00809,CTY-013,2024,411958,,0.0,none,0
ASM-002426,PROP-00809,CTY-013,2025,446725,411958,0.0844,none,0
ASM-002427,PROP-00809,CTY-013,2026,477011,446725,0.0678,none,0
ASM-002428,PROP-00810,CTY-013,2024,325455,,0.0,none,0
ASM-002429,PROP-00810,CTY-013,2025,342542,325455,0.0525,none,0
ASM-002430,PROP-00810,CTY-013,2026,373305,342542,0.0898,none,0
ASM-002431,PROP-00811,CTY-013,2024,400308,,0.0,none,0
ASM-002432,PROP-00811,CTY-013,2025,423862,400308,0.0588,none,0
ASM-002433,PROP-00811,CTY-013,2026,466124,423862,0.0997,lost,0
ASM-002434,PROP-00812,CTY-013,2024,367325,,0.0,none,0
ASM-002435,PROP-00812,CTY-013,2025,391081,367325,0.0647,none,0
ASM-002436,PROP-00812,CTY-013,2026,430142,391081,0.0999,none,0
ASM-002437,PROP-00813,CTY-013,2024,350653,,0.0,none,0
ASM-002438,PROP-00813,CTY-013,2025,380534,350653,0.0852,none,0
ASM-002439,PROP-00813,CTY-013,2026,407345,380534,0.0705,none,0
ASM-002440,PROP-00814,CTY-013,2024,370624,,0.0,none,0
ASM-002441,PROP-00814,CTY-013,2025,393443,370624,0.0616,none,0
ASM-002442,PROP-00814,CTY-013,2026,426360,393443,0.0837,none,0
ASM-002443,PROP-00815,CTY-013,2024,401865,,0.0,none,0
ASM-002444,PROP-00815,CTY-013,2025,440322,401865,0.0957,none,0
ASM-002445,PROP-00815,CTY-013,2026,463511,440322,0.0527,none,0
ASM-002446,PROP-00816,CTY-013,2024,311651,,0.0,none,0
ASM-002447,PROP-00816,CTY-013,2025,351260,311651,0.1271,none,0
ASM-002448,PROP-00816,CTY-013,2026,391700,351260,0.1151,none,0
ASM-002449,PROP-00817,CTY-013,2024,415948,,0.0,none,0
ASM-002450,PROP-00817,CTY-013,2025,461548,415948,0.1096,none,0
ASM-002451,PROP-00817,CTY-013,2026,505683,461548,0.0956,none,0
ASM-002452,PROP-00818,CTY-013,2024,419070,,0.0,none,0
ASM-002453,PROP-00818,CTY-013,2025,472473,419070,0.1274,none,0
ASM-002454,PROP-00818,CTY-013,2026,498266,472473,0.0546,none,0
ASM-002455,PROP-00819,CTY-013,2024,409770,,0.0,none,0
ASM-002456,PROP-00819,CTY-013,2025,458388,409770,0.1186,won,25606
ASM-002457,PROP-00819,CTY-013,2026,496015,458388,0.0821,none,0
ASM-002458,PROP-00820,CTY-013,2024,309497,,0.0,none,0
ASM-002459,PROP-00820,CTY-013,2025,330381,309497,0.0675,none,0
ASM-002460,PROP-00820,CTY-013,2026,355934,330381,0.0773,none,0
ASM-002461,PROP-00821,CTY-013,2024,284040,,0.0,none,0
ASM-002462,PROP-00821,CTY-013,2025,315665,284040,0.1113,none,0
ASM-002463,PROP-00821,CTY-013,2026,354435,315665,0.1228,none,0
ASM-002464,PROP-00822,CTY-013,2024,349479,,0.0,none,0
ASM-002465,PROP-00822,CTY-013,2025,372275,349479,0.0652,none,0
ASM-002466,PROP-00822,CTY-013,2026,400307,372275,0.0753,none,0
ASM-002467,PROP-00823,CTY-013,2024,468860,,0.0,none,0
ASM-002468,PROP-00823,CTY-013,2025,518412,468860,0.1057,won,40714
ASM-002469,PROP-00823,CTY-013,2026,584218,518412,0.1269,none,0
ASM-002470,PROP-00824,CTY-013,2024,319702,,0.0,none,0
ASM-002471,PROP-00824,CTY-013,2025,350043,319702,0.0949,none,0
ASM-002472,PROP-00824,CTY-013,2026,377743,350043,0.0791,none,0
ASM-002473,PROP-00825,CTY-013,2024,360111,,0.0,none,0
ASM-002474,PROP-00825,CTY-013,2025,384566,360111,0.0679,none,0
ASM-002475,PROP-00825,CTY-013,2026,432731,384566,0.1252,won,28886
ASM-002476,PROP-00826,CTY-013,2024,334126,,0.0,none,0
ASM-002477,PROP-00826,CTY-013,2025,374445,334126,0.1207,none,0
ASM-002478,PROP-00826,CTY-013,2026,413434,374445,0.1041,none,0
ASM-002479,PROP-00827,CTY-013,2024,399353,,0.0,none,0
ASM-002480,PROP-00827,CTY-013,2025,441487,399353,0.1055,none,0
ASM-002481,PROP-00827,CTY-013,2026,486700,441487,0.1024,filed,0
ASM-002482,PROP-00828,CTY-013,2024,490318,,0.0,none,0
ASM-002483,PROP-00828,CTY-013,2025,552156,490318,0.1261,filed,0
ASM-002484,PROP-00828,CTY-013,2026,591130,552156,0.0706,none,0
ASM-002485,PROP-00829,CTY-013,2024,329524,,0.0,none,0
ASM-002486,PROP-00829,CTY-013,2025,350726,329524,0.0643,none,0
ASM-002487,PROP-00829,CTY-013,2026,386198,350726,0.1011,won,34140
ASM-002488,PROP-00830,CTY-013,2024,421133,,0.0,none,0
ASM-002489,PROP-00830,CTY-013,2025,454938,421133,0.0803,none,0
ASM-002490,PROP-00830,CTY-013,2026,500451,454938,0.1,none,0
ASM-002491,PROP-00831,CTY-013,2024,308214,,0.0,none,0
ASM-002492,PROP-00831,CTY-013,2025,332739,308214,0.0796,none,0
ASM-002493,PROP-00831,CTY-013,2026,359294,332739,0.0798,none,0
ASM-002494,PROP-00832,CTY-013,2024,327581,,0.0,none,0
ASM-002495,PROP-00832,CTY-013,2025,367958,327581,0.1233,none,0
ASM-002496,PROP-00832,CTY-013,2026,392282,367958,0.0661,none,0
ASM-002497,PROP-00833,CTY-013,2024,335752,,0.0,none,0
ASM-002498,PROP-00833,CTY-013,2025,376182,335752,0.1204,filed,0
ASM-002499,PROP-00833,CTY-013,2026,405479,376182,0.0779,none,0
ASM-002500,PROP-00834,CTY-013,2024,422000,,0.0,none,0
ASM-002501,PROP-00834,CTY-013,2025,455657,422000,0.0798,none,0
ASM-002502,PROP-00834,CTY-013,2026,503886,455657,0.1058,none,0
ASM-002503,PROP-00835,CTY-013,2024,366530,,0.0,none,0
ASM-002504,PROP-00835,CTY-013,2025,412208,366530,0.1246,none,0
ASM-002505,PROP-00835,CTY-013,2026,434467,412208,0.054,none,0
ASM-002506,PROP-00836,CTY-013,2024,468033,,0.0,none,0
ASM-002507,PROP-00836,CTY-013,2025,514696,468033,0.0997,filed,0
ASM-002508,PROP-00836,CTY-013,2026,552730,514696,0.0739,none,0
ASM-002509,PROP-00837,CTY-013,2024,346604,,0.0,none,0
ASM-002510,PROP-00837,CTY-013,2025,365057,346604,0.0532,none,0
ASM-002511,PROP-00837,CTY-013,2026,385205,365057,0.0552,none,0
ASM-002512,PROP-00838,CTY-013,2024,381644,,0.0,none,0
ASM-002513,PROP-00838,CTY-013,2025,412148,381644,0.0799,none,0
ASM-002514,PROP-00838,CTY-013,2026,448038,412148,0.0871,none,0
ASM-002515,PROP-00839,CTY-013,2024,354593,,0.0,none,0
ASM-002516,PROP-00839,CTY-013,2025,377059,354593,0.0634,none,0
ASM-002517,PROP-00839,CTY-013,2026,419590,377059,0.1128,won,22986
ASM-002518,PROP-00840,CTY-013,2024,342051,,0.0,none,0
ASM-002519,PROP-00840,CTY-013,2025,366585,342051,0.0717,none,0
ASM-002520,PROP-00840,CTY-013,2026,403156,366585,0.0998,none,0
ASM-002521,PROP-00841,CTY-013,2024,366141,,0.0,none,0
ASM-002522,PROP-00841,CTY-013,2025,408036,366141,0.1144,none,0
ASM-002523,PROP-00841,CTY-013,2026,434126,408036,0.0639,none,0
ASM-002524,PROP-00842,CTY-013,2024,403531,,0.0,none,0
ASM-002525,PROP-00842,CTY-013,2025,430446,403531,0.0667,none,0
ASM-002526,PROP-00842,CTY-013,2026,483316,430446,0.1228,none,0
ASM-002527,PROP-00843,CTY-013,2024,369756,,0.0,none,0
ASM-002528,PROP-00843,CTY-013,2025,390135,369756,0.0551,none,0
ASM-002529,PROP-00843,CTY-013,2026,433024,390135,0.1099,none,0
ASM-002530,PROP-00844,CTY-013,2024,396263,,0.0,none,0
ASM-002531,PROP-00844,CTY-013,2025,426482,396263,0.0763,none,0
ASM-002532,PROP-00844,CTY-013,2026,477677,426482,0.12,none,0
ASM-002533,PROP-00845,CTY-013,2024,366111,,0.0,none,0
ASM-002534,PROP-00845,CTY-013,2025,412840,366111,0.1276,none,0
ASM-002535,PROP-00845,CTY-013,2026,439521,412840,0.0646,none,0
ASM-002536,PROP-00846,CTY-013,2024,407530,,0.0,none,0
ASM-002537,PROP-00846,CTY-013,2025,440843,407530,0.0817,none,0
ASM-002538,PROP-00846,CTY-013,2026,492016,440843,0.1161,lost,0
ASM-002539,PROP-00847,CTY-013,2024,374542,,0.0,none,0
ASM-002540,PROP-00847,CTY-013,2025,418323,374542,0.1169,filed,0
ASM-002541,PROP-00847,CTY-013,2026,446572,418323,0.0675,none,0
ASM-002542,PROP-00848,CTY-013,2024,414715,,0.0,none,0
ASM-002543,PROP-00848,CTY-013,2025,462591,414715,0.1154,won,35993
ASM-002544,PROP-00848,CTY-013,2026,517379,462591,0.1184,none,0
ASM-002545,PROP-00849,CTY-013,2024,361442,,0.0,none,0
ASM-002546,PROP-00849,CTY-013,2025,400345,361442,0.1076,won,21298
ASM-002547,PROP-00849,CTY-013,2026,433115,400345,0.0819,none,0
ASM-002548,PROP-00850,CTY-013,2024,356961,,0.0,none,0
ASM-002549,PROP-00850,CTY-013,2025,398498,356961,0.1164,none,0
ASM-002550,PROP-00850,CTY-013,2026,427288,398498,0.0722,none,0
ASM-002551,PROP-00851,CTY-013,2024,423171,,0.0,none,0
ASM-002552,PROP-00851,CTY-013,2025,451276,423171,0.0664,none,0
ASM-002553,PROP-00851,CTY-013,2026,505104,451276,0.1193,none,0
ASM-002554,PROP-00852,CTY-013,2024,337010,,0.0,none,0
ASM-002555,PROP-00852,CTY-013,2025,376405,337010,0.1169,none,0
ASM-002556,PROP-00852,CTY-013,2026,413164,376405,0.0977,none,0
ASM-002557,PROP-00853,CTY-013,2024,339515,,0.0,none,0
ASM-002558,PROP-00853,CTY-013,2025,367748,339515,0.0832,none,0
ASM-002559,PROP-00853,CTY-013,2026,392338,367748,0.0669,none,0
ASM-002560,PROP-00854,CTY-013,2024,341988,,0.0,none,0
ASM-002561,PROP-00854,CTY-013,2025,377612,341988,0.1042,none,0
ASM-002562,PROP-00854,CTY-013,2026,409116,377612,0.0834,none,0
ASM-002563,PROP-00855,CTY-013,2024,433118,,0.0,none,0
ASM-002564,PROP-00855,CTY-013,2025,457316,433118,0.0559,none,0
ASM-002565,PROP-00855,CTY-013,2026,484128,457316,0.0586,none,0
ASM-002566,PROP-00856,CTY-013,2024,337408,,0.0,none,0
ASM-002567,PROP-00856,CTY-013,2025,364030,337408,0.0789,none,0
ASM-002568,PROP-00856,CTY-013,2026,406366,364030,0.1163,won,34740
ASM-002569,PROP-00857,CTY-013,2024,351921,,0.0,none,0
ASM-002570,PROP-00857,CTY-013,2025,392895,351921,0.1164,none,0
ASM-002571,PROP-00857,CTY-013,2026,439842,392895,0.1195,none,0
ASM-002572,PROP-00858,CTY-013,2024,461909,,0.0,none,0
ASM-002573,PROP-00858,CTY-013,2025,494029,461909,0.0695,none,0
ASM-002574,PROP-00858,CTY-013,2026,522997,494029,0.0586,none,0
ASM-002575,PROP-00859,CTY-013,2024,425455,,0.0,none,0
ASM-002576,PROP-00859,CTY-013,2025,470799,425455,0.1066,none,0
ASM-002577,PROP-00859,CTY-013,2026,520754,470799,0.1061,none,0
ASM-002578,PROP-00860,CTY-013,2024,318956,,0.0,none,0
ASM-002579,PROP-00860,CTY-013,2025,342206,318956,0.0729,none,0
ASM-002580,PROP-00860,CTY-013,2026,364512,342206,0.0652,none,0
ASM-002581,PROP-00861,CTY-013,2024,385986,,0.0,none,0
ASM-002582,PROP-00861,CTY-013,2025,429445,385986,0.1126,won,45455
ASM-002583,PROP-00861,CTY-013,2026,479876,429445,0.1174,none,0
ASM-002584,PROP-00862,CTY-013,2024,411869,,0.0,none,0
ASM-002585,PROP-00862,CTY-013,2025,460541,411869,0.1182,none,0
ASM-002586,PROP-00862,CTY-013,2026,490154,460541,0.0643,none,0
ASM-002587,PROP-00863,CTY-013,2024,359770,,0.0,none,0
ASM-002588,PROP-00863,CTY-013,2025,391301,359770,0.0876,none,0
ASM-002589,PROP-00863,CTY-013,2026,423878,391301,0.0833,none,0
ASM-002590,PROP-00864,CTY-013,2024,380890,,0.0,none,0
ASM-002591,PROP-00864,CTY-013,2025,420829,380890,0.1049,won,14291
ASM-002592,PROP-00864,CTY-013,2026,459078,420829,0.0909,lost,0
ASM-002593,PROP-00865,CTY-013,2024,351816,,0.0,none,0
ASM-002594,PROP-00865,CTY-013,2025,383549,351816,0.0902,filed,0
ASM-002595,PROP-00865,CTY-013,2026,416859,383549,0.0868,none,0
ASM-002596,PROP-00866,CTY-013,2024,397465,,0.0,none,0
ASM-002597,PROP-00866,CTY-013,2025,432765,397465,0.0888,none,0
ASM-002598,PROP-00866,CTY-013,2026,469946,432765,0.0859,none,0
ASM-002599,PROP-00867,CTY-013,2024,401502,,0.0,none,0
ASM-002600,PROP-00867,CTY-013,2025,427314,401502,0.0643,none,0
ASM-002601,PROP-00867,CTY-013,2026,451320,427314,0.0562,none,0
ASM-002602,PROP-00868,CTY-013,2024,429092,,0.0,none,0
ASM-002603,PROP-00868,CTY-013,2025,473572,429092,0.1037,none,0
ASM-002604,PROP-00868,CTY-013,2026,502002,473572,0.06,none,0
ASM-002605,PROP-00869,CTY-015,2024,605035,,0.0,none,0
ASM-002606,PROP-00869,CTY-015,2025,638977,605035,0.0561,none,0
ASM-002607,PROP-00869,CTY-015,2026,656543,638977,0.0275,none,0
ASM-002608,PROP-00870,CTY-015,2024,517251,,0.0,none,0
ASM-002609,PROP-00870,CTY-015,2025,542211,517251,0.0483,none,0
ASM-002610,PROP-00870,CTY-015,2026,575950,542211,0.0622,none,0
ASM-002611,PROP-00871,CTY-015,2024,486029,,0.0,none,0
ASM-002612,PROP-00871,CTY-015,2025,498935,486029,0.0266,none,0
ASM-002613,PROP-00871,CTY-015,2026,512421,498935,0.027,none,0
ASM-002614,PROP-00872,CTY-015,2024,557822,,0.0,none,0
ASM-002615,PROP-00872,CTY-015,2025,574142,557822,0.0293,none,0
ASM-002616,PROP-00872,CTY-015,2026,602587,574142,0.0495,none,0
ASM-002617,PROP-00873,CTY-015,2024,497363,,0.0,none,0
ASM-002618,PROP-00873,CTY-015,2025,526801,497363,0.0592,none,0
ASM-002619,PROP-00873,CTY-015,2026,551846,526801,0.0475,none,0
ASM-002620,PROP-00874,CTY-015,2024,515813,,0.0,none,0
ASM-002621,PROP-00874,CTY-015,2025,532237,515813,0.0318,none,0
ASM-002622,PROP-00874,CTY-015,2026,553465,532237,0.0399,none,0
ASM-002623,PROP-00875,CTY-015,2024,437667,,0.0,none,0
ASM-002624,PROP-00875,CTY-015,2025,460930,437667,0.0532,none,0
ASM-002625,PROP-00875,CTY-015,2026,484715,460930,0.0516,none,0
ASM-002626,PROP-00876,CTY-015,2024,462258,,0.0,none,0
ASM-002627,PROP-00876,CTY-015,2025,487954,462258,0.0556,none,0
ASM-002628,PROP-00876,CTY-015,2026,518828,487954,0.0633,none,0
ASM-002629,PROP-00877,CTY-015,2024,503440,,0.0,none,0
ASM-002630,PROP-00877,CTY-015,2025,525970,503440,0.0448,none,0
ASM-002631,PROP-00877,CTY-015,2026,544445,525970,0.0351,none,0
ASM-002632,PROP-00878,CTY-015,2024,603379,,0.0,none,0
ASM-002633,PROP-00878,CTY-015,2025,637667,603379,0.0568,none,0
ASM-002634,PROP-00878,CTY-015,2026,658265,637667,0.0323,none,0
ASM-002635,PROP-00879,CTY-015,2024,570615,,0.0,none,0
ASM-002636,PROP-00879,CTY-015,2025,592747,570615,0.0388,none,0
ASM-002637,PROP-00879,CTY-015,2026,627710,592747,0.059,none,0
ASM-002638,PROP-00880,CTY-015,2024,393882,,0.0,none,0
ASM-002639,PROP-00880,CTY-015,2025,417612,393882,0.0602,none,0
ASM-002640,PROP-00880,CTY-015,2026,444730,417612,0.0649,none,0
ASM-002641,PROP-00881,CTY-015,2024,536755,,0.0,none,0
ASM-002642,PROP-00881,CTY-015,2025,566630,536755,0.0557,none,0
ASM-002643,PROP-00881,CTY-015,2026,600391,566630,0.0596,none,0
ASM-002644,PROP-00882,CTY-015,2024,576380,,0.0,none,0
ASM-002645,PROP-00882,CTY-015,2025,603566,576380,0.0472,none,0
ASM-002646,PROP-00882,CTY-015,2026,621280,603566,0.0293,none,0
ASM-002647,PROP-00883,CTY-015,2024,408590,,0.0,none,0
ASM-002648,PROP-00883,CTY-015,2025,426933,408590,0.0449,none,0
ASM-002649,PROP-00883,CTY-015,2026,439103,426933,0.0285,none,0
ASM-002650,PROP-00884,CTY-015,2024,469706,,0.0,none,0
ASM-002651,PROP-00884,CTY-015,2025,489971,469706,0.0431,none,0
ASM-002652,PROP-00884,CTY-015,2026,514122,489971,0.0493,none,0
ASM-002653,PROP-00885,CTY-015,2024,579548,,0.0,none,0
ASM-002654,PROP-00885,CTY-015,2025,604321,579548,0.0427,none,0
ASM-002655,PROP-00885,CTY-015,2026,625936,604321,0.0358,none,0
ASM-002656,PROP-00886,CTY-015,2024,523899,,0.0,none,0
ASM-002657,PROP-00886,CTY-015,2025,539481,523899,0.0297,none,0
ASM-002658,PROP-00886,CTY-015,2026,574892,539481,0.0656,none,0
ASM-002659,PROP-00887,CTY-015,2024,529647,,0.0,none,0
ASM-002660,PROP-00887,CTY-015,2025,559593,529647,0.0565,none,0
ASM-002661,PROP-00887,CTY-015,2026,587472,559593,0.0498,none,0
ASM-002662,PROP-00888,CTY-015,2024,547958,,0.0,none,0
ASM-002663,PROP-00888,CTY-015,2025,571315,547958,0.0426,none,0
ASM-002664,PROP-00888,CTY-015,2026,600662,571315,0.0514,none,0
ASM-002665,PROP-00889,CTY-015,2024,577538,,0.0,none,0
ASM-002666,PROP-00889,CTY-015,2025,614581,577538,0.0641,none,0
ASM-002667,PROP-00889,CTY-015,2026,640291,614581,0.0418,none,0
ASM-002668,PROP-00890,CTY-015,2024,485969,,0.0,none,0
ASM-002669,PROP-00890,CTY-015,2025,517029,485969,0.0639,none,0
ASM-002670,PROP-00890,CTY-015,2026,530987,517029,0.027,none,0
ASM-002671,PROP-00891,CTY-016,2024,354725,,0.0,none,0
ASM-002672,PROP-00891,CTY-016,2025,368650,354725,0.0393,none,0
ASM-002673,PROP-00891,CTY-016,2026,382825,368650,0.0385,none,0
ASM-002674,PROP-00892,CTY-016,2024,372419,,0.0,none,0
ASM-002675,PROP-00892,CTY-016,2025,390340,372419,0.0481,none,0
ASM-002676,PROP-00892,CTY-016,2026,408583,390340,0.0467,none,0
ASM-002677,PROP-00893,CTY-016,2024,378918,,0.0,none,0
ASM-002678,PROP-00893,CTY-016,2025,403963,378918,0.0661,none,0
ASM-002679,PROP-00893,CTY-016,2026,429671,403963,0.0636,none,0
ASM-002680,PROP-00894,CTY-016,2024,432588,,0.0,none,0
ASM-002681,PROP-00894,CTY-016,2025,445953,432588,0.0309,none,0
ASM-002682,PROP-00894,CTY-016,2026,462200,445953,0.0364,none,0
ASM-002683,PROP-00895,CTY-016,2024,401404,,0.0,none,0
ASM-002684,PROP-00895,CTY-016,2025,428688,401404,0.068,none,0
ASM-002685,PROP-00895,CTY-016,2026,443183,428688,0.0338,none,0
ASM-002686,PROP-00896,CTY-016,2024,405371,,0.0,none,0
ASM-002687,PROP-00896,CTY-016,2025,426846,405371,0.053,none,0
ASM-002688,PROP-00896,CTY-016,2026,443888,426846,0.0399,none,0
ASM-002689,PROP-00897,CTY-016,2024,334727,,0.0,none,0
ASM-002690,PROP-00897,CTY-016,2025,346193,334727,0.0343,none,0
ASM-002691,PROP-00897,CTY-016,2026,370354,346193,0.0698,none,0
ASM-002692,PROP-00898,CTY-016,2024,479625,,0.0,none,0
ASM-002693,PROP-00898,CTY-016,2025,509446,479625,0.0622,none,0
ASM-002694,PROP-00898,CTY-016,2026,526289,509446,0.0331,none,0
ASM-002695,PROP-00899,CTY-016,2024,342053,,0.0,none,0
ASM-002696,PROP-00899,CTY-016,2025,351969,342053,0.029,none,0
ASM-002697,PROP-00899,CTY-016,2026,365920,351969,0.0396,none,0
ASM-002698,PROP-00900,CTY-016,2024,365148,,0.0,none,0
ASM-002699,PROP-00900,CTY-016,2025,386390,365148,0.0582,none,0
ASM-002700,PROP-00900,CTY-016,2026,405480,386390,0.0494,none,0
ASM-002701,PROP-00901,CTY-016,2024,432537,,0.0,none,0
ASM-002702,PROP-00901,CTY-016,2025,455853,432537,0.0539,none,0
ASM-002703,PROP-00901,CTY-016,2026,482492,455853,0.0584,none,0
ASM-002704,PROP-00902,CTY-016,2024,406909,,0.0,none,0
ASM-002705,PROP-00902,CTY-016,2025,427149,406909,0.0497,none,0
ASM-002706,PROP-00902,CTY-016,2026,440444,427149,0.0311,none,0
ASM-002707,PROP-00903,CTY-016,2024,415822,,0.0,none,0
ASM-002708,PROP-00903,CTY-016,2025,441660,415822,0.0621,none,0
ASM-002709,PROP-00903,CTY-016,2026,456253,441660,0.033,none,0
ASM-002710,PROP-00904,CTY-016,2024,313911,,0.0,none,0
ASM-002711,PROP-00904,CTY-016,2025,335540,313911,0.0689,none,0
ASM-002712,PROP-00904,CTY-016,2026,350052,335540,0.0432,none,0
ASM-002713,PROP-00905,CTY-016,2024,377891,,0.0,none,0
ASM-002714,PROP-00905,CTY-016,2025,400888,377891,0.0609,none,0
ASM-002715,PROP-00905,CTY-016,2026,413660,400888,0.0319,none,0
ASM-002716,PROP-00906,CTY-016,2024,381955,,0.0,none,0
ASM-002717,PROP-00906,CTY-016,2025,408630,381955,0.0698,none,0
ASM-002718,PROP-00906,CTY-016,2026,422388,408630,0.0337,none,0
ASM-002719,PROP-00907,CTY-016,2024,408907,,0.0,none,0
ASM-002720,PROP-00907,CTY-016,2025,435344,408907,0.0647,none,0
ASM-002721,PROP-00907,CTY-016,2026,463332,435344,0.0643,none,0
ASM-002722,PROP-00908,CTY-016,2024,369300,,0.0,none,0
ASM-002723,PROP-00908,CTY-016,2025,382534,369300,0.0358,none,0
ASM-002724,PROP-00908,CTY-016,2026,405254,382534,0.0594,none,0
ASM-002725,PROP-00909,CTY-016,2024,393760,,0.0,none,0
ASM-002726,PROP-00909,CTY-016,2025,415091,393760,0.0542,none,0
ASM-002727,PROP-00909,CTY-016,2026,438863,415091,0.0573,none,0
ASM-002728,PROP-00910,CTY-016,2024,456979,,0.0,none,0
ASM-002729,PROP-00910,CTY-016,2025,474494,456979,0.0383,none,0
ASM-002730,PROP-00910,CTY-016,2026,506089,474494,0.0666,none,0
ASM-002731,PROP-00911,CTY-016,2024,373112,,0.0,none,0
ASM-002732,PROP-00911,CTY-016,2025,387856,373112,0.0395,none,0
ASM-002733,PROP-00911,CTY-016,2026,411870,387856,0.0619,none,0
ASM-002734,PROP-00912,CTY-016,2024,359489,,0.0,none,0
ASM-002735,PROP-00912,CTY-016,2025,375512,359489,0.0446,none,0
ASM-002736,PROP-00912,CTY-016,2026,389372,375512,0.0369,none,0
ASM-002737,PROP-00913,CTY-016,2024,329254,,0.0,none,0
ASM-002738,PROP-00913,CTY-016,2025,345024,329254,0.0479,none,0
ASM-002739,PROP-00913,CTY-016,2026,366759,345024,0.063,none,0
ASM-002740,PROP-00914,CTY-016,2024,326372,,0.0,none,0
ASM-002741,PROP-00914,CTY-016,2025,342736,326372,0.0501,none,0
ASM-002742,PROP-00914,CTY-016,2026,366830,342736,0.0703,none,0
ASM-002743,PROP-00915,CTY-016,2024,329894,,0.0,none,0
ASM-002744,PROP-00915,CTY-016,2025,352867,329894,0.0696,none,0
ASM-002745,PROP-00915,CTY-016,2026,372224,352867,0.0549,none,0
ASM-002746,PROP-00916,CTY-016,2024,448099,,0.0,none,0
ASM-002747,PROP-00916,CTY-016,2025,464963,448099,0.0376,none,0
ASM-002748,PROP-00916,CTY-016,2026,487529,464963,0.0485,none,0
ASM-002749,PROP-00917,CTY-016,2024,405484,,0.0,none,0
ASM-002750,PROP-00917,CTY-016,2025,419175,405484,0.0338,none,0
ASM-002751,PROP-00917,CTY-016,2026,443820,419175,0.0588,none,0
ASM-002752,PROP-00918,CTY-016,2024,422972,,0.0,none,0
ASM-002753,PROP-00918,CTY-016,2025,439847,422972,0.0399,none,0
ASM-002754,PROP-00918,CTY-016,2026,459085,439847,0.0437,none,0
ASM-002755,PROP-00919,CTY-016,2024,374953,,0.0,none,0
ASM-002756,PROP-00919,CTY-016,2025,397273,374953,0.0595,none,0
ASM-002757,PROP-00919,CTY-016,2026,411158,397273,0.035,none,0
ASM-002758,PROP-00920,CTY-016,2024,444666,,0.0,none,0
ASM-002759,PROP-00920,CTY-016,2025,469414,444666,0.0557,none,0
ASM-002760,PROP-00920,CTY-016,2026,495462,469414,0.0555,none,0
ASM-002761,PROP-00921,CTY-016,2024,432839,,0.0,none,0
ASM-002762,PROP-00921,CTY-016,2025,461769,432839,0.0668,none,0
ASM-002763,PROP-00921,CTY-016,2026,492715,461769,0.067,none,0
ASM-002764,PROP-00922,CTY-016,2024,479209,,0.0,none,0
ASM-002765,PROP-00922,CTY-016,2025,503716,479209,0.0511,none,0
ASM-002766,PROP-00922,CTY-016,2026,524027,503716,0.0403,none,0
ASM-002767,PROP-00923,CTY-016,2024,404552,,0.0,none,0
ASM-002768,PROP-00923,CTY-016,2025,419513,404552,0.037,none,0
ASM-002769,PROP-00923,CTY-016,2026,449233,419513,0.0708,none,0
ASM-002770,PROP-00924,CTY-016,2024,430935,,0.0,none,0
ASM-002771,PROP-00924,CTY-016,2025,449874,430935,0.0439,none,0
ASM-002772,PROP-00924,CTY-016,2026,462963,449874,0.0291,none,0
ASM-002773,PROP-00925,CTY-016,2024,478739,,0.0,none,0
ASM-002774,PROP-00925,CTY-016,2025,508034,478739,0.0612,none,0
ASM-002775,PROP-00925,CTY-016,2026,534947,508034,0.053,none,0
ASM-002776,PROP-00926,CTY-016,2024,392954,,0.0,none,0
ASM-002777,PROP-00926,CTY-016,2025,417248,392954,0.0618,none,0
ASM-002778,PROP-00926,CTY-016,2026,434139,417248,0.0405,none,0
ASM-002779,PROP-00927,CTY-016,2024,410688,,0.0,none,0
ASM-002780,PROP-00927,CTY-016,2025,423347,410688,0.0308,none,0
ASM-002781,PROP-00927,CTY-016,2026,438020,423347,0.0347,none,0
ASM-002782,PROP-00928,CTY-016,2024,432983,,0.0,none,0
ASM-002783,PROP-00928,CTY-016,2025,452580,432983,0.0453,none,0
ASM-002784,PROP-00928,CTY-016,2026,467425,452580,0.0328,none,0
ASM-002785,PROP-00929,CTY-016,2024,480648,,0.0,none,0
ASM-002786,PROP-00929,CTY-016,2025,511571,480648,0.0643,none,0
ASM-002787,PROP-00929,CTY-016,2026,537955,511571,0.0516,none,0
ASM-002788,PROP-00930,CTY-016,2024,401537,,0.0,none,0
ASM-002789,PROP-00930,CTY-016,2025,427653,401537,0.065,none,0
ASM-002790,PROP-00930,CTY-016,2026,446229,427653,0.0434,none,0
ASM-002791,PROP-00931,CTY-016,2024,439095,,0.0,none,0
ASM-002792,PROP-00931,CTY-016,2025,456283,439095,0.0391,none,0
ASM-002793,PROP-00931,CTY-016,2026,481736,456283,0.0558,none,0
ASM-002794,PROP-00932,CTY-016,2024,462938,,0.0,none,0
ASM-002795,PROP-00932,CTY-016,2025,493236,462938,0.0654,none,0
ASM-002796,PROP-00932,CTY-016,2026,523645,493236,0.0617,none,0
ASM-002797,PROP-00933,CTY-016,2024,427729,,0.0,none,0
ASM-002798,PROP-00933,CTY-016,2025,447706,427729,0.0467,none,0
ASM-002799,PROP-00933,CTY-016,2026,477192,447706,0.0659,none,0
ASM-002800,PROP-00934,CTY-016,2024,330450,,0.0,none,0
ASM-002801,PROP-00934,CTY-016,2025,343473,330450,0.0394,none,0
ASM-002802,PROP-00934,CTY-016,2026,361519,343473,0.0525,none,0
ASM-002803,PROP-00935,CTY-016,2024,441416,,0.0,none,0
ASM-002804,PROP-00935,CTY-016,2025,471302,441416,0.0677,none,0
ASM-002805,PROP-00935,CTY-016,2026,485300,471302,0.0297,none,0
ASM-002806,PROP-00936,CTY-016,2024,433872,,0.0,none,0
ASM-002807,PROP-00936,CTY-016,2025,449437,433872,0.0359,none,0
ASM-002808,PROP-00936,CTY-016,2026,469180,449437,0.0439,none,0
ASM-002809,PROP-00937,CTY-016,2024,464306,,0.0,none,0
ASM-002810,PROP-00937,CTY-016,2025,491983,464306,0.0596,none,0
ASM-002811,PROP-00937,CTY-016,2026,507034,491983,0.0306,none,0
ASM-002812,PROP-00938,CTY-016,2024,354643,,0.0,none,0
ASM-002813,PROP-00938,CTY-016,2025,375514,354643,0.0589,none,0
ASM-002814,PROP-00938,CTY-016,2026,402128,375514,0.0709,none,0
ASM-002815,PROP-00939,CTY-016,2024,394597,,0.0,none,0
ASM-002816,PROP-00939,CTY-016,2025,408073,394597,0.0342,none,0
ASM-002817,PROP-00939,CTY-016,2026,423981,408073,0.039,none,0
ASM-002818,PROP-00940,CTY-016,2024,346196,,0.0,none,0
ASM-002819,PROP-00940,CTY-016,2025,358842,346196,0.0365,none,0
ASM-002820,PROP-00940,CTY-016,2026,373948,358842,0.0421,none,0
ASM-002821,PROP-00941,CTY-016,2024,394736,,0.0,none,0
ASM-002822,PROP-00941,CTY-016,2025,412401,394736,0.0448,none,0
ASM-002823,PROP-00941,CTY-016,2026,440026,412401,0.067,none,0
ASM-002824,PROP-00942,CTY-016,2024,460295,,0.0,none,0
ASM-002825,PROP-00942,CTY-016,2025,475876,460295,0.0339,none,0
ASM-002826,PROP-00942,CTY-016,2026,505597,475876,0.0625,none,0
ASM-002827,PROP-00943,CTY-016,2024,358489,,0.0,none,0
ASM-002828,PROP-00943,CTY-016,2025,378630,358489,0.0562,none,0
ASM-002829,PROP-00943,CTY-016,2026,390446,378630,0.0312,none,0
ASM-002830,PROP-00944,CTY-016,2024,411486,,0.0,none,0
ASM-002831,PROP-00944,CTY-016,2025,425040,411486,0.0329,none,0
ASM-002832,PROP-00944,CTY-016,2026,454614,425040,0.0696,none,0
ASM-002833,PROP-00945,CTY-016,2024,373680,,0.0,none,0
ASM-002834,PROP-00945,CTY-016,2025,390553,373680,0.0452,none,0
ASM-002835,PROP-00945,CTY-016,2026,409019,390553,0.0473,none,0
ASM-002836,PROP-00946,CTY-016,2024,408050,,0.0,none,0
ASM-002837,PROP-00946,CTY-016,2025,424995,408050,0.0415,none,0
ASM-002838,PROP-00946,CTY-016,2026,446469,424995,0.0505,none,0
ASM-002839,PROP-00947,CTY-016,2024,406639,,0.0,none,0
ASM-002840,PROP-00947,CTY-016,2025,424875,406639,0.0448,none,0
ASM-002841,PROP-00947,CTY-016,2026,453375,424875,0.0671,none,0
ASM-002842,PROP-00948,CTY-016,2024,428244,,0.0,none,0
ASM-002843,PROP-00948,CTY-016,2025,444494,428244,0.0379,none,0
ASM-002844,PROP-00948,CTY-016,2026,459353,444494,0.0334,none,0
ASM-002845,PROP-00949,CTY-016,2024,390594,,0.0,none,0
ASM-002846,PROP-00949,CTY-016,2025,406555,390594,0.0409,none,0
ASM-002847,PROP-00949,CTY-016,2026,418923,406555,0.0304,none,0
ASM-002848,PROP-00950,CTY-016,2024,361745,,0.0,none,0
ASM-002849,PROP-00950,CTY-016,2025,372433,361745,0.0295,none,0
ASM-002850,PROP-00950,CTY-016,2026,389038,372433,0.0446,none,0
ASM-002851,PROP-00951,CTY-016,2024,379909,,0.0,none,0
ASM-002852,PROP-00951,CTY-016,2025,400649,379909,0.0546,none,0
ASM-002853,PROP-00951,CTY-016,2026,425187,400649,0.0612,none,0
ASM-002854,PROP-00952,CTY-015,2024,542217,,0.0,none,0
ASM-002855,PROP-00952,CTY-015,2025,561934,542217,0.0364,none,0
ASM-002856,PROP-00952,CTY-015,2026,594532,561934,0.058,none,0
ASM-002857,PROP-00953,CTY-015,2024,521493,,0.0,none,0
ASM-002858,PROP-00953,CTY-015,2025,538915,521493,0.0334,none,0
ASM-002859,PROP-00953,CTY-015,2026,559100,538915,0.0375,none,0
ASM-002860,PROP-00954,CTY-015,2024,489114,,0.0,none,0
ASM-002861,PROP-00954,CTY-015,2025,508571,489114,0.0398,none,0
ASM-002862,PROP-00954,CTY-015,2026,533904,508571,0.0498,none,0
ASM-002863,PROP-00955,CTY-015,2024,469582,,0.0,none,0
ASM-002864,PROP-00955,CTY-015,2025,497101,469582,0.0586,none,0
ASM-002865,PROP-00955,CTY-015,2026,526103,497101,0.0583,none,0
ASM-002866,PROP-00956,CTY-015,2024,508181,,0.0,none,0
ASM-002867,PROP-00956,CTY-015,2025,527650,508181,0.0383,none,0
ASM-002868,PROP-00956,CTY-015,2026,561252,527650,0.0637,none,0
ASM-002869,PROP-00957,CTY-015,2024,533471,,0.0,none,0
ASM-002870,PROP-00957,CTY-015,2025,554217,533471,0.0389,none,0
ASM-002871,PROP-00957,CTY-015,2026,583904,554217,0.0536,none,0
ASM-002872,PROP-00958,CTY-015,2024,513656,,0.0,none,0
ASM-002873,PROP-00958,CTY-015,2025,538694,513656,0.0487,none,0
ASM-002874,PROP-00958,CTY-015,2026,558896,538694,0.0375,none,0
ASM-002875,PROP-00959,CTY-015,2024,453181,,0.0,none,0
ASM-002876,PROP-00959,CTY-015,2025,473613,453181,0.0451,none,0
ASM-002877,PROP-00959,CTY-015,2026,493176,473613,0.0413,none,0
ASM-002878,PROP-00960,CTY-015,2024,407654,,0.0,none,0
ASM-002879,PROP-00960,CTY-015,2025,430848,407654,0.0569,none,0
ASM-002880,PROP-00960,CTY-015,2026,459106,430848,0.0656,none,0
ASM-002881,PROP-00961,CTY-015,2024,575474,,0.0,none,0
ASM-002882,PROP-00961,CTY-015,2025,603078,575474,0.048,none,0
ASM-002883,PROP-00961,CTY-015,2026,627090,603078,0.0398,none,0
ASM-002884,PROP-00962,CTY-015,2024,586755,,0.0,none,0
ASM-002885,PROP-00962,CTY-015,2025,624315,586755,0.064,none,0
ASM-002886,PROP-00962,CTY-015,2026,649145,624315,0.0398,none,0
ASM-002887,PROP-00963,CTY-015,2024,537532,,0.0,none,0
ASM-002888,PROP-00963,CTY-015,2025,563584,537532,0.0485,none,0
ASM-002889,PROP-00963,CTY-015,2026,589414,563584,0.0458,none,0
ASM-002890,PROP-00964,CTY-015,2024,521625,,0.0,none,0
ASM-002891,PROP-00964,CTY-015,2025,539452,521625,0.0342,none,0
ASM-002892,PROP-00964,CTY-015,2026,558462,539452,0.0352,none,0
ASM-002893,PROP-00965,CTY-015,2024,478854,,0.0,none,0
ASM-002894,PROP-00965,CTY-015,2025,499025,478854,0.0421,none,0
ASM-002895,PROP-00965,CTY-015,2026,521596,499025,0.0452,none,0
ASM-002896,PROP-00966,CTY-015,2024,448948,,0.0,none,0
ASM-002897,PROP-00966,CTY-015,2025,472500,448948,0.0525,none,0
ASM-002898,PROP-00966,CTY-015,2026,492156,472500,0.0416,none,0
ASM-002899,PROP-00967,CTY-015,2024,490545,,0.0,none,0
ASM-002900,PROP-00967,CTY-015,2025,522607,490545,0.0654,none,0
ASM-002901,PROP-00967,CTY-015,2026,555755,522607,0.0634,none,0
ASM-002902,PROP-00968,CTY-015,2024,509923,,0.0,none,0
ASM-002903,PROP-00968,CTY-015,2025,523642,509923,0.0269,none,0
ASM-002904,PROP-00968,CTY-015,2026,543612,523642,0.0381,none,0
ASM-002905,PROP-00969,CTY-015,2024,553126,,0.0,none,0
ASM-002906,PROP-00969,CTY-015,2025,583802,553126,0.0555,none,0
ASM-002907,PROP-00969,CTY-015,2026,600216,583802,0.0281,none,0
ASM-002908,PROP-00970,CTY-015,2024,515274,,0.0,none,0
ASM-002909,PROP-00970,CTY-015,2025,543302,515274,0.0544,none,0
ASM-002910,PROP-00970,CTY-015,2026,570763,543302,0.0505,none,0
ASM-002911,PROP-00971,CTY-015,2024,543809,,0.0,none,0
ASM-002912,PROP-00971,CTY-015,2025,571902,543809,0.0517,none,0
ASM-002913,PROP-00971,CTY-015,2026,597875,571902,0.0454,none,0
ASM-002914,PROP-00972,CTY-015,2024,563596,,0.0,none,0
ASM-002915,PROP-00972,CTY-015,2025,593227,563596,0.0526,none,0
ASM-002916,PROP-00972,CTY-015,2026,630744,593227,0.0632,none,0
ASM-002917,PROP-00973,CTY-015,2024,545445,,0.0,none,0
ASM-002918,PROP-00973,CTY-015,2025,579700,545445,0.0628,none,0
ASM-002919,PROP-00973,CTY-015,2026,600225,579700,0.0354,none,0
ASM-002920,PROP-00974,CTY-015,2024,500741,,0.0,none,0
ASM-002921,PROP-00974,CTY-015,2025,522781,500741,0.044,none,0
ASM-002922,PROP-00974,CTY-015,2026,545384,522781,0.0432,none,0
ASM-002923,PROP-00975,CTY-015,2024,612139,,0.0,none,0
ASM-002924,PROP-00975,CTY-015,2025,640382,612139,0.0461,none,0
ASM-002925,PROP-00975,CTY-015,2026,664615,640382,0.0378,none,0
ASM-002926,PROP-00976,CTY-015,2024,507008,,0.0,none,0
ASM-002927,PROP-00976,CTY-015,2025,521791,507008,0.0292,none,0
ASM-002928,PROP-00976,CTY-015,2026,549833,521791,0.0537,none,0
ASM-002929,PROP-00977,CTY-015,2024,441133,,0.0,none,0
ASM-002930,PROP-00977,CTY-015,2025,467717,441133,0.0603,none,0
ASM-002931,PROP-00977,CTY-015,2026,487516,467717,0.0423,none,0
ASM-002932,PROP-00978,CTY-015,2024,498204,,0.0,none,0
ASM-002933,PROP-00978,CTY-015,2025,519199,498204,0.0421,none,0
ASM-002934,PROP-00978,CTY-015,2026,547216,519199,0.054,none,0
ASM-002935,PROP-00979,CTY-017,2024,356028,,0.0,none,0
ASM-002936,PROP-00979,CTY-017,2025,395658,356028,0.1113,none,0
ASM-002937,PROP-00979,CTY-017,2026,431177,395658,0.0898,none,0
ASM-002938,PROP-00980,CTY-017,2024,281828,,0.0,none,0
ASM-002939,PROP-00980,CTY-017,2025,303258,281828,0.076,none,0
ASM-002940,PROP-00980,CTY-017,2026,319885,303258,0.0548,none,0
ASM-002941,PROP-00981,CTY-017,2024,265577,,0.0,none,0
ASM-002942,PROP-00981,CTY-017,2025,288654,265577,0.0869,none,0
ASM-002943,PROP-00981,CTY-017,2026,315969,288654,0.0946,filed,0
ASM-002944,PROP-00982,CTY-017,2024,330048,,0.0,none,0
ASM-002945,PROP-00982,CTY-017,2025,348222,330048,0.0551,none,0
ASM-002946,PROP-00982,CTY-017,2026,376550,348222,0.0814,none,0
ASM-002947,PROP-00983,CTY-017,2024,293791,,0.0,none,0
ASM-002948,PROP-00983,CTY-017,2025,325242,293791,0.1071,none,0
ASM-002949,PROP-00983,CTY-017,2026,356723,325242,0.0968,none,0
ASM-002950,PROP-00984,CTY-017,2024,277433,,0.0,none,0
ASM-002951,PROP-00984,CTY-017,2025,306605,277433,0.1051,none,0
ASM-002952,PROP-00984,CTY-017,2026,330310,306605,0.0773,none,0
ASM-002953,PROP-00985,CTY-017,2024,294618,,0.0,none,0
ASM-002954,PROP-00985,CTY-017,2025,322850,294618,0.0958,lost,0
ASM-002955,PROP-00985,CTY-017,2026,349811,322850,0.0835,none,0
ASM-002956,PROP-00986,CTY-017,2024,291009,,0.0,none,0
ASM-002957,PROP-00986,CTY-017,2025,314726,291009,0.0815,none,0
ASM-002958,PROP-00986,CTY-017,2026,349849,314726,0.1116,none,0
ASM-002959,PROP-00987,CTY-017,2024,312481,,0.0,none,0
ASM-002960,PROP-00987,CTY-017,2025,331564,312481,0.0611,none,0
ASM-002961,PROP-00987,CTY-017,2026,364693,331564,0.0999,filed,0
ASM-002962,PROP-00988,CTY-017,2024,306332,,0.0,none,0
ASM-002963,PROP-00988,CTY-017,2025,336561,306332,0.0987,none,0
ASM-002964,PROP-00988,CTY-017,2026,369708,336561,0.0985,filed,0
ASM-002965,PROP-00989,CTY-017,2024,248325,,0.0,none,0
ASM-002966,PROP-00989,CTY-017,2025,261681,248325,0.0538,none,0
ASM-002967,PROP-00989,CTY-017,2026,288828,261681,0.1037,none,0
ASM-002968,PROP-00990,CTY-017,2024,281642,,0.0,none,0
ASM-002969,PROP-00990,CTY-017,2025,295403,281642,0.0489,none,0
ASM-002970,PROP-00990,CTY-017,2026,326681,295403,0.1059,none,0
ASM-002971,PROP-00991,CTY-017,2024,319771,,0.0,none,0
ASM-002972,PROP-00991,CTY-017,2025,350534,319771,0.0962,won,19286
ASM-002973,PROP-00991,CTY-017,2026,381305,350534,0.0878,none,0
ASM-002974,PROP-00992,CTY-017,2024,334999,,0.0,none,0
ASM-002975,PROP-00992,CTY-017,2025,367138,334999,0.0959,filed,0
ASM-002976,PROP-00992,CTY-017,2026,407419,367138,0.1097,none,0
ASM-002977,PROP-00993,CTY-017,2024,324949,,0.0,none,0
ASM-002978,PROP-00993,CTY-017,2025,350309,324949,0.078,none,0
ASM-002979,PROP-00993,CTY-017,2026,385792,350309,0.1013,filed,0
ASM-002980,PROP-00994,CTY-017,2024,406947,,0.0,none,0
ASM-002981,PROP-00994,CTY-017,2025,438005,406947,0.0763,none,0
ASM-002982,PROP-00994,CTY-017,2026,460286,438005,0.0509,none,0
ASM-002983,PROP-00995,CTY-017,2024,251843,,0.0,none,0
ASM-002984,PROP-00995,CTY-017,2025,271294,251843,0.0772,none,0
ASM-002985,PROP-00995,CTY-017,2026,302367,271294,0.1145,none,0
ASM-002986,PROP-00996,CTY-017,2024,390098,,0.0,none,0
ASM-002987,PROP-00996,CTY-017,2025,414311,390098,0.0621,none,0
ASM-002988,PROP-00996,CTY-017,2026,437229,414311,0.0553,none,0
ASM-002989,PROP-00997,CTY-017,2024,264195,,0.0,none,0
ASM-002990,PROP-00997,CTY-017,2025,293993,264195,0.1128,lost,0
ASM-002991,PROP-00997,CTY-017,2026,322485,293993,0.0969,none,0
ASM-002992,PROP-00998,CTY-017,2024,353788,,0.0,none,0
ASM-002993,PROP-00998,CTY-017,2025,390697,353788,0.1043,none,0
ASM-002994,PROP-00998,CTY-017,2026,428741,390697,0.0974,none,0
ASM-002995,PROP-00999,CTY-017,2024,306646,,0.0,none,0
ASM-002996,PROP-00999,CTY-017,2025,331761,306646,0.0819,none,0
ASM-002997,PROP-00999,CTY-017,2026,367518,331761,0.1078,lost,0
ASM-002998,PROP-01000,CTY-017,2024,313766,,0.0,none,0
ASM-002999,PROP-01000,CTY-017,2025,340545,313766,0.0853,none,0
ASM-003000,PROP-01000,CTY-017,2026,376574,340545,0.1058,none,0
ASM-003001,PROP-01001,CTY-017,2024,309857,,0.0,none,0
ASM-003002,PROP-01001,CTY-017,2025,326090,309857,0.0524,none,0
ASM-003003,PROP-01001,CTY-017,2026,350289,326090,0.0742,none,0
ASM-003004,PROP-01002,CTY-017,2024,272212,,0.0,none,0
ASM-003005,PROP-01002,CTY-017,2025,298341,272212,0.096,none,0
ASM-003006,PROP-01002,CTY-017,2026,316045,298341,0.0593,none,0
ASM-003007,PROP-01003,CTY-017,2024,312832,,0.0,none,0
ASM-003008,PROP-01003,CTY-017,2025,330309,312832,0.0559,none,0
ASM-003009,PROP-01003,CTY-017,2026,348825,330309,0.0561,none,0
ASM-003010,PROP-01004,CTY-017,2024,296384,,0.0,none,0
ASM-003011,PROP-01004,CTY-017,2025,322876,296384,0.0894,none,0
ASM-003012,PROP-01004,CTY-017,2026,340885,322876,0.0558,none,0
ASM-003013,PROP-01005,CTY-017,2024,370099,,0.0,none,0
ASM-003014,PROP-01005,CTY-017,2025,412907,370099,0.1157,none,0
ASM-003015,PROP-01005,CTY-017,2026,455159,412907,0.1023,none,0
ASM-003016,PROP-01006,CTY-017,2024,334462,,0.0,none,0
ASM-003017,PROP-01006,CTY-017,2025,371299,334462,0.1101,none,0
ASM-003018,PROP-01006,CTY-017,2026,399955,371299,0.0772,none,0
ASM-003019,PROP-01007,CTY-017,2024,383538,,0.0,none,0
ASM-003020,PROP-01007,CTY-017,2025,410268,383538,0.0697,none,0
ASM-003021,PROP-01007,CTY-017,2026,441946,410268,0.0772,none,0
ASM-003022,PROP-01008,CTY-017,2024,312542,,0.0,none,0
ASM-003023,PROP-01008,CTY-017,2025,341477,312542,0.0926,filed,0
ASM-003024,PROP-01008,CTY-017,2026,373042,341477,0.0924,none,0
ASM-003025,PROP-01009,CTY-017,2024,291853,,0.0,none,0
ASM-003026,PROP-01009,CTY-017,2025,324547,291853,0.112,none,0
ASM-003027,PROP-01009,CTY-017,2026,347337,324547,0.0702,none,0
ASM-003028,PROP-01010,CTY-017,2024,329219,,0.0,none,0
ASM-003029,PROP-01010,CTY-017,2025,364924,329219,0.1085,none,0
ASM-003030,PROP-01010,CTY-017,2026,383433,364924,0.0507,none,0
ASM-003031,PROP-01011,CTY-017,2024,323400,,0.0,none,0
ASM-003032,PROP-01011,CTY-017,2025,346060,323400,0.0701,none,0
ASM-003033,PROP-01011,CTY-017,2026,377502,346060,0.0909,none,0
ASM-003034,PROP-01012,CTY-017,2024,298705,,0.0,none,0
ASM-003035,PROP-01012,CTY-017,2025,324217,298705,0.0854,none,0
ASM-003036,PROP-01012,CTY-017,2026,354298,324217,0.0928,won,21155
ASM-003037,PROP-01013,CTY-017,2024,358808,,0.0,none,0
ASM-003038,PROP-01013,CTY-017,2025,377286,358808,0.0515,none,0
ASM-003039,PROP-01013,CTY-017,2026,398695,377286,0.0567,none,0
ASM-003040,PROP-01014,CTY-017,2024,342619,,0.0,none,0
ASM-003041,PROP-01014,CTY-017,2025,372067,342619,0.0859,none,0
ASM-003042,PROP-01014,CTY-017,2026,403022,372067,0.0832,none,0
ASM-003043,PROP-01015,CTY-017,2024,286468,,0.0,none,0
ASM-003044,PROP-01015,CTY-017,2025,313695,286468,0.095,none,0
ASM-003045,PROP-01015,CTY-017,2026,339280,313695,0.0816,none,0
ASM-003046,PROP-01016,CTY-017,2024,251881,,0.0,none,0
ASM-003047,PROP-01016,CTY-017,2025,275340,251881,0.0931,none,0
ASM-003048,PROP-01016,CTY-017,2026,299608,275340,0.0881,none,0
ASM-003049,PROP-01017,CTY-017,2024,336461,,0.0,none,0
ASM-003050,PROP-01017,CTY-017,2025,361674,336461,0.0749,none,0
ASM-003051,PROP-01017,CTY-017,2026,381896,361674,0.0559,none,0
ASM-003052,PROP-01018,CTY-017,2024,367657,,0.0,none,0
ASM-003053,PROP-01018,CTY-017,2025,408923,367657,0.1122,none,0
ASM-003054,PROP-01018,CTY-017,2026,453682,408923,0.1095,none,0
ASM-003055,PROP-01019,CTY-017,2024,353076,,0.0,none,0
ASM-003056,PROP-01019,CTY-017,2025,378576,353076,0.0722,none,0
ASM-003057,PROP-01019,CTY-017,2026,404576,378576,0.0687,none,0
ASM-003058,PROP-01020,CTY-017,2024,297193,,0.0,none,0
ASM-003059,PROP-01020,CTY-017,2025,323853,297193,0.0897,none,0
ASM-003060,PROP-01020,CTY-017,2026,356469,323853,0.1007,none,0
ASM-003061,PROP-01021,CTY-017,2024,346977,,0.0,none,0
ASM-003062,PROP-01021,CTY-017,2025,363579,346977,0.0478,none,0
ASM-003063,PROP-01021,CTY-017,2026,384630,363579,0.0579,none,0
ASM-003064,PROP-01022,CTY-017,2024,340031,,0.0,none,0
ASM-003065,PROP-01022,CTY-017,2025,359754,340031,0.058,none,0
ASM-003066,PROP-01022,CTY-017,2026,386294,359754,0.0738,none,0
ASM-003067,PROP-01023,CTY-017,2024,305609,,0.0,none,0
ASM-003068,PROP-01023,CTY-017,2025,330439,305609,0.0812,none,0
ASM-003069,PROP-01023,CTY-017,2026,361198,330439,0.0931,none,0
ASM-003070,PROP-01024,CTY-017,2024,332567,,0.0,none,0
ASM-003071,PROP-01024,CTY-017,2025,356370,332567,0.0716,none,0
ASM-003072,PROP-01024,CTY-017,2026,373106,356370,0.047,none,0
ASM-003073,PROP-01025,CTY-017,2024,279660,,0.0,none,0
ASM-003074,PROP-01025,CTY-017,2025,300631,279660,0.075,none,0
ASM-003075,PROP-01025,CTY-017,2026,335492,300631,0.116,none,0
ASM-003076,PROP-01026,CTY-017,2024,324261,,0.0,none,0
ASM-003077,PROP-01026,CTY-017,2025,343818,324261,0.0603,none,0
ASM-003078,PROP-01026,CTY-017,2026,370003,343818,0.0762,none,0
ASM-003079,PROP-01027,CTY-017,2024,355880,,0.0,none,0
ASM-003080,PROP-01027,CTY-017,2025,387061,355880,0.0876,none,0
ASM-003081,PROP-01027,CTY-017,2026,420996,387061,0.0877,none,0
ASM-003082,PROP-01028,CTY-017,2024,323219,,0.0,none,0
ASM-003083,PROP-01028,CTY-017,2025,344117,323219,0.0647,none,0
ASM-003084,PROP-01028,CTY-017,2026,364461,344117,0.0591,none,0
ASM-003085,PROP-01029,CTY-017,2024,337345,,0.0,none,0
ASM-003086,PROP-01029,CTY-017,2025,357721,337345,0.0604,none,0
ASM-003087,PROP-01029,CTY-017,2026,394719,357721,0.1034,none,0
ASM-003088,PROP-01030,CTY-017,2024,284208,,0.0,none,0
ASM-003089,PROP-01030,CTY-017,2025,310847,284208,0.0937,lost,0
ASM-003090,PROP-01030,CTY-017,2026,329577,310847,0.0603,none,0
ASM-003091,PROP-01031,CTY-018,2024,326013,,0.0,none,0
ASM-003092,PROP-01031,CTY-018,2025,347242,326013,0.0651,none,0
ASM-003093,PROP-01031,CTY-018,2026,367255,347242,0.0576,none,0
ASM-003094,PROP-01032,CTY-018,2024,364538,,0.0,none,0
ASM-003095,PROP-01032,CTY-018,2025,394630,364538,0.0825,none,0
ASM-003096,PROP-01032,CTY-018,2026,427436,394630,0.0831,none,0
ASM-003097,PROP-01033,CTY-018,2024,394879,,0.0,none,0
ASM-003098,PROP-01033,CTY-018,2025,439804,394879,0.1138,lost,0
ASM-003099,PROP-01033,CTY-018,2026,485086,439804,0.103,won,23433
ASM-003100,PROP-01034,CTY-018,2024,380286,,0.0,none,0
ASM-003101,PROP-01034,CTY-018,2025,405819,380286,0.0671,none,0
ASM-003102,PROP-01034,CTY-018,2026,447384,405819,0.1024,none,0
ASM-003103,PROP-01035,CTY-018,2024,303004,,0.0,none,0
ASM-003104,PROP-01035,CTY-018,2025,340533,303004,0.1239,won,28965
ASM-003105,PROP-01035,CTY-018,2026,379073,340533,0.1132,none,0
ASM-003106,PROP-01036,CTY-018,2024,367873,,0.0,none,0
ASM-003107,PROP-01036,CTY-018,2025,408445,367873,0.1103,lost,0
ASM-003108,PROP-01036,CTY-018,2026,445219,408445,0.09,none,0
ASM-003109,PROP-01037,CTY-018,2024,310815,,0.0,none,0
ASM-003110,PROP-01037,CTY-018,2025,327853,310815,0.0548,none,0
ASM-003111,PROP-01037,CTY-018,2026,354511,327853,0.0813,none,0
ASM-003112,PROP-01038,CTY-018,2024,306172,,0.0,none,0
ASM-003113,PROP-01038,CTY-018,2025,342248,306172,0.1178,none,0
ASM-003114,PROP-01038,CTY-018,2026,384891,342248,0.1246,won,30171
ASM-003115,PROP-01039,CTY-018,2024,269253,,0.0,none,0
ASM-003116,PROP-01039,CTY-018,2025,284258,269253,0.0557,none,0
ASM-003117,PROP-01039,CTY-018,2026,319127,284258,0.1227,none,0
ASM-003118,PROP-01040,CTY-018,2024,355895,,0.0,none,0
ASM-003119,PROP-01040,CTY-018,2025,400112,355895,0.1242,won,21642
ASM-003120,PROP-01040,CTY-018,2026,451661,400112,0.1288,filed,0
ASM-003121,PROP-01041,CTY-018,2024,397470,,0.0,none,0
ASM-003122,PROP-01041,CTY-018,2025,438372,397470,0.1029,filed,0
ASM-003123,PROP-01041,CTY-018,2026,489594,438372,0.1168,none,0
ASM-003124,PROP-01042,CTY-018,2024,368634,,0.0,none,0
ASM-003125,PROP-01042,CTY-018,2025,407150,368634,0.1045,won,23441
ASM-003126,PROP-01042,CTY-018,2026,457413,407150,0.1235,none,0
ASM-003127,PROP-01043,CTY-018,2024,302797,,0.0,none,0
ASM-003128,PROP-01043,CTY-018,2025,331951,302797,0.0963,lost,0
ASM-003129,PROP-01043,CTY-018,2026,365072,331951,0.0998,filed,0
ASM-003130,PROP-01044,CTY-018,2024,336208,,0.0,none,0
ASM-003131,PROP-01044,CTY-018,2025,375853,336208,0.1179,none,0
ASM-003132,PROP-01044,CTY-018,2026,397842,375853,0.0585,none,0
ASM-003133,PROP-01045,CTY-018,2024,420815,,0.0,none,0
ASM-003134,PROP-01045,CTY-018,2025,458155,420815,0.0887,none,0
ASM-003135,PROP-01045,CTY-018,2026,488138,458155,0.0654,none,0
ASM-003136,PROP-01046,CTY-018,2024,361063,,0.0,none,0
ASM-003137,PROP-01046,CTY-018,2025,395928,361063,0.0966,none,0
ASM-003138,PROP-01046,CTY-018,2026,429383,395928,0.0845,none,0
ASM-003139,PROP-01047,CTY-018,2024,328253,,0.0,none,0
ASM-003140,PROP-01047,CTY-018,2025,370940,328253,0.13,none,0
ASM-003141,PROP-01047,CTY-018,2026,407066,370940,0.0974,filed,0
ASM-003142,PROP-01048,CTY-018,2024,347593,,0.0,none,0
ASM-003143,PROP-01048,CTY-018,2025,377811,347593,0.0869,none,0
ASM-003144,PROP-01048,CTY-018,2026,399413,377811,0.0572,none,0
ASM-003145,PROP-01049,CTY-018,2024,333436,,0.0,none,0
ASM-003146,PROP-01049,CTY-018,2025,364870,333436,0.0943,none,0
ASM-003147,PROP-01049,CTY-018,2026,408352,364870,0.1192,won,16629
ASM-003148,PROP-01050,CTY-018,2024,387060,,0.0,none,0
ASM-003149,PROP-01050,CTY-018,2025,435713,387060,0.1257,none,0
ASM-003150,PROP-01050,CTY-018,2026,479643,435713,0.1008,none,0
ASM-003151,PROP-01051,CTY-018,2024,352913,,0.0,none,0
ASM-003152,PROP-01051,CTY-018,2025,375897,352913,0.0651,none,0
ASM-003153,PROP-01051,CTY-018,2026,416237,375897,0.1073,none,0
ASM-003154,PROP-01052,CTY-018,2024,336499,,0.0,none,0
ASM-003155,PROP-01052,CTY-018,2025,366746,336499,0.0899,none,0
ASM-003156,PROP-01052,CTY-018,2026,407192,366746,0.1103,none,0
ASM-003157,PROP-01053,CTY-018,2024,412258,,0.0,none,0
ASM-003158,PROP-01053,CTY-018,2025,467595,412258,0.1342,none,0
ASM-003159,PROP-01053,CTY-018,2026,501432,467595,0.0724,none,0
ASM-003160,PROP-01054,CTY-018,2024,287392,,0.0,none,0
ASM-003161,PROP-01054,CTY-018,2025,304746,287392,0.0604,none,0
ASM-003162,PROP-01054,CTY-018,2026,339893,304746,0.1153,none,0
ASM-003163,PROP-01055,CTY-018,2024,347291,,0.0,none,0
ASM-003164,PROP-01055,CTY-018,2025,371916,347291,0.0709,none,0
ASM-003165,PROP-01055,CTY-018,2026,414421,371916,0.1143,none,0
ASM-003166,PROP-01056,CTY-018,2024,391308,,0.0,none,0
ASM-003167,PROP-01056,CTY-018,2025,428985,391308,0.0963,none,0
ASM-003168,PROP-01056,CTY-018,2026,481952,428985,0.1235,lost,0
ASM-003169,PROP-01057,CTY-018,2024,392968,,0.0,none,0
ASM-003170,PROP-01057,CTY-018,2025,435823,392968,0.1091,filed,0
ASM-003171,PROP-01057,CTY-018,2026,486159,435823,0.1155,none,0
ASM-003172,PROP-01058,CTY-018,2024,286322,,0.0,none,0
ASM-003173,PROP-01058,CTY-018,2025,304300,286322,0.0628,none,0
ASM-003174,PROP-01058,CTY-018,2026,343351,304300,0.1283,filed,0
ASM-003175,PROP-01059,CTY-019,2024,433355,,0.0,none,0
ASM-003176,PROP-01059,CTY-019,2025,493540,433355,0.1389,lost,0
ASM-003177,PROP-01059,CTY-019,2026,548496,493540,0.1114,none,0
ASM-003178,PROP-01060,CTY-019,2024,488819,,0.0,none,0
ASM-003179,PROP-01060,CTY-019,2025,545557,488819,0.1161,none,0
ASM-003180,PROP-01060,CTY-019,2026,617888,545557,0.1326,filed,0
ASM-003181,PROP-01061,CTY-019,2024,398900,,0.0,none,0
ASM-003182,PROP-01061,CTY-019,2025,456557,398900,0.1445,lost,0
ASM-003183,PROP-01061,CTY-019,2026,516596,456557,0.1315,none,0
ASM-003184,PROP-01062,CTY-019,2024,454027,,0.0,none,0
ASM-003185,PROP-01062,CTY-019,2025,514895,454027,0.1341,lost,0
ASM-003186,PROP-01062,CTY-019,2026,580905,514895,0.1282,none,0
ASM-003187,PROP-01063,CTY-019,2024,446104,,0.0,none,0
ASM-003188,PROP-01063,CTY-019,2025,496175,446104,0.1122,lost,0
ASM-003189,PROP-01063,CTY-019,2026,535007,496175,0.0783,none,0
ASM-003190,PROP-01064,CTY-019,2024,395058,,0.0,none,0
ASM-003191,PROP-01064,CTY-019,2025,438666,395058,0.1104,none,0
ASM-003192,PROP-01064,CTY-019,2026,481681,438666,0.0981,none,0
ASM-003193,PROP-01065,CTY-019,2024,416192,,0.0,none,0
ASM-003194,PROP-01065,CTY-019,2025,455742,416192,0.095,none,0
ASM-003195,PROP-01065,CTY-019,2026,521382,455742,0.144,won,39708
ASM-003196,PROP-01066,CTY-019,2024,456880,,0.0,none,0
ASM-003197,PROP-01066,CTY-019,2025,510558,456880,0.1175,filed,0
ASM-003198,PROP-01066,CTY-019,2026,543037,510558,0.0636,none,0
ASM-003199,PROP-01067,CTY-019,2024,403498,,0.0,none,0
ASM-003200,PROP-01067,CTY-019,2025,442350,403498,0.0963,lost,0
ASM-003201,PROP-01067,CTY-019,2026,471340,442350,0.0655,none,0
ASM-003202,PROP-01068,CTY-019,2024,442109,,0.0,none,0
ASM-003203,PROP-01068,CTY-019,2025,496304,442109,0.1226,none,0
ASM-003204,PROP-01068,CTY-019,2026,531997,496304,0.0719,none,0
ASM-003205,PROP-01069,CTY-019,2024,467464,,0.0,none,0
ASM-003206,PROP-01069,CTY-019,2025,517281,467464,0.1066,lost,0
ASM-003207,PROP-01069,CTY-019,2026,585933,517281,0.1327,none,0
ASM-003208,PROP-01070,CTY-019,2024,391675,,0.0,none,0
ASM-003209,PROP-01070,CTY-019,2025,446848,391675,0.1409,none,0
ASM-003210,PROP-01070,CTY-019,2026,510270,446848,0.1419,none,0
ASM-003211,PROP-01071,CTY-019,2024,458986,,0.0,none,0
ASM-003212,PROP-01071,CTY-019,2025,516975,458986,0.1263,none,0
ASM-003213,PROP-01071,CTY-019,2026,555846,516975,0.0752,none,0
ASM-003214,PROP-01072,CTY-019,2024,392063,,0.0,none,0
ASM-003215,PROP-01072,CTY-019,2025,415507,392063,0.0598,none,0
ASM-003216,PROP-01072,CTY-019,2026,458610,415507,0.1037,none,0
ASM-003217,PROP-01073,CTY-019,2024,373623,,0.0,none,0
ASM-003218,PROP-01073,CTY-019,2025,403177,373623,0.0791,none,0
ASM-003219,PROP-01073,CTY-019,2026,457443,403177,0.1346,none,0
ASM-003220,PROP-01074,CTY-019,2024,446577,,0.0,none,0
ASM-003221,PROP-01074,CTY-019,2025,511905,446577,0.1463,none,0
ASM-003222,PROP-01074,CTY-019,2026,573473,511905,0.1203,none,0
ASM-003223,PROP-01075,CTY-019,2024,367156,,0.0,none,0
ASM-003224,PROP-01075,CTY-019,2025,410895,367156,0.1191,filed,0
ASM-003225,PROP-01075,CTY-019,2026,456885,410895,0.1119,none,0
ASM-003226,PROP-01076,CTY-019,2024,432754,,0.0,none,0
ASM-003227,PROP-01076,CTY-019,2025,473987,432754,0.0953,none,0
ASM-003228,PROP-01076,CTY-019,2026,503092,473987,0.0614,none,0
ASM-003229,PROP-01077,CTY-018,2024,364046,,0.0,none,0
ASM-003230,PROP-01077,CTY-018,2025,397653,364046,0.0923,none,0
ASM-003231,PROP-01077,CTY-018,2026,424543,397653,0.0676,none,0
ASM-003232,PROP-01078,CTY-018,2024,399783,,0.0,none,0
ASM-003233,PROP-01078,CTY-018,2025,441911,399783,0.1054,none,0
ASM-003234,PROP-01078,CTY-018,2026,492543,441911,0.1146,none,0
ASM-003235,PROP-01079,CTY-018,2024,356085,,0.0,none,0
ASM-003236,PROP-01079,CTY-018,2025,403708,356085,0.1337,none,0
ASM-003237,PROP-01079,CTY-018,2026,453682,403708,0.1238,none,0
ASM-003238,PROP-01080,CTY-018,2024,434871,,0.0,none,0
ASM-003239,PROP-01080,CTY-018,2025,486156,434871,0.1179,lost,0
ASM-003240,PROP-01080,CTY-018,2026,512753,486156,0.0547,none,0
ASM-003241,PROP-01081,CTY-018,2024,357200,,0.0,none,0
ASM-003242,PROP-01081,CTY-018,2025,392837,357200,0.0998,filed,0
ASM-003243,PROP-01081,CTY-018,2026,440429,392837,0.1211,none,0
ASM-003244,PROP-01082,CTY-018,2024,345284,,0.0,none,0
ASM-003245,PROP-01082,CTY-018,2025,389145,345284,0.127,none,0
ASM-003246,PROP-01082,CTY-018,2026,423789,389145,0.089,none,0
ASM-003247,PROP-01083,CTY-018,2024,390014,,0.0,none,0
ASM-003248,PROP-01083,CTY-018,2025,419873,390014,0.0766,none,0
ASM-003249,PROP-01083,CTY-018,2026,449517,419873,0.0706,none,0
ASM-003250,PROP-01084,CTY-018,2024,356065,,0.0,none,0
ASM-003251,PROP-01084,CTY-018,2025,387240,356065,0.0876,none,0
ASM-003252,PROP-01084,CTY-018,2026,420811,387240,0.0867,none,0
ASM-003253,PROP-01085,CTY-018,2024,393138,,0.0,none,0
ASM-003254,PROP-01085,CTY-018,2025,420797,393138,0.0704,none,0
ASM-003255,PROP-01085,CTY-018,2026,471878,420797,0.1214,none,0
ASM-003256,PROP-01086,CTY-018,2024,389032,,0.0,none,0
ASM-003257,PROP-01086,CTY-018,2025,413647,389032,0.0633,none,0
ASM-003258,PROP-01086,CTY-018,2026,449848,413647,0.0875,none,0
ASM-003259,PROP-01087,CTY-018,2024,371057,,0.0,none,0
ASM-003260,PROP-01087,CTY-018,2025,403648,371057,0.0878,none,0
ASM-003261,PROP-01087,CTY-018,2026,445774,403648,0.1044,won,41947
ASM-003262,PROP-01088,CTY-018,2024,309305,,0.0,none,0
ASM-003263,PROP-01088,CTY-018,2025,350914,309305,0.1345,won,22859
ASM-003264,PROP-01088,CTY-018,2026,374500,350914,0.0672,none,0
ASM-003265,PROP-01089,CTY-018,2024,313035,,0.0,none,0
ASM-003266,PROP-01089,CTY-018,2025,332855,313035,0.0633,none,0
ASM-003267,PROP-01089,CTY-018,2026,359837,332855,0.0811,none,0
ASM-003268,PROP-01090,CTY-018,2024,387972,,0.0,none,0
ASM-003269,PROP-01090,CTY-018,2025,428184,387972,0.1036,filed,0
ASM-003270,PROP-01090,CTY-018,2026,455145,428184,0.063,none,0
ASM-003271,PROP-01091,CTY-018,2024,456044,,0.0,none,0
ASM-003272,PROP-01091,CTY-018,2025,507154,456044,0.1121,lost,0
ASM-003273,PROP-01091,CTY-018,2026,551746,507154,0.0879,none,0
ASM-003274,PROP-01092,CTY-018,2024,358562,,0.0,none,0
ASM-003275,PROP-01092,CTY-018,2025,398217,358562,0.1106,none,0
ASM-003276,PROP-01092,CTY-018,2026,442353,398217,0.1108,none,0
ASM-003277,PROP-01093,CTY-018,2024,322498,,0.0,none,0
ASM-003278,PROP-01093,CTY-018,2025,343191,322498,0.0642,none,0
ASM-003279,PROP-01093,CTY-018,2026,365827,343191,0.066,none,0
ASM-003280,PROP-01094,CTY-018,2024,388942,,0.0,none,0
ASM-003281,PROP-01094,CTY-018,2025,413157,388942,0.0623,none,0
ASM-003282,PROP-01094,CTY-018,2026,468528,413157,0.134,none,0
ASM-003283,PROP-01095,CTY-018,2024,342517,,0.0,none,0
ASM-003284,PROP-01095,CTY-018,2025,366280,342517,0.0694,none,0
ASM-003285,PROP-01095,CTY-018,2026,398358,366280,0.0876,none,0
ASM-003286,PROP-01096,CTY-018,2024,374103,,0.0,none,0
ASM-003287,PROP-01096,CTY-018,2025,421609,374103,0.127,none,0
ASM-003288,PROP-01096,CTY-018,2026,463287,421609,0.0989,none,0
ASM-003289,PROP-01097,CTY-018,2024,401777,,0.0,none,0
ASM-003290,PROP-01097,CTY-018,2025,437595,401777,0.0891,none,0
ASM-003291,PROP-01097,CTY-018,2026,485143,437595,0.1087,none,0
ASM-003292,PROP-01098,CTY-018,2024,338030,,0.0,none,0
ASM-003293,PROP-01098,CTY-018,2025,363041,338030,0.074,none,0
ASM-003294,PROP-01098,CTY-018,2026,395448,363041,0.0893,none,0
ASM-003295,PROP-01099,CTY-018,2024,377426,,0.0,none,0
ASM-003296,PROP-01099,CTY-018,2025,403922,377426,0.0702,none,0
ASM-003297,PROP-01099,CTY-018,2026,450429,403922,0.1151,none,0
ASM-003298,PROP-01100,CTY-018,2024,309834,,0.0,none,0
ASM-003299,PROP-01100,CTY-018,2025,349848,309834,0.1291,none,0
ASM-003300,PROP-01100,CTY-018,2026,381640,349848,0.0909,none,0
ASM-003301,PROP-01101,CTY-018,2024,390455,,0.0,none,0
ASM-003302,PROP-01101,CTY-018,2025,433079,390455,0.1092,none,0
ASM-003303,PROP-01101,CTY-018,2026,457979,433079,0.0575,none,0
ASM-003304,PROP-01102,CTY-018,2024,399173,,0.0,none,0
ASM-003305,PROP-01102,CTY-018,2025,420728,399173,0.054,none,0
ASM-003306,PROP-01102,CTY-018,2026,469521,420728,0.116,none,0
ASM-003307,PROP-01103,CTY-018,2024,365794,,0.0,none,0
ASM-003308,PROP-01103,CTY-018,2025,393783,365794,0.0765,none,0
ASM-003309,PROP-01103,CTY-018,2026,430973,393783,0.0944,filed,0
ASM-003310,PROP-01104,CTY-018,2024,311634,,0.0,none,0
ASM-003311,PROP-01104,CTY-018,2025,349424,311634,0.1213,none,0
ASM-003312,PROP-01104,CTY-018,2026,387464,349424,0.1089,none,0
ASM-003313,PROP-01105,CTY-018,2024,269487,,0.0,none,0
ASM-003314,PROP-01105,CTY-018,2025,298809,269487,0.1088,none,0
ASM-003315,PROP-01105,CTY-018,2026,332240,298809,0.1119,none,0
ASM-003316,PROP-01106,CTY-018,2024,440033,,0.0,none,0
ASM-003317,PROP-01106,CTY-018,2025,472776,440033,0.0744,none,0
ASM-003318,PROP-01106,CTY-018,2026,529731,472776,0.1205,none,0
ASM-003319,PROP-01107,CTY-018,2024,346135,,0.0,none,0
ASM-003320,PROP-01107,CTY-018,2025,374338,346135,0.0815,none,0
ASM-003321,PROP-01107,CTY-018,2026,411556,374338,0.0994,none,0
ASM-003322,PROP-01108,CTY-018,2024,367850,,0.0,none,0
ASM-003323,PROP-01108,CTY-018,2025,391802,367850,0.0651,none,0
ASM-003324,PROP-01108,CTY-018,2026,413152,391802,0.0545,none,0
ASM-003325,PROP-01109,CTY-018,2024,307771,,0.0,none,0
ASM-003326,PROP-01109,CTY-018,2025,331793,307771,0.0781,none,0
ASM-003327,PROP-01109,CTY-018,2026,370147,331793,0.1156,none,0
ASM-003328,PROP-01110,CTY-018,2024,292739,,0.0,none,0
ASM-003329,PROP-01110,CTY-018,2025,314789,292739,0.0753,none,0
ASM-003330,PROP-01110,CTY-018,2026,340816,314789,0.0827,none,0
ASM-003331,PROP-01111,CTY-018,2024,358319,,0.0,none,0
ASM-003332,PROP-01111,CTY-018,2025,400856,358319,0.1187,none,0
ASM-003333,PROP-01111,CTY-018,2026,432705,400856,0.0795,none,0
ASM-003334,PROP-01112,CTY-018,2024,313586,,0.0,none,0
ASM-003335,PROP-01112,CTY-018,2025,351391,313586,0.1206,won,34824
ASM-003336,PROP-01112,CTY-018,2026,379987,351391,0.0814,none,0
ASM-003337,PROP-01113,CTY-018,2024,352467,,0.0,none,0
ASM-003338,PROP-01113,CTY-018,2025,372235,352467,0.0561,none,0
ASM-003339,PROP-01113,CTY-018,2026,401994,372235,0.0799,none,0
ASM-003340,PROP-01114,CTY-018,2024,330672,,0.0,none,0
ASM-003341,PROP-01114,CTY-018,2025,368964,330672,0.1158,none,0
ASM-003342,PROP-01114,CTY-018,2026,398430,368964,0.0799,none,0
ASM-003343,PROP-01115,CTY-018,2024,324064,,0.0,none,0
ASM-003344,PROP-01115,CTY-018,2025,345817,324064,0.0671,none,0
ASM-003345,PROP-01115,CTY-018,2026,391245,345817,0.1314,none,0
ASM-003346,PROP-01116,CTY-018,2024,444650,,0.0,none,0
ASM-003347,PROP-01116,CTY-018,2025,497913,444650,0.1198,lost,0
ASM-003348,PROP-01116,CTY-018,2026,555766,497913,0.1162,none,0
ASM-003349,PROP-01117,CTY-018,2024,367383,,0.0,none,0
ASM-003350,PROP-01117,CTY-018,2025,390582,367383,0.0631,none,0
ASM-003351,PROP-01117,CTY-018,2026,439755,390582,0.1259,won,23435
ASM-003352,PROP-01118,CTY-018,2024,347868,,0.0,none,0
ASM-003353,PROP-01118,CTY-018,2025,384479,347868,0.1052,won,20582
ASM-003354,PROP-01118,CTY-018,2026,408456,384479,0.0624,none,0
ASM-003355,PROP-01119,CTY-018,2024,326355,,0.0,none,0
ASM-003356,PROP-01119,CTY-018,2025,351383,326355,0.0767,none,0
ASM-003357,PROP-01119,CTY-018,2026,381962,351383,0.087,none,0
ASM-003358,PROP-01120,CTY-018,2024,387666,,0.0,none,0
ASM-003359,PROP-01120,CTY-018,2025,431296,387666,0.1125,none,0
ASM-003360,PROP-01120,CTY-018,2026,481153,431296,0.1156,none,0
ASM-003361,PROP-01121,CTY-018,2024,355425,,0.0,none,0
ASM-003362,PROP-01121,CTY-018,2025,379051,355425,0.0665,none,0
ASM-003363,PROP-01121,CTY-018,2026,426950,379051,0.1264,none,0
ASM-003364,PROP-01122,CTY-018,2024,396409,,0.0,none,0
ASM-003365,PROP-01122,CTY-018,2025,433911,396409,0.0946,filed,0
ASM-003366,PROP-01122,CTY-018,2026,463111,433911,0.0673,none,0
ASM-003367,PROP-01123,CTY-018,2024,401175,,0.0,none,0
ASM-003368,PROP-01123,CTY-018,2025,423455,401175,0.0555,none,0
ASM-003369,PROP-01123,CTY-018,2026,463511,423455,0.0946,none,0
ASM-003370,PROP-01124,CTY-018,2024,331677,,0.0,none,0
ASM-003371,PROP-01124,CTY-018,2025,373659,331677,0.1266,none,0
ASM-003372,PROP-01124,CTY-018,2026,410801,373659,0.0994,none,0
ASM-003373,PROP-01125,CTY-018,2024,351792,,0.0,none,0
ASM-003374,PROP-01125,CTY-018,2025,391712,351792,0.1135,won,31514
ASM-003375,PROP-01125,CTY-018,2026,416508,391712,0.0633,none,0
ASM-003376,PROP-01126,CTY-018,2024,419421,,0.0,none,0
ASM-003377,PROP-01126,CTY-018,2025,453357,419421,0.0809,none,0
ASM-003378,PROP-01126,CTY-018,2026,478002,453357,0.0544,none,0
ASM-003379,PROP-01127,CTY-018,2024,342183,,0.0,none,0
ASM-003380,PROP-01127,CTY-018,2025,382502,342183,0.1178,none,0
ASM-003381,PROP-01127,CTY-018,2026,417176,382502,0.0907,won,31955
ASM-003382,PROP-01128,CTY-018,2024,374252,,0.0,none,0
ASM-003383,PROP-01128,CTY-018,2025,404143,374252,0.0799,none,0
ASM-003384,PROP-01128,CTY-018,2026,440805,404143,0.0907,filed,0
ASM-003385,PROP-01129,CTY-018,2024,354213,,0.0,none,0
ASM-003386,PROP-01129,CTY-018,2025,383661,354213,0.0831,none,0
ASM-003387,PROP-01129,CTY-018,2026,427636,383661,0.1146,lost,0
ASM-003388,PROP-01130,CTY-018,2024,390856,,0.0,none,0
ASM-003389,PROP-01130,CTY-018,2025,440378,390856,0.1267,none,0
ASM-003390,PROP-01130,CTY-018,2026,495875,440378,0.126,filed,0
ASM-003391,PROP-01131,CTY-018,2024,304436,,0.0,none,0
ASM-003392,PROP-01131,CTY-018,2025,340695,304436,0.1191,none,0
ASM-003393,PROP-01131,CTY-018,2026,366924,340695,0.077,none,0
ASM-003394,PROP-01132,CTY-018,2024,356557,,0.0,none,0
ASM-003395,PROP-01132,CTY-018,2025,392640,356557,0.1012,won,41618
ASM-003396,PROP-01132,CTY-018,2026,417875,392640,0.0643,none,0
ASM-003397,PROP-01133,CTY-018,2024,394731,,0.0,none,0
ASM-003398,PROP-01133,CTY-018,2025,444555,394731,0.1262,lost,0
ASM-003399,PROP-01133,CTY-018,2026,481830,444555,0.0838,none,0
ASM-003400,PROP-01134,CTY-018,2024,370170,,0.0,none,0
ASM-003401,PROP-01134,CTY-018,2025,419592,370170,0.1335,none,0
ASM-003402,PROP-01134,CTY-018,2026,454633,419592,0.0835,none,0
ASM-003403,PROP-01135,CTY-018,2024,409648,,0.0,none,0
ASM-003404,PROP-01135,CTY-018,2025,451421,409648,0.102,none,0
ASM-003405,PROP-01135,CTY-018,2026,504896,451421,0.1185,none,0
ASM-003406,PROP-01136,CTY-018,2024,374232,,0.0,none,0
ASM-003407,PROP-01136,CTY-018,2025,407023,374232,0.0876,none,0
ASM-003408,PROP-01136,CTY-018,2026,460392,407023,0.1311,none,0
ASM-003409,PROP-01137,CTY-018,2024,320181,,0.0,none,0
ASM-003410,PROP-01137,CTY-018,2025,354567,320181,0.1074,none,0
ASM-003411,PROP-01137,CTY-018,2026,375801,354567,0.0599,none,0
ASM-003412,PROP-01138,CTY-018,2024,416235,,0.0,none,0
ASM-003413,PROP-01138,CTY-018,2025,447691,416235,0.0756,none,0
ASM-003414,PROP-01138,CTY-018,2026,493273,447691,0.1018,none,0
ASM-003415,PROP-01139,CTY-018,2024,388441,,0.0,none,0
ASM-003416,PROP-01139,CTY-018,2025,424486,388441,0.0928,none,0
ASM-003417,PROP-01139,CTY-018,2026,460267,424486,0.0843,none,0
ASM-003418,PROP-01140,CTY-018,2024,341246,,0.0,none,0
ASM-003419,PROP-01140,CTY-018,2025,375190,341246,0.0995,none,0
ASM-003420,PROP-01140,CTY-018,2026,402762,375190,0.0735,none,0
ASM-003421,PROP-01141,CTY-018,2024,414335,,0.0,none,0
ASM-003422,PROP-01141,CTY-018,2025,469326,414335,0.1327,none,0
ASM-003423,PROP-01141,CTY-018,2026,496027,469326,0.0569,none,0
ASM-003424,PROP-01142,CTY-018,2024,382173,,0.0,none,0
ASM-003425,PROP-01142,CTY-018,2025,420816,382173,0.1011,none,0
ASM-003426,PROP-01142,CTY-018,2026,465395,420816,0.1059,filed,0
ASM-003427,PROP-01143,CTY-018,2024,422278,,0.0,none,0
ASM-003428,PROP-01143,CTY-018,2025,477755,422278,0.1314,won,21245
ASM-003429,PROP-01143,CTY-018,2026,532911,477755,0.1154,none,0
ASM-003430,PROP-01144,CTY-018,2024,356861,,0.0,none,0
ASM-003431,PROP-01144,CTY-018,2025,382879,356861,0.0729,none,0
ASM-003432,PROP-01144,CTY-018,2026,411623,382879,0.0751,none,0
ASM-003433,PROP-01145,CTY-018,2024,382525,,0.0,none,0
ASM-003434,PROP-01145,CTY-018,2025,430528,382525,0.1255,none,0
ASM-003435,PROP-01145,CTY-018,2026,484550,430528,0.1255,won,18572
ASM-003436,PROP-01146,CTY-018,2024,357403,,0.0,none,0
ASM-003437,PROP-01146,CTY-018,2025,403868,357403,0.13,none,0
ASM-003438,PROP-01146,CTY-018,2026,444602,403868,0.1009,none,0
ASM-003439,PROP-01147,CTY-018,2024,344294,,0.0,none,0
ASM-003440,PROP-01147,CTY-018,2025,382801,344294,0.1118,none,0
ASM-003441,PROP-01147,CTY-018,2026,412513,382801,0.0776,none,0
ASM-003442,PROP-01148,CTY-018,2024,355850,,0.0,none,0
ASM-003443,PROP-01148,CTY-018,2025,392544,355850,0.1031,none,0
ASM-003444,PROP-01148,CTY-018,2026,434203,392544,0.1061,lost,0
ASM-003445,PROP-01149,CTY-018,2024,338720,,0.0,none,0
ASM-003446,PROP-01149,CTY-018,2025,361378,338720,0.0669,none,0
ASM-003447,PROP-01149,CTY-018,2026,405962,361378,0.1234,none,0
ASM-003448,PROP-01150,CTY-018,2024,360354,,0.0,none,0
ASM-003449,PROP-01150,CTY-018,2025,391856,360354,0.0874,none,0
ASM-003450,PROP-01150,CTY-018,2026,443496,391856,0.1318,none,0
ASM-003451,PROP-01151,CTY-018,2024,369413,,0.0,none,0
ASM-003452,PROP-01151,CTY-018,2025,396382,369413,0.073,none,0
ASM-003453,PROP-01151,CTY-018,2026,431730,396382,0.0892,none,0
ASM-003454,PROP-01152,CTY-018,2024,360353,,0.0,none,0
ASM-003455,PROP-01152,CTY-018,2025,380578,360353,0.0561,none,0
ASM-003456,PROP-01152,CTY-018,2026,421136,380578,0.1066,none,0
ASM-003457,PROP-01153,CTY-018,2024,428264,,0.0,none,0
ASM-003458,PROP-01153,CTY-018,2025,461326,428264,0.0772,none,0
ASM-003459,PROP-01153,CTY-018,2026,490840,461326,0.064,none,0
ASM-003460,PROP-01154,CTY-018,2024,450667,,0.0,none,0
ASM-003461,PROP-01154,CTY-018,2025,478432,450667,0.0616,none,0
ASM-003462,PROP-01154,CTY-018,2026,516556,478432,0.0797,none,0
ASM-003463,PROP-01155,CTY-018,2024,328800,,0.0,none,0
ASM-003464,PROP-01155,CTY-018,2025,356201,328800,0.0833,none,0
ASM-003465,PROP-01155,CTY-018,2026,386312,356201,0.0845,none,0
ASM-003466,PROP-01156,CTY-018,2024,350318,,0.0,none,0
ASM-003467,PROP-01156,CTY-018,2025,369760,350318,0.0555,none,0
ASM-003468,PROP-01156,CTY-018,2026,395629,369760,0.07,none,0
ASM-003469,PROP-01157,CTY-018,2024,333552,,0.0,none,0
ASM-003470,PROP-01157,CTY-018,2025,359496,333552,0.0778,none,0
ASM-003471,PROP-01157,CTY-018,2026,391841,359496,0.09,none,0
ASM-003472,PROP-01158,CTY-018,2024,344427,,0.0,none,0
ASM-003473,PROP-01158,CTY-018,2025,363901,344427,0.0565,none,0
ASM-003474,PROP-01158,CTY-018,2026,412633,363901,0.1339,won,16584
ASM-003475,PROP-01159,CTY-018,2024,358126,,0.0,none,0
ASM-003476,PROP-01159,CTY-018,2025,401614,358126,0.1214,none,0
ASM-003477,PROP-01159,CTY-018,2026,450086,401614,0.1207,won,20177
ASM-003478,PROP-01160,CTY-018,2024,402652,,0.0,none,0
ASM-003479,PROP-01160,CTY-018,2025,434377,402652,0.0788,none,0
ASM-003480,PROP-01160,CTY-018,2026,477510,434377,0.0993,none,0
ASM-003481,PROP-01161,CTY-018,2024,354152,,0.0,none,0
ASM-003482,PROP-01161,CTY-018,2025,390492,354152,0.1026,none,0
ASM-003483,PROP-01161,CTY-018,2026,442681,390492,0.1336,lost,0
ASM-003484,PROP-01162,CTY-018,2024,403588,,0.0,none,0
ASM-003485,PROP-01162,CTY-018,2025,442833,403588,0.0972,none,0
ASM-003486,PROP-01162,CTY-018,2026,481793,442833,0.088,none,0
ASM-003487,PROP-01163,CTY-018,2024,370330,,0.0,none,0
ASM-003488,PROP-01163,CTY-018,2025,400997,370330,0.0828,none,0
ASM-003489,PROP-01163,CTY-018,2026,429666,400997,0.0715,none,0
ASM-003490,PROP-01164,CTY-018,2024,287162,,0.0,none,0
ASM-003491,PROP-01164,CTY-018,2025,306883,287162,0.0687,none,0
ASM-003492,PROP-01164,CTY-018,2026,325587,306883,0.0609,none,0
ASM-003493,PROP-01165,CTY-018,2024,405080,,0.0,none,0
ASM-003494,PROP-01165,CTY-018,2025,441398,405080,0.0897,none,0
ASM-003495,PROP-01165,CTY-018,2026,468606,441398,0.0616,none,0
ASM-003496,PROP-01166,CTY-017,2024,416036,,0.0,none,0
ASM-003497,PROP-01166,CTY-017,2025,446051,416036,0.0721,none,0
ASM-003498,PROP-01166,CTY-017,2026,469894,446051,0.0535,none,0
ASM-003499,PROP-01167,CTY-017,2024,367392,,0.0,none,0
ASM-003500,PROP-01167,CTY-017,2025,400992,367392,0.0915,filed,0
ASM-003501,PROP-01167,CTY-017,2026,429196,400992,0.0703,none,0
ASM-003502,PROP-01168,CTY-017,2024,390264,,0.0,none,0
ASM-003503,PROP-01168,CTY-017,2025,429529,390264,0.1006,none,0
ASM-003504,PROP-01168,CTY-017,2026,472316,429529,0.0996,none,0
ASM-003505,PROP-01169,CTY-017,2024,503664,,0.0,none,0
ASM-003506,PROP-01169,CTY-017,2025,548319,503664,0.0887,none,0
ASM-003507,PROP-01169,CTY-017,2026,580404,548319,0.0585,none,0
ASM-003508,PROP-01170,CTY-017,2024,472214,,0.0,none,0
ASM-003509,PROP-01170,CTY-017,2025,519012,472214,0.0991,filed,0
ASM-003510,PROP-01170,CTY-017,2026,558573,519012,0.0762,none,0
ASM-003511,PROP-01171,CTY-017,2024,393528,,0.0,none,0
ASM-003512,PROP-01171,CTY-017,2025,428412,393528,0.0886,none,0
ASM-003513,PROP-01171,CTY-017,2026,474679,428412,0.108,lost,0
ASM-003514,PROP-01172,CTY-017,2024,424589,,0.0,none,0
ASM-003515,PROP-01172,CTY-017,2025,456641,424589,0.0755,none,0
ASM-003516,PROP-01172,CTY-017,2026,488172,456641,0.069,none,0
ASM-003517,PROP-01173,CTY-017,2024,441211,,0.0,none,0
ASM-003518,PROP-01173,CTY-017,2025,467026,441211,0.0585,none,0
ASM-003519,PROP-01173,CTY-017,2026,513282,467026,0.099,none,0
ASM-003520,PROP-01174,CTY-017,2024,468246,,0.0,none,0
ASM-003521,PROP-01174,CTY-017,2025,494213,468246,0.0555,none,0
ASM-003522,PROP-01174,CTY-017,2026,524347,494213,0.061,none,0
ASM-003523,PROP-01175,CTY-017,2024,493065,,0.0,none,0
ASM-003524,PROP-01175,CTY-017,2025,523550,493065,0.0618,none,0
ASM-003525,PROP-01175,CTY-017,2026,564793,523550,0.0788,none,0
ASM-003526,PROP-01176,CTY-017,2024,468112,,0.0,none,0
ASM-003527,PROP-01176,CTY-017,2025,509289,468112,0.088,none,0
ASM-003528,PROP-01176,CTY-017,2026,547586,509289,0.0752,none,0
ASM-003529,PROP-01177,CTY-017,2024,485134,,0.0,none,0
ASM-003530,PROP-01177,CTY-017,2025,511614,485134,0.0546,none,0
ASM-003531,PROP-01177,CTY-017,2026,539952,511614,0.0554,none,0
ASM-003532,PROP-01178,CTY-017,2024,452534,,0.0,none,0
ASM-003533,PROP-01178,CTY-017,2025,481834,452534,0.0647,none,0
ASM-003534,PROP-01178,CTY-017,2026,525691,481834,0.091,lost,0
ASM-003535,PROP-01179,CTY-017,2024,382956,,0.0,none,0
ASM-003536,PROP-01179,CTY-017,2025,402090,382956,0.05,none,0
ASM-003537,PROP-01179,CTY-017,2026,425697,402090,0.0587,none,0
ASM-003538,PROP-01180,CTY-017,2024,401408,,0.0,none,0
ASM-003539,PROP-01180,CTY-017,2025,422398,401408,0.0523,none,0
ASM-003540,PROP-01180,CTY-017,2026,448887,422398,0.0627,none,0
ASM-003541,PROP-01181,CTY-017,2024,374721,,0.0,none,0
ASM-003542,PROP-01181,CTY-017,2025,413608,374721,0.1038,none,0
ASM-003543,PROP-01181,CTY-017,2026,440176,413608,0.0642,none,0
ASM-003544,PROP-01182,CTY-017,2024,404740,,0.0,none,0
ASM-003545,PROP-01182,CTY-017,2025,428766,404740,0.0594,none,0
ASM-003546,PROP-01182,CTY-017,2026,454042,428766,0.059,none,0
ASM-003547,PROP-01183,CTY-017,2024,383112,,0.0,none,0
ASM-003548,PROP-01183,CTY-017,2025,421895,383112,0.1012,none,0
ASM-003549,PROP-01183,CTY-017,2026,456913,421895,0.083,none,0
ASM-003550,PROP-01184,CTY-017,2024,396606,,0.0,none,0
ASM-003551,PROP-01184,CTY-017,2025,417649,396606,0.0531,none,0
ASM-003552,PROP-01184,CTY-017,2026,464136,417649,0.1113,none,0
ASM-003553,PROP-01185,CTY-017,2024,441102,,0.0,none,0
ASM-003554,PROP-01185,CTY-017,2025,489277,441102,0.1092,none,0
ASM-003555,PROP-01185,CTY-017,2026,545770,489277,0.1155,none,0
ASM-003556,PROP-01186,CTY-017,2024,444698,,0.0,none,0
ASM-003557,PROP-01186,CTY-017,2025,466873,444698,0.0499,none,0
ASM-003558,PROP-01186,CTY-017,2026,496103,466873,0.0626,none,0
ASM-003559,PROP-01187,CTY-017,2024,372947,,0.0,none,0
ASM-003560,PROP-01187,CTY-017,2025,412727,372947,0.1067,none,0
ASM-003561,PROP-01187,CTY-017,2026,434109,412727,0.0518,none,0
ASM-003562,PROP-01188,CTY-017,2024,458167,,0.0,none,0
ASM-003563,PROP-01188,CTY-017,2025,489375,458167,0.0681,none,0
ASM-003564,PROP-01188,CTY-017,2026,533976,489375,0.0911,won,17291
ASM-003565,PROP-01189,CTY-017,2024,447700,,0.0,none,0
ASM-003566,PROP-01189,CTY-017,2025,471286,447700,0.0527,none,0
ASM-003567,PROP-01189,CTY-017,2026,522178,471286,0.108,none,0
ASM-003568,PROP-01190,CTY-017,2024,386872,,0.0,none,0
ASM-003569,PROP-01190,CTY-017,2025,408975,386872,0.0571,none,0
ASM-003570,PROP-01190,CTY-017,2026,443606,408975,0.0847,none,0
ASM-003571,PROP-01191,CTY-017,2024,466591,,0.0,none,0
ASM-003572,PROP-01191,CTY-017,2025,511120,466591,0.0954,none,0
ASM-003573,PROP-01191,CTY-017,2026,558773,511120,0.0932,none,0
ASM-003574,PROP-01192,CTY-017,2024,442037,,0.0,none,0
ASM-003575,PROP-01192,CTY-017,2025,492409,442037,0.114,none,0
ASM-003576,PROP-01192,CTY-017,2026,543674,492409,0.1041,none,0
ASM-003577,PROP-01193,CTY-017,2024,429216,,0.0,none,0
ASM-003578,PROP-01193,CTY-017,2025,479066,429216,0.1161,none,0
ASM-003579,PROP-01193,CTY-017,2026,524613,479066,0.0951,none,0
ASM-003580,PROP-01194,CTY-017,2024,362905,,0.0,none,0
ASM-003581,PROP-01194,CTY-017,2025,402468,362905,0.109,none,0
ASM-003582,PROP-01194,CTY-017,2026,446917,402468,0.1104,none,0
ASM-003583,PROP-01195,CTY-017,2024,388170,,0.0,none,0
ASM-003584,PROP-01195,CTY-017,2025,428507,388170,0.1039,none,0
ASM-003585,PROP-01195,CTY-017,2026,449879,428507,0.0499,none,0
ASM-003586,PROP-01196,CTY-017,2024,514629,,0.0,none,0
ASM-003587,PROP-01196,CTY-017,2025,542063,514629,0.0533,none,0
ASM-003588,PROP-01196,CTY-017,2026,589391,542063,0.0873,none,0
ASM-003589,PROP-01197,CTY-017,2024,410703,,0.0,none,0
ASM-003590,PROP-01197,CTY-017,2025,455705,410703,0.1096,filed,0
ASM-003591,PROP-01197,CTY-017,2026,480810,455705,0.0551,none,0
ASM-003592,PROP-01198,CTY-017,2024,419753,,0.0,none,0
ASM-003593,PROP-01198,CTY-017,2025,448429,419753,0.0683,none,0
ASM-003594,PROP-01198,CTY-017,2026,477927,448429,0.0658,none,0
ASM-003595,PROP-01199,CTY-017,2024,442904,,0.0,none,0
ASM-003596,PROP-01199,CTY-017,2025,478262,442904,0.0798,none,0
ASM-003597,PROP-01199,CTY-017,2026,510635,478262,0.0677,none,0
ASM-003598,PROP-01200,CTY-017,2024,412390,,0.0,none,0
ASM-003599,PROP-01200,CTY-017,2025,432865,412390,0.0496,none,0
ASM-003600,PROP-01200,CTY-017,2026,478783,432865,0.1061,won,45245
ASM-003601,PROP-01201,CTY-017,2024,489218,,0.0,none,0
ASM-003602,PROP-01201,CTY-017,2025,527676,489218,0.0786,none,0
ASM-003603,PROP-01201,CTY-017,2026,573220,527676,0.0863,none,0
ASM-003604,PROP-01202,CTY-018,2024,305591,,0.0,none,0
ASM-003605,PROP-01202,CTY-018,2025,341183,305591,0.1165,none,0
ASM-003606,PROP-01202,CTY-018,2026,368524,341183,0.0801,none,0
ASM-003607,PROP-01203,CTY-018,2024,262671,,0.0,none,0
ASM-003608,PROP-01203,CTY-018,2025,296407,262671,0.1284,none,0
ASM-003609,PROP-01203,CTY-018,2026,328130,296407,0.107,filed,0
ASM-003610,PROP-01204,CTY-018,2024,308679,,0.0,none,0
ASM-003611,PROP-01204,CTY-018,2025,334986,308679,0.0852,none,0
ASM-003612,PROP-01204,CTY-018,2026,374160,334986,0.1169,none,0
ASM-003613,PROP-01205,CTY-018,2024,277138,,0.0,none,0
ASM-003614,PROP-01205,CTY-018,2025,313185,277138,0.1301,none,0
ASM-003615,PROP-01205,CTY-018,2026,334193,313185,0.0671,none,0
ASM-003616,PROP-01206,CTY-018,2024,272082,,0.0,none,0
ASM-003617,PROP-01206,CTY-018,2025,286829,272082,0.0542,none,0
ASM-003618,PROP-01206,CTY-018,2026,305356,286829,0.0646,none,0
ASM-003619,PROP-01207,CTY-018,2024,300151,,0.0,none,0
ASM-003620,PROP-01207,CTY-018,2025,333478,300151,0.111,filed,0
ASM-003621,PROP-01207,CTY-018,2026,364028,333478,0.0916,none,0
ASM-003622,PROP-01208,CTY-018,2024,253341,,0.0,none,0
ASM-003623,PROP-01208,CTY-018,2025,279858,253341,0.1047,none,0
ASM-003624,PROP-01208,CTY-018,2026,312919,279858,0.1181,lost,0
ASM-003625,PROP-01209,CTY-018,2024,255476,,0.0,none,0
ASM-003626,PROP-01209,CTY-018,2025,269516,255476,0.055,none,0
ASM-003627,PROP-01209,CTY-018,2026,297677,269516,0.1045,won,29598
ASM-003628,PROP-01210,CTY-018,2024,339418,,0.0,none,0
ASM-003629,PROP-01210,CTY-018,2025,384405,339418,0.1325,none,0
ASM-003630,PROP-01210,CTY-018,2026,434603,384405,0.1306,filed,0
ASM-003631,PROP-01211,CTY-018,2024,300103,,0.0,none,0
ASM-003632,PROP-01211,CTY-018,2025,322928,300103,0.0761,none,0
ASM-003633,PROP-01211,CTY-018,2026,340349,322928,0.0539,none,0
ASM-003634,PROP-01212,CTY-018,2024,286651,,0.0,none,0
ASM-003635,PROP-01212,CTY-018,2025,312556,286651,0.0904,lost,0
ASM-003636,PROP-01212,CTY-018,2026,330023,312556,0.0559,none,0
ASM-003637,PROP-01213,CTY-018,2024,244994,,0.0,none,0
ASM-003638,PROP-01213,CTY-018,2025,261823,244994,0.0687,none,0
ASM-003639,PROP-01213,CTY-018,2026,291900,261823,0.1149,won,30815
ASM-003640,PROP-01214,CTY-018,2024,307101,,0.0,none,0
ASM-003641,PROP-01214,CTY-018,2025,343143,307101,0.1174,none,0
ASM-003642,PROP-01214,CTY-018,2026,371365,343143,0.0822,none,0
ASM-003643,PROP-01215,CTY-018,2024,260358,,0.0,none,0
ASM-003644,PROP-01215,CTY-018,2025,282290,260358,0.0842,none,0
ASM-003645,PROP-01215,CTY-018,2026,306036,282290,0.0841,none,0
ASM-003646,PROP-01216,CTY-018,2024,271495,,0.0,none,0
ASM-003647,PROP-01216,CTY-018,2025,287677,271495,0.0596,none,0
ASM-003648,PROP-01216,CTY-018,2026,324678,287677,0.1286,none,0
ASM-003649,PROP-01217,CTY-018,2024,302876,,0.0,none,0
ASM-003650,PROP-01217,CTY-018,2025,327530,302876,0.0814,none,0
ASM-003651,PROP-01217,CTY-018,2026,363899,327530,0.111,none,0
ASM-003652,PROP-01218,CTY-018,2024,249784,,0.0,none,0
ASM-003653,PROP-01218,CTY-018,2025,277701,249784,0.1118,filed,0
ASM-003654,PROP-01218,CTY-018,2026,298690,277701,0.0756,none,0
ASM-003655,PROP-01219,CTY-018,2024,278518,,0.0,none,0
ASM-003656,PROP-01219,CTY-018,2025,310021,278518,0.1131,filed,0
ASM-003657,PROP-01219,CTY-018,2026,347135,310021,0.1197,none,0
ASM-003658,PROP-01220,CTY-018,2024,300625,,0.0,none,0
ASM-003659,PROP-01220,CTY-018,2025,326330,300625,0.0855,none,0
ASM-003660,PROP-01220,CTY-018,2026,363717,326330,0.1146,none,0
ASM-003661,PROP-01221,CTY-018,2024,233469,,0.0,none,0
ASM-003662,PROP-01221,CTY-018,2025,248853,233469,0.0659,none,0
ASM-003663,PROP-01221,CTY-018,2026,267423,248853,0.0746,none,0
ASM-003664,PROP-01222,CTY-018,2024,332343,,0.0,none,0
ASM-003665,PROP-01222,CTY-018,2025,361904,332343,0.0889,none,0
ASM-003666,PROP-01222,CTY-018,2026,383652,361904,0.0601,none,0
ASM-003667,PROP-01223,CTY-018,2024,338962,,0.0,none,0
ASM-003668,PROP-01223,CTY-018,2025,368910,338962,0.0884,none,0
ASM-003669,PROP-01223,CTY-018,2026,396057,368910,0.0736,none,0
ASM-003670,PROP-01224,CTY-018,2024,257091,,0.0,none,0
ASM-003671,PROP-01224,CTY-018,2025,288084,257091,0.1206,none,0
ASM-003672,PROP-01224,CTY-018,2026,320923,288084,0.114,none,0
ASM-003673,PROP-01225,CTY-018,2024,295327,,0.0,none,0
ASM-003674,PROP-01225,CTY-018,2025,318330,295327,0.0779,none,0
ASM-003675,PROP-01225,CTY-018,2026,347630,318330,0.092,none,0
ASM-003676,PROP-01226,CTY-018,2024,259101,,0.0,none,0
ASM-003677,PROP-01226,CTY-018,2025,277165,259101,0.0697,none,0
ASM-003678,PROP-01226,CTY-018,2026,296777,277165,0.0708,none,0
ASM-003679,PROP-01227,CTY-018,2024,253612,,0.0,none,0
ASM-003680,PROP-01227,CTY-018,2025,282119,253612,0.1124,none,0
ASM-003681,PROP-01227,CTY-018,2026,317445,282119,0.1252,none,0
ASM-003682,PROP-01228,CTY-018,2024,330627,,0.0,none,0
ASM-003683,PROP-01228,CTY-018,2025,354385,330627,0.0719,none,0
ASM-003684,PROP-01228,CTY-018,2026,373972,354385,0.0553,none,0
ASM-003685,PROP-01229,CTY-018,2024,282979,,0.0,none,0
ASM-003686,PROP-01229,CTY-018,2025,304567,282979,0.0763,none,0
ASM-003687,PROP-01229,CTY-018,2026,327898,304567,0.0766,none,0
ASM-003688,PROP-01230,CTY-018,2024,282287,,0.0,none,0
ASM-003689,PROP-01230,CTY-018,2025,305419,282287,0.0819,none,0
ASM-003690,PROP-01230,CTY-018,2026,332438,305419,0.0885,none,0
ASM-003691,PROP-01231,CTY-018,2024,288877,,0.0,none,0
ASM-003692,PROP-01231,CTY-018,2025,309256,288877,0.0705,none,0
ASM-003693,PROP-01231,CTY-018,2026,336138,309256,0.0869,none,0
ASM-003694,PROP-01232,CTY-018,2024,238565,,0.0,none,0
ASM-003695,PROP-01232,CTY-018,2025,256104,238565,0.0735,none,0
ASM-003696,PROP-01232,CTY-018,2026,286551,256104,0.1189,none,0
ASM-003697,PROP-01233,CTY-018,2024,248746,,0.0,none,0
ASM-003698,PROP-01233,CTY-018,2025,269214,248746,0.0823,none,0
ASM-003699,PROP-01233,CTY-018,2026,286539,269214,0.0644,none,0
ASM-003700,PROP-01234,CTY-018,2024,347410,,0.0,none,0
ASM-003701,PROP-01234,CTY-018,2025,380316,347410,0.0947,none,0
ASM-003702,PROP-01234,CTY-018,2026,420499,380316,0.1057,none,0
ASM-003703,PROP-01235,CTY-018,2024,269947,,0.0,none,0
ASM-003704,PROP-01235,CTY-018,2025,305145,269947,0.1304,none,0
ASM-003705,PROP-01235,CTY-018,2026,325357,305145,0.0662,none,0
ASM-003706,PROP-01236,CTY-018,2024,286696,,0.0,none,0
ASM-003707,PROP-01236,CTY-018,2025,311956,286696,0.0881,none,0
ASM-003708,PROP-01236,CTY-018,2026,339731,311956,0.089,none,0
ASM-003709,PROP-01237,CTY-018,2024,262650,,0.0,none,0
ASM-003710,PROP-01237,CTY-018,2025,288144,262650,0.0971,none,0
ASM-003711,PROP-01237,CTY-018,2026,304885,288144,0.0581,none,0
ASM-003712,PROP-01238,CTY-018,2024,306181,,0.0,none,0
ASM-003713,PROP-01238,CTY-018,2025,328226,306181,0.072,none,0
ASM-003714,PROP-01238,CTY-018,2026,354399,328226,0.0797,none,0
ASM-003715,PROP-01239,CTY-018,2024,303978,,0.0,none,0
ASM-003716,PROP-01239,CTY-018,2025,327010,303978,0.0758,none,0
ASM-003717,PROP-01239,CTY-018,2026,355520,327010,0.0872,none,0
ASM-003718,PROP-01240,CTY-018,2024,256705,,0.0,none,0
ASM-003719,PROP-01240,CTY-018,2025,279769,256705,0.0898,none,0
ASM-003720,PROP-01240,CTY-018,2026,298626,279769,0.0674,none,0
ASM-003721,PROP-01241,CTY-018,2024,270033,,0.0,none,0
ASM-003722,PROP-01241,CTY-018,2025,302856,270033,0.1216,won,26052
ASM-003723,PROP-01241,CTY-018,2026,341091,302856,0.1262,none,0
ASM-003724,PROP-01242,CTY-020,2024,371757,,0.0,none,0
ASM-003725,PROP-01242,CTY-020,2025,394793,371757,0.062,none,0
ASM-003726,PROP-01242,CTY-020,2026,423161,394793,0.0719,none,0
ASM-003727,PROP-01243,CTY-020,2024,386016,,0.0,none,0
ASM-003728,PROP-01243,CTY-020,2025,404166,386016,0.047,none,0
ASM-003729,PROP-01243,CTY-020,2026,438947,404166,0.0861,none,0
ASM-003730,PROP-01244,CTY-020,2024,444609,,0.0,none,0
ASM-003731,PROP-01244,CTY-020,2025,471841,444609,0.0612,none,0
ASM-003732,PROP-01244,CTY-020,2026,501314,471841,0.0625,none,0
ASM-003733,PROP-01245,CTY-020,2024,413729,,0.0,none,0
ASM-003734,PROP-01245,CTY-020,2025,440406,413729,0.0645,none,0
ASM-003735,PROP-01245,CTY-020,2026,477644,440406,0.0846,none,0
ASM-003736,PROP-01246,CTY-020,2024,409177,,0.0,none,0
ASM-003737,PROP-01246,CTY-020,2025,430144,409177,0.0512,none,0
ASM-003738,PROP-01246,CTY-020,2026,470143,430144,0.093,none,0
ASM-003739,PROP-01247,CTY-020,2024,426875,,0.0,none,0
ASM-003740,PROP-01247,CTY-020,2025,470113,426875,0.1013,none,0
ASM-003741,PROP-01247,CTY-020,2026,498363,470113,0.0601,none,0
ASM-003742,PROP-01248,CTY-020,2024,388522,,0.0,none,0
ASM-003743,PROP-01248,CTY-020,2025,413083,388522,0.0632,none,0
ASM-003744,PROP-01248,CTY-020,2026,434253,413083,0.0512,none,0
ASM-003745,PROP-01249,CTY-020,2024,397852,,0.0,none,0
ASM-003746,PROP-01249,CTY-020,2025,432002,397852,0.0858,none,0
ASM-003747,PROP-01249,CTY-020,2026,463427,432002,0.0727,none,0
ASM-003748,PROP-01250,CTY-020,2024,453521,,0.0,none,0
ASM-003749,PROP-01250,CTY-020,2025,482696,453521,0.0643,none,0
ASM-003750,PROP-01250,CTY-020,2026,531859,482696,0.1019,none,0
ASM-003751,PROP-01251,CTY-020,2024,503949,,0.0,none,0
ASM-003752,PROP-01251,CTY-020,2025,534998,503949,0.0616,none,0
ASM-003753,PROP-01251,CTY-020,2026,577612,534998,0.0797,none,0
ASM-003754,PROP-01252,CTY-020,2024,414741,,0.0,none,0
ASM-003755,PROP-01252,CTY-020,2025,439782,414741,0.0604,none,0
ASM-003756,PROP-01252,CTY-020,2026,476740,439782,0.084,none,0
ASM-003757,PROP-01253,CTY-020,2024,391043,,0.0,none,0
ASM-003758,PROP-01253,CTY-020,2025,421528,391043,0.078,none,0
ASM-003759,PROP-01253,CTY-020,2026,442970,421528,0.0509,none,0
ASM-003760,PROP-01254,CTY-020,2024,387735,,0.0,none,0
ASM-003761,PROP-01254,CTY-020,2025,410661,387735,0.0591,none,0
ASM-003762,PROP-01254,CTY-020,2026,429742,410661,0.0465,none,0
ASM-003763,PROP-01255,CTY-020,2024,418896,,0.0,none,0
ASM-003764,PROP-01255,CTY-020,2025,452793,418896,0.0809,none,0
ASM-003765,PROP-01255,CTY-020,2026,492217,452793,0.0871,none,0
ASM-003766,PROP-01256,CTY-020,2024,379126,,0.0,none,0
ASM-003767,PROP-01256,CTY-020,2025,399911,379126,0.0548,none,0
ASM-003768,PROP-01256,CTY-020,2026,426401,399911,0.0662,none,0
ASM-003769,PROP-01257,CTY-020,2024,478818,,0.0,none,0
ASM-003770,PROP-01257,CTY-020,2025,503659,478818,0.0519,none,0
ASM-003771,PROP-01257,CTY-020,2026,554619,503659,0.1012,none,0
ASM-003772,PROP-01258,CTY-020,2024,395515,,0.0,none,0
ASM-003773,PROP-01258,CTY-020,2025,412547,395515,0.0431,none,0
ASM-003774,PROP-01258,CTY-020,2026,438363,412547,0.0626,none,0
ASM-003775,PROP-01259,CTY-020,2024,417991,,0.0,none,0
ASM-003776,PROP-01259,CTY-020,2025,447857,417991,0.0715,none,0
ASM-003777,PROP-01259,CTY-020,2026,476567,447857,0.0641,none,0
ASM-003778,PROP-01260,CTY-020,2024,470129,,0.0,none,0
ASM-003779,PROP-01260,CTY-020,2025,497033,470129,0.0572,none,0
ASM-003780,PROP-01260,CTY-020,2026,529596,497033,0.0655,none,0
ASM-003781,PROP-01261,CTY-020,2024,439501,,0.0,none,0
ASM-003782,PROP-01261,CTY-020,2025,472728,439501,0.0756,none,0
ASM-003783,PROP-01261,CTY-020,2026,506941,472728,0.0724,none,0
ASM-003784,PROP-01262,CTY-020,2024,323382,,0.0,none,0
ASM-003785,PROP-01262,CTY-020,2025,337866,323382,0.0448,none,0
ASM-003786,PROP-01262,CTY-020,2026,364493,337866,0.0788,none,0
ASM-003787,PROP-01263,CTY-020,2024,455823,,0.0,none,0
ASM-003788,PROP-01263,CTY-020,2025,486133,455823,0.0665,none,0
ASM-003789,PROP-01263,CTY-020,2026,510971,486133,0.0511,none,0
ASM-003790,PROP-01264,CTY-020,2024,492479,,0.0,none,0
ASM-003791,PROP-01264,CTY-020,2025,527834,492479,0.0718,none,0
ASM-003792,PROP-01264,CTY-020,2026,572350,527834,0.0843,none,0
ASM-003793,PROP-01265,CTY-020,2024,500641,,0.0,none,0
ASM-003794,PROP-01265,CTY-020,2025,537296,500641,0.0732,none,0
ASM-003795,PROP-01265,CTY-020,2026,574598,537296,0.0694,none,0
ASM-003796,PROP-01266,CTY-020,2024,410790,,0.0,none,0
ASM-003797,PROP-01266,CTY-020,2025,447475,410790,0.0893,none,0
ASM-003798,PROP-01266,CTY-020,2026,483363,447475,0.0802,none,0
ASM-003799,PROP-01267,CTY-020,2024,350160,,0.0,none,0
ASM-003800,PROP-01267,CTY-020,2025,370936,350160,0.0593,none,0
ASM-003801,PROP-01267,CTY-020,2026,387757,370936,0.0453,none,0
ASM-003802,PROP-01268,CTY-020,2024,416389,,0.0,none,0
ASM-003803,PROP-01268,CTY-020,2025,436349,416389,0.0479,none,0
ASM-003804,PROP-01268,CTY-020,2026,472964,436349,0.0839,none,0
ASM-003805,PROP-01269,CTY-020,2024,533042,,0.0,none,0
ASM-003806,PROP-01269,CTY-020,2025,573793,533042,0.0764,none,0
ASM-003807,PROP-01269,CTY-020,2026,623153,573793,0.086,none,0
ASM-003808,PROP-01270,CTY-020,2024,458348,,0.0,none,0
ASM-003809,PROP-01270,CTY-020,2025,490409,458348,0.0699,none,0
ASM-003810,PROP-01270,CTY-020,2026,524530,490409,0.0696,none,0
ASM-003811,PROP-01271,CTY-020,2024,414439,,0.0,none,0
ASM-003812,PROP-01271,CTY-020,2025,440675,414439,0.0633,none,0
ASM-003813,PROP-01271,CTY-020,2026,473922,440675,0.0754,none,0
ASM-003814,PROP-01272,CTY-020,2024,471185,,0.0,none,0
ASM-003815,PROP-01272,CTY-020,2025,490663,471185,0.0413,none,0
ASM-003816,PROP-01272,CTY-020,2026,523314,490663,0.0665,none,0
ASM-003817,PROP-01273,CTY-020,2024,378158,,0.0,none,0
ASM-003818,PROP-01273,CTY-020,2025,416312,378158,0.1009,lost,0
ASM-003819,PROP-01273,CTY-020,2026,451233,416312,0.0839,none,0
ASM-003820,PROP-01274,CTY-020,2024,397246,,0.0,none,0
ASM-003821,PROP-01274,CTY-020,2025,435108,397246,0.0953,none,0
ASM-003822,PROP-01274,CTY-020,2026,459541,435108,0.0562,none,0
ASM-003823,PROP-01275,CTY-020,2024,475700,,0.0,none,0
ASM-003824,PROP-01275,CTY-020,2025,517235,475700,0.0873,none,0
ASM-003825,PROP-01275,CTY-020,2026,542575,517235,0.049,none,0
ASM-003826,PROP-01276,CTY-020,2024,364583,,0.0,none,0
ASM-003827,PROP-01276,CTY-020,2025,387940,364583,0.0641,none,0
ASM-003828,PROP-01276,CTY-020,2026,420763,387940,0.0846,none,0
ASM-003829,PROP-01277,CTY-020,2024,440371,,0.0,none,0
ASM-003830,PROP-01277,CTY-020,2025,472654,440371,0.0733,none,0
ASM-003831,PROP-01277,CTY-020,2026,504682,472654,0.0678,none,0
ASM-003832,PROP-01278,CTY-020,2024,332182,,0.0,none,0
ASM-003833,PROP-01278,CTY-020,2025,350826,332182,0.0561,none,0
ASM-003834,PROP-01278,CTY-020,2026,382663,350826,0.0907,none,0
ASM-003835,PROP-01279,CTY-020,2024,360164,,0.0,none,0
ASM-003836,PROP-01279,CTY-020,2025,393038,360164,0.0913,won,35039
ASM-003837,PROP-01279,CTY-020,2026,416928,393038,0.0608,none,0
ASM-003838,PROP-01280,CTY-020,2024,396430,,0.0,none,0
ASM-003839,PROP-01280,CTY-020,2025,413233,396430,0.0424,none,0
ASM-003840,PROP-01280,CTY-020,2026,445063,413233,0.077,none,0
ASM-003841,PROP-01281,CTY-020,2024,394989,,0.0,none,0
ASM-003842,PROP-01281,CTY-020,2025,428611,394989,0.0851,none,0
ASM-003843,PROP-01281,CTY-020,2026,449133,428611,0.0479,none,0
ASM-003844,PROP-01282,CTY-020,2024,358801,,0.0,none,0
ASM-003845,PROP-01282,CTY-020,2025,375722,358801,0.0472,none,0
ASM-003846,PROP-01282,CTY-020,2026,399067,375722,0.0621,none,0
ASM-003847,PROP-01283,CTY-020,2024,455605,,0.0,none,0
ASM-003848,PROP-01283,CTY-020,2025,492011,455605,0.0799,none,0
ASM-003849,PROP-01283,CTY-020,2026,520484,492011,0.0579,none,0
ASM-003850,PROP-01284,CTY-020,2024,359617,,0.0,none,0
ASM-003851,PROP-01284,CTY-020,2025,382311,359617,0.0631,none,0
ASM-003852,PROP-01284,CTY-020,2026,418705,382311,0.0952,none,0
ASM-003853,PROP-01285,CTY-020,2024,319143,,0.0,none,0
ASM-003854,PROP-01285,CTY-020,2025,338609,319143,0.061,none,0
ASM-003855,PROP-01285,CTY-020,2026,353819,338609,0.0449,none,0
ASM-003856,PROP-01286,CTY-020,2024,392512,,0.0,none,0
ASM-003857,PROP-01286,CTY-020,2025,425104,392512,0.083,none,0
ASM-003858,PROP-01286,CTY-020,2026,446896,425104,0.0513,none,0
ASM-003859,PROP-01287,CTY-020,2024,466739,,0.0,none,0
ASM-003860,PROP-01287,CTY-020,2025,506631,466739,0.0855,none,0
ASM-003861,PROP-01287,CTY-020,2026,557719,506631,0.1008,none,0
ASM-003862,PROP-01288,CTY-020,2024,408728,,0.0,none,0
ASM-003863,PROP-01288,CTY-020,2025,429139,408728,0.0499,none,0
ASM-003864,PROP-01288,CTY-020,2026,449746,429139,0.048,none,0
ASM-003865,PROP-01289,CTY-020,2024,366216,,0.0,none,0
ASM-003866,PROP-01289,CTY-020,2025,387947,366216,0.0593,none,0
ASM-003867,PROP-01289,CTY-020,2026,424045,387947,0.093,none,0
ASM-003868,PROP-01290,CTY-020,2024,413439,,0.0,none,0
ASM-003869,PROP-01290,CTY-020,2025,449255,413439,0.0866,none,0
ASM-003870,PROP-01290,CTY-020,2026,482455,449255,0.0739,none,0
ASM-003871,PROP-01291,CTY-020,2024,346587,,0.0,none,0
ASM-003872,PROP-01291,CTY-020,2025,369212,346587,0.0653,none,0
ASM-003873,PROP-01291,CTY-020,2026,394818,369212,0.0694,none,0
ASM-003874,PROP-01292,CTY-020,2024,358694,,0.0,none,0
ASM-003875,PROP-01292,CTY-020,2025,388854,358694,0.0841,none,0
ASM-003876,PROP-01292,CTY-020,2026,414646,388854,0.0663,none,0
ASM-003877,PROP-01293,CTY-020,2024,454302,,0.0,none,0
ASM-003878,PROP-01293,CTY-020,2025,481848,454302,0.0606,none,0
ASM-003879,PROP-01293,CTY-020,2026,523415,481848,0.0863,none,0
ASM-003880,PROP-01294,CTY-020,2024,454011,,0.0,none,0
ASM-003881,PROP-01294,CTY-020,2025,482049,454011,0.0618,none,0
ASM-003882,PROP-01294,CTY-020,2026,516014,482049,0.0705,none,0
ASM-003883,PROP-01295,CTY-020,2024,404755,,0.0,none,0
ASM-003884,PROP-01295,CTY-020,2025,435377,404755,0.0757,none,0
ASM-003885,PROP-01295,CTY-020,2026,465993,435377,0.0703,none,0
ASM-003886,PROP-01296,CTY-020,2024,470038,,0.0,none,0
ASM-003887,PROP-01296,CTY-020,2025,510293,470038,0.0856,none,0
ASM-003888,PROP-01296,CTY-020,2026,555923,510293,0.0894,none,0
ASM-003889,PROP-01297,CTY-021,2024,276786,,0.0,none,0
ASM-003890,PROP-01297,CTY-021,2025,304123,276786,0.0988,none,0
ASM-003891,PROP-01297,CTY-021,2026,333627,304123,0.097,none,0
ASM-003892,PROP-01298,CTY-021,2024,334040,,0.0,none,0
ASM-003893,PROP-01298,CTY-021,2025,351640,334040,0.0527,none,0
ASM-003894,PROP-01298,CTY-021,2026,384833,351640,0.0944,none,0
ASM-003895,PROP-01299,CTY-021,2024,347349,,0.0,none,0
ASM-003896,PROP-01299,CTY-021,2025,377786,347349,0.0876,none,0
ASM-003897,PROP-01299,CTY-021,2026,402822,377786,0.0663,none,0
ASM-003898,PROP-01300,CTY-021,2024,280679,,0.0,none,0
ASM-003899,PROP-01300,CTY-021,2025,299040,280679,0.0654,none,0
ASM-003900,PROP-01300,CTY-021,2026,324077,299040,0.0837,none,0
ASM-003901,PROP-01301,CTY-021,2024,261479,,0.0,none,0
ASM-003902,PROP-01301,CTY-021,2025,274530,261479,0.0499,none,0
ASM-003903,PROP-01301,CTY-021,2026,286810,274530,0.0447,none,0
ASM-003904,PROP-01302,CTY-021,2024,319344,,0.0,none,0
ASM-003905,PROP-01302,CTY-021,2025,343590,319344,0.0759,none,0
ASM-003906,PROP-01302,CTY-021,2026,367391,343590,0.0693,none,0
ASM-003907,PROP-01303,CTY-021,2024,294777,,0.0,none,0
ASM-003908,PROP-01303,CTY-021,2025,314190,294777,0.0659,none,0
ASM-003909,PROP-01303,CTY-021,2026,339122,314190,0.0794,none,0
ASM-003910,PROP-01304,CTY-021,2024,322515,,0.0,none,0
ASM-003911,PROP-01304,CTY-021,2025,345906,322515,0.0725,none,0
ASM-003912,PROP-01304,CTY-021,2026,365683,345906,0.0572,none,0
ASM-003913,PROP-01305,CTY-021,2024,313646,,0.0,none,0
ASM-003914,PROP-01305,CTY-021,2025,335830,313646,0.0707,none,0
ASM-003915,PROP-01305,CTY-021,2026,353943,335830,0.0539,none,0
ASM-003916,PROP-01306,CTY-021,2024,283760,,0.0,none,0
ASM-003917,PROP-01306,CTY-021,2025,307797,283760,0.0847,none,0
ASM-003918,PROP-01306,CTY-021,2026,339770,307797,0.1039,won,27738
ASM-003919,PROP-01307,CTY-021,2024,272772,,0.0,none,0
ASM-003920,PROP-01307,CTY-021,2025,293199,272772,0.0749,none,0
ASM-003921,PROP-01307,CTY-021,2026,309728,293199,0.0564,none,0
ASM-003922,PROP-01308,CTY-021,2024,368790,,0.0,none,0
ASM-003923,PROP-01308,CTY-021,2025,395792,368790,0.0732,none,0
ASM-003924,PROP-01308,CTY-021,2026,422969,395792,0.0687,none,0
ASM-003925,PROP-01309,CTY-021,2024,269246,,0.0,none,0
ASM-003926,PROP-01309,CTY-021,2025,293834,269246,0.0913,none,0
ASM-003927,PROP-01309,CTY-021,2026,323263,293834,0.1002,none,0
ASM-003928,PROP-01310,CTY-021,2024,300603,,0.0,none,0
ASM-003929,PROP-01310,CTY-021,2025,332366,300603,0.1057,none,0
ASM-003930,PROP-01310,CTY-021,2026,346720,332366,0.0432,none,0
ASM-003931,PROP-01311,CTY-021,2024,304243,,0.0,none,0
ASM-003932,PROP-01311,CTY-021,2025,325809,304243,0.0709,none,0
ASM-003933,PROP-01311,CTY-021,2026,355655,325809,0.0916,none,0
ASM-003934,PROP-01312,CTY-021,2024,253426,,0.0,none,0
ASM-003935,PROP-01312,CTY-021,2025,278950,253426,0.1007,none,0
ASM-003936,PROP-01312,CTY-021,2026,303657,278950,0.0886,none,0
ASM-003937,PROP-01313,CTY-021,2024,338137,,0.0,none,0
ASM-003938,PROP-01313,CTY-021,2025,356093,338137,0.0531,none,0
ASM-003939,PROP-01313,CTY-021,2026,384098,356093,0.0786,none,0
ASM-003940,PROP-01314,CTY-021,2024,282345,,0.0,none,0
ASM-003941,PROP-01314,CTY-021,2025,298065,282345,0.0557,none,0
ASM-003942,PROP-01314,CTY-021,2026,319020,298065,0.0703,none,0
ASM-003943,PROP-01315,CTY-021,2024,373340,,0.0,none,0
ASM-003944,PROP-01315,CTY-021,2025,401984,373340,0.0767,none,0
ASM-003945,PROP-01315,CTY-021,2026,429165,401984,0.0676,none,0
ASM-003946,PROP-01316,CTY-021,2024,262960,,0.0,none,0
ASM-003947,PROP-01316,CTY-021,2025,277317,262960,0.0546,none,0
ASM-003948,PROP-01316,CTY-021,2026,299663,277317,0.0806,none,0
ASM-003949,PROP-01317,CTY-021,2024,327338,,0.0,none,0
ASM-003950,PROP-01317,CTY-021,2025,345828,327338,0.0565,none,0
ASM-003951,PROP-01317,CTY-021,2026,380619,345828,0.1006,lost,0
ASM-003952,PROP-01318,CTY-021,2024,344645,,0.0,none,0
ASM-003953,PROP-01318,CTY-021,2025,369875,344645,0.0732,none,0
ASM-003954,PROP-01318,CTY-021,2026,390739,369875,0.0564,none,0
ASM-003955,PROP-01319,CTY-021,2024,360581,,0.0,none,0
ASM-003956,PROP-01319,CTY-021,2025,397437,360581,0.1022,none,0
ASM-003957,PROP-01319,CTY-021,2026,419567,397437,0.0557,none,0
ASM-003958,PROP-01320,CTY-021,2024,314484,,0.0,none,0
ASM-003959,PROP-01320,CTY-021,2025,333386,314484,0.0601,none,0
ASM-003960,PROP-01320,CTY-021,2026,353793,333386,0.0612,none,0
ASM-003961,PROP-01321,CTY-021,2024,268154,,0.0,none,0
ASM-003962,PROP-01321,CTY-021,2025,296096,268154,0.1042,none,0
ASM-003963,PROP-01321,CTY-021,2026,316767,296096,0.0698,none,0
ASM-003964,PROP-01322,CTY-021,2024,338610,,0.0,none,0
ASM-003965,PROP-01322,CTY-021,2025,365043,338610,0.0781,none,0
ASM-003966,PROP-01322,CTY-021,2026,395297,365043,0.0829,none,0
ASM-003967,PROP-01323,CTY-021,2024,280360,,0.0,none,0
ASM-003968,PROP-01323,CTY-021,2025,307355,280360,0.0963,lost,0
ASM-003969,PROP-01323,CTY-021,2026,320635,307355,0.0432,none,0
ASM-003970,PROP-01324,CTY-021,2024,323695,,0.0,none,0
ASM-003971,PROP-01324,CTY-021,2025,352117,323695,0.0878,none,0
ASM-003972,PROP-01324,CTY-021,2026,384675,352117,0.0925,none,0
ASM-003973,PROP-01325,CTY-021,2024,292281,,0.0,none,0
ASM-003974,PROP-01325,CTY-021,2025,306658,292281,0.0492,none,0
ASM-003975,PROP-01325,CTY-021,2026,327211,306658,0.067,none,0
ASM-003976,PROP-01326,CTY-021,2024,306721,,0.0,none,0
ASM-003977,PROP-01326,CTY-021,2025,323480,306721,0.0546,none,0
ASM-003978,PROP-01326,CTY-021,2026,343242,323480,0.0611,none,0
ASM-003979,PROP-01327,CTY-021,2024,263473,,0.0,none,0
ASM-003980,PROP-01327,CTY-021,2025,289321,263473,0.0981,won,14733
ASM-003981,PROP-01327,CTY-021,2026,308678,289321,0.0669,none,0
ASM-003982,PROP-01328,CTY-021,2024,314415,,0.0,none,0
ASM-003983,PROP-01328,CTY-021,2025,332120,314415,0.0563,none,0
ASM-003984,PROP-01328,CTY-021,2026,350792,332120,0.0562,none,0
ASM-003985,PROP-01329,CTY-021,2024,342178,,0.0,none,0
ASM-003986,PROP-01329,CTY-021,2025,372215,342178,0.0878,none,0
ASM-003987,PROP-01329,CTY-021,2026,400745,372215,0.0766,none,0
ASM-003988,PROP-01330,CTY-021,2024,310103,,0.0,none,0
ASM-003989,PROP-01330,CTY-021,2025,337253,310103,0.0876,none,0
ASM-003990,PROP-01330,CTY-021,2026,365445,337253,0.0836,none,0
ASM-003991,PROP-01331,CTY-021,2024,310138,,0.0,none,0
ASM-003992,PROP-01331,CTY-021,2025,328654,310138,0.0597,none,0
ASM-003993,PROP-01331,CTY-021,2026,361738,328654,0.1007,none,0
ASM-003994,PROP-01332,CTY-021,2024,266241,,0.0,none,0
ASM-003995,PROP-01332,CTY-021,2025,292658,266241,0.0992,won,14348
ASM-003996,PROP-01332,CTY-021,2026,315650,292658,0.0786,none,0
ASM-003997,PROP-01333,CTY-021,2024,321523,,0.0,none,0
ASM-003998,PROP-01333,CTY-021,2025,341568,321523,0.0623,none,0
ASM-003999,PROP-01333,CTY-021,2026,366405,341568,0.0727,none,0
ASM-004000,PROP-01334,CTY-021,2024,302327,,0.0,none,0
ASM-004001,PROP-01334,CTY-021,2025,332543,302327,0.0999,won,15365
ASM-004002,PROP-01334,CTY-021,2026,365155,332543,0.0981,filed,0
ASM-004003,PROP-01335,CTY-021,2024,312588,,0.0,none,0
ASM-004004,PROP-01335,CTY-021,2025,328004,312588,0.0493,none,0
ASM-004005,PROP-01335,CTY-021,2026,349008,328004,0.064,none,0
ASM-004006,PROP-01336,CTY-021,2024,280839,,0.0,none,0
ASM-004007,PROP-01336,CTY-021,2025,308861,280839,0.0998,lost,0
ASM-004008,PROP-01336,CTY-021,2026,339165,308861,0.0981,none,0
ASM-004009,PROP-01337,CTY-021,2024,306715,,0.0,none,0
ASM-004010,PROP-01337,CTY-021,2025,322767,306715,0.0523,none,0
ASM-004011,PROP-01337,CTY-021,2026,352230,322767,0.0913,none,0
ASM-004012,PROP-01338,CTY-020,2024,408897,,0.0,none,0
ASM-004013,PROP-01338,CTY-020,2025,436296,408897,0.067,none,0
ASM-004014,PROP-01338,CTY-020,2026,463381,436296,0.0621,none,0
ASM-004015,PROP-01339,CTY-020,2024,425092,,0.0,none,0
ASM-004016,PROP-01339,CTY-020,2025,460492,425092,0.0833,none,0
ASM-004017,PROP-01339,CTY-020,2026,490124,460492,0.0643,none,0
ASM-004018,PROP-01340,CTY-020,2024,480457,,0.0,none,0
ASM-004019,PROP-01340,CTY-020,2025,522938,480457,0.0884,none,0
ASM-004020,PROP-01340,CTY-020,2026,560158,522938,0.0712,none,0
ASM-004021,PROP-01341,CTY-020,2024,464473,,0.0,none,0
ASM-004022,PROP-01341,CTY-020,2025,490656,464473,0.0564,none,0
ASM-004023,PROP-01341,CTY-020,2026,526970,490656,0.074,none,0
ASM-004024,PROP-01342,CTY-020,2024,464127,,0.0,none,0
ASM-004025,PROP-01342,CTY-020,2025,507843,464127,0.0942,lost,0
ASM-004026,PROP-01342,CTY-020,2026,534056,507843,0.0516,none,0
ASM-004027,PROP-01343,CTY-020,2024,508251,,0.0,none,0
ASM-004028,PROP-01343,CTY-020,2025,549452,508251,0.0811,none,0
ASM-004029,PROP-01343,CTY-020,2026,600614,549452,0.0931,none,0
ASM-004030,PROP-01344,CTY-020,2024,393885,,0.0,none,0
ASM-004031,PROP-01344,CTY-020,2025,433336,393885,0.1002,none,0
ASM-004032,PROP-01344,CTY-020,2026,459154,433336,0.0596,none,0
ASM-004033,PROP-01345,CTY-020,2024,567037,,0.0,none,0
ASM-004034,PROP-01345,CTY-020,2025,598260,567037,0.0551,none,0
ASM-004035,PROP-01345,CTY-020,2026,627112,598260,0.0482,none,0
ASM-004036,PROP-01346,CTY-020,2024,458429,,0.0,none,0
ASM-004037,PROP-01346,CTY-020,2025,490229,458429,0.0694,none,0
ASM-004038,PROP-01346,CTY-020,2026,527001,490229,0.075,none,0
ASM-004039,PROP-01347,CTY-020,2024,414790,,0.0,none,0
ASM-004040,PROP-01347,CTY-020,2025,432373,414790,0.0424,none,0
ASM-004041,PROP-01347,CTY-020,2026,468254,432373,0.083,none,0
ASM-004042,PROP-01348,CTY-020,2024,515752,,0.0,none,0
ASM-004043,PROP-01348,CTY-020,2025,560974,515752,0.0877,none,0
ASM-004044,PROP-01348,CTY-020,2026,605333,560974,0.0791,none,0
ASM-004045,PROP-01349,CTY-020,2024,449377,,0.0,none,0
ASM-004046,PROP-01349,CTY-020,2025,480398,449377,0.069,none,0
ASM-004047,PROP-01349,CTY-020,2026,521949,480398,0.0865,none,0
ASM-004048,PROP-01350,CTY-020,2024,354603,,0.0,none,0
ASM-004049,PROP-01350,CTY-020,2025,384099,354603,0.0832,none,0
ASM-004050,PROP-01350,CTY-020,2026,402948,384099,0.0491,none,0
ASM-004051,PROP-01351,CTY-020,2024,366808,,0.0,none,0
ASM-004052,PROP-01351,CTY-020,2025,400515,366808,0.0919,won,34063
ASM-004053,PROP-01351,CTY-020,2026,427891,400515,0.0684,none,0
ASM-004054,PROP-01352,CTY-020,2024,521895,,0.0,none,0
ASM-004055,PROP-01352,CTY-020,2025,553426,521895,0.0604,none,0
ASM-004056,PROP-01352,CTY-020,2026,595649,553426,0.0763,none,0
ASM-004057,PROP-01353,CTY-020,2024,444149,,0.0,none,0
ASM-004058,PROP-01353,CTY-020,2025,477372,444149,0.0748,none,0
ASM-004059,PROP-01353,CTY-020,2026,520765,477372,0.0909,lost,0
ASM-004060,PROP-01354,CTY-020,2024,511437,,0.0,none,0
ASM-004061,PROP-01354,CTY-020,2025,543021,511437,0.0618,none,0
ASM-004062,PROP-01354,CTY-020,2026,577912,543021,0.0643,none,0
ASM-004063,PROP-01355,CTY-020,2024,463098,,0.0,none,0
ASM-004064,PROP-01355,CTY-020,2025,492167,463098,0.0628,none,0
ASM-004065,PROP-01355,CTY-020,2026,530047,492167,0.077,none,0
ASM-004066,PROP-01356,CTY-020,2024,427629,,0.0,none,0
ASM-004067,PROP-01356,CTY-020,2025,462614,427629,0.0818,none,0
ASM-004068,PROP-01356,CTY-020,2026,504167,462614,0.0898,none,0
ASM-004069,PROP-01357,CTY-020,2024,522380,,0.0,none,0
ASM-004070,PROP-01357,CTY-020,2025,570462,522380,0.092,lost,0
ASM-004071,PROP-01357,CTY-020,2026,620935,570462,0.0885,none,0
ASM-004072,PROP-01358,CTY-020,2024,406726,,0.0,none,0
ASM-004073,PROP-01358,CTY-020,2025,440890,406726,0.084,none,0
ASM-004074,PROP-01358,CTY-020,2026,472451,440890,0.0716,none,0
ASM-004075,PROP-01359,CTY-020,2024,551902,,0.0,none,0
ASM-004076,PROP-01359,CTY-020,2025,605452,551902,0.097,won,40246
ASM-004077,PROP-01359,CTY-020,2026,649905,605452,0.0734,none,0
ASM-004078,PROP-01360,CTY-020,2024,404772,,0.0,none,0
ASM-004079,PROP-01360,CTY-020,2025,440234,404772,0.0876,none,0
ASM-004080,PROP-01360,CTY-020,2026,470815,440234,0.0695,none,0
ASM-004081,PROP-01361,CTY-020,2024,330659,,0.0,none,0
ASM-004082,PROP-01361,CTY-020,2025,358956,330659,0.0856,none,0
ASM-004083,PROP-01361,CTY-020,2026,391464,358956,0.0906,lost,0
ASM-004084,PROP-01362,CTY-020,2024,392149,,0.0,none,0
ASM-004085,PROP-01362,CTY-020,2025,423439,392149,0.0798,none,0
ASM-004086,PROP-01362,CTY-020,2026,455844,423439,0.0765,none,0
ASM-004087,PROP-01363,CTY-020,2024,475520,,0.0,none,0
ASM-004088,PROP-01363,CTY-020,2025,521711,475520,0.0971,won,29443
ASM-004089,PROP-01363,CTY-020,2026,569942,521711,0.0924,none,0
ASM-004090,PROP-01364,CTY-020,2024,354265,,0.0,none,0
ASM-004091,PROP-01364,CTY-020,2025,381910,354265,0.078,none,0
ASM-004092,PROP-01364,CTY-020,2026,399190,381910,0.0452,none,0
ASM-004093,PROP-01365,CTY-020,2024,453184,,0.0,none,0
ASM-004094,PROP-01365,CTY-020,2025,495802,453184,0.094,none,0
ASM-004095,PROP-01365,CTY-020,2026,546366,495802,0.102,lost,0
ASM-004096,PROP-01366,CTY-020,2024,451927,,0.0,none,0
ASM-004097,PROP-01366,CTY-020,2025,490289,451927,0.0849,none,0
ASM-004098,PROP-01366,CTY-020,2026,522476,490289,0.0656,none,0
ASM-004099,PROP-01367,CTY-020,2024,434156,,0.0,none,0
ASM-004100,PROP-01367,CTY-020,2025,473212,434156,0.09,none,0
ASM-004101,PROP-01367,CTY-020,2026,493276,473212,0.0424,none,0
ASM-004102,PROP-01368,CTY-020,2024,450427,,0.0,none,0
ASM-004103,PROP-01368,CTY-020,2025,492461,450427,0.0933,won,42458
ASM-004104,PROP-01368,CTY-020,2026,534928,492461,0.0862,none,0
ASM-004105,PROP-01369,CTY-020,2024,380011,,0.0,none,0
ASM-004106,PROP-01369,CTY-020,2025,413323,380011,0.0877,none,0
ASM-004107,PROP-01369,CTY-020,2026,437114,413323,0.0576,none,0
ASM-004108,PROP-01370,CTY-020,2024,417071,,0.0,none,0
ASM-004109,PROP-01370,CTY-020,2025,447928,417071,0.074,none,0
ASM-004110,PROP-01370,CTY-020,2026,490297,447928,0.0946,none,0
ASM-004111,PROP-01371,CTY-020,2024,423369,,0.0,none,0
ASM-004112,PROP-01371,CTY-020,2025,450964,423369,0.0652,none,0
ASM-004113,PROP-01371,CTY-020,2026,490687,450964,0.0881,none,0
ASM-004114,PROP-01372,CTY-020,2024,415235,,0.0,none,0
ASM-004115,PROP-01372,CTY-020,2025,456265,415235,0.0988,filed,0
ASM-004116,PROP-01372,CTY-020,2026,481088,456265,0.0544,none,0
ASM-004117,PROP-01373,CTY-020,2024,389182,,0.0,none,0
ASM-004118,PROP-01373,CTY-020,2025,416242,389182,0.0695,none,0
ASM-004119,PROP-01373,CTY-020,2026,433471,416242,0.0414,none,0
ASM-004120,PROP-01374,CTY-020,2024,441073,,0.0,none,0
ASM-004121,PROP-01374,CTY-020,2025,473374,441073,0.0732,none,0
ASM-004122,PROP-01374,CTY-020,2026,510463,473374,0.0784,none,0
ASM-004123,PROP-01375,CTY-020,2024,440264,,0.0,none,0
ASM-004124,PROP-01375,CTY-020,2025,477457,440264,0.0845,none,0
ASM-004125,PROP-01375,CTY-020,2026,506606,477457,0.0611,none,0
ASM-004126,PROP-01376,CTY-020,2024,482903,,0.0,none,0
ASM-004127,PROP-01376,CTY-020,2025,515761,482903,0.068,none,0
ASM-004128,PROP-01376,CTY-020,2026,563586,515761,0.0927,none,0
ASM-004129,PROP-01377,CTY-020,2024,403810,,0.0,none,0
ASM-004130,PROP-01377,CTY-020,2025,435709,403810,0.079,none,0
ASM-004131,PROP-01377,CTY-020,2026,474828,435709,0.0898,none,0
ASM-004132,PROP-01378,CTY-020,2024,513207,,0.0,none,0
ASM-004133,PROP-01378,CTY-020,2025,549486,513207,0.0707,none,0
ASM-004134,PROP-01378,CTY-020,2026,575451,549486,0.0473,none,0
ASM-004135,PROP-01379,CTY-020,2024,405250,,0.0,none,0
ASM-004136,PROP-01379,CTY-020,2025,433102,405250,0.0687,none,0
ASM-004137,PROP-01379,CTY-020,2026,471757,433102,0.0893,none,0
ASM-004138,PROP-01380,CTY-020,2024,392853,,0.0,none,0
ASM-004139,PROP-01380,CTY-020,2025,426223,392853,0.0849,none,0
ASM-004140,PROP-01380,CTY-020,2026,447841,426223,0.0507,none,0
ASM-004141,PROP-01381,CTY-020,2024,396439,,0.0,none,0
ASM-004142,PROP-01381,CTY-020,2025,431088,396439,0.0874,none,0
ASM-004143,PROP-01381,CTY-020,2026,451351,431088,0.047,none,0
ASM-004144,PROP-01382,CTY-020,2024,522376,,0.0,none,0
ASM-004145,PROP-01382,CTY-020,2025,548146,522376,0.0493,none,0
ASM-004146,PROP-01382,CTY-020,2026,583142,548146,0.0638,none,0
ASM-004147,PROP-01383,CTY-020,2024,454859,,0.0,none,0
ASM-004148,PROP-01383,CTY-020,2025,474325,454859,0.0428,none,0
ASM-004149,PROP-01383,CTY-020,2026,515733,474325,0.0873,none,0
ASM-004150,PROP-01384,CTY-020,2024,396224,,0.0,none,0
ASM-004151,PROP-01384,CTY-020,2025,420511,396224,0.0613,none,0
ASM-004152,PROP-01384,CTY-020,2026,439207,420511,0.0445,none,0
ASM-004153,PROP-01385,CTY-020,2024,483857,,0.0,none,0
ASM-004154,PROP-01385,CTY-020,2025,507117,483857,0.0481,none,0
ASM-004155,PROP-01385,CTY-020,2026,537202,507117,0.0593,none,0
ASM-004156,PROP-01386,CTY-020,2024,488874,,0.0,none,0
ASM-004157,PROP-01386,CTY-020,2025,515360,488874,0.0542,none,0
ASM-004158,PROP-01386,CTY-020,2026,540480,515360,0.0487,none,0
ASM-004159,PROP-01387,CTY-020,2024,407349,,0.0,none,0
ASM-004160,PROP-01387,CTY-020,2025,440333,407349,0.081,none,0
ASM-004161,PROP-01387,CTY-020,2026,467893,440333,0.0626,none,0
ASM-004162,PROP-01388,CTY-020,2024,425675,,0.0,none,0
ASM-004163,PROP-01388,CTY-020,2025,456568,425675,0.0726,none,0
ASM-004164,PROP-01388,CTY-020,2026,499131,456568,0.0932,none,0
ASM-004165,PROP-01389,CTY-020,2024,433141,,0.0,none,0
ASM-004166,PROP-01389,CTY-020,2025,461893,433141,0.0664,none,0
ASM-004167,PROP-01389,CTY-020,2026,494664,461893,0.0709,none,0
ASM-004168,PROP-01390,CTY-020,2024,353398,,0.0,none,0
ASM-004169,PROP-01390,CTY-020,2025,377088,353398,0.067,none,0
ASM-004170,PROP-01390,CTY-020,2026,403766,377088,0.0707,none,0
ASM-004171,PROP-01391,CTY-020,2024,377641,,0.0,none,0
ASM-004172,PROP-01391,CTY-020,2025,406339,377641,0.076,none,0
ASM-004173,PROP-01391,CTY-020,2026,431333,406339,0.0615,none,0
ASM-004174,PROP-01392,CTY-020,2024,473895,,0.0,none,0
ASM-004175,PROP-01392,CTY-020,2025,501944,473895,0.0592,none,0
ASM-004176,PROP-01392,CTY-020,2026,523186,501944,0.0423,none,0
ASM-004177,PROP-01393,CTY-020,2024,485447,,0.0,none,0
ASM-004178,PROP-01393,CTY-020,2025,528896,485447,0.0895,none,0
ASM-004179,PROP-01393,CTY-020,2026,554013,528896,0.0475,none,0
ASM-004180,PROP-01394,CTY-020,2024,388449,,0.0,none,0
ASM-004181,PROP-01394,CTY-020,2025,408962,388449,0.0528,none,0
ASM-004182,PROP-01394,CTY-020,2026,426890,408962,0.0438,none,0
ASM-004183,PROP-01395,CTY-020,2024,499510,,0.0,none,0
ASM-004184,PROP-01395,CTY-020,2025,522886,499510,0.0468,none,0
ASM-004185,PROP-01395,CTY-020,2026,563543,522886,0.0778,none,0
ASM-004186,PROP-01396,CTY-020,2024,363761,,0.0,none,0
ASM-004187,PROP-01396,CTY-020,2025,391569,363761,0.0764,none,0
ASM-004188,PROP-01396,CTY-020,2026,409308,391569,0.0453,none,0
ASM-004189,PROP-01397,CTY-020,2024,419554,,0.0,none,0
ASM-004190,PROP-01397,CTY-020,2025,444838,419554,0.0603,none,0
ASM-004191,PROP-01397,CTY-020,2026,487947,444838,0.0969,filed,0
ASM-004192,PROP-01398,CTY-020,2024,324199,,0.0,none,0
ASM-004193,PROP-01398,CTY-020,2025,347982,324199,0.0734,none,0
ASM-004194,PROP-01398,CTY-020,2026,374167,347982,0.0752,none,0
ASM-004195,PROP-01399,CTY-020,2024,353624,,0.0,none,0
ASM-004196,PROP-01399,CTY-020,2025,376486,353624,0.0647,none,0
ASM-004197,PROP-01399,CTY-020,2026,404451,376486,0.0743,none,0
ASM-004198,PROP-01400,CTY-020,2024,413532,,0.0,none,0
ASM-004199,PROP-01400,CTY-020,2025,446993,413532,0.0809,none,0
ASM-004200,PROP-01400,CTY-020,2026,484138,446993,0.0831,none,0
ASM-004201,PROP-01401,CTY-020,2024,440063,,0.0,none,0
ASM-004202,PROP-01401,CTY-020,2025,478881,440063,0.0882,none,0
ASM-004203,PROP-01401,CTY-020,2026,517138,478881,0.0799,none,0
ASM-004204,PROP-01402,CTY-020,2024,448719,,0.0,none,0
ASM-004205,PROP-01402,CTY-020,2025,479613,448719,0.0688,none,0
ASM-004206,PROP-01402,CTY-020,2026,507060,479613,0.0572,none,0
ASM-004207,PROP-01403,CTY-020,2024,386153,,0.0,none,0
ASM-004208,PROP-01403,CTY-020,2025,403064,386153,0.0438,none,0
ASM-004209,PROP-01403,CTY-020,2026,432185,403064,0.0722,none,0
ASM-004210,PROP-01404,CTY-020,2024,433194,,0.0,none,0
ASM-004211,PROP-01404,CTY-020,2025,452223,433194,0.0439,none,0
ASM-004212,PROP-01404,CTY-020,2026,475238,452223,0.0509,none,0
ASM-004213,PROP-01405,CTY-020,2024,356302,,0.0,none,0
ASM-004214,PROP-01405,CTY-020,2025,383254,356302,0.0756,none,0
ASM-004215,PROP-01405,CTY-020,2026,408620,383254,0.0662,none,0
ASM-004216,PROP-01406,CTY-020,2024,452739,,0.0,none,0
ASM-004217,PROP-01406,CTY-020,2025,472883,452739,0.0445,none,0
ASM-004218,PROP-01406,CTY-020,2026,519726,472883,0.0991,none,0
ASM-004219,PROP-01407,CTY-020,2024,373417,,0.0,none,0
ASM-004220,PROP-01407,CTY-020,2025,399384,373417,0.0695,none,0
ASM-004221,PROP-01407,CTY-020,2026,434251,399384,0.0873,none,0
ASM-004222,PROP-01408,CTY-020,2024,488402,,0.0,none,0
ASM-004223,PROP-01408,CTY-020,2025,524671,488402,0.0743,none,0
ASM-004224,PROP-01408,CTY-020,2026,553174,524671,0.0543,none,0
ASM-004225,PROP-01409,CTY-020,2024,396979,,0.0,none,0
ASM-004226,PROP-01409,CTY-020,2025,437139,396979,0.1012,none,0
ASM-004227,PROP-01409,CTY-020,2026,456252,437139,0.0437,none,0
ASM-004228,PROP-01410,CTY-020,2024,434663,,0.0,none,0
ASM-004229,PROP-01410,CTY-020,2025,463166,434663,0.0656,none,0
ASM-004230,PROP-01410,CTY-020,2026,486931,463166,0.0513,none,0
ASM-004231,PROP-01411,CTY-020,2024,325321,,0.0,none,0
ASM-004232,PROP-01411,CTY-020,2025,358599,325321,0.1023,none,0
ASM-004233,PROP-01411,CTY-020,2026,379809,358599,0.0591,none,0
ASM-004234,PROP-01412,CTY-020,2024,443557,,0.0,none,0
ASM-004235,PROP-01412,CTY-020,2025,468421,443557,0.0561,none,0
ASM-004236,PROP-01412,CTY-020,2026,513710,468421,0.0967,won,55148
ASM-004237,PROP-01413,CTY-020,2024,368815,,0.0,none,0
ASM-004238,PROP-01413,CTY-020,2025,395954,368815,0.0736,none,0
ASM-004239,PROP-01413,CTY-020,2026,417158,395954,0.0536,none,0
ASM-004240,PROP-01414,CTY-020,2024,479367,,0.0,none,0
ASM-004241,PROP-01414,CTY-020,2025,512680,479367,0.0695,none,0
ASM-004242,PROP-01414,CTY-020,2026,534506,512680,0.0426,none,0
ASM-004243,PROP-01415,CTY-020,2024,374831,,0.0,none,0
ASM-004244,PROP-01415,CTY-020,2025,392329,374831,0.0467,none,0
ASM-004245,PROP-01415,CTY-020,2026,414478,392329,0.0565,none,0
ASM-004246,PROP-01416,CTY-020,2024,357931,,0.0,none,0
ASM-004247,PROP-01416,CTY-020,2025,382146,357931,0.0677,none,0
ASM-004248,PROP-01416,CTY-020,2026,413582,382146,0.0823,none,0
ASM-004249,PROP-01417,CTY-020,2024,405972,,0.0,none,0
ASM-004250,PROP-01417,CTY-020,2025,439594,405972,0.0828,none,0
ASM-004251,PROP-01417,CTY-020,2026,463635,439594,0.0547,none,0
ASM-004252,PROP-01418,CTY-020,2024,335160,,0.0,none,0
ASM-004253,PROP-01418,CTY-020,2025,367753,335160,0.0972,won,15590
ASM-004254,PROP-01418,CTY-020,2026,388377,367753,0.0561,none,0
ASM-004255,PROP-01419,CTY-020,2024,424960,,0.0,none,0
ASM-004256,PROP-01419,CTY-020,2025,447394,424960,0.0528,none,0
ASM-004257,PROP-01419,CTY-020,2026,482002,447394,0.0774,none,0
ASM-004258,PROP-01420,CTY-020,2024,384723,,0.0,none,0
ASM-004259,PROP-01420,CTY-020,2025,406657,384723,0.057,none,0
ASM-004260,PROP-01420,CTY-020,2026,437922,406657,0.0769,none,0
ASM-004261,PROP-01421,CTY-020,2024,439995,,0.0,none,0
ASM-004262,PROP-01421,CTY-020,2025,477657,439995,0.0856,none,0
ASM-004263,PROP-01421,CTY-020,2026,517561,477657,0.0835,none,0
ASM-004264,PROP-01422,CTY-020,2024,389908,,0.0,none,0
ASM-004265,PROP-01422,CTY-020,2025,408856,389908,0.0486,none,0
ASM-004266,PROP-01422,CTY-020,2026,435641,408856,0.0655,none,0
ASM-004267,PROP-01423,CTY-020,2024,441959,,0.0,none,0
ASM-004268,PROP-01423,CTY-020,2025,467925,441959,0.0588,none,0
ASM-004269,PROP-01423,CTY-020,2026,508314,467925,0.0863,none,0
ASM-004270,PROP-01424,CTY-020,2024,438036,,0.0,none,0
ASM-004271,PROP-01424,CTY-020,2025,478648,438036,0.0927,none,0
ASM-004272,PROP-01424,CTY-020,2026,502278,478648,0.0494,none,0
ASM-004273,PROP-01425,CTY-020,2024,421886,,0.0,none,0
ASM-004274,PROP-01425,CTY-020,2025,464826,421886,0.1018,none,0
ASM-004275,PROP-01425,CTY-020,2026,512101,464826,0.1017,none,0
ASM-004276,PROP-01426,CTY-020,2024,368940,,0.0,none,0
ASM-004277,PROP-01426,CTY-020,2025,395364,368940,0.0716,none,0
ASM-004278,PROP-01426,CTY-020,2026,431985,395364,0.0926,lost,0
ASM-004279,PROP-01427,CTY-020,2024,428580,,0.0,none,0
ASM-004280,PROP-01427,CTY-020,2025,448221,428580,0.0458,none,0
ASM-004281,PROP-01427,CTY-020,2026,478710,448221,0.068,none,0
ASM-004282,PROP-01428,CTY-020,2024,379860,,0.0,none,0
ASM-004283,PROP-01428,CTY-020,2025,401223,379860,0.0562,none,0
ASM-004284,PROP-01428,CTY-020,2026,427834,401223,0.0663,none,0
ASM-004285,PROP-01429,CTY-020,2024,396398,,0.0,none,0
ASM-004286,PROP-01429,CTY-020,2025,420823,396398,0.0616,none,0
ASM-004287,PROP-01429,CTY-020,2026,454466,420823,0.0799,none,0
ASM-004288,PROP-01430,CTY-020,2024,376742,,0.0,none,0
ASM-004289,PROP-01430,CTY-020,2025,393305,376742,0.044,none,0
ASM-004290,PROP-01430,CTY-020,2026,418419,393305,0.0639,none,0
ASM-004291,PROP-01431,CTY-020,2024,424710,,0.0,none,0
ASM-004292,PROP-01431,CTY-020,2025,449418,424710,0.0582,none,0
ASM-004293,PROP-01431,CTY-020,2026,473457,449418,0.0535,none,0
ASM-004294,PROP-01432,CTY-020,2024,441108,,0.0,none,0
ASM-004295,PROP-01432,CTY-020,2025,481456,441108,0.0915,none,0
ASM-004296,PROP-01432,CTY-020,2026,527748,481456,0.0962,none,0
ASM-004297,PROP-01433,CTY-020,2024,390497,,0.0,none,0
ASM-004298,PROP-01433,CTY-020,2025,410294,390497,0.0507,none,0
ASM-004299,PROP-01433,CTY-020,2026,432969,410294,0.0553,none,0
ASM-004300,PROP-01434,CTY-020,2024,338244,,0.0,none,0
ASM-004301,PROP-01434,CTY-020,2025,366328,338244,0.083,none,0
ASM-004302,PROP-01434,CTY-020,2026,403496,366328,0.1015,none,0
ASM-004303,PROP-01435,CTY-020,2024,454802,,0.0,none,0
ASM-004304,PROP-01435,CTY-020,2025,486437,454802,0.0696,none,0
ASM-004305,PROP-01435,CTY-020,2026,521600,486437,0.0723,none,0
ASM-004306,PROP-01436,CTY-020,2024,373155,,0.0,none,0
ASM-004307,PROP-01436,CTY-020,2025,408551,373155,0.0949,filed,0
ASM-004308,PROP-01436,CTY-020,2026,426214,408551,0.0432,none,0
ASM-004309,PROP-01437,CTY-020,2024,512007,,0.0,none,0
ASM-004310,PROP-01437,CTY-020,2025,564382,512007,0.1023,won,35210
ASM-004311,PROP-01437,CTY-020,2026,608861,564382,0.0788,none,0
ASM-004312,PROP-01438,CTY-020,2024,454548,,0.0,none,0
ASM-004313,PROP-01438,CTY-020,2025,499517,454548,0.0989,none,0
ASM-004314,PROP-01438,CTY-020,2026,546140,499517,0.0933,none,0
ASM-004315,PROP-01439,CTY-020,2024,378770,,0.0,none,0
ASM-004316,PROP-01439,CTY-020,2025,413047,378770,0.0905,none,0
ASM-004317,PROP-01439,CTY-020,2026,438976,413047,0.0628,none,0
ASM-004318,PROP-01440,CTY-020,2024,368710,,0.0,none,0
ASM-004319,PROP-01440,CTY-020,2025,404855,368710,0.098,lost,0
ASM-004320,PROP-01440,CTY-020,2026,425866,404855,0.0519,none,0
ASM-004321,PROP-01441,CTY-020,2024,429407,,0.0,none,0
ASM-004322,PROP-01441,CTY-020,2025,467311,429407,0.0883,none,0
ASM-004323,PROP-01441,CTY-020,2026,501251,467311,0.0726,none,0
ASM-004324,PROP-01442,CTY-020,2024,412135,,0.0,none,0
ASM-004325,PROP-01442,CTY-020,2025,449729,412135,0.0912,won,19020
ASM-004326,PROP-01442,CTY-020,2026,487616,449729,0.0842,none,0
ASM-004327,PROP-01443,CTY-020,2024,456075,,0.0,none,0
ASM-004328,PROP-01443,CTY-020,2025,500434,456075,0.0973,none,0
ASM-004329,PROP-01443,CTY-020,2026,547298,500434,0.0936,none,0
ASM-004330,PROP-01444,CTY-020,2024,493729,,0.0,none,0
ASM-004331,PROP-01444,CTY-020,2025,541042,493729,0.0958,won,46706
ASM-004332,PROP-01444,CTY-020,2026,571942,541042,0.0571,none,0
ASM-004333,PROP-01445,CTY-020,2024,367511,,0.0,none,0
ASM-004334,PROP-01445,CTY-020,2025,385779,367511,0.0497,none,0
ASM-004335,PROP-01445,CTY-020,2026,417211,385779,0.0815,none,0
ASM-004336,PROP-01446,CTY-020,2024,442457,,0.0,none,0
ASM-004337,PROP-01446,CTY-020,2025,486124,442457,0.0987,none,0
ASM-004338,PROP-01446,CTY-020,2026,535530,486124,0.1016,won,56370
ASM-004339,PROP-01447,CTY-020,2024,373655,,0.0,none,0
ASM-004340,PROP-01447,CTY-020,2025,395746,373655,0.0591,none,0
ASM-004341,PROP-01447,CTY-020,2026,419837,395746,0.0609,none,0
ASM-004342,PROP-01448,CTY-020,2024,404314,,0.0,none,0
ASM-004343,PROP-01448,CTY-020,2025,443848,404314,0.0978,none,0
ASM-004344,PROP-01448,CTY-020,2026,471248,443848,0.0617,none,0
ASM-004345,PROP-01449,CTY-020,2024,373263,,0.0,none,0
ASM-004346,PROP-01449,CTY-020,2025,410235,373263,0.0991,none,0
ASM-004347,PROP-01449,CTY-020,2026,427940,410235,0.0432,none,0
ASM-004348,PROP-01450,CTY-020,2024,424088,,0.0,none,0
ASM-004349,PROP-01450,CTY-020,2025,449683,424088,0.0604,none,0
ASM-004350,PROP-01450,CTY-020,2026,493673,449683,0.0978,filed,0
ASM-004351,PROP-01451,CTY-020,2024,372543,,0.0,none,0
ASM-004352,PROP-01451,CTY-020,2025,399433,372543,0.0722,none,0
ASM-004353,PROP-01451,CTY-020,2026,423719,399433,0.0608,none,0
ASM-004354,PROP-01452,CTY-020,2024,426261,,0.0,none,0
ASM-004355,PROP-01452,CTY-020,2025,452012,426261,0.0604,none,0
ASM-004356,PROP-01452,CTY-020,2026,475977,452012,0.053,none,0
ASM-004357,PROP-01453,CTY-020,2024,433547,,0.0,none,0
ASM-004358,PROP-01453,CTY-020,2025,474379,433547,0.0942,filed,0
ASM-004359,PROP-01453,CTY-020,2026,518227,474379,0.0924,none,0
ASM-004360,PROP-01454,CTY-020,2024,433526,,0.0,none,0
ASM-004361,PROP-01454,CTY-020,2025,453563,433526,0.0462,none,0
ASM-004362,PROP-01454,CTY-020,2026,480434,453563,0.0592,none,0
ASM-004363,PROP-01455,CTY-020,2024,441737,,0.0,none,0
ASM-004364,PROP-01455,CTY-020,2025,483034,441737,0.0935,none,0
ASM-004365,PROP-01455,CTY-020,2026,515548,483034,0.0673,none,0
ASM-004366,PROP-01456,CTY-020,2024,389345,,0.0,none,0
ASM-004367,PROP-01456,CTY-020,2025,423575,389345,0.0879,none,0
ASM-004368,PROP-01456,CTY-020,2026,458997,423575,0.0836,none,0
ASM-004369,PROP-01457,CTY-020,2024,416178,,0.0,none,0
ASM-004370,PROP-01457,CTY-020,2025,442340,416178,0.0629,none,0
ASM-004371,PROP-01457,CTY-020,2026,483259,442340,0.0925,none,0
ASM-004372,PROP-01458,CTY-020,2024,412234,,0.0,none,0
ASM-004373,PROP-01458,CTY-020,2025,438506,412234,0.0637,none,0
ASM-004374,PROP-01458,CTY-020,2026,474256,438506,0.0815,none,0
ASM-004375,PROP-01459,CTY-020,2024,365815,,0.0,none,0
ASM-004376,PROP-01459,CTY-020,2025,386413,365815,0.0563,none,0
ASM-004377,PROP-01459,CTY-020,2026,407858,386413,0.0555,none,0
ASM-004378,PROP-01460,CTY-020,2024,383448,,0.0,none,0
ASM-004379,PROP-01460,CTY-020,2025,415727,383448,0.0842,none,0
ASM-004380,PROP-01460,CTY-020,2026,437491,415727,0.0524,none,0
ASM-004381,PROP-01461,CTY-020,2024,389810,,0.0,none,0
ASM-004382,PROP-01461,CTY-020,2025,410969,389810,0.0543,none,0
ASM-004383,PROP-01461,CTY-020,2026,446669,410969,0.0869,none,0
ASM-004384,PROP-01462,CTY-020,2024,415973,,0.0,none,0
ASM-004385,PROP-01462,CTY-020,2025,436341,415973,0.049,none,0
ASM-004386,PROP-01462,CTY-020,2026,467261,436341,0.0709,none,0
ASM-004387,PROP-01463,CTY-020,2024,365791,,0.0,none,0
ASM-004388,PROP-01463,CTY-020,2025,382519,365791,0.0457,none,0
ASM-004389,PROP-01463,CTY-020,2026,416721,382519,0.0894,none,0
ASM-004390,PROP-01464,CTY-020,2024,369502,,0.0,none,0
ASM-004391,PROP-01464,CTY-020,2025,385732,369502,0.0439,none,0
ASM-004392,PROP-01464,CTY-020,2026,425182,385732,0.1023,filed,0
ASM-004393,PROP-01465,CTY-020,2024,340121,,0.0,none,0
ASM-004394,PROP-01465,CTY-020,2025,370784,340121,0.0902,none,0
ASM-004395,PROP-01465,CTY-020,2026,399092,370784,0.0763,none,0
ASM-004396,PROP-01466,CTY-020,2024,345188,,0.0,none,0
ASM-004397,PROP-01466,CTY-020,2025,361089,345188,0.0461,none,0
ASM-004398,PROP-01466,CTY-020,2026,385312,361089,0.0671,none,0
ASM-004399,PROP-01467,CTY-020,2024,428305,,0.0,none,0
ASM-004400,PROP-01467,CTY-020,2025,466083,428305,0.0882,none,0
ASM-004401,PROP-01467,CTY-020,2026,494165,466083,0.0603,none,0
ASM-004402,PROP-01468,CTY-020,2024,394261,,0.0,none,0
ASM-004403,PROP-01468,CTY-020,2025,414199,394261,0.0506,none,0
ASM-004404,PROP-01468,CTY-020,2026,436977,414199,0.055,none,0
ASM-004405,PROP-01469,CTY-020,2024,356258,,0.0,none,0
ASM-004406,PROP-01469,CTY-020,2025,388460,356258,0.0904,won,25018
ASM-004407,PROP-01469,CTY-020,2026,420139,388460,0.0816,none,0
ASM-004408,PROP-01470,CTY-020,2024,424392,,0.0,none,0
ASM-004409,PROP-01470,CTY-020,2025,461105,424392,0.0865,none,0
ASM-004410,PROP-01470,CTY-020,2026,485485,461105,0.0529,none,0
ASM-004411,PROP-01471,CTY-020,2024,354731,,0.0,none,0
ASM-004412,PROP-01471,CTY-020,2025,390568,354731,0.101,none,0
ASM-004413,PROP-01471,CTY-020,2026,411181,390568,0.0528,none,0
ASM-004414,PROP-01472,CTY-020,2024,425058,,0.0,none,0
ASM-004415,PROP-01472,CTY-020,2025,467109,425058,0.0989,none,0
ASM-004416,PROP-01472,CTY-020,2026,508840,467109,0.0893,none,0
ASM-004417,PROP-01473,CTY-020,2024,326360,,0.0,none,0
ASM-004418,PROP-01473,CTY-020,2025,359926,326360,0.1028,none,0
ASM-004419,PROP-01473,CTY-020,2026,386282,359926,0.0732,none,0
ASM-004420,PROP-01474,CTY-020,2024,322492,,0.0,none,0
ASM-004421,PROP-01474,CTY-020,2025,348634,322492,0.0811,none,0
ASM-004422,PROP-01474,CTY-020,2026,366794,348634,0.0521,none,0
ASM-004423,PROP-01475,CTY-020,2024,321330,,0.0,none,0
ASM-004424,PROP-01475,CTY-020,2025,341328,321330,0.0622,none,0
ASM-004425,PROP-01475,CTY-020,2026,358282,341328,0.0497,none,0
ASM-004426,PROP-01476,CTY-020,2024,359083,,0.0,none,0
ASM-004427,PROP-01476,CTY-020,2025,376172,359083,0.0476,none,0
ASM-004428,PROP-01476,CTY-020,2026,402941,376172,0.0712,none,0
ASM-004429,PROP-01477,CTY-020,2024,389241,,0.0,none,0
ASM-004430,PROP-01477,CTY-020,2025,419561,389241,0.0779,none,0
ASM-004431,PROP-01477,CTY-020,2026,455649,419561,0.086,none,0
ASM-004432,PROP-01478,CTY-020,2024,386085,,0.0,none,0
ASM-004433,PROP-01478,CTY-020,2025,404122,386085,0.0467,none,0
ASM-004434,PROP-01478,CTY-020,2026,438283,404122,0.0845,none,0
ASM-004435,PROP-01479,CTY-020,2024,369189,,0.0,none,0
ASM-004436,PROP-01479,CTY-020,2025,387228,369189,0.0489,none,0
ASM-004437,PROP-01479,CTY-020,2026,408057,387228,0.0538,none,0
ASM-004438,PROP-01480,CTY-020,2024,350117,,0.0,none,0
ASM-004439,PROP-01480,CTY-020,2025,373918,350117,0.068,none,0
ASM-004440,PROP-01480,CTY-020,2026,409682,373918,0.0956,none,0
ASM-004441,PROP-01481,CTY-020,2024,393727,,0.0,none,0
ASM-004442,PROP-01481,CTY-020,2025,431891,393727,0.0969,filed,0
ASM-004443,PROP-01481,CTY-020,2026,473717,431891,0.0968,none,0
ASM-004444,PROP-01482,CTY-020,2024,398058,,0.0,none,0
ASM-004445,PROP-01482,CTY-020,2025,422233,398058,0.0607,none,0
ASM-004446,PROP-01482,CTY-020,2026,446227,422233,0.0568,none,0
ASM-004447,PROP-01483,CTY-020,2024,461037,,0.0,none,0
ASM-004448,PROP-01483,CTY-020,2025,480897,461037,0.0431,none,0
ASM-004449,PROP-01483,CTY-020,2026,500787,480897,0.0414,none,0
ASM-004450,PROP-01484,CTY-020,2024,389314,,0.0,none,0
ASM-004451,PROP-01484,CTY-020,2025,425372,389314,0.0926,filed,0
ASM-004452,PROP-01484,CTY-020,2026,457022,425372,0.0744,none,0
ASM-004453,PROP-01485,CTY-020,2024,403174,,0.0,none,0
ASM-004454,PROP-01485,CTY-020,2025,442488,403174,0.0975,none,0
ASM-004455,PROP-01485,CTY-020,2026,485072,442488,0.0962,none,0
ASM-004456,PROP-01486,CTY-020,2024,438737,,0.0,none,0
ASM-004457,PROP-01486,CTY-020,2025,484029,438737,0.1032,none,0
ASM-004458,PROP-01486,CTY-020,2026,531245,484029,0.0975,lost,0
ASM-004459,PROP-01487,CTY-020,2024,401257,,0.0,none,0
ASM-004460,PROP-01487,CTY-020,2025,440656,401257,0.0982,none,0
ASM-004461,PROP-01487,CTY-020,2026,461547,440656,0.0474,none,0
ASM-004462,PROP-01488,CTY-020,2024,395043,,0.0,none,0
ASM-004463,PROP-01488,CTY-020,2025,414119,395043,0.0483,none,0
ASM-004464,PROP-01488,CTY-020,2026,437914,414119,0.0575,none,0
ASM-004465,PROP-01489,CTY-020,2024,354122,,0.0,none,0
ASM-004466,PROP-01489,CTY-020,2025,371797,354122,0.0499,none,0
ASM-004467,PROP-01489,CTY-020,2026,393105,371797,0.0573,none,0
ASM-004468,PROP-01490,CTY-020,2024,339728,,0.0,none,0
ASM-004469,PROP-01490,CTY-020,2025,368163,339728,0.0837,none,0
ASM-004470,PROP-01490,CTY-020,2026,404763,368163,0.0994,none,0
ASM-004471,PROP-01491,CTY-020,2024,317271,,0.0,none,0
ASM-004472,PROP-01491,CTY-020,2025,336981,317271,0.0621,none,0
ASM-004473,PROP-01491,CTY-020,2026,353635,336981,0.0494,none,0
ASM-004474,PROP-01492,CTY-020,2024,419173,,0.0,none,0
ASM-004475,PROP-01492,CTY-020,2025,461031,419173,0.0999,none,0
ASM-004476,PROP-01492,CTY-020,2026,501234,461031,0.0872,none,0
ASM-004477,PROP-01493,CTY-020,2024,378325,,0.0,none,0
ASM-004478,PROP-01493,CTY-020,2025,415352,378325,0.0979,none,0
ASM-004479,PROP-01493,CTY-020,2026,441537,415352,0.063,none,0
ASM-004480,PROP-01494,CTY-020,2024,380047,,0.0,none,0
ASM-004481,PROP-01494,CTY-020,2025,396807,380047,0.0441,none,0
ASM-004482,PROP-01494,CTY-020,2026,423476,396807,0.0672,none,0
ASM-004483,PROP-01495,CTY-020,2024,377724,,0.0,none,0
ASM-004484,PROP-01495,CTY-020,2025,413829,377724,0.0956,lost,0
ASM-004485,PROP-01495,CTY-020,2026,447512,413829,0.0814,none,0
ASM-004486,PROP-01496,CTY-020,2024,425973,,0.0,none,0
ASM-004487,PROP-01496,CTY-020,2025,461633,425973,0.0837,none,0
ASM-004488,PROP-01496,CTY-020,2026,496490,461633,0.0755,none,0
ASM-004489,PROP-01497,CTY-020,2024,379120,,0.0,none,0
ASM-004490,PROP-01497,CTY-020,2025,417331,379120,0.1008,filed,0
ASM-004491,PROP-01497,CTY-020,2026,436121,417331,0.045,none,0
ASM-004492,PROP-01498,CTY-020,2024,376768,,0.0,none,0
ASM-004493,PROP-01498,CTY-020,2025,397354,376768,0.0546,none,0
ASM-004494,PROP-01498,CTY-020,2026,420487,397354,0.0582,none,0
ASM-004495,PROP-01499,CTY-020,2024,393415,,0.0,none,0
ASM-004496,PROP-01499,CTY-020,2025,415514,393415,0.0562,none,0
ASM-004497,PROP-01499,CTY-020,2026,439846,415514,0.0586,none,0
ASM-004498,PROP-01500,CTY-020,2024,331520,,0.0,none,0
ASM-004499,PROP-01500,CTY-020,2025,364651,331520,0.0999,none,0
ASM-004500,PROP-01500,CTY-020,2026,397537,364651,0.0902,lost,0
ASM-004501,PROP-01501,CTY-020,2024,474490,,0.0,none,0
ASM-004502,PROP-01501,CTY-020,2025,497885,474490,0.0493,none,0
ASM-004503,PROP-01501,CTY-020,2026,548239,497885,0.1011,none,0
ASM-004504,PROP-01502,CTY-020,2024,471497,,0.0,none,0
ASM-004505,PROP-01502,CTY-020,2025,514802,471497,0.0918,none,0
ASM-004506,PROP-01502,CTY-020,2026,539844,514802,0.0486,none,0
ASM-004507,PROP-01503,CTY-020,2024,348632,,0.0,none,0
ASM-004508,PROP-01503,CTY-020,2025,367369,348632,0.0537,none,0
ASM-004509,PROP-01503,CTY-020,2026,393898,367369,0.0722,none,0
ASM-004510,PROP-01504,CTY-020,2024,474309,,0.0,none,0
ASM-004511,PROP-01504,CTY-020,2025,495642,474309,0.045,none,0
ASM-004512,PROP-01504,CTY-020,2026,536076,495642,0.0816,none,0
ASM-004513,PROP-01505,CTY-020,2024,403914,,0.0,none,0
ASM-004514,PROP-01505,CTY-020,2025,438838,403914,0.0865,none,0
ASM-004515,PROP-01505,CTY-020,2026,457530,438838,0.0426,none,0
ASM-004516,PROP-01506,CTY-022,2024,404561,,0.0,none,0
ASM-004517,PROP-01506,CTY-022,2025,406203,404561,0.0041,none,0
ASM-004518,PROP-01506,CTY-022,2026,408179,406203,0.0049,none,0
ASM-004519,PROP-01507,CTY-022,2024,391213,,0.0,none,0
ASM-004520,PROP-01507,CTY-022,2025,392853,391213,0.0042,none,0
ASM-004521,PROP-01507,CTY-022,2026,394580,392853,0.0044,none,0
ASM-004522,PROP-01508,CTY-022,2024,450593,,0.0,none,0
ASM-004523,PROP-01508,CTY-022,2025,451810,450593,0.0027,none,0
ASM-004524,PROP-01508,CTY-022,2026,453614,451810,0.004,none,0
ASM-004525,PROP-01509,CTY-022,2024,396758,,0.0,none,0
ASM-004526,PROP-01509,CTY-022,2025,397929,396758,0.003,none,0
ASM-004527,PROP-01509,CTY-022,2026,399745,397929,0.0046,none,0
ASM-004528,PROP-01510,CTY-022,2024,372383,,0.0,none,0
ASM-004529,PROP-01510,CTY-022,2025,374292,372383,0.0051,none,0
ASM-004530,PROP-01510,CTY-022,2026,376036,374292,0.0047,none,0
ASM-004531,PROP-01511,CTY-022,2024,393204,,0.0,none,0
ASM-004532,PROP-01511,CTY-022,2025,394501,393204,0.0033,none,0
ASM-004533,PROP-01511,CTY-022,2026,395620,394501,0.0028,none,0
ASM-004534,PROP-01512,CTY-022,2024,420412,,0.0,none,0
ASM-004535,PROP-01512,CTY-022,2025,422350,420412,0.0046,none,0
ASM-004536,PROP-01512,CTY-022,2026,423589,422350,0.0029,none,0
ASM-004537,PROP-01513,CTY-022,2024,462181,,0.0,none,0
ASM-004538,PROP-01513,CTY-022,2025,464325,462181,0.0046,none,0
ASM-004539,PROP-01513,CTY-022,2026,465776,464325,0.0031,none,0
ASM-004540,PROP-01514,CTY-022,2024,365060,,0.0,none,0
ASM-004541,PROP-01514,CTY-022,2025,366577,365060,0.0042,none,0
ASM-004542,PROP-01514,CTY-022,2026,368137,366577,0.0043,none,0
ASM-004543,PROP-01515,CTY-022,2024,396565,,0.0,none,0
ASM-004544,PROP-01515,CTY-022,2025,397676,396565,0.0028,none,0
ASM-004545,PROP-01515,CTY-022,2026,400018,397676,0.0059,none,0
ASM-004546,PROP-01516,CTY-022,2024,386140,,0.0,none,0
ASM-004547,PROP-01516,CTY-022,2025,387731,386140,0.0041,none,0
ASM-004548,PROP-01516,CTY-022,2026,389020,387731,0.0033,none,0
ASM-004549,PROP-01517,CTY-022,2024,451690,,0.0,none,0
ASM-004550,PROP-01517,CTY-022,2025,453641,451690,0.0043,none,0
ASM-004551,PROP-01517,CTY-022,2026,456125,453641,0.0055,none,0
ASM-004552,PROP-01518,CTY-022,2024,330846,,0.0,none,0
ASM-004553,PROP-01518,CTY-022,2025,331719,330846,0.0026,none,0
ASM-004554,PROP-01518,CTY-022,2026,333417,331719,0.0051,none,0
ASM-004555,PROP-01519,CTY-022,2024,403761,,0.0,none,0
ASM-004556,PROP-01519,CTY-022,2025,405022,403761,0.0031,none,0
ASM-004557,PROP-01519,CTY-022,2026,407376,405022,0.0058,none,0
ASM-004558,PROP-01520,CTY-022,2024,350430,,0.0,none,0
ASM-004559,PROP-01520,CTY-022,2025,351490,350430,0.003,none,0
ASM-004560,PROP-01520,CTY-022,2026,352552,351490,0.003,none,0
ASM-004561,PROP-01521,CTY-022,2024,460826,,0.0,none,0
ASM-004562,PROP-01521,CTY-022,2025,462868,460826,0.0044,none,0
ASM-004563,PROP-01521,CTY-022,2026,465211,462868,0.0051,none,0
ASM-004564,PROP-01522,CTY-022,2024,413584,,0.0,none,0
ASM-004565,PROP-01522,CTY-022,2025,414782,413584,0.0029,none,0
ASM-004566,PROP-01522,CTY-022,2026,416243,414782,0.0035,none,0
ASM-004567,PROP-01523,CTY-022,2024,451803,,0.0,none,0
ASM-004568,PROP-01523,CTY-022,2025,453480,451803,0.0037,none,0
ASM-004569,PROP-01523,CTY-022,2026,456067,453480,0.0057,none,0
ASM-004570,PROP-01524,CTY-022,2024,463112,,0.0,none,0
ASM-004571,PROP-01524,CTY-022,2025,464409,463112,0.0028,none,0
ASM-004572,PROP-01524,CTY-022,2026,466232,464409,0.0039,none,0
ASM-004573,PROP-01525,CTY-022,2024,408537,,0.0,none,0
ASM-004574,PROP-01525,CTY-022,2025,410633,408537,0.0051,none,0
ASM-004575,PROP-01525,CTY-022,2026,411826,410633,0.0029,none,0
ASM-004576,PROP-01526,CTY-022,2024,452378,,0.0,none,0
ASM-004577,PROP-01526,CTY-022,2025,454258,452378,0.0042,none,0
ASM-004578,PROP-01526,CTY-022,2026,455472,454258,0.0027,none,0
ASM-004579,PROP-01527,CTY-022,2024,436841,,0.0,none,0
ASM-004580,PROP-01527,CTY-022,2025,438026,436841,0.0027,none,0
ASM-004581,PROP-01527,CTY-022,2026,439378,438026,0.0031,none,0
ASM-004582,PROP-01528,CTY-022,2024,379270,,0.0,none,0
ASM-004583,PROP-01528,CTY-022,2025,380825,379270,0.0041,none,0
ASM-004584,PROP-01528,CTY-022,2026,382947,380825,0.0056,none,0
ASM-004585,PROP-01529,CTY-022,2024,385395,,0.0,none,0
ASM-004586,PROP-01529,CTY-022,2025,386626,385395,0.0032,none,0
ASM-004587,PROP-01529,CTY-022,2026,388430,386626,0.0047,none,0
ASM-004588,PROP-01530,CTY-022,2024,377048,,0.0,none,0
ASM-004589,PROP-01530,CTY-022,2025,378355,377048,0.0035,none,0
ASM-004590,PROP-01530,CTY-022,2026,380313,378355,0.0052,none,0
ASM-004591,PROP-01531,CTY-022,2024,480472,,0.0,none,0
ASM-004592,PROP-01531,CTY-022,2025,481678,480472,0.0025,none,0
ASM-004593,PROP-01531,CTY-022,2026,484091,481678,0.005,none,0
ASM-004594,PROP-01532,CTY-022,2024,379712,,0.0,none,0
ASM-004595,PROP-01532,CTY-022,2025,381409,379712,0.0045,none,0
ASM-004596,PROP-01532,CTY-022,2026,383064,381409,0.0043,none,0
ASM-004597,PROP-01533,CTY-022,2024,449656,,0.0,none,0
ASM-004598,PROP-01533,CTY-022,2025,451202,449656,0.0034,none,0
ASM-004599,PROP-01533,CTY-022,2026,452699,451202,0.0033,none,0
ASM-004600,PROP-01534,CTY-022,2024,399944,,0.0,none,0
ASM-004601,PROP-01534,CTY-022,2025,400999,399944,0.0026,none,0
ASM-004602,PROP-01534,CTY-022,2026,402099,400999,0.0027,none,0
ASM-004603,PROP-01535,CTY-022,2024,391627,,0.0,none,0
ASM-004604,PROP-01535,CTY-022,2025,393350,391627,0.0044,none,0
ASM-004605,PROP-01535,CTY-022,2026,395551,393350,0.0056,none,0
ASM-004606,PROP-01536,CTY-022,2024,420309,,0.0,none,0
ASM-004607,PROP-01536,CTY-022,2025,422749,420309,0.0058,none,0
ASM-004608,PROP-01536,CTY-022,2026,424679,422749,0.0046,none,0
ASM-004609,PROP-01537,CTY-022,2024,446699,,0.0,none,0
ASM-004610,PROP-01537,CTY-022,2025,448973,446699,0.0051,none,0
ASM-004611,PROP-01537,CTY-022,2026,451257,448973,0.0051,none,0
ASM-004612,PROP-01538,CTY-022,2024,426070,,0.0,none,0
ASM-004613,PROP-01538,CTY-022,2025,427353,426070,0.003,none,0
ASM-004614,PROP-01538,CTY-022,2026,429847,427353,0.0058,none,0
ASM-004615,PROP-01539,CTY-022,2024,350994,,0.0,none,0
ASM-004616,PROP-01539,CTY-022,2025,352191,350994,0.0034,none,0
ASM-004617,PROP-01539,CTY-022,2026,353829,352191,0.0047,none,0
ASM-004618,PROP-01540,CTY-022,2024,405599,,0.0,none,0
ASM-004619,PROP-01540,CTY-022,2025,407823,405599,0.0055,none,0
ASM-004620,PROP-01540,CTY-022,2026,409396,407823,0.0039,none,0
ASM-004621,PROP-01541,CTY-022,2024,454014,,0.0,none,0
ASM-004622,PROP-01541,CTY-022,2025,456388,454014,0.0052,none,0
ASM-004623,PROP-01541,CTY-022,2026,458230,456388,0.004,none,0
ASM-004624,PROP-01542,CTY-022,2024,460895,,0.0,none,0
ASM-004625,PROP-01542,CTY-022,2025,463565,460895,0.0058,none,0
ASM-004626,PROP-01542,CTY-022,2026,465914,463565,0.0051,none,0
ASM-004627,PROP-01543,CTY-022,2024,475943,,0.0,none,0
ASM-004628,PROP-01543,CTY-022,2025,477469,475943,0.0032,none,0
ASM-004629,PROP-01543,CTY-022,2026,479332,477469,0.0039,none,0
ASM-004630,PROP-01544,CTY-022,2024,361058,,0.0,none,0
ASM-004631,PROP-01544,CTY-022,2025,362474,361058,0.0039,none,0
ASM-004632,PROP-01544,CTY-022,2026,364561,362474,0.0058,none,0
ASM-004633,PROP-01545,CTY-022,2024,397714,,0.0,none,0
ASM-004634,PROP-01545,CTY-022,2025,399620,397714,0.0048,none,0
ASM-004635,PROP-01545,CTY-022,2026,400788,399620,0.0029,none,0
ASM-004636,PROP-01546,CTY-022,2024,498525,,0.0,none,0
ASM-004637,PROP-01546,CTY-022,2025,500883,498525,0.0047,none,0
ASM-004638,PROP-01546,CTY-022,2026,503756,500883,0.0057,none,0
ASM-004639,PROP-01547,CTY-022,2024,425474,,0.0,none,0
ASM-004640,PROP-01547,CTY-022,2025,426632,425474,0.0027,none,0
ASM-004641,PROP-01547,CTY-022,2026,428922,426632,0.0054,none,0
ASM-004642,PROP-01548,CTY-022,2024,365357,,0.0,none,0
ASM-004643,PROP-01548,CTY-022,2025,367278,365357,0.0053,none,0
ASM-004644,PROP-01548,CTY-022,2026,369073,367278,0.0049,none,0
ASM-004645,PROP-01549,CTY-022,2024,340224,,0.0,none,0
ASM-004646,PROP-01549,CTY-022,2025,342167,340224,0.0057,none,0
ASM-004647,PROP-01549,CTY-022,2026,343838,342167,0.0049,none,0
ASM-004648,PROP-01550,CTY-022,2024,462713,,0.0,none,0
ASM-004649,PROP-01550,CTY-022,2025,465320,462713,0.0056,none,0
ASM-004650,PROP-01550,CTY-022,2026,467775,465320,0.0053,none,0
ASM-004651,PROP-01551,CTY-022,2024,400354,,0.0,none,0
ASM-004652,PROP-01551,CTY-022,2025,402483,400354,0.0053,none,0
ASM-004653,PROP-01551,CTY-022,2026,404549,402483,0.0051,none,0
ASM-004654,PROP-01552,CTY-022,2024,418830,,0.0,none,0
ASM-004655,PROP-01552,CTY-022,2025,420624,418830,0.0043,none,0
ASM-004656,PROP-01552,CTY-022,2026,421651,420624,0.0024,none,0
ASM-004657,PROP-01553,CTY-022,2024,410764,,0.0,none,0
ASM-004658,PROP-01553,CTY-022,2025,412423,410764,0.004,none,0
ASM-004659,PROP-01553,CTY-022,2026,413858,412423,0.0035,none,0
ASM-004660,PROP-01554,CTY-022,2024,427487,,0.0,none,0
ASM-004661,PROP-01554,CTY-022,2025,429688,427487,0.0051,none,0
ASM-004662,PROP-01554,CTY-022,2026,431602,429688,0.0045,none,0
ASM-004663,PROP-01555,CTY-022,2024,399251,,0.0,none,0
ASM-004664,PROP-01555,CTY-022,2025,400540,399251,0.0032,none,0
ASM-004665,PROP-01555,CTY-022,2026,402125,400540,0.004,none,0
ASM-004666,PROP-01556,CTY-022,2024,418841,,0.0,none,0
ASM-004667,PROP-01556,CTY-022,2025,420894,418841,0.0049,none,0
ASM-004668,PROP-01556,CTY-022,2026,423351,420894,0.0058,none,0
ASM-004669,PROP-01557,CTY-023,2024,395058,,0.0,none,0
ASM-004670,PROP-01557,CTY-023,2025,396574,395058,0.0038,none,0
ASM-004671,PROP-01557,CTY-023,2026,397691,396574,0.0028,none,0
ASM-004672,PROP-01558,CTY-023,2024,372534,,0.0,none,0
ASM-004673,PROP-01558,CTY-023,2025,374272,372534,0.0047,none,0
ASM-004674,PROP-01558,CTY-023,2026,376219,374272,0.0052,none,0
ASM-004675,PROP-01559,CTY-023,2024,353401,,0.0,none,0
ASM-004676,PROP-01559,CTY-023,2025,355379,353401,0.0056,none,0
ASM-004677,PROP-01559,CTY-023,2026,356380,355379,0.0028,none,0
ASM-004678,PROP-01560,CTY-023,2024,334232,,0.0,none,0
ASM-004679,PROP-01560,CTY-023,2025,335270,334232,0.0031,none,0
ASM-004680,PROP-01560,CTY-023,2026,336368,335270,0.0033,none,0
ASM-004681,PROP-01561,CTY-023,2024,323014,,0.0,none,0
ASM-004682,PROP-01561,CTY-023,2025,323856,323014,0.0026,none,0
ASM-004683,PROP-01561,CTY-023,2026,325762,323856,0.0059,none,0
ASM-004684,PROP-01562,CTY-023,2024,371927,,0.0,none,0
ASM-004685,PROP-01562,CTY-023,2025,373262,371927,0.0036,none,0
ASM-004686,PROP-01562,CTY-023,2026,375425,373262,0.0058,none,0
ASM-004687,PROP-01563,CTY-023,2024,388096,,0.0,none,0
ASM-004688,PROP-01563,CTY-023,2025,389904,388096,0.0047,none,0
ASM-004689,PROP-01563,CTY-023,2026,391916,389904,0.0052,none,0
ASM-004690,PROP-01564,CTY-023,2024,373256,,0.0,none,0
ASM-004691,PROP-01564,CTY-023,2025,374880,373256,0.0044,none,0
ASM-004692,PROP-01564,CTY-023,2026,376081,374880,0.0032,none,0
ASM-004693,PROP-01565,CTY-023,2024,337309,,0.0,none,0
ASM-004694,PROP-01565,CTY-023,2025,338813,337309,0.0045,none,0
ASM-004695,PROP-01565,CTY-023,2026,340500,338813,0.005,none,0
ASM-004696,PROP-01566,CTY-023,2024,379484,,0.0,none,0
ASM-004697,PROP-01566,CTY-023,2025,381694,379484,0.0058,none,0
ASM-004698,PROP-01566,CTY-023,2026,383604,381694,0.005,none,0
ASM-004699,PROP-01567,CTY-023,2024,319347,,0.0,none,0
ASM-004700,PROP-01567,CTY-023,2025,321060,319347,0.0054,none,0
ASM-004701,PROP-01567,CTY-023,2026,322291,321060,0.0038,none,0
ASM-004702,PROP-01568,CTY-023,2024,401135,,0.0,none,0
ASM-004703,PROP-01568,CTY-023,2025,402293,401135,0.0029,none,0
ASM-004704,PROP-01568,CTY-023,2026,404349,402293,0.0051,none,0
ASM-004705,PROP-01569,CTY-023,2024,391258,,0.0,none,0
ASM-004706,PROP-01569,CTY-023,2025,392563,391258,0.0033,none,0
ASM-004707,PROP-01569,CTY-023,2026,394322,392563,0.0045,none,0
ASM-004708,PROP-01570,CTY-023,2024,402426,,0.0,none,0
ASM-004709,PROP-01570,CTY-023,2025,403721,402426,0.0032,none,0
ASM-004710,PROP-01570,CTY-023,2026,405339,403721,0.004,none,0
ASM-004711,PROP-01571,CTY-023,2024,319818,,0.0,none,0
ASM-004712,PROP-01571,CTY-023,2025,321617,319818,0.0056,none,0
ASM-004713,PROP-01571,CTY-023,2026,322584,321617,0.003,none,0
ASM-004714,PROP-01572,CTY-023,2024,374823,,0.0,none,0
ASM-004715,PROP-01572,CTY-023,2025,376939,374823,0.0056,none,0
ASM-004716,PROP-01572,CTY-023,2026,378869,376939,0.0051,none,0
ASM-004717,PROP-01573,CTY-023,2024,356817,,0.0,none,0
ASM-004718,PROP-01573,CTY-023,2025,358224,356817,0.0039,none,0
ASM-004719,PROP-01573,CTY-023,2026,359436,358224,0.0034,none,0
ASM-004720,PROP-01574,CTY-023,2024,327964,,0.0,none,0
ASM-004721,PROP-01574,CTY-023,2025,328872,327964,0.0028,none,0
ASM-004722,PROP-01574,CTY-023,2026,330765,328872,0.0058,none,0
ASM-004723,PROP-01575,CTY-023,2024,405107,,0.0,none,0
ASM-004724,PROP-01575,CTY-023,2025,406519,405107,0.0035,none,0
ASM-004725,PROP-01575,CTY-023,2026,408896,406519,0.0058,none,0
ASM-004726,PROP-01576,CTY-023,2024,328149,,0.0,none,0
ASM-004727,PROP-01576,CTY-023,2025,329687,328149,0.0047,none,0
ASM-004728,PROP-01576,CTY-023,2026,330859,329687,0.0036,none,0
ASM-004729,PROP-01577,CTY-023,2024,393767,,0.0,none,0
ASM-004730,PROP-01577,CTY-023,2025,395769,393767,0.0051,none,0
ASM-004731,PROP-01577,CTY-023,2026,397321,395769,0.0039,none,0
ASM-004732,PROP-01578,CTY-023,2024,281532,,0.0,none,0
ASM-004733,PROP-01578,CTY-023,2025,283161,281532,0.0058,none,0
ASM-004734,PROP-01578,CTY-023,2026,284471,283161,0.0046,none,0
ASM-004735,PROP-01579,CTY-023,2024,355848,,0.0,none,0
ASM-004736,PROP-01579,CTY-023,2025,357968,355848,0.006,none,0
ASM-004737,PROP-01579,CTY-023,2026,359407,357968,0.004,none,0
ASM-004738,PROP-01580,CTY-023,2024,337211,,0.0,none,0
ASM-004739,PROP-01580,CTY-023,2025,339015,337211,0.0053,none,0
ASM-004740,PROP-01580,CTY-023,2026,340319,339015,0.0038,none,0
ASM-004741,PROP-01581,CTY-023,2024,395068,,0.0,none,0
ASM-004742,PROP-01581,CTY-023,2025,396722,395068,0.0042,none,0
ASM-004743,PROP-01581,CTY-023,2026,398823,396722,0.0053,none,0
ASM-004744,PROP-01582,CTY-023,2024,360212,,0.0,none,0
ASM-004745,PROP-01582,CTY-023,2025,361802,360212,0.0044,none,0
ASM-004746,PROP-01582,CTY-023,2026,363733,361802,0.0053,none,0
ASM-004747,PROP-01583,CTY-023,2024,320062,,0.0,none,0
ASM-004748,PROP-01583,CTY-023,2025,321230,320062,0.0036,none,0
ASM-004749,PROP-01583,CTY-023,2026,322547,321230,0.0041,none,0
ASM-004750,PROP-01584,CTY-023,2024,377461,,0.0,none,0
ASM-004751,PROP-01584,CTY-023,2025,379548,377461,0.0055,none,0
ASM-004752,PROP-01584,CTY-023,2026,380888,379548,0.0035,none,0
ASM-004753,PROP-01585,CTY-023,2024,375148,,0.0,none,0
ASM-004754,PROP-01585,CTY-023,2025,377130,375148,0.0053,none,0
ASM-004755,PROP-01585,CTY-023,2026,378704,377130,0.0042,none,0
ASM-004756,PROP-01586,CTY-023,2024,325714,,0.0,none,0
ASM-004757,PROP-01586,CTY-023,2025,327449,325714,0.0053,none,0
ASM-004758,PROP-01586,CTY-023,2026,329292,327449,0.0056,none,0
ASM-004759,PROP-01587,CTY-023,2024,319883,,0.0,none,0
ASM-004760,PROP-01587,CTY-023,2025,320706,319883,0.0026,none,0
ASM-004761,PROP-01587,CTY-023,2026,322053,320706,0.0042,none,0
ASM-004762,PROP-01588,CTY-023,2024,388678,,0.0,none,0
ASM-004763,PROP-01588,CTY-023,2025,390471,388678,0.0046,none,0
ASM-004764,PROP-01588,CTY-023,2026,391410,390471,0.0024,none,0
ASM-004765,PROP-01589,CTY-023,2024,372229,,0.0,none,0
ASM-004766,PROP-01589,CTY-023,2025,373370,372229,0.0031,none,0
ASM-004767,PROP-01589,CTY-023,2026,374342,373370,0.0026,none,0
ASM-004768,PROP-01590,CTY-023,2024,348152,,0.0,none,0
ASM-004769,PROP-01590,CTY-023,2025,349626,348152,0.0042,none,0
ASM-004770,PROP-01590,CTY-023,2026,350490,349626,0.0025,none,0
ASM-004771,PROP-01591,CTY-023,2024,287820,,0.0,none,0
ASM-004772,PROP-01591,CTY-023,2025,289404,287820,0.0055,none,0
ASM-004773,PROP-01591,CTY-023,2026,290581,289404,0.0041,none,0
ASM-004774,PROP-01592,CTY-023,2024,333662,,0.0,none,0
ASM-004775,PROP-01592,CTY-023,2025,334888,333662,0.0037,none,0
ASM-004776,PROP-01592,CTY-023,2026,336380,334888,0.0045,none,0
ASM-004777,PROP-01593,CTY-023,2024,359899,,0.0,none,0
ASM-004778,PROP-01593,CTY-023,2025,361326,359899,0.004,none,0
ASM-004779,PROP-01593,CTY-023,2026,362459,361326,0.0031,none,0
ASM-004780,PROP-01594,CTY-023,2024,322252,,0.0,none,0
ASM-004781,PROP-01594,CTY-023,2025,323040,322252,0.0024,none,0
ASM-004782,PROP-01594,CTY-023,2026,324145,323040,0.0034,none,0
ASM-004783,PROP-01595,CTY-023,2024,336542,,0.0,none,0
ASM-004784,PROP-01595,CTY-023,2025,338119,336542,0.0047,none,0
ASM-004785,PROP-01595,CTY-023,2026,339919,338119,0.0053,none,0
ASM-004786,PROP-01596,CTY-023,2024,347240,,0.0,none,0
ASM-004787,PROP-01596,CTY-023,2025,348194,347240,0.0027,none,0
ASM-004788,PROP-01596,CTY-023,2026,350053,348194,0.0053,none,0
ASM-004789,PROP-01597,CTY-023,2024,323420,,0.0,none,0
ASM-004790,PROP-01597,CTY-023,2025,324723,323420,0.004,none,0
ASM-004791,PROP-01597,CTY-023,2026,325922,324723,0.0037,none,0
ASM-004792,PROP-01598,CTY-023,2024,395736,,0.0,none,0
ASM-004793,PROP-01598,CTY-023,2025,397537,395736,0.0046,none,0
ASM-004794,PROP-01598,CTY-023,2026,399852,397537,0.0058,none,0
ASM-004795,PROP-01599,CTY-023,2024,278084,,0.0,none,0
ASM-004796,PROP-01599,CTY-023,2025,279268,278084,0.0043,none,0
ASM-004797,PROP-01599,CTY-023,2026,280827,279268,0.0056,none,0
ASM-004798,PROP-01600,CTY-024,2024,409483,,0.0,none,0
ASM-004799,PROP-01600,CTY-024,2025,410769,409483,0.0031,none,0
ASM-004800,PROP-01600,CTY-024,2026,411914,410769,0.0028,none,0
ASM-004801,PROP-01601,CTY-024,2024,406815,,0.0,none,0
ASM-004802,PROP-01601,CTY-024,2025,408188,406815,0.0034,none,0
ASM-004803,PROP-01601,CTY-024,2026,409734,408188,0.0038,none,0
ASM-004804,PROP-01602,CTY-024,2024,413415,,0.0,none,0
ASM-004805,PROP-01602,CTY-024,2025,415729,413415,0.0056,none,0
ASM-004806,PROP-01602,CTY-024,2026,418109,415729,0.0057,none,0
ASM-004807,PROP-01603,CTY-024,2024,396326,,0.0,none,0
ASM-004808,PROP-01603,CTY-024,2025,398526,396326,0.0056,none,0
ASM-004809,PROP-01603,CTY-024,2026,400367,398526,0.0046,none,0
ASM-004810,PROP-01604,CTY-024,2024,358477,,0.0,none,0
ASM-004811,PROP-01604,CTY-024,2025,360544,358477,0.0058,none,0
ASM-004812,PROP-01604,CTY-024,2026,361885,360544,0.0037,none,0
ASM-004813,PROP-01605,CTY-024,2024,409532,,0.0,none,0
ASM-004814,PROP-01605,CTY-024,2025,411067,409532,0.0037,none,0
ASM-004815,PROP-01605,CTY-024,2026,412310,411067,0.003,none,0
ASM-004816,PROP-01606,CTY-024,2024,357785,,0.0,none,0
ASM-004817,PROP-01606,CTY-024,2025,359455,357785,0.0047,none,0
ASM-004818,PROP-01606,CTY-024,2026,360954,359455,0.0042,none,0
ASM-004819,PROP-01607,CTY-024,2024,400295,,0.0,none,0
ASM-004820,PROP-01607,CTY-024,2025,402465,400295,0.0054,none,0
ASM-004821,PROP-01607,CTY-024,2026,404028,402465,0.0039,none,0
ASM-004822,PROP-01608,CTY-024,2024,428979,,0.0,none,0
ASM-004823,PROP-01608,CTY-024,2025,431416,428979,0.0057,none,0
ASM-004824,PROP-01608,CTY-024,2026,432540,431416,0.0026,none,0
ASM-004825,PROP-01609,CTY-024,2024,298922,,0.0,none,0
ASM-004826,PROP-01609,CTY-024,2025,299830,298922,0.003,none,0
ASM-004827,PROP-01609,CTY-024,2026,300725,299830,0.003,none,0
ASM-004828,PROP-01610,CTY-024,2024,387844,,0.0,none,0
ASM-004829,PROP-01610,CTY-024,2025,388955,387844,0.0029,none,0
ASM-004830,PROP-01610,CTY-024,2026,390838,388955,0.0048,none,0
ASM-004831,PROP-01611,CTY-024,2024,321544,,0.0,none,0
ASM-004832,PROP-01611,CTY-024,2025,323283,321544,0.0054,none,0
ASM-004833,PROP-01611,CTY-024,2026,324513,323283,0.0038,none,0
ASM-004834,PROP-01612,CTY-024,2024,334947,,0.0,none,0
ASM-004835,PROP-01612,CTY-024,2025,335772,334947,0.0025,none,0
ASM-004836,PROP-01612,CTY-024,2026,337373,335772,0.0048,none,0
ASM-004837,PROP-01613,CTY-024,2024,314706,,0.0,none,0
ASM-004838,PROP-01613,CTY-024,2025,315987,314706,0.0041,none,0
ASM-004839,PROP-01613,CTY-024,2026,316954,315987,0.0031,none,0
ASM-004840,PROP-01614,CTY-024,2024,338856,,0.0,none,0
ASM-004841,PROP-01614,CTY-024,2025,340658,338856,0.0053,none,0
ASM-004842,PROP-01614,CTY-024,2026,341688,340658,0.003,none,0
ASM-004843,PROP-01615,CTY-024,2024,377233,,0.0,none,0
ASM-004844,PROP-01615,CTY-024,2025,378201,377233,0.0026,none,0
ASM-004845,PROP-01615,CTY-024,2026,380057,378201,0.0049,none,0
ASM-004846,PROP-01616,CTY-024,2024,323204,,0.0,none,0
ASM-004847,PROP-01616,CTY-024,2025,324945,323204,0.0054,none,0
ASM-004848,PROP-01616,CTY-024,2026,326450,324945,0.0046,none,0
ASM-004849,PROP-01617,CTY-024,2024,408069,,0.0,none,0
ASM-004850,PROP-01617,CTY-024,2025,410515,408069,0.006,none,0
ASM-004851,PROP-01617,CTY-024,2026,412480,410515,0.0048,none,0
ASM-004852,PROP-01618,CTY-024,2024,371498,,0.0,none,0
ASM-004853,PROP-01618,CTY-024,2025,372970,371498,0.004,none,0
ASM-004854,PROP-01618,CTY-024,2026,374574,372970,0.0043,none,0
ASM-004855,PROP-01619,CTY-024,2024,383590,,0.0,none,0
ASM-004856,PROP-01619,CTY-024,2025,385890,383590,0.006,none,0
ASM-004857,PROP-01619,CTY-024,2026,388037,385890,0.0056,none,0
ASM-004858,PROP-01620,CTY-024,2024,304100,,0.0,none,0
ASM-004859,PROP-01620,CTY-024,2025,305218,304100,0.0037,none,0
ASM-004860,PROP-01620,CTY-024,2026,306772,305218,0.0051,none,0
ASM-004861,PROP-01621,CTY-024,2024,361501,,0.0,none,0
ASM-004862,PROP-01621,CTY-024,2025,362556,361501,0.0029,none,0
ASM-004863,PROP-01621,CTY-024,2026,363544,362556,0.0027,none,0
ASM-004864,PROP-01622,CTY-024,2024,420811,,0.0,none,0
ASM-004865,PROP-01622,CTY-024,2025,422647,420811,0.0044,none,0
ASM-004866,PROP-01622,CTY-024,2026,424818,422647,0.0051,none,0
ASM-004867,PROP-01623,CTY-024,2024,376528,,0.0,none,0
ASM-004868,PROP-01623,CTY-024,2025,378656,376528,0.0057,none,0
ASM-004869,PROP-01623,CTY-024,2026,380603,378656,0.0051,none,0
ASM-004870,PROP-01624,CTY-024,2024,345984,,0.0,none,0
ASM-004871,PROP-01624,CTY-024,2025,347378,345984,0.004,none,0
ASM-004872,PROP-01624,CTY-024,2026,349316,347378,0.0056,none,0
ASM-004873,PROP-01625,CTY-024,2024,443289,,0.0,none,0
ASM-004874,PROP-01625,CTY-024,2025,445173,443289,0.0043,none,0
ASM-004875,PROP-01625,CTY-024,2026,447730,445173,0.0057,none,0
ASM-004876,PROP-01626,CTY-024,2024,423599,,0.0,none,0
ASM-004877,PROP-01626,CTY-024,2025,425170,423599,0.0037,none,0
ASM-004878,PROP-01626,CTY-024,2026,427359,425170,0.0051,none,0
ASM-004879,PROP-01627,CTY-024,2024,323127,,0.0,none,0
ASM-004880,PROP-01627,CTY-024,2025,324612,323127,0.0046,none,0
ASM-004881,PROP-01627,CTY-024,2026,326441,324612,0.0056,none,0
ASM-004882,PROP-01628,CTY-024,2024,397239,,0.0,none,0
ASM-004883,PROP-01628,CTY-024,2025,399589,397239,0.0059,none,0
ASM-004884,PROP-01628,CTY-024,2026,400619,399589,0.0026,none,0
ASM-004885,PROP-01629,CTY-024,2024,348263,,0.0,none,0
ASM-004886,PROP-01629,CTY-024,2025,349976,348263,0.0049,none,0
ASM-004887,PROP-01629,CTY-024,2026,352008,349976,0.0058,none,0
ASM-004888,PROP-01630,CTY-025,2024,386325,,0.0,none,0
ASM-004889,PROP-01630,CTY-025,2025,406088,386325,0.0512,none,0
ASM-004890,PROP-01630,CTY-025,2026,435804,406088,0.0732,none,0
ASM-004891,PROP-01631,CTY-025,2024,355534,,0.0,none,0
ASM-004892,PROP-01631,CTY-025,2025,380576,355534,0.0704,none,0
ASM-004893,PROP-01631,CTY-025,2026,410970,380576,0.0799,none,0
ASM-004894,PROP-01632,CTY-025,2024,361845,,0.0,none,0
ASM-004895,PROP-01632,CTY-025,2025,386074,361845,0.067,none,0
ASM-004896,PROP-01632,CTY-025,2026,411674,386074,0.0663,none,0
ASM-004897,PROP-01633,CTY-025,2024,448250,,0.0,none,0
ASM-004898,PROP-01633,CTY-025,2025,472290,448250,0.0536,none,0
ASM-004899,PROP-01633,CTY-025,2026,490919,472290,0.0394,none,0
ASM-004900,PROP-01634,CTY-025,2024,339390,,0.0,none,0
ASM-004901,PROP-01634,CTY-025,2025,356134,339390,0.0493,none,0
ASM-004902,PROP-01634,CTY-025,2026,369772,356134,0.0383,none,0
ASM-004903,PROP-01635,CTY-025,2024,313123,,0.0,none,0
ASM-004904,PROP-01635,CTY-025,2025,337779,313123,0.0787,none,0
ASM-004905,PROP-01635,CTY-025,2026,355337,337779,0.052,none,0
ASM-004906,PROP-01636,CTY-025,2024,451701,,0.0,none,0
ASM-004907,PROP-01636,CTY-025,2025,492099,451701,0.0894,none,0
ASM-004908,PROP-01636,CTY-025,2026,511269,492099,0.039,none,0
ASM-004909,PROP-01637,CTY-025,2024,427253,,0.0,none,0
ASM-004910,PROP-01637,CTY-025,2025,456630,427253,0.0688,none,0
ASM-004911,PROP-01637,CTY-025,2026,480572,456630,0.0524,none,0
ASM-004912,PROP-01638,CTY-025,2024,428347,,0.0,none,0
ASM-004913,PROP-01638,CTY-025,2025,458439,428347,0.0703,none,0
ASM-004914,PROP-01638,CTY-025,2026,490917,458439,0.0708,none,0
ASM-004915,PROP-01639,CTY-025,2024,378691,,0.0,none,0
ASM-004916,PROP-01639,CTY-025,2025,401847,378691,0.0611,none,0
ASM-004917,PROP-01639,CTY-025,2026,429924,401847,0.0699,none,0
ASM-004918,PROP-01640,CTY-025,2024,372373,,0.0,none,0
ASM-004919,PROP-01640,CTY-025,2025,400445,372373,0.0754,none,0
ASM-004920,PROP-01640,CTY-025,2026,437262,400445,0.0919,none,0
ASM-004921,PROP-01641,CTY-025,2024,344680,,0.0,none,0
ASM-004922,PROP-01641,CTY-025,2025,357681,344680,0.0377,none,0
ASM-004923,PROP-01641,CTY-025,2026,382561,357681,0.0696,none,0
ASM-004924,PROP-01642,CTY-025,2024,353900,,0.0,none,0
ASM-004925,PROP-01642,CTY-025,2025,371614,353900,0.0501,none,0
ASM-004926,PROP-01642,CTY-025,2026,385946,371614,0.0386,none,0
ASM-004927,PROP-01643,CTY-025,2024,345808,,0.0,none,0
ASM-004928,PROP-01643,CTY-025,2025,360080,345808,0.0413,none,0
ASM-004929,PROP-01643,CTY-025,2026,393511,360080,0.0928,none,0
ASM-004930,PROP-01644,CTY-025,2024,425936,,0.0,none,0
ASM-004931,PROP-01644,CTY-025,2025,450753,425936,0.0583,none,0
ASM-004932,PROP-01644,CTY-025,2026,488957,450753,0.0848,none,0
ASM-004933,PROP-01645,CTY-025,2024,421275,,0.0,none,0
ASM-004934,PROP-01645,CTY-025,2025,437094,421275,0.0376,none,0
ASM-004935,PROP-01645,CTY-025,2026,477289,437094,0.092,none,0
ASM-004936,PROP-01646,CTY-025,2024,412397,,0.0,none,0
ASM-004937,PROP-01646,CTY-025,2025,439271,412397,0.0652,none,0
ASM-004938,PROP-01646,CTY-025,2026,458657,439271,0.0441,none,0
ASM-004939,PROP-01647,CTY-025,2024,427412,,0.0,none,0
ASM-004940,PROP-01647,CTY-025,2025,451566,427412,0.0565,none,0
ASM-004941,PROP-01647,CTY-025,2026,470819,451566,0.0426,none,0
ASM-004942,PROP-01648,CTY-025,2024,496165,,0.0,none,0
ASM-004943,PROP-01648,CTY-025,2025,540723,496165,0.0898,none,0
ASM-004944,PROP-01648,CTY-025,2026,564626,540723,0.0442,none,0
ASM-004945,PROP-01649,CTY-025,2024,352741,,0.0,none,0
ASM-004946,PROP-01649,CTY-025,2025,380308,352741,0.0782,none,0
ASM-004947,PROP-01649,CTY-025,2026,405196,380308,0.0654,none,0
ASM-004948,PROP-01650,CTY-025,2024,466638,,0.0,none,0
ASM-004949,PROP-01650,CTY-025,2025,500183,466638,0.0719,none,0
ASM-004950,PROP-01650,CTY-025,2026,541752,500183,0.0831,none,0
ASM-004951,PROP-01651,CTY-025,2024,475893,,0.0,none,0
ASM-004952,PROP-01651,CTY-025,2025,505036,475893,0.0612,none,0
ASM-004953,PROP-01651,CTY-025,2026,536857,505036,0.063,none,0
ASM-004954,PROP-01652,CTY-025,2024,346871,,0.0,none,0
ASM-004955,PROP-01652,CTY-025,2025,360111,346871,0.0382,none,0
ASM-004956,PROP-01652,CTY-025,2026,382593,360111,0.0624,none,0
ASM-004957,PROP-01653,CTY-025,2024,378042,,0.0,none,0
ASM-004958,PROP-01653,CTY-025,2025,407599,378042,0.0782,none,0
ASM-004959,PROP-01653,CTY-025,2026,431343,407599,0.0583,none,0
ASM-004960,PROP-01654,CTY-025,2024,360577,,0.0,none,0
ASM-004961,PROP-01654,CTY-025,2025,388211,360577,0.0766,none,0
ASM-004962,PROP-01654,CTY-025,2026,423320,388211,0.0904,none,0
ASM-004963,PROP-01655,CTY-025,2024,336028,,0.0,none,0
ASM-004964,PROP-01655,CTY-025,2025,353767,336028,0.0528,none,0
ASM-004965,PROP-01655,CTY-025,2026,372404,353767,0.0527,none,0
ASM-004966,PROP-01656,CTY-025,2024,401452,,0.0,none,0
ASM-004967,PROP-01656,CTY-025,2025,419209,401452,0.0442,none,0
ASM-004968,PROP-01656,CTY-025,2026,456544,419209,0.0891,none,0
ASM-004969,PROP-01657,CTY-025,2024,350469,,0.0,none,0
ASM-004970,PROP-01657,CTY-025,2025,372573,350469,0.0631,none,0
ASM-004971,PROP-01657,CTY-025,2026,403996,372573,0.0843,none,0
ASM-004972,PROP-01658,CTY-025,2024,375484,,0.0,none,0
ASM-004973,PROP-01658,CTY-025,2025,394015,375484,0.0494,none,0
ASM-004974,PROP-01658,CTY-025,2026,418714,394015,0.0627,none,0
ASM-004975,PROP-01659,CTY-025,2024,357691,,0.0,none,0
ASM-004976,PROP-01659,CTY-025,2025,387779,357691,0.0841,none,0
ASM-004977,PROP-01659,CTY-025,2026,402723,387779,0.0385,none,0
ASM-004978,PROP-01660,CTY-025,2024,393869,,0.0,none,0
ASM-004979,PROP-01660,CTY-025,2025,427425,393869,0.0852,none,0
ASM-004980,PROP-01660,CTY-025,2026,444706,427425,0.0404,none,0
ASM-004981,PROP-01661,CTY-025,2024,456216,,0.0,none,0
ASM-004982,PROP-01661,CTY-025,2025,473254,456216,0.0373,none,0
ASM-004983,PROP-01661,CTY-025,2026,491238,473254,0.038,none,0
ASM-004984,PROP-01662,CTY-025,2024,465849,,0.0,none,0
ASM-004985,PROP-01662,CTY-025,2025,495078,465849,0.0627,none,0
ASM-004986,PROP-01662,CTY-025,2026,526509,495078,0.0635,none,0
ASM-004987,PROP-01663,CTY-025,2024,367397,,0.0,none,0
ASM-004988,PROP-01663,CTY-025,2025,389430,367397,0.06,none,0
ASM-004989,PROP-01663,CTY-025,2026,418088,389430,0.0736,none,0
ASM-004990,PROP-01664,CTY-025,2024,391572,,0.0,none,0
ASM-004991,PROP-01664,CTY-025,2025,410200,391572,0.0476,none,0
ASM-004992,PROP-01664,CTY-025,2026,443870,410200,0.0821,none,0
ASM-004993,PROP-01665,CTY-025,2024,414159,,0.0,none,0
ASM-004994,PROP-01665,CTY-025,2025,434636,414159,0.0494,none,0
ASM-004995,PROP-01665,CTY-025,2026,455561,434636,0.0481,none,0
ASM-004996,PROP-01666,CTY-025,2024,362324,,0.0,none,0
ASM-004997,PROP-01666,CTY-025,2025,395265,362324,0.0909,none,0
ASM-004998,PROP-01666,CTY-025,2026,414134,395265,0.0477,none,0
ASM-004999,PROP-01667,CTY-025,2024,378548,,0.0,none,0
ASM-005000,PROP-01667,CTY-025,2025,395369,378548,0.0444,none,0
ASM-005001,PROP-01667,CTY-025,2026,423186,395369,0.0704,none,0
ASM-005002,PROP-01668,CTY-025,2024,342380,,0.0,none,0
ASM-005003,PROP-01668,CTY-025,2025,363213,342380,0.0608,none,0
ASM-005004,PROP-01668,CTY-025,2026,390629,363213,0.0755,none,0
ASM-005005,PROP-01669,CTY-025,2024,380540,,0.0,none,0
ASM-005006,PROP-01669,CTY-025,2025,414287,380540,0.0887,none,0
ASM-005007,PROP-01669,CTY-025,2026,451351,414287,0.0895,none,0
ASM-005008,PROP-01670,CTY-025,2024,356065,,0.0,none,0
ASM-005009,PROP-01670,CTY-025,2025,387661,356065,0.0887,none,0
ASM-005010,PROP-01670,CTY-025,2026,406020,387661,0.0474,none,0
ASM-005011,PROP-01671,CTY-025,2024,335647,,0.0,none,0
ASM-005012,PROP-01671,CTY-025,2025,361713,335647,0.0777,none,0
ASM-005013,PROP-01671,CTY-025,2026,392456,361713,0.085,none,0
ASM-005014,PROP-01672,CTY-025,2024,378496,,0.0,none,0
ASM-005015,PROP-01672,CTY-025,2025,402052,378496,0.0622,none,0
ASM-005016,PROP-01672,CTY-025,2026,429019,402052,0.0671,none,0
ASM-005017,PROP-01673,CTY-025,2024,452785,,0.0,none,0
ASM-005018,PROP-01673,CTY-025,2025,481368,452785,0.0631,none,0
ASM-005019,PROP-01673,CTY-025,2026,506007,481368,0.0512,none,0
ASM-005020,PROP-01674,CTY-025,2024,397201,,0.0,none,0
ASM-005021,PROP-01674,CTY-025,2025,422430,397201,0.0635,none,0
ASM-005022,PROP-01674,CTY-025,2026,451507,422430,0.0688,none,0
ASM-005023,PROP-01675,CTY-025,2024,361884,,0.0,none,0
ASM-005024,PROP-01675,CTY-025,2025,393925,361884,0.0885,none,0
ASM-005025,PROP-01675,CTY-025,2026,408918,393925,0.0381,none,0
ASM-005026,PROP-01676,CTY-025,2024,395368,,0.0,none,0
ASM-005027,PROP-01676,CTY-025,2025,419178,395368,0.0602,none,0
ASM-005028,PROP-01676,CTY-025,2026,445270,419178,0.0622,none,0
ASM-005029,PROP-01677,CTY-025,2024,362098,,0.0,none,0
ASM-005030,PROP-01677,CTY-025,2025,389970,362098,0.077,none,0
ASM-005031,PROP-01677,CTY-025,2026,417970,389970,0.0718,none,0
ASM-005032,PROP-01678,CTY-025,2024,414218,,0.0,none,0
ASM-005033,PROP-01678,CTY-025,2025,434956,414218,0.0501,none,0
ASM-005034,PROP-01678,CTY-025,2026,474788,434956,0.0916,none,0
ASM-005035,PROP-01679,CTY-025,2024,362394,,0.0,none,0
ASM-005036,PROP-01679,CTY-025,2025,382129,362394,0.0545,none,0
ASM-005037,PROP-01679,CTY-025,2026,409659,382129,0.072,none,0
ASM-005038,PROP-01680,CTY-026,2024,593624,,0.0,none,0
ASM-005039,PROP-01680,CTY-026,2025,630054,593624,0.0614,none,0
ASM-005040,PROP-01680,CTY-026,2026,657117,630054,0.043,none,0
ASM-005041,PROP-01681,CTY-026,2024,409631,,0.0,none,0
ASM-005042,PROP-01681,CTY-026,2025,444644,409631,0.0855,none,0
ASM-005043,PROP-01681,CTY-026,2026,475531,444644,0.0695,none,0
ASM-005044,PROP-01682,CTY-026,2024,379198,,0.0,none,0
ASM-005045,PROP-01682,CTY-026,2025,414648,379198,0.0935,none,0
ASM-005046,PROP-01682,CTY-026,2026,434815,414648,0.0486,none,0
ASM-005047,PROP-01683,CTY-026,2024,599134,,0.0,none,0
ASM-005048,PROP-01683,CTY-026,2025,636158,599134,0.0618,none,0
ASM-005049,PROP-01683,CTY-026,2026,690017,636158,0.0847,none,0
ASM-005050,PROP-01684,CTY-026,2024,550529,,0.0,none,0
ASM-005051,PROP-01684,CTY-026,2025,597417,550529,0.0852,none,0
ASM-005052,PROP-01684,CTY-026,2026,649215,597417,0.0867,none,0
ASM-005053,PROP-01685,CTY-026,2024,570410,,0.0,none,0
ASM-005054,PROP-01685,CTY-026,2025,616788,570410,0.0813,none,0
ASM-005055,PROP-01685,CTY-026,2026,673892,616788,0.0926,none,0
ASM-005056,PROP-01686,CTY-026,2024,601663,,0.0,none,0
ASM-005057,PROP-01686,CTY-026,2025,658699,601663,0.0948,won,35714
ASM-005058,PROP-01686,CTY-026,2026,694477,658699,0.0543,none,0
ASM-005059,PROP-01687,CTY-026,2024,483704,,0.0,none,0
ASM-005060,PROP-01687,CTY-026,2025,525208,483704,0.0858,none,0
ASM-005061,PROP-01687,CTY-026,2026,552774,525208,0.0525,none,0
ASM-005062,PROP-01688,CTY-026,2024,437113,,0.0,none,0
ASM-005063,PROP-01688,CTY-026,2025,454505,437113,0.0398,none,0
ASM-005064,PROP-01688,CTY-026,2026,497552,454505,0.0947,won,17670
ASM-005065,PROP-01689,CTY-026,2024,514707,,0.0,none,0
ASM-005066,PROP-01689,CTY-026,2025,546920,514707,0.0626,none,0
ASM-005067,PROP-01689,CTY-026,2026,577806,546920,0.0565,none,0
ASM-005068,PROP-01690,CTY-026,2024,413401,,0.0,none,0
ASM-005069,PROP-01690,CTY-026,2025,449756,413401,0.0879,none,0
ASM-005070,PROP-01690,CTY-026,2026,469163,449756,0.0432,none,0
ASM-005071,PROP-01691,CTY-026,2024,590968,,0.0,none,0
ASM-005072,PROP-01691,CTY-026,2025,640188,590968,0.0833,none,0
ASM-005073,PROP-01691,CTY-026,2026,699769,640188,0.0931,none,0
ASM-005074,PROP-01692,CTY-026,2024,619054,,0.0,none,0
ASM-005075,PROP-01692,CTY-026,2025,675263,619054,0.0908,none,0
ASM-005076,PROP-01692,CTY-026,2026,708394,675263,0.0491,none,0
ASM-005077,PROP-01693,CTY-026,2024,551982,,0.0,none,0
ASM-005078,PROP-01693,CTY-026,2025,597482,551982,0.0824,none,0
ASM-005079,PROP-01693,CTY-026,2026,648976,597482,0.0862,none,0
ASM-005080,PROP-01694,CTY-026,2024,442631,,0.0,none,0
ASM-005081,PROP-01694,CTY-026,2025,473761,442631,0.0703,none,0
ASM-005082,PROP-01694,CTY-026,2026,507896,473761,0.0721,none,0
ASM-005083,PROP-01695,CTY-026,2024,497854,,0.0,none,0
ASM-005084,PROP-01695,CTY-026,2025,522530,497854,0.0496,none,0
ASM-005085,PROP-01695,CTY-026,2026,549276,522530,0.0512,none,0
ASM-005086,PROP-01696,CTY-026,2024,492108,,0.0,none,0
ASM-005087,PROP-01696,CTY-026,2025,512517,492108,0.0415,none,0
ASM-005088,PROP-01696,CTY-026,2026,550396,512517,0.0739,none,0
ASM-005089,PROP-01697,CTY-026,2024,649997,,0.0,none,0
ASM-005090,PROP-01697,CTY-026,2025,677712,649997,0.0426,none,0
ASM-005091,PROP-01697,CTY-026,2026,734203,677712,0.0834,none,0
ASM-005092,PROP-01698,CTY-026,2024,525414,,0.0,none,0
ASM-005093,PROP-01698,CTY-026,2025,556158,525414,0.0585,none,0
ASM-005094,PROP-01698,CTY-026,2026,602429,556158,0.0832,none,0
ASM-005095,PROP-01699,CTY-026,2024,691318,,0.0,none,0
ASM-005096,PROP-01699,CTY-026,2025,742411,691318,0.0739,none,0
ASM-005097,PROP-01699,CTY-026,2026,805211,742411,0.0846,none,0
ASM-005098,PROP-01700,CTY-026,2024,512740,,0.0,none,0
ASM-005099,PROP-01700,CTY-026,2025,557535,512740,0.0874,none,0
ASM-005100,PROP-01700,CTY-026,2026,604496,557535,0.0842,none,0
ASM-005101,PROP-01701,CTY-026,2024,496186,,0.0,none,0
ASM-005102,PROP-01701,CTY-026,2025,526180,496186,0.0604,none,0
ASM-005103,PROP-01701,CTY-026,2026,560448,526180,0.0651,none,0
ASM-005104,PROP-01702,CTY-026,2024,427910,,0.0,none,0
ASM-005105,PROP-01702,CTY-026,2025,455118,427910,0.0636,none,0
ASM-005106,PROP-01702,CTY-026,2026,498413,455118,0.0951,none,0
ASM-005107,PROP-01703,CTY-026,2024,436167,,0.0,none,0
ASM-005108,PROP-01703,CTY-026,2025,460651,436167,0.0561,none,0
ASM-005109,PROP-01703,CTY-026,2026,491826,460651,0.0677,none,0
ASM-005110,PROP-01704,CTY-026,2024,406249,,0.0,none,0
ASM-005111,PROP-01704,CTY-026,2025,437941,406249,0.078,none,0
ASM-005112,PROP-01704,CTY-026,2026,454794,437941,0.0385,none,0
ASM-005113,PROP-01705,CTY-026,2024,542578,,0.0,none,0
ASM-005114,PROP-01705,CTY-026,2025,575311,542578,0.0603,none,0
ASM-005115,PROP-01705,CTY-026,2026,608510,575311,0.0577,none,0
ASM-005116,PROP-01706,CTY-026,2024,539926,,0.0,none,0
ASM-005117,PROP-01706,CTY-026,2025,573660,539926,0.0625,none,0
ASM-005118,PROP-01706,CTY-026,2026,610157,573660,0.0636,none,0
ASM-005119,PROP-01707,CTY-026,2024,491507,,0.0,none,0
ASM-005120,PROP-01707,CTY-026,2025,514519,491507,0.0468,none,0
ASM-005121,PROP-01707,CTY-026,2026,563301,514519,0.0948,none,0
ASM-005122,PROP-01708,CTY-027,2024,603677,,0.0,none,0
ASM-005123,PROP-01708,CTY-027,2025,626998,603677,0.0386,none,0
ASM-005124,PROP-01708,CTY-027,2026,678512,626998,0.0822,none,0
ASM-005125,PROP-01709,CTY-027,2024,474778,,0.0,none,0
ASM-005126,PROP-01709,CTY-027,2025,499114,474778,0.0513,none,0
ASM-005127,PROP-01709,CTY-027,2026,534962,499114,0.0718,none,0
ASM-005128,PROP-01710,CTY-027,2024,493626,,0.0,none,0
ASM-005129,PROP-01710,CTY-027,2025,520178,493626,0.0538,none,0
ASM-005130,PROP-01710,CTY-027,2026,557278,520178,0.0713,none,0
ASM-005131,PROP-01711,CTY-027,2024,627801,,0.0,none,0
ASM-005132,PROP-01711,CTY-027,2025,650724,627801,0.0365,none,0
ASM-005133,PROP-01711,CTY-027,2026,692668,650724,0.0645,none,0
ASM-005134,PROP-01712,CTY-027,2024,585933,,0.0,none,0
ASM-005135,PROP-01712,CTY-027,2025,607423,585933,0.0367,none,0
ASM-005136,PROP-01712,CTY-027,2026,649809,607423,0.0698,none,0
ASM-005137,PROP-01713,CTY-027,2024,621855,,0.0,none,0
ASM-005138,PROP-01713,CTY-027,2025,649822,621855,0.045,none,0
ASM-005139,PROP-01713,CTY-027,2026,702649,649822,0.0813,none,0
ASM-005140,PROP-01714,CTY-027,2024,493918,,0.0,none,0
ASM-005141,PROP-01714,CTY-027,2025,512596,493918,0.0378,none,0
ASM-005142,PROP-01714,CTY-027,2026,540783,512596,0.055,none,0
ASM-005143,PROP-01715,CTY-027,2024,583816,,0.0,none,0
ASM-005144,PROP-01715,CTY-027,2025,617306,583816,0.0574,none,0
ASM-005145,PROP-01715,CTY-027,2026,644442,617306,0.044,none,0
ASM-005146,PROP-01716,CTY-027,2024,544184,,0.0,none,0
ASM-005147,PROP-01716,CTY-027,2025,578882,544184,0.0638,none,0
ASM-005148,PROP-01716,CTY-027,2026,614703,578882,0.0619,none,0
ASM-005149,PROP-01717,CTY-027,2024,526287,,0.0,none,0
ASM-005150,PROP-01717,CTY-027,2025,571155,526287,0.0853,none,0
ASM-005151,PROP-01717,CTY-027,2026,610937,571155,0.0697,none,0
ASM-005152,PROP-01718,CTY-027,2024,441281,,0.0,none,0
ASM-005153,PROP-01718,CTY-027,2025,458667,441281,0.0394,none,0
ASM-005154,PROP-01718,CTY-027,2026,486612,458667,0.0609,none,0
ASM-005155,PROP-01719,CTY-027,2024,383794,,0.0,none,0
ASM-005156,PROP-01719,CTY-027,2025,402579,383794,0.0489,none,0
ASM-005157,PROP-01719,CTY-027,2026,427029,402579,0.0607,none,0
ASM-005158,PROP-01720,CTY-027,2024,462197,,0.0,none,0
ASM-005159,PROP-01720,CTY-027,2025,478885,462197,0.0361,none,0
ASM-005160,PROP-01720,CTY-027,2026,497286,478885,0.0384,none,0
ASM-005161,PROP-01721,CTY-027,2024,530885,,0.0,none,0
ASM-005162,PROP-01721,CTY-027,2025,565505,530885,0.0652,none,0
ASM-005163,PROP-01721,CTY-027,2026,588580,565505,0.0408,none,0
ASM-005164,PROP-01722,CTY-027,2024,440539,,0.0,none,0
ASM-005165,PROP-01722,CTY-027,2025,457205,440539,0.0378,none,0
ASM-005166,PROP-01722,CTY-027,2026,478355,457205,0.0463,none,0
ASM-005167,PROP-01723,CTY-027,2024,607314,,0.0,none,0
ASM-005168,PROP-01723,CTY-027,2025,629562,607314,0.0366,none,0
ASM-005169,PROP-01723,CTY-027,2026,658245,629562,0.0456,none,0
ASM-005170,PROP-01724,CTY-027,2024,512023,,0.0,none,0
ASM-005171,PROP-01724,CTY-027,2025,549921,512023,0.074,none,0
ASM-005172,PROP-01724,CTY-027,2026,569524,549921,0.0356,none,0
ASM-005173,PROP-01725,CTY-027,2024,597938,,0.0,none,0
ASM-005174,PROP-01725,CTY-027,2025,644824,597938,0.0784,none,0
ASM-005175,PROP-01725,CTY-027,2026,671440,644824,0.0413,none,0
ASM-005176,PROP-01726,CTY-027,2024,461135,,0.0,none,0
ASM-005177,PROP-01726,CTY-027,2025,483301,461135,0.0481,none,0
ASM-005178,PROP-01726,CTY-027,2026,519287,483301,0.0745,none,0
ASM-005179,PROP-01727,CTY-027,2024,444981,,0.0,none,0
ASM-005180,PROP-01727,CTY-027,2025,468653,444981,0.0532,none,0
ASM-005181,PROP-01727,CTY-027,2026,496293,468653,0.059,none,0
ASM-005182,PROP-01728,CTY-027,2024,424799,,0.0,none,0
ASM-005183,PROP-01728,CTY-027,2025,452018,424799,0.0641,none,0
ASM-005184,PROP-01728,CTY-027,2026,469439,452018,0.0385,none,0
ASM-005185,PROP-01729,CTY-027,2024,472698,,0.0,none,0
ASM-005186,PROP-01729,CTY-027,2025,494968,472698,0.0471,none,0
ASM-005187,PROP-01729,CTY-027,2026,537370,494968,0.0857,none,0
ASM-005188,PROP-01730,CTY-027,2024,507322,,0.0,none,0
ASM-005189,PROP-01730,CTY-027,2025,528548,507322,0.0418,none,0
ASM-005190,PROP-01730,CTY-027,2026,549289,528548,0.0392,none,0
ASM-005191,PROP-01731,CTY-027,2024,425451,,0.0,none,0
ASM-005192,PROP-01731,CTY-027,2025,454274,425451,0.0677,none,0
ASM-005193,PROP-01731,CTY-027,2026,478117,454274,0.0525,none,0
ASM-005194,PROP-01732,CTY-027,2024,548217,,0.0,none,0
ASM-005195,PROP-01732,CTY-027,2025,570840,548217,0.0413,none,0
ASM-005196,PROP-01732,CTY-027,2026,591043,570840,0.0354,none,0
ASM-005197,PROP-01733,CTY-027,2024,495568,,0.0,none,0
ASM-005198,PROP-01733,CTY-027,2025,529593,495568,0.0687,none,0
ASM-005199,PROP-01733,CTY-027,2026,567792,529593,0.0721,none,0
ASM-005200,PROP-01734,CTY-027,2024,482764,,0.0,none,0
ASM-005201,PROP-01734,CTY-027,2025,518227,482764,0.0735,none,0
ASM-005202,PROP-01734,CTY-027,2026,552825,518227,0.0668,none,0
ASM-005203,PROP-01735,CTY-028,2024,318416,,0.0,none,0
ASM-005204,PROP-01735,CTY-028,2025,335395,318416,0.0533,none,0
ASM-005205,PROP-01735,CTY-028,2026,350792,335395,0.0459,none,0
ASM-005206,PROP-01736,CTY-028,2024,326050,,0.0,none,0
ASM-005207,PROP-01736,CTY-028,2025,347728,326050,0.0665,none,0
ASM-005208,PROP-01736,CTY-028,2026,366299,347728,0.0534,none,0
ASM-005209,PROP-01737,CTY-028,2024,315424,,0.0,none,0
ASM-005210,PROP-01737,CTY-028,2025,336770,315424,0.0677,none,0
ASM-005211,PROP-01737,CTY-028,2026,350270,336770,0.0401,none,0
ASM-005212,PROP-01738,CTY-028,2024,319554,,0.0,none,0
ASM-005213,PROP-01738,CTY-028,2025,345843,319554,0.0823,none,0
ASM-005214,PROP-01738,CTY-028,2026,375199,345843,0.0849,none,0
ASM-005215,PROP-01739,CTY-028,2024,321166,,0.0,none,0
ASM-005216,PROP-01739,CTY-028,2025,338278,321166,0.0533,none,0
ASM-005217,PROP-01739,CTY-028,2026,364708,338278,0.0781,none,0
ASM-005218,PROP-01740,CTY-028,2024,337138,,0.0,none,0
ASM-005219,PROP-01740,CTY-028,2025,353863,337138,0.0496,none,0
ASM-005220,PROP-01740,CTY-028,2026,372207,353863,0.0518,none,0
ASM-005221,PROP-01741,CTY-028,2024,353346,,0.0,none,0
ASM-005222,PROP-01741,CTY-028,2025,376649,353346,0.0659,none,0
ASM-005223,PROP-01741,CTY-028,2026,401106,376649,0.0649,none,0
ASM-005224,PROP-01742,CTY-028,2024,342286,,0.0,none,0
ASM-005225,PROP-01742,CTY-028,2025,365178,342286,0.0669,none,0
ASM-005226,PROP-01742,CTY-028,2026,389501,365178,0.0666,none,0
ASM-005227,PROP-01743,CTY-028,2024,466108,,0.0,none,0
ASM-005228,PROP-01743,CTY-028,2025,507930,466108,0.0897,none,0
ASM-005229,PROP-01743,CTY-028,2026,542148,507930,0.0674,none,0
ASM-005230,PROP-01744,CTY-028,2024,381971,,0.0,none,0
ASM-005231,PROP-01744,CTY-028,2025,404620,381971,0.0593,none,0
ASM-005232,PROP-01744,CTY-028,2026,439301,404620,0.0857,none,0
ASM-005233,PROP-01745,CTY-028,2024,398753,,0.0,none,0
ASM-005234,PROP-01745,CTY-028,2025,428770,398753,0.0753,none,0
ASM-005235,PROP-01745,CTY-028,2026,458839,428770,0.0701,none,0
ASM-005236,PROP-01746,CTY-028,2024,431080,,0.0,none,0
ASM-005237,PROP-01746,CTY-028,2025,461539,431080,0.0707,none,0
ASM-005238,PROP-01746,CTY-028,2026,495243,461539,0.073,none,0
ASM-005239,PROP-01747,CTY-028,2024,344667,,0.0,none,0
ASM-005240,PROP-01747,CTY-028,2025,363156,344667,0.0536,none,0
ASM-005241,PROP-01747,CTY-028,2026,379800,363156,0.0458,none,0
ASM-005242,PROP-01748,CTY-028,2024,346053,,0.0,none,0
ASM-005243,PROP-01748,CTY-028,2025,377166,346053,0.0899,none,0
ASM-005244,PROP-01748,CTY-028,2026,401013,377166,0.0632,none,0
ASM-005245,PROP-01749,CTY-028,2024,375337,,0.0,none,0
ASM-005246,PROP-01749,CTY-028,2025,399844,375337,0.0653,none,0
ASM-005247,PROP-01749,CTY-028,2026,424437,399844,0.0615,none,0
ASM-005248,PROP-01750,CTY-028,2024,444886,,0.0,none,0
ASM-005249,PROP-01750,CTY-028,2025,480545,444886,0.0802,none,0
ASM-005250,PROP-01750,CTY-028,2026,523535,480545,0.0895,none,0
ASM-005251,PROP-01751,CTY-028,2024,281738,,0.0,none,0
ASM-005252,PROP-01751,CTY-028,2025,295153,281738,0.0476,none,0
ASM-005253,PROP-01751,CTY-028,2026,312439,295153,0.0586,none,0
ASM-005254,PROP-01752,CTY-028,2024,405338,,0.0,none,0
ASM-005255,PROP-01752,CTY-028,2025,439261,405338,0.0837,none,0
ASM-005256,PROP-01752,CTY-028,2026,456395,439261,0.039,none,0
ASM-005257,PROP-01753,CTY-028,2024,392953,,0.0,none,0
ASM-005258,PROP-01753,CTY-028,2025,419379,392953,0.0672,none,0
ASM-005259,PROP-01753,CTY-028,2026,443825,419379,0.0583,none,0
ASM-005260,PROP-01754,CTY-028,2024,320936,,0.0,none,0
ASM-005261,PROP-01754,CTY-028,2025,334450,320936,0.0421,none,0
ASM-005262,PROP-01754,CTY-028,2026,361823,334450,0.0818,none,0
ASM-005263,PROP-01755,CTY-028,2024,463237,,0.0,none,0
ASM-005264,PROP-01755,CTY-028,2025,499111,463237,0.0774,none,0
ASM-005265,PROP-01755,CTY-028,2026,521906,499111,0.0457,none,0
ASM-005266,PROP-01756,CTY-028,2024,360642,,0.0,none,0
ASM-005267,PROP-01756,CTY-028,2025,378486,360642,0.0495,none,0
ASM-005268,PROP-01756,CTY-028,2026,405638,378486,0.0717,none,0
ASM-005269,PROP-01757,CTY-028,2024,417586,,0.0,none,0
ASM-005270,PROP-01757,CTY-028,2025,454200,417586,0.0877,none,0
ASM-005271,PROP-01757,CTY-028,2026,482527,454200,0.0624,none,0
ASM-005272,PROP-01758,CTY-028,2024,358330,,0.0,none,0
ASM-005273,PROP-01758,CTY-028,2025,389120,358330,0.0859,none,0
ASM-005274,PROP-01758,CTY-028,2026,410373,389120,0.0546,none,0
ASM-005275,PROP-01759,CTY-028,2024,369316,,0.0,none,0
ASM-005276,PROP-01759,CTY-028,2025,397974,369316,0.0776,none,0
ASM-005277,PROP-01759,CTY-028,2026,416257,397974,0.0459,none,0
ASM-005278,PROP-01760,CTY-028,2024,330978,,0.0,none,0
ASM-005279,PROP-01760,CTY-028,2025,346674,330978,0.0474,none,0
ASM-005280,PROP-01760,CTY-028,2026,365608,346674,0.0546,none,0
ASM-005281,PROP-01761,CTY-028,2024,426315,,0.0,none,0
ASM-005282,PROP-01761,CTY-028,2025,451541,426315,0.0592,none,0
ASM-005283,PROP-01761,CTY-028,2026,488557,451541,0.082,none,0
ASM-005284,PROP-01762,CTY-028,2024,361854,,0.0,none,0
ASM-005285,PROP-01762,CTY-028,2025,389397,361854,0.0761,none,0
ASM-005286,PROP-01762,CTY-028,2026,421932,389397,0.0836,none,0
ASM-005287,PROP-01763,CTY-028,2024,480658,,0.0,none,0
ASM-005288,PROP-01763,CTY-028,2025,506896,480658,0.0546,none,0
ASM-005289,PROP-01763,CTY-028,2026,545332,506896,0.0758,none,0
ASM-005290,PROP-01764,CTY-028,2024,456704,,0.0,none,0
ASM-005291,PROP-01764,CTY-028,2025,485345,456704,0.0627,none,0
ASM-005292,PROP-01764,CTY-028,2026,517541,485345,0.0663,none,0
ASM-005293,PROP-01765,CTY-028,2024,441011,,0.0,none,0
ASM-005294,PROP-01765,CTY-028,2025,457302,441011,0.0369,none,0
ASM-005295,PROP-01765,CTY-028,2026,493119,457302,0.0783,none,0
ASM-005296,PROP-01766,CTY-028,2024,401021,,0.0,none,0
ASM-005297,PROP-01766,CTY-028,2025,429195,401021,0.0703,none,0
ASM-005298,PROP-01766,CTY-028,2026,460333,429195,0.0725,none,0
ASM-005299,PROP-01767,CTY-028,2024,359057,,0.0,none,0
ASM-005300,PROP-01767,CTY-028,2025,389788,359057,0.0856,none,0
ASM-005301,PROP-01767,CTY-028,2026,414421,389788,0.0632,none,0
ASM-005302,PROP-01768,CTY-028,2024,321537,,0.0,none,0
ASM-005303,PROP-01768,CTY-028,2025,344989,321537,0.0729,none,0
ASM-005304,PROP-01768,CTY-028,2026,370677,344989,0.0745,none,0
ASM-005305,PROP-01769,CTY-028,2024,333997,,0.0,none,0
ASM-005306,PROP-01769,CTY-028,2025,356752,333997,0.0681,none,0
ASM-005307,PROP-01769,CTY-028,2026,372010,356752,0.0428,none,0
ASM-005308,PROP-01770,CTY-028,2024,339391,,0.0,none,0
ASM-005309,PROP-01770,CTY-028,2025,367002,339391,0.0814,none,0
ASM-005310,PROP-01770,CTY-028,2026,386775,367002,0.0539,none,0
ASM-005311,PROP-01771,CTY-028,2024,364439,,0.0,none,0
ASM-005312,PROP-01771,CTY-028,2025,386511,364439,0.0606,none,0
ASM-005313,PROP-01771,CTY-028,2026,417733,386511,0.0808,none,0
ASM-005314,PROP-01772,CTY-028,2024,387380,,0.0,none,0
ASM-005315,PROP-01772,CTY-028,2025,415705,387380,0.0731,none,0
ASM-005316,PROP-01772,CTY-028,2026,432906,415705,0.0414,none,0
ASM-005317,PROP-01773,CTY-028,2024,361569,,0.0,none,0
ASM-005318,PROP-01773,CTY-028,2025,388083,361569,0.0733,none,0
ASM-005319,PROP-01773,CTY-028,2026,414529,388083,0.0681,none,0
ASM-005320,PROP-01774,CTY-028,2024,374478,,0.0,none,0
ASM-005321,PROP-01774,CTY-028,2025,392482,374478,0.0481,none,0
ASM-005322,PROP-01774,CTY-028,2026,415389,392482,0.0584,none,0
ASM-005323,PROP-01775,CTY-028,2024,326260,,0.0,none,0
ASM-005324,PROP-01775,CTY-028,2025,347888,326260,0.0663,none,0
ASM-005325,PROP-01775,CTY-028,2026,363543,347888,0.045,none,0
ASM-005326,PROP-01776,CTY-028,2024,472991,,0.0,none,0
ASM-005327,PROP-01776,CTY-028,2025,501018,472991,0.0593,none,0
ASM-005328,PROP-01776,CTY-028,2026,530367,501018,0.0586,none,0
ASM-005329,PROP-01777,CTY-028,2024,359248,,0.0,none,0
ASM-005330,PROP-01777,CTY-028,2025,388843,359248,0.0824,none,0
ASM-005331,PROP-01777,CTY-028,2026,411848,388843,0.0592,none,0
ASM-005332,PROP-01778,CTY-028,2024,398021,,0.0,none,0
ASM-005333,PROP-01778,CTY-028,2025,433431,398021,0.089,none,0
ASM-005334,PROP-01778,CTY-028,2026,468602,433431,0.0811,none,0
ASM-005335,PROP-01779,CTY-028,2024,340210,,0.0,none,0
ASM-005336,PROP-01779,CTY-028,2025,357740,340210,0.0515,none,0
ASM-005337,PROP-01779,CTY-028,2026,384453,357740,0.0747,none,0
ASM-005338,PROP-01780,CTY-028,2024,412575,,0.0,none,0
ASM-005339,PROP-01780,CTY-028,2025,440776,412575,0.0684,none,0
ASM-005340,PROP-01780,CTY-028,2026,462145,440776,0.0485,none,0
ASM-005341,PROP-01781,CTY-028,2024,348378,,0.0,none,0
ASM-005342,PROP-01781,CTY-028,2025,369154,348378,0.0596,none,0
ASM-005343,PROP-01781,CTY-028,2026,399203,369154,0.0814,none,0
ASM-005344,PROP-01782,CTY-028,2024,322709,,0.0,none,0
ASM-005345,PROP-01782,CTY-028,2025,340492,322709,0.0551,none,0
ASM-005346,PROP-01782,CTY-028,2026,367294,340492,0.0787,none,0
ASM-005347,PROP-01783,CTY-028,2024,400922,,0.0,none,0
ASM-005348,PROP-01783,CTY-028,2025,419376,400922,0.046,none,0
ASM-005349,PROP-01783,CTY-028,2026,456440,419376,0.0884,none,0
ASM-005350,PROP-01784,CTY-028,2024,321991,,0.0,none,0
ASM-005351,PROP-01784,CTY-028,2025,336432,321991,0.0448,none,0
ASM-005352,PROP-01784,CTY-028,2026,355863,336432,0.0578,none,0
ASM-005353,PROP-01785,CTY-028,2024,342078,,0.0,none,0
ASM-005354,PROP-01785,CTY-028,2025,359959,342078,0.0523,none,0
ASM-005355,PROP-01785,CTY-028,2026,387471,359959,0.0764,none,0
ASM-005356,PROP-01786,CTY-028,2024,432711,,0.0,none,0
ASM-005357,PROP-01786,CTY-028,2025,455732,432711,0.0532,none,0
ASM-005358,PROP-01786,CTY-028,2026,491048,455732,0.0775,none,0
ASM-005359,PROP-01787,CTY-028,2024,266028,,0.0,none,0
ASM-005360,PROP-01787,CTY-028,2025,279463,266028,0.0505,none,0
ASM-005361,PROP-01787,CTY-028,2026,293347,279463,0.0497,none,0
ASM-005362,PROP-01788,CTY-028,2024,399240,,0.0,none,0
ASM-005363,PROP-01788,CTY-028,2025,431023,399240,0.0796,none,0
ASM-005364,PROP-01788,CTY-028,2026,452962,431023,0.0509,none,0
ASM-005365,PROP-01789,CTY-028,2024,333914,,0.0,none,0
ASM-005366,PROP-01789,CTY-028,2025,351752,333914,0.0534,none,0
ASM-005367,PROP-01789,CTY-028,2026,377699,351752,0.0738,none,0
ASM-005368,PROP-01790,CTY-028,2024,377274,,0.0,none,0
ASM-005369,PROP-01790,CTY-028,2025,399337,377274,0.0585,none,0
ASM-005370,PROP-01790,CTY-028,2026,430539,399337,0.0781,none,0
ASM-005371,PROP-01791,CTY-028,2024,404620,,0.0,none,0
ASM-005372,PROP-01791,CTY-028,2025,438835,404620,0.0846,none,0
ASM-005373,PROP-01791,CTY-028,2026,472738,438835,0.0773,none,0
ASM-005374,PROP-01792,CTY-028,2024,335687,,0.0,none,0
ASM-005375,PROP-01792,CTY-028,2025,357124,335687,0.0639,none,0
ASM-005376,PROP-01792,CTY-028,2026,377109,357124,0.056,none,0
ASM-005377,PROP-01793,CTY-028,2024,296167,,0.0,none,0
ASM-005378,PROP-01793,CTY-028,2025,319358,296167,0.0783,none,0
ASM-005379,PROP-01793,CTY-028,2026,344268,319358,0.078,none,0
ASM-005380,PROP-01794,CTY-028,2024,473435,,0.0,none,0
ASM-005381,PROP-01794,CTY-028,2025,501026,473435,0.0583,none,0
ASM-005382,PROP-01794,CTY-028,2026,534306,501026,0.0664,none,0
ASM-005383,PROP-01795,CTY-028,2024,359496,,0.0,none,0
ASM-005384,PROP-01795,CTY-028,2025,384924,359496,0.0707,none,0
ASM-005385,PROP-01795,CTY-028,2026,404714,384924,0.0514,none,0
ASM-005386,PROP-01796,CTY-028,2024,339928,,0.0,none,0
ASM-005387,PROP-01796,CTY-028,2025,363173,339928,0.0684,none,0
ASM-005388,PROP-01796,CTY-028,2026,378605,363173,0.0425,none,0
ASM-005389,PROP-01797,CTY-028,2024,382372,,0.0,none,0
ASM-005390,PROP-01797,CTY-028,2025,403804,382372,0.0561,none,0
ASM-005391,PROP-01797,CTY-028,2026,428308,403804,0.0607,none,0
ASM-005392,PROP-01798,CTY-028,2024,447612,,0.0,none,0
ASM-005393,PROP-01798,CTY-028,2025,476484,447612,0.0645,none,0
ASM-005394,PROP-01798,CTY-028,2026,507980,476484,0.0661,none,0
ASM-005395,PROP-01799,CTY-028,2024,453054,,0.0,none,0
ASM-005396,PROP-01799,CTY-028,2025,476954,453054,0.0528,none,0
ASM-005397,PROP-01799,CTY-028,2026,512508,476954,0.0745,none,0
ASM-005398,PROP-01800,CTY-028,2024,345840,,0.0,none,0
ASM-005399,PROP-01800,CTY-028,2025,360879,345840,0.0435,none,0
ASM-005400,PROP-01800,CTY-028,2026,392305,360879,0.0871,none,0
ASM-005401,PROP-01801,CTY-028,2024,360101,,0.0,none,0
ASM-005402,PROP-01801,CTY-028,2025,383123,360101,0.0639,none,0
ASM-005403,PROP-01801,CTY-028,2026,399614,383123,0.043,none,0
ASM-005404,PROP-01802,CTY-028,2024,386481,,0.0,none,0
ASM-005405,PROP-01802,CTY-028,2025,401496,386481,0.0389,none,0
ASM-005406,PROP-01802,CTY-028,2026,434158,401496,0.0814,none,0
ASM-005407,PROP-01803,CTY-028,2024,414749,,0.0,none,0
ASM-005408,PROP-01803,CTY-028,2025,445437,414749,0.074,none,0
ASM-005409,PROP-01803,CTY-028,2026,461897,445437,0.037,none,0
ASM-005410,PROP-01804,CTY-028,2024,425886,,0.0,none,0
ASM-005411,PROP-01804,CTY-028,2025,454830,425886,0.068,none,0
ASM-005412,PROP-01804,CTY-028,2026,474253,454830,0.0427,none,0
ASM-005413,PROP-01805,CTY-028,2024,461922,,0.0,none,0
ASM-005414,PROP-01805,CTY-028,2025,494144,461922,0.0698,none,0
ASM-005415,PROP-01805,CTY-028,2026,534355,494144,0.0814,none,0
ASM-005416,PROP-01806,CTY-025,2024,379560,,0.0,none,0
ASM-005417,PROP-01806,CTY-025,2025,404822,379560,0.0666,none,0
ASM-005418,PROP-01806,CTY-025,2026,423803,404822,0.0469,none,0
ASM-005419,PROP-01807,CTY-025,2024,377229,,0.0,none,0
ASM-005420,PROP-01807,CTY-025,2025,393344,377229,0.0427,none,0
ASM-005421,PROP-01807,CTY-025,2026,417927,393344,0.0625,none,0
ASM-005422,PROP-01808,CTY-025,2024,443225,,0.0,none,0
ASM-005423,PROP-01808,CTY-025,2025,468357,443225,0.0567,none,0
ASM-005424,PROP-01808,CTY-025,2026,508665,468357,0.0861,none,0
ASM-005425,PROP-01809,CTY-025,2024,387246,,0.0,none,0
ASM-005426,PROP-01809,CTY-025,2025,419841,387246,0.0842,none,0
ASM-005427,PROP-01809,CTY-025,2026,443033,419841,0.0552,none,0
ASM-005428,PROP-01810,CTY-025,2024,400952,,0.0,none,0
ASM-005429,PROP-01810,CTY-025,2025,420003,400952,0.0475,none,0
ASM-005430,PROP-01810,CTY-025,2026,446247,420003,0.0625,none,0
ASM-005431,PROP-01811,CTY-025,2024,398771,,0.0,none,0
ASM-005432,PROP-01811,CTY-025,2025,426335,398771,0.0691,none,0
ASM-005433,PROP-01811,CTY-025,2026,454565,426335,0.0662,none,0
ASM-005434,PROP-01812,CTY-025,2024,375025,,0.0,none,0
ASM-005435,PROP-01812,CTY-025,2025,406735,375025,0.0846,none,0
ASM-005436,PROP-01812,CTY-025,2026,441752,406735,0.0861,none,0
ASM-005437,PROP-01813,CTY-025,2024,391793,,0.0,none,0
ASM-005438,PROP-01813,CTY-025,2025,420216,391793,0.0725,none,0
ASM-005439,PROP-01813,CTY-025,2026,439766,420216,0.0465,none,0
ASM-005440,PROP-01814,CTY-025,2024,324823,,0.0,none,0
ASM-005441,PROP-01814,CTY-025,2025,341188,324823,0.0504,none,0
ASM-005442,PROP-01814,CTY-025,2026,371252,341188,0.0881,none,0
ASM-005443,PROP-01815,CTY-025,2024,414041,,0.0,none,0
ASM-005444,PROP-01815,CTY-025,2025,452555,414041,0.093,filed,0
ASM-005445,PROP-01815,CTY-025,2026,476269,452555,0.0524,none,0
ASM-005446,PROP-01816,CTY-025,2024,470080,,0.0,none,0
ASM-005447,PROP-01816,CTY-025,2025,499921,470080,0.0635,none,0
ASM-005448,PROP-01816,CTY-025,2026,522038,499921,0.0442,none,0
ASM-005449,PROP-01817,CTY-025,2024,368334,,0.0,none,0
ASM-005450,PROP-01817,CTY-025,2025,387024,368334,0.0507,none,0
ASM-005451,PROP-01817,CTY-025,2026,413594,387024,0.0687,none,0
ASM-005452,PROP-01818,CTY-025,2024,398430,,0.0,none,0
ASM-005453,PROP-01818,CTY-025,2025,417898,398430,0.0489,none,0
ASM-005454,PROP-01818,CTY-025,2026,449328,417898,0.0752,none,0
ASM-005455,PROP-01819,CTY-025,2024,495586,,0.0,none,0
ASM-005456,PROP-01819,CTY-025,2025,538430,495586,0.0865,none,0
ASM-005457,PROP-01819,CTY-025,2026,568635,538430,0.0561,none,0
ASM-005458,PROP-01820,CTY-025,2024,372435,,0.0,none,0
ASM-005459,PROP-01820,CTY-025,2025,401115,372435,0.077,none,0
ASM-005460,PROP-01820,CTY-025,2026,417297,401115,0.0403,none,0
ASM-005461,PROP-01821,CTY-025,2024,574729,,0.0,none,0
ASM-005462,PROP-01821,CTY-025,2025,615707,574729,0.0713,none,0
ASM-005463,PROP-01821,CTY-025,2026,663345,615707,0.0774,none,0
ASM-005464,PROP-01822,CTY-025,2024,369585,,0.0,none,0
ASM-005465,PROP-01822,CTY-025,2025,396451,369585,0.0727,none,0
ASM-005466,PROP-01822,CTY-025,2026,418786,396451,0.0563,none,0
ASM-005467,PROP-01823,CTY-025,2024,426621,,0.0,none,0
ASM-005468,PROP-01823,CTY-025,2025,460981,426621,0.0805,none,0
ASM-005469,PROP-01823,CTY-025,2026,478273,460981,0.0375,none,0
ASM-005470,PROP-01824,CTY-025,2024,322667,,0.0,none,0
ASM-005471,PROP-01824,CTY-025,2025,349851,322667,0.0842,none,0
ASM-005472,PROP-01824,CTY-025,2026,379399,349851,0.0845,none,0
ASM-005473,PROP-01825,CTY-025,2024,486276,,0.0,none,0
ASM-005474,PROP-01825,CTY-025,2025,525263,486276,0.0802,none,0
ASM-005475,PROP-01825,CTY-025,2026,564647,525263,0.075,none,0
ASM-005476,PROP-01826,CTY-025,2024,401494,,0.0,none,0
ASM-005477,PROP-01826,CTY-025,2025,423725,401494,0.0554,none,0
ASM-005478,PROP-01826,CTY-025,2026,452005,423725,0.0667,none,0
ASM-005479,PROP-01827,CTY-025,2024,381054,,0.0,none,0
ASM-005480,PROP-01827,CTY-025,2025,407260,381054,0.0688,none,0
ASM-005481,PROP-01827,CTY-025,2026,427265,407260,0.0491,none,0
ASM-005482,PROP-01828,CTY-025,2024,541623,,0.0,none,0
ASM-005483,PROP-01828,CTY-025,2025,588972,541623,0.0874,none,0
ASM-005484,PROP-01828,CTY-025,2026,625951,588972,0.0628,none,0
ASM-005485,PROP-01829,CTY-025,2024,467629,,0.0,none,0
ASM-005486,PROP-01829,CTY-025,2025,492039,467629,0.0522,none,0
ASM-005487,PROP-01829,CTY-025,2026,537486,492039,0.0924,none,0
ASM-005488,PROP-01830,CTY-025,2024,447670,,0.0,none,0
ASM-005489,PROP-01830,CTY-025,2025,468019,447670,0.0455,none,0
ASM-005490,PROP-01830,CTY-025,2026,508026,468019,0.0855,none,0
ASM-005491,PROP-01831,CTY-025,2024,368475,,0.0,none,0
ASM-005492,PROP-01831,CTY-025,2025,400670,368475,0.0874,none,0
ASM-005493,PROP-01831,CTY-025,2026,434427,400670,0.0843,none,0
ASM-005494,PROP-01832,CTY-025,2024,392389,,0.0,none,0
ASM-005495,PROP-01832,CTY-025,2025,419975,392389,0.0703,none,0
ASM-005496,PROP-01832,CTY-025,2026,454562,419975,0.0824,none,0
ASM-005497,PROP-01833,CTY-025,2024,465125,,0.0,none,0
ASM-005498,PROP-01833,CTY-025,2025,486193,465125,0.0453,none,0
ASM-005499,PROP-01833,CTY-025,2026,512198,486193,0.0535,none,0
ASM-005500,PROP-01834,CTY-025,2024,378883,,0.0,none,0
ASM-005501,PROP-01834,CTY-025,2025,411119,378883,0.0851,none,0
ASM-005502,PROP-01834,CTY-025,2026,445025,411119,0.0825,none,0
ASM-005503,PROP-01835,CTY-025,2024,312492,,0.0,none,0
ASM-005504,PROP-01835,CTY-025,2025,339161,312492,0.0853,none,0
ASM-005505,PROP-01835,CTY-025,2026,368886,339161,0.0876,none,0
ASM-005506,PROP-01836,CTY-025,2024,487202,,0.0,none,0
ASM-005507,PROP-01836,CTY-025,2025,520283,487202,0.0679,none,0
ASM-005508,PROP-01836,CTY-025,2026,545792,520283,0.049,none,0
ASM-005509,PROP-01837,CTY-025,2024,437665,,0.0,none,0
ASM-005510,PROP-01837,CTY-025,2025,475096,437665,0.0855,none,0
ASM-005511,PROP-01837,CTY-025,2026,519038,475096,0.0925,none,0
ASM-005512,PROP-01838,CTY-025,2024,454944,,0.0,none,0
ASM-005513,PROP-01838,CTY-025,2025,490299,454944,0.0777,none,0
ASM-005514,PROP-01838,CTY-025,2026,517790,490299,0.0561,none,0
ASM-005515,PROP-01839,CTY-025,2024,532364,,0.0,none,0
ASM-005516,PROP-01839,CTY-025,2025,572236,532364,0.0749,none,0
ASM-005517,PROP-01839,CTY-025,2026,619905,572236,0.0833,none,0
ASM-005518,PROP-01840,CTY-025,2024,421780,,0.0,none,0
ASM-005519,PROP-01840,CTY-025,2025,442789,421780,0.0498,none,0
ASM-005520,PROP-01840,CTY-025,2026,483016,442789,0.0908,won,33456
ASM-005521,PROP-01841,CTY-025,2024,426373,,0.0,none,0
ASM-005522,PROP-01841,CTY-025,2025,449787,426373,0.0549,none,0
ASM-005523,PROP-01841,CTY-025,2026,472184,449787,0.0498,none,0
ASM-005524,PROP-01842,CTY-025,2024,389256,,0.0,none,0
ASM-005525,PROP-01842,CTY-025,2025,409430,389256,0.0518,none,0
ASM-005526,PROP-01842,CTY-025,2026,426585,409430,0.0419,none,0
ASM-005527,PROP-01843,CTY-025,2024,402151,,0.0,none,0
ASM-005528,PROP-01843,CTY-025,2025,427172,402151,0.0622,none,0
ASM-005529,PROP-01843,CTY-025,2026,462296,427172,0.0822,none,0
ASM-005530,PROP-01844,CTY-025,2024,339854,,0.0,none,0
ASM-005531,PROP-01844,CTY-025,2025,367757,339854,0.0821,none,0
ASM-005532,PROP-01844,CTY-025,2026,396129,367757,0.0771,none,0
ASM-005533,PROP-01845,CTY-025,2024,373997,,0.0,none,0
ASM-005534,PROP-01845,CTY-025,2025,398899,373997,0.0666,none,0
ASM-005535,PROP-01845,CTY-025,2026,423794,398899,0.0624,none,0
ASM-005536,PROP-01846,CTY-025,2024,473251,,0.0,none,0
ASM-005537,PROP-01846,CTY-025,2025,502121,473251,0.061,none,0
ASM-005538,PROP-01846,CTY-025,2026,527815,502121,0.0512,none,0
ASM-005539,PROP-01847,CTY-025,2024,330756,,0.0,none,0
ASM-005540,PROP-01847,CTY-025,2025,359785,330756,0.0878,none,0
ASM-005541,PROP-01847,CTY-025,2026,387666,359785,0.0775,none,0
ASM-005542,PROP-01848,CTY-025,2024,461962,,0.0,none,0
ASM-005543,PROP-01848,CTY-025,2025,503463,461962,0.0898,none,0
ASM-005544,PROP-01848,CTY-025,2026,523583,503463,0.04,none,0
ASM-005545,PROP-01849,CTY-025,2024,482682,,0.0,none,0
ASM-005546,PROP-01849,CTY-025,2025,507573,482682,0.0516,none,0
ASM-005547,PROP-01849,CTY-025,2026,551787,507573,0.0871,none,0
ASM-005548,PROP-01850,CTY-025,2024,447075,,0.0,none,0
ASM-005549,PROP-01850,CTY-025,2025,486060,447075,0.0872,none,0
ASM-005550,PROP-01850,CTY-025,2026,506125,486060,0.0413,none,0
ASM-005551,PROP-01851,CTY-025,2024,372930,,0.0,none,0
ASM-005552,PROP-01851,CTY-025,2025,398235,372930,0.0679,none,0
ASM-005553,PROP-01851,CTY-025,2026,426659,398235,0.0714,none,0
ASM-005554,PROP-01852,CTY-025,2024,445665,,0.0,none,0
ASM-005555,PROP-01852,CTY-025,2025,480998,445665,0.0793,none,0
ASM-005556,PROP-01852,CTY-025,2026,505644,480998,0.0512,none,0
ASM-005557,PROP-01853,CTY-025,2024,354520,,0.0,none,0
ASM-005558,PROP-01853,CTY-025,2025,386859,354520,0.0912,none,0
ASM-005559,PROP-01853,CTY-025,2026,415150,386859,0.0731,none,0
ASM-005560,PROP-01854,CTY-025,2024,466404,,0.0,none,0
ASM-005561,PROP-01854,CTY-025,2025,500100,466404,0.0722,none,0
ASM-005562,PROP-01854,CTY-025,2026,537533,500100,0.0749,none,0
ASM-005563,PROP-01855,CTY-025,2024,430934,,0.0,none,0
ASM-005564,PROP-01855,CTY-025,2025,462962,430934,0.0743,none,0
ASM-005565,PROP-01855,CTY-025,2026,503104,462962,0.0867,none,0
ASM-005566,PROP-01856,CTY-025,2024,356821,,0.0,none,0
ASM-005567,PROP-01856,CTY-025,2025,388900,356821,0.0899,none,0
ASM-005568,PROP-01856,CTY-025,2026,413494,388900,0.0632,none,0
ASM-005569,PROP-01857,CTY-025,2024,430386,,0.0,none,0
ASM-005570,PROP-01857,CTY-025,2025,464815,430386,0.08,none,0
ASM-005571,PROP-01857,CTY-025,2026,503577,464815,0.0834,none,0
ASM-005572,PROP-01858,CTY-025,2024,357171,,0.0,none,0
ASM-005573,PROP-01858,CTY-025,2025,378944,357171,0.061,none,0
ASM-005574,PROP-01858,CTY-025,2026,405000,378944,0.0688,none,0
ASM-005575,PROP-01859,CTY-029,2024,362204,,0.0,none,0
ASM-005576,PROP-01859,CTY-029,2025,380051,362204,0.0493,none,0
ASM-005577,PROP-01859,CTY-029,2026,406700,380051,0.0701,none,0
ASM-005578,PROP-01860,CTY-029,2024,372831,,0.0,none,0
ASM-005579,PROP-01860,CTY-029,2025,402672,372831,0.08,none,0
ASM-005580,PROP-01860,CTY-029,2026,434035,402672,0.0779,none,0
ASM-005581,PROP-01861,CTY-029,2024,423074,,0.0,none,0
ASM-005582,PROP-01861,CTY-029,2025,441511,423074,0.0436,none,0
ASM-005583,PROP-01861,CTY-029,2026,473911,441511,0.0734,none,0
ASM-005584,PROP-01862,CTY-029,2024,392903,,0.0,none,0
ASM-005585,PROP-01862,CTY-029,2025,409782,392903,0.043,none,0
ASM-005586,PROP-01862,CTY-029,2026,425813,409782,0.0391,none,0
ASM-005587,PROP-01863,CTY-029,2024,363504,,0.0,none,0
ASM-005588,PROP-01863,CTY-029,2025,385334,363504,0.0601,none,0
ASM-005589,PROP-01863,CTY-029,2026,417795,385334,0.0842,none,0
ASM-005590,PROP-01864,CTY-029,2024,401688,,0.0,none,0
ASM-005591,PROP-01864,CTY-029,2025,424323,401688,0.0563,none,0
ASM-005592,PROP-01864,CTY-029,2026,450993,424323,0.0629,none,0
ASM-005593,PROP-01865,CTY-029,2024,386777,,0.0,none,0
ASM-005594,PROP-01865,CTY-029,2025,413221,386777,0.0684,none,0
ASM-005595,PROP-01865,CTY-029,2026,444675,413221,0.0761,none,0
ASM-005596,PROP-01866,CTY-029,2024,429296,,0.0,none,0
ASM-005597,PROP-01866,CTY-029,2025,459516,429296,0.0704,none,0
ASM-005598,PROP-01866,CTY-029,2026,493292,459516,0.0735,none,0
ASM-005599,PROP-01867,CTY-029,2024,363867,,0.0,none,0
ASM-005600,PROP-01867,CTY-029,2025,393206,363867,0.0806,none,0
ASM-005601,PROP-01867,CTY-029,2026,415063,393206,0.0556,none,0
ASM-005602,PROP-01868,CTY-029,2024,397526,,0.0,none,0
ASM-005603,PROP-01868,CTY-029,2025,422411,397526,0.0626,none,0
ASM-005604,PROP-01868,CTY-029,2026,453812,422411,0.0743,none,0
ASM-005605,PROP-01869,CTY-029,2024,467674,,0.0,none,0
ASM-005606,PROP-01869,CTY-029,2025,485689,467674,0.0385,none,0
ASM-005607,PROP-01869,CTY-029,2026,513582,485689,0.0574,none,0
ASM-005608,PROP-01870,CTY-029,2024,442141,,0.0,none,0
ASM-005609,PROP-01870,CTY-029,2025,474606,442141,0.0734,none,0
ASM-005610,PROP-01870,CTY-029,2026,511170,474606,0.077,none,0
ASM-005611,PROP-01871,CTY-029,2024,418361,,0.0,none,0
ASM-005612,PROP-01871,CTY-029,2025,452937,418361,0.0826,none,0
ASM-005613,PROP-01871,CTY-029,2026,475775,452937,0.0504,none,0
ASM-005614,PROP-01872,CTY-029,2024,366297,,0.0,none,0
ASM-005615,PROP-01872,CTY-029,2025,379531,366297,0.0361,none,0
ASM-005616,PROP-01872,CTY-029,2026,401801,379531,0.0587,none,0
ASM-005617,PROP-01873,CTY-029,2024,527611,,0.0,none,0
ASM-005618,PROP-01873,CTY-029,2025,556103,527611,0.054,none,0
ASM-005619,PROP-01873,CTY-029,2026,599432,556103,0.0779,none,0
ASM-005620,PROP-01874,CTY-029,2024,458875,,0.0,none,0
ASM-005621,PROP-01874,CTY-029,2025,478812,458875,0.0434,none,0
ASM-005622,PROP-01874,CTY-029,2026,514349,478812,0.0742,none,0
ASM-005623,PROP-01875,CTY-029,2024,407535,,0.0,none,0
ASM-005624,PROP-01875,CTY-029,2025,440858,407535,0.0818,none,0
ASM-005625,PROP-01875,CTY-029,2026,472753,440858,0.0723,none,0
ASM-005626,PROP-01876,CTY-029,2024,419068,,0.0,none,0
ASM-005627,PROP-01876,CTY-029,2025,442684,419068,0.0564,none,0
ASM-005628,PROP-01876,CTY-029,2026,474219,442684,0.0712,none,0
ASM-005629,PROP-01877,CTY-029,2024,432170,,0.0,none,0
ASM-005630,PROP-01877,CTY-029,2025,451836,432170,0.0455,none,0
ASM-005631,PROP-01877,CTY-029,2026,469260,451836,0.0386,none,0
ASM-005632,PROP-01878,CTY-029,2024,364326,,0.0,none,0
ASM-005633,PROP-01878,CTY-029,2025,386964,364326,0.0621,none,0
ASM-005634,PROP-01878,CTY-029,2026,413394,386964,0.0683,none,0
ASM-005635,PROP-01879,CTY-029,2024,475201,,0.0,none,0
ASM-005636,PROP-01879,CTY-029,2025,513956,475201,0.0816,none,0
ASM-005637,PROP-01879,CTY-029,2026,556097,513956,0.082,none,0
ASM-005638,PROP-01880,CTY-029,2024,478696,,0.0,none,0
ASM-005639,PROP-01880,CTY-029,2025,508882,478696,0.0631,none,0
ASM-005640,PROP-01880,CTY-029,2026,537168,508882,0.0556,none,0
ASM-005641,PROP-01881,CTY-029,2024,379337,,0.0,none,0
ASM-005642,PROP-01881,CTY-029,2025,404342,379337,0.0659,none,0
ASM-005643,PROP-01881,CTY-029,2026,421828,404342,0.0432,none,0
ASM-005644,PROP-01882,CTY-029,2024,460050,,0.0,none,0
ASM-005645,PROP-01882,CTY-029,2025,479325,460050,0.0419,none,0
ASM-005646,PROP-01882,CTY-029,2026,519759,479325,0.0844,none,0
ASM-005647,PROP-01883,CTY-029,2024,474352,,0.0,none,0
ASM-005648,PROP-01883,CTY-029,2025,512109,474352,0.0796,none,0
ASM-005649,PROP-01883,CTY-029,2026,537269,512109,0.0491,none,0
ASM-005650,PROP-01884,CTY-029,2024,348806,,0.0,none,0
ASM-005651,PROP-01884,CTY-029,2025,361707,348806,0.037,none,0
ASM-005652,PROP-01884,CTY-029,2026,390574,361707,0.0798,none,0
ASM-005653,PROP-01885,CTY-029,2024,476854,,0.0,none,0
ASM-005654,PROP-01885,CTY-029,2025,516049,476854,0.0822,none,0
ASM-005655,PROP-01885,CTY-029,2026,547368,516049,0.0607,none,0
ASM-005656,PROP-01886,CTY-030,2024,277916,,0.0,none,0
ASM-005657,PROP-01886,CTY-030,2025,291162,277916,0.0477,none,0
ASM-005658,PROP-01886,CTY-030,2026,302220,291162,0.038,none,0
ASM-005659,PROP-01887,CTY-030,2024,291121,,0.0,none,0
ASM-005660,PROP-01887,CTY-030,2025,302471,291121,0.039,none,0
ASM-005661,PROP-01887,CTY-030,2026,320093,302471,0.0583,none,0
ASM-005662,PROP-01888,CTY-030,2024,289377,,0.0,none,0
ASM-005663,PROP-01888,CTY-030,2025,306995,289377,0.0609,none,0
ASM-005664,PROP-01888,CTY-030,2026,320926,306995,0.0454,none,0
ASM-005665,PROP-01889,CTY-030,2024,297930,,0.0,none,0
ASM-005666,PROP-01889,CTY-030,2025,319076,297930,0.071,none,0
ASM-005667,PROP-01889,CTY-030,2026,336268,319076,0.0539,none,0
ASM-005668,PROP-01890,CTY-030,2024,319304,,0.0,none,0
ASM-005669,PROP-01890,CTY-030,2025,337866,319304,0.0581,none,0
ASM-005670,PROP-01890,CTY-030,2026,355591,337866,0.0525,none,0
ASM-005671,PROP-01891,CTY-030,2024,355417,,0.0,none,0
ASM-005672,PROP-01891,CTY-030,2025,377543,355417,0.0623,none,0
ASM-005673,PROP-01891,CTY-030,2026,393632,377543,0.0426,none,0
ASM-005674,PROP-01892,CTY-030,2024,312655,,0.0,none,0
ASM-005675,PROP-01892,CTY-030,2025,323739,312655,0.0355,none,0
ASM-005676,PROP-01892,CTY-030,2026,341898,323739,0.0561,none,0
ASM-005677,PROP-01893,CTY-030,2024,323470,,0.0,none,0
ASM-005678,PROP-01893,CTY-030,2025,343656,323470,0.0624,none,0
ASM-005679,PROP-01893,CTY-030,2026,356176,343656,0.0364,none,0
ASM-005680,PROP-01894,CTY-030,2024,279556,,0.0,none,0
ASM-005681,PROP-01894,CTY-030,2025,298891,279556,0.0692,none,0
ASM-005682,PROP-01894,CTY-030,2026,320661,298891,0.0728,none,0
ASM-005683,PROP-01895,CTY-030,2024,308216,,0.0,none,0
ASM-005684,PROP-01895,CTY-030,2025,321034,308216,0.0416,none,0
ASM-005685,PROP-01895,CTY-030,2026,344013,321034,0.0716,none,0
ASM-005686,PROP-01896,CTY-030,2024,333186,,0.0,none,0
ASM-005687,PROP-01896,CTY-030,2025,350323,333186,0.0514,none,0
ASM-005688,PROP-01896,CTY-030,2026,366579,350323,0.0464,none,0
ASM-005689,PROP-01897,CTY-030,2024,318613,,0.0,none,0
ASM-005690,PROP-01897,CTY-030,2025,334744,318613,0.0506,none,0
ASM-005691,PROP-01897,CTY-030,2026,354500,334744,0.059,none,0
ASM-005692,PROP-01898,CTY-030,2024,268174,,0.0,none,0
ASM-005693,PROP-01898,CTY-030,2025,277093,268174,0.0333,none,0
ASM-005694,PROP-01898,CTY-030,2026,287779,277093,0.0386,none,0
ASM-005695,PROP-01899,CTY-030,2024,264136,,0.0,none,0
ASM-005696,PROP-01899,CTY-030,2025,282878,264136,0.071,none,0
ASM-005697,PROP-01899,CTY-030,2026,302801,282878,0.0704,none,0
ASM-005698,PROP-01900,CTY-030,2024,309860,,0.0,none,0
ASM-005699,PROP-01900,CTY-030,2025,321489,309860,0.0375,none,0
ASM-005700,PROP-01900,CTY-030,2026,344680,321489,0.0721,none,0
ASM-005701,PROP-01901,CTY-030,2024,268613,,0.0,none,0
ASM-005702,PROP-01901,CTY-030,2025,288703,268613,0.0748,none,0
ASM-005703,PROP-01901,CTY-030,2026,297901,288703,0.0319,none,0
ASM-005704,PROP-01902,CTY-030,2024,342272,,0.0,none,0
ASM-005705,PROP-01902,CTY-030,2025,353594,342272,0.0331,none,0
ASM-005706,PROP-01902,CTY-030,2026,370348,353594,0.0474,none,0
ASM-005707,PROP-01903,CTY-030,2024,274580,,0.0,none,0
ASM-005708,PROP-01903,CTY-030,2025,288207,274580,0.0496,none,0
ASM-005709,PROP-01903,CTY-030,2026,299076,288207,0.0377,none,0
ASM-005710,PROP-01904,CTY-030,2024,278625,,0.0,none,0
ASM-005711,PROP-01904,CTY-030,2025,287762,278625,0.0328,none,0
ASM-005712,PROP-01904,CTY-030,2026,308567,287762,0.0723,none,0
ASM-005713,PROP-01905,CTY-030,2024,292796,,0.0,none,0
ASM-005714,PROP-01905,CTY-030,2025,306678,292796,0.0474,none,0
ASM-005715,PROP-01905,CTY-030,2026,322384,306678,0.0512,none,0
ASM-005716,PROP-01906,CTY-030,2024,298572,,0.0,none,0
ASM-005717,PROP-01906,CTY-030,2025,319869,298572,0.0713,none,0
ASM-005718,PROP-01906,CTY-030,2026,337399,319869,0.0548,none,0
ASM-005719,PROP-01907,CTY-030,2024,311634,,0.0,none,0
ASM-005720,PROP-01907,CTY-030,2025,335008,311634,0.075,none,0
ASM-005721,PROP-01907,CTY-030,2026,345550,335008,0.0315,none,0
ASM-005722,PROP-01908,CTY-030,2024,267032,,0.0,none,0
ASM-005723,PROP-01908,CTY-030,2025,279388,267032,0.0463,none,0
ASM-005724,PROP-01908,CTY-030,2026,288959,279388,0.0343,none,0
ASM-005725,PROP-01909,CTY-030,2024,259204,,0.0,none,0
ASM-005726,PROP-01909,CTY-030,2025,269000,259204,0.0378,none,0
ASM-005727,PROP-01909,CTY-030,2026,278570,269000,0.0356,none,0
ASM-005728,PROP-01910,CTY-030,2024,277922,,0.0,none,0
ASM-005729,PROP-01910,CTY-030,2025,286752,277922,0.0318,none,0
ASM-005730,PROP-01910,CTY-030,2026,303737,286752,0.0592,none,0
ASM-005731,PROP-01911,CTY-030,2024,327658,,0.0,none,0
ASM-005732,PROP-01911,CTY-030,2025,342526,327658,0.0454,none,0
ASM-005733,PROP-01911,CTY-030,2026,355282,342526,0.0372,none,0
ASM-005734,PROP-01912,CTY-030,2024,325028,,0.0,none,0
ASM-005735,PROP-01912,CTY-030,2025,345551,325028,0.0631,none,0
ASM-005736,PROP-01912,CTY-030,2026,371220,345551,0.0743,none,0
ASM-005737,PROP-01913,CTY-030,2024,296239,,0.0,none,0
ASM-005738,PROP-01913,CTY-030,2025,314029,296239,0.0601,none,0
ASM-005739,PROP-01913,CTY-030,2026,328685,314029,0.0467,none,0
ASM-005740,PROP-01914,CTY-030,2024,331504,,0.0,none,0
ASM-005741,PROP-01914,CTY-030,2025,347360,331504,0.0478,none,0
ASM-005742,PROP-01914,CTY-030,2026,360430,347360,0.0376,none,0
ASM-005743,PROP-01915,CTY-030,2024,301451,,0.0,none,0
ASM-005744,PROP-01915,CTY-030,2025,317817,301451,0.0543,none,0
ASM-005745,PROP-01915,CTY-030,2026,338015,317817,0.0636,none,0
ASM-005746,PROP-01916,CTY-030,2024,316491,,0.0,none,0
ASM-005747,PROP-01916,CTY-030,2025,335704,316491,0.0607,none,0
ASM-005748,PROP-01916,CTY-030,2026,352738,335704,0.0507,none,0
ASM-005749,PROP-01917,CTY-030,2024,275708,,0.0,none,0
ASM-005750,PROP-01917,CTY-030,2025,286068,275708,0.0376,none,0
ASM-005751,PROP-01917,CTY-030,2026,299793,286068,0.048,none,0
ASM-005752,PROP-01918,CTY-030,2024,266807,,0.0,none,0
ASM-005753,PROP-01918,CTY-030,2025,282247,266807,0.0579,none,0
ASM-005754,PROP-01918,CTY-030,2026,298931,282247,0.0591,none,0
ASM-005755,PROP-01919,CTY-030,2024,346923,,0.0,none,0
ASM-005756,PROP-01919,CTY-030,2025,371909,346923,0.072,none,0
ASM-005757,PROP-01919,CTY-030,2026,394042,371909,0.0595,none,0
ASM-005758,PROP-01920,CTY-030,2024,328777,,0.0,none,0
ASM-005759,PROP-01920,CTY-030,2025,345376,328777,0.0505,none,0
ASM-005760,PROP-01920,CTY-030,2026,368886,345376,0.0681,none,0
ASM-005761,PROP-01921,CTY-030,2024,299435,,0.0,none,0
ASM-005762,PROP-01921,CTY-030,2025,321332,299435,0.0731,none,0
ASM-005763,PROP-01921,CTY-030,2026,343659,321332,0.0695,none,0
ASM-005764,PROP-01922,CTY-030,2024,365732,,0.0,none,0
ASM-005765,PROP-01922,CTY-030,2025,387238,365732,0.0588,none,0
ASM-005766,PROP-01922,CTY-030,2026,412509,387238,0.0653,none,0
ASM-005767,PROP-01923,CTY-030,2024,299127,,0.0,none,0
ASM-005768,PROP-01923,CTY-030,2025,321545,299127,0.0749,none,0
ASM-005769,PROP-01923,CTY-030,2026,331984,321545,0.0325,none,0
ASM-005770,PROP-01924,CTY-030,2024,301259,,0.0,none,0
ASM-005771,PROP-01924,CTY-030,2025,316379,301259,0.0502,none,0
ASM-005772,PROP-01924,CTY-030,2026,337241,316379,0.0659,none,0
ASM-005773,PROP-01925,CTY-030,2024,353071,,0.0,none,0
ASM-005774,PROP-01925,CTY-030,2025,376526,353071,0.0664,none,0
ASM-005775,PROP-01925,CTY-030,2026,401197,376526,0.0655,none,0
ASM-005776,PROP-01926,CTY-030,2024,367310,,0.0,none,0
ASM-005777,PROP-01926,CTY-030,2025,387221,367310,0.0542,none,0
ASM-005778,PROP-01926,CTY-030,2026,409554,387221,0.0577,none,0
ASM-005779,PROP-01927,CTY-030,2024,267603,,0.0,none,0
ASM-005780,PROP-01927,CTY-030,2025,284171,267603,0.0619,none,0
ASM-005781,PROP-01927,CTY-030,2026,295682,284171,0.0405,none,0
ASM-005782,PROP-01928,CTY-030,2024,319662,,0.0,none,0
ASM-005783,PROP-01928,CTY-030,2025,329934,319662,0.0321,none,0
ASM-005784,PROP-01928,CTY-030,2026,351363,329934,0.0649,none,0
ASM-005785,PROP-01929,CTY-030,2024,343844,,0.0,none,0
ASM-005786,PROP-01929,CTY-030,2025,368488,343844,0.0717,none,0
ASM-005787,PROP-01929,CTY-030,2026,383422,368488,0.0405,none,0
ASM-005788,PROP-01930,CTY-030,2024,283191,,0.0,none,0
ASM-005789,PROP-01930,CTY-030,2025,303491,283191,0.0717,none,0
ASM-005790,PROP-01930,CTY-030,2026,321679,303491,0.0599,none,0
ASM-005791,PROP-01931,CTY-030,2024,353742,,0.0,none,0
ASM-005792,PROP-01931,CTY-030,2025,375931,353742,0.0627,none,0
ASM-005793,PROP-01931,CTY-030,2026,404327,375931,0.0755,none,0
ASM-005794,PROP-01932,CTY-030,2024,365909,,0.0,none,0
ASM-005795,PROP-01932,CTY-030,2025,388884,365909,0.0628,none,0
ASM-005796,PROP-01932,CTY-030,2026,404173,388884,0.0393,none,0
ASM-005797,PROP-01933,CTY-030,2024,324568,,0.0,none,0
ASM-005798,PROP-01933,CTY-030,2025,347829,324568,0.0717,none,0
ASM-005799,PROP-01933,CTY-030,2026,365965,347829,0.0521,none,0
ASM-005800,PROP-01934,CTY-030,2024,433404,,0.0,none,0
ASM-005801,PROP-01934,CTY-030,2025,448425,433404,0.0347,none,0
ASM-005802,PROP-01934,CTY-030,2026,473709,448425,0.0564,none,0
ASM-005803,PROP-01935,CTY-030,2024,436523,,0.0,none,0
ASM-005804,PROP-01935,CTY-030,2025,453634,436523,0.0392,none,0
ASM-005805,PROP-01935,CTY-030,2026,485495,453634,0.0702,none,0
ASM-005806,PROP-01936,CTY-030,2024,434543,,0.0,none,0
ASM-005807,PROP-01936,CTY-030,2025,448777,434543,0.0328,none,0
ASM-005808,PROP-01936,CTY-030,2026,479043,448777,0.0674,none,0
ASM-005809,PROP-01937,CTY-030,2024,424453,,0.0,none,0
ASM-005810,PROP-01937,CTY-030,2025,442040,424453,0.0414,none,0
ASM-005811,PROP-01937,CTY-030,2026,470284,442040,0.0639,none,0
ASM-005812,PROP-01938,CTY-030,2024,449223,,0.0,none,0
ASM-005813,PROP-01938,CTY-030,2025,482633,449223,0.0744,none,0
ASM-005814,PROP-01938,CTY-030,2026,508448,482633,0.0535,none,0
ASM-005815,PROP-01939,CTY-030,2024,407203,,0.0,none,0
ASM-005816,PROP-01939,CTY-030,2025,436327,407203,0.0715,none,0
ASM-005817,PROP-01939,CTY-030,2026,455706,436327,0.0444,none,0
ASM-005818,PROP-01940,CTY-030,2024,433038,,0.0,none,0
ASM-005819,PROP-01940,CTY-030,2025,454712,433038,0.0501,none,0
ASM-005820,PROP-01940,CTY-030,2026,488885,454712,0.0752,none,0
ASM-005821,PROP-01941,CTY-030,2024,404503,,0.0,none,0
ASM-005822,PROP-01941,CTY-030,2025,421999,404503,0.0433,none,0
ASM-005823,PROP-01941,CTY-030,2026,449069,421999,0.0641,none,0
ASM-005824,PROP-01942,CTY-030,2024,387293,,0.0,none,0
ASM-005825,PROP-01942,CTY-030,2025,405806,387293,0.0478,none,0
ASM-005826,PROP-01942,CTY-030,2026,422985,405806,0.0423,none,0
ASM-005827,PROP-01943,CTY-030,2024,393203,,0.0,none,0
ASM-005828,PROP-01943,CTY-030,2025,413448,393203,0.0515,none,0
ASM-005829,PROP-01943,CTY-030,2026,428790,413448,0.0371,none,0
ASM-005830,PROP-01944,CTY-030,2024,479292,,0.0,none,0
ASM-005831,PROP-01944,CTY-030,2025,498123,479292,0.0393,none,0
ASM-005832,PROP-01944,CTY-030,2026,519568,498123,0.0431,none,0
ASM-005833,PROP-01945,CTY-030,2024,293313,,0.0,none,0
ASM-005834,PROP-01945,CTY-030,2025,314943,293313,0.0737,none,0
ASM-005835,PROP-01945,CTY-030,2026,330026,314943,0.0479,none,0
ASM-005836,PROP-01946,CTY-030,2024,398720,,0.0,none,0
ASM-005837,PROP-01946,CTY-030,2025,421954,398720,0.0583,none,0
ASM-005838,PROP-01946,CTY-030,2026,452723,421954,0.0729,none,0
ASM-005839,PROP-01947,CTY-030,2024,362525,,0.0,none,0
ASM-005840,PROP-01947,CTY-030,2025,381459,362525,0.0522,none,0
ASM-005841,PROP-01947,CTY-030,2026,403691,381459,0.0583,none,0
ASM-005842,PROP-01948,CTY-030,2024,364626,,0.0,none,0
ASM-005843,PROP-01948,CTY-030,2025,390224,364626,0.0702,none,0
ASM-005844,PROP-01948,CTY-030,2026,417695,390224,0.0704,none,0
ASM-005845,PROP-01949,CTY-030,2024,324748,,0.0,none,0
ASM-005846,PROP-01949,CTY-030,2025,341334,324748,0.0511,none,0
ASM-005847,PROP-01949,CTY-030,2026,360526,341334,0.0562,none,0
ASM-005848,PROP-01950,CTY-030,2024,408884,,0.0,none,0
ASM-005849,PROP-01950,CTY-030,2025,435208,408884,0.0644,none,0
ASM-005850,PROP-01950,CTY-030,2026,463779,435208,0.0656,none,0
ASM-005851,PROP-01951,CTY-030,2024,376948,,0.0,none,0
ASM-005852,PROP-01951,CTY-030,2025,396438,376948,0.0517,none,0
ASM-005853,PROP-01951,CTY-030,2026,418763,396438,0.0563,none,0
ASM-005854,PROP-01952,CTY-030,2024,495087,,0.0,none,0
ASM-005855,PROP-01952,CTY-030,2025,532117,495087,0.0748,none,0
ASM-005856,PROP-01952,CTY-030,2026,563056,532117,0.0581,none,0
ASM-005857,PROP-01953,CTY-030,2024,316955,,0.0,none,0
ASM-005858,PROP-01953,CTY-030,2025,333364,316955,0.0518,none,0
ASM-005859,PROP-01953,CTY-030,2026,351399,333364,0.0541,none,0
ASM-005860,PROP-01954,CTY-030,2024,447656,,0.0,none,0
ASM-005861,PROP-01954,CTY-030,2025,480649,447656,0.0737,none,0
ASM-005862,PROP-01954,CTY-030,2026,511514,480649,0.0642,none,0
ASM-005863,PROP-01955,CTY-030,2024,406696,,0.0,none,0
ASM-005864,PROP-01955,CTY-030,2025,432289,406696,0.0629,none,0
ASM-005865,PROP-01955,CTY-030,2026,449237,432289,0.0392,none,0
ASM-005866,PROP-01956,CTY-030,2024,397443,,0.0,none,0
ASM-005867,PROP-01956,CTY-030,2025,413979,397443,0.0416,none,0
ASM-005868,PROP-01956,CTY-030,2026,427998,413979,0.0339,none,0
ASM-005869,PROP-01957,CTY-030,2024,371809,,0.0,none,0
ASM-005870,PROP-01957,CTY-030,2025,383131,371809,0.0305,none,0
ASM-005871,PROP-01957,CTY-030,2026,408147,383131,0.0653,none,0
ASM-005872,PROP-01958,CTY-030,2024,369544,,0.0,none,0
ASM-005873,PROP-01958,CTY-030,2025,392943,369544,0.0633,none,0
ASM-005874,PROP-01958,CTY-030,2026,406390,392943,0.0342,none,0
ASM-005875,PROP-01959,CTY-030,2024,357405,,0.0,none,0
ASM-005876,PROP-01959,CTY-030,2025,375161,357405,0.0497,none,0
ASM-005877,PROP-01959,CTY-030,2026,396408,375161,0.0566,none,0
ASM-005878,PROP-01960,CTY-030,2024,383332,,0.0,none,0
ASM-005879,PROP-01960,CTY-030,2025,403798,383332,0.0534,none,0
ASM-005880,PROP-01960,CTY-030,2026,432259,403798,0.0705,none,0
ASM-005881,PROP-01961,CTY-030,2024,376527,,0.0,none,0
ASM-005882,PROP-01961,CTY-030,2025,399456,376527,0.0609,none,0
ASM-005883,PROP-01961,CTY-030,2026,417288,399456,0.0446,none,0
ASM-005884,PROP-01962,CTY-030,2024,392735,,0.0,none,0
ASM-005885,PROP-01962,CTY-030,2025,411118,392735,0.0468,none,0
ASM-005886,PROP-01962,CTY-030,2026,440239,411118,0.0708,none,0
ASM-005887,PROP-01963,CTY-030,2024,389525,,0.0,none,0
ASM-005888,PROP-01963,CTY-030,2025,413610,389525,0.0618,none,0
ASM-005889,PROP-01963,CTY-030,2026,432116,413610,0.0447,none,0
ASM-005890,PROP-01964,CTY-030,2024,334741,,0.0,none,0
ASM-005891,PROP-01964,CTY-030,2025,354886,334741,0.0602,none,0
ASM-005892,PROP-01964,CTY-030,2026,377045,354886,0.0624,none,0
ASM-005893,PROP-01965,CTY-030,2024,300078,,0.0,none,0
ASM-005894,PROP-01965,CTY-030,2025,316701,300078,0.0554,none,0
ASM-005895,PROP-01965,CTY-030,2026,336494,316701,0.0625,none,0
ASM-005896,PROP-01966,CTY-030,2024,357751,,0.0,none,0
ASM-005897,PROP-01966,CTY-030,2025,377836,357751,0.0561,none,0
ASM-005898,PROP-01966,CTY-030,2026,402810,377836,0.0661,none,0
ASM-005899,PROP-01967,CTY-030,2024,386349,,0.0,none,0
ASM-005900,PROP-01967,CTY-030,2025,408537,386349,0.0574,none,0
ASM-005901,PROP-01967,CTY-030,2026,424123,408537,0.0382,none,0
ASM-005902,PROP-01968,CTY-030,2024,431006,,0.0,none,0
ASM-005903,PROP-01968,CTY-030,2025,451453,431006,0.0474,none,0
ASM-005904,PROP-01968,CTY-030,2026,470313,451453,0.0418,none,0
ASM-005905,PROP-01969,CTY-030,2024,390320,,0.0,none,0
ASM-005906,PROP-01969,CTY-030,2025,404647,390320,0.0367,none,0
ASM-005907,PROP-01969,CTY-030,2026,432032,404647,0.0677,none,0
ASM-005908,PROP-01970,CTY-030,2024,351789,,0.0,none,0
ASM-005909,PROP-01970,CTY-030,2025,367160,351789,0.0437,none,0
ASM-005910,PROP-01970,CTY-030,2026,394659,367160,0.0749,none,0
ASM-005911,PROP-01971,CTY-030,2024,457449,,0.0,none,0
ASM-005912,PROP-01971,CTY-030,2025,488478,457449,0.0678,none,0
ASM-005913,PROP-01971,CTY-030,2026,521462,488478,0.0675,none,0
ASM-005914,PROP-01972,CTY-030,2024,325817,,0.0,none,0
ASM-005915,PROP-01972,CTY-030,2025,350076,325817,0.0745,none,0
ASM-005916,PROP-01972,CTY-030,2026,369106,350076,0.0544,none,0
ASM-005917,PROP-01973,CTY-030,2024,358590,,0.0,none,0
ASM-005918,PROP-01973,CTY-030,2025,384204,358590,0.0714,none,0
ASM-005919,PROP-01973,CTY-030,2026,404117,384204,0.0518,none,0
ASM-005920,PROP-01974,CTY-030,2024,451500,,0.0,none,0
ASM-005921,PROP-01974,CTY-030,2025,482894,451500,0.0695,none,0
ASM-005922,PROP-01974,CTY-030,2026,517540,482894,0.0717,none,0
ASM-005923,PROP-01975,CTY-030,2024,409201,,0.0,none,0
ASM-005924,PROP-01975,CTY-030,2025,423791,409201,0.0357,none,0
ASM-005925,PROP-01975,CTY-030,2026,436980,423791,0.0311,none,0
ASM-005926,PROP-01976,CTY-030,2024,395329,,0.0,none,0
ASM-005927,PROP-01976,CTY-030,2025,416590,395329,0.0538,none,0
ASM-005928,PROP-01976,CTY-030,2026,433804,416590,0.0413,none,0
ASM-005929,PROP-01977,CTY-030,2024,447201,,0.0,none,0
ASM-005930,PROP-01977,CTY-030,2025,473521,447201,0.0589,none,0
ASM-005931,PROP-01977,CTY-030,2026,499353,473521,0.0546,none,0
ASM-005932,PROP-01978,CTY-030,2024,389802,,0.0,none,0
ASM-005933,PROP-01978,CTY-030,2025,408383,389802,0.0477,none,0
ASM-005934,PROP-01978,CTY-030,2026,430790,408383,0.0549,none,0
ASM-005935,PROP-01979,CTY-030,2024,417723,,0.0,none,0
ASM-005936,PROP-01979,CTY-030,2025,433499,417723,0.0378,none,0
ASM-005937,PROP-01979,CTY-030,2026,446745,433499,0.0306,none,0
ASM-005938,PROP-01980,CTY-030,2024,378772,,0.0,none,0
ASM-005939,PROP-01980,CTY-030,2025,398031,378772,0.0508,none,0
ASM-005940,PROP-01980,CTY-030,2026,420257,398031,0.0558,none,0
ASM-005941,PROP-01981,CTY-030,2024,409694,,0.0,none,0
ASM-005942,PROP-01981,CTY-030,2025,431819,409694,0.054,none,0
ASM-005943,PROP-01981,CTY-030,2026,454428,431819,0.0524,none,0
ASM-005944,PROP-01982,CTY-030,2024,370703,,0.0,none,0
ASM-005945,PROP-01982,CTY-030,2025,396607,370703,0.0699,none,0
ASM-005946,PROP-01982,CTY-030,2026,419875,396607,0.0587,none,0
ASM-005947,PROP-01983,CTY-030,2024,366231,,0.0,none,0
ASM-005948,PROP-01983,CTY-030,2025,389722,366231,0.0641,none,0
ASM-005949,PROP-01983,CTY-030,2026,411766,389722,0.0566,none,0
ASM-005950,PROP-01984,CTY-030,2024,405435,,0.0,none,0
ASM-005951,PROP-01984,CTY-030,2025,428567,405435,0.0571,none,0
ASM-005952,PROP-01984,CTY-030,2026,452848,428567,0.0567,none,0
ASM-005953,PROP-01985,CTY-030,2024,322565,,0.0,none,0
ASM-005954,PROP-01985,CTY-030,2025,340677,322565,0.0561,none,0
ASM-005955,PROP-01985,CTY-030,2026,357427,340677,0.0492,none,0
ASM-005956,PROP-01986,CTY-030,2024,341802,,0.0,none,0
ASM-005957,PROP-01986,CTY-030,2025,363506,341802,0.0635,none,0
ASM-005958,PROP-01986,CTY-030,2026,384320,363506,0.0573,none,0
ASM-005959,PROP-01987,CTY-030,2024,392794,,0.0,none,0
ASM-005960,PROP-01987,CTY-030,2025,420122,392794,0.0696,none,0
ASM-005961,PROP-01987,CTY-030,2026,442401,420122,0.053,none,0
ASM-005962,PROP-01988,CTY-030,2024,346128,,0.0,none,0
ASM-005963,PROP-01988,CTY-030,2025,368540,346128,0.0648,none,0
ASM-005964,PROP-01988,CTY-030,2026,381565,368540,0.0353,none,0
ASM-005965,PROP-01989,CTY-030,2024,384777,,0.0,none,0
ASM-005966,PROP-01989,CTY-030,2025,403432,384777,0.0485,none,0
ASM-005967,PROP-01989,CTY-030,2026,425853,403432,0.0556,none,0
ASM-005968,PROP-01990,CTY-030,2024,494273,,0.0,none,0
ASM-005969,PROP-01990,CTY-030,2025,531121,494273,0.0745,none,0
ASM-005970,PROP-01990,CTY-030,2026,549782,531121,0.0351,none,0
ASM-005971,PROP-01991,CTY-030,2024,358743,,0.0,none,0
ASM-005972,PROP-01991,CTY-030,2025,385772,358743,0.0753,none,0
ASM-005973,PROP-01991,CTY-030,2026,403702,385772,0.0465,none,0
ASM-005974,PROP-01992,CTY-030,2024,421304,,0.0,none,0
ASM-005975,PROP-01992,CTY-030,2025,447894,421304,0.0631,none,0
ASM-005976,PROP-01992,CTY-030,2026,473302,447894,0.0567,none,0
ASM-005977,PROP-01993,CTY-030,2024,447807,,0.0,none,0
ASM-005978,PROP-01993,CTY-030,2025,465993,447807,0.0406,none,0
ASM-005979,PROP-01993,CTY-030,2026,496979,465993,0.0665,none,0
ASM-005980,PROP-01994,CTY-030,2024,341275,,0.0,none,0
ASM-005981,PROP-01994,CTY-030,2025,354083,341275,0.0375,none,0
ASM-005982,PROP-01994,CTY-030,2026,367035,354083,0.0366,none,0
ASM-005983,PROP-01995,CTY-030,2024,359700,,0.0,none,0
ASM-005984,PROP-01995,CTY-030,2025,371303,359700,0.0323,none,0
ASM-005985,PROP-01995,CTY-030,2026,382715,371303,0.0307,none,0
ASM-005986,PROP-01996,CTY-030,2024,433239,,0.0,none,0
ASM-005987,PROP-01996,CTY-030,2025,446836,433239,0.0314,none,0
ASM-005988,PROP-01996,CTY-030,2026,464758,446836,0.0401,none,0
ASM-005989,PROP-01997,CTY-030,2024,363893,,0.0,none,0
ASM-005990,PROP-01997,CTY-030,2025,378075,363893,0.039,none,0
ASM-005991,PROP-01997,CTY-030,2026,406096,378075,0.0741,none,0
ASM-005992,PROP-01998,CTY-030,2024,457859,,0.0,none,0
ASM-005993,PROP-01998,CTY-030,2025,489144,457859,0.0683,none,0
ASM-005994,PROP-01998,CTY-030,2026,513074,489144,0.0489,none,0
ASM-005995,PROP-01999,CTY-030,2024,361037,,0.0,none,0
ASM-005996,PROP-01999,CTY-030,2025,381678,361037,0.0572,none,0
ASM-005997,PROP-01999,CTY-030,2026,403477,381678,0.0571,none,0
ASM-005998,PROP-02000,CTY-030,2024,328253,,0.0,none,0
ASM-005999,PROP-02000,CTY-030,2025,339588,328253,0.0345,none,0
ASM-006000,PROP-02000,CTY-030,2026,356938,339588,0.0511,none,0
ASM-006001,PROP-02001,CTY-030,2024,408280,,0.0,none,0
ASM-006002,PROP-02001,CTY-030,2025,437145,408280,0.0707,none,0
ASM-006003,PROP-02001,CTY-030,2026,467170,437145,0.0687,none,0
ASM-006004,PROP-02002,CTY-031,2024,405576,,0.0,none,0
ASM-006005,PROP-02002,CTY-031,2025,419438,405576,0.0342,none,0
ASM-006006,PROP-02002,CTY-031,2026,441645,419438,0.0529,none,0
ASM-006007,PROP-02003,CTY-031,2024,331730,,0.0,none,0
ASM-006008,PROP-02003,CTY-031,2025,348003,331730,0.0491,none,0
ASM-006009,PROP-02003,CTY-031,2026,359965,348003,0.0344,none,0
ASM-006010,PROP-02004,CTY-031,2024,301311,,0.0,none,0
ASM-006011,PROP-02004,CTY-031,2025,310265,301311,0.0297,none,0
ASM-006012,PROP-02004,CTY-031,2026,322609,310265,0.0398,none,0
ASM-006013,PROP-02005,CTY-031,2024,403291,,0.0,none,0
ASM-006014,PROP-02005,CTY-031,2025,423163,403291,0.0493,none,0
ASM-006015,PROP-02005,CTY-031,2026,449631,423163,0.0625,none,0
ASM-006016,PROP-02006,CTY-031,2024,426429,,0.0,none,0
ASM-006017,PROP-02006,CTY-031,2025,449913,426429,0.0551,none,0
ASM-006018,PROP-02006,CTY-031,2026,462658,449913,0.0283,none,0
ASM-006019,PROP-02007,CTY-031,2024,412311,,0.0,none,0
ASM-006020,PROP-02007,CTY-031,2025,430675,412311,0.0445,none,0
ASM-006021,PROP-02007,CTY-031,2026,457853,430675,0.0631,none,0
ASM-006022,PROP-02008,CTY-031,2024,450780,,0.0,none,0
ASM-006023,PROP-02008,CTY-031,2025,465064,450780,0.0317,none,0
ASM-006024,PROP-02008,CTY-031,2026,479072,465064,0.0301,none,0
ASM-006025,PROP-02009,CTY-031,2024,335134,,0.0,none,0
ASM-006026,PROP-02009,CTY-031,2025,350026,335134,0.0444,none,0
ASM-006027,PROP-02009,CTY-031,2026,359966,350026,0.0284,none,0
ASM-006028,PROP-02010,CTY-031,2024,357252,,0.0,none,0
ASM-006029,PROP-02010,CTY-031,2025,375425,357252,0.0509,none,0
ASM-006030,PROP-02010,CTY-031,2026,392314,375425,0.045,none,0
ASM-006031,PROP-02011,CTY-031,2024,335507,,0.0,none,0
ASM-006032,PROP-02011,CTY-031,2025,347848,335507,0.0368,none,0
ASM-006033,PROP-02011,CTY-031,2026,363337,347848,0.0445,none,0
ASM-006034,PROP-02012,CTY-031,2024,433685,,0.0,none,0
ASM-006035,PROP-02012,CTY-031,2025,462813,433685,0.0672,none,0
ASM-006036,PROP-02012,CTY-031,2026,490300,462813,0.0594,none,0
ASM-006037,PROP-02013,CTY-031,2024,359357,,0.0,none,0
ASM-006038,PROP-02013,CTY-031,2025,374936,359357,0.0434,none,0
ASM-006039,PROP-02013,CTY-031,2026,397498,374936,0.0602,none,0
ASM-006040,PROP-02014,CTY-031,2024,372157,,0.0,none,0
ASM-006041,PROP-02014,CTY-031,2025,393279,372157,0.0568,none,0
ASM-006042,PROP-02014,CTY-031,2026,418645,393279,0.0645,none,0
ASM-006043,PROP-02015,CTY-031,2024,406578,,0.0,none,0
ASM-006044,PROP-02015,CTY-031,2025,427685,406578,0.0519,none,0
ASM-006045,PROP-02015,CTY-031,2026,451608,427685,0.0559,none,0
ASM-006046,PROP-02016,CTY-031,2024,345455,,0.0,none,0
ASM-006047,PROP-02016,CTY-031,2025,360281,345455,0.0429,none,0
ASM-006048,PROP-02016,CTY-031,2026,371937,360281,0.0324,none,0
ASM-006049,PROP-02017,CTY-031,2024,378661,,0.0,none,0
ASM-006050,PROP-02017,CTY-031,2025,390380,378661,0.0309,none,0
ASM-006051,PROP-02017,CTY-031,2026,401346,390380,0.0281,none,0
ASM-006052,PROP-02018,CTY-031,2024,410171,,0.0,none,0
ASM-006053,PROP-02018,CTY-031,2025,436630,410171,0.0645,none,0
ASM-006054,PROP-02018,CTY-031,2026,457746,436630,0.0484,none,0
ASM-006055,PROP-02019,CTY-031,2024,398997,,0.0,none,0
ASM-006056,PROP-02019,CTY-031,2025,418695,398997,0.0494,none,0
ASM-006057,PROP-02019,CTY-031,2026,433508,418695,0.0354,none,0
ASM-006058,PROP-02020,CTY-031,2024,349470,,0.0,none,0
ASM-006059,PROP-02020,CTY-031,2025,362155,349470,0.0363,none,0
ASM-006060,PROP-02020,CTY-031,2026,382705,362155,0.0567,none,0
ASM-006061,PROP-02021,CTY-031,2024,454115,,0.0,none,0
ASM-006062,PROP-02021,CTY-031,2025,482593,454115,0.0627,none,0
ASM-006063,PROP-02021,CTY-031,2026,510027,482593,0.0568,none,0
ASM-006064,PROP-02022,CTY-031,2024,404952,,0.0,none,0
ASM-006065,PROP-02022,CTY-031,2025,422531,404952,0.0434,none,0
ASM-006066,PROP-02022,CTY-031,2026,440383,422531,0.0423,none,0
ASM-006067,PROP-02023,CTY-031,2024,381095,,0.0,none,0
ASM-006068,PROP-02023,CTY-031,2025,406235,381095,0.066,none,0
ASM-006069,PROP-02023,CTY-031,2026,429142,406235,0.0564,none,0
ASM-006070,PROP-02024,CTY-032,2024,359656,,0.0,none,0
ASM-006071,PROP-02024,CTY-032,2025,381925,359656,0.0619,none,0
ASM-006072,PROP-02024,CTY-032,2026,406185,381925,0.0635,none,0
ASM-006073,PROP-02025,CTY-032,2024,263628,,0.0,none,0
ASM-006074,PROP-02025,CTY-032,2025,295555,263628,0.1211,none,0
ASM-006075,PROP-02025,CTY-032,2026,329912,295555,0.1162,none,0
ASM-006076,PROP-02026,CTY-032,2024,249567,,0.0,none,0
ASM-006077,PROP-02026,CTY-032,2025,268485,249567,0.0758,none,0
ASM-006078,PROP-02026,CTY-032,2026,299994,268485,0.1174,won,27146
ASM-006079,PROP-02027,CTY-032,2024,277169,,0.0,none,0
ASM-006080,PROP-02027,CTY-032,2025,297413,277169,0.073,none,0
ASM-006081,PROP-02027,CTY-032,2026,314800,297413,0.0585,none,0
ASM-006082,PROP-02028,CTY-032,2024,273571,,0.0,none,0
ASM-006083,PROP-02028,CTY-032,2025,289443,273571,0.058,none,0
ASM-006084,PROP-02028,CTY-032,2026,321496,289443,0.1107,none,0
ASM-006085,PROP-02029,CTY-032,2024,252625,,0.0,none,0
ASM-006086,PROP-02029,CTY-032,2025,268456,252625,0.0627,none,0
ASM-006087,PROP-02029,CTY-032,2026,296475,268456,0.1044,won,28245
ASM-006088,PROP-02030,CTY-032,2024,288626,,0.0,none,0
ASM-006089,PROP-02030,CTY-032,2025,308821,288626,0.07,none,0
ASM-006090,PROP-02030,CTY-032,2026,342808,308821,0.1101,none,0
ASM-006091,PROP-02031,CTY-032,2024,323608,,0.0,none,0
ASM-006092,PROP-02031,CTY-032,2025,356571,323608,0.1019,none,0
ASM-006093,PROP-02031,CTY-032,2026,394910,356571,0.1075,none,0
ASM-006094,PROP-02032,CTY-032,2024,316742,,0.0,none,0
ASM-006095,PROP-02032,CTY-032,2025,350730,316742,0.1073,none,0
ASM-006096,PROP-02032,CTY-032,2026,373160,350730,0.064,none,0
ASM-006097,PROP-02033,CTY-032,2024,348430,,0.0,none,0
ASM-006098,PROP-02033,CTY-032,2025,369270,348430,0.0598,none,0
ASM-006099,PROP-02033,CTY-032,2026,394824,369270,0.0692,none,0
ASM-006100,PROP-02034,CTY-032,2024,293018,,0.0,none,0
ASM-006101,PROP-02034,CTY-032,2025,312614,293018,0.0669,none,0
ASM-006102,PROP-02034,CTY-032,2026,345882,312614,0.1064,none,0
ASM-006103,PROP-02035,CTY-032,2024,272942,,0.0,none,0
ASM-006104,PROP-02035,CTY-032,2025,299368,272942,0.0968,filed,0
ASM-006105,PROP-02035,CTY-032,2026,324725,299368,0.0847,none,0
ASM-006106,PROP-02036,CTY-032,2024,343683,,0.0,none,0
ASM-006107,PROP-02036,CTY-032,2025,369520,343683,0.0752,none,0
ASM-006108,PROP-02036,CTY-032,2026,408622,369520,0.1058,none,0
ASM-006109,PROP-02037,CTY-032,2024,289601,,0.0,none,0
ASM-006110,PROP-02037,CTY-032,2025,319149,289601,0.102,none,0
ASM-006111,PROP-02037,CTY-032,2026,338355,319149,0.0602,none,0
ASM-006112,PROP-02038,CTY-032,2024,322168,,0.0,none,0
ASM-006113,PROP-02038,CTY-032,2025,358268,322168,0.1121,none,0
ASM-006114,PROP-02038,CTY-032,2026,390229,358268,0.0892,none,0
ASM-006115,PROP-02039,CTY-032,2024,284861,,0.0,none,0
ASM-006116,PROP-02039,CTY-032,2025,312816,284861,0.0981,none,0
ASM-006117,PROP-02039,CTY-032,2026,345806,312816,0.1055,filed,0
ASM-006118,PROP-02040,CTY-032,2024,358610,,0.0,none,0
ASM-006119,PROP-02040,CTY-032,2025,394700,358610,0.1006,none,0
ASM-006120,PROP-02040,CTY-032,2026,419216,394700,0.0621,none,0
ASM-006121,PROP-02041,CTY-032,2024,282165,,0.0,none,0
ASM-006122,PROP-02041,CTY-032,2025,312954,282165,0.1091,none,0
ASM-006123,PROP-02041,CTY-032,2026,344643,312954,0.1013,lost,0
ASM-006124,PROP-02042,CTY-032,2024,289047,,0.0,none,0
ASM-006125,PROP-02042,CTY-032,2025,313495,289047,0.0846,none,0
ASM-006126,PROP-02042,CTY-032,2026,346738,313495,0.106,none,0
ASM-006127,PROP-02043,CTY-032,2024,346720,,0.0,none,0
ASM-006128,PROP-02043,CTY-032,2025,379021,346720,0.0932,won,28245
ASM-006129,PROP-02043,CTY-032,2026,405631,379021,0.0702,none,0
ASM-006130,PROP-02044,CTY-032,2024,251769,,0.0,none,0
ASM-006131,PROP-02044,CTY-032,2025,266617,251769,0.059,none,0
ASM-006132,PROP-02044,CTY-032,2026,283584,266617,0.0636,none,0
ASM-006133,PROP-02045,CTY-032,2024,278093,,0.0,none,0
ASM-006134,PROP-02045,CTY-032,2025,294415,278093,0.0587,none,0
ASM-006135,PROP-02045,CTY-032,2026,315412,294415,0.0713,none,0
ASM-006136,PROP-02046,CTY-032,2024,301176,,0.0,none,0
ASM-006137,PROP-02046,CTY-032,2025,329386,301176,0.0937,none,0
ASM-006138,PROP-02046,CTY-032,2026,365930,329386,0.1109,none,0
ASM-006139,PROP-02047,CTY-032,2024,272184,,0.0,none,0
ASM-006140,PROP-02047,CTY-032,2025,297829,272184,0.0942,filed,0
ASM-006141,PROP-02047,CTY-032,2026,315971,297829,0.0609,none,0
ASM-006142,PROP-02048,CTY-032,2024,335652,,0.0,none,0
ASM-006143,PROP-02048,CTY-032,2025,352289,335652,0.0496,none,0
ASM-006144,PROP-02048,CTY-032,2026,374441,352289,0.0629,none,0
ASM-006145,PROP-02049,CTY-032,2024,309674,,0.0,none,0
ASM-006146,PROP-02049,CTY-032,2025,331580,309674,0.0707,none,0
ASM-006147,PROP-02049,CTY-032,2026,354644,331580,0.0696,none,0
ASM-006148,PROP-02050,CTY-032,2024,283504,,0.0,none,0
ASM-006149,PROP-02050,CTY-032,2025,303186,283504,0.0694,none,0
ASM-006150,PROP-02050,CTY-032,2026,319421,303186,0.0535,none,0
ASM-006151,PROP-02051,CTY-032,2024,309679,,0.0,none,0
ASM-006152,PROP-02051,CTY-032,2025,337810,309679,0.0908,won,35228
ASM-006153,PROP-02051,CTY-032,2026,356292,337810,0.0547,none,0
ASM-006154,PROP-02052,CTY-032,2024,286494,,0.0,none,0
ASM-006155,PROP-02052,CTY-032,2025,313055,286494,0.0927,none,0
ASM-006156,PROP-02052,CTY-032,2026,350422,313055,0.1194,filed,0
ASM-006157,PROP-02053,CTY-032,2024,250812,,0.0,none,0
ASM-006158,PROP-02053,CTY-032,2025,273883,250812,0.092,won,15057
ASM-006159,PROP-02053,CTY-032,2026,287811,273883,0.0509,none,0
ASM-006160,PROP-02054,CTY-032,2024,301724,,0.0,none,0
ASM-006161,PROP-02054,CTY-032,2025,323885,301724,0.0734,none,0
ASM-006162,PROP-02054,CTY-032,2026,345910,323885,0.068,none,0
ASM-006163,PROP-02055,CTY-032,2024,349168,,0.0,none,0
ASM-006164,PROP-02055,CTY-032,2025,381991,349168,0.094,filed,0
ASM-006165,PROP-02055,CTY-032,2026,425089,381991,0.1128,won,28492
ASM-006166,PROP-02056,CTY-032,2024,273192,,0.0,none,0
ASM-006167,PROP-02056,CTY-032,2025,300122,273192,0.0986,none,0
ASM-006168,PROP-02056,CTY-032,2026,320014,300122,0.0663,none,0
ASM-006169,PROP-02057,CTY-032,2024,324952,,0.0,none,0
ASM-006170,PROP-02057,CTY-032,2025,355275,324952,0.0933,won,31065
ASM-006171,PROP-02057,CTY-032,2026,380956,355275,0.0723,none,0
ASM-006172,PROP-02058,CTY-032,2024,272809,,0.0,none,0
ASM-006173,PROP-02058,CTY-032,2025,289721,272809,0.062,none,0
ASM-006174,PROP-02058,CTY-032,2026,321906,289721,0.1111,none,0
ASM-006175,PROP-02059,CTY-032,2024,336110,,0.0,none,0
ASM-006176,PROP-02059,CTY-032,2025,370538,336110,0.1024,none,0
ASM-006177,PROP-02059,CTY-032,2026,407701,370538,0.1003,won,22293
ASM-006178,PROP-02060,CTY-032,2024,349461,,0.0,none,0
ASM-006179,PROP-02060,CTY-032,2025,387253,349461,0.1081,won,25817
ASM-006180,PROP-02060,CTY-032,2026,408968,387253,0.0561,none,0
ASM-006181,PROP-02061,CTY-032,2024,238887,,0.0,none,0
ASM-006182,PROP-02061,CTY-032,2025,252193,238887,0.0557,none,0
ASM-006183,PROP-02061,CTY-032,2026,282441,252193,0.1199,none,0
ASM-006184,PROP-02062,CTY-032,2024,320005,,0.0,none,0
ASM-006185,PROP-02062,CTY-032,2025,358394,320005,0.12,none,0
ASM-006186,PROP-02062,CTY-032,2026,394241,358394,0.1,won,17362
ASM-006187,PROP-02063,CTY-032,2024,321602,,0.0,none,0
ASM-006188,PROP-02063,CTY-032,2025,339355,321602,0.0552,none,0
ASM-006189,PROP-02063,CTY-032,2026,362720,339355,0.0689,none,0
ASM-006190,PROP-02064,CTY-032,2024,315392,,0.0,none,0
ASM-006191,PROP-02064,CTY-032,2025,342749,315392,0.0867,none,0
ASM-006192,PROP-02064,CTY-032,2026,384013,342749,0.1204,won,28127
ASM-006193,PROP-02065,CTY-032,2024,366487,,0.0,none,0
ASM-006194,PROP-02065,CTY-032,2025,409231,366487,0.1166,none,0
ASM-006195,PROP-02065,CTY-032,2026,452605,409231,0.106,filed,0
ASM-006196,PROP-02066,CTY-032,2024,318124,,0.0,none,0
ASM-006197,PROP-02066,CTY-032,2025,355667,318124,0.118,none,0
ASM-006198,PROP-02066,CTY-032,2026,381107,355667,0.0715,none,0
ASM-006199,PROP-02067,CTY-032,2024,252901,,0.0,none,0
ASM-006200,PROP-02067,CTY-032,2025,272131,252901,0.076,none,0
ASM-006201,PROP-02067,CTY-032,2026,301957,272131,0.1096,none,0
ASM-006202,PROP-02068,CTY-032,2024,310053,,0.0,none,0
ASM-006203,PROP-02068,CTY-032,2025,328042,310053,0.058,none,0
ASM-006204,PROP-02068,CTY-032,2026,356406,328042,0.0865,none,0
ASM-006205,PROP-02069,CTY-032,2024,289587,,0.0,none,0
ASM-006206,PROP-02069,CTY-032,2025,320917,289587,0.1082,none,0
ASM-006207,PROP-02069,CTY-032,2026,360150,320917,0.1223,none,0
ASM-006208,PROP-02070,CTY-032,2024,296154,,0.0,none,0
ASM-006209,PROP-02070,CTY-032,2025,332268,296154,0.1219,none,0
ASM-006210,PROP-02070,CTY-032,2026,349871,332268,0.053,none,0
ASM-006211,PROP-02071,CTY-032,2024,323161,,0.0,none,0
ASM-006212,PROP-02071,CTY-032,2025,359255,323161,0.1117,filed,0
ASM-006213,PROP-02071,CTY-032,2026,400397,359255,0.1145,none,0
ASM-006214,PROP-02072,CTY-032,2024,274372,,0.0,none,0
ASM-006215,PROP-02072,CTY-032,2025,298416,274372,0.0876,none,0
ASM-006216,PROP-02072,CTY-032,2026,329514,298416,0.1042,lost,0
ASM-006217,PROP-02073,CTY-032,2024,292583,,0.0,none,0
ASM-006218,PROP-02073,CTY-032,2025,319611,292583,0.0924,none,0
ASM-006219,PROP-02073,CTY-032,2026,341580,319611,0.0687,none,0
ASM-006220,PROP-02074,CTY-032,2024,280106,,0.0,none,0
ASM-006221,PROP-02074,CTY-032,2025,302874,280106,0.0813,none,0
ASM-006222,PROP-02074,CTY-032,2026,328179,302874,0.0835,none,0
ASM-006223,PROP-02075,CTY-032,2024,282779,,0.0,none,0
ASM-006224,PROP-02075,CTY-032,2025,296879,282779,0.0499,none,0
ASM-006225,PROP-02075,CTY-032,2026,331846,296879,0.1178,none,0
ASM-006226,PROP-02076,CTY-032,2024,327639,,0.0,none,0
ASM-006227,PROP-02076,CTY-032,2025,363651,327639,0.1099,filed,0
ASM-006228,PROP-02076,CTY-032,2026,388746,363651,0.069,none,0
ASM-006229,PROP-02077,CTY-032,2024,289075,,0.0,none,0
ASM-006230,PROP-02077,CTY-032,2025,308113,289075,0.0659,none,0
ASM-006231,PROP-02077,CTY-032,2026,323915,308113,0.0513,none,0
ASM-006232,PROP-02078,CTY-032,2024,295233,,0.0,none,0
ASM-006233,PROP-02078,CTY-032,2025,316325,295233,0.0714,none,0
ASM-006234,PROP-02078,CTY-032,2026,348295,316325,0.1011,none,0
ASM-006235,PROP-02079,CTY-032,2024,315482,,0.0,none,0
ASM-006236,PROP-02079,CTY-032,2025,343735,315482,0.0896,none,0
ASM-006237,PROP-02079,CTY-032,2026,362884,343735,0.0557,none,0
ASM-006238,PROP-02080,CTY-032,2024,324408,,0.0,none,0
ASM-006239,PROP-02080,CTY-032,2025,347137,324408,0.0701,none,0
ASM-006240,PROP-02080,CTY-032,2026,368636,347137,0.0619,none,0
ASM-006241,PROP-02081,CTY-032,2024,266807,,0.0,none,0
ASM-006242,PROP-02081,CTY-032,2025,284591,266807,0.0667,none,0
ASM-006243,PROP-02081,CTY-032,2026,316388,284591,0.1117,none,0
ASM-006244,PROP-02082,CTY-032,2024,303179,,0.0,none,0
ASM-006245,PROP-02082,CTY-032,2025,335220,303179,0.1057,won,21173
ASM-006246,PROP-02082,CTY-032,2026,365425,335220,0.0901,none,0
ASM-006247,PROP-02083,CTY-032,2024,264744,,0.0,none,0
ASM-006248,PROP-02083,CTY-032,2025,284084,264744,0.0731,none,0
ASM-006249,PROP-02083,CTY-032,2026,318382,284084,0.1207,none,0
ASM-006250,PROP-02084,CTY-032,2024,322852,,0.0,none,0
ASM-006251,PROP-02084,CTY-032,2025,353546,322852,0.0951,won,12728
ASM-006252,PROP-02084,CTY-032,2026,374056,353546,0.058,none,0
ASM-006253,PROP-02085,CTY-032,2024,313182,,0.0,none,0
ASM-006254,PROP-02085,CTY-032,2025,344392,313182,0.0997,lost,0
ASM-006255,PROP-02085,CTY-032,2026,374180,344392,0.0865,none,0
ASM-006256,PROP-02086,CTY-032,2024,384766,,0.0,none,0
ASM-006257,PROP-02086,CTY-032,2025,424696,384766,0.1038,won,42229
ASM-006258,PROP-02086,CTY-032,2026,448790,424696,0.0567,none,0
ASM-006259,PROP-02087,CTY-032,2024,305487,,0.0,none,0
ASM-006260,PROP-02087,CTY-032,2025,323438,305487,0.0588,none,0
ASM-006261,PROP-02087,CTY-032,2026,355934,323438,0.1005,won,37993
ASM-006262,PROP-02088,CTY-032,2024,310123,,0.0,none,0
ASM-006263,PROP-02088,CTY-032,2025,332352,310123,0.0717,none,0
ASM-006264,PROP-02088,CTY-032,2026,365040,332352,0.0984,none,0
ASM-006265,PROP-02089,CTY-032,2024,313926,,0.0,none,0
ASM-006266,PROP-02089,CTY-032,2025,340111,313926,0.0834,none,0
ASM-006267,PROP-02089,CTY-032,2026,363041,340111,0.0674,none,0
ASM-006268,PROP-02090,CTY-032,2024,299019,,0.0,none,0
ASM-006269,PROP-02090,CTY-032,2025,329448,299019,0.1018,filed,0
ASM-006270,PROP-02090,CTY-032,2026,369390,329448,0.1212,none,0
ASM-006271,PROP-02091,CTY-032,2024,354547,,0.0,none,0
ASM-006272,PROP-02091,CTY-032,2025,397786,354547,0.122,none,0
ASM-006273,PROP-02091,CTY-032,2026,435430,397786,0.0946,none,0
ASM-006274,PROP-02092,CTY-032,2024,305289,,0.0,none,0
ASM-006275,PROP-02092,CTY-032,2025,321004,305289,0.0515,none,0
ASM-006276,PROP-02092,CTY-032,2026,358270,321004,0.1161,none,0
ASM-006277,PROP-02093,CTY-032,2024,284210,,0.0,none,0
ASM-006278,PROP-02093,CTY-032,2025,304819,284210,0.0725,none,0
ASM-006279,PROP-02093,CTY-032,2026,334882,304819,0.0986,none,0
ASM-006280,PROP-02094,CTY-032,2024,292658,,0.0,none,0
ASM-006281,PROP-02094,CTY-032,2025,311642,292658,0.0649,none,0
ASM-006282,PROP-02094,CTY-032,2026,333665,311642,0.0707,none,0
ASM-006283,PROP-02095,CTY-032,2024,376340,,0.0,none,0
ASM-006284,PROP-02095,CTY-032,2025,417221,376340,0.1086,none,0
ASM-006285,PROP-02095,CTY-032,2026,438564,417221,0.0512,none,0
ASM-006286,PROP-02096,CTY-032,2024,394360,,0.0,none,0
ASM-006287,PROP-02096,CTY-032,2025,432797,394360,0.0975,filed,0
ASM-006288,PROP-02096,CTY-032,2026,475360,432797,0.0983,won,43293
ASM-006289,PROP-02097,CTY-032,2024,256348,,0.0,none,0
ASM-006290,PROP-02097,CTY-032,2025,279524,256348,0.0904,none,0
ASM-006291,PROP-02097,CTY-032,2026,304662,279524,0.0899,none,0
ASM-006292,PROP-02098,CTY-032,2024,331693,,0.0,none,0
ASM-006293,PROP-02098,CTY-032,2025,349104,331693,0.0525,none,0
ASM-006294,PROP-02098,CTY-032,2026,368851,349104,0.0566,none,0
ASM-006295,PROP-02099,CTY-032,2024,339499,,0.0,none,0
ASM-006296,PROP-02099,CTY-032,2025,362688,339499,0.0683,none,0
ASM-006297,PROP-02099,CTY-032,2026,403872,362688,0.1136,none,0
ASM-006298,PROP-02100,CTY-032,2024,327875,,0.0,none,0
ASM-006299,PROP-02100,CTY-032,2025,355247,327875,0.0835,none,0
ASM-006300,PROP-02100,CTY-032,2026,382727,355247,0.0774,none,0
ASM-006301,PROP-02101,CTY-032,2024,313942,,0.0,none,0
ASM-006302,PROP-02101,CTY-032,2025,333729,313942,0.063,none,0
ASM-006303,PROP-02101,CTY-032,2026,351712,333729,0.0539,none,0
ASM-006304,PROP-02102,CTY-032,2024,351134,,0.0,none,0
ASM-006305,PROP-02102,CTY-032,2025,373995,351134,0.0651,none,0
ASM-006306,PROP-02102,CTY-032,2026,419299,373995,0.1211,none,0
ASM-006307,PROP-02103,CTY-032,2024,262141,,0.0,none,0
ASM-006308,PROP-02103,CTY-032,2025,290910,262141,0.1097,won,15254
ASM-006309,PROP-02103,CTY-032,2026,309406,290910,0.0636,none,0
ASM-006310,PROP-02104,CTY-032,2024,327477,,0.0,none,0
ASM-006311,PROP-02104,CTY-032,2025,357126,327477,0.0905,filed,0
ASM-006312,PROP-02104,CTY-032,2026,396232,357126,0.1095,filed,0
ASM-006313,PROP-02105,CTY-032,2024,320206,,0.0,none,0
ASM-006314,PROP-02105,CTY-032,2025,337895,320206,0.0552,none,0
ASM-006315,PROP-02105,CTY-032,2026,365085,337895,0.0805,none,0
ASM-006316,PROP-02106,CTY-032,2024,289115,,0.0,none,0
ASM-006317,PROP-02106,CTY-032,2025,304639,289115,0.0537,none,0
ASM-006318,PROP-02106,CTY-032,2026,324091,304639,0.0639,none,0
ASM-006319,PROP-02107,CTY-032,2024,298632,,0.0,none,0
ASM-006320,PROP-02107,CTY-032,2025,326499,298632,0.0933,won,27752
ASM-006321,PROP-02107,CTY-032,2026,363275,326499,0.1126,won,25401
ASM-006322,PROP-02108,CTY-032,2024,260469,,0.0,none,0
ASM-006323,PROP-02108,CTY-032,2025,284687,260469,0.093,none,0
ASM-006324,PROP-02108,CTY-032,2026,309519,284687,0.0872,none,0
ASM-006325,PROP-02109,CTY-032,2024,345831,,0.0,none,0
ASM-006326,PROP-02109,CTY-032,2025,380987,345831,0.1017,none,0
ASM-006327,PROP-02109,CTY-032,2026,419559,380987,0.1012,none,0
ASM-006328,PROP-02110,CTY-032,2024,309417,,0.0,none,0
ASM-006329,PROP-02110,CTY-032,2025,344931,309417,0.1148,won,37368
ASM-006330,PROP-02110,CTY-032,2026,381557,344931,0.1062,none,0
ASM-006331,PROP-02111,CTY-032,2024,355135,,0.0,none,0
ASM-006332,PROP-02111,CTY-032,2025,391376,355135,0.102,none,0
ASM-006333,PROP-02111,CTY-032,2026,429653,391376,0.0978,none,0
ASM-006334,PROP-02112,CTY-032,2024,373161,,0.0,none,0
ASM-006335,PROP-02112,CTY-032,2025,412401,373161,0.1052,none,0
ASM-006336,PROP-02112,CTY-032,2026,443008,412401,0.0742,none,0
ASM-006337,PROP-02113,CTY-032,2024,328485,,0.0,none,0
ASM-006338,PROP-02113,CTY-032,2025,346584,328485,0.0551,none,0
ASM-006339,PROP-02113,CTY-032,2026,379852,346584,0.096,none,0
ASM-006340,PROP-02114,CTY-032,2024,323847,,0.0,none,0
ASM-006341,PROP-02114,CTY-032,2025,358611,323847,0.1073,won,35077
ASM-006342,PROP-02114,CTY-032,2026,394422,358611,0.0999,none,0
ASM-006343,PROP-02115,CTY-032,2024,290900,,0.0,none,0
ASM-006344,PROP-02115,CTY-032,2025,320306,290900,0.1011,filed,0
ASM-006345,PROP-02115,CTY-032,2026,338421,320306,0.0566,none,0
ASM-006346,PROP-02116,CTY-032,2024,321476,,0.0,none,0
ASM-006347,PROP-02116,CTY-032,2025,354169,321476,0.1017,none,0
ASM-006348,PROP-02116,CTY-032,2026,379218,354169,0.0707,none,0
ASM-006349,PROP-02117,CTY-032,2024,323429,,0.0,none,0
ASM-006350,PROP-02117,CTY-032,2025,354007,323429,0.0945,none,0
ASM-006351,PROP-02117,CTY-032,2026,383371,354007,0.0829,none,0
ASM-006352,PROP-02118,CTY-032,2024,325668,,0.0,none,0
ASM-006353,PROP-02118,CTY-032,2025,352510,325668,0.0824,none,0
ASM-006354,PROP-02118,CTY-032,2026,379560,352510,0.0767,none,0
ASM-006355,PROP-02119,CTY-032,2024,349490,,0.0,none,0
ASM-006356,PROP-02119,CTY-032,2025,389125,349490,0.1134,none,0
ASM-006357,PROP-02119,CTY-032,2026,415144,389125,0.0669,none,0
ASM-006358,PROP-02120,CTY-032,2024,402271,,0.0,none,0
ASM-006359,PROP-02120,CTY-032,2025,437014,402271,0.0864,none,0
ASM-006360,PROP-02120,CTY-032,2026,472359,437014,0.0809,none,0
ASM-006361,PROP-02121,CTY-032,2024,314500,,0.0,none,0
ASM-006362,PROP-02121,CTY-032,2025,346073,314500,0.1004,none,0
ASM-006363,PROP-02121,CTY-032,2026,384485,346073,0.111,none,0
ASM-006364,PROP-02122,CTY-032,2024,335636,,0.0,none,0
ASM-006365,PROP-02122,CTY-032,2025,358033,335636,0.0667,none,0
ASM-006366,PROP-02122,CTY-032,2026,382624,358033,0.0687,none,0
ASM-006367,PROP-02123,CTY-032,2024,327411,,0.0,none,0
ASM-006368,PROP-02123,CTY-032,2025,354629,327411,0.0831,none,0
ASM-006369,PROP-02123,CTY-032,2026,397991,354629,0.1223,none,0
ASM-006370,PROP-02124,CTY-032,2024,319712,,0.0,none,0
ASM-006371,PROP-02124,CTY-032,2025,356719,319712,0.1158,none,0
ASM-006372,PROP-02124,CTY-032,2026,396291,356719,0.1109,won,26201
ASM-006373,PROP-02125,CTY-032,2024,356266,,0.0,none,0
ASM-006374,PROP-02125,CTY-032,2025,381936,356266,0.0721,none,0
ASM-006375,PROP-02125,CTY-032,2026,403260,381936,0.0558,none,0
ASM-006376,PROP-02126,CTY-032,2024,340049,,0.0,none,0
ASM-006377,PROP-02126,CTY-032,2025,377154,340049,0.1091,none,0
ASM-006378,PROP-02126,CTY-032,2026,407749,377154,0.0811,none,0
ASM-006379,PROP-02127,CTY-032,2024,364147,,0.0,none,0
ASM-006380,PROP-02127,CTY-032,2025,393236,364147,0.0799,none,0
ASM-006381,PROP-02127,CTY-032,2026,418531,393236,0.0643,none,0
ASM-006382,PROP-02128,CTY-032,2024,315616,,0.0,none,0
ASM-006383,PROP-02128,CTY-032,2025,345982,315616,0.0962,none,0
ASM-006384,PROP-02128,CTY-032,2026,370494,345982,0.0708,none,0
ASM-006385,PROP-02129,CTY-032,2024,298474,,0.0,none,0
ASM-006386,PROP-02129,CTY-032,2025,330879,298474,0.1086,none,0
ASM-006387,PROP-02129,CTY-032,2026,370520,330879,0.1198,none,0
ASM-006388,PROP-02130,CTY-032,2024,371334,,0.0,none,0
ASM-006389,PROP-02130,CTY-032,2025,407229,371334,0.0967,none,0
ASM-006390,PROP-02130,CTY-032,2026,446343,407229,0.096,won,20478
ASM-006391,PROP-02131,CTY-032,2024,369829,,0.0,none,0
ASM-006392,PROP-02131,CTY-032,2025,392128,369829,0.0603,none,0
ASM-006393,PROP-02131,CTY-032,2026,437358,392128,0.1153,none,0
ASM-006394,PROP-02132,CTY-032,2024,406240,,0.0,none,0
ASM-006395,PROP-02132,CTY-032,2025,445390,406240,0.0964,none,0
ASM-006396,PROP-02132,CTY-032,2026,470598,445390,0.0566,none,0
ASM-006397,PROP-02133,CTY-032,2024,380955,,0.0,none,0
ASM-006398,PROP-02133,CTY-032,2025,419165,380955,0.1003,none,0
ASM-006399,PROP-02133,CTY-032,2026,461601,419165,0.1012,none,0
ASM-006400,PROP-02134,CTY-032,2024,281158,,0.0,none,0
ASM-006401,PROP-02134,CTY-032,2025,313439,281158,0.1148,none,0
ASM-006402,PROP-02134,CTY-032,2026,335729,313439,0.0711,none,0
ASM-006403,PROP-02135,CTY-032,2024,352631,,0.0,none,0
ASM-006404,PROP-02135,CTY-032,2025,387080,352631,0.0977,won,31722
ASM-006405,PROP-02135,CTY-032,2026,434281,387080,0.1219,none,0
ASM-006406,PROP-02136,CTY-032,2024,334678,,0.0,none,0
ASM-006407,PROP-02136,CTY-032,2025,357662,334678,0.0687,none,0
ASM-006408,PROP-02136,CTY-032,2026,375465,357662,0.0498,none,0
ASM-006409,PROP-02137,CTY-032,2024,389613,,0.0,none,0
ASM-006410,PROP-02137,CTY-032,2025,437034,389613,0.1217,none,0
ASM-006411,PROP-02137,CTY-032,2026,476533,437034,0.0904,won,38783
ASM-006412,PROP-02138,CTY-032,2024,313246,,0.0,none,0
ASM-006413,PROP-02138,CTY-032,2025,333204,313246,0.0637,none,0
ASM-006414,PROP-02138,CTY-032,2026,359868,333204,0.08,none,0
ASM-006415,PROP-02139,CTY-032,2024,312868,,0.0,none,0
ASM-006416,PROP-02139,CTY-032,2025,343052,312868,0.0965,none,0
ASM-006417,PROP-02139,CTY-032,2026,360867,343052,0.0519,none,0
ASM-006418,PROP-02140,CTY-032,2024,326324,,0.0,none,0
ASM-006419,PROP-02140,CTY-032,2025,361234,326324,0.107,none,0
ASM-006420,PROP-02140,CTY-032,2026,384521,361234,0.0645,none,0
ASM-006421,PROP-02141,CTY-032,2024,359063,,0.0,none,0
ASM-006422,PROP-02141,CTY-032,2025,396235,359063,0.1035,none,0
ASM-006423,PROP-02141,CTY-032,2026,436471,396235,0.1015,none,0
ASM-006424,PROP-02142,CTY-032,2024,348847,,0.0,none,0
ASM-006425,PROP-02142,CTY-032,2025,382343,348847,0.096,filed,0
ASM-006426,PROP-02142,CTY-032,2026,403860,382343,0.0563,none,0
ASM-006427,PROP-02143,CTY-032,2024,398755,,0.0,none,0
ASM-006428,PROP-02143,CTY-032,2025,445083,398755,0.1162,lost,0
ASM-006429,PROP-02143,CTY-032,2026,468164,445083,0.0519,none,0
ASM-006430,PROP-02144,CTY-032,2024,302747,,0.0,none,0
ASM-006431,PROP-02144,CTY-032,2025,325846,302747,0.0763,none,0
ASM-006432,PROP-02144,CTY-032,2026,358210,325846,0.0993,none,0
ASM-006433,PROP-02145,CTY-032,2024,407774,,0.0,none,0
ASM-006434,PROP-02145,CTY-032,2025,433690,407774,0.0636,none,0
ASM-006435,PROP-02145,CTY-032,2026,477432,433690,0.1009,none,0
ASM-006436,PROP-02146,CTY-032,2024,336629,,0.0,none,0
ASM-006437,PROP-02146,CTY-032,2025,355923,336629,0.0573,none,0
ASM-006438,PROP-02146,CTY-032,2026,381421,355923,0.0716,none,0
ASM-006439,PROP-02147,CTY-032,2024,322477,,0.0,none,0
ASM-006440,PROP-02147,CTY-032,2025,339255,322477,0.052,none,0
ASM-006441,PROP-02147,CTY-032,2026,364580,339255,0.0746,none,0
ASM-006442,PROP-02148,CTY-032,2024,388640,,0.0,none,0
ASM-006443,PROP-02148,CTY-032,2025,429762,388640,0.1058,none,0
ASM-006444,PROP-02148,CTY-032,2026,458594,429762,0.0671,none,0
ASM-006445,PROP-02149,CTY-032,2024,322851,,0.0,none,0
ASM-006446,PROP-02149,CTY-032,2025,341097,322851,0.0565,none,0
ASM-006447,PROP-02149,CTY-032,2026,366525,341097,0.0745,none,0
ASM-006448,PROP-02150,CTY-032,2024,357768,,0.0,none,0
ASM-006449,PROP-02150,CTY-032,2025,397225,357768,0.1103,won,34788
ASM-006450,PROP-02150,CTY-032,2026,437737,397225,0.102,won,35730
ASM-006451,PROP-02151,CTY-032,2024,299025,,0.0,none,0
ASM-006452,PROP-02151,CTY-032,2025,328148,299025,0.0974,none,0
ASM-006453,PROP-02151,CTY-032,2026,366872,328148,0.118,none,0
ASM-006454,PROP-02152,CTY-032,2024,370360,,0.0,none,0
ASM-006455,PROP-02152,CTY-032,2025,408613,370360,0.1033,none,0
ASM-006456,PROP-02152,CTY-032,2026,442341,408613,0.0825,none,0
ASM-006457,PROP-02153,CTY-032,2024,333108,,0.0,none,0
ASM-006458,PROP-02153,CTY-032,2025,366405,333108,0.1,none,0
ASM-006459,PROP-02153,CTY-032,2026,385205,366405,0.0513,none,0
ASM-006460,PROP-02154,CTY-033,2024,266546,,0.0,none,0
ASM-006461,PROP-02154,CTY-033,2025,291066,266546,0.092,none,0
ASM-006462,PROP-02154,CTY-033,2026,323420,291066,0.1112,won,34808
ASM-006463,PROP-02155,CTY-033,2024,255405,,0.0,none,0
ASM-006464,PROP-02155,CTY-033,2025,272754,255405,0.0679,none,0
ASM-006465,PROP-02155,CTY-033,2026,304337,272754,0.1158,filed,0
ASM-006466,PROP-02156,CTY-033,2024,223453,,0.0,none,0
ASM-006467,PROP-02156,CTY-033,2025,240553,223453,0.0765,none,0
ASM-006468,PROP-02156,CTY-033,2026,270942,240553,0.1263,none,0
ASM-006469,PROP-02157,CTY-033,2024,229159,,0.0,none,0
ASM-006470,PROP-02157,CTY-033,2025,252566,229159,0.1021,lost,0
ASM-006471,PROP-02157,CTY-033,2026,277509,252566,0.0988,none,0
ASM-006472,PROP-02158,CTY-033,2024,234924,,0.0,none,0
ASM-006473,PROP-02158,CTY-033,2025,247608,234924,0.054,none,0
ASM-006474,PROP-02158,CTY-033,2026,264857,247608,0.0697,none,0
ASM-006475,PROP-02159,CTY-033,2024,245148,,0.0,none,0
ASM-006476,PROP-02159,CTY-033,2025,271247,245148,0.1065,won,10973
ASM-006477,PROP-02159,CTY-033,2026,296731,271247,0.094,none,0
ASM-006478,PROP-02160,CTY-033,2024,317519,,0.0,none,0
ASM-006479,PROP-02160,CTY-033,2025,341394,317519,0.0752,none,0
ASM-006480,PROP-02160,CTY-033,2026,363279,341394,0.0641,none,0
ASM-006481,PROP-02161,CTY-033,2024,322184,,0.0,none,0
ASM-006482,PROP-02161,CTY-033,2025,349679,322184,0.0853,none,0
ASM-006483,PROP-02161,CTY-033,2026,383500,349679,0.0967,won,21150
ASM-006484,PROP-02162,CTY-033,2024,289003,,0.0,none,0
ASM-006485,PROP-02162,CTY-033,2025,306956,289003,0.0621,none,0
ASM-006486,PROP-02162,CTY-033,2026,345537,306956,0.1257,won,34954
ASM-006487,PROP-02163,CTY-033,2024,237773,,0.0,none,0
ASM-006488,PROP-02163,CTY-033,2025,257755,237773,0.084,none,0
ASM-006489,PROP-02163,CTY-033,2026,281603,257755,0.0925,won,24654
ASM-006490,PROP-02164,CTY-033,2024,286524,,0.0,none,0
ASM-006491,PROP-02164,CTY-033,2025,320321,286524,0.118,lost,0
ASM-006492,PROP-02164,CTY-033,2026,351099,320321,0.0961,none,0
ASM-006493,PROP-02165,CTY-033,2024,322956,,0.0,none,0
ASM-006494,PROP-02165,CTY-033,2025,361477,322956,0.1193,none,0
ASM-006495,PROP-02165,CTY-033,2026,388931,361477,0.0759,none,0
ASM-006496,PROP-02166,CTY-033,2024,261446,,0.0,none,0
ASM-006497,PROP-02166,CTY-033,2025,277775,261446,0.0625,none,0
ASM-006498,PROP-02166,CTY-033,2026,307414,277775,0.1067,filed,0
ASM-006499,PROP-02167,CTY-033,2024,290848,,0.0,none,0
ASM-006500,PROP-02167,CTY-033,2025,316212,290848,0.0872,none,0
ASM-006501,PROP-02167,CTY-033,2026,338160,316212,0.0694,none,0
ASM-006502,PROP-02168,CTY-033,2024,240707,,0.0,none,0
ASM-006503,PROP-02168,CTY-033,2025,271332,240707,0.1272,none,0
ASM-006504,PROP-02168,CTY-033,2026,293292,271332,0.0809,none,0
ASM-006505,PROP-02169,CTY-033,2024,254638,,0.0,none,0
ASM-006506,PROP-02169,CTY-033,2025,274153,254638,0.0766,none,0
ASM-006507,PROP-02169,CTY-033,2026,294440,274153,0.074,none,0
ASM-006508,PROP-02170,CTY-033,2024,237936,,0.0,none,0
ASM-006509,PROP-02170,CTY-033,2025,264375,237936,0.1111,none,0
ASM-006510,PROP-02170,CTY-033,2026,281356,264375,0.0642,none,0
ASM-006511,PROP-02171,CTY-033,2024,307155,,0.0,none,0
ASM-006512,PROP-02171,CTY-033,2025,342001,307155,0.1134,none,0
ASM-006513,PROP-02171,CTY-033,2026,385017,342001,0.1258,none,0
ASM-006514,PROP-02172,CTY-033,2024,258280,,0.0,none,0
ASM-006515,PROP-02172,CTY-033,2025,276441,258280,0.0703,none,0
ASM-006516,PROP-02172,CTY-033,2026,300112,276441,0.0856,none,0
ASM-006517,PROP-02173,CTY-033,2024,300090,,0.0,none,0
ASM-006518,PROP-02173,CTY-033,2025,317244,300090,0.0572,none,0
ASM-006519,PROP-02173,CTY-033,2026,339116,317244,0.0689,none,0
ASM-006520,PROP-02174,CTY-032,2024,315617,,0.0,none,0
ASM-006521,PROP-02174,CTY-032,2025,347077,315617,0.0997,none,0
ASM-006522,PROP-02174,CTY-032,2026,382721,347077,0.1027,none,0
ASM-006523,PROP-02175,CTY-032,2024,328962,,0.0,none,0
ASM-006524,PROP-02175,CTY-032,2025,366976,328962,0.1156,none,0
ASM-006525,PROP-02175,CTY-032,2026,411658,366976,0.1218,none,0
ASM-006526,PROP-02176,CTY-032,2024,270436,,0.0,none,0
ASM-006527,PROP-02176,CTY-032,2025,288808,270436,0.0679,none,0
ASM-006528,PROP-02176,CTY-032,2026,303405,288808,0.0505,none,0
ASM-006529,PROP-02177,CTY-032,2024,326998,,0.0,none,0
ASM-006530,PROP-02177,CTY-032,2025,347269,326998,0.062,none,0
ASM-006531,PROP-02177,CTY-032,2026,385763,347269,0.1108,none,0
ASM-006532,PROP-02178,CTY-032,2024,401867,,0.0,none,0
ASM-006533,PROP-02178,CTY-032,2025,436111,401867,0.0852,none,0
ASM-006534,PROP-02178,CTY-032,2026,469822,436111,0.0773,none,0
ASM-006535,PROP-02179,CTY-032,2024,318533,,0.0,none,0
ASM-006536,PROP-02179,CTY-032,2025,355251,318533,0.1153,none,0
ASM-006537,PROP-02179,CTY-032,2026,397831,355251,0.1199,none,0
ASM-006538,PROP-02180,CTY-032,2024,284828,,0.0,none,0
ASM-006539,PROP-02180,CTY-032,2025,314807,284828,0.1053,none,0
ASM-006540,PROP-02180,CTY-032,2026,333082,314807,0.0581,none,0
ASM-006541,PROP-02181,CTY-032,2024,303897,,0.0,none,0
ASM-006542,PROP-02181,CTY-032,2025,335906,303897,0.1053,none,0
ASM-006543,PROP-02181,CTY-032,2026,374556,335906,0.1151,filed,0
ASM-006544,PROP-02182,CTY-032,2024,297879,,0.0,none,0
ASM-006545,PROP-02182,CTY-032,2025,323474,297879,0.0859,none,0
ASM-006546,PROP-02182,CTY-032,2026,346326,323474,0.0706,none,0
ASM-006547,PROP-02183,CTY-032,2024,316635,,0.0,none,0
ASM-006548,PROP-02183,CTY-032,2025,349045,316635,0.1024,none,0
ASM-006549,PROP-02183,CTY-032,2026,376014,349045,0.0773,none,0
ASM-006550,PROP-02184,CTY-032,2024,238677,,0.0,none,0
ASM-006551,PROP-02184,CTY-032,2025,264385,238677,0.1077,won,25117
ASM-006552,PROP-02184,CTY-032,2026,295359,264385,0.1172,none,0
ASM-006553,PROP-02185,CTY-032,2024,309685,,0.0,none,0
ASM-006554,PROP-02185,CTY-032,2025,343084,309685,0.1078,none,0
ASM-006555,PROP-02185,CTY-032,2026,368355,343084,0.0737,none,0
ASM-006556,PROP-02186,CTY-032,2024,266364,,0.0,none,0
ASM-006557,PROP-02186,CTY-032,2025,291689,266364,0.0951,none,0
ASM-006558,PROP-02186,CTY-032,2026,317419,291689,0.0882,none,0
ASM-006559,PROP-02187,CTY-032,2024,330312,,0.0,none,0
ASM-006560,PROP-02187,CTY-032,2025,368792,330312,0.1165,none,0
ASM-006561,PROP-02187,CTY-032,2026,412968,368792,0.1198,lost,0
ASM-006562,PROP-02188,CTY-032,2024,349359,,0.0,none,0
ASM-006563,PROP-02188,CTY-032,2025,372384,349359,0.0659,none,0
ASM-006564,PROP-02188,CTY-032,2026,403983,372384,0.0849,none,0
ASM-006565,PROP-02189,CTY-032,2024,356565,,0.0,none,0
ASM-006566,PROP-02189,CTY-032,2025,374639,356565,0.0507,none,0
ASM-006567,PROP-02189,CTY-032,2026,408044,374639,0.0892,none,0
ASM-006568,PROP-02190,CTY-032,2024,253670,,0.0,none,0
ASM-006569,PROP-02190,CTY-032,2025,270715,253670,0.0672,none,0
ASM-006570,PROP-02190,CTY-032,2026,300144,270715,0.1087,none,0
ASM-006571,PROP-02191,CTY-032,2024,281714,,0.0,none,0
ASM-006572,PROP-02191,CTY-032,2025,312426,281714,0.109,none,0
ASM-006573,PROP-02191,CTY-032,2026,342650,312426,0.0967,won,24373
ASM-006574,PROP-02192,CTY-032,2024,336813,,0.0,none,0
ASM-006575,PROP-02192,CTY-032,2025,368822,336813,0.095,none,0
ASM-006576,PROP-02192,CTY-032,2026,397176,368822,0.0769,none,0
ASM-006577,PROP-02193,CTY-032,2024,322594,,0.0,none,0
ASM-006578,PROP-02193,CTY-032,2025,352883,322594,0.0939,none,0
ASM-006579,PROP-02193,CTY-032,2026,372299,352883,0.055,none,0
ASM-006580,PROP-02194,CTY-032,2024,288504,,0.0,none,0
ASM-006581,PROP-02194,CTY-032,2025,303736,288504,0.0528,none,0
ASM-006582,PROP-02194,CTY-032,2026,338296,303736,0.1138,none,0
ASM-006583,PROP-02195,CTY-032,2024,345055,,0.0,none,0
ASM-006584,PROP-02195,CTY-032,2025,385863,345055,0.1183,none,0
ASM-006585,PROP-02195,CTY-032,2026,417714,385863,0.0825,none,0
ASM-006586,PROP-02196,CTY-032,2024,323837,,0.0,none,0
ASM-006587,PROP-02196,CTY-032,2025,357991,323837,0.1055,won,31936
ASM-006588,PROP-02196,CTY-032,2026,401701,357991,0.1221,none,0
ASM-006589,PROP-02197,CTY-032,2024,225862,,0.0,none,0
ASM-006590,PROP-02197,CTY-032,2025,247334,225862,0.0951,none,0
ASM-006591,PROP-02197,CTY-032,2026,274163,247334,0.1085,none,0
ASM-006592,PROP-02198,CTY-032,2024,332264,,0.0,none,0
ASM-006593,PROP-02198,CTY-032,2025,354148,332264,0.0659,none,0
ASM-006594,PROP-02198,CTY-032,2026,379956,354148,0.0729,none,0
ASM-006595,PROP-02199,CTY-032,2024,274472,,0.0,none,0
ASM-006596,PROP-02199,CTY-032,2025,298024,274472,0.0858,none,0
ASM-006597,PROP-02199,CTY-032,2026,325349,298024,0.0917,won,34110
ASM-006598,PROP-02200,CTY-032,2024,338667,,0.0,none,0
ASM-006599,PROP-02200,CTY-032,2025,367382,338667,0.0848,none,0
ASM-006600,PROP-02200,CTY-032,2026,389919,367382,0.0613,none,0
ASM-006601,PROP-02201,CTY-032,2024,320213,,0.0,none,0
ASM-006602,PROP-02201,CTY-032,2025,342421,320213,0.0694,none,0
ASM-006603,PROP-02201,CTY-032,2026,376733,342421,0.1002,filed,0
ASM-006604,PROP-02202,CTY-032,2024,408804,,0.0,none,0
ASM-006605,PROP-02202,CTY-032,2025,429602,408804,0.0509,none,0
ASM-006606,PROP-02202,CTY-032,2026,459537,429602,0.0697,none,0
ASM-006607,PROP-02203,CTY-032,2024,315779,,0.0,none,0
ASM-006608,PROP-02203,CTY-032,2025,341993,315779,0.083,none,0
ASM-006609,PROP-02203,CTY-032,2026,359986,341993,0.0526,none,0
ASM-006610,PROP-02204,CTY-032,2024,300209,,0.0,none,0
ASM-006611,PROP-02204,CTY-032,2025,332969,300209,0.1091,none,0
ASM-006612,PROP-02204,CTY-032,2026,370997,332969,0.1142,won,12661
ASM-006613,PROP-02205,CTY-032,2024,325596,,0.0,none,0
ASM-006614,PROP-02205,CTY-032,2025,355620,325596,0.0922,none,0
ASM-006615,PROP-02205,CTY-032,2026,381100,355620,0.0716,none,0
ASM-006616,PROP-02206,CTY-032,2024,295895,,0.0,none,0
ASM-006617,PROP-02206,CTY-032,2025,328934,295895,0.1117,none,0
ASM-006618,PROP-02206,CTY-032,2026,363398,328934,0.1048,filed,0
ASM-006619,PROP-02207,CTY-032,2024,358148,,0.0,none,0
ASM-006620,PROP-02207,CTY-032,2025,400957,358148,0.1195,filed,0
ASM-006621,PROP-02207,CTY-032,2026,439399,400957,0.0959,filed,0
ASM-006622,PROP-02208,CTY-032,2024,366128,,0.0,none,0
ASM-006623,PROP-02208,CTY-032,2025,404418,366128,0.1046,none,0
ASM-006624,PROP-02208,CTY-032,2026,439550,404418,0.0869,none,0
ASM-006625,PROP-02209,CTY-032,2024,264796,,0.0,none,0
ASM-006626,PROP-02209,CTY-032,2025,284531,264796,0.0745,none,0
ASM-006627,PROP-02209,CTY-032,2026,300451,284531,0.056,none,0
ASM-006628,PROP-02210,CTY-032,2024,312535,,0.0,none,0
ASM-006629,PROP-02210,CTY-032,2025,337611,312535,0.0802,none,0
ASM-006630,PROP-02210,CTY-032,2026,361139,337611,0.0697,none,0
ASM-006631,PROP-02211,CTY-032,2024,308421,,0.0,none,0
ASM-006632,PROP-02211,CTY-032,2025,345762,308421,0.1211,none,0
ASM-006633,PROP-02211,CTY-032,2026,386785,345762,0.1186,won,37695
ASM-006634,PROP-02212,CTY-032,2024,342680,,0.0,none,0
ASM-006635,PROP-02212,CTY-032,2025,364475,342680,0.0636,none,0
ASM-006636,PROP-02212,CTY-032,2026,391778,364475,0.0749,none,0
ASM-006637,PROP-02213,CTY-032,2024,333188,,0.0,none,0
ASM-006638,PROP-02213,CTY-032,2025,351624,333188,0.0553,none,0
ASM-006639,PROP-02213,CTY-032,2026,379170,351624,0.0783,none,0
ASM-006640,PROP-02214,CTY-032,2024,341769,,0.0,none,0
ASM-006641,PROP-02214,CTY-032,2025,376682,341769,0.1022,none,0
ASM-006642,PROP-02214,CTY-032,2026,418321,376682,0.1105,none,0
ASM-006643,PROP-02215,CTY-032,2024,332428,,0.0,none,0
ASM-006644,PROP-02215,CTY-032,2025,350269,332428,0.0537,none,0
ASM-006645,PROP-02215,CTY-032,2026,390174,350269,0.1139,lost,0
ASM-006646,PROP-02216,CTY-032,2024,283976,,0.0,none,0
ASM-006647,PROP-02216,CTY-032,2025,302022,283976,0.0635,none,0
ASM-006648,PROP-02216,CTY-032,2026,323554,302022,0.0713,none,0
ASM-006649,PROP-02217,CTY-032,2024,309523,,0.0,none,0
ASM-006650,PROP-02217,CTY-032,2025,325173,309523,0.0506,none,0
ASM-006651,PROP-02217,CTY-032,2026,361214,325173,0.1108,filed,0
ASM-006652,PROP-02218,CTY-032,2024,268690,,0.0,none,0
ASM-006653,PROP-02218,CTY-032,2025,298336,268690,0.1103,none,0
ASM-006654,PROP-02218,CTY-032,2026,318486,298336,0.0675,none,0
ASM-006655,PROP-02219,CTY-032,2024,261541,,0.0,none,0
ASM-006656,PROP-02219,CTY-032,2025,279759,261541,0.0697,none,0
ASM-006657,PROP-02219,CTY-032,2026,305599,279759,0.0924,won,12631
ASM-006658,PROP-02220,CTY-032,2024,312118,,0.0,none,0
ASM-006659,PROP-02220,CTY-032,2025,349860,312118,0.1209,filed,0
ASM-006660,PROP-02220,CTY-032,2026,379342,349860,0.0843,none,0
ASM-006661,PROP-02221,CTY-032,2024,384725,,0.0,none,0
ASM-006662,PROP-02221,CTY-032,2025,403929,384725,0.0499,none,0
ASM-006663,PROP-02221,CTY-032,2026,443074,403929,0.0969,filed,0
ASM-006664,PROP-02222,CTY-032,2024,317148,,0.0,none,0
ASM-006665,PROP-02222,CTY-032,2025,336073,317148,0.0597,none,0
ASM-006666,PROP-02222,CTY-032,2026,352863,336073,0.05,none,0
ASM-006667,PROP-02223,CTY-032,2024,345986,,0.0,none,0
ASM-006668,PROP-02223,CTY-032,2025,370340,345986,0.0704,none,0
ASM-006669,PROP-02223,CTY-032,2026,397422,370340,0.0731,none,0
ASM-006670,PROP-02224,CTY-032,2024,283817,,0.0,none,0
ASM-006671,PROP-02224,CTY-032,2025,301935,283817,0.0638,none,0
ASM-006672,PROP-02224,CTY-032,2026,322644,301935,0.0686,none,0
ASM-006673,PROP-02225,CTY-032,2024,356840,,0.0,none,0
ASM-006674,PROP-02225,CTY-032,2025,397672,356840,0.1144,none,0
ASM-006675,PROP-02225,CTY-032,2026,444637,397672,0.1181,none,0
ASM-006676,PROP-02226,CTY-032,2024,303664,,0.0,none,0
ASM-006677,PROP-02226,CTY-032,2025,332975,303664,0.0965,none,0
ASM-006678,PROP-02226,CTY-032,2026,355063,332975,0.0663,none,0
ASM-006679,PROP-02227,CTY-032,2024,349028,,0.0,none,0
ASM-006680,PROP-02227,CTY-032,2025,374498,349028,0.073,none,0
ASM-006681,PROP-02227,CTY-032,2026,402954,374498,0.076,none,0
ASM-006682,PROP-02228,CTY-032,2024,365895,,0.0,none,0
ASM-006683,PROP-02228,CTY-032,2025,407188,365895,0.1129,none,0
ASM-006684,PROP-02228,CTY-032,2026,440194,407188,0.0811,none,0
ASM-006685,PROP-02229,CTY-032,2024,315115,,0.0,none,0
ASM-006686,PROP-02229,CTY-032,2025,340209,315115,0.0796,none,0
ASM-006687,PROP-02229,CTY-032,2026,363507,340209,0.0685,none,0
ASM-006688,PROP-02230,CTY-032,2024,332465,,0.0,none,0
ASM-006689,PROP-02230,CTY-032,2025,370524,332465,0.1145,none,0
ASM-006690,PROP-02230,CTY-032,2026,396115,370524,0.0691,none,0
ASM-006691,PROP-02231,CTY-032,2024,304119,,0.0,none,0
ASM-006692,PROP-02231,CTY-032,2025,323047,304119,0.0622,none,0
ASM-006693,PROP-02231,CTY-032,2026,352166,323047,0.0901,none,0
ASM-006694,PROP-02232,CTY-032,2024,432598,,0.0,none,0
ASM-006695,PROP-02232,CTY-032,2025,480907,432598,0.1117,none,0
ASM-006696,PROP-02232,CTY-032,2026,519314,480907,0.0799,none,0
ASM-006697,PROP-02233,CTY-032,2024,299450,,0.0,none,0
ASM-006698,PROP-02233,CTY-032,2025,322117,299450,0.0757,none,0
ASM-006699,PROP-02233,CTY-032,2026,343649,322117,0.0668,none,0
ASM-006700,PROP-02234,CTY-032,2024,302938,,0.0,none,0
ASM-006701,PROP-02234,CTY-032,2025,319936,302938,0.0561,none,0
ASM-006702,PROP-02234,CTY-032,2026,341336,319936,0.0669,none,0
ASM-006703,PROP-02235,CTY-032,2024,321369,,0.0,none,0
ASM-006704,PROP-02235,CTY-032,2025,353274,321369,0.0993,none,0
ASM-006705,PROP-02235,CTY-032,2026,382892,353274,0.0838,none,0
ASM-006706,PROP-02236,CTY-032,2024,349951,,0.0,none,0
ASM-006707,PROP-02236,CTY-032,2025,387562,349951,0.1075,none,0
ASM-006708,PROP-02236,CTY-032,2026,420027,387562,0.0838,none,0
ASM-006709,PROP-02237,CTY-032,2024,252257,,0.0,none,0
ASM-006710,PROP-02237,CTY-032,2025,272276,252257,0.0794,none,0
ASM-006711,PROP-02237,CTY-032,2026,299532,272276,0.1001,none,0
ASM-006712,PROP-02238,CTY-032,2024,337024,,0.0,none,0
ASM-006713,PROP-02238,CTY-032,2025,367615,337024,0.0908,lost,0
ASM-006714,PROP-02238,CTY-032,2026,412063,367615,0.1209,none,0
ASM-006715,PROP-02239,CTY-032,2024,263891,,0.0,none,0
ASM-006716,PROP-02239,CTY-032,2025,278544,263891,0.0555,none,0
ASM-006717,PROP-02239,CTY-032,2026,310715,278544,0.1155,none,0
ASM-006718,PROP-02240,CTY-032,2024,255883,,0.0,none,0
ASM-006719,PROP-02240,CTY-032,2025,282377,255883,0.1035,none,0
ASM-006720,PROP-02240,CTY-032,2026,301279,282377,0.0669,none,0
ASM-006721,PROP-02241,CTY-032,2024,340840,,0.0,none,0
ASM-006722,PROP-02241,CTY-032,2025,368233,340840,0.0804,none,0
ASM-006723,PROP-02241,CTY-032,2026,391477,368233,0.0631,none,0
ASM-006724,PROP-02242,CTY-034,2024,345425,,0.0,none,0
ASM-006725,PROP-02242,CTY-034,2025,377093,345425,0.0917,none,0
ASM-006726,PROP-02242,CTY-034,2026,406882,377093,0.079,none,0
ASM-006727,PROP-02243,CTY-034,2024,384619,,0.0,none,0
ASM-006728,PROP-02243,CTY-034,2025,420772,384619,0.094,won,28456
ASM-006729,PROP-02243,CTY-034,2026,439573,420772,0.0447,none,0
ASM-006730,PROP-02244,CTY-034,2024,370520,,0.0,none,0
ASM-006731,PROP-02244,CTY-034,2025,399766,370520,0.0789,none,0
ASM-006732,PROP-02244,CTY-034,2026,430417,399766,0.0767,none,0
ASM-006733,PROP-02245,CTY-034,2024,373546,,0.0,none,0
ASM-006734,PROP-02245,CTY-034,2025,399380,373546,0.0692,none,0
ASM-006735,PROP-02245,CTY-034,2026,425524,399380,0.0655,none,0
ASM-006736,PROP-02246,CTY-034,2024,397152,,0.0,none,0
ASM-006737,PROP-02246,CTY-034,2025,416873,397152,0.0497,none,0
ASM-006738,PROP-02246,CTY-034,2026,446423,416873,0.0709,none,0
ASM-006739,PROP-02247,CTY-034,2024,298394,,0.0,none,0
ASM-006740,PROP-02247,CTY-034,2025,312552,298394,0.0474,none,0
ASM-006741,PROP-02247,CTY-034,2026,328488,312552,0.051,none,0
ASM-006742,PROP-02248,CTY-034,2024,378720,,0.0,none,0
ASM-006743,PROP-02248,CTY-034,2025,406102,378720,0.0723,none,0
ASM-006744,PROP-02248,CTY-034,2026,444627,406102,0.0949,none,0
ASM-006745,PROP-02249,CTY-034,2024,334874,,0.0,none,0
ASM-006746,PROP-02249,CTY-034,2025,366055,334874,0.0931,filed,0
ASM-006747,PROP-02249,CTY-034,2026,387655,366055,0.059,none,0
ASM-006748,PROP-02250,CTY-034,2024,383118,,0.0,none,0
ASM-006749,PROP-02250,CTY-034,2025,406505,383118,0.061,none,0
ASM-006750,PROP-02250,CTY-034,2026,434850,406505,0.0697,none,0
ASM-006751,PROP-02251,CTY-034,2024,300501,,0.0,none,0
ASM-006752,PROP-02251,CTY-034,2025,313164,300501,0.0421,none,0
ASM-006753,PROP-02251,CTY-034,2026,334393,313164,0.0678,none,0
ASM-006754,PROP-02252,CTY-034,2024,323566,,0.0,none,0
ASM-006755,PROP-02252,CTY-034,2025,342647,323566,0.059,none,0
ASM-006756,PROP-02252,CTY-034,2026,361788,342647,0.0559,none,0
ASM-006757,PROP-02253,CTY-034,2024,398594,,0.0,none,0
ASM-006758,PROP-02253,CTY-034,2025,424323,398594,0.0645,none,0
ASM-006759,PROP-02253,CTY-034,2026,451173,424323,0.0633,none,0
ASM-006760,PROP-02254,CTY-034,2024,291338,,0.0,none,0
ASM-006761,PROP-02254,CTY-034,2025,317453,291338,0.0896,none,0
ASM-006762,PROP-02254,CTY-034,2026,338024,317453,0.0648,none,0
ASM-006763,PROP-02255,CTY-034,2024,308925,,0.0,none,0
ASM-006764,PROP-02255,CTY-034,2025,336180,308925,0.0882,none,0
ASM-006765,PROP-02255,CTY-034,2026,366750,336180,0.0909,none,0
ASM-006766,PROP-02256,CTY-034,2024,401999,,0.0,none,0
ASM-006767,PROP-02256,CTY-034,2025,435162,401999,0.0825,none,0
ASM-006768,PROP-02256,CTY-034,2026,463080,435162,0.0642,none,0
ASM-006769,PROP-02257,CTY-034,2024,337230,,0.0,none,0
ASM-006770,PROP-02257,CTY-034,2025,351455,337230,0.0422,none,0
ASM-006771,PROP-02257,CTY-034,2026,373169,351455,0.0618,none,0
ASM-006772,PROP-02258,CTY-034,2024,308162,,0.0,none,0
ASM-006773,PROP-02258,CTY-034,2025,326214,308162,0.0586,none,0
ASM-006774,PROP-02258,CTY-034,2026,355040,326214,0.0884,none,0
ASM-006775,PROP-02259,CTY-034,2024,292485,,0.0,none,0
ASM-006776,PROP-02259,CTY-034,2025,316696,292485,0.0828,none,0
ASM-006777,PROP-02259,CTY-034,2026,338998,316696,0.0704,none,0
ASM-006778,PROP-02260,CTY-035,2024,580051,,0.0,none,0
ASM-006779,PROP-02260,CTY-035,2025,593122,580051,0.0225,none,0
ASM-006780,PROP-02260,CTY-035,2026,610896,593122,0.03,none,0
ASM-006781,PROP-02261,CTY-035,2024,711533,,0.0,none,0
ASM-006782,PROP-02261,CTY-035,2025,728724,711533,0.0242,none,0
ASM-006783,PROP-02261,CTY-035,2026,737895,728724,0.0126,none,0
ASM-006784,PROP-02262,CTY-035,2024,675426,,0.0,none,0
ASM-006785,PROP-02262,CTY-035,2025,689540,675426,0.0209,none,0
ASM-006786,PROP-02262,CTY-035,2026,703237,689540,0.0199,none,0
ASM-006787,PROP-02263,CTY-035,2024,654043,,0.0,none,0
ASM-006788,PROP-02263,CTY-035,2025,669516,654043,0.0237,none,0
ASM-006789,PROP-02263,CTY-035,2026,684662,669516,0.0226,none,0
ASM-006790,PROP-02264,CTY-035,2024,712993,,0.0,none,0
ASM-006791,PROP-02264,CTY-035,2025,723927,712993,0.0153,none,0
ASM-006792,PROP-02264,CTY-035,2026,734892,723927,0.0151,none,0
ASM-006793,PROP-02265,CTY-035,2024,727388,,0.0,none,0
ASM-006794,PROP-02265,CTY-035,2025,745097,727388,0.0243,none,0
ASM-006795,PROP-02265,CTY-035,2026,759427,745097,0.0192,none,0
ASM-006796,PROP-02266,CTY-035,2024,683498,,0.0,none,0
ASM-006797,PROP-02266,CTY-035,2025,695976,683498,0.0183,none,0
ASM-006798,PROP-02266,CTY-035,2026,709573,695976,0.0195,none,0
ASM-006799,PROP-02267,CTY-035,2024,763284,,0.0,none,0
ASM-006800,PROP-02267,CTY-035,2025,782497,763284,0.0252,none,0
ASM-006801,PROP-02267,CTY-035,2026,794775,782497,0.0157,none,0
ASM-006802,PROP-02268,CTY-035,2024,706712,,0.0,none,0
ASM-006803,PROP-02268,CTY-035,2025,722901,706712,0.0229,none,0
ASM-006804,PROP-02268,CTY-035,2026,738940,722901,0.0222,none,0
ASM-006805,PROP-02269,CTY-035,2024,649491,,0.0,none,0
ASM-006806,PROP-02269,CTY-035,2025,662153,649491,0.0195,none,0
ASM-006807,PROP-02269,CTY-035,2026,673928,662153,0.0178,none,0
ASM-006808,PROP-02270,CTY-035,2024,710966,,0.0,none,0
ASM-006809,PROP-02270,CTY-035,2025,725400,710966,0.0203,none,0
ASM-006810,PROP-02270,CTY-035,2026,741597,725400,0.0223,none,0
ASM-006811,PROP-02271,CTY-035,2024,696025,,0.0,none,0
ASM-006812,PROP-02271,CTY-035,2025,710137,696025,0.0203,none,0
ASM-006813,PROP-02271,CTY-035,2026,723097,710137,0.0182,none,0
ASM-006814,PROP-02272,CTY-035,2024,617130,,0.0,none,0
ASM-006815,PROP-02272,CTY-035,2025,631952,617130,0.024,none,0
ASM-006816,PROP-02272,CTY-035,2026,644449,631952,0.0198,none,0
ASM-006817,PROP-02273,CTY-035,2024,545371,,0.0,none,0
ASM-006818,PROP-02273,CTY-035,2025,555886,545371,0.0193,none,0
ASM-006819,PROP-02273,CTY-035,2026,566311,555886,0.0188,none,0
ASM-006820,PROP-02274,CTY-035,2024,695331,,0.0,none,0
ASM-006821,PROP-02274,CTY-035,2025,715752,695331,0.0294,none,0
ASM-006822,PROP-02274,CTY-035,2026,728218,715752,0.0174,none,0
ASM-006823,PROP-02275,CTY-035,2024,689604,,0.0,none,0
ASM-006824,PROP-02275,CTY-035,2025,699487,689604,0.0143,none,0
ASM-006825,PROP-02275,CTY-035,2026,708381,699487,0.0127,none,0
ASM-006826,PROP-02276,CTY-035,2024,694767,,0.0,none,0
ASM-006827,PROP-02276,CTY-035,2025,706845,694767,0.0174,none,0
ASM-006828,PROP-02276,CTY-035,2026,725240,706845,0.026,none,0
ASM-006829,PROP-02277,CTY-035,2024,721880,,0.0,none,0
ASM-006830,PROP-02277,CTY-035,2025,734172,721880,0.017,none,0
ASM-006831,PROP-02277,CTY-035,2026,743945,734172,0.0133,none,0
ASM-006832,PROP-02278,CTY-035,2024,658795,,0.0,none,0
ASM-006833,PROP-02278,CTY-035,2025,673388,658795,0.0222,none,0
ASM-006834,PROP-02278,CTY-035,2026,686696,673388,0.0198,none,0
ASM-006835,PROP-02279,CTY-035,2024,618433,,0.0,none,0
ASM-006836,PROP-02279,CTY-035,2025,629485,618433,0.0179,none,0
ASM-006837,PROP-02279,CTY-035,2026,640085,629485,0.0168,none,0
ASM-006838,PROP-02280,CTY-035,2024,756210,,0.0,none,0
ASM-006839,PROP-02280,CTY-035,2025,769451,756210,0.0175,none,0
ASM-006840,PROP-02280,CTY-035,2026,791984,769451,0.0293,none,0
ASM-006841,PROP-02281,CTY-035,2024,603169,,0.0,none,0
ASM-006842,PROP-02281,CTY-035,2025,612073,603169,0.0148,none,0
ASM-006843,PROP-02281,CTY-035,2026,625857,612073,0.0225,none,0
ASM-006844,PROP-02282,CTY-035,2024,768753,,0.0,none,0
ASM-006845,PROP-02282,CTY-035,2025,779613,768753,0.0141,none,0
ASM-006846,PROP-02282,CTY-035,2026,802192,779613,0.029,none,0
ASM-006847,PROP-02283,CTY-035,2024,564909,,0.0,none,0
ASM-006848,PROP-02283,CTY-035,2025,572632,564909,0.0137,none,0
ASM-006849,PROP-02283,CTY-035,2026,581593,572632,0.0156,none,0
ASM-006850,PROP-02284,CTY-035,2024,717692,,0.0,none,0
ASM-006851,PROP-02284,CTY-035,2025,737393,717692,0.0275,none,0
ASM-006852,PROP-02284,CTY-035,2026,756091,737393,0.0254,none,0
ASM-006853,PROP-02285,CTY-035,2024,639875,,0.0,none,0
ASM-006854,PROP-02285,CTY-035,2025,654750,639875,0.0232,none,0
ASM-006855,PROP-02285,CTY-035,2026,666525,654750,0.018,none,0
ASM-006856,PROP-02286,CTY-035,2024,639376,,0.0,none,0
ASM-006857,PROP-02286,CTY-035,2025,652791,639376,0.021,none,0
ASM-006858,PROP-02286,CTY-035,2026,670118,652791,0.0265,none,0
ASM-006859,PROP-02287,CTY-035,2024,565496,,0.0,none,0
ASM-006860,PROP-02287,CTY-035,2025,581905,565496,0.029,none,0
ASM-006861,PROP-02287,CTY-035,2026,592711,581905,0.0186,none,0
ASM-006862,PROP-02288,CTY-035,2024,846652,,0.0,none,0
ASM-006863,PROP-02288,CTY-035,2025,857556,846652,0.0129,none,0
ASM-006864,PROP-02288,CTY-035,2026,869301,857556,0.0137,none,0
ASM-006865,PROP-02289,CTY-036,2024,383820,,0.0,none,0
ASM-006866,PROP-02289,CTY-036,2025,406051,383820,0.0579,none,0
ASM-006867,PROP-02289,CTY-036,2026,441799,406051,0.088,none,0
ASM-006868,PROP-02290,CTY-036,2024,389063,,0.0,none,0
ASM-006869,PROP-02290,CTY-036,2025,417725,389063,0.0737,none,0
ASM-006870,PROP-02290,CTY-036,2026,455531,417725,0.0905,none,0
ASM-006871,PROP-02291,CTY-036,2024,438859,,0.0,none,0
ASM-006872,PROP-02291,CTY-036,2025,460914,438859,0.0503,none,0
ASM-006873,PROP-02291,CTY-036,2026,496809,460914,0.0779,none,0
ASM-006874,PROP-02292,CTY-036,2024,405482,,0.0,none,0
ASM-006875,PROP-02292,CTY-036,2025,440230,405482,0.0857,none,0
ASM-006876,PROP-02292,CTY-036,2026,471644,440230,0.0714,none,0
ASM-006877,PROP-02293,CTY-036,2024,335198,,0.0,none,0
ASM-006878,PROP-02293,CTY-036,2025,357913,335198,0.0678,none,0
ASM-006879,PROP-02293,CTY-036,2026,384492,357913,0.0743,none,0
ASM-006880,PROP-02294,CTY-036,2024,301927,,0.0,none,0
ASM-006881,PROP-02294,CTY-036,2025,316423,301927,0.048,none,0
ASM-006882,PROP-02294,CTY-036,2026,329627,316423,0.0417,none,0
ASM-006883,PROP-02295,CTY-036,2024,365518,,0.0,none,0
ASM-006884,PROP-02295,CTY-036,2025,386531,365518,0.0575,none,0
ASM-006885,PROP-02295,CTY-036,2026,401367,386531,0.0384,none,0
ASM-006886,PROP-02296,CTY-036,2024,308118,,0.0,none,0
ASM-006887,PROP-02296,CTY-036,2025,327282,308118,0.0622,none,0
ASM-006888,PROP-02296,CTY-036,2026,355310,327282,0.0856,none,0
ASM-006889,PROP-02297,CTY-036,2024,370471,,0.0,none,0
ASM-006890,PROP-02297,CTY-036,2025,389184,370471,0.0505,none,0
ASM-006891,PROP-02297,CTY-036,2026,413918,389184,0.0636,none,0
ASM-006892,PROP-02298,CTY-036,2024,334518,,0.0,none,0
ASM-006893,PROP-02298,CTY-036,2025,362729,334518,0.0843,none,0
ASM-006894,PROP-02298,CTY-036,2026,388618,362729,0.0714,none,0
ASM-006895,PROP-02299,CTY-036,2024,387571,,0.0,none,0
ASM-006896,PROP-02299,CTY-036,2025,414680,387571,0.0699,none,0
ASM-006897,PROP-02299,CTY-036,2026,450456,414680,0.0863,none,0
ASM-006898,PROP-02300,CTY-036,2024,323726,,0.0,none,0
ASM-006899,PROP-02300,CTY-036,2025,343896,323726,0.0623,none,0
ASM-006900,PROP-02300,CTY-036,2026,368101,343896,0.0704,none,0
ASM-006901,PROP-02301,CTY-036,2024,323049,,0.0,none,0
ASM-006902,PROP-02301,CTY-036,2025,347216,323049,0.0748,none,0
ASM-006903,PROP-02301,CTY-036,2026,369635,347216,0.0646,none,0
ASM-006904,PROP-02302,CTY-036,2024,411221,,0.0,none,0
ASM-006905,PROP-02302,CTY-036,2025,443882,411221,0.0794,none,0
ASM-006906,PROP-02302,CTY-036,2026,476637,443882,0.0738,none,0
ASM-006907,PROP-02303,CTY-036,2024,360663,,0.0,none,0
ASM-006908,PROP-02303,CTY-036,2025,375192,360663,0.0403,none,0
ASM-006909,PROP-02303,CTY-036,2026,395519,375192,0.0542,none,0
ASM-006910,PROP-02304,CTY-036,2024,338883,,0.0,none,0
ASM-006911,PROP-02304,CTY-036,2025,356645,338883,0.0524,none,0
ASM-006912,PROP-02304,CTY-036,2026,388102,356645,0.0882,none,0
ASM-006913,PROP-02305,CTY-036,2024,439556,,0.0,none,0
ASM-006914,PROP-02305,CTY-036,2025,470120,439556,0.0695,none,0
ASM-006915,PROP-02305,CTY-036,2026,501883,470120,0.0676,none,0
ASM-006916,PROP-02306,CTY-036,2024,452648,,0.0,none,0
ASM-006917,PROP-02306,CTY-036,2025,470945,452648,0.0404,none,0
ASM-006918,PROP-02306,CTY-036,2026,509083,470945,0.081,none,0
ASM-006919,PROP-02307,CTY-036,2024,424383,,0.0,none,0
ASM-006920,PROP-02307,CTY-036,2025,461512,424383,0.0875,none,0
ASM-006921,PROP-02307,CTY-036,2026,502899,461512,0.0897,none,0
ASM-006922,PROP-02308,CTY-036,2024,375518,,0.0,none,0
ASM-006923,PROP-02308,CTY-036,2025,390748,375518,0.0406,none,0
ASM-006924,PROP-02308,CTY-036,2026,423505,390748,0.0838,none,0
ASM-006925,PROP-02309,CTY-036,2024,337317,,0.0,none,0
ASM-006926,PROP-02309,CTY-036,2025,363614,337317,0.078,none,0
ASM-006927,PROP-02309,CTY-036,2026,379679,363614,0.0442,none,0
ASM-006928,PROP-02310,CTY-036,2024,406582,,0.0,none,0
ASM-006929,PROP-02310,CTY-036,2025,429249,406582,0.0558,none,0
ASM-006930,PROP-02310,CTY-036,2026,467757,429249,0.0897,none,0
ASM-006931,PROP-02311,CTY-036,2024,368124,,0.0,none,0
ASM-006932,PROP-02311,CTY-036,2025,386617,368124,0.0502,none,0
ASM-006933,PROP-02311,CTY-036,2026,408723,386617,0.0572,none,0
ASM-006934,PROP-02312,CTY-036,2024,383273,,0.0,none,0
ASM-006935,PROP-02312,CTY-036,2025,413415,383273,0.0786,none,0
ASM-006936,PROP-02312,CTY-036,2026,430594,413415,0.0416,none,0
ASM-006937,PROP-02313,CTY-036,2024,402636,,0.0,none,0
ASM-006938,PROP-02313,CTY-036,2025,420625,402636,0.0447,none,0
ASM-006939,PROP-02313,CTY-036,2026,448282,420625,0.0658,none,0
ASM-006940,PROP-02314,CTY-036,2024,339583,,0.0,none,0
ASM-006941,PROP-02314,CTY-036,2025,356654,339583,0.0503,none,0
ASM-006942,PROP-02314,CTY-036,2026,386373,356654,0.0833,none,0
ASM-006943,PROP-02315,CTY-036,2024,321342,,0.0,none,0
ASM-006944,PROP-02315,CTY-036,2025,334070,321342,0.0396,none,0
ASM-006945,PROP-02315,CTY-036,2026,361503,334070,0.0821,none,0
ASM-006946,PROP-02316,CTY-036,2024,370586,,0.0,none,0
ASM-006947,PROP-02316,CTY-036,2025,399486,370586,0.078,none,0
ASM-006948,PROP-02316,CTY-036,2026,425591,399486,0.0653,none,0
ASM-006949,PROP-02317,CTY-036,2024,368925,,0.0,none,0
ASM-006950,PROP-02317,CTY-036,2025,390049,368925,0.0573,none,0
ASM-006951,PROP-02317,CTY-036,2026,416148,390049,0.0669,none,0
ASM-006952,PROP-02318,CTY-036,2024,286642,,0.0,none,0
ASM-006953,PROP-02318,CTY-036,2025,308524,286642,0.0763,none,0
ASM-006954,PROP-02318,CTY-036,2026,336367,308524,0.0902,none,0
ASM-006955,PROP-02319,CTY-036,2024,348247,,0.0,none,0
ASM-006956,PROP-02319,CTY-036,2025,375351,348247,0.0778,none,0
ASM-006957,PROP-02319,CTY-036,2026,408475,375351,0.0882,none,0
ASM-006958,PROP-02320,CTY-036,2024,272293,,0.0,none,0
ASM-006959,PROP-02320,CTY-036,2025,296830,272293,0.0901,won,17218
ASM-006960,PROP-02320,CTY-036,2026,314381,296830,0.0591,none,0
ASM-006961,PROP-02321,CTY-036,2024,373308,,0.0,none,0
ASM-006962,PROP-02321,CTY-036,2025,398026,373308,0.0662,none,0
ASM-006963,PROP-02321,CTY-036,2026,420709,398026,0.057,none,0
ASM-006964,PROP-02322,CTY-036,2024,324288,,0.0,none,0
ASM-006965,PROP-02322,CTY-036,2025,336798,324288,0.0386,none,0
ASM-006966,PROP-02322,CTY-036,2026,353961,336798,0.051,none,0
ASM-006967,PROP-02323,CTY-036,2024,335582,,0.0,none,0
ASM-006968,PROP-02323,CTY-036,2025,349946,335582,0.0428,none,0
ASM-006969,PROP-02323,CTY-036,2026,366380,349946,0.047,none,0
ASM-006970,PROP-02324,CTY-036,2024,375557,,0.0,none,0
ASM-006971,PROP-02324,CTY-036,2025,408276,375557,0.0871,none,0
ASM-006972,PROP-02324,CTY-036,2026,444075,408276,0.0877,none,0
ASM-006973,PROP-02325,CTY-036,2024,318065,,0.0,none,0
ASM-006974,PROP-02325,CTY-036,2025,347788,318065,0.0934,none,0
ASM-006975,PROP-02325,CTY-036,2026,362292,347788,0.0417,none,0
ASM-006976,PROP-02326,CTY-037,2024,408843,,0.0,none,0
ASM-006977,PROP-02326,CTY-037,2025,427384,408843,0.0453,none,0
ASM-006978,PROP-02326,CTY-037,2026,453394,427384,0.0609,none,0
ASM-006979,PROP-02327,CTY-037,2024,449164,,0.0,none,0
ASM-006980,PROP-02327,CTY-037,2025,482153,449164,0.0734,none,0
ASM-006981,PROP-02327,CTY-037,2026,514282,482153,0.0666,none,0
ASM-006982,PROP-02328,CTY-037,2024,383627,,0.0,none,0
ASM-006983,PROP-02328,CTY-037,2025,405223,383627,0.0563,none,0
ASM-006984,PROP-02328,CTY-037,2026,432325,405223,0.0669,none,0
ASM-006985,PROP-02329,CTY-037,2024,411492,,0.0,none,0
ASM-006986,PROP-02329,CTY-037,2025,441879,411492,0.0738,none,0
ASM-006987,PROP-02329,CTY-037,2026,471798,441879,0.0677,none,0
ASM-006988,PROP-02330,CTY-037,2024,371432,,0.0,none,0
ASM-006989,PROP-02330,CTY-037,2025,398549,371432,0.073,none,0
ASM-006990,PROP-02330,CTY-037,2026,415919,398549,0.0436,none,0
ASM-006991,PROP-02331,CTY-037,2024,397992,,0.0,none,0
ASM-006992,PROP-02331,CTY-037,2025,415907,397992,0.045,none,0
ASM-006993,PROP-02331,CTY-037,2026,432310,415907,0.0394,none,0
ASM-006994,PROP-02332,CTY-037,2024,448981,,0.0,none,0
ASM-006995,PROP-02332,CTY-037,2025,480863,448981,0.071,none,0
ASM-006996,PROP-02332,CTY-037,2026,501779,480863,0.0435,none,0
ASM-006997,PROP-02333,CTY-037,2024,417510,,0.0,none,0
ASM-006998,PROP-02333,CTY-037,2025,441982,417510,0.0586,none,0
ASM-006999,PROP-02333,CTY-037,2026,456894,441982,0.0337,none,0
ASM-007000,PROP-02334,CTY-037,2024,348898,,0.0,none,0
ASM-007001,PROP-02334,CTY-037,2025,361921,348898,0.0373,none,0
ASM-007002,PROP-02334,CTY-037,2026,373836,361921,0.0329,none,0
ASM-007003,PROP-02335,CTY-037,2024,324178,,0.0,none,0
ASM-007004,PROP-02335,CTY-037,2025,336746,324178,0.0388,none,0
ASM-007005,PROP-02335,CTY-037,2026,363040,336746,0.0781,none,0
ASM-007006,PROP-02336,CTY-037,2024,339173,,0.0,none,0
ASM-007007,PROP-02336,CTY-037,2025,364412,339173,0.0744,none,0
ASM-007008,PROP-02336,CTY-037,2026,384890,364412,0.0562,none,0
ASM-007009,PROP-02337,CTY-037,2024,417869,,0.0,none,0
ASM-007010,PROP-02337,CTY-037,2025,445571,417869,0.0663,none,0
ASM-007011,PROP-02337,CTY-037,2026,466713,445571,0.0474,none,0
ASM-007012,PROP-02338,CTY-037,2024,383791,,0.0,none,0
ASM-007013,PROP-02338,CTY-037,2025,406374,383791,0.0588,none,0
ASM-007014,PROP-02338,CTY-037,2026,427266,406374,0.0514,none,0
ASM-007015,PROP-02339,CTY-037,2024,340409,,0.0,none,0
ASM-007016,PROP-02339,CTY-037,2025,367047,340409,0.0783,none,0
ASM-007017,PROP-02339,CTY-037,2026,381464,367047,0.0393,none,0
ASM-007018,PROP-02340,CTY-037,2024,414665,,0.0,none,0
ASM-007019,PROP-02340,CTY-037,2025,438122,414665,0.0566,none,0
ASM-007020,PROP-02340,CTY-037,2026,454600,438122,0.0376,none,0
ASM-007021,PROP-02341,CTY-037,2024,363252,,0.0,none,0
ASM-007022,PROP-02341,CTY-037,2025,381388,363252,0.0499,none,0
ASM-007023,PROP-02341,CTY-037,2026,403845,381388,0.0589,none,0
ASM-007024,PROP-02342,CTY-037,2024,430403,,0.0,none,0
ASM-007025,PROP-02342,CTY-037,2025,446154,430403,0.0366,none,0
ASM-007026,PROP-02342,CTY-037,2026,479402,446154,0.0745,none,0
ASM-007027,PROP-02343,CTY-037,2024,355075,,0.0,none,0
ASM-007028,PROP-02343,CTY-037,2025,372892,355075,0.0502,none,0
ASM-007029,PROP-02343,CTY-037,2026,393818,372892,0.0561,none,0
ASM-007030,PROP-02344,CTY-037,2024,396457,,0.0,none,0
ASM-007031,PROP-02344,CTY-037,2025,423988,396457,0.0694,none,0
ASM-007032,PROP-02344,CTY-037,2026,457077,423988,0.078,none,0
ASM-007033,PROP-02345,CTY-037,2024,351795,,0.0,none,0
ASM-007034,PROP-02345,CTY-037,2025,365692,351795,0.0395,none,0
ASM-007035,PROP-02345,CTY-037,2026,381167,365692,0.0423,none,0
ASM-007036,PROP-02346,CTY-037,2024,370370,,0.0,none,0
ASM-007037,PROP-02346,CTY-037,2025,395315,370370,0.0674,none,0
ASM-007038,PROP-02346,CTY-037,2026,410158,395315,0.0375,none,0
ASM-007039,PROP-02347,CTY-037,2024,360164,,0.0,none,0
ASM-007040,PROP-02347,CTY-037,2025,376890,360164,0.0464,none,0
ASM-007041,PROP-02347,CTY-037,2026,393926,376890,0.0452,none,0
ASM-007042,PROP-02348,CTY-037,2024,339480,,0.0,none,0
ASM-007043,PROP-02348,CTY-037,2025,352995,339480,0.0398,none,0
ASM-007044,PROP-02348,CTY-037,2026,370727,352995,0.0502,none,0
ASM-007045,PROP-02349,CTY-037,2024,383538,,0.0,none,0
ASM-007046,PROP-02349,CTY-037,2025,412253,383538,0.0749,none,0
ASM-007047,PROP-02349,CTY-037,2026,427070,412253,0.0359,none,0
ASM-007048,PROP-02350,CTY-037,2024,453378,,0.0,none,0
ASM-007049,PROP-02350,CTY-037,2025,484433,453378,0.0685,none,0
ASM-007050,PROP-02350,CTY-037,2026,508689,484433,0.0501,none,0
ASM-007051,PROP-02351,CTY-037,2024,426100,,0.0,none,0
ASM-007052,PROP-02351,CTY-037,2025,439925,426100,0.0324,none,0
ASM-007053,PROP-02351,CTY-037,2026,456323,439925,0.0373,none,0
ASM-007054,PROP-02352,CTY-037,2024,407764,,0.0,none,0
ASM-007055,PROP-02352,CTY-037,2025,428617,407764,0.0511,none,0
ASM-007056,PROP-02352,CTY-037,2026,455688,428617,0.0632,none,0
ASM-007057,PROP-02353,CTY-037,2024,411294,,0.0,none,0
ASM-007058,PROP-02353,CTY-037,2025,428873,411294,0.0427,none,0
ASM-007059,PROP-02353,CTY-037,2026,444710,428873,0.0369,none,0
ASM-007060,PROP-02354,CTY-037,2024,458996,,0.0,none,0
ASM-007061,PROP-02354,CTY-037,2025,491211,458996,0.0702,none,0
ASM-007062,PROP-02354,CTY-037,2026,520804,491211,0.0602,none,0
ASM-007063,PROP-02355,CTY-038,2024,364472,,0.0,none,0
ASM-007064,PROP-02355,CTY-038,2025,395679,364472,0.0856,none,0
ASM-007065,PROP-02355,CTY-038,2026,425233,395679,0.0747,none,0
ASM-007066,PROP-02356,CTY-038,2024,398996,,0.0,none,0
ASM-007067,PROP-02356,CTY-038,2025,419191,398996,0.0506,none,0
ASM-007068,PROP-02356,CTY-038,2026,447027,419191,0.0664,none,0
ASM-007069,PROP-02357,CTY-038,2024,351127,,0.0,none,0
ASM-007070,PROP-02357,CTY-038,2025,369682,351127,0.0528,none,0
ASM-007071,PROP-02357,CTY-038,2026,391588,369682,0.0593,none,0
ASM-007072,PROP-02358,CTY-038,2024,427277,,0.0,none,0
ASM-007073,PROP-02358,CTY-038,2025,450248,427277,0.0538,none,0
ASM-007074,PROP-02358,CTY-038,2026,469165,450248,0.042,none,0
ASM-007075,PROP-02359,CTY-038,2024,395466,,0.0,none,0
ASM-007076,PROP-02359,CTY-038,2025,421566,395466,0.066,none,0
ASM-007077,PROP-02359,CTY-038,2026,449281,421566,0.0657,none,0
ASM-007078,PROP-02360,CTY-038,2024,332234,,0.0,none,0
ASM-007079,PROP-02360,CTY-038,2025,356261,332234,0.0723,none,0
ASM-007080,PROP-02360,CTY-038,2026,382163,356261,0.0727,none,0
ASM-007081,PROP-02361,CTY-038,2024,418924,,0.0,none,0
ASM-007082,PROP-02361,CTY-038,2025,436678,418924,0.0424,none,0
ASM-007083,PROP-02361,CTY-038,2026,469355,436678,0.0748,none,0
ASM-007084,PROP-02362,CTY-038,2024,387342,,0.0,none,0
ASM-007085,PROP-02362,CTY-038,2025,417520,387342,0.0779,none,0
ASM-007086,PROP-02362,CTY-038,2026,446335,417520,0.069,none,0
ASM-007087,PROP-02363,CTY-038,2024,336457,,0.0,none,0
ASM-007088,PROP-02363,CTY-038,2025,354404,336457,0.0533,none,0
ASM-007089,PROP-02363,CTY-038,2026,378726,354404,0.0686,none,0
ASM-007090,PROP-02364,CTY-038,2024,428460,,0.0,none,0
ASM-007091,PROP-02364,CTY-038,2025,461490,428460,0.0771,none,0
ASM-007092,PROP-02364,CTY-038,2026,496965,461490,0.0769,none,0
ASM-007093,PROP-02365,CTY-038,2024,413002,,0.0,none,0
ASM-007094,PROP-02365,CTY-038,2025,440692,413002,0.067,none,0
ASM-007095,PROP-02365,CTY-038,2026,478034,440692,0.0847,none,0
ASM-007096,PROP-02366,CTY-038,2024,350723,,0.0,none,0
ASM-007097,PROP-02366,CTY-038,2025,381502,350723,0.0878,none,0
ASM-007098,PROP-02366,CTY-038,2026,403041,381502,0.0565,none,0
ASM-007099,PROP-02367,CTY-038,2024,398360,,0.0,none,0
ASM-007100,PROP-02367,CTY-038,2025,433715,398360,0.0888,none,0
ASM-007101,PROP-02367,CTY-038,2026,465231,433715,0.0727,none,0
ASM-007102,PROP-02368,CTY-038,2024,415875,,0.0,none,0
ASM-007103,PROP-02368,CTY-038,2025,443547,415875,0.0665,none,0
ASM-007104,PROP-02368,CTY-038,2026,480921,443547,0.0843,none,0
ASM-007105,PROP-02369,CTY-038,2024,347691,,0.0,none,0
ASM-007106,PROP-02369,CTY-038,2025,369925,347691,0.0639,none,0
ASM-007107,PROP-02369,CTY-038,2026,385541,369925,0.0422,none,0
ASM-007108,PROP-02370,CTY-038,2024,342343,,0.0,none,0
ASM-007109,PROP-02370,CTY-038,2025,356244,342343,0.0406,none,0
ASM-007110,PROP-02370,CTY-038,2026,388007,356244,0.0892,none,0
ASM-007111,PROP-02371,CTY-038,2024,358863,,0.0,none,0
ASM-007112,PROP-02371,CTY-038,2025,382792,358863,0.0667,none,0
ASM-007113,PROP-02371,CTY-038,2026,414124,382792,0.0819,none,0
ASM-007114,PROP-02372,CTY-038,2024,365181,,0.0,none,0
ASM-007115,PROP-02372,CTY-038,2025,398383,365181,0.0909,none,0
ASM-007116,PROP-02372,CTY-038,2026,418814,398383,0.0513,none,0
ASM-007117,PROP-02373,CTY-038,2024,398807,,0.0,none,0
ASM-007118,PROP-02373,CTY-038,2025,427489,398807,0.0719,none,0
ASM-007119,PROP-02373,CTY-038,2026,455507,427489,0.0655,none,0
ASM-007120,PROP-02374,CTY-038,2024,356513,,0.0,none,0
ASM-007121,PROP-02374,CTY-038,2025,385752,356513,0.082,none,0
ASM-007122,PROP-02374,CTY-038,2026,403883,385752,0.047,none,0
ASM-007123,PROP-02375,CTY-038,2024,328131,,0.0,none,0
ASM-007124,PROP-02375,CTY-038,2025,344281,328131,0.0492,none,0
ASM-007125,PROP-02375,CTY-038,2026,372880,344281,0.0831,none,0
ASM-007126,PROP-02376,CTY-038,2024,356461,,0.0,none,0
ASM-007127,PROP-02376,CTY-038,2025,386864,356461,0.0853,none,0
ASM-007128,PROP-02376,CTY-038,2026,415404,386864,0.0738,none,0
ASM-007129,PROP-02377,CTY-038,2024,425533,,0.0,none,0
ASM-007130,PROP-02377,CTY-038,2025,444304,425533,0.0441,none,0
ASM-007131,PROP-02377,CTY-038,2026,467869,444304,0.053,none,0
ASM-007132,PROP-02378,CTY-038,2024,345375,,0.0,none,0
ASM-007133,PROP-02378,CTY-038,2025,369260,345375,0.0692,none,0
ASM-007134,PROP-02378,CTY-038,2026,389493,369260,0.0548,none,0
ASM-007135,PROP-02379,CTY-038,2024,412635,,0.0,none,0
ASM-007136,PROP-02379,CTY-038,2025,446694,412635,0.0825,none,0
ASM-007137,PROP-02379,CTY-038,2026,482422,446694,0.08,none,0
ASM-007138,PROP-02380,CTY-038,2024,298222,,0.0,none,0
ASM-007139,PROP-02380,CTY-038,2025,319431,298222,0.0711,none,0
ASM-007140,PROP-02380,CTY-038,2026,343769,319431,0.0762,none,0
ASM-007141,PROP-02381,CTY-038,2024,439155,,0.0,none,0
ASM-007142,PROP-02381,CTY-038,2025,469890,439155,0.07,none,0
ASM-007143,PROP-02381,CTY-038,2026,506638,469890,0.0782,none,0
ASM-007144,PROP-02382,CTY-038,2024,356125,,0.0,none,0
ASM-007145,PROP-02382,CTY-038,2025,385838,356125,0.0834,none,0
ASM-007146,PROP-02382,CTY-038,2026,404791,385838,0.0491,none,0
ASM-007147,PROP-02383,CTY-038,2024,308002,,0.0,none,0
ASM-007148,PROP-02383,CTY-038,2025,320305,308002,0.0399,none,0
ASM-007149,PROP-02383,CTY-038,2026,348257,320305,0.0873,none,0
ASM-007150,PROP-02384,CTY-038,2024,389067,,0.0,none,0
ASM-007151,PROP-02384,CTY-038,2025,410559,389067,0.0552,none,0
ASM-007152,PROP-02384,CTY-038,2026,431646,410559,0.0514,none,0
ASM-007153,PROP-02385,CTY-038,2024,378590,,0.0,none,0
ASM-007154,PROP-02385,CTY-038,2025,408336,378590,0.0786,none,0
ASM-007155,PROP-02385,CTY-038,2026,428072,408336,0.0483,none,0
ASM-007156,PROP-02386,CTY-038,2024,371084,,0.0,none,0
ASM-007157,PROP-02386,CTY-038,2025,402835,371084,0.0856,none,0
ASM-007158,PROP-02386,CTY-038,2026,438158,402835,0.0877,none,0
ASM-007159,PROP-02387,CTY-038,2024,359036,,0.0,none,0
ASM-007160,PROP-02387,CTY-038,2025,381147,359036,0.0616,none,0
ASM-007161,PROP-02387,CTY-038,2026,408610,381147,0.0721,none,0
ASM-007162,PROP-02388,CTY-037,2024,271011,,0.0,none,0
ASM-007163,PROP-02388,CTY-037,2025,285317,271011,0.0528,none,0
ASM-007164,PROP-02388,CTY-037,2026,307528,285317,0.0778,none,0
ASM-007165,PROP-02389,CTY-037,2024,287951,,0.0,none,0
ASM-007166,PROP-02389,CTY-037,2025,297339,287951,0.0326,none,0
ASM-007167,PROP-02389,CTY-037,2026,308345,297339,0.037,none,0
ASM-007168,PROP-02390,CTY-037,2024,301600,,0.0,none,0
ASM-007169,PROP-02390,CTY-037,2025,315960,301600,0.0476,none,0
ASM-007170,PROP-02390,CTY-037,2026,331772,315960,0.05,none,0
ASM-007171,PROP-02391,CTY-037,2024,321778,,0.0,none,0
ASM-007172,PROP-02391,CTY-037,2025,336713,321778,0.0464,none,0
ASM-007173,PROP-02391,CTY-037,2026,348828,336713,0.036,none,0
ASM-007174,PROP-02392,CTY-037,2024,287381,,0.0,none,0
ASM-007175,PROP-02392,CTY-037,2025,298963,287381,0.0403,none,0
ASM-007176,PROP-02392,CTY-037,2026,311067,298963,0.0405,none,0
ASM-007177,PROP-02393,CTY-037,2024,274733,,0.0,none,0
ASM-007178,PROP-02393,CTY-037,2025,293845,274733,0.0696,none,0
ASM-007179,PROP-02393,CTY-037,2026,307528,293845,0.0466,none,0
ASM-007180,PROP-02394,CTY-037,2024,319223,,0.0,none,0
ASM-007181,PROP-02394,CTY-037,2025,341620,319223,0.0702,none,0
ASM-007182,PROP-02394,CTY-037,2026,362868,341620,0.0622,none,0
ASM-007183,PROP-02395,CTY-037,2024,285885,,0.0,none,0
ASM-007184,PROP-02395,CTY-037,2025,305334,285885,0.068,none,0
ASM-007185,PROP-02395,CTY-037,2026,329284,305334,0.0784,none,0
ASM-007186,PROP-02396,CTY-037,2024,345300,,0.0,none,0
ASM-007187,PROP-02396,CTY-037,2025,368576,345300,0.0674,none,0
ASM-007188,PROP-02396,CTY-037,2026,395512,368576,0.0731,none,0
ASM-007189,PROP-02397,CTY-037,2024,297348,,0.0,none,0
ASM-007190,PROP-02397,CTY-037,2025,308886,297348,0.0388,none,0
ASM-007191,PROP-02397,CTY-037,2026,320831,308886,0.0387,none,0
ASM-007192,PROP-02398,CTY-037,2024,242528,,0.0,none,0
ASM-007193,PROP-02398,CTY-037,2025,259012,242528,0.068,none,0
ASM-007194,PROP-02398,CTY-037,2026,267864,259012,0.0342,none,0
ASM-007195,PROP-02399,CTY-037,2024,289845,,0.0,none,0
ASM-007196,PROP-02399,CTY-037,2025,311099,289845,0.0733,none,0
ASM-007197,PROP-02399,CTY-037,2026,323386,311099,0.0395,none,0
ASM-007198,PROP-02400,CTY-037,2024,319974,,0.0,none,0
ASM-007199,PROP-02400,CTY-037,2025,331659,319974,0.0365,none,0
ASM-007200,PROP-02400,CTY-037,2026,354463,331659,0.0688,none,0
ASM-007201,PROP-02401,CTY-037,2024,327833,,0.0,none,0
ASM-007202,PROP-02401,CTY-037,2025,342448,327833,0.0446,none,0
ASM-007203,PROP-02401,CTY-037,2026,354704,342448,0.0358,none,0
ASM-007204,PROP-02402,CTY-037,2024,312213,,0.0,none,0
ASM-007205,PROP-02402,CTY-037,2025,334004,312213,0.0698,none,0
ASM-007206,PROP-02402,CTY-037,2026,350405,334004,0.0491,none,0
ASM-007207,PROP-02403,CTY-037,2024,302370,,0.0,none,0
ASM-007208,PROP-02403,CTY-037,2025,318802,302370,0.0543,none,0
ASM-007209,PROP-02403,CTY-037,2026,332836,318802,0.044,none,0
ASM-007210,PROP-02404,CTY-037,2024,299363,,0.0,none,0
ASM-007211,PROP-02404,CTY-037,2025,310758,299363,0.0381,none,0
ASM-007212,PROP-02404,CTY-037,2026,328751,310758,0.0579,none,0
ASM-007213,PROP-02405,CTY-037,2024,325484,,0.0,none,0
ASM-007214,PROP-02405,CTY-037,2025,344832,325484,0.0594,none,0
ASM-007215,PROP-02405,CTY-037,2026,369854,344832,0.0726,none,0
ASM-007216,PROP-02406,CTY-037,2024,332454,,0.0,none,0
ASM-007217,PROP-02406,CTY-037,2025,355459,332454,0.0692,none,0
ASM-007218,PROP-02406,CTY-037,2026,377179,355459,0.0611,none,0
ASM-007219,PROP-02407,CTY-037,2024,333665,,0.0,none,0
ASM-007220,PROP-02407,CTY-037,2025,354550,333665,0.0626,none,0
ASM-007221,PROP-02407,CTY-037,2026,374785,354550,0.0571,none,0
ASM-007222,PROP-02408,CTY-037,2024,267629,,0.0,none,0
ASM-007223,PROP-02408,CTY-037,2025,282456,267629,0.0554,none,0
ASM-007224,PROP-02408,CTY-037,2026,292673,282456,0.0362,none,0
ASM-007225,PROP-02409,CTY-037,2024,263654,,0.0,none,0
ASM-007226,PROP-02409,CTY-037,2025,281141,263654,0.0663,none,0
ASM-007227,PROP-02409,CTY-037,2026,303440,281141,0.0793,none,0
ASM-007228,PROP-02410,CTY-037,2024,280260,,0.0,none,0
ASM-007229,PROP-02410,CTY-037,2025,295200,280260,0.0533,none,0
ASM-007230,PROP-02410,CTY-037,2026,308367,295200,0.0446,none,0
ASM-007231,PROP-02411,CTY-037,2024,291653,,0.0,none,0
ASM-007232,PROP-02411,CTY-037,2025,306590,291653,0.0512,none,0
ASM-007233,PROP-02411,CTY-037,2026,318805,306590,0.0398,none,0
ASM-007234,PROP-02412,CTY-037,2024,324761,,0.0,none,0
ASM-007235,PROP-02412,CTY-037,2025,338079,324761,0.041,none,0
ASM-007236,PROP-02412,CTY-037,2026,350806,338079,0.0376,none,0
ASM-007237,PROP-02413,CTY-037,2024,333935,,0.0,none,0
ASM-007238,PROP-02413,CTY-037,2025,356205,333935,0.0667,none,0
ASM-007239,PROP-02413,CTY-037,2026,367786,356205,0.0325,none,0
ASM-007240,PROP-02414,CTY-037,2024,322530,,0.0,none,0
ASM-007241,PROP-02414,CTY-037,2025,339235,322530,0.0518,none,0
ASM-007242,PROP-02414,CTY-037,2026,366358,339235,0.08,none,0
ASM-007243,PROP-02415,CTY-037,2024,258710,,0.0,none,0
ASM-007244,PROP-02415,CTY-037,2025,267677,258710,0.0347,none,0
ASM-007245,PROP-02415,CTY-037,2026,282055,267677,0.0537,none,0
ASM-007246,PROP-02416,CTY-037,2024,332500,,0.0,none,0
ASM-007247,PROP-02416,CTY-037,2025,358859,332500,0.0793,none,0
ASM-007248,PROP-02416,CTY-037,2026,381647,358859,0.0635,none,0
ASM-007249,PROP-02417,CTY-037,2024,320078,,0.0,none,0
ASM-007250,PROP-02417,CTY-037,2025,334736,320078,0.0458,none,0
ASM-007251,PROP-02417,CTY-037,2026,354748,334736,0.0598,none,0
ASM-007252,PROP-02418,CTY-037,2024,294374,,0.0,none,0
ASM-007253,PROP-02418,CTY-037,2025,315109,294374,0.0704,none,0
ASM-007254,PROP-02418,CTY-037,2026,337042,315109,0.0696,none,0
ASM-007255,PROP-02419,CTY-037,2024,325648,,0.0,none,0
ASM-007256,PROP-02419,CTY-037,2025,342093,325648,0.0505,none,0
ASM-007257,PROP-02419,CTY-037,2026,360712,342093,0.0544,none,0
ASM-007258,PROP-02420,CTY-037,2024,323071,,0.0,none,0
ASM-007259,PROP-02420,CTY-037,2025,345276,323071,0.0687,none,0
ASM-007260,PROP-02420,CTY-037,2026,356700,345276,0.0331,none,0
ASM-007261,PROP-02421,CTY-037,2024,307274,,0.0,none,0
ASM-007262,PROP-02421,CTY-037,2025,326351,307274,0.0621,none,0
ASM-007263,PROP-02421,CTY-037,2026,339688,326351,0.0409,none,0
ASM-007264,PROP-02422,CTY-037,2024,300006,,0.0,none,0
ASM-007265,PROP-02422,CTY-037,2025,319876,300006,0.0662,none,0
ASM-007266,PROP-02422,CTY-037,2026,339744,319876,0.0621,none,0
ASM-007267,PROP-02423,CTY-037,2024,289751,,0.0,none,0
ASM-007268,PROP-02423,CTY-037,2025,312296,289751,0.0778,none,0
ASM-007269,PROP-02423,CTY-037,2026,329125,312296,0.0539,none,0
ASM-007270,PROP-02424,CTY-037,2024,282585,,0.0,none,0
ASM-007271,PROP-02424,CTY-037,2025,294799,282585,0.0432,none,0
ASM-007272,PROP-02424,CTY-037,2026,305003,294799,0.0346,none,0
ASM-007273,PROP-02425,CTY-037,2024,245253,,0.0,none,0
ASM-007274,PROP-02425,CTY-037,2025,253296,245253,0.0328,none,0
ASM-007275,PROP-02425,CTY-037,2026,265232,253296,0.0471,none,0
ASM-007276,PROP-02426,CTY-037,2024,302069,,0.0,none,0
ASM-007277,PROP-02426,CTY-037,2025,321978,302069,0.0659,none,0
ASM-007278,PROP-02426,CTY-037,2026,332412,321978,0.0324,none,0
ASM-007279,PROP-02427,CTY-037,2024,250719,,0.0,none,0
ASM-007280,PROP-02427,CTY-037,2025,268886,250719,0.0725,none,0
ASM-007281,PROP-02427,CTY-037,2026,288694,268886,0.0737,none,0
ASM-007282,PROP-02428,CTY-037,2024,331728,,0.0,none,0
ASM-007283,PROP-02428,CTY-037,2025,351020,331728,0.0582,none,0
ASM-007284,PROP-02428,CTY-037,2026,372147,351020,0.0602,none,0
ASM-007285,PROP-02429,CTY-037,2024,321582,,0.0,none,0
ASM-007286,PROP-02429,CTY-037,2025,333505,321582,0.0371,none,0
ASM-007287,PROP-02429,CTY-037,2026,349977,333505,0.0494,none,0
ASM-007288,PROP-02430,CTY-037,2024,269767,,0.0,none,0
ASM-007289,PROP-02430,CTY-037,2025,286805,269767,0.0632,none,0
ASM-007290,PROP-02430,CTY-037,2026,307364,286805,0.0717,none,0
ASM-007291,PROP-02431,CTY-037,2024,328365,,0.0,none,0
ASM-007292,PROP-02431,CTY-037,2025,340902,328365,0.0382,none,0
ASM-007293,PROP-02431,CTY-037,2026,366220,340902,0.0743,none,0
ASM-007294,PROP-02432,CTY-037,2024,306947,,0.0,none,0
ASM-007295,PROP-02432,CTY-037,2025,329485,306947,0.0734,none,0
ASM-007296,PROP-02432,CTY-037,2026,354188,329485,0.075,none,0
ASM-007297,PROP-02433,CTY-037,2024,269312,,0.0,none,0
ASM-007298,PROP-02433,CTY-037,2025,278802,269312,0.0352,none,0
ASM-007299,PROP-02433,CTY-037,2026,292031,278802,0.0474,none,0
ASM-007300,PROP-02434,CTY-037,2024,334062,,0.0,none,0
ASM-007301,PROP-02434,CTY-037,2025,351884,334062,0.0533,none,0
ASM-007302,PROP-02434,CTY-037,2026,370296,351884,0.0523,none,0
ASM-007303,PROP-02435,CTY-037,2024,329349,,0.0,none,0
ASM-007304,PROP-02435,CTY-037,2025,344476,329349,0.0459,none,0
ASM-007305,PROP-02435,CTY-037,2026,366804,344476,0.0648,none,0
ASM-007306,PROP-02436,CTY-037,2024,259340,,0.0,none,0
ASM-007307,PROP-02436,CTY-037,2025,270430,259340,0.0428,none,0
ASM-007308,PROP-02436,CTY-037,2026,291581,270430,0.0782,none,0
ASM-007309,PROP-02437,CTY-037,2024,257146,,0.0,none,0
ASM-007310,PROP-02437,CTY-037,2025,275581,257146,0.0717,none,0
ASM-007311,PROP-02437,CTY-037,2026,297611,275581,0.0799,none,0
ASM-007312,PROP-02438,CTY-037,2024,261690,,0.0,none,0
ASM-007313,PROP-02438,CTY-037,2025,272723,261690,0.0422,none,0
ASM-007314,PROP-02438,CTY-037,2026,290989,272723,0.067,none,0
ASM-007315,PROP-02439,CTY-037,2024,335663,,0.0,none,0
ASM-007316,PROP-02439,CTY-037,2025,356817,335663,0.063,none,0
ASM-007317,PROP-02439,CTY-037,2026,370388,356817,0.038,none,0
ASM-007318,PROP-02440,CTY-039,2024,449364,,0.0,none,0
ASM-007319,PROP-02440,CTY-039,2025,476990,449364,0.0615,none,0
ASM-007320,PROP-02440,CTY-039,2026,509355,476990,0.0679,none,0
ASM-007321,PROP-02441,CTY-039,2024,396922,,0.0,none,0
ASM-007322,PROP-02441,CTY-039,2025,420550,396922,0.0595,none,0
ASM-007323,PROP-02441,CTY-039,2026,444618,420550,0.0572,none,0
ASM-007324,PROP-02442,CTY-039,2024,338558,,0.0,none,0
ASM-007325,PROP-02442,CTY-039,2025,355156,338558,0.049,none,0
ASM-007326,PROP-02442,CTY-039,2026,376382,355156,0.0598,none,0
ASM-007327,PROP-02443,CTY-039,2024,360397,,0.0,none,0
ASM-007328,PROP-02443,CTY-039,2025,373361,360397,0.036,none,0
ASM-007329,PROP-02443,CTY-039,2026,389047,373361,0.042,none,0
ASM-007330,PROP-02444,CTY-039,2024,368172,,0.0,none,0
ASM-007331,PROP-02444,CTY-039,2025,391893,368172,0.0644,none,0
ASM-007332,PROP-02444,CTY-039,2026,416514,391893,0.0628,none,0
ASM-007333,PROP-02445,CTY-039,2024,476844,,0.0,none,0
ASM-007334,PROP-02445,CTY-039,2025,512987,476844,0.0758,none,0
ASM-007335,PROP-02445,CTY-039,2026,539727,512987,0.0521,none,0
ASM-007336,PROP-02446,CTY-039,2024,396357,,0.0,none,0
ASM-007337,PROP-02446,CTY-039,2025,426492,396357,0.076,none,0
ASM-007338,PROP-02446,CTY-039,2026,453892,426492,0.0642,none,0
ASM-007339,PROP-02447,CTY-039,2024,357890,,0.0,none,0
ASM-007340,PROP-02447,CTY-039,2025,385233,357890,0.0764,none,0
ASM-007341,PROP-02447,CTY-039,2026,406394,385233,0.0549,none,0
ASM-007342,PROP-02448,CTY-039,2024,356592,,0.0,none,0
ASM-007343,PROP-02448,CTY-039,2025,370069,356592,0.0378,none,0
ASM-007344,PROP-02448,CTY-039,2026,393256,370069,0.0627,none,0
ASM-007345,PROP-02449,CTY-039,2024,410099,,0.0,none,0
ASM-007346,PROP-02449,CTY-039,2025,434292,410099,0.059,none,0
ASM-007347,PROP-02449,CTY-039,2026,467127,434292,0.0756,none,0
ASM-007348,PROP-02450,CTY-039,2024,449000,,0.0,none,0
ASM-007349,PROP-02450,CTY-039,2025,477563,449000,0.0636,none,0
ASM-007350,PROP-02450,CTY-039,2026,507907,477563,0.0635,none,0
ASM-007351,PROP-02451,CTY-039,2024,445803,,0.0,none,0
ASM-007352,PROP-02451,CTY-039,2025,481978,445803,0.0811,none,0
ASM-007353,PROP-02451,CTY-039,2026,500487,481978,0.0384,none,0
ASM-007354,PROP-02452,CTY-039,2024,416685,,0.0,none,0
ASM-007355,PROP-02452,CTY-039,2025,435861,416685,0.046,none,0
ASM-007356,PROP-02452,CTY-039,2026,461775,435861,0.0595,none,0
ASM-007357,PROP-02453,CTY-039,2024,376916,,0.0,none,0
ASM-007358,PROP-02453,CTY-039,2025,401845,376916,0.0661,none,0
ASM-007359,PROP-02453,CTY-039,2026,429063,401845,0.0677,none,0
ASM-007360,PROP-02454,CTY-039,2024,405578,,0.0,none,0
ASM-007361,PROP-02454,CTY-039,2025,424193,405578,0.0459,none,0
ASM-007362,PROP-02454,CTY-039,2026,449208,424193,0.059,none,0
ASM-007363,PROP-02455,CTY-039,2024,442491,,0.0,none,0
ASM-007364,PROP-02455,CTY-039,2025,477385,442491,0.0789,none,0
ASM-007365,PROP-02455,CTY-039,2026,503672,477385,0.0551,none,0
ASM-007366,PROP-02456,CTY-039,2024,393488,,0.0,none,0
ASM-007367,PROP-02456,CTY-039,2025,422239,393488,0.0731,none,0
ASM-007368,PROP-02456,CTY-039,2026,443853,422239,0.0512,none,0
ASM-007369,PROP-02457,CTY-039,2024,379802,,0.0,none,0
ASM-007370,PROP-02457,CTY-039,2025,399545,379802,0.052,none,0
ASM-007371,PROP-02457,CTY-039,2026,427104,399545,0.069,none,0
ASM-007372,PROP-02458,CTY-039,2024,423329,,0.0,none,0
ASM-007373,PROP-02458,CTY-039,2025,457694,423329,0.0812,none,0
ASM-007374,PROP-02458,CTY-039,2026,482138,457694,0.0534,none,0
ASM-007375,PROP-02459,CTY-039,2024,361485,,0.0,none,0
ASM-007376,PROP-02459,CTY-039,2025,387970,361485,0.0733,none,0
ASM-007377,PROP-02459,CTY-039,2026,403099,387970,0.039,none,0
ASM-007378,PROP-02460,CTY-039,2024,418077,,0.0,none,0
ASM-007379,PROP-02460,CTY-039,2025,432365,418077,0.0342,none,0
ASM-007380,PROP-02460,CTY-039,2026,454203,432365,0.0505,none,0
ASM-007381,PROP-02461,CTY-039,2024,412389,,0.0,none,0
ASM-007382,PROP-02461,CTY-039,2025,445148,412389,0.0794,none,0
ASM-007383,PROP-02461,CTY-039,2026,475005,445148,0.0671,none,0
ASM-007384,PROP-02462,CTY-039,2024,306155,,0.0,none,0
ASM-007385,PROP-02462,CTY-039,2025,318037,306155,0.0388,none,0
ASM-007386,PROP-02462,CTY-039,2026,339657,318037,0.068,none,0
ASM-007387,PROP-02463,CTY-039,2024,338774,,0.0,none,0
ASM-007388,PROP-02463,CTY-039,2025,363985,338774,0.0744,none,0
ASM-007389,PROP-02463,CTY-039,2026,393559,363985,0.0813,none,0
ASM-007390,PROP-02464,CTY-039,2024,359231,,0.0,none,0
ASM-007391,PROP-02464,CTY-039,2025,380048,359231,0.0579,none,0
ASM-007392,PROP-02464,CTY-039,2026,403984,380048,0.063,none,0
ASM-007393,PROP-02465,CTY-039,2024,413494,,0.0,none,0
ASM-007394,PROP-02465,CTY-039,2025,437288,413494,0.0575,none,0
ASM-007395,PROP-02465,CTY-039,2026,464977,437288,0.0633,none,0
ASM-007396,PROP-02466,CTY-039,2024,408051,,0.0,none,0
ASM-007397,PROP-02466,CTY-039,2025,441169,408051,0.0812,none,0
ASM-007398,PROP-02466,CTY-039,2026,462015,441169,0.0473,none,0
ASM-007399,PROP-02467,CTY-039,2024,411799,,0.0,none,0
ASM-007400,PROP-02467,CTY-039,2025,441764,411799,0.0728,none,0
ASM-007401,PROP-02467,CTY-039,2026,462566,441764,0.0471,none,0
ASM-007402,PROP-02468,CTY-039,2024,433086,,0.0,none,0
ASM-007403,PROP-02468,CTY-039,2025,459586,433086,0.0612,none,0
ASM-007404,PROP-02468,CTY-039,2026,496086,459586,0.0794,none,0
ASM-007405,PROP-02469,CTY-039,2024,323464,,0.0,none,0
ASM-007406,PROP-02469,CTY-039,2025,334230,323464,0.0333,none,0
ASM-007407,PROP-02469,CTY-039,2026,352551,334230,0.0548,none,0
ASM-007408,PROP-02470,CTY-040,2024,354447,,0.0,none,0
ASM-007409,PROP-02470,CTY-040,2025,385272,354447,0.087,none,0
ASM-007410,PROP-02470,CTY-040,2026,400555,385272,0.0397,none,0
ASM-007411,PROP-02471,CTY-040,2024,345990,,0.0,none,0
ASM-007412,PROP-02471,CTY-040,2025,375486,345990,0.0853,none,0
ASM-007413,PROP-02471,CTY-040,2026,399398,375486,0.0637,none,0
ASM-007414,PROP-02472,CTY-040,2024,339487,,0.0,none,0
ASM-007415,PROP-02472,CTY-040,2025,359901,339487,0.0601,none,0
ASM-007416,PROP-02472,CTY-040,2026,379115,359901,0.0534,none,0
ASM-007417,PROP-02473,CTY-040,2024,269798,,0.0,none,0
ASM-007418,PROP-02473,CTY-040,2025,293292,269798,0.0871,none,0
ASM-007419,PROP-02473,CTY-040,2026,307671,293292,0.049,none,0
ASM-007420,PROP-02474,CTY-040,2024,300186,,0.0,none,0
ASM-007421,PROP-02474,CTY-040,2025,313736,300186,0.0451,none,0
ASM-007422,PROP-02474,CTY-040,2026,335385,313736,0.069,none,0
ASM-007423,PROP-02475,CTY-040,2024,348935,,0.0,none,0
ASM-007424,PROP-02475,CTY-040,2025,379235,348935,0.0868,none,0
ASM-007425,PROP-02475,CTY-040,2026,413492,379235,0.0903,won,42888
ASM-007426,PROP-02476,CTY-040,2024,295413,,0.0,none,0
ASM-007427,PROP-02476,CTY-040,2025,314340,295413,0.0641,none,0
ASM-007428,PROP-02476,CTY-040,2026,336641,314340,0.0709,none,0
ASM-007429,PROP-02477,CTY-040,2024,306231,,0.0,none,0
ASM-007430,PROP-02477,CTY-040,2025,319597,306231,0.0436,none,0
ASM-007431,PROP-02477,CTY-040,2026,340358,319597,0.065,none,0
ASM-007432,PROP-02478,CTY-040,2024,313528,,0.0,none,0
ASM-007433,PROP-02478,CTY-040,2025,333066,313528,0.0623,none,0
ASM-007434,PROP-02478,CTY-040,2026,355739,333066,0.0681,none,0
ASM-007435,PROP-02479,CTY-040,2024,353398,,0.0,none,0
ASM-007436,PROP-02479,CTY-040,2025,367911,353398,0.0411,none,0
ASM-007437,PROP-02479,CTY-040,2026,402541,367911,0.0941,none,0
ASM-007438,PROP-02480,CTY-040,2024,358678,,0.0,none,0
ASM-007439,PROP-02480,CTY-040,2025,377904,358678,0.0536,none,0
ASM-007440,PROP-02480,CTY-040,2026,401553,377904,0.0626,none,0
ASM-007441,PROP-02481,CTY-040,2024,300113,,0.0,none,0
ASM-007442,PROP-02481,CTY-040,2025,326609,300113,0.0883,none,0
ASM-007443,PROP-02481,CTY-040,2026,345043,326609,0.0564,none,0
ASM-007444,PROP-02482,CTY-040,2024,279600,,0.0,none,0
ASM-007445,PROP-02482,CTY-040,2025,302513,279600,0.0819,none,0
ASM-007446,PROP-02482,CTY-040,2026,320095,302513,0.0581,none,0
ASM-007447,PROP-02483,CTY-040,2024,390570,,0.0,none,0
ASM-007448,PROP-02483,CTY-040,2025,412144,390570,0.0552,none,0
ASM-007449,PROP-02483,CTY-040,2026,437179,412144,0.0607,none,0
ASM-007450,PROP-02484,CTY-040,2024,295256,,0.0,none,0
ASM-007451,PROP-02484,CTY-040,2025,310000,295256,0.0499,none,0
ASM-007452,PROP-02484,CTY-040,2026,329355,310000,0.0624,none,0
ASM-007453,PROP-02485,CTY-040,2024,276191,,0.0,none,0
ASM-007454,PROP-02485,CTY-040,2025,297700,276191,0.0779,none,0
ASM-007455,PROP-02485,CTY-040,2026,310647,297700,0.0435,none,0
ASM-007456,PROP-02486,CTY-040,2024,317752,,0.0,none,0
ASM-007457,PROP-02486,CTY-040,2025,331174,317752,0.0422,none,0
ASM-007458,PROP-02486,CTY-040,2026,358759,331174,0.0833,none,0
ASM-007459,PROP-02487,CTY-040,2024,311682,,0.0,none,0
ASM-007460,PROP-02487,CTY-040,2025,333875,311682,0.0712,none,0
ASM-007461,PROP-02487,CTY-040,2026,350620,333875,0.0502,none,0
ASM-007462,PROP-02488,CTY-040,2024,357417,,0.0,none,0
ASM-007463,PROP-02488,CTY-040,2025,384334,357417,0.0753,none,0
ASM-007464,PROP-02488,CTY-040,2026,416406,384334,0.0834,none,0
ASM-007465,PROP-02489,CTY-040,2024,357220,,0.0,none,0
ASM-007466,PROP-02489,CTY-040,2025,371200,357220,0.0391,none,0
ASM-007467,PROP-02489,CTY-040,2026,387308,371200,0.0434,none,0
ASM-007468,PROP-02490,CTY-040,2024,387055,,0.0,none,0
ASM-007469,PROP-02490,CTY-040,2025,408331,387055,0.055,none,0
ASM-007470,PROP-02490,CTY-040,2026,424311,408331,0.0391,none,0
ASM-007471,PROP-02491,CTY-040,2024,306243,,0.0,none,0
ASM-007472,PROP-02491,CTY-040,2025,320609,306243,0.0469,none,0
ASM-007473,PROP-02491,CTY-040,2026,345026,320609,0.0762,none,0
ASM-007474,PROP-02492,CTY-040,2024,365211,,0.0,none,0
ASM-007475,PROP-02492,CTY-040,2025,382430,365211,0.0471,none,0
ASM-007476,PROP-02492,CTY-040,2026,409335,382430,0.0704,none,0
ASM-007477,PROP-02493,CTY-040,2024,353138,,0.0,none,0
ASM-007478,PROP-02493,CTY-040,2025,367486,353138,0.0406,none,0
ASM-007479,PROP-02493,CTY-040,2026,400069,367486,0.0887,none,0
ASM-007480,PROP-02494,CTY-040,2024,272347,,0.0,none,0
ASM-007481,PROP-02494,CTY-040,2025,296978,272347,0.0904,none,0
ASM-007482,PROP-02494,CTY-040,2026,318680,296978,0.0731,none,0
ASM-007483,PROP-02495,CTY-040,2024,316145,,0.0,none,0
ASM-007484,PROP-02495,CTY-040,2025,339325,316145,0.0733,none,0
ASM-007485,PROP-02495,CTY-040,2026,357369,339325,0.0532,none,0
ASM-007486,PROP-02496,CTY-040,2024,354120,,0.0,none,0
ASM-007487,PROP-02496,CTY-040,2025,374303,354120,0.057,none,0
ASM-007488,PROP-02496,CTY-040,2026,401278,374303,0.0721,none,0
ASM-007489,PROP-02497,CTY-040,2024,325487,,0.0,none,0
ASM-007490,PROP-02497,CTY-040,2025,347248,325487,0.0669,none,0
ASM-007491,PROP-02497,CTY-040,2026,360606,347248,0.0385,none,0
ASM-007492,PROP-02498,CTY-040,2024,334664,,0.0,none,0
ASM-007493,PROP-02498,CTY-040,2025,347735,334664,0.0391,none,0
ASM-007494,PROP-02498,CTY-040,2026,377795,347735,0.0864,none,0
ASM-007495,PROP-02499,CTY-040,2024,324828,,0.0,none,0
ASM-007496,PROP-02499,CTY-040,2025,341596,324828,0.0516,none,0
ASM-007497,PROP-02499,CTY-040,2026,362584,341596,0.0614,none,0
ASM-007498,PROP-02500,CTY-040,2024,298236,,0.0,none,0
ASM-007499,PROP-02500,CTY-040,2025,310497,298236,0.0411,none,0
ASM-007500,PROP-02500,CTY-040,2026,323260,310497,0.0411,none,0
ASM-007501,PROP-02501,CTY-040,2024,307492,,0.0,none,0
ASM-007502,PROP-02501,CTY-040,2025,334675,307492,0.0884,none,0
ASM-007503,PROP-02501,CTY-040,2026,352154,334675,0.0522,none,0
ASM-007504,PROP-02502,CTY-040,2024,286290,,0.0,none,0
ASM-007505,PROP-02502,CTY-040,2025,304559,286290,0.0638,none,0
ASM-007506,PROP-02502,CTY-040,2026,329172,304559,0.0808,none,0
ASM-007507,PROP-02503,CTY-040,2024,286998,,0.0,none,0
ASM-007508,PROP-02503,CTY-040,2025,302464,286998,0.0539,none,0
ASM-007509,PROP-02503,CTY-040,2026,322726,302464,0.067,none,0
ASM-007510,PROP-02504,CTY-040,2024,337445,,0.0,none,0
ASM-007511,PROP-02504,CTY-040,2025,358171,337445,0.0614,none,0
ASM-007512,PROP-02504,CTY-040,2026,386985,358171,0.0804,none,0
ASM-007513,PROP-02505,CTY-037,2024,355325,,0.0,none,0
ASM-007514,PROP-02505,CTY-037,2025,380516,355325,0.0709,none,0
ASM-007515,PROP-02505,CTY-037,2026,407480,380516,0.0709,none,0
ASM-007516,PROP-02506,CTY-037,2024,389564,,0.0,none,0
ASM-007517,PROP-02506,CTY-037,2025,403672,389564,0.0362,none,0
ASM-007518,PROP-02506,CTY-037,2026,432673,403672,0.0718,none,0
ASM-007519,PROP-02507,CTY-037,2024,417801,,0.0,none,0
ASM-007520,PROP-02507,CTY-037,2025,438880,417801,0.0505,none,0
ASM-007521,PROP-02507,CTY-037,2026,455199,438880,0.0372,none,0
ASM-007522,PROP-02508,CTY-037,2024,410617,,0.0,none,0
ASM-007523,PROP-02508,CTY-037,2025,442388,410617,0.0774,none,0
ASM-007524,PROP-02508,CTY-037,2026,474246,442388,0.072,none,0
ASM-007525,PROP-02509,CTY-037,2024,424983,,0.0,none,0
ASM-007526,PROP-02509,CTY-037,2025,444321,424983,0.0455,none,0
ASM-007527,PROP-02509,CTY-037,2026,470071,444321,0.058,none,0
ASM-007528,PROP-02510,CTY-037,2024,385547,,0.0,none,0
ASM-007529,PROP-02510,CTY-037,2025,402312,385547,0.0435,none,0
ASM-007530,PROP-02510,CTY-037,2026,425108,402312,0.0567,none,0
ASM-007531,PROP-02511,CTY-037,2024,460835,,0.0,none,0
ASM-007532,PROP-02511,CTY-037,2025,486967,460835,0.0567,none,0
ASM-007533,PROP-02511,CTY-037,2026,505655,486967,0.0384,none,0
ASM-007534,PROP-02512,CTY-037,2024,436132,,0.0,none,0
ASM-007535,PROP-02512,CTY-037,2025,459021,436132,0.0525,none,0
ASM-007536,PROP-02512,CTY-037,2026,482666,459021,0.0515,none,0
ASM-007537,PROP-02513,CTY-037,2024,424635,,0.0,none,0
ASM-007538,PROP-02513,CTY-037,2025,443302,424635,0.044,none,0
ASM-007539,PROP-02513,CTY-037,2026,459250,443302,0.036,none,0
ASM-007540,PROP-02514,CTY-037,2024,422348,,0.0,none,0
ASM-007541,PROP-02514,CTY-037,2025,451572,422348,0.0692,none,0
ASM-007542,PROP-02514,CTY-037,2026,470670,451572,0.0423,none,0
ASM-007543,PROP-02515,CTY-037,2024,354281,,0.0,none,0
ASM-007544,PROP-02515,CTY-037,2025,377356,354281,0.0651,none,0
ASM-007545,PROP-02515,CTY-037,2026,394064,377356,0.0443,none,0
ASM-007546,PROP-02516,CTY-037,2024,420375,,0.0,none,0
ASM-007547,PROP-02516,CTY-037,2025,434528,420375,0.0337,none,0
ASM-007548,PROP-02516,CTY-037,2026,456117,434528,0.0497,none,0
ASM-007549,PROP-02517,CTY-037,2024,350865,,0.0,none,0
ASM-007550,PROP-02517,CTY-037,2025,366440,350865,0.0444,none,0
ASM-007551,PROP-02517,CTY-037,2026,378565,366440,0.0331,none,0
ASM-007552,PROP-02518,CTY-037,2024,450268,,0.0,none,0
ASM-007553,PROP-02518,CTY-037,2025,475003,450268,0.0549,none,0
ASM-007554,PROP-02518,CTY-037,2026,508682,475003,0.0709,none,0
ASM-007555,PROP-02519,CTY-037,2024,372897,,0.0,none,0
ASM-007556,PROP-02519,CTY-037,2025,389668,372897,0.045,none,0
ASM-007557,PROP-02519,CTY-037,2026,408502,389668,0.0483,none,0
ASM-007558,PROP-02520,CTY-037,2024,451484,,0.0,none,0
ASM-007559,PROP-02520,CTY-037,2025,476511,451484,0.0554,none,0
ASM-007560,PROP-02520,CTY-037,2026,508623,476511,0.0674,none,0
ASM-007561,PROP-02521,CTY-037,2024,360505,,0.0,none,0
ASM-007562,PROP-02521,CTY-037,2025,384023,360505,0.0652,none,0
ASM-007563,PROP-02521,CTY-037,2026,400498,384023,0.0429,none,0
ASM-007564,PROP-02522,CTY-037,2024,400947,,0.0,none,0
ASM-007565,PROP-02522,CTY-037,2025,415120,400947,0.0353,none,0
ASM-007566,PROP-02522,CTY-037,2026,443866,415120,0.0692,none,0
ASM-007567,PROP-02523,CTY-037,2024,353438,,0.0,none,0
ASM-007568,PROP-02523,CTY-037,2025,369512,353438,0.0455,none,0
ASM-007569,PROP-02523,CTY-037,2026,382943,369512,0.0363,none,0
ASM-007570,PROP-02524,CTY-037,2024,400344,,0.0,none,0
ASM-007571,PROP-02524,CTY-037,2025,415988,400344,0.0391,none,0
ASM-007572,PROP-02524,CTY-037,2026,442883,415988,0.0647,none,0
ASM-007573,PROP-02525,CTY-037,2024,363819,,0.0,none,0
ASM-007574,PROP-02525,CTY-037,2025,387880,363819,0.0661,none,0
ASM-007575,PROP-02525,CTY-037,2026,415551,387880,0.0713,none,0
ASM-007576,PROP-02526,CTY-037,2024,420306,,0.0,none,0
ASM-007577,PROP-02526,CTY-037,2025,442093,420306,0.0518,none,0
ASM-007578,PROP-02526,CTY-037,2026,471302,442093,0.0661,none,0
ASM-007579,PROP-02527,CTY-037,2024,353975,,0.0,none,0
ASM-007580,PROP-02527,CTY-037,2025,379307,353975,0.0716,none,0
ASM-007581,PROP-02527,CTY-037,2026,399227,379307,0.0525,none,0
ASM-007582,PROP-02528,CTY-037,2024,449859,,0.0,none,0
ASM-007583,PROP-02528,CTY-037,2025,476139,449859,0.0584,none,0
ASM-007584,PROP-02528,CTY-037,2026,511817,476139,0.0749,none,0
ASM-007585,PROP-02529,CTY-037,2024,439380,,0.0,none,0
ASM-007586,PROP-02529,CTY-037,2025,473084,439380,0.0767,none,0
ASM-007587,PROP-02529,CTY-037,2026,498143,473084,0.053,none,0
ASM-007588,PROP-02530,CTY-037,2024,382591,,0.0,none,0
ASM-007589,PROP-02530,CTY-037,2025,410754,382591,0.0736,none,0
ASM-007590,PROP-02530,CTY-037,2026,429110,410754,0.0447,none,0
ASM-007591,PROP-02531,CTY-037,2024,363766,,0.0,none,0
ASM-007592,PROP-02531,CTY-037,2025,392323,363766,0.0785,none,0
ASM-007593,PROP-02531,CTY-037,2026,419904,392323,0.0703,none,0
ASM-007594,PROP-02532,CTY-037,2024,380392,,0.0,none,0
ASM-007595,PROP-02532,CTY-037,2025,410069,380392,0.078,none,0
ASM-007596,PROP-02532,CTY-037,2026,426079,410069,0.039,none,0
ASM-007597,PROP-02533,CTY-037,2024,418134,,0.0,none,0
ASM-007598,PROP-02533,CTY-037,2025,450962,418134,0.0785,none,0
ASM-007599,PROP-02533,CTY-037,2026,473540,450962,0.0501,none,0
ASM-007600,PROP-02534,CTY-037,2024,450263,,0.0,none,0
ASM-007601,PROP-02534,CTY-037,2025,469038,450263,0.0417,none,0
ASM-007602,PROP-02534,CTY-037,2026,493516,469038,0.0522,none,0
ASM-007603,PROP-02535,CTY-037,2024,472774,,0.0,none,0
ASM-007604,PROP-02535,CTY-037,2025,506861,472774,0.0721,none,0
ASM-007605,PROP-02535,CTY-037,2026,544612,506861,0.0745,none,0
ASM-007606,PROP-02536,CTY-037,2024,323336,,0.0,none,0
ASM-007607,PROP-02536,CTY-037,2025,334500,323336,0.0345,none,0
ASM-007608,PROP-02536,CTY-037,2026,345526,334500,0.033,none,0
ASM-007609,PROP-02537,CTY-037,2024,417366,,0.0,none,0
ASM-007610,PROP-02537,CTY-037,2025,450509,417366,0.0794,none,0
ASM-007611,PROP-02537,CTY-037,2026,478276,450509,0.0616,none,0
ASM-007612,PROP-02538,CTY-041,2024,579170,,0.0,none,0
ASM-007613,PROP-02538,CTY-041,2025,621021,579170,0.0723,none,0
ASM-007614,PROP-02538,CTY-041,2026,678293,621021,0.0922,none,0
ASM-007615,PROP-02539,CTY-041,2024,529867,,0.0,none,0
ASM-007616,PROP-02539,CTY-041,2025,556519,529867,0.0503,none,0
ASM-007617,PROP-02539,CTY-041,2026,599050,556519,0.0764,none,0
ASM-007618,PROP-02540,CTY-041,2024,524226,,0.0,none,0
ASM-007619,PROP-02540,CTY-041,2025,568892,524226,0.0852,none,0
ASM-007620,PROP-02540,CTY-041,2026,621036,568892,0.0917,none,0
ASM-007621,PROP-02541,CTY-041,2024,589271,,0.0,none,0
ASM-007622,PROP-02541,CTY-041,2025,647957,589271,0.0996,none,0
ASM-007623,PROP-02541,CTY-041,2026,710993,647957,0.0973,none,0
ASM-007624,PROP-02542,CTY-041,2024,485773,,0.0,none,0
ASM-007625,PROP-02542,CTY-041,2025,529024,485773,0.089,none,0
ASM-007626,PROP-02542,CTY-041,2026,563413,529024,0.065,none,0
ASM-007627,PROP-02543,CTY-041,2024,483864,,0.0,none,0
ASM-007628,PROP-02543,CTY-041,2025,520729,483864,0.0762,none,0
ASM-007629,PROP-02543,CTY-041,2026,556470,520729,0.0686,none,0
ASM-007630,PROP-02544,CTY-041,2024,570848,,0.0,none,0
ASM-007631,PROP-02544,CTY-041,2025,599757,570848,0.0506,none,0
ASM-007632,PROP-02544,CTY-041,2026,627093,599757,0.0456,none,0
ASM-007633,PROP-02545,CTY-041,2024,607175,,0.0,none,0
ASM-007634,PROP-02545,CTY-041,2025,651910,607175,0.0737,none,0
ASM-007635,PROP-02545,CTY-041,2026,678280,651910,0.0405,none,0
ASM-007636,PROP-02546,CTY-041,2024,439451,,0.0,none,0
ASM-007637,PROP-02546,CTY-041,2025,466836,439451,0.0623,none,0
ASM-007638,PROP-02546,CTY-041,2026,513165,466836,0.0992,none,0
ASM-007639,PROP-02547,CTY-041,2024,613255,,0.0,none,0
ASM-007640,PROP-02547,CTY-041,2025,651556,613255,0.0625,none,0
ASM-007641,PROP-02547,CTY-041,2026,693863,651556,0.0649,none,0
ASM-007642,PROP-02548,CTY-041,2024,439417,,0.0,none,0
ASM-007643,PROP-02548,CTY-041,2025,478074,439417,0.088,none,0
ASM-007644,PROP-02548,CTY-041,2026,515175,478074,0.0776,none,0
ASM-007645,PROP-02549,CTY-041,2024,488303,,0.0,none,0
ASM-007646,PROP-02549,CTY-041,2025,536373,488303,0.0984,filed,0
ASM-007647,PROP-02549,CTY-041,2026,579542,536373,0.0805,none,0
ASM-007648,PROP-02550,CTY-041,2024,464893,,0.0,none,0
ASM-007649,PROP-02550,CTY-041,2025,506818,464893,0.0902,none,0
ASM-007650,PROP-02550,CTY-041,2026,549887,506818,0.085,none,0
ASM-007651,PROP-02551,CTY-041,2024,488298,,0.0,none,0
ASM-007652,PROP-02551,CTY-041,2025,525255,488298,0.0757,none,0
ASM-007653,PROP-02551,CTY-041,2026,570565,525255,0.0863,none,0
ASM-007654,PROP-02552,CTY-041,2024,492893,,0.0,none,0
ASM-007655,PROP-02552,CTY-041,2025,528187,492893,0.0716,none,0
ASM-007656,PROP-02552,CTY-041,2026,569763,528187,0.0787,none,0
ASM-007657,PROP-02553,CTY-041,2024,637436,,0.0,none,0
ASM-007658,PROP-02553,CTY-041,2025,690888,637436,0.0839,none,0
ASM-007659,PROP-02553,CTY-041,2026,739424,690888,0.0703,none,0
ASM-007660,PROP-02554,CTY-041,2024,558702,,0.0,none,0
ASM-007661,PROP-02554,CTY-041,2025,606687,558702,0.0859,none,0
ASM-007662,PROP-02554,CTY-041,2026,642805,606687,0.0595,none,0
ASM-007663,PROP-02555,CTY-041,2024,507356,,0.0,none,0
ASM-007664,PROP-02555,CTY-041,2025,537063,507356,0.0586,none,0
ASM-007665,PROP-02555,CTY-041,2026,571535,537063,0.0642,none,0
ASM-007666,PROP-02556,CTY-041,2024,492660,,0.0,none,0
ASM-007667,PROP-02556,CTY-041,2025,515400,492660,0.0462,none,0
ASM-007668,PROP-02556,CTY-041,2026,542583,515400,0.0527,none,0
ASM-007669,PROP-02557,CTY-041,2024,533152,,0.0,none,0
ASM-007670,PROP-02557,CTY-041,2025,585466,533152,0.0981,none,0
ASM-007671,PROP-02557,CTY-041,2026,616986,585466,0.0538,none,0
ASM-007672,PROP-02558,CTY-041,2024,533414,,0.0,none,0
ASM-007673,PROP-02558,CTY-041,2025,576443,533414,0.0807,none,0
ASM-007674,PROP-02558,CTY-041,2026,603714,576443,0.0473,none,0
ASM-007675,PROP-02559,CTY-041,2024,492145,,0.0,none,0
ASM-007676,PROP-02559,CTY-041,2025,522145,492145,0.061,none,0
ASM-007677,PROP-02559,CTY-041,2026,570567,522145,0.0927,won,37829
ASM-007678,PROP-02560,CTY-041,2024,499462,,0.0,none,0
ASM-007679,PROP-02560,CTY-041,2025,519656,499462,0.0404,none,0
ASM-007680,PROP-02560,CTY-041,2026,565843,519656,0.0889,none,0
ASM-007681,PROP-02561,CTY-041,2024,539220,,0.0,none,0
ASM-007682,PROP-02561,CTY-041,2025,582585,539220,0.0804,none,0
ASM-007683,PROP-02561,CTY-041,2026,612537,582585,0.0514,none,0
ASM-007684,PROP-02562,CTY-041,2024,565186,,0.0,none,0
ASM-007685,PROP-02562,CTY-041,2025,609023,565186,0.0776,none,0
ASM-007686,PROP-02562,CTY-041,2026,657014,609023,0.0788,none,0
ASM-007687,PROP-02563,CTY-041,2024,541937,,0.0,none,0
ASM-007688,PROP-02563,CTY-041,2025,566530,541937,0.0454,none,0
ASM-007689,PROP-02563,CTY-041,2026,595849,566530,0.0518,none,0
ASM-007690,PROP-02564,CTY-041,2024,547779,,0.0,none,0
ASM-007691,PROP-02564,CTY-041,2025,580573,547779,0.0599,none,0
ASM-007692,PROP-02564,CTY-041,2026,611878,580573,0.0539,none,0
ASM-007693,PROP-02565,CTY-041,2024,583521,,0.0,none,0
ASM-007694,PROP-02565,CTY-041,2025,618209,583521,0.0594,none,0
ASM-007695,PROP-02565,CTY-041,2026,678920,618209,0.0982,none,0
ASM-007696,PROP-02566,CTY-041,2024,454173,,0.0,none,0
ASM-007697,PROP-02566,CTY-041,2025,492233,454173,0.0838,none,0
ASM-007698,PROP-02566,CTY-041,2026,512503,492233,0.0412,none,0
ASM-007699,PROP-02567,CTY-041,2024,483267,,0.0,none,0
ASM-007700,PROP-02567,CTY-041,2025,507320,483267,0.0498,none,0
ASM-007701,PROP-02567,CTY-041,2026,536089,507320,0.0567,none,0
ASM-007702,PROP-02568,CTY-041,2024,439823,,0.0,none,0
ASM-007703,PROP-02568,CTY-041,2025,466783,439823,0.0613,none,0
ASM-007704,PROP-02568,CTY-041,2026,494072,466783,0.0585,none,0
ASM-007705,PROP-02569,CTY-041,2024,557740,,0.0,none,0
ASM-007706,PROP-02569,CTY-041,2025,594824,557740,0.0665,none,0
ASM-007707,PROP-02569,CTY-041,2026,637873,594824,0.0724,none,0
ASM-007708,PROP-02570,CTY-041,2024,521437,,0.0,none,0
ASM-007709,PROP-02570,CTY-041,2025,554734,521437,0.0639,none,0
ASM-007710,PROP-02570,CTY-041,2026,584577,554734,0.0538,none,0
ASM-007711,PROP-02571,CTY-041,2024,507751,,0.0,none,0
ASM-007712,PROP-02571,CTY-041,2025,548717,507751,0.0807,none,0
ASM-007713,PROP-02571,CTY-041,2026,578610,548717,0.0545,none,0
ASM-007714,PROP-02572,CTY-041,2024,523618,,0.0,none,0
ASM-007715,PROP-02572,CTY-041,2025,567844,523618,0.0845,none,0
ASM-007716,PROP-02572,CTY-041,2026,612219,567844,0.0781,none,0
ASM-007717,PROP-02573,CTY-041,2024,537792,,0.0,none,0
ASM-007718,PROP-02573,CTY-041,2025,566360,537792,0.0531,none,0
ASM-007719,PROP-02573,CTY-041,2026,592451,566360,0.0461,none,0
ASM-007720,PROP-02574,CTY-041,2024,565705,,0.0,none,0
ASM-007721,PROP-02574,CTY-041,2025,609102,565705,0.0767,none,0
ASM-007722,PROP-02574,CTY-041,2026,645306,609102,0.0594,none,0
ASM-007723,PROP-02575,CTY-041,2024,490987,,0.0,none,0
ASM-007724,PROP-02575,CTY-041,2025,512825,490987,0.0445,none,0
ASM-007725,PROP-02575,CTY-041,2026,563041,512825,0.0979,none,0
ASM-007726,PROP-02576,CTY-041,2024,468602,,0.0,none,0
ASM-007727,PROP-02576,CTY-041,2025,492835,468602,0.0517,none,0
ASM-007728,PROP-02576,CTY-041,2026,540541,492835,0.0968,none,0
ASM-007729,PROP-02577,CTY-041,2024,502729,,0.0,none,0
ASM-007730,PROP-02577,CTY-041,2025,538744,502729,0.0716,none,0
ASM-007731,PROP-02577,CTY-041,2026,577144,538744,0.0713,none,0
ASM-007732,PROP-02578,CTY-041,2024,525423,,0.0,none,0
ASM-007733,PROP-02578,CTY-041,2025,557889,525423,0.0618,none,0
ASM-007734,PROP-02578,CTY-041,2026,612108,557889,0.0972,none,0
ASM-007735,PROP-02579,CTY-041,2024,471820,,0.0,none,0
ASM-007736,PROP-02579,CTY-041,2025,506260,471820,0.073,none,0
ASM-007737,PROP-02579,CTY-041,2026,553942,506260,0.0942,none,0
ASM-007738,PROP-02580,CTY-039,2024,361914,,0.0,none,0
ASM-007739,PROP-02580,CTY-039,2025,376604,361914,0.0406,none,0
ASM-007740,PROP-02580,CTY-039,2026,404399,376604,0.0738,none,0
ASM-007741,PROP-02581,CTY-039,2024,401882,,0.0,none,0
ASM-007742,PROP-02581,CTY-039,2025,429361,401882,0.0684,none,0
ASM-007743,PROP-02581,CTY-039,2026,450567,429361,0.0494,none,0
ASM-007744,PROP-02582,CTY-039,2024,600652,,0.0,none,0
ASM-007745,PROP-02582,CTY-039,2025,626624,600652,0.0432,none,0
ASM-007746,PROP-02582,CTY-039,2026,653120,626624,0.0423,none,0
ASM-007747,PROP-02583,CTY-039,2024,406044,,0.0,none,0
ASM-007748,PROP-02583,CTY-039,2025,431756,406044,0.0633,none,0
ASM-007749,PROP-02583,CTY-039,2026,454416,431756,0.0525,none,0
ASM-007750,PROP-02584,CTY-039,2024,438836,,0.0,none,0
ASM-007751,PROP-02584,CTY-039,2025,459544,438836,0.0472,none,0
ASM-007752,PROP-02584,CTY-039,2026,490393,459544,0.0671,none,0
ASM-007753,PROP-02585,CTY-039,2024,404671,,0.0,none,0
ASM-007754,PROP-02585,CTY-039,2025,426195,404671,0.0532,none,0
ASM-007755,PROP-02585,CTY-039,2026,447196,426195,0.0493,none,0
ASM-007756,PROP-02586,CTY-039,2024,466447,,0.0,none,0
ASM-007757,PROP-02586,CTY-039,2025,494668,466447,0.0605,none,0
ASM-007758,PROP-02586,CTY-039,2026,512073,494668,0.0352,none,0
ASM-007759,PROP-02587,CTY-039,2024,483121,,0.0,none,0
ASM-007760,PROP-02587,CTY-039,2025,513776,483121,0.0635,none,0
ASM-007761,PROP-02587,CTY-039,2026,533814,513776,0.039,none,0
ASM-007762,PROP-02588,CTY-039,2024,455754,,0.0,none,0
ASM-007763,PROP-02588,CTY-039,2025,491007,455754,0.0774,none,0
ASM-007764,PROP-02588,CTY-039,2026,512297,491007,0.0434,none,0
ASM-007765,PROP-02589,CTY-039,2024,623380,,0.0,none,0
ASM-007766,PROP-02589,CTY-039,2025,646796,623380,0.0376,none,0
ASM-007767,PROP-02589,CTY-039,2026,690412,646796,0.0674,none,0
ASM-007768,PROP-02590,CTY-039,2024,500865,,0.0,none,0
ASM-007769,PROP-02590,CTY-039,2025,535348,500865,0.0688,none,0
ASM-007770,PROP-02590,CTY-039,2026,553859,535348,0.0346,none,0
ASM-007771,PROP-02591,CTY-039,2024,463530,,0.0,none,0
ASM-007772,PROP-02591,CTY-039,2025,484019,463530,0.0442,none,0
ASM-007773,PROP-02591,CTY-039,2026,502322,484019,0.0378,none,0
ASM-007774,PROP-02592,CTY-039,2024,473501,,0.0,none,0
ASM-007775,PROP-02592,CTY-039,2025,494011,473501,0.0433,none,0
ASM-007776,PROP-02592,CTY-039,2026,529333,494011,0.0715,none,0
ASM-007777,PROP-02593,CTY-039,2024,485700,,0.0,none,0
ASM-007778,PROP-02593,CTY-039,2025,517821,485700,0.0661,none,0
ASM-007779,PROP-02593,CTY-039,2026,549521,517821,0.0612,none,0
ASM-007780,PROP-02594,CTY-039,2024,607865,,0.0,none,0
ASM-007781,PROP-02594,CTY-039,2025,641299,607865,0.055,none,0
ASM-007782,PROP-02594,CTY-039,2026,675016,641299,0.0526,none,0
ASM-007783,PROP-02595,CTY-039,2024,410332,,0.0,none,0
ASM-007784,PROP-02595,CTY-039,2025,435918,410332,0.0624,none,0
ASM-007785,PROP-02595,CTY-039,2026,465803,435918,0.0686,none,0
ASM-007786,PROP-02596,CTY-039,2024,663461,,0.0,none,0
ASM-007787,PROP-02596,CTY-039,2025,709906,663461,0.07,none,0
ASM-007788,PROP-02596,CTY-039,2026,756266,709906,0.0653,none,0
ASM-007789,PROP-02597,CTY-039,2024,413466,,0.0,none,0
ASM-007790,PROP-02597,CTY-039,2025,438097,413466,0.0596,none,0
ASM-007791,PROP-02597,CTY-039,2026,454148,438097,0.0366,none,0
ASM-007792,PROP-02598,CTY-039,2024,628089,,0.0,none,0
ASM-007793,PROP-02598,CTY-039,2025,656731,628089,0.0456,none,0
ASM-007794,PROP-02598,CTY-039,2026,703227,656731,0.0708,none,0
ASM-007795,PROP-02599,CTY-039,2024,507824,,0.0,none,0
ASM-007796,PROP-02599,CTY-039,2025,540596,507824,0.0645,none,0
ASM-007797,PROP-02599,CTY-039,2026,566836,540596,0.0485,none,0
ASM-007798,PROP-02600,CTY-039,2024,631952,,0.0,none,0
ASM-007799,PROP-02600,CTY-039,2025,669932,631952,0.0601,none,0
ASM-007800,PROP-02600,CTY-039,2026,695361,669932,0.038,none,0
ASM-007801,PROP-02601,CTY-039,2024,556895,,0.0,none,0
ASM-007802,PROP-02601,CTY-039,2025,594716,556895,0.0679,none,0
ASM-007803,PROP-02601,CTY-039,2026,618531,594716,0.04,none,0
ASM-007804,PROP-02602,CTY-039,2024,555444,,0.0,none,0
ASM-007805,PROP-02602,CTY-039,2025,591056,555444,0.0641,none,0
ASM-007806,PROP-02602,CTY-039,2026,611034,591056,0.0338,none,0
ASM-007807,PROP-02603,CTY-039,2024,424116,,0.0,none,0
ASM-007808,PROP-02603,CTY-039,2025,441738,424116,0.0415,none,0
ASM-007809,PROP-02603,CTY-039,2026,476181,441738,0.078,none,0
ASM-007810,PROP-02604,CTY-039,2024,372418,,0.0,none,0
ASM-007811,PROP-02604,CTY-039,2025,387820,372418,0.0414,none,0
ASM-007812,PROP-02604,CTY-039,2026,413732,387820,0.0668,none,0
ASM-007813,PROP-02605,CTY-039,2024,507741,,0.0,none,0
ASM-007814,PROP-02605,CTY-039,2025,538486,507741,0.0606,none,0
ASM-007815,PROP-02605,CTY-039,2026,577880,538486,0.0732,none,0
ASM-007816,PROP-02606,CTY-039,2024,601454,,0.0,none,0
ASM-007817,PROP-02606,CTY-039,2025,630846,601454,0.0489,none,0
ASM-007818,PROP-02606,CTY-039,2026,672815,630846,0.0665,none,0
ASM-007819,PROP-02607,CTY-039,2024,532204,,0.0,none,0
ASM-007820,PROP-02607,CTY-039,2025,555973,532204,0.0447,none,0
ASM-007821,PROP-02607,CTY-039,2026,581819,555973,0.0465,none,0
ASM-007822,PROP-02608,CTY-039,2024,510277,,0.0,none,0
ASM-007823,PROP-02608,CTY-039,2025,539759,510277,0.0578,none,0
ASM-007824,PROP-02608,CTY-039,2026,559320,539759,0.0362,none,0
ASM-007825,PROP-02609,CTY-039,2024,443007,,0.0,none,0
ASM-007826,PROP-02609,CTY-039,2025,461291,443007,0.0413,none,0
ASM-007827,PROP-02609,CTY-039,2026,480590,461291,0.0418,none,0
ASM-007828,PROP-02610,CTY-039,2024,428748,,0.0,none,0
ASM-007829,PROP-02610,CTY-039,2025,462107,428748,0.0778,none,0
ASM-007830,PROP-02610,CTY-039,2026,488955,462107,0.0581,none,0
ASM-007831,PROP-02611,CTY-039,2024,497181,,0.0,none,0
ASM-007832,PROP-02611,CTY-039,2025,522698,497181,0.0513,none,0
ASM-007833,PROP-02611,CTY-039,2026,540265,522698,0.0336,none,0
ASM-007834,PROP-02612,CTY-039,2024,619855,,0.0,none,0
ASM-007835,PROP-02612,CTY-039,2025,666414,619855,0.0751,none,0
ASM-007836,PROP-02612,CTY-039,2026,705822,666414,0.0591,none,0
ASM-007837,PROP-02613,CTY-039,2024,566607,,0.0,none,0
ASM-007838,PROP-02613,CTY-039,2025,589494,566607,0.0404,none,0
ASM-007839,PROP-02613,CTY-039,2026,630425,589494,0.0694,none,0
ASM-007840,PROP-02614,CTY-039,2024,495053,,0.0,none,0
ASM-007841,PROP-02614,CTY-039,2025,525266,495053,0.061,none,0
ASM-007842,PROP-02614,CTY-039,2026,556813,525266,0.0601,none,0
ASM-007843,PROP-02615,CTY-039,2024,333099,,0.0,none,0
ASM-007844,PROP-02615,CTY-039,2025,357307,333099,0.0727,none,0
ASM-007845,PROP-02615,CTY-039,2026,375505,357307,0.0509,none,0
ASM-007846,PROP-02616,CTY-039,2024,538044,,0.0,none,0
ASM-007847,PROP-02616,CTY-039,2025,575569,538044,0.0697,none,0
ASM-007848,PROP-02616,CTY-039,2026,620821,575569,0.0786,none,0
ASM-007849,PROP-02617,CTY-039,2024,446252,,0.0,none,0
ASM-007850,PROP-02617,CTY-039,2025,479511,446252,0.0745,none,0
ASM-007851,PROP-02617,CTY-039,2026,503532,479511,0.0501,none,0
ASM-007852,PROP-02618,CTY-039,2024,390167,,0.0,none,0
ASM-007853,PROP-02618,CTY-039,2025,412515,390167,0.0573,none,0
ASM-007854,PROP-02618,CTY-039,2026,438412,412515,0.0628,none,0
ASM-007855,PROP-02619,CTY-039,2024,664131,,0.0,none,0
ASM-007856,PROP-02619,CTY-039,2025,712012,664131,0.0721,none,0
ASM-007857,PROP-02619,CTY-039,2026,763349,712012,0.0721,none,0
ASM-007858,PROP-02620,CTY-039,2024,400618,,0.0,none,0
ASM-007859,PROP-02620,CTY-039,2025,416181,400618,0.0388,none,0
ASM-007860,PROP-02620,CTY-039,2026,433271,416181,0.0411,none,0
ASM-007861,PROP-02621,CTY-039,2024,419526,,0.0,none,0
ASM-007862,PROP-02621,CTY-039,2025,448729,419526,0.0696,none,0
ASM-007863,PROP-02621,CTY-039,2026,477174,448729,0.0634,none,0
ASM-007864,PROP-02622,CTY-039,2024,343923,,0.0,none,0
ASM-007865,PROP-02622,CTY-039,2025,367604,343923,0.0689,none,0
ASM-007866,PROP-02622,CTY-039,2026,389094,367604,0.0585,none,0
ASM-007867,PROP-02623,CTY-039,2024,374970,,0.0,none,0
ASM-007868,PROP-02623,CTY-039,2025,403068,374970,0.0749,none,0
ASM-007869,PROP-02623,CTY-039,2026,431927,403068,0.0716,none,0
ASM-007870,PROP-02624,CTY-039,2024,453885,,0.0,none,0
ASM-007871,PROP-02624,CTY-039,2025,469958,453885,0.0354,none,0
ASM-007872,PROP-02624,CTY-039,2026,503408,469958,0.0712,none,0
ASM-007873,PROP-02625,CTY-039,2024,372138,,0.0,none,0
ASM-007874,PROP-02625,CTY-039,2025,398249,372138,0.0702,none,0
ASM-007875,PROP-02625,CTY-039,2026,417840,398249,0.0492,none,0
ASM-007876,PROP-02626,CTY-039,2024,423151,,0.0,none,0
ASM-007877,PROP-02626,CTY-039,2025,438282,423151,0.0358,none,0
ASM-007878,PROP-02626,CTY-039,2026,470327,438282,0.0731,none,0
ASM-007879,PROP-02627,CTY-039,2024,533031,,0.0,none,0
ASM-007880,PROP-02627,CTY-039,2025,561569,533031,0.0535,none,0
ASM-007881,PROP-02627,CTY-039,2026,588886,561569,0.0486,none,0
ASM-007882,PROP-02628,CTY-039,2024,425676,,0.0,none,0
ASM-007883,PROP-02628,CTY-039,2025,442821,425676,0.0403,none,0
ASM-007884,PROP-02628,CTY-039,2026,466579,442821,0.0537,none,0
ASM-007885,PROP-02629,CTY-039,2024,310098,,0.0,none,0
ASM-007886,PROP-02629,CTY-039,2025,326292,310098,0.0522,none,0
ASM-007887,PROP-02629,CTY-039,2026,346679,326292,0.0625,none,0
ASM-007888,PROP-02630,CTY-039,2024,488707,,0.0,none,0
ASM-007889,PROP-02630,CTY-039,2025,519192,488707,0.0624,none,0
ASM-007890,PROP-02630,CTY-039,2026,545331,519192,0.0503,none,0
ASM-007891,PROP-02631,CTY-039,2024,529546,,0.0,none,0
ASM-007892,PROP-02631,CTY-039,2025,560888,529546,0.0592,none,0
ASM-007893,PROP-02631,CTY-039,2026,584959,560888,0.0429,none,0
ASM-007894,PROP-02632,CTY-039,2024,542299,,0.0,none,0
ASM-007895,PROP-02632,CTY-039,2025,572634,542299,0.0559,none,0
ASM-007896,PROP-02632,CTY-039,2026,614962,572634,0.0739,none,0
ASM-007897,PROP-02633,CTY-039,2024,522208,,0.0,none,0
ASM-007898,PROP-02633,CTY-039,2025,556351,522208,0.0654,none,0
ASM-007899,PROP-02633,CTY-039,2026,580192,556351,0.0429,none,0
ASM-007900,PROP-02634,CTY-039,2024,390822,,0.0,none,0
ASM-007901,PROP-02634,CTY-039,2025,407233,390822,0.042,none,0
ASM-007902,PROP-02634,CTY-039,2026,428430,407233,0.0521,none,0
ASM-007903,PROP-02635,CTY-039,2024,434129,,0.0,none,0
ASM-007904,PROP-02635,CTY-039,2025,451327,434129,0.0396,none,0
ASM-007905,PROP-02635,CTY-039,2026,480233,451327,0.064,none,0
ASM-007906,PROP-02636,CTY-039,2024,517764,,0.0,none,0
ASM-007907,PROP-02636,CTY-039,2025,542709,517764,0.0482,none,0
ASM-007908,PROP-02636,CTY-039,2026,585177,542709,0.0783,none,0
ASM-007909,PROP-02637,CTY-039,2024,514287,,0.0,none,0
ASM-007910,PROP-02637,CTY-039,2025,538534,514287,0.0471,none,0
ASM-007911,PROP-02637,CTY-039,2026,568337,538534,0.0553,none,0
ASM-007912,PROP-02638,CTY-039,2024,480856,,0.0,none,0
ASM-007913,PROP-02638,CTY-039,2025,503707,480856,0.0475,none,0
ASM-007914,PROP-02638,CTY-039,2026,534727,503707,0.0616,none,0
ASM-007915,PROP-02639,CTY-039,2024,463246,,0.0,none,0
ASM-007916,PROP-02639,CTY-039,2025,493535,463246,0.0654,none,0
ASM-007917,PROP-02639,CTY-039,2026,513267,493535,0.04,none,0
ASM-007918,PROP-02640,CTY-039,2024,525929,,0.0,none,0
ASM-007919,PROP-02640,CTY-039,2025,563582,525929,0.0716,none,0
ASM-007920,PROP-02640,CTY-039,2026,593384,563582,0.0529,none,0
ASM-007921,PROP-02641,CTY-039,2024,398521,,0.0,none,0
ASM-007922,PROP-02641,CTY-039,2025,414052,398521,0.039,none,0
ASM-007923,PROP-02641,CTY-039,2026,438622,414052,0.0593,none,0
ASM-007924,PROP-02642,CTY-039,2024,510662,,0.0,none,0
ASM-007925,PROP-02642,CTY-039,2025,541765,510662,0.0609,none,0
ASM-007926,PROP-02642,CTY-039,2026,565708,541765,0.0442,none,0
ASM-007927,PROP-02643,CTY-039,2024,417329,,0.0,none,0
ASM-007928,PROP-02643,CTY-039,2025,431041,417329,0.0329,none,0
ASM-007929,PROP-02643,CTY-039,2026,461754,431041,0.0713,none,0
ASM-007930,PROP-02644,CTY-039,2024,540217,,0.0,none,0
ASM-007931,PROP-02644,CTY-039,2025,563166,540217,0.0425,none,0
ASM-007932,PROP-02644,CTY-039,2026,600200,563166,0.0658,none,0
ASM-007933,PROP-02645,CTY-039,2024,564172,,0.0,none,0
ASM-007934,PROP-02645,CTY-039,2025,583952,564172,0.0351,none,0
ASM-007935,PROP-02645,CTY-039,2026,605348,583952,0.0366,none,0
ASM-007936,PROP-02646,CTY-039,2024,640501,,0.0,none,0
ASM-007937,PROP-02646,CTY-039,2025,682837,640501,0.0661,none,0
ASM-007938,PROP-02646,CTY-039,2026,731093,682837,0.0707,none,0
ASM-007939,PROP-02647,CTY-039,2024,488187,,0.0,none,0
ASM-007940,PROP-02647,CTY-039,2025,504630,488187,0.0337,none,0
ASM-007941,PROP-02647,CTY-039,2026,544062,504630,0.0781,none,0
ASM-007942,PROP-02648,CTY-042,2024,500437,,0.0,none,0
ASM-007943,PROP-02648,CTY-042,2025,544775,500437,0.0886,none,0
ASM-007944,PROP-02648,CTY-042,2026,600021,544775,0.1014,none,0
ASM-007945,PROP-02649,CTY-042,2024,446410,,0.0,none,0
ASM-007946,PROP-02649,CTY-042,2025,476712,446410,0.0679,none,0
ASM-007947,PROP-02649,CTY-042,2026,525135,476712,0.1016,none,0
ASM-007948,PROP-02650,CTY-042,2024,459966,,0.0,none,0
ASM-007949,PROP-02650,CTY-042,2025,503815,459966,0.0953,none,0
ASM-007950,PROP-02650,CTY-042,2026,527659,503815,0.0473,none,0
ASM-007951,PROP-02651,CTY-042,2024,450370,,0.0,none,0
ASM-007952,PROP-02651,CTY-042,2025,480804,450370,0.0676,none,0
ASM-007953,PROP-02651,CTY-042,2026,522701,480804,0.0871,none,0
ASM-007954,PROP-02652,CTY-042,2024,511131,,0.0,none,0
ASM-007955,PROP-02652,CTY-042,2025,558417,511131,0.0925,none,0
ASM-007956,PROP-02652,CTY-042,2026,605300,558417,0.084,none,0
ASM-007957,PROP-02653,CTY-042,2024,540739,,0.0,none,0
ASM-007958,PROP-02653,CTY-042,2025,567895,540739,0.0502,none,0
ASM-007959,PROP-02653,CTY-042,2026,595393,567895,0.0484,none,0
ASM-007960,PROP-02654,CTY-042,2024,563642,,0.0,none,0
ASM-007961,PROP-02654,CTY-042,2025,616333,563642,0.0935,won,48756
ASM-007962,PROP-02654,CTY-042,2026,645836,616333,0.0479,none,0
ASM-007963,PROP-02655,CTY-042,2024,521716,,0.0,none,0
ASM-007964,PROP-02655,CTY-042,2025,568960,521716,0.0906,none,0
ASM-007965,PROP-02655,CTY-042,2026,600131,568960,0.0548,none,0
ASM-007966,PROP-02656,CTY-042,2024,588625,,0.0,none,0
ASM-007967,PROP-02656,CTY-042,2025,647134,588625,0.0994,won,58894
ASM-007968,PROP-02656,CTY-042,2026,711240,647134,0.0991,none,0
ASM-007969,PROP-02657,CTY-042,2024,423627,,0.0,none,0
ASM-007970,PROP-02657,CTY-042,2025,441068,423627,0.0412,none,0
ASM-007971,PROP-02657,CTY-042,2026,459980,441068,0.0429,none,0
ASM-007972,PROP-02658,CTY-042,2024,454065,,0.0,none,0
ASM-007973,PROP-02658,CTY-042,2025,478857,454065,0.0546,none,0
ASM-007974,PROP-02658,CTY-042,2026,498773,478857,0.0416,none,0
ASM-007975,PROP-02659,CTY-042,2024,557113,,0.0,none,0
ASM-007976,PROP-02659,CTY-042,2025,591086,557113,0.061,none,0
ASM-007977,PROP-02659,CTY-042,2026,646521,591086,0.0938,won,24407
ASM-007978,PROP-02660,CTY-042,2024,475280,,0.0,none,0
ASM-007979,PROP-02660,CTY-042,2025,500726,475280,0.0535,none,0
ASM-007980,PROP-02660,CTY-042,2026,532915,500726,0.0643,none,0
ASM-007981,PROP-02661,CTY-042,2024,601825,,0.0,none,0
ASM-007982,PROP-02661,CTY-042,2025,632999,601825,0.0518,none,0
ASM-007983,PROP-02661,CTY-042,2026,690002,632999,0.0901,filed,0
ASM-007984,PROP-02662,CTY-042,2024,551968,,0.0,none,0
ASM-007985,PROP-02662,CTY-042,2025,600052,551968,0.0871,none,0
ASM-007986,PROP-02662,CTY-042,2026,660915,600052,0.1014,none,0
ASM-007987,PROP-02663,CTY-042,2024,442694,,0.0,none,0
ASM-007988,PROP-02663,CTY-042,2025,478626,442694,0.0812,none,0
ASM-007989,PROP-02663,CTY-042,2026,513290,478626,0.0724,none,0
ASM-007990,PROP-02664,CTY-042,2024,487805,,0.0,none,0
ASM-007991,PROP-02664,CTY-042,2025,528046,487805,0.0825,none,0
ASM-007992,PROP-02664,CTY-042,2026,556596,528046,0.0541,none,0
ASM-007993,PROP-02665,CTY-042,2024,576841,,0.0,none,0
ASM-007994,PROP-02665,CTY-042,2025,609978,576841,0.0574,none,0
ASM-007995,PROP-02665,CTY-042,2026,667879,609978,0.0949,none,0
ASM-007996,PROP-02666,CTY-042,2024,473255,,0.0,none,0
ASM-007997,PROP-02666,CTY-042,2025,520045,473255,0.0989,filed,0
ASM-007998,PROP-02666,CTY-042,2026,559034,520045,0.075,none,0
ASM-007999,PROP-02667,CTY-042,2024,455237,,0.0,none,0
ASM-008000,PROP-02667,CTY-042,2025,493822,455237,0.0848,none,0
ASM-008001,PROP-02667,CTY-042,2026,519889,493822,0.0528,none,0
ASM-008002,PROP-02668,CTY-042,2024,470482,,0.0,none,0
ASM-008003,PROP-02668,CTY-042,2025,510784,470482,0.0857,none,0
ASM-008004,PROP-02668,CTY-042,2026,558559,510784,0.0935,none,0
ASM-008005,PROP-02669,CTY-042,2024,532053,,0.0,none,0
ASM-008006,PROP-02669,CTY-042,2025,559987,532053,0.0525,none,0
ASM-008007,PROP-02669,CTY-042,2026,592066,559987,0.0573,none,0
ASM-008008,PROP-02670,CTY-042,2024,421737,,0.0,none,0
ASM-008009,PROP-02670,CTY-042,2025,457978,421737,0.0859,none,0
ASM-008010,PROP-02670,CTY-042,2026,498483,457978,0.0884,none,0
ASM-008011,PROP-02671,CTY-042,2024,412084,,0.0,none,0
ASM-008012,PROP-02671,CTY-042,2025,437316,412084,0.0612,none,0
ASM-008013,PROP-02671,CTY-042,2026,476740,437316,0.0901,won,46250
ASM-008014,PROP-02672,CTY-042,2024,433605,,0.0,none,0
ASM-008015,PROP-02672,CTY-042,2025,455283,433605,0.05,none,0
ASM-008016,PROP-02672,CTY-042,2026,497792,455283,0.0934,none,0
ASM-008017,PROP-02673,CTY-042,2024,493146,,0.0,none,0
ASM-008018,PROP-02673,CTY-042,2025,533592,493146,0.082,none,0
ASM-008019,PROP-02673,CTY-042,2026,568229,533592,0.0649,none,0
ASM-008020,PROP-02674,CTY-042,2024,473839,,0.0,none,0
ASM-008021,PROP-02674,CTY-042,2025,517207,473839,0.0915,none,0
ASM-008022,PROP-02674,CTY-042,2026,557197,517207,0.0773,none,0
ASM-008023,PROP-02675,CTY-042,2024,433338,,0.0,none,0
ASM-008024,PROP-02675,CTY-042,2025,474331,433338,0.0946,none,0
ASM-008025,PROP-02675,CTY-042,2026,518304,474331,0.0927,won,41535
ASM-008026,PROP-02676,CTY-042,2024,562244,,0.0,none,0
ASM-008027,PROP-02676,CTY-042,2025,594321,562244,0.0571,none,0
ASM-008028,PROP-02676,CTY-042,2026,624685,594321,0.0511,none,0
ASM-008029,PROP-02677,CTY-042,2024,549108,,0.0,none,0
ASM-008030,PROP-02677,CTY-042,2025,589243,549108,0.0731,none,0
ASM-008031,PROP-02677,CTY-042,2026,633815,589243,0.0756,none,0
ASM-008032,PROP-02678,CTY-042,2024,527942,,0.0,none,0
ASM-008033,PROP-02678,CTY-042,2025,557142,527942,0.0553,none,0
ASM-008034,PROP-02678,CTY-042,2026,588212,557142,0.0558,none,0
ASM-008035,PROP-02679,CTY-042,2024,528919,,0.0,none,0
ASM-008036,PROP-02679,CTY-042,2025,570800,528919,0.0792,none,0
ASM-008037,PROP-02679,CTY-042,2026,618135,570800,0.0829,none,0
ASM-008038,PROP-02680,CTY-042,2024,458568,,0.0,none,0
ASM-008039,PROP-02680,CTY-042,2025,484151,458568,0.0558,none,0
ASM-008040,PROP-02680,CTY-042,2026,524010,484151,0.0823,none,0
ASM-008041,PROP-02681,CTY-042,2024,573711,,0.0,none,0
ASM-008042,PROP-02681,CTY-042,2025,600088,573711,0.046,none,0
ASM-008043,PROP-02681,CTY-042,2026,657227,600088,0.0952,none,0
ASM-008044,PROP-02682,CTY-042,2024,629619,,0.0,none,0
ASM-008045,PROP-02682,CTY-042,2025,669338,629619,0.0631,none,0
ASM-008046,PROP-02682,CTY-042,2026,697163,669338,0.0416,none,0
ASM-008047,PROP-02683,CTY-042,2024,463690,,0.0,none,0
ASM-008048,PROP-02683,CTY-042,2025,496313,463690,0.0704,none,0
ASM-008049,PROP-02683,CTY-042,2026,544682,496313,0.0975,none,0
ASM-008050,PROP-02684,CTY-042,2024,509879,,0.0,none,0
ASM-008051,PROP-02684,CTY-042,2025,555565,509879,0.0896,none,0
ASM-008052,PROP-02684,CTY-042,2026,612033,555565,0.1016,filed,0
ASM-008053,PROP-02685,CTY-042,2024,454876,,0.0,none,0
ASM-008054,PROP-02685,CTY-042,2025,479489,454876,0.0541,none,0
ASM-008055,PROP-02685,CTY-042,2026,518039,479489,0.0804,none,0
ASM-008056,PROP-02686,CTY-042,2024,546808,,0.0,none,0
ASM-008057,PROP-02686,CTY-042,2025,596158,546808,0.0903,none,0
ASM-008058,PROP-02686,CTY-042,2026,621598,596158,0.0427,none,0
ASM-008059,PROP-02687,CTY-042,2024,508553,,0.0,none,0
ASM-008060,PROP-02687,CTY-042,2025,552452,508553,0.0863,none,0
ASM-008061,PROP-02687,CTY-042,2026,595798,552452,0.0785,none,0
ASM-008062,PROP-02688,CTY-042,2024,514524,,0.0,none,0
ASM-008063,PROP-02688,CTY-042,2025,539985,514524,0.0495,none,0
ASM-008064,PROP-02688,CTY-042,2026,586120,539985,0.0854,none,0
ASM-008065,PROP-02689,CTY-042,2024,535138,,0.0,none,0
ASM-008066,PROP-02689,CTY-042,2025,563674,535138,0.0533,none,0
ASM-008067,PROP-02689,CTY-042,2026,589266,563674,0.0454,none,0
ASM-008068,PROP-02690,CTY-042,2024,420194,,0.0,none,0
ASM-008069,PROP-02690,CTY-042,2025,449627,420194,0.07,none,0
ASM-008070,PROP-02690,CTY-042,2026,474677,449627,0.0557,none,0
ASM-008071,PROP-02691,CTY-042,2024,558117,,0.0,none,0
ASM-008072,PROP-02691,CTY-042,2025,593271,558117,0.063,none,0
ASM-008073,PROP-02691,CTY-042,2026,645913,593271,0.0887,none,0
ASM-008074,PROP-02692,CTY-042,2024,541709,,0.0,none,0
ASM-008075,PROP-02692,CTY-042,2025,593061,541709,0.0948,none,0
ASM-008076,PROP-02692,CTY-042,2026,640032,593061,0.0792,none,0
ASM-008077,PROP-02693,CTY-042,2024,447853,,0.0,none,0
ASM-008078,PROP-02693,CTY-042,2025,470170,447853,0.0498,none,0
ASM-008079,PROP-02693,CTY-042,2026,510686,470170,0.0862,none,0
ASM-008080,PROP-02694,CTY-042,2024,547354,,0.0,none,0
ASM-008081,PROP-02694,CTY-042,2025,596815,547354,0.0904,none,0
ASM-008082,PROP-02694,CTY-042,2026,634941,596815,0.0639,none,0
ASM-008083,PROP-02695,CTY-042,2024,586871,,0.0,none,0
ASM-008084,PROP-02695,CTY-042,2025,629095,586871,0.0719,none,0
ASM-008085,PROP-02695,CTY-042,2026,686892,629095,0.0919,none,0
ASM-008086,PROP-02696,CTY-042,2024,464783,,0.0,none,0
ASM-008087,PROP-02696,CTY-042,2025,510838,464783,0.0991,none,0
ASM-008088,PROP-02696,CTY-042,2026,535567,510838,0.0484,none,0
ASM-008089,PROP-02697,CTY-042,2024,503547,,0.0,none,0
ASM-008090,PROP-02697,CTY-042,2025,553550,503547,0.0993,filed,0
ASM-008091,PROP-02697,CTY-042,2026,597340,553550,0.0791,none,0
ASM-008092,PROP-02698,CTY-042,2024,451680,,0.0,none,0
ASM-008093,PROP-02698,CTY-042,2025,478964,451680,0.0604,none,0
ASM-008094,PROP-02698,CTY-042,2026,518085,478964,0.0817,none,0
ASM-008095,PROP-02699,CTY-042,2024,470852,,0.0,none,0
ASM-008096,PROP-02699,CTY-042,2025,509521,470852,0.0821,none,0
ASM-008097,PROP-02699,CTY-042,2026,559164,509521,0.0974,won,50171
ASM-008098,PROP-02700,CTY-042,2024,483759,,0.0,none,0
ASM-008099,PROP-02700,CTY-042,2025,517875,483759,0.0705,none,0
ASM-008100,PROP-02700,CTY-042,2026,557548,517875,0.0766,none,0
ASM-008101,PROP-02701,CTY-042,2024,514233,,0.0,none,0
ASM-008102,PROP-02701,CTY-042,2025,563891,514233,0.0966,filed,0
ASM-008103,PROP-02701,CTY-042,2026,608394,563891,0.0789,none,0
ASM-008104,PROP-02702,CTY-042,2024,530195,,0.0,none,0
ASM-008105,PROP-02702,CTY-042,2025,572494,530195,0.0798,none,0
ASM-008106,PROP-02702,CTY-042,2026,620557,572494,0.084,none,0
ASM-008107,PROP-02703,CTY-042,2024,420318,,0.0,none,0
ASM-008108,PROP-02703,CTY-042,2025,459414,420318,0.093,won,18261
ASM-008109,PROP-02703,CTY-042,2026,479019,459414,0.0427,none,0
ASM-008110,PROP-02704,CTY-041,2024,425270,,0.0,none,0
ASM-008111,PROP-02704,CTY-041,2025,454366,425270,0.0684,none,0
ASM-008112,PROP-02704,CTY-041,2026,492795,454366,0.0846,none,0
ASM-008113,PROP-02705,CTY-041,2024,491029,,0.0,none,0
ASM-008114,PROP-02705,CTY-041,2025,540324,491029,0.1004,none,0
ASM-008115,PROP-02705,CTY-041,2026,577744,540324,0.0693,none,0
ASM-008116,PROP-02706,CTY-041,2024,534056,,0.0,none,0
ASM-008117,PROP-02706,CTY-041,2025,569341,534056,0.0661,none,0
ASM-008118,PROP-02706,CTY-041,2026,611199,569341,0.0735,none,0
ASM-008119,PROP-02707,CTY-041,2024,678860,,0.0,none,0
ASM-008120,PROP-02707,CTY-041,2025,724835,678860,0.0677,none,0
ASM-008121,PROP-02707,CTY-041,2026,754328,724835,0.0407,none,0
ASM-008122,PROP-02708,CTY-041,2024,525516,,0.0,none,0
ASM-008123,PROP-02708,CTY-041,2025,578392,525516,0.1006,none,0
ASM-008124,PROP-02708,CTY-041,2026,628107,578392,0.086,none,0
ASM-008125,PROP-02709,CTY-041,2024,552379,,0.0,none,0
ASM-008126,PROP-02709,CTY-041,2025,607927,552379,0.1006,lost,0
ASM-008127,PROP-02709,CTY-041,2026,643488,607927,0.0585,none,0
ASM-008128,PROP-02710,CTY-041,2024,428441,,0.0,none,0
ASM-008129,PROP-02710,CTY-041,2025,446057,428441,0.0411,none,0
ASM-008130,PROP-02710,CTY-041,2026,475600,446057,0.0662,none,0
ASM-008131,PROP-02711,CTY-041,2024,328703,,0.0,none,0
ASM-008132,PROP-02711,CTY-041,2025,348899,328703,0.0614,none,0
ASM-008133,PROP-02711,CTY-041,2026,375497,348899,0.0762,none,0
ASM-008134,PROP-02712,CTY-041,2024,477040,,0.0,none,0
ASM-008135,PROP-02712,CTY-041,2025,521827,477040,0.0939,none,0
ASM-008136,PROP-02712,CTY-041,2026,557823,521827,0.069,none,0
ASM-008137,PROP-02713,CTY-041,2024,507289,,0.0,none,0
ASM-008138,PROP-02713,CTY-041,2025,540305,507289,0.0651,none,0
ASM-008139,PROP-02713,CTY-041,2026,587104,540305,0.0866,none,0
ASM-008140,PROP-02714,CTY-041,2024,447557,,0.0,none,0
ASM-008141,PROP-02714,CTY-041,2025,481297,447557,0.0754,none,0
ASM-008142,PROP-02714,CTY-041,2026,527457,481297,0.0959,none,0
ASM-008143,PROP-02715,CTY-041,2024,517723,,0.0,none,0
ASM-008144,PROP-02715,CTY-041,2025,550387,517723,0.0631,none,0
ASM-008145,PROP-02715,CTY-041,2026,581218,550387,0.056,none,0
ASM-008146,PROP-02716,CTY-041,2024,455854,,0.0,none,0
ASM-008147,PROP-02716,CTY-041,2025,483494,455854,0.0606,none,0
ASM-008148,PROP-02716,CTY-041,2026,519885,483494,0.0753,none,0
ASM-008149,PROP-02717,CTY-041,2024,484636,,0.0,none,0
ASM-008150,PROP-02717,CTY-041,2025,505492,484636,0.043,none,0
ASM-008151,PROP-02717,CTY-041,2026,553110,505492,0.0942,none,0
ASM-008152,PROP-02718,CTY-041,2024,477680,,0.0,none,0
ASM-008153,PROP-02718,CTY-041,2025,503456,477680,0.054,none,0
ASM-008154,PROP-02718,CTY-041,2026,531731,503456,0.0562,none,0
ASM-008155,PROP-02719,CTY-041,2024,381550,,0.0,none,0
ASM-008156,PROP-02719,CTY-041,2025,407957,381550,0.0692,none,0
ASM-008157,PROP-02719,CTY-041,2026,447090,407957,0.0959,lost,0
ASM-008158,PROP-02720,CTY-041,2024,616105,,0.0,none,0
ASM-008159,PROP-02720,CTY-041,2025,658525,616105,0.0689,none,0
ASM-008160,PROP-02720,CTY-041,2026,692413,658525,0.0515,none,0
ASM-008161,PROP-02721,CTY-041,2024,506272,,0.0,none,0
ASM-008162,PROP-02721,CTY-041,2025,543666,506272,0.0739,none,0
ASM-008163,PROP-02721,CTY-041,2026,573303,543666,0.0545,none,0
ASM-008164,PROP-02722,CTY-041,2024,582457,,0.0,none,0
ASM-008165,PROP-02722,CTY-041,2025,620264,582457,0.0649,none,0
ASM-008166,PROP-02722,CTY-041,2026,651864,620264,0.0509,none,0
ASM-008167,PROP-02723,CTY-041,2024,437403,,0.0,none,0
ASM-008168,PROP-02723,CTY-041,2025,463853,437403,0.0605,none,0
ASM-008169,PROP-02723,CTY-041,2026,502604,463853,0.0835,none,0
ASM-008170,PROP-02724,CTY-041,2024,459827,,0.0,none,0
ASM-008171,PROP-02724,CTY-041,2025,483579,459827,0.0517,none,0
ASM-008172,PROP-02724,CTY-041,2026,523078,483579,0.0817,none,0
ASM-008173,PROP-02725,CTY-041,2024,539416,,0.0,none,0
ASM-008174,PROP-02725,CTY-041,2025,561976,539416,0.0418,none,0
ASM-008175,PROP-02725,CTY-041,2026,606998,561976,0.0801,none,0
ASM-008176,PROP-02726,CTY-041,2024,440328,,0.0,none,0
ASM-008177,PROP-02726,CTY-041,2025,464098,440328,0.054,none,0
ASM-008178,PROP-02726,CTY-041,2026,506368,464098,0.0911,filed,0
ASM-008179,PROP-02727,CTY-041,2024,601897,,0.0,none,0
ASM-008180,PROP-02727,CTY-041,2025,657358,601897,0.0921,filed,0
ASM-008181,PROP-02727,CTY-041,2026,705283,657358,0.0729,none,0
ASM-008182,PROP-02728,CTY-041,2024,522094,,0.0,none,0
ASM-008183,PROP-02728,CTY-041,2025,556287,522094,0.0655,none,0
ASM-008184,PROP-02728,CTY-041,2026,585389,556287,0.0523,none,0
ASM-008185,PROP-02729,CTY-041,2024,461858,,0.0,none,0
ASM-008186,PROP-02729,CTY-041,2025,489810,461858,0.0605,none,0
ASM-008187,PROP-02729,CTY-041,2026,535689,489810,0.0937,lost,0
ASM-008188,PROP-02730,CTY-041,2024,504237,,0.0,none,0
ASM-008189,PROP-02730,CTY-041,2025,537243,504237,0.0655,none,0
ASM-008190,PROP-02730,CTY-041,2026,574429,537243,0.0692,none,0
ASM-008191,PROP-02731,CTY-041,2024,579716,,0.0,none,0
ASM-008192,PROP-02731,CTY-041,2025,617882,579716,0.0658,none,0
ASM-008193,PROP-02731,CTY-041,2026,664315,617882,0.0751,none,0
ASM-008194,PROP-02732,CTY-041,2024,389265,,0.0,none,0
ASM-008195,PROP-02732,CTY-041,2025,418465,389265,0.075,none,0
ASM-008196,PROP-02732,CTY-041,2026,444586,418465,0.0624,none,0
ASM-008197,PROP-02733,CTY-041,2024,453646,,0.0,none,0
ASM-008198,PROP-02733,CTY-041,2025,474871,453646,0.0468,none,0
ASM-008199,PROP-02733,CTY-041,2026,503256,474871,0.0598,none,0
ASM-008200,PROP-02734,CTY-041,2024,450658,,0.0,none,0
ASM-008201,PROP-02734,CTY-041,2025,475808,450658,0.0558,none,0
ASM-008202,PROP-02734,CTY-041,2026,514292,475808,0.0809,none,0
ASM-008203,PROP-02735,CTY-041,2024,538166,,0.0,none,0
ASM-008204,PROP-02735,CTY-041,2025,565754,538166,0.0513,none,0
ASM-008205,PROP-02735,CTY-041,2026,607501,565754,0.0738,none,0
ASM-008206,PROP-02736,CTY-041,2024,508647,,0.0,none,0
ASM-008207,PROP-02736,CTY-041,2025,538429,508647,0.0586,none,0
ASM-008208,PROP-02736,CTY-041,2026,586949,538429,0.0901,filed,0
ASM-008209,PROP-02737,CTY-041,2024,477725,,0.0,none,0
ASM-008210,PROP-02737,CTY-041,2025,507868,477725,0.0631,none,0
ASM-008211,PROP-02737,CTY-041,2026,553826,507868,0.0905,none,0
ASM-008212,PROP-02738,CTY-041,2024,577881,,0.0,none,0
ASM-008213,PROP-02738,CTY-041,2025,617772,577881,0.069,none,0
ASM-008214,PROP-02738,CTY-041,2026,674347,617772,0.0916,none,0
ASM-008215,PROP-02739,CTY-041,2024,382826,,0.0,none,0
ASM-008216,PROP-02739,CTY-041,2025,406644,382826,0.0622,none,0
ASM-008217,PROP-02739,CTY-041,2026,446575,406644,0.0982,none,0
ASM-008218,PROP-02740,CTY-041,2024,381851,,0.0,none,0
ASM-008219,PROP-02740,CTY-041,2025,410509,381851,0.0751,none,0
ASM-008220,PROP-02740,CTY-041,2026,433172,410509,0.0552,none,0
ASM-008221,PROP-02741,CTY-041,2024,609468,,0.0,none,0
ASM-008222,PROP-02741,CTY-041,2025,658552,609468,0.0805,none,0
ASM-008223,PROP-02741,CTY-041,2026,719174,658552,0.0921,none,0
ASM-008224,PROP-02742,CTY-041,2024,477515,,0.0,none,0
ASM-008225,PROP-02742,CTY-041,2025,501548,477515,0.0503,none,0
ASM-008226,PROP-02742,CTY-041,2026,527130,501548,0.051,none,0
ASM-008227,PROP-02743,CTY-041,2024,554059,,0.0,none,0
ASM-008228,PROP-02743,CTY-041,2025,605976,554059,0.0937,none,0
ASM-008229,PROP-02743,CTY-041,2026,642017,605976,0.0595,none,0
ASM-008230,PROP-02744,CTY-041,2024,547332,,0.0,none,0
ASM-008231,PROP-02744,CTY-041,2025,596198,547332,0.0893,none,0
ASM-008232,PROP-02744,CTY-041,2026,628457,596198,0.0541,none,0
ASM-008233,PROP-02745,CTY-041,2024,422277,,0.0,none,0
ASM-008234,PROP-02745,CTY-041,2025,441459,422277,0.0454,none,0
ASM-008235,PROP-02745,CTY-041,2026,469889,441459,0.0644,none,0
ASM-008236,PROP-02746,CTY-041,2024,411963,,0.0,none,0
ASM-008237,PROP-02746,CTY-041,2025,453086,411963,0.0998,won,35674
ASM-008238,PROP-02746,CTY-041,2026,476392,453086,0.0514,none,0
ASM-008239,PROP-02747,CTY-041,2024,518036,,0.0,none,0
ASM-008240,PROP-02747,CTY-041,2025,563226,518036,0.0872,none,0
ASM-008241,PROP-02747,CTY-041,2026,618725,563226,0.0985,none,0
ASM-008242,PROP-02748,CTY-041,2024,471526,,0.0,none,0
ASM-008243,PROP-02748,CTY-041,2025,490549,471526,0.0403,none,0
ASM-008244,PROP-02748,CTY-041,2026,525750,490549,0.0718,none,0
ASM-008245,PROP-02749,CTY-041,2024,617309,,0.0,none,0
ASM-008246,PROP-02749,CTY-041,2025,648407,617309,0.0504,none,0
ASM-008247,PROP-02749,CTY-041,2026,711315,648407,0.097,none,0
ASM-008248,PROP-02750,CTY-041,2024,471103,,0.0,none,0
ASM-008249,PROP-02750,CTY-041,2025,501506,471103,0.0645,none,0
ASM-008250,PROP-02750,CTY-041,2026,535079,501506,0.0669,none,0
ASM-008251,PROP-02751,CTY-041,2024,431413,,0.0,none,0
ASM-008252,PROP-02751,CTY-041,2025,460617,431413,0.0677,none,0
ASM-008253,PROP-02751,CTY-041,2026,505255,460617,0.0969,lost,0
ASM-008254,PROP-02752,CTY-041,2024,445107,,0.0,none,0
ASM-008255,PROP-02752,CTY-041,2025,470717,445107,0.0575,none,0
ASM-008256,PROP-02752,CTY-041,2026,498897,470717,0.0599,none,0
ASM-008257,PROP-02753,CTY-041,2024,547521,,0.0,none,0
ASM-008258,PROP-02753,CTY-041,2025,571915,547521,0.0446,none,0
ASM-008259,PROP-02753,CTY-041,2026,622654,571915,0.0887,none,0
ASM-008260,PROP-02754,CTY-041,2024,532190,,0.0,none,0
ASM-008261,PROP-02754,CTY-041,2025,556035,532190,0.0448,none,0
ASM-008262,PROP-02754,CTY-041,2026,596817,556035,0.0733,none,0
ASM-008263,PROP-02755,CTY-041,2024,416648,,0.0,none,0
ASM-008264,PROP-02755,CTY-041,2025,450544,416648,0.0814,none,0
ASM-008265,PROP-02755,CTY-041,2026,475479,450544,0.0553,none,0
ASM-008266,PROP-02756,CTY-041,2024,589579,,0.0,none,0
ASM-008267,PROP-02756,CTY-041,2025,622727,589579,0.0562,none,0
ASM-008268,PROP-02756,CTY-041,2026,667034,622727,0.0711,none,0
ASM-008269,PROP-02757,CTY-041,2024,570270,,0.0,none,0
ASM-008270,PROP-02757,CTY-041,2025,612148,570270,0.0734,none,0
ASM-008271,PROP-02757,CTY-041,2026,665950,612148,0.0879,none,0
ASM-008272,PROP-02758,CTY-041,2024,409927,,0.0,none,0
ASM-008273,PROP-02758,CTY-041,2025,444651,409927,0.0847,none,0
ASM-008274,PROP-02758,CTY-041,2026,481289,444651,0.0824,none,0
ASM-008275,PROP-02759,CTY-041,2024,461699,,0.0,none,0
ASM-008276,PROP-02759,CTY-041,2025,494942,461699,0.072,none,0
ASM-008277,PROP-02759,CTY-041,2026,528946,494942,0.0687,none,0
ASM-008278,PROP-02760,CTY-041,2024,465401,,0.0,none,0
ASM-008279,PROP-02760,CTY-041,2025,489958,465401,0.0528,none,0
ASM-008280,PROP-02760,CTY-041,2026,527621,489958,0.0769,none,0
ASM-008281,PROP-02761,CTY-041,2024,399841,,0.0,none,0
ASM-008282,PROP-02761,CTY-041,2025,429279,399841,0.0736,none,0
ASM-008283,PROP-02761,CTY-041,2026,469221,429279,0.093,none,0
ASM-008284,PROP-02762,CTY-041,2024,628744,,0.0,none,0
ASM-008285,PROP-02762,CTY-041,2025,669959,628744,0.0656,none,0
ASM-008286,PROP-02762,CTY-041,2026,719574,669959,0.0741,none,0
ASM-008287,PROP-02763,CTY-041,2024,631201,,0.0,none,0
ASM-008288,PROP-02763,CTY-041,2025,686635,631201,0.0878,none,0
ASM-008289,PROP-02763,CTY-041,2026,728740,686635,0.0613,none,0
ASM-008290,PROP-02764,CTY-041,2024,490906,,0.0,none,0
ASM-008291,PROP-02764,CTY-041,2025,513560,490906,0.0461,none,0
ASM-008292,PROP-02764,CTY-041,2026,545241,513560,0.0617,none,0
ASM-008293,PROP-02765,CTY-041,2024,432986,,0.0,none,0
ASM-008294,PROP-02765,CTY-041,2025,454821,432986,0.0504,none,0
ASM-008295,PROP-02765,CTY-041,2026,491247,454821,0.0801,none,0
ASM-008296,PROP-02766,CTY-041,2024,504355,,0.0,none,0
ASM-008297,PROP-02766,CTY-041,2025,526139,504355,0.0432,none,0
ASM-008298,PROP-02766,CTY-041,2026,547652,526139,0.0409,none,0
ASM-008299,PROP-02767,CTY-041,2024,522837,,0.0,none,0
ASM-008300,PROP-02767,CTY-041,2025,556359,522837,0.0641,none,0
ASM-008301,PROP-02767,CTY-041,2026,594422,556359,0.0684,none,0
ASM-008302,PROP-02768,CTY-041,2024,523623,,0.0,none,0
ASM-008303,PROP-02768,CTY-041,2025,549102,523623,0.0487,none,0
ASM-008304,PROP-02768,CTY-041,2026,590292,549102,0.075,none,0
ASM-008305,PROP-02769,CTY-041,2024,433648,,0.0,none,0
ASM-008306,PROP-02769,CTY-041,2025,463041,433648,0.0678,none,0
ASM-008307,PROP-02769,CTY-041,2026,508751,463041,0.0987,won,49071
ASM-008308,PROP-02770,CTY-040,2024,457175,,0.0,none,0
ASM-008309,PROP-02770,CTY-040,2025,496656,457175,0.0864,none,0
ASM-008310,PROP-02770,CTY-040,2026,528500,496656,0.0641,none,0
ASM-008311,PROP-02771,CTY-040,2024,469157,,0.0,none,0
ASM-008312,PROP-02771,CTY-040,2025,494137,469157,0.0532,none,0
ASM-008313,PROP-02771,CTY-040,2026,518636,494137,0.0496,none,0
ASM-008314,PROP-02772,CTY-040,2024,433821,,0.0,none,0
ASM-008315,PROP-02772,CTY-040,2025,473508,433821,0.0915,won,35148
ASM-008316,PROP-02772,CTY-040,2026,501819,473508,0.0598,none,0
ASM-008317,PROP-02773,CTY-040,2024,369002,,0.0,none,0
ASM-008318,PROP-02773,CTY-040,2025,398076,369002,0.0788,none,0
ASM-008319,PROP-02773,CTY-040,2026,431751,398076,0.0846,none,0
ASM-008320,PROP-02774,CTY-040,2024,444081,,0.0,none,0
ASM-008321,PROP-02774,CTY-040,2025,471830,444081,0.0625,none,0
ASM-008322,PROP-02774,CTY-040,2026,493116,471830,0.0451,none,0
ASM-008323,PROP-02775,CTY-040,2024,398980,,0.0,none,0
ASM-008324,PROP-02775,CTY-040,2025,417906,398980,0.0474,none,0
ASM-008325,PROP-02775,CTY-040,2026,444396,417906,0.0634,none,0
ASM-008326,PROP-02776,CTY-040,2024,397499,,0.0,none,0
ASM-008327,PROP-02776,CTY-040,2025,421624,397499,0.0607,none,0
ASM-008328,PROP-02776,CTY-040,2026,448891,421624,0.0647,none,0
ASM-008329,PROP-02777,CTY-040,2024,352662,,0.0,none,0
ASM-008330,PROP-02777,CTY-040,2025,378607,352662,0.0736,none,0
ASM-008331,PROP-02777,CTY-040,2026,401257,378607,0.0598,none,0
ASM-008332,PROP-02778,CTY-040,2024,382667,,0.0,none,0
ASM-008333,PROP-02778,CTY-040,2025,416483,382667,0.0884,none,0
ASM-008334,PROP-02778,CTY-040,2026,439278,416483,0.0547,none,0
ASM-008335,PROP-02779,CTY-040,2024,400536,,0.0,none,0
ASM-008336,PROP-02779,CTY-040,2025,433424,400536,0.0821,none,0
ASM-008337,PROP-02779,CTY-040,2026,471095,433424,0.0869,none,0
ASM-008338,PROP-02780,CTY-040,2024,426276,,0.0,none,0
ASM-008339,PROP-02780,CTY-040,2025,460998,426276,0.0815,none,0
ASM-008340,PROP-02780,CTY-040,2026,497226,460998,0.0786,none,0
ASM-008341,PROP-02781,CTY-040,2024,475586,,0.0,none,0
ASM-008342,PROP-02781,CTY-040,2025,496870,475586,0.0448,none,0
ASM-008343,PROP-02781,CTY-040,2026,534229,496870,0.0752,none,0
ASM-008344,PROP-02782,CTY-040,2024,301758,,0.0,none,0
ASM-008345,PROP-02782,CTY-040,2025,318392,301758,0.0551,none,0
ASM-008346,PROP-02782,CTY-040,2026,344342,318392,0.0815,none,0
ASM-008347,PROP-02783,CTY-040,2024,358661,,0.0,none,0
ASM-008348,PROP-02783,CTY-040,2025,377763,358661,0.0533,none,0
ASM-008349,PROP-02783,CTY-040,2026,393840,377763,0.0426,none,0
ASM-008350,PROP-02784,CTY-040,2024,342535,,0.0,none,0
ASM-008351,PROP-02784,CTY-040,2025,366188,342535,0.0691,none,0
ASM-008352,PROP-02784,CTY-040,2026,381609,366188,0.0421,none,0
ASM-008353,PROP-02785,CTY-040,2024,427848,,0.0,none,0
ASM-008354,PROP-02785,CTY-040,2025,454956,427848,0.0634,none,0
ASM-008355,PROP-02785,CTY-040,2026,495018,454956,0.0881,none,0
ASM-008356,PROP-02786,CTY-040,2024,375311,,0.0,none,0
ASM-008357,PROP-02786,CTY-040,2025,396242,375311,0.0558,none,0
ASM-008358,PROP-02786,CTY-040,2026,432875,396242,0.0925,none,0
ASM-008359,PROP-02787,CTY-040,2024,370027,,0.0,none,0
ASM-008360,PROP-02787,CTY-040,2025,392670,370027,0.0612,none,0
ASM-008361,PROP-02787,CTY-040,2026,408318,392670,0.0399,none,0
ASM-008362,PROP-02788,CTY-040,2024,393260,,0.0,none,0
ASM-008363,PROP-02788,CTY-040,2025,415695,393260,0.057,none,0
ASM-008364,PROP-02788,CTY-040,2026,452642,415695,0.0889,none,0
ASM-008365,PROP-02789,CTY-040,2024,433679,,0.0,none,0
ASM-008366,PROP-02789,CTY-040,2025,460474,433679,0.0618,none,0
ASM-008367,PROP-02789,CTY-040,2026,503568,460474,0.0936,none,0
ASM-008368,PROP-02790,CTY-040,2024,423901,,0.0,none,0
ASM-008369,PROP-02790,CTY-040,2025,441258,423901,0.0409,none,0
ASM-008370,PROP-02790,CTY-040,2026,481341,441258,0.0908,lost,0
ASM-008371,PROP-02791,CTY-040,2024,458822,,0.0,none,0
ASM-008372,PROP-02791,CTY-040,2025,479349,458822,0.0447,none,0
ASM-008373,PROP-02791,CTY-040,2026,514557,479349,0.0734,none,0
ASM-008374,PROP-02792,CTY-040,2024,388569,,0.0,none,0
ASM-008375,PROP-02792,CTY-040,2025,407274,388569,0.0481,none,0
ASM-008376,PROP-02792,CTY-040,2026,425193,407274,0.044,none,0
ASM-008377,PROP-02793,CTY-040,2024,364624,,0.0,none,0
ASM-008378,PROP-02793,CTY-040,2025,380016,364624,0.0422,none,0
ASM-008379,PROP-02793,CTY-040,2026,414569,380016,0.0909,lost,0
ASM-008380,PROP-02794,CTY-040,2024,375472,,0.0,none,0
ASM-008381,PROP-02794,CTY-040,2025,405711,375472,0.0805,none,0
ASM-008382,PROP-02794,CTY-040,2026,431073,405711,0.0625,none,0
ASM-008383,PROP-02795,CTY-040,2024,447340,,0.0,none,0
ASM-008384,PROP-02795,CTY-040,2025,484757,447340,0.0836,none,0
ASM-008385,PROP-02795,CTY-040,2026,505527,484757,0.0428,none,0
ASM-008386,PROP-02796,CTY-040,2024,453423,,0.0,none,0
ASM-008387,PROP-02796,CTY-040,2025,489745,453423,0.0801,none,0
ASM-008388,PROP-02796,CTY-040,2026,513480,489745,0.0485,none,0
ASM-008389,PROP-02797,CTY-040,2024,394684,,0.0,none,0
ASM-008390,PROP-02797,CTY-040,2025,413897,394684,0.0487,none,0
ASM-008391,PROP-02797,CTY-040,2026,443669,413897,0.0719,none,0
ASM-008392,PROP-02798,CTY-040,2024,327785,,0.0,none,0
ASM-008393,PROP-02798,CTY-040,2025,340726,327785,0.0395,none,0
ASM-008394,PROP-02798,CTY-040,2026,357458,340726,0.0491,none,0
ASM-008395,PROP-02799,CTY-040,2024,361023,,0.0,none,0
ASM-008396,PROP-02799,CTY-040,2025,379836,361023,0.0521,none,0
ASM-008397,PROP-02799,CTY-040,2026,411450,379836,0.0832,none,0
ASM-008398,PROP-02800,CTY-040,2024,339816,,0.0,none,0
ASM-008399,PROP-02800,CTY-040,2025,359429,339816,0.0577,none,0
ASM-008400,PROP-02800,CTY-040,2026,392449,359429,0.0919,none,0
ASM-008401,PROP-02801,CTY-040,2024,322387,,0.0,none,0
ASM-008402,PROP-02801,CTY-040,2025,344537,322387,0.0687,none,0
ASM-008403,PROP-02801,CTY-040,2026,361769,344537,0.05,none,0
ASM-008404,PROP-02802,CTY-040,2024,455925,,0.0,none,0
ASM-008405,PROP-02802,CTY-040,2025,496645,455925,0.0893,none,0
ASM-008406,PROP-02802,CTY-040,2026,520534,496645,0.0481,none,0
ASM-008407,PROP-02803,CTY-040,2024,377878,,0.0,none,0
ASM-008408,PROP-02803,CTY-040,2025,399890,377878,0.0583,none,0
ASM-008409,PROP-02803,CTY-040,2026,429180,399890,0.0732,none,0
ASM-008410,PROP-02804,CTY-040,2024,342459,,0.0,none,0
ASM-008411,PROP-02804,CTY-040,2025,362405,342459,0.0582,none,0
ASM-008412,PROP-02804,CTY-040,2026,378325,362405,0.0439,none,0
ASM-008413,PROP-02805,CTY-040,2024,398343,,0.0,none,0
ASM-008414,PROP-02805,CTY-040,2025,418639,398343,0.051,none,0
ASM-008415,PROP-02805,CTY-040,2026,439356,418639,0.0495,none,0
ASM-008416,PROP-02806,CTY-040,2024,412612,,0.0,none,0
ASM-008417,PROP-02806,CTY-040,2025,446084,412612,0.0811,none,0
ASM-008418,PROP-02806,CTY-040,2026,472897,446084,0.0601,none,0
ASM-008419,PROP-02807,CTY-040,2024,419372,,0.0,none,0
ASM-008420,PROP-02807,CTY-040,2025,438208,419372,0.0449,none,0
ASM-008421,PROP-02807,CTY-040,2026,466104,438208,0.0637,none,0
ASM-008422,PROP-02808,CTY-040,2024,354098,,0.0,none,0
ASM-008423,PROP-02808,CTY-040,2025,372945,354098,0.0532,none,0
ASM-008424,PROP-02808,CTY-040,2026,399850,372945,0.0721,none,0
ASM-008425,PROP-02809,CTY-040,2024,332260,,0.0,none,0
ASM-008426,PROP-02809,CTY-040,2025,354054,332260,0.0656,none,0
ASM-008427,PROP-02809,CTY-040,2026,378543,354054,0.0692,none,0
ASM-008428,PROP-02810,CTY-040,2024,461983,,0.0,none,0
ASM-008429,PROP-02810,CTY-040,2025,481874,461983,0.0431,none,0
ASM-008430,PROP-02810,CTY-040,2026,526972,481874,0.0936,none,0
ASM-008431,PROP-02811,CTY-040,2024,319732,,0.0,none,0
ASM-008432,PROP-02811,CTY-040,2025,336306,319732,0.0518,none,0
ASM-008433,PROP-02811,CTY-040,2026,353365,336306,0.0507,none,0
ASM-008434,PROP-02812,CTY-040,2024,354712,,0.0,none,0
ASM-008435,PROP-02812,CTY-040,2025,368487,354712,0.0388,none,0
ASM-008436,PROP-02812,CTY-040,2026,394898,368487,0.0717,none,0
ASM-008437,PROP-02813,CTY-040,2024,389524,,0.0,none,0
ASM-008438,PROP-02813,CTY-040,2025,417688,389524,0.0723,none,0
ASM-008439,PROP-02813,CTY-040,2026,455557,417688,0.0907,none,0
ASM-008440,PROP-02814,CTY-040,2024,383641,,0.0,none,0
ASM-008441,PROP-02814,CTY-040,2025,412562,383641,0.0754,none,0
ASM-008442,PROP-02814,CTY-040,2026,429781,412562,0.0417,none,0
ASM-008443,PROP-02815,CTY-040,2024,345949,,0.0,none,0
ASM-008444,PROP-02815,CTY-040,2025,364208,345949,0.0528,none,0
ASM-008445,PROP-02815,CTY-040,2026,384404,364208,0.0555,none,0
ASM-008446,PROP-02816,CTY-040,2024,413341,,0.0,none,0
ASM-008447,PROP-02816,CTY-040,2025,443612,413341,0.0732,none,0
ASM-008448,PROP-02816,CTY-040,2026,485783,443612,0.0951,filed,0
ASM-008449,PROP-02817,CTY-040,2024,403390,,0.0,none,0
ASM-008450,PROP-02817,CTY-040,2025,429339,403390,0.0643,none,0
ASM-008451,PROP-02817,CTY-040,2026,463906,429339,0.0805,none,0
ASM-008452,PROP-02818,CTY-040,2024,397355,,0.0,none,0
ASM-008453,PROP-02818,CTY-040,2025,417277,397355,0.0501,none,0
ASM-008454,PROP-02818,CTY-040,2026,443015,417277,0.0617,none,0
ASM-008455,PROP-02819,CTY-039,2024,426659,,0.0,none,0
ASM-008456,PROP-02819,CTY-039,2025,450375,426659,0.0556,none,0
ASM-008457,PROP-02819,CTY-039,2026,469042,450375,0.0414,none,0
ASM-008458,PROP-02820,CTY-039,2024,468905,,0.0,none,0
ASM-008459,PROP-02820,CTY-039,2025,493869,468905,0.0532,none,0
ASM-008460,PROP-02820,CTY-039,2026,514111,493869,0.041,none,0
ASM-008461,PROP-02821,CTY-039,2024,443411,,0.0,none,0
ASM-008462,PROP-02821,CTY-039,2025,466311,443411,0.0516,none,0
ASM-008463,PROP-02821,CTY-039,2026,490043,466311,0.0509,none,0
ASM-008464,PROP-02822,CTY-039,2024,442110,,0.0,none,0
ASM-008465,PROP-02822,CTY-039,2025,458718,442110,0.0376,none,0
ASM-008466,PROP-02822,CTY-039,2026,493211,458718,0.0752,none,0
ASM-008467,PROP-02823,CTY-039,2024,430022,,0.0,none,0
ASM-008468,PROP-02823,CTY-039,2025,445118,430022,0.0351,none,0
ASM-008469,PROP-02823,CTY-039,2026,463913,445118,0.0422,none,0
ASM-008470,PROP-02824,CTY-039,2024,415596,,0.0,none,0
ASM-008471,PROP-02824,CTY-039,2025,432790,415596,0.0414,none,0
ASM-008472,PROP-02824,CTY-039,2026,449223,432790,0.038,none,0
ASM-008473,PROP-02825,CTY-039,2024,521665,,0.0,none,0
ASM-008474,PROP-02825,CTY-039,2025,553647,521665,0.0613,none,0
ASM-008475,PROP-02825,CTY-039,2026,583959,553647,0.0547,none,0
ASM-008476,PROP-02826,CTY-039,2024,479243,,0.0,none,0
ASM-008477,PROP-02826,CTY-039,2025,495595,479243,0.0341,none,0
ASM-008478,PROP-02826,CTY-039,2026,513422,495595,0.036,none,0
ASM-008479,PROP-02827,CTY-039,2024,416403,,0.0,none,0
ASM-008480,PROP-02827,CTY-039,2025,438783,416403,0.0537,none,0
ASM-008481,PROP-02827,CTY-039,2026,455117,438783,0.0372,none,0
ASM-008482,PROP-02828,CTY-039,2024,552935,,0.0,none,0
ASM-008483,PROP-02828,CTY-039,2025,597006,552935,0.0797,none,0
ASM-008484,PROP-02828,CTY-039,2026,636319,597006,0.0659,none,0
ASM-008485,PROP-02829,CTY-039,2024,426713,,0.0,none,0
ASM-008486,PROP-02829,CTY-039,2025,450640,426713,0.0561,none,0
ASM-008487,PROP-02829,CTY-039,2026,471601,450640,0.0465,none,0
ASM-008488,PROP-02830,CTY-039,2024,479368,,0.0,none,0
ASM-008489,PROP-02830,CTY-039,2025,513185,479368,0.0705,none,0
ASM-008490,PROP-02830,CTY-039,2026,531258,513185,0.0352,none,0
ASM-008491,PROP-02831,CTY-039,2024,497955,,0.0,none,0
ASM-008492,PROP-02831,CTY-039,2025,534321,497955,0.073,none,0
ASM-008493,PROP-02831,CTY-039,2026,552423,534321,0.0339,none,0
ASM-008494,PROP-02832,CTY-039,2024,332063,,0.0,none,0
ASM-008495,PROP-02832,CTY-039,2025,351242,332063,0.0578,none,0
ASM-008496,PROP-02832,CTY-039,2026,379534,351242,0.0805,none,0
ASM-008497,PROP-02833,CTY-039,2024,392321,,0.0,none,0
ASM-008498,PROP-02833,CTY-039,2025,417594,392321,0.0644,none,0
ASM-008499,PROP-02833,CTY-039,2026,451435,417594,0.081,none,0
ASM-008500,PROP-02834,CTY-039,2024,573862,,0.0,none,0
ASM-008501,PROP-02834,CTY-039,2025,618390,573862,0.0776,none,0
ASM-008502,PROP-02834,CTY-039,2026,665260,618390,0.0758,none,0
ASM-008503,PROP-02835,CTY-039,2024,465133,,0.0,none,0
ASM-008504,PROP-02835,CTY-039,2025,491024,465133,0.0557,none,0
ASM-008505,PROP-02835,CTY-039,2026,511264,491024,0.0412,none,0
ASM-008506,PROP-02836,CTY-039,2024,528728,,0.0,none,0
ASM-008507,PROP-02836,CTY-039,2025,547765,528728,0.036,none,0
ASM-008508,PROP-02836,CTY-039,2026,588765,547765,0.0748,none,0
ASM-008509,PROP-02837,CTY-039,2024,564043,,0.0,none,0
ASM-008510,PROP-02837,CTY-039,2025,591996,564043,0.0496,none,0
ASM-008511,PROP-02837,CTY-039,2026,620580,591996,0.0483,none,0
ASM-008512,PROP-02838,CTY-039,2024,448601,,0.0,none,0
ASM-008513,PROP-02838,CTY-039,2025,468248,448601,0.0438,none,0
ASM-008514,PROP-02838,CTY-039,2026,488949,468248,0.0442,none,0
ASM-008515,PROP-02839,CTY-039,2024,506951,,0.0,none,0
ASM-008516,PROP-02839,CTY-039,2025,524819,506951,0.0352,none,0
ASM-008517,PROP-02839,CTY-039,2026,565350,524819,0.0772,none,0
ASM-008518,PROP-02840,CTY-039,2024,437978,,0.0,none,0
ASM-008519,PROP-02840,CTY-039,2025,471538,437978,0.0766,none,0
ASM-008520,PROP-02840,CTY-039,2026,507764,471538,0.0768,none,0
ASM-008521,PROP-02841,CTY-039,2024,391124,,0.0,none,0
ASM-008522,PROP-02841,CTY-039,2025,419118,391124,0.0716,none,0
ASM-008523,PROP-02841,CTY-039,2026,445246,419118,0.0623,none,0
ASM-008524,PROP-02842,CTY-039,2024,617506,,0.0,none,0
ASM-008525,PROP-02842,CTY-039,2025,652655,617506,0.0569,none,0
ASM-008526,PROP-02842,CTY-039,2026,679011,652655,0.0404,none,0
ASM-008527,PROP-02843,CTY-039,2024,475594,,0.0,none,0
ASM-008528,PROP-02843,CTY-039,2025,508543,475594,0.0693,none,0
ASM-008529,PROP-02843,CTY-039,2026,547762,508543,0.0771,none,0
ASM-008530,PROP-02844,CTY-039,2024,546434,,0.0,none,0
ASM-008531,PROP-02844,CTY-039,2025,565275,546434,0.0345,none,0
ASM-008532,PROP-02844,CTY-039,2026,590900,565275,0.0453,none,0
ASM-008533,PROP-02845,CTY-039,2024,625653,,0.0,none,0
ASM-008534,PROP-02845,CTY-039,2025,661956,625653,0.058,none,0
ASM-008535,PROP-02845,CTY-039,2026,685947,661956,0.0362,none,0
ASM-008536,PROP-02846,CTY-039,2024,575826,,0.0,none,0
ASM-008537,PROP-02846,CTY-039,2025,615225,575826,0.0684,none,0
ASM-008538,PROP-02846,CTY-039,2026,643658,615225,0.0462,none,0
ASM-008539,PROP-02847,CTY-039,2024,446893,,0.0,none,0
ASM-008540,PROP-02847,CTY-039,2025,469127,446893,0.0498,none,0
ASM-008541,PROP-02847,CTY-039,2026,495118,469127,0.0554,none,0
ASM-008542,PROP-02848,CTY-039,2024,536813,,0.0,none,0
ASM-008543,PROP-02848,CTY-039,2025,564109,536813,0.0508,none,0
ASM-008544,PROP-02848,CTY-039,2026,591367,564109,0.0483,none,0
ASM-008545,PROP-02849,CTY-039,2024,352401,,0.0,none,0
ASM-008546,PROP-02849,CTY-039,2025,374131,352401,0.0617,none,0
ASM-008547,PROP-02849,CTY-039,2026,402306,374131,0.0753,none,0
ASM-008548,PROP-02850,CTY-039,2024,442858,,0.0,none,0
ASM-008549,PROP-02850,CTY-039,2025,473076,442858,0.0682,none,0
ASM-008550,PROP-02850,CTY-039,2026,502735,473076,0.0627,none,0
ASM-008551,PROP-02851,CTY-039,2024,406923,,0.0,none,0
ASM-008552,PROP-02851,CTY-039,2025,427645,406923,0.0509,none,0
ASM-008553,PROP-02851,CTY-039,2026,445640,427645,0.0421,none,0
ASM-008554,PROP-02852,CTY-039,2024,484805,,0.0,none,0
ASM-008555,PROP-02852,CTY-039,2025,505297,484805,0.0423,none,0
ASM-008556,PROP-02852,CTY-039,2026,543742,505297,0.0761,none,0
ASM-008557,PROP-02853,CTY-039,2024,459487,,0.0,none,0
ASM-008558,PROP-02853,CTY-039,2025,490271,459487,0.067,none,0
ASM-008559,PROP-02853,CTY-039,2026,508370,490271,0.0369,none,0
ASM-008560,PROP-02854,CTY-039,2024,484570,,0.0,none,0
ASM-008561,PROP-02854,CTY-039,2025,503333,484570,0.0387,none,0
ASM-008562,PROP-02854,CTY-039,2026,530787,503333,0.0545,none,0
ASM-008563,PROP-02855,CTY-041,2024,424505,,0.0,none,0
ASM-008564,PROP-02855,CTY-041,2025,458141,424505,0.0792,none,0
ASM-008565,PROP-02855,CTY-041,2026,477630,458141,0.0425,none,0
ASM-008566,PROP-02856,CTY-041,2024,499039,,0.0,none,0
ASM-008567,PROP-02856,CTY-041,2025,533703,499039,0.0695,none,0
ASM-008568,PROP-02856,CTY-041,2026,558260,533703,0.046,none,0
ASM-008569,PROP-02857,CTY-041,2024,499534,,0.0,none,0
ASM-008570,PROP-02857,CTY-041,2025,520895,499534,0.0428,none,0
ASM-008571,PROP-02857,CTY-041,2026,566126,520895,0.0868,none,0
ASM-008572,PROP-02858,CTY-041,2024,514579,,0.0,none,0
ASM-008573,PROP-02858,CTY-041,2025,537884,514579,0.0453,none,0
ASM-008574,PROP-02858,CTY-041,2026,573328,537884,0.0659,none,0
ASM-008575,PROP-02859,CTY-041,2024,457065,,0.0,none,0
ASM-008576,PROP-02859,CTY-041,2025,493800,457065,0.0804,none,0
ASM-008577,PROP-02859,CTY-041,2026,515799,493800,0.0446,none,0
ASM-008578,PROP-02860,CTY-041,2024,462674,,0.0,none,0
ASM-008579,PROP-02860,CTY-041,2025,505311,462674,0.0922,none,0
ASM-008580,PROP-02860,CTY-041,2026,549974,505311,0.0884,none,0
ASM-008581,PROP-02861,CTY-041,2024,411837,,0.0,none,0
ASM-008582,PROP-02861,CTY-041,2025,449735,411837,0.092,none,0
ASM-008583,PROP-02861,CTY-041,2026,481888,449735,0.0715,none,0
ASM-008584,PROP-02862,CTY-041,2024,531949,,0.0,none,0
ASM-008585,PROP-02862,CTY-041,2025,558264,531949,0.0495,none,0
ASM-008586,PROP-02862,CTY-041,2026,613350,558264,0.0987,lost,0
ASM-008587,PROP-02863,CTY-041,2024,390615,,0.0,none,0
ASM-008588,PROP-02863,CTY-041,2025,414553,390615,0.0613,none,0
ASM-008589,PROP-02863,CTY-041,2026,434171,414553,0.0473,none,0
ASM-008590,PROP-02864,CTY-041,2024,436464,,0.0,none,0
ASM-008591,PROP-02864,CTY-041,2025,465390,436464,0.0663,none,0
ASM-008592,PROP-02864,CTY-041,2026,490406,465390,0.0538,none,0
ASM-008593,PROP-02865,CTY-041,2024,428017,,0.0,none,0
ASM-008594,PROP-02865,CTY-041,2025,457991,428017,0.07,none,0
ASM-008595,PROP-02865,CTY-041,2026,501216,457991,0.0944,none,0
ASM-008596,PROP-02866,CTY-041,2024,386806,,0.0,none,0
ASM-008597,PROP-02866,CTY-041,2025,415676,386806,0.0746,none,0
ASM-008598,PROP-02866,CTY-041,2026,450554,415676,0.0839,none,0
ASM-008599,PROP-02867,CTY-041,2024,502550,,0.0,none,0
ASM-008600,PROP-02867,CTY-041,2025,543480,502550,0.0814,none,0
ASM-008601,PROP-02867,CTY-041,2026,597046,543480,0.0986,filed,0
ASM-008602,PROP-02868,CTY-041,2024,386648,,0.0,none,0
ASM-008603,PROP-02868,CTY-041,2025,406573,386648,0.0515,none,0
ASM-008604,PROP-02868,CTY-041,2026,429665,406573,0.0568,none,0
ASM-008605,PROP-02869,CTY-041,2024,498452,,0.0,none,0
ASM-008606,PROP-02869,CTY-041,2025,541947,498452,0.0873,none,0
ASM-008607,PROP-02869,CTY-041,2026,574691,541947,0.0604,none,0
ASM-008608,PROP-02870,CTY-041,2024,430471,,0.0,none,0
ASM-008609,PROP-02870,CTY-041,2025,449430,430471,0.044,none,0
ASM-008610,PROP-02870,CTY-041,2026,481679,449430,0.0718,none,0
ASM-008611,PROP-02871,CTY-041,2024,557368,,0.0,none,0
ASM-008612,PROP-02871,CTY-041,2025,595519,557368,0.0684,none,0
ASM-008613,PROP-02871,CTY-041,2026,635117,595519,0.0665,none,0
ASM-008614,PROP-02872,CTY-041,2024,427875,,0.0,none,0
ASM-008615,PROP-02872,CTY-041,2025,449184,427875,0.0498,none,0
ASM-008616,PROP-02872,CTY-041,2026,477899,449184,0.0639,none,0
ASM-008617,PROP-02873,CTY-041,2024,388329,,0.0,none,0
ASM-008618,PROP-02873,CTY-041,2025,427200,388329,0.1001,filed,0
ASM-008619,PROP-02873,CTY-041,2026,466941,427200,0.093,none,0
ASM-008620,PROP-02874,CTY-041,2024,432150,,0.0,none,0
ASM-008621,PROP-02874,CTY-041,2025,474651,432150,0.0983,lost,0
ASM-008622,PROP-02874,CTY-041,2026,519302,474651,0.0941,none,0
ASM-008623,PROP-02875,CTY-041,2024,402110,,0.0,none,0
ASM-008624,PROP-02875,CTY-041,2025,428693,402110,0.0661,none,0
ASM-008625,PROP-02875,CTY-041,2026,448073,428693,0.0452,none,0
ASM-008626,PROP-02876,CTY-041,2024,471460,,0.0,none,0
ASM-008627,PROP-02876,CTY-041,2025,504692,471460,0.0705,none,0
ASM-008628,PROP-02876,CTY-041,2026,544151,504692,0.0782,none,0
ASM-008629,PROP-02877,CTY-041,2024,454435,,0.0,none,0
ASM-008630,PROP-02877,CTY-041,2025,486102,454435,0.0697,none,0
ASM-008631,PROP-02877,CTY-041,2026,518879,486102,0.0674,none,0
ASM-008632,PROP-02878,CTY-041,2024,512688,,0.0,none,0
ASM-008633,PROP-02878,CTY-041,2025,563024,512688,0.0982,none,0
ASM-008634,PROP-02878,CTY-041,2026,609005,563024,0.0817,none,0
ASM-008635,PROP-02879,CTY-041,2024,449379,,0.0,none,0
ASM-008636,PROP-02879,CTY-041,2025,480578,449379,0.0694,none,0
ASM-008637,PROP-02879,CTY-041,2026,524672,480578,0.0918,none,0
ASM-008638,PROP-02880,CTY-041,2024,572086,,0.0,none,0
ASM-008639,PROP-02880,CTY-041,2025,612908,572086,0.0714,none,0
ASM-008640,PROP-02880,CTY-041,2026,658041,612908,0.0736,none,0
ASM-008641,PROP-02881,CTY-041,2024,395341,,0.0,none,0
ASM-008642,PROP-02881,CTY-041,2025,429890,395341,0.0874,none,0
ASM-008643,PROP-02881,CTY-041,2026,462525,429890,0.0759,none,0
ASM-008644,PROP-02882,CTY-041,2024,394844,,0.0,none,0
ASM-008645,PROP-02882,CTY-041,2025,416216,394844,0.0541,none,0
ASM-008646,PROP-02882,CTY-041,2026,448058,416216,0.0765,none,0
ASM-008647,PROP-02883,CTY-041,2024,490990,,0.0,none,0
ASM-008648,PROP-02883,CTY-041,2025,532522,490990,0.0846,none,0
ASM-008649,PROP-02883,CTY-041,2026,578604,532522,0.0865,none,0
ASM-008650,PROP-02884,CTY-041,2024,470428,,0.0,none,0
ASM-008651,PROP-02884,CTY-041,2025,489432,470428,0.0404,none,0
ASM-008652,PROP-02884,CTY-041,2026,531331,489432,0.0856,none,0
ASM-008653,PROP-02885,CTY-041,2024,520100,,0.0,none,0
ASM-008654,PROP-02885,CTY-041,2025,559255,520100,0.0753,none,0
ASM-008655,PROP-02885,CTY-041,2026,589794,559255,0.0546,none,0
ASM-008656,PROP-02886,CTY-041,2024,386757,,0.0,none,0
ASM-008657,PROP-02886,CTY-041,2025,418475,386757,0.082,none,0
ASM-008658,PROP-02886,CTY-041,2026,442129,418475,0.0565,none,0
ASM-008659,PROP-02887,CTY-041,2024,496312,,0.0,none,0
ASM-008660,PROP-02887,CTY-041,2025,526765,496312,0.0614,none,0
ASM-008661,PROP-02887,CTY-041,2026,560303,526765,0.0637,none,0
ASM-008662,PROP-02888,CTY-041,2024,482964,,0.0,none,0
ASM-008663,PROP-02888,CTY-041,2025,526103,482964,0.0893,none,0
ASM-008664,PROP-02888,CTY-041,2026,548684,526103,0.0429,none,0
ASM-008665,PROP-02889,CTY-041,2024,480460,,0.0,none,0
ASM-008666,PROP-02889,CTY-041,2025,510867,480460,0.0633,none,0
ASM-008667,PROP-02889,CTY-041,2026,535043,510867,0.0473,none,0
ASM-008668,PROP-02890,CTY-041,2024,426601,,0.0,none,0
ASM-008669,PROP-02890,CTY-041,2025,460670,426601,0.0799,none,0
ASM-008670,PROP-02890,CTY-041,2026,484063,460670,0.0508,none,0
ASM-008671,PROP-02891,CTY-041,2024,417057,,0.0,none,0
ASM-008672,PROP-02891,CTY-041,2025,445104,417057,0.0672,none,0
ASM-008673,PROP-02891,CTY-041,2026,464076,445104,0.0426,none,0
ASM-008674,PROP-02892,CTY-041,2024,457901,,0.0,none,0
ASM-008675,PROP-02892,CTY-041,2025,487250,457901,0.0641,none,0
ASM-008676,PROP-02892,CTY-041,2026,508949,487250,0.0445,none,0
ASM-008677,PROP-02893,CTY-041,2024,396135,,0.0,none,0
ASM-008678,PROP-02893,CTY-041,2025,420661,396135,0.0619,none,0
ASM-008679,PROP-02893,CTY-041,2026,454052,420661,0.0794,none,0
ASM-008680,PROP-02894,CTY-041,2024,411576,,0.0,none,0
ASM-008681,PROP-02894,CTY-041,2025,439811,411576,0.0686,none,0
ASM-008682,PROP-02894,CTY-041,2026,459770,439811,0.0454,none,0
ASM-008683,PROP-02895,CTY-041,2024,537632,,0.0,none,0
ASM-008684,PROP-02895,CTY-041,2025,583955,537632,0.0862,none,0
ASM-008685,PROP-02895,CTY-041,2026,612535,583955,0.0489,none,0
ASM-008686,PROP-02896,CTY-041,2024,427608,,0.0,none,0
ASM-008687,PROP-02896,CTY-041,2025,447212,427608,0.0458,none,0
ASM-008688,PROP-02896,CTY-041,2026,488465,447212,0.0922,none,0
ASM-008689,PROP-02897,CTY-041,2024,517618,,0.0,none,0
ASM-008690,PROP-02897,CTY-041,2025,558318,517618,0.0786,none,0
ASM-008691,PROP-02897,CTY-041,2026,588887,558318,0.0548,none,0
ASM-008692,PROP-02898,CTY-041,2024,513149,,0.0,none,0
ASM-008693,PROP-02898,CTY-041,2025,556889,513149,0.0852,none,0
ASM-008694,PROP-02898,CTY-041,2026,605958,556889,0.0881,none,0
ASM-008695,PROP-02899,CTY-041,2024,541741,,0.0,none,0
ASM-008696,PROP-02899,CTY-041,2025,572994,541741,0.0577,none,0
ASM-008697,PROP-02899,CTY-041,2026,606478,572994,0.0584,none,0
ASM-008698,PROP-02900,CTY-041,2024,431044,,0.0,none,0
ASM-008699,PROP-02900,CTY-041,2025,469617,431044,0.0895,none,0
ASM-008700,PROP-02900,CTY-041,2026,509115,469617,0.0841,none,0
ASM-008701,PROP-02901,CTY-041,2024,446465,,0.0,none,0
ASM-008702,PROP-02901,CTY-041,2025,474898,446465,0.0637,none,0
ASM-008703,PROP-02901,CTY-041,2026,502688,474898,0.0585,none,0
ASM-008704,PROP-02902,CTY-041,2024,504823,,0.0,none,0
ASM-008705,PROP-02902,CTY-041,2025,534000,504823,0.0578,none,0
ASM-008706,PROP-02902,CTY-041,2026,584374,534000,0.0943,none,0
ASM-008707,PROP-02903,CTY-041,2024,434695,,0.0,none,0
ASM-008708,PROP-02903,CTY-041,2025,476133,434695,0.0953,none,0
ASM-008709,PROP-02903,CTY-041,2026,503398,476133,0.0573,none,0
ASM-008710,PROP-02904,CTY-041,2024,597451,,0.0,none,0
ASM-008711,PROP-02904,CTY-041,2025,625815,597451,0.0475,none,0
ASM-008712,PROP-02904,CTY-041,2026,681870,625815,0.0896,none,0
ASM-008713,PROP-02905,CTY-041,2024,477167,,0.0,none,0
ASM-008714,PROP-02905,CTY-041,2025,507002,477167,0.0625,none,0
ASM-008715,PROP-02905,CTY-041,2026,554194,507002,0.0931,none,0
ASM-008716,PROP-02906,CTY-041,2024,457230,,0.0,none,0
ASM-008717,PROP-02906,CTY-041,2025,482313,457230,0.0549,none,0
ASM-008718,PROP-02906,CTY-041,2026,514667,482313,0.0671,none,0
ASM-008719,PROP-02907,CTY-041,2024,489904,,0.0,none,0
ASM-008720,PROP-02907,CTY-041,2025,519307,489904,0.06,none,0
ASM-008721,PROP-02907,CTY-041,2026,557173,519307,0.0729,none,0
ASM-008722,PROP-02908,CTY-039,2024,362198,,0.0,none,0
ASM-008723,PROP-02908,CTY-039,2025,374836,362198,0.0349,none,0
ASM-008724,PROP-02908,CTY-039,2026,398161,374836,0.0622,none,0
ASM-008725,PROP-02909,CTY-039,2024,384845,,0.0,none,0
ASM-008726,PROP-02909,CTY-039,2025,407415,384845,0.0586,none,0
ASM-008727,PROP-02909,CTY-039,2026,428667,407415,0.0522,none,0
ASM-008728,PROP-02910,CTY-039,2024,366216,,0.0,none,0
ASM-008729,PROP-02910,CTY-039,2025,389194,366216,0.0627,none,0
ASM-008730,PROP-02910,CTY-039,2026,402463,389194,0.0341,none,0
ASM-008731,PROP-02911,CTY-039,2024,364377,,0.0,none,0
ASM-008732,PROP-02911,CTY-039,2025,385321,364377,0.0575,none,0
ASM-008733,PROP-02911,CTY-039,2026,401512,385321,0.042,none,0
ASM-008734,PROP-02912,CTY-039,2024,393420,,0.0,none,0
ASM-008735,PROP-02912,CTY-039,2025,423141,393420,0.0755,none,0
ASM-008736,PROP-02912,CTY-039,2026,441784,423141,0.0441,none,0
ASM-008737,PROP-02913,CTY-039,2024,326467,,0.0,none,0
ASM-008738,PROP-02913,CTY-039,2025,340547,326467,0.0431,none,0
ASM-008739,PROP-02913,CTY-039,2026,358528,340547,0.0528,none,0
ASM-008740,PROP-02914,CTY-039,2024,350115,,0.0,none,0
ASM-008741,PROP-02914,CTY-039,2025,363717,350115,0.0389,none,0
ASM-008742,PROP-02914,CTY-039,2026,385022,363717,0.0586,none,0
ASM-008743,PROP-02915,CTY-039,2024,333857,,0.0,none,0
ASM-008744,PROP-02915,CTY-039,2025,349333,333857,0.0464,none,0
ASM-008745,PROP-02915,CTY-039,2026,375085,349333,0.0737,none,0
ASM-008746,PROP-02916,CTY-039,2024,382501,,0.0,none,0
ASM-008747,PROP-02916,CTY-039,2025,407116,382501,0.0644,none,0
ASM-008748,PROP-02916,CTY-039,2026,439846,407116,0.0804,none,0
ASM-008749,PROP-02917,CTY-039,2024,355271,,0.0,none,0
ASM-008750,PROP-02917,CTY-039,2025,378727,355271,0.066,none,0
ASM-008751,PROP-02917,CTY-039,2026,399499,378727,0.0548,none,0
ASM-008752,PROP-02918,CTY-039,2024,408377,,0.0,none,0
ASM-008753,PROP-02918,CTY-039,2025,427669,408377,0.0472,none,0
ASM-008754,PROP-02918,CTY-039,2026,458746,427669,0.0727,none,0
ASM-008755,PROP-02919,CTY-039,2024,316053,,0.0,none,0
ASM-008756,PROP-02919,CTY-039,2025,329210,316053,0.0416,none,0
ASM-008757,PROP-02919,CTY-039,2026,343575,329210,0.0436,none,0
ASM-008758,PROP-02920,CTY-039,2024,406001,,0.0,none,0
ASM-008759,PROP-02920,CTY-039,2025,435682,406001,0.0731,none,0
ASM-008760,PROP-02920,CTY-039,2026,461888,435682,0.0601,none,0
ASM-008761,PROP-02921,CTY-039,2024,398236,,0.0,none,0
ASM-008762,PROP-02921,CTY-039,2025,415697,398236,0.0438,none,0
ASM-008763,PROP-02921,CTY-039,2026,443293,415697,0.0664,none,0
ASM-008764,PROP-02922,CTY-039,2024,377035,,0.0,none,0
ASM-008765,PROP-02922,CTY-039,2025,391499,377035,0.0384,none,0
ASM-008766,PROP-02922,CTY-039,2026,409044,391499,0.0448,none,0
ASM-008767,PROP-02923,CTY-039,2024,390681,,0.0,none,0
ASM-008768,PROP-02923,CTY-039,2025,413343,390681,0.058,none,0
ASM-008769,PROP-02923,CTY-039,2026,427562,413343,0.0344,none,0
ASM-008770,PROP-02924,CTY-039,2024,405969,,0.0,none,0
ASM-008771,PROP-02924,CTY-039,2025,419790,405969,0.034,none,0
ASM-008772,PROP-02924,CTY-039,2026,439399,419790,0.0467,none,0
ASM-008773,PROP-02925,CTY-039,2024,366298,,0.0,none,0
ASM-008774,PROP-02925,CTY-039,2025,381606,366298,0.0418,none,0
ASM-008775,PROP-02925,CTY-039,2026,395356,381606,0.036,none,0
ASM-008776,PROP-02926,CTY-039,2024,385989,,0.0,none,0
ASM-008777,PROP-02926,CTY-039,2025,416982,385989,0.0803,none,0
ASM-008778,PROP-02926,CTY-039,2026,450048,416982,0.0793,none,0
ASM-008779,PROP-02927,CTY-039,2024,350050,,0.0,none,0
ASM-008780,PROP-02927,CTY-039,2025,367831,350050,0.0508,none,0
ASM-008781,PROP-02927,CTY-039,2026,396835,367831,0.0789,none,0
ASM-008782,PROP-02928,CTY-039,2024,377936,,0.0,none,0
ASM-008783,PROP-02928,CTY-039,2025,401614,377936,0.0627,none,0
ASM-008784,PROP-02928,CTY-039,2026,415953,401614,0.0357,none,0
ASM-008785,PROP-02929,CTY-039,2024,322386,,0.0,none,0
ASM-008786,PROP-02929,CTY-039,2025,347757,322386,0.0787,none,0
ASM-008787,PROP-02929,CTY-039,2026,361424,347757,0.0393,none,0
ASM-008788,PROP-02930,CTY-039,2024,336566,,0.0,none,0
ASM-008789,PROP-02930,CTY-039,2025,347715,336566,0.0331,none,0
ASM-008790,PROP-02930,CTY-039,2026,359605,347715,0.0342,none,0
ASM-008791,PROP-02931,CTY-039,2024,346718,,0.0,none,0
ASM-008792,PROP-02931,CTY-039,2025,363663,346718,0.0489,none,0
ASM-008793,PROP-02931,CTY-039,2026,380088,363663,0.0452,none,0
ASM-008794,PROP-02932,CTY-039,2024,336563,,0.0,none,0
ASM-008795,PROP-02932,CTY-039,2025,356551,336563,0.0594,none,0
ASM-008796,PROP-02932,CTY-039,2026,370466,356551,0.039,none,0
ASM-008797,PROP-02933,CTY-039,2024,302873,,0.0,none,0
ASM-008798,PROP-02933,CTY-039,2025,314267,302873,0.0376,none,0
ASM-008799,PROP-02933,CTY-039,2026,331620,314267,0.0552,none,0
ASM-008800,PROP-02934,CTY-039,2024,391675,,0.0,none,0
ASM-008801,PROP-02934,CTY-039,2025,405763,391675,0.036,none,0
ASM-008802,PROP-02934,CTY-039,2026,435987,405763,0.0745,none,0
ASM-008803,PROP-02935,CTY-039,2024,353810,,0.0,none,0
ASM-008804,PROP-02935,CTY-039,2025,365629,353810,0.0334,none,0
ASM-008805,PROP-02935,CTY-039,2026,388411,365629,0.0623,none,0
ASM-008806,PROP-02936,CTY-039,2024,344411,,0.0,none,0
ASM-008807,PROP-02936,CTY-039,2025,370949,344411,0.0771,none,0
ASM-008808,PROP-02936,CTY-039,2026,397391,370949,0.0713,none,0
ASM-008809,PROP-02937,CTY-039,2024,340333,,0.0,none,0
ASM-008810,PROP-02937,CTY-039,2025,353775,340333,0.0395,none,0
ASM-008811,PROP-02937,CTY-039,2026,366425,353775,0.0358,none,0
ASM-008812,PROP-02938,CTY-039,2024,297042,,0.0,none,0
ASM-008813,PROP-02938,CTY-039,2025,316423,297042,0.0652,none,0
ASM-008814,PROP-02938,CTY-039,2026,330684,316423,0.0451,none,0
ASM-008815,PROP-02939,CTY-039,2024,400538,,0.0,none,0
ASM-008816,PROP-02939,CTY-039,2025,423383,400538,0.057,none,0
ASM-008817,PROP-02939,CTY-039,2026,453632,423383,0.0714,none,0
ASM-008818,PROP-02940,CTY-039,2024,344819,,0.0,none,0
ASM-008819,PROP-02940,CTY-039,2025,358594,344819,0.0399,none,0
ASM-008820,PROP-02940,CTY-039,2026,378381,358594,0.0552,none,0
ASM-008821,PROP-02941,CTY-039,2024,410492,,0.0,none,0
ASM-008822,PROP-02941,CTY-039,2025,431297,410492,0.0507,none,0
ASM-008823,PROP-02941,CTY-039,2026,461746,431297,0.0706,none,0
ASM-008824,PROP-02942,CTY-043,2024,447965,,0.0,none,0
ASM-008825,PROP-02942,CTY-043,2025,475569,447965,0.0616,none,0
ASM-008826,PROP-02942,CTY-043,2026,492967,475569,0.0366,none,0
ASM-008827,PROP-02943,CTY-043,2024,410571,,0.0,none,0
ASM-008828,PROP-02943,CTY-043,2025,425166,410571,0.0355,none,0
ASM-008829,PROP-02943,CTY-043,2026,444236,425166,0.0449,none,0
ASM-008830,PROP-02944,CTY-043,2024,478880,,0.0,none,0
ASM-008831,PROP-02944,CTY-043,2025,495449,478880,0.0346,none,0
ASM-008832,PROP-02944,CTY-043,2026,528520,495449,0.0667,none,0
ASM-008833,PROP-02945,CTY-043,2024,393220,,0.0,none,0
ASM-008834,PROP-02945,CTY-043,2025,416778,393220,0.0599,none,0
ASM-008835,PROP-02945,CTY-043,2026,445784,416778,0.0696,none,0
ASM-008836,PROP-02946,CTY-043,2024,420552,,0.0,none,0
ASM-008837,PROP-02946,CTY-043,2025,448813,420552,0.0672,none,0
ASM-008838,PROP-02946,CTY-043,2026,465687,448813,0.0376,none,0
ASM-008839,PROP-02947,CTY-043,2024,339935,,0.0,none,0
ASM-008840,PROP-02947,CTY-043,2025,362220,339935,0.0656,none,0
ASM-008841,PROP-02947,CTY-043,2026,381319,362220,0.0527,none,0
ASM-008842,PROP-02948,CTY-043,2024,472387,,0.0,none,0
ASM-008843,PROP-02948,CTY-043,2025,494137,472387,0.046,none,0
ASM-008844,PROP-02948,CTY-043,2026,522512,494137,0.0574,none,0
ASM-008845,PROP-02949,CTY-043,2024,434084,,0.0,none,0
ASM-008846,PROP-02949,CTY-043,2025,453814,434084,0.0455,none,0
ASM-008847,PROP-02949,CTY-043,2026,490764,453814,0.0814,none,0
ASM-008848,PROP-02950,CTY-043,2024,403697,,0.0,none,0
ASM-008849,PROP-02950,CTY-043,2025,423893,403697,0.05,none,0
ASM-008850,PROP-02950,CTY-043,2026,449921,423893,0.0614,none,0
ASM-008851,PROP-02951,CTY-043,2024,434698,,0.0,none,0
ASM-008852,PROP-02951,CTY-043,2025,468079,434698,0.0768,none,0
ASM-008853,PROP-02951,CTY-043,2026,497334,468079,0.0625,none,0
ASM-008854,PROP-02952,CTY-043,2024,379799,,0.0,none,0
ASM-008855,PROP-02952,CTY-043,2025,400149,379799,0.0536,none,0
ASM-008856,PROP-02952,CTY-043,2026,429207,400149,0.0726,none,0
ASM-008857,PROP-02953,CTY-043,2024,300806,,0.0,none,0
ASM-008858,PROP-02953,CTY-043,2025,319709,300806,0.0628,none,0
ASM-008859,PROP-02953,CTY-043,2026,342278,319709,0.0706,none,0
ASM-008860,PROP-02954,CTY-043,2024,378294,,0.0,none,0
ASM-008861,PROP-02954,CTY-043,2025,393699,378294,0.0407,none,0
ASM-008862,PROP-02954,CTY-043,2026,411726,393699,0.0458,none,0
ASM-008863,PROP-02955,CTY-043,2024,365769,,0.0,none,0
ASM-008864,PROP-02955,CTY-043,2025,382476,365769,0.0457,none,0
ASM-008865,PROP-02955,CTY-043,2026,402652,382476,0.0528,none,0
ASM-008866,PROP-02956,CTY-043,2024,422227,,0.0,none,0
ASM-008867,PROP-02956,CTY-043,2025,451908,422227,0.0703,none,0
ASM-008868,PROP-02956,CTY-043,2026,487280,451908,0.0783,none,0
ASM-008869,PROP-02957,CTY-043,2024,401794,,0.0,none,0
ASM-008870,PROP-02957,CTY-043,2025,425224,401794,0.0583,none,0
ASM-008871,PROP-02957,CTY-043,2026,452314,425224,0.0637,none,0
ASM-008872,PROP-02958,CTY-043,2024,369918,,0.0,none,0
ASM-008873,PROP-02958,CTY-043,2025,399351,369918,0.0796,none,0
ASM-008874,PROP-02958,CTY-043,2026,420016,399351,0.0517,none,0
ASM-008875,PROP-02959,CTY-043,2024,412241,,0.0,none,0
ASM-008876,PROP-02959,CTY-043,2025,446114,412241,0.0822,none,0
ASM-008877,PROP-02959,CTY-043,2026,461952,446114,0.0355,none,0
ASM-008878,PROP-02960,CTY-043,2024,347054,,0.0,none,0
ASM-008879,PROP-02960,CTY-043,2025,371472,347054,0.0704,none,0
ASM-008880,PROP-02960,CTY-043,2026,399008,371472,0.0741,none,0
ASM-008881,PROP-02961,CTY-043,2024,368747,,0.0,none,0
ASM-008882,PROP-02961,CTY-043,2025,390467,368747,0.0589,none,0
ASM-008883,PROP-02961,CTY-043,2026,413255,390467,0.0584,none,0
ASM-008884,PROP-02962,CTY-043,2024,415803,,0.0,none,0
ASM-008885,PROP-02962,CTY-043,2025,449465,415803,0.081,none,0
ASM-008886,PROP-02962,CTY-043,2026,473316,449465,0.0531,none,0
ASM-008887,PROP-02963,CTY-043,2024,369692,,0.0,none,0
ASM-008888,PROP-02963,CTY-043,2025,395300,369692,0.0693,none,0
ASM-008889,PROP-02963,CTY-043,2026,417246,395300,0.0555,none,0
ASM-008890,PROP-02964,CTY-043,2024,353576,,0.0,none,0
ASM-008891,PROP-02964,CTY-043,2025,380257,353576,0.0755,none,0
ASM-008892,PROP-02964,CTY-043,2026,399470,380257,0.0505,none,0
ASM-008893,PROP-02965,CTY-043,2024,403725,,0.0,none,0
ASM-008894,PROP-02965,CTY-043,2025,427920,403725,0.0599,none,0
ASM-008895,PROP-02965,CTY-043,2026,444520,427920,0.0388,none,0
ASM-008896,PROP-02966,CTY-043,2024,355304,,0.0,none,0
ASM-008897,PROP-02966,CTY-043,2025,384132,355304,0.0811,none,0
ASM-008898,PROP-02966,CTY-043,2026,410628,384132,0.069,none,0
ASM-008899,PROP-02967,CTY-043,2024,367601,,0.0,none,0
ASM-008900,PROP-02967,CTY-043,2025,389114,367601,0.0585,none,0
ASM-008901,PROP-02967,CTY-043,2026,406374,389114,0.0444,none,0
ASM-008902,PROP-02968,CTY-043,2024,356516,,0.0,none,0
ASM-008903,PROP-02968,CTY-043,2025,370439,356516,0.0391,none,0
ASM-008904,PROP-02968,CTY-043,2026,390550,370439,0.0543,none,0
ASM-008905,PROP-02969,CTY-043,2024,439753,,0.0,none,0
ASM-008906,PROP-02969,CTY-043,2025,469675,439753,0.068,none,0
ASM-008907,PROP-02969,CTY-043,2026,492542,469675,0.0487,none,0
ASM-008908,PROP-02970,CTY-036,2024,388055,,0.0,none,0
ASM-008909,PROP-02970,CTY-036,2025,411964,388055,0.0616,none,0
ASM-008910,PROP-02970,CTY-036,2026,441880,411964,0.0726,none,0
ASM-008911,PROP-02971,CTY-036,2024,386689,,0.0,none,0
ASM-008912,PROP-02971,CTY-036,2025,406173,386689,0.0504,none,0
ASM-008913,PROP-02971,CTY-036,2026,434509,406173,0.0698,none,0
ASM-008914,PROP-02972,CTY-036,2024,347548,,0.0,none,0
ASM-008915,PROP-02972,CTY-036,2025,380072,347548,0.0936,won,15774
ASM-008916,PROP-02972,CTY-036,2026,414677,380072,0.091,won,36800
ASM-008917,PROP-02973,CTY-036,2024,325673,,0.0,none,0
ASM-008918,PROP-02973,CTY-036,2025,355588,325673,0.0919,lost,0
ASM-008919,PROP-02973,CTY-036,2026,376961,355588,0.0601,none,0
ASM-008920,PROP-02974,CTY-036,2024,305712,,0.0,none,0
ASM-008921,PROP-02974,CTY-036,2025,328778,305712,0.0755,none,0
ASM-008922,PROP-02974,CTY-036,2026,347542,328778,0.0571,none,0
ASM-008923,PROP-02975,CTY-036,2024,314731,,0.0,none,0
ASM-008924,PROP-02975,CTY-036,2025,342496,314731,0.0882,none,0
ASM-008925,PROP-02975,CTY-036,2026,374145,342496,0.0924,none,0
ASM-008926,PROP-02976,CTY-036,2024,285452,,0.0,none,0
ASM-008927,PROP-02976,CTY-036,2025,307512,285452,0.0773,none,0
ASM-008928,PROP-02976,CTY-036,2026,320504,307512,0.0422,none,0
ASM-008929,PROP-02977,CTY-036,2024,350639,,0.0,none,0
ASM-008930,PROP-02977,CTY-036,2025,378012,350639,0.0781,none,0
ASM-008931,PROP-02977,CTY-036,2026,402513,378012,0.0648,none,0
ASM-008932,PROP-02978,CTY-036,2024,355169,,0.0,none,0
ASM-008933,PROP-02978,CTY-036,2025,370912,355169,0.0443,none,0
ASM-008934,PROP-02978,CTY-036,2026,401777,370912,0.0832,none,0
ASM-008935,PROP-02979,CTY-036,2024,303904,,0.0,none,0
ASM-008936,PROP-02979,CTY-036,2025,319009,303904,0.0497,none,0
ASM-008937,PROP-02979,CTY-036,2026,345562,319009,0.0832,none,0
ASM-008938,PROP-02980,CTY-036,2024,353710,,0.0,none,0
ASM-008939,PROP-02980,CTY-036,2025,377876,353710,0.0683,none,0
ASM-008940,PROP-02980,CTY-036,2026,392108,377876,0.0377,none,0
ASM-008941,PROP-02981,CTY-036,2024,307257,,0.0,none,0
ASM-008942,PROP-02981,CTY-036,2025,331154,307257,0.0778,none,0
ASM-008943,PROP-02981,CTY-036,2026,347224,331154,0.0485,none,0
ASM-008944,PROP-02982,CTY-036,2024,270311,,0.0,none,0
ASM-008945,PROP-02982,CTY-036,2025,282144,270311,0.0438,none,0
ASM-008946,PROP-02982,CTY-036,2026,306544,282144,0.0865,none,0
ASM-008947,PROP-02983,CTY-036,2024,322930,,0.0,none,0
ASM-008948,PROP-02983,CTY-036,2025,349921,322930,0.0836,none,0
ASM-008949,PROP-02983,CTY-036,2026,375474,349921,0.073,none,0
ASM-008950,PROP-02984,CTY-036,2024,357291,,0.0,none,0
ASM-008951,PROP-02984,CTY-036,2025,385880,357291,0.08,none,0
ASM-008952,PROP-02984,CTY-036,2026,408210,385880,0.0579,none,0
ASM-008953,PROP-02985,CTY-036,2024,322280,,0.0,none,0
ASM-008954,PROP-02985,CTY-036,2025,335272,322280,0.0403,none,0
ASM-008955,PROP-02985,CTY-036,2026,356383,335272,0.063,none,0
ASM-008956,PROP-02986,CTY-036,2024,300538,,0.0,none,0
ASM-008957,PROP-02986,CTY-036,2025,316995,300538,0.0548,none,0
ASM-008958,PROP-02986,CTY-036,2026,333948,316995,0.0535,none,0
ASM-008959,PROP-02987,CTY-036,2024,355118,,0.0,none,0
ASM-008960,PROP-02987,CTY-036,2025,387262,355118,0.0905,won,41856
ASM-008961,PROP-02987,CTY-036,2026,403112,387262,0.0409,none,0
ASM-008962,PROP-02988,CTY-036,2024,324766,,0.0,none,0
ASM-008963,PROP-02988,CTY-036,2025,337738,324766,0.0399,none,0
ASM-008964,PROP-02988,CTY-036,2026,350610,337738,0.0381,none,0
ASM-008965,PROP-02989,CTY-036,2024,339674,,0.0,none,0
ASM-008966,PROP-02989,CTY-036,2025,360382,339674,0.061,none,0
ASM-008967,PROP-02989,CTY-036,2026,391087,360382,0.0852,none,0
ASM-008968,PROP-02990,CTY-036,2024,359970,,0.0,none,0
ASM-008969,PROP-02990,CTY-036,2025,383747,359970,0.0661,none,0
ASM-008970,PROP-02990,CTY-036,2026,398301,383747,0.0379,none,0
ASM-008971,PROP-02991,CTY-036,2024,363765,,0.0,none,0
ASM-008972,PROP-02991,CTY-036,2025,382019,363765,0.0502,none,0
ASM-008973,PROP-02991,CTY-036,2026,403412,382019,0.056,none,0
ASM-008974,PROP-02992,CTY-036,2024,305276,,0.0,none,0
ASM-008975,PROP-02992,CTY-036,2025,326857,305276,0.0707,none,0
ASM-008976,PROP-02992,CTY-036,2026,351298,326857,0.0748,none,0
ASM-008977,PROP-02993,CTY-036,2024,378739,,0.0,none,0
ASM-008978,PROP-02993,CTY-036,2025,403108,378739,0.0643,none,0
ASM-008979,PROP-02993,CTY-036,2026,420303,403108,0.0427,none,0
ASM-008980,PROP-02994,CTY-036,2024,306767,,0.0,none,0
ASM-008981,PROP-02994,CTY-036,2025,327739,306767,0.0684,none,0
ASM-008982,PROP-02994,CTY-036,2026,342101,327739,0.0438,none,0
ASM-008983,PROP-02995,CTY-036,2024,366624,,0.0,none,0
ASM-008984,PROP-02995,CTY-036,2025,390316,366624,0.0646,none,0
ASM-008985,PROP-02995,CTY-036,2026,416379,390316,0.0668,none,0
ASM-008986,PROP-02996,CTY-036,2024,369122,,0.0,none,0
ASM-008987,PROP-02996,CTY-036,2025,383482,369122,0.0389,none,0
ASM-008988,PROP-02996,CTY-036,2026,414848,383482,0.0818,none,0
ASM-008989,PROP-02997,CTY-036,2024,388003,,0.0,none,0
ASM-008990,PROP-02997,CTY-036,2025,418518,388003,0.0786,none,0
ASM-008991,PROP-02997,CTY-036,2026,448574,418518,0.0718,none,0
ASM-008992,PROP-02998,CTY-036,2024,359997,,0.0,none,0
ASM-008993,PROP-02998,CTY-036,2025,381784,359997,0.0605,none,0
ASM-008994,PROP-02998,CTY-036,2026,406308,381784,0.0642,none,0
ASM-008995,PROP-02999,CTY-036,2024,339656,,0.0,none,0
ASM-008996,PROP-02999,CTY-036,2025,363578,339656,0.0704,none,0
ASM-008997,PROP-02999,CTY-036,2026,380784,363578,0.0473,none,0
ASM-008998,PROP-03000,CTY-036,2024,342297,,0.0,none,0
ASM-008999,PROP-03000,CTY-036,2025,357602,342297,0.0447,none,0
ASM-009000,PROP-03000,CTY-036,2026,376130,357602,0.0518,none,0
ASM-009001,PROP-03001,CTY-036,2024,280419,,0.0,none,0
ASM-009002,PROP-03001,CTY-036,2025,295998,280419,0.0556,none,0
ASM-009003,PROP-03001,CTY-036,2026,314419,295998,0.0622,none,0
