billId,assessmentId,propertyId,countyId,taxYear,amountDue,dueDate,paidDate,status
TAX-000001,ASM-000001,PROP-00001,CTY-001,2024,5020,2024-11-01,2024-10-20,paid
TAX-000002,ASM-000002,PROP-00001,CTY-001,2025,5288,2025-11-01,2025-10-29,paid
TAX-000003,ASM-000003,PROP-00001,CTY-001,2026,5654,2026-11-01,,outstanding
TAX-000004,ASM-000004,PROP-00002,CTY-001,2024,4580,2024-11-01,2024-09-25,paid
TAX-000005,ASM-000005,PROP-00002,CTY-001,2025,4771,2025-11-01,2025-09-27,paid
TAX-000006,ASM-000006,PROP-00002,CTY-001,2026,4955,2026-11-01,,outstanding
TAX-000007,ASM-000007,PROP-00003,CTY-001,2024,3978,2024-11-01,2024-10-31,paid
TAX-000008,ASM-000008,PROP-00003,CTY-001,2025,4276,2025-11-01,2025-10-10,paid
TAX-000009,ASM-000009,PROP-00003,CTY-001,2026,4567,2026-11-01,,outstanding
TAX-000010,ASM-000010,PROP-00004,CTY-001,2024,4788,2024-11-01,2024-10-04,paid
TAX-000011,ASM-000011,PROP-00004,CTY-001,2025,4952,2025-11-01,2025-10-16,paid
TAX-000012,ASM-000012,PROP-00004,CTY-001,2026,5123,2026-11-01,,outstanding
TAX-000013,ASM-000013,PROP-00005,CTY-001,2024,4785,2024-11-01,2024-10-27,paid
TAX-000014,ASM-000014,PROP-00005,CTY-001,2025,4975,2025-11-01,2025-10-08,paid
TAX-000015,ASM-000015,PROP-00005,CTY-001,2026,5297,2026-11-01,,outstanding
TAX-000016,ASM-000016,PROP-00006,CTY-001,2024,4051,2024-11-01,2024-09-26,paid
TAX-000017,ASM-000017,PROP-00006,CTY-001,2025,4228,2025-11-01,2025-10-28,paid
TAX-000018,ASM-000018,PROP-00006,CTY-001,2026,4423,2026-11-01,,outstanding
TAX-000019,ASM-000019,PROP-00007,CTY-001,2024,4230,2024-11-01,2024-10-30,paid
TAX-000020,ASM-000020,PROP-00007,CTY-001,2025,4450,2025-11-01,2025-10-22,paid
TAX-000021,ASM-000021,PROP-00007,CTY-001,2026,4816,2026-11-01,,outstanding
TAX-000022,ASM-000022,PROP-00008,CTY-001,2024,4741,2024-11-01,2024-10-14,paid
TAX-000023,ASM-000023,PROP-00008,CTY-001,2025,5087,2025-11-01,2025-10-28,paid
TAX-000024,ASM-000024,PROP-00008,CTY-001,2026,5297,2026-11-01,,outstanding
TAX-000025,ASM-000025,PROP-00009,CTY-001,2024,4218,2024-11-01,2024-10-10,paid
TAX-000026,ASM-000026,PROP-00009,CTY-001,2025,4567,2025-11-01,2025-09-29,paid
TAX-000027,ASM-000027,PROP-00009,CTY-001,2026,4840,2026-11-01,,outstanding
TAX-000028,ASM-000028,PROP-00010,CTY-001,2024,4277,2024-11-01,2024-09-24,paid
TAX-000029,ASM-000029,PROP-00010,CTY-001,2025,4616,2025-11-01,2025-10-24,paid
TAX-000030,ASM-000030,PROP-00010,CTY-001,2026,4818,2026-11-01,,outstanding
TAX-000031,ASM-000031,PROP-00011,CTY-001,2024,5083,2024-11-01,2024-09-29,paid
TAX-000032,ASM-000032,PROP-00011,CTY-001,2025,5356,2025-11-01,2025-10-02,paid
TAX-000033,ASM-000033,PROP-00011,CTY-001,2026,5705,2026-11-01,,outstanding
TAX-000034,ASM-000034,PROP-00012,CTY-001,2024,4616,2024-11-01,2024-10-26,paid
TAX-000035,ASM-000035,PROP-00012,CTY-001,2025,4801,2025-11-01,2025-10-10,paid
TAX-000036,ASM-000036,PROP-00012,CTY-001,2026,5181,2026-11-01,,outstanding
TAX-000037,ASM-000037,PROP-00013,CTY-001,2024,4342,2024-11-01,2024-10-15,paid
TAX-000038,ASM-000038,PROP-00013,CTY-001,2025,4586,2025-11-01,2025-10-25,paid
TAX-000039,ASM-000039,PROP-00013,CTY-001,2026,4857,2026-11-01,,outstanding
TAX-000040,ASM-000040,PROP-00014,CTY-001,2024,4871,2024-11-01,2024-10-22,paid
TAX-000041,ASM-000041,PROP-00014,CTY-001,2025,5056,2025-11-01,2025-10-18,paid
TAX-000042,ASM-000042,PROP-00014,CTY-001,2026,5479,2026-11-01,,outstanding
TAX-000043,ASM-000043,PROP-00015,CTY-001,2024,5895,2024-11-01,2024-10-31,paid
TAX-000044,ASM-000044,PROP-00015,CTY-001,2025,6153,2025-11-01,2025-09-30,paid
TAX-000045,ASM-000045,PROP-00015,CTY-001,2026,6622,2026-11-01,,outstanding
TAX-000046,ASM-000046,PROP-00016,CTY-001,2024,4811,2024-11-01,2024-10-08,paid
TAX-000047,ASM-000047,PROP-00016,CTY-001,2025,5200,2025-11-01,2025-09-27,paid
TAX-000048,ASM-000048,PROP-00016,CTY-001,2026,5466,2026-11-01,,outstanding
TAX-000049,ASM-000049,PROP-00017,CTY-001,2024,4392,2024-11-01,2024-10-03,paid
TAX-000050,ASM-000050,PROP-00017,CTY-001,2025,4711,2025-11-01,2025-10-11,paid
TAX-000051,ASM-000051,PROP-00017,CTY-001,2026,4962,2026-11-01,,outstanding
TAX-000052,ASM-000052,PROP-00018,CTY-001,2024,4452,2024-11-01,2024-11-01,paid
TAX-000053,ASM-000053,PROP-00018,CTY-001,2025,4812,2025-11-01,2025-10-19,paid
TAX-000054,ASM-000054,PROP-00018,CTY-001,2026,5143,2026-11-01,,outstanding
TAX-000055,ASM-000055,PROP-00019,CTY-001,2024,4387,2024-11-01,2024-10-05,paid
TAX-000056,ASM-000056,PROP-00019,CTY-001,2025,4640,2025-11-01,2025-10-17,paid
TAX-000057,ASM-000057,PROP-00019,CTY-001,2026,4864,2026-11-01,,outstanding
TAX-000058,ASM-000058,PROP-00020,CTY-001,2024,3819,2024-11-01,2024-09-22,paid
TAX-000059,ASM-000059,PROP-00020,CTY-001,2025,4027,2025-11-01,2025-10-05,paid
TAX-000060,ASM-000060,PROP-00020,CTY-001,2026,4164,2026-11-01,,outstanding
TAX-000061,ASM-000061,PROP-00021,CTY-001,2024,4530,2024-11-01,2024-10-11,paid
TAX-000062,ASM-000062,PROP-00021,CTY-001,2025,4743,2025-11-01,2025-10-28,paid
TAX-000063,ASM-000063,PROP-00021,CTY-001,2026,5022,2026-11-01,,outstanding
TAX-000064,ASM-000064,PROP-00022,CTY-001,2024,4590,2024-11-01,2024-09-22,paid
TAX-000065,ASM-000065,PROP-00022,CTY-001,2025,4941,2025-11-01,2025-10-23,paid
TAX-000066,ASM-000066,PROP-00022,CTY-001,2026,5302,2026-11-01,,outstanding
TAX-000067,ASM-000067,PROP-00023,CTY-001,2024,5502,2024-11-01,2024-10-25,paid
TAX-000068,ASM-000068,PROP-00023,CTY-001,2025,5851,2025-11-01,2025-10-25,paid
TAX-000069,ASM-000069,PROP-00023,CTY-001,2026,6084,2026-11-01,,outstanding
TAX-000070,ASM-000070,PROP-00024,CTY-001,2024,4869,2024-11-01,2024-10-23,paid
TAX-000071,ASM-000071,PROP-00024,CTY-001,2025,5172,2025-11-01,2025-10-10,paid
TAX-000072,ASM-000072,PROP-00024,CTY-001,2026,5563,2026-11-01,,outstanding
TAX-000073,ASM-000073,PROP-00025,CTY-001,2024,5225,2024-11-01,2024-09-22,paid
TAX-000074,ASM-000074,PROP-00025,CTY-001,2025,5648,2025-11-01,2025-10-08,paid
TAX-000075,ASM-000075,PROP-00025,CTY-001,2026,5938,2026-11-01,,outstanding
TAX-000076,ASM-000076,PROP-00026,CTY-001,2024,4749,2024-11-01,2024-10-12,paid
TAX-000077,ASM-000077,PROP-00026,CTY-001,2025,4953,2025-11-01,2025-10-08,paid
TAX-000078,ASM-000078,PROP-00026,CTY-001,2026,5200,2026-11-01,,outstanding
TAX-000079,ASM-000079,PROP-00027,CTY-001,2024,4234,2024-11-01,2024-10-26,paid
TAX-000080,ASM-000080,PROP-00027,CTY-001,2025,4522,2025-11-01,2025-10-31,paid
TAX-000081,ASM-000081,PROP-00027,CTY-001,2026,4831,2026-11-01,,outstanding
TAX-000082,ASM-000082,PROP-00028,CTY-001,2024,5368,2024-11-01,2024-11-01,paid
TAX-000083,ASM-000083,PROP-00028,CTY-001,2025,5632,2025-11-01,2025-10-05,paid
TAX-000084,ASM-000084,PROP-00028,CTY-001,2026,5847,2026-11-01,,outstanding
TAX-000085,ASM-000085,PROP-00029,CTY-001,2024,4117,2024-11-01,2024-09-28,paid
TAX-000086,ASM-000086,PROP-00029,CTY-001,2025,4268,2025-11-01,2025-10-26,paid
TAX-000087,ASM-000087,PROP-00029,CTY-001,2026,4527,2026-11-01,,outstanding
TAX-000088,ASM-000088,PROP-00030,CTY-001,2024,4449,2024-11-01,2024-10-22,paid
TAX-000089,ASM-000089,PROP-00030,CTY-001,2025,4603,2025-11-01,2025-10-02,paid
TAX-000090,ASM-000090,PROP-00030,CTY-001,2026,4773,2026-11-01,,outstanding
TAX-000091,ASM-000091,PROP-00031,CTY-001,2024,4282,2024-11-01,2024-10-09,paid
TAX-000092,ASM-000092,PROP-00031,CTY-001,2025,4438,2025-11-01,2025-10-31,paid
TAX-000093,ASM-000093,PROP-00031,CTY-001,2026,4792,2026-11-01,,outstanding
TAX-000094,ASM-000094,PROP-00032,CTY-001,2024,5042,2024-11-01,2024-09-23,paid
TAX-000095,ASM-000095,PROP-00032,CTY-001,2025,5402,2025-11-01,2025-10-11,paid
TAX-000096,ASM-000096,PROP-00032,CTY-001,2026,5682,2026-11-01,,outstanding
TAX-000097,ASM-000097,PROP-00033,CTY-001,2024,4992,2024-11-01,2024-10-16,paid
TAX-000098,ASM-000098,PROP-00033,CTY-001,2025,5286,2025-11-01,2025-09-30,paid
TAX-000099,ASM-000099,PROP-00033,CTY-001,2026,5653,2026-11-01,,outstanding
TAX-000100,ASM-000100,PROP-00034,CTY-001,2024,4909,2024-11-01,2024-10-22,paid
TAX-000101,ASM-000101,PROP-00034,CTY-001,2025,5117,2025-11-01,2025-10-24,paid
TAX-000102,ASM-000102,PROP-00034,CTY-001,2026,5428,2026-11-01,,outstanding
TAX-000103,ASM-000103,PROP-00035,CTY-001,2024,4766,2024-11-01,2024-10-23,paid
TAX-000104,ASM-000104,PROP-00035,CTY-001,2025,4944,2025-11-01,2025-10-29,paid
TAX-000105,ASM-000105,PROP-00035,CTY-001,2026,5319,2026-11-01,,outstanding
TAX-000106,ASM-000106,PROP-00036,CTY-001,2024,5201,2024-11-01,2024-10-07,paid
TAX-000107,ASM-000107,PROP-00036,CTY-001,2025,5462,2025-11-01,2025-10-19,paid
TAX-000108,ASM-000108,PROP-00036,CTY-001,2026,5738,2026-11-01,,outstanding
TAX-000109,ASM-000109,PROP-00037,CTY-001,2024,4748,2024-11-01,2024-10-24,paid
TAX-000110,ASM-000110,PROP-00037,CTY-001,2025,4957,2025-11-01,2025-10-30,paid
TAX-000111,ASM-000111,PROP-00037,CTY-001,2026,5272,2026-11-01,,outstanding
TAX-000112,ASM-000112,PROP-00038,CTY-001,2024,5402,2024-11-01,2024-09-25,paid
TAX-000113,ASM-000113,PROP-00038,CTY-001,2025,5834,2025-11-01,2025-10-09,paid
TAX-000114,ASM-000114,PROP-00038,CTY-001,2026,6133,2026-11-01,,outstanding
TAX-000115,ASM-000115,PROP-00039,CTY-001,2024,5314,2024-11-01,2024-10-20,paid
TAX-000116,ASM-000116,PROP-00039,CTY-001,2025,5650,2025-11-01,2025-10-07,paid
TAX-000117,ASM-000117,PROP-00039,CTY-001,2026,6121,2026-11-01,,outstanding
TAX-000118,ASM-000118,PROP-00040,CTY-001,2024,5433,2024-11-01,2024-10-29,paid
TAX-000119,ASM-000119,PROP-00040,CTY-001,2025,5746,2025-11-01,2025-09-24,paid
TAX-000120,ASM-000120,PROP-00040,CTY-001,2026,5942,2026-11-01,,outstanding
TAX-000121,ASM-000121,PROP-00041,CTY-001,2024,4538,2024-11-01,2024-11-01,paid
TAX-000122,ASM-000122,PROP-00041,CTY-001,2025,4907,2025-11-01,2025-10-27,paid
TAX-000123,ASM-000123,PROP-00041,CTY-001,2026,5278,2026-11-01,,outstanding
TAX-000124,ASM-000124,PROP-00042,CTY-001,2024,5168,2024-11-01,2024-10-26,paid
TAX-000125,ASM-000125,PROP-00042,CTY-001,2025,5351,2025-11-01,2025-10-15,paid
TAX-000126,ASM-000126,PROP-00042,CTY-001,2026,5710,2026-11-01,,outstanding
TAX-000127,ASM-000127,PROP-00043,CTY-001,2024,5034,2024-11-01,2024-09-27,paid
TAX-000128,ASM-000128,PROP-00043,CTY-001,2025,5246,2025-11-01,2025-10-29,paid
TAX-000129,ASM-000129,PROP-00043,CTY-001,2026,5519,2026-11-01,,outstanding
TAX-000130,ASM-000130,PROP-00044,CTY-001,2024,4978,2024-11-01,2024-09-30,paid
TAX-000131,ASM-000131,PROP-00044,CTY-001,2025,5298,2025-11-01,2025-10-01,paid
TAX-000132,ASM-000132,PROP-00044,CTY-001,2026,5515,2026-11-01,,outstanding
TAX-000133,ASM-000133,PROP-00045,CTY-001,2024,4320,2024-11-01,2024-09-30,paid
TAX-000134,ASM-000134,PROP-00045,CTY-001,2025,4588,2025-11-01,2025-10-31,paid
TAX-000135,ASM-000135,PROP-00045,CTY-001,2026,4857,2026-11-01,,outstanding
TAX-000136,ASM-000136,PROP-00046,CTY-002,2024,3952,2024-11-01,2024-10-27,paid
TAX-000137,ASM-000137,PROP-00046,CTY-002,2025,4131,2025-11-01,2025-10-24,paid
TAX-000138,ASM-000138,PROP-00046,CTY-002,2026,4442,2026-11-01,,outstanding
TAX-000139,ASM-000139,PROP-00047,CTY-002,2024,4853,2024-11-01,2024-09-23,paid
TAX-000140,ASM-000140,PROP-00047,CTY-002,2025,5076,2025-11-01,2025-09-23,paid
TAX-000141,ASM-000141,PROP-00047,CTY-002,2026,5246,2026-11-01,,outstanding
TAX-000142,ASM-000142,PROP-00048,CTY-002,2024,4433,2024-11-01,2024-10-06,paid
TAX-000143,ASM-000143,PROP-00048,CTY-002,2025,4629,2025-11-01,2025-09-24,paid
TAX-000144,ASM-000144,PROP-00048,CTY-002,2026,4906,2026-11-01,,outstanding
TAX-000145,ASM-000145,PROP-00049,CTY-002,2024,3301,2024-11-01,2024-10-27,paid
TAX-000146,ASM-000146,PROP-00049,CTY-002,2025,3540,2025-11-01,2025-10-26,paid
TAX-000147,ASM-000147,PROP-00049,CTY-002,2026,3787,2026-11-01,,outstanding
TAX-000148,ASM-000148,PROP-00050,CTY-002,2024,4387,2024-11-01,2024-10-13,paid
TAX-000149,ASM-000149,PROP-00050,CTY-002,2025,4607,2025-11-01,2025-09-28,paid
TAX-000150,ASM-000150,PROP-00050,CTY-002,2026,4822,2026-11-01,,outstanding
TAX-000151,ASM-000151,PROP-00051,CTY-002,2024,4366,2024-11-01,2024-10-21,paid
TAX-000152,ASM-000152,PROP-00051,CTY-002,2025,4510,2025-11-01,2025-10-19,paid
TAX-000153,ASM-000153,PROP-00051,CTY-002,2026,4868,2026-11-01,,outstanding
TAX-000154,ASM-000154,PROP-00052,CTY-002,2024,3360,2024-11-01,2024-10-25,paid
TAX-000155,ASM-000155,PROP-00052,CTY-002,2025,3484,2025-11-01,2025-10-02,paid
TAX-000156,ASM-000156,PROP-00052,CTY-002,2026,3609,2026-11-01,,outstanding
TAX-000157,ASM-000157,PROP-00053,CTY-002,2024,3637,2024-11-01,2024-09-24,paid
TAX-000158,ASM-000158,PROP-00053,CTY-002,2025,3794,2025-11-01,2025-10-27,paid
TAX-000159,ASM-000159,PROP-00053,CTY-002,2026,4010,2026-11-01,,outstanding
TAX-000160,ASM-000160,PROP-00054,CTY-002,2024,4543,2024-11-01,2024-10-04,paid
TAX-000161,ASM-000161,PROP-00054,CTY-002,2025,4800,2025-11-01,2025-10-09,paid
TAX-000162,ASM-000162,PROP-00054,CTY-002,2026,5096,2026-11-01,,outstanding
TAX-000163,ASM-000163,PROP-00055,CTY-002,2024,4578,2024-11-01,2024-10-30,paid
TAX-000164,ASM-000164,PROP-00055,CTY-002,2025,4783,2025-11-01,2025-10-12,paid
TAX-000165,ASM-000165,PROP-00055,CTY-002,2026,5118,2026-11-01,,outstanding
TAX-000166,ASM-000166,PROP-00056,CTY-002,2024,4013,2024-11-01,2024-09-29,paid
TAX-000167,ASM-000167,PROP-00056,CTY-002,2025,4301,2025-11-01,2025-10-15,paid
TAX-000168,ASM-000168,PROP-00056,CTY-002,2026,4468,2026-11-01,,outstanding
TAX-000169,ASM-000169,PROP-00057,CTY-002,2024,5038,2024-11-01,2024-10-24,paid
TAX-000170,ASM-000170,PROP-00057,CTY-002,2025,5329,2025-11-01,2025-09-27,paid
TAX-000171,ASM-000171,PROP-00057,CTY-002,2026,5549,2026-11-01,,outstanding
TAX-000172,ASM-000172,PROP-00058,CTY-002,2024,3786,2024-11-01,2024-10-29,paid
TAX-000173,ASM-000173,PROP-00058,CTY-002,2025,4011,2025-11-01,2025-11-01,paid
TAX-000174,ASM-000174,PROP-00058,CTY-002,2026,4250,2026-11-01,,outstanding
TAX-000175,ASM-000175,PROP-00059,CTY-002,2024,3916,2024-11-01,2024-10-14,paid
TAX-000176,ASM-000176,PROP-00059,CTY-002,2025,4165,2025-11-01,2025-10-14,paid
TAX-000177,ASM-000177,PROP-00059,CTY-002,2026,4390,2026-11-01,,outstanding
TAX-000178,ASM-000178,PROP-00060,CTY-002,2024,4832,2024-11-01,2024-10-11,paid
TAX-000179,ASM-000179,PROP-00060,CTY-002,2025,5174,2025-11-01,2025-10-20,paid
TAX-000180,ASM-000180,PROP-00060,CTY-002,2026,5565,2026-11-01,,outstanding
TAX-000181,ASM-000181,PROP-00061,CTY-002,2024,4544,2024-11-01,2024-10-10,paid
TAX-000182,ASM-000182,PROP-00061,CTY-002,2025,4764,2025-11-01,2025-10-23,paid
TAX-000183,ASM-000183,PROP-00061,CTY-002,2026,4973,2026-11-01,,outstanding
TAX-000184,ASM-000184,PROP-00062,CTY-002,2024,4225,2024-11-01,2024-10-29,paid
TAX-000185,ASM-000185,PROP-00062,CTY-002,2025,4501,2025-11-01,2025-10-16,paid
TAX-000186,ASM-000186,PROP-00062,CTY-002,2026,4841,2026-11-01,,outstanding
TAX-000187,ASM-000187,PROP-00063,CTY-002,2024,3794,2024-11-01,2024-10-01,paid
TAX-000188,ASM-000188,PROP-00063,CTY-002,2025,4100,2025-11-01,2025-10-10,paid
TAX-000189,ASM-000189,PROP-00063,CTY-002,2026,4265,2026-11-01,,outstanding
TAX-000190,ASM-000190,PROP-00064,CTY-002,2024,4176,2024-11-01,2024-10-04,paid
TAX-000191,ASM-000191,PROP-00064,CTY-002,2025,4397,2025-11-01,2025-09-27,paid
TAX-000192,ASM-000192,PROP-00064,CTY-002,2026,4644,2026-11-01,,outstanding
TAX-000193,ASM-000193,PROP-00065,CTY-002,2024,4361,2024-11-01,2024-10-20,paid
TAX-000194,ASM-000194,PROP-00065,CTY-002,2025,4537,2025-11-01,2025-10-01,paid
TAX-000195,ASM-000195,PROP-00065,CTY-002,2026,4874,2026-11-01,,outstanding
TAX-000196,ASM-000196,PROP-00066,CTY-002,2024,5119,2024-11-01,2024-10-14,paid
TAX-000197,ASM-000197,PROP-00066,CTY-002,2025,5312,2025-11-01,2025-10-16,paid
TAX-000198,ASM-000198,PROP-00066,CTY-002,2026,5594,2026-11-01,,outstanding
TAX-000199,ASM-000199,PROP-00067,CTY-002,2024,4194,2024-11-01,2024-10-19,paid
TAX-000200,ASM-000200,PROP-00067,CTY-002,2025,4525,2025-11-01,2025-10-03,paid
TAX-000201,ASM-000201,PROP-00067,CTY-002,2026,4782,2026-11-01,,outstanding
TAX-000202,ASM-000202,PROP-00068,CTY-002,2024,3805,2024-11-01,2024-09-25,paid
TAX-000203,ASM-000203,PROP-00068,CTY-002,2025,4051,2025-11-01,2025-10-25,paid
TAX-000204,ASM-000204,PROP-00068,CTY-002,2026,4375,2026-11-01,,outstanding
TAX-000205,ASM-000205,PROP-00069,CTY-002,2024,3806,2024-11-01,2024-10-05,paid
TAX-000206,ASM-000206,PROP-00069,CTY-002,2025,4024,2025-11-01,2025-10-03,paid
TAX-000207,ASM-000207,PROP-00069,CTY-002,2026,4346,2026-11-01,,outstanding
TAX-000208,ASM-000208,PROP-00070,CTY-002,2024,4055,2024-11-01,2024-10-06,paid
TAX-000209,ASM-000209,PROP-00070,CTY-002,2025,4197,2025-11-01,2025-10-16,paid
TAX-000210,ASM-000210,PROP-00070,CTY-002,2026,4485,2026-11-01,,outstanding
TAX-000211,ASM-000211,PROP-00071,CTY-002,2024,3905,2024-11-01,2024-10-03,paid
TAX-000212,ASM-000212,PROP-00071,CTY-002,2025,4048,2025-11-01,2025-09-23,paid
TAX-000213,ASM-000213,PROP-00071,CTY-002,2026,4245,2026-11-01,,outstanding
TAX-000214,ASM-000214,PROP-00072,CTY-002,2024,3913,2024-11-01,2024-10-04,paid
TAX-000215,ASM-000215,PROP-00072,CTY-002,2025,4061,2025-11-01,2025-10-05,paid
TAX-000216,ASM-000216,PROP-00072,CTY-002,2026,4371,2026-11-01,,outstanding
TAX-000217,ASM-000217,PROP-00073,CTY-002,2024,3585,2024-11-01,2024-10-03,paid
TAX-000218,ASM-000218,PROP-00073,CTY-002,2025,3791,2025-11-01,2025-10-18,paid
TAX-000219,ASM-000219,PROP-00073,CTY-002,2026,4090,2026-11-01,,outstanding
TAX-000220,ASM-000220,PROP-00074,CTY-002,2024,4342,2024-11-01,2024-09-23,paid
TAX-000221,ASM-000221,PROP-00074,CTY-002,2025,4586,2025-11-01,2025-09-27,paid
TAX-000222,ASM-000222,PROP-00074,CTY-002,2026,4876,2026-11-01,,outstanding
TAX-000223,ASM-000223,PROP-00075,CTY-002,2024,3592,2024-11-01,2024-10-18,paid
TAX-000224,ASM-000224,PROP-00075,CTY-002,2025,3721,2025-11-01,2025-09-29,paid
TAX-000225,ASM-000225,PROP-00075,CTY-002,2026,3989,2026-11-01,,outstanding
TAX-000226,ASM-000226,PROP-00076,CTY-002,2024,4537,2024-11-01,2024-10-19,paid
TAX-000227,ASM-000227,PROP-00076,CTY-002,2025,4775,2025-11-01,2025-10-22,paid
TAX-000228,ASM-000228,PROP-00076,CTY-002,2026,5038,2026-11-01,,outstanding
TAX-000229,ASM-000229,PROP-00077,CTY-002,2024,4233,2024-11-01,2024-09-24,paid
TAX-000230,ASM-000230,PROP-00077,CTY-002,2025,4479,2025-11-01,2025-10-01,paid
TAX-000231,ASM-000231,PROP-00077,CTY-002,2026,4654,2026-11-01,,outstanding
TAX-000232,ASM-000232,PROP-00078,CTY-002,2024,4322,2024-11-01,2024-09-29,paid
TAX-000233,ASM-000233,PROP-00078,CTY-002,2025,4608,2025-11-01,2025-10-26,paid
TAX-000234,ASM-000234,PROP-00078,CTY-002,2026,4806,2026-11-01,,outstanding
TAX-000235,ASM-000235,PROP-00079,CTY-002,2024,4509,2024-11-01,2024-10-18,paid
TAX-000236,ASM-000236,PROP-00079,CTY-002,2025,4862,2025-11-01,2025-09-30,paid
TAX-000237,ASM-000237,PROP-00079,CTY-002,2026,5206,2026-11-01,,outstanding
TAX-000238,ASM-000238,PROP-00080,CTY-002,2024,3662,2024-11-01,2024-10-03,paid
TAX-000239,ASM-000239,PROP-00080,CTY-002,2025,3843,2025-11-01,2025-10-12,paid
TAX-000240,ASM-000240,PROP-00080,CTY-002,2026,4053,2026-11-01,,outstanding
TAX-000241,ASM-000241,PROP-00081,CTY-002,2024,4596,2024-11-01,2024-10-15,paid
TAX-000242,ASM-000242,PROP-00081,CTY-002,2025,4941,2025-11-01,2025-11-01,paid
TAX-000243,ASM-000243,PROP-00081,CTY-002,2026,5253,2026-11-01,,outstanding
TAX-000244,ASM-000244,PROP-00082,CTY-002,2024,4817,2024-11-01,2024-10-26,paid
TAX-000245,ASM-000245,PROP-00082,CTY-002,2025,5158,2025-11-01,2025-10-30,paid
TAX-000246,ASM-000246,PROP-00082,CTY-002,2026,5551,2026-11-01,,outstanding
TAX-000247,ASM-000247,PROP-00083,CTY-002,2024,4978,2024-11-01,2024-10-30,paid
TAX-000248,ASM-000248,PROP-00083,CTY-002,2025,5320,2025-11-01,2025-09-28,paid
TAX-000249,ASM-000249,PROP-00083,CTY-002,2026,5745,2026-11-01,,outstanding
TAX-000250,ASM-000250,PROP-00084,CTY-002,2024,3645,2024-11-01,2024-09-22,paid
TAX-000251,ASM-000251,PROP-00084,CTY-002,2025,3839,2025-11-01,2025-10-12,paid
TAX-000252,ASM-000252,PROP-00084,CTY-002,2026,3970,2026-11-01,,outstanding
TAX-000253,ASM-000253,PROP-00085,CTY-002,2024,3865,2024-11-01,2024-09-25,paid
TAX-000254,ASM-000254,PROP-00085,CTY-002,2025,4128,2025-11-01,2025-10-24,paid
TAX-000255,ASM-000255,PROP-00085,CTY-002,2026,4386,2026-11-01,,outstanding
TAX-000256,ASM-000256,PROP-00086,CTY-002,2024,4034,2024-11-01,2024-10-05,paid
TAX-000257,ASM-000257,PROP-00086,CTY-002,2025,4288,2025-11-01,2025-10-11,paid
TAX-000258,ASM-000258,PROP-00086,CTY-002,2026,4538,2026-11-01,,outstanding
TAX-000259,ASM-000259,PROP-00087,CTY-003,2024,4065,2024-11-01,2024-10-17,paid
TAX-000260,ASM-000260,PROP-00087,CTY-003,2025,4226,2025-11-01,2025-10-30,paid
TAX-000261,ASM-000261,PROP-00087,CTY-003,2026,4520,2026-11-01,,outstanding
TAX-000262,ASM-000262,PROP-00088,CTY-003,2024,3983,2024-11-01,2024-10-03,paid
TAX-000263,ASM-000263,PROP-00088,CTY-003,2025,4204,2025-11-01,2025-10-19,paid
TAX-000264,ASM-000264,PROP-00088,CTY-003,2026,4423,2026-11-01,,outstanding
TAX-000265,ASM-000265,PROP-00089,CTY-003,2024,4066,2024-11-01,2024-10-21,paid
TAX-000266,ASM-000266,PROP-00089,CTY-003,2025,4184,2025-11-01,2025-10-16,paid
TAX-000267,ASM-000267,PROP-00089,CTY-003,2026,4336,2026-11-01,,outstanding
TAX-000268,ASM-000268,PROP-00090,CTY-003,2024,3622,2024-11-01,2024-10-19,paid
TAX-000269,ASM-000269,PROP-00090,CTY-003,2025,3827,2025-11-01,2025-10-06,paid
TAX-000270,ASM-000270,PROP-00090,CTY-003,2026,3998,2026-11-01,,outstanding
TAX-000271,ASM-000271,PROP-00091,CTY-003,2024,3147,2024-11-01,2024-10-11,paid
TAX-000272,ASM-000272,PROP-00091,CTY-003,2025,3262,2025-11-01,2025-11-01,paid
TAX-000273,ASM-000273,PROP-00091,CTY-003,2026,3465,2026-11-01,,outstanding
TAX-000274,ASM-000274,PROP-00092,CTY-003,2024,3473,2024-11-01,2024-10-07,paid
TAX-000275,ASM-000275,PROP-00092,CTY-003,2025,3603,2025-11-01,2025-10-15,paid
TAX-000276,ASM-000276,PROP-00092,CTY-003,2026,3820,2026-11-01,,outstanding
TAX-000277,ASM-000277,PROP-00093,CTY-003,2024,4428,2024-11-01,2024-10-28,paid
TAX-000278,ASM-000278,PROP-00093,CTY-003,2025,4641,2025-11-01,2025-10-24,paid
TAX-000279,ASM-000279,PROP-00093,CTY-003,2026,4927,2026-11-01,,outstanding
TAX-000280,ASM-000280,PROP-00094,CTY-003,2024,4647,2024-11-01,2024-10-25,paid
TAX-000281,ASM-000281,PROP-00094,CTY-003,2025,4801,2025-11-01,2025-10-01,paid
TAX-000282,ASM-000282,PROP-00094,CTY-003,2026,5048,2026-11-01,,outstanding
TAX-000283,ASM-000283,PROP-00095,CTY-003,2024,3940,2024-11-01,2024-10-22,paid
TAX-000284,ASM-000284,PROP-00095,CTY-003,2025,4115,2025-11-01,2025-10-02,paid
TAX-000285,ASM-000285,PROP-00095,CTY-003,2026,4332,2026-11-01,,outstanding
TAX-000286,ASM-000286,PROP-00096,CTY-003,2024,3541,2024-11-01,2024-09-27,paid
TAX-000287,ASM-000287,PROP-00096,CTY-003,2025,3705,2025-11-01,2025-10-29,paid
TAX-000288,ASM-000288,PROP-00096,CTY-003,2026,3836,2026-11-01,,outstanding
TAX-000289,ASM-000289,PROP-00097,CTY-003,2024,4356,2024-11-01,2024-10-19,paid
TAX-000290,ASM-000290,PROP-00097,CTY-003,2025,4495,2025-11-01,2025-10-18,paid
TAX-000291,ASM-000291,PROP-00097,CTY-003,2026,4717,2026-11-01,,outstanding
TAX-000292,ASM-000292,PROP-00098,CTY-003,2024,3344,2024-11-01,2024-09-25,paid
TAX-000293,ASM-000293,PROP-00098,CTY-003,2025,3492,2025-11-01,2025-09-22,paid
TAX-000294,ASM-000294,PROP-00098,CTY-003,2026,3710,2026-11-01,,outstanding
TAX-000295,ASM-000295,PROP-00099,CTY-003,2024,4310,2024-11-01,2024-09-27,paid
TAX-000296,ASM-000296,PROP-00099,CTY-003,2025,4477,2025-11-01,2025-10-26,paid
TAX-000297,ASM-000297,PROP-00099,CTY-003,2026,4653,2026-11-01,,outstanding
TAX-000298,ASM-000298,PROP-00100,CTY-003,2024,3849,2024-11-01,2024-10-04,paid
TAX-000299,ASM-000299,PROP-00100,CTY-003,2025,4047,2025-11-01,2025-10-27,paid
TAX-000300,ASM-000300,PROP-00100,CTY-003,2026,4320,2026-11-01,,outstanding
TAX-000301,ASM-000301,PROP-00101,CTY-003,2024,3446,2024-11-01,2024-09-26,paid
TAX-000302,ASM-000302,PROP-00101,CTY-003,2025,3577,2025-11-01,2025-10-24,paid
TAX-000303,ASM-000303,PROP-00101,CTY-003,2026,3757,2026-11-01,,outstanding
TAX-000304,ASM-000304,PROP-00102,CTY-003,2024,4224,2024-11-01,2024-10-01,paid
TAX-000305,ASM-000305,PROP-00102,CTY-003,2025,4374,2025-11-01,2025-10-14,paid
TAX-000306,ASM-000306,PROP-00102,CTY-003,2026,4656,2026-11-01,,outstanding
TAX-000307,ASM-000307,PROP-00103,CTY-003,2024,3321,2024-11-01,2024-10-13,paid
TAX-000308,ASM-000308,PROP-00103,CTY-003,2025,3519,2025-11-01,2025-11-01,paid
TAX-000309,ASM-000309,PROP-00103,CTY-003,2026,3626,2026-11-01,,outstanding
TAX-000310,ASM-000310,PROP-00104,CTY-003,2024,4548,2024-11-01,2024-10-11,paid
TAX-000311,ASM-000311,PROP-00104,CTY-003,2025,4690,2025-11-01,2025-10-06,paid
TAX-000312,ASM-000312,PROP-00104,CTY-003,2026,4999,2026-11-01,,outstanding
TAX-000313,ASM-000313,PROP-00105,CTY-003,2024,3727,2024-11-01,2024-10-10,paid
TAX-000314,ASM-000314,PROP-00105,CTY-003,2025,3886,2025-11-01,2025-10-30,paid
TAX-000315,ASM-000315,PROP-00105,CTY-003,2026,4029,2026-11-01,,outstanding
TAX-000316,ASM-000316,PROP-00106,CTY-003,2024,3464,2024-11-01,2024-10-15,paid
TAX-000317,ASM-000317,PROP-00106,CTY-003,2025,3681,2025-11-01,2025-10-21,paid
TAX-000318,ASM-000318,PROP-00106,CTY-003,2026,3877,2026-11-01,,outstanding
TAX-000319,ASM-000319,PROP-00107,CTY-003,2024,3352,2024-11-01,2024-10-11,paid
TAX-000320,ASM-000320,PROP-00107,CTY-003,2025,3480,2025-11-01,2025-09-24,paid
TAX-000321,ASM-000321,PROP-00107,CTY-003,2026,3691,2026-11-01,,outstanding
TAX-000322,ASM-000322,PROP-00108,CTY-003,2024,3624,2024-11-01,2024-10-20,paid
TAX-000323,ASM-000323,PROP-00108,CTY-003,2025,3726,2025-11-01,2025-10-07,paid
TAX-000324,ASM-000324,PROP-00108,CTY-003,2026,3943,2026-11-01,,outstanding
TAX-000325,ASM-000325,PROP-00109,CTY-003,2024,3774,2024-11-01,2024-10-06,paid
TAX-000326,ASM-000326,PROP-00109,CTY-003,2025,4035,2025-11-01,2025-10-15,paid
TAX-000327,ASM-000327,PROP-00109,CTY-003,2026,4307,2026-11-01,,outstanding
TAX-000328,ASM-000328,PROP-00110,CTY-003,2024,4031,2024-11-01,2024-10-24,paid
TAX-000329,ASM-000329,PROP-00110,CTY-003,2025,4277,2025-11-01,2025-10-09,paid
TAX-000330,ASM-000330,PROP-00110,CTY-003,2026,4412,2026-11-01,,outstanding
TAX-000331,ASM-000331,PROP-00111,CTY-003,2024,3464,2024-11-01,2024-10-03,paid
TAX-000332,ASM-000332,PROP-00111,CTY-003,2025,3677,2025-11-01,2025-09-30,paid
TAX-000333,ASM-000333,PROP-00111,CTY-003,2026,3911,2026-11-01,,outstanding
TAX-000334,ASM-000334,PROP-00112,CTY-003,2024,4515,2024-11-01,2024-09-30,paid
TAX-000335,ASM-000335,PROP-00112,CTY-003,2025,4824,2025-11-01,2025-10-21,paid
TAX-000336,ASM-000336,PROP-00112,CTY-003,2026,5034,2026-11-01,,outstanding
TAX-000337,ASM-000337,PROP-00113,CTY-003,2024,3396,2024-11-01,2024-10-31,paid
TAX-000338,ASM-000338,PROP-00113,CTY-003,2025,3551,2025-11-01,2025-09-26,paid
TAX-000339,ASM-000339,PROP-00113,CTY-003,2026,3760,2026-11-01,,outstanding
TAX-000340,ASM-000340,PROP-00114,CTY-003,2024,4384,2024-11-01,2024-10-13,paid
TAX-000341,ASM-000341,PROP-00114,CTY-003,2025,4652,2025-11-01,2025-10-16,paid
TAX-000342,ASM-000342,PROP-00114,CTY-003,2026,4890,2026-11-01,,outstanding
TAX-000343,ASM-000343,PROP-00115,CTY-003,2024,4397,2024-11-01,2024-10-06,paid
TAX-000344,ASM-000344,PROP-00115,CTY-003,2025,4583,2025-11-01,2025-10-04,paid
TAX-000345,ASM-000345,PROP-00115,CTY-003,2026,4900,2026-11-01,,outstanding
TAX-000346,ASM-000346,PROP-00116,CTY-003,2024,4563,2024-11-01,2024-10-17,paid
TAX-000347,ASM-000347,PROP-00116,CTY-003,2025,4788,2025-11-01,2025-10-04,paid
TAX-000348,ASM-000348,PROP-00116,CTY-003,2026,5015,2026-11-01,,outstanding
TAX-000349,ASM-000349,PROP-00117,CTY-003,2024,4073,2024-11-01,2024-10-17,paid
TAX-000350,ASM-000350,PROP-00117,CTY-003,2025,4209,2025-11-01,2025-10-09,paid
TAX-000351,ASM-000351,PROP-00117,CTY-003,2026,4410,2026-11-01,,outstanding
TAX-000352,ASM-000352,PROP-00118,CTY-003,2024,3765,2024-11-01,2024-10-15,paid
TAX-000353,ASM-000353,PROP-00118,CTY-003,2025,3885,2025-11-01,2025-10-29,paid
TAX-000354,ASM-000354,PROP-00118,CTY-003,2026,4019,2026-11-01,,outstanding
TAX-000355,ASM-000355,PROP-00119,CTY-003,2024,3657,2024-11-01,2024-09-23,paid
TAX-000356,ASM-000356,PROP-00119,CTY-003,2025,3883,2025-11-01,2025-10-06,paid
TAX-000357,ASM-000357,PROP-00119,CTY-003,2026,4151,2026-11-01,,outstanding
TAX-000358,ASM-000358,PROP-00120,CTY-003,2024,4434,2024-11-01,2024-10-08,paid
TAX-000359,ASM-000359,PROP-00120,CTY-003,2025,4727,2025-11-01,2025-10-05,paid
TAX-000360,ASM-000360,PROP-00120,CTY-003,2026,4898,2026-11-01,,outstanding
TAX-000361,ASM-000361,PROP-00121,CTY-003,2024,4272,2024-11-01,2024-11-01,paid
TAX-000362,ASM-000362,PROP-00121,CTY-003,2025,4465,2025-11-01,2025-10-10,paid
TAX-000363,ASM-000363,PROP-00121,CTY-003,2026,4727,2026-11-01,,outstanding
TAX-000364,ASM-000364,PROP-00122,CTY-003,2024,3638,2024-11-01,2024-09-29,paid
TAX-000365,ASM-000365,PROP-00122,CTY-003,2025,3874,2025-11-01,2025-10-22,paid
TAX-000366,ASM-000366,PROP-00122,CTY-003,2026,4103,2026-11-01,,outstanding
TAX-000367,ASM-000367,PROP-00123,CTY-003,2024,3723,2024-11-01,2024-10-29,paid
TAX-000368,ASM-000368,PROP-00123,CTY-003,2025,3911,2025-11-01,2025-10-10,paid
TAX-000369,ASM-000369,PROP-00123,CTY-003,2026,4154,2026-11-01,,outstanding
TAX-000370,ASM-000370,PROP-00124,CTY-003,2024,4027,2024-11-01,2024-10-19,paid
TAX-000371,ASM-000371,PROP-00124,CTY-003,2025,4225,2025-11-01,2025-09-30,paid
TAX-000372,ASM-000372,PROP-00124,CTY-003,2026,4413,2026-11-01,,outstanding
TAX-000373,ASM-000373,PROP-00125,CTY-003,2024,3923,2024-11-01,2024-10-25,paid
TAX-000374,ASM-000374,PROP-00125,CTY-003,2025,4196,2025-11-01,2025-11-01,paid
TAX-000375,ASM-000375,PROP-00125,CTY-003,2026,4422,2026-11-01,,outstanding
TAX-000376,ASM-000376,PROP-00126,CTY-003,2024,4053,2024-11-01,2024-10-11,paid
TAX-000377,ASM-000377,PROP-00126,CTY-003,2025,4267,2025-11-01,2025-09-23,paid
TAX-000378,ASM-000378,PROP-00126,CTY-003,2026,4418,2026-11-01,,outstanding
TAX-000379,ASM-000379,PROP-00127,CTY-003,2024,3706,2024-11-01,2024-10-02,paid
TAX-000380,ASM-000380,PROP-00127,CTY-003,2025,3958,2025-11-01,2025-10-12,paid
TAX-000381,ASM-000381,PROP-00127,CTY-003,2026,4086,2026-11-01,,outstanding
TAX-000382,ASM-000382,PROP-00128,CTY-003,2024,3802,2024-11-01,2024-09-28,paid
TAX-000383,ASM-000383,PROP-00128,CTY-003,2025,4004,2025-11-01,2025-10-28,paid
TAX-000384,ASM-000384,PROP-00128,CTY-003,2026,4190,2026-11-01,,outstanding
TAX-000385,ASM-000385,PROP-00129,CTY-003,2024,4481,2024-11-01,2024-10-18,paid
TAX-000386,ASM-000386,PROP-00129,CTY-003,2025,4619,2025-11-01,2025-10-31,paid
TAX-000387,ASM-000387,PROP-00129,CTY-003,2026,4763,2026-11-01,,outstanding
TAX-000388,ASM-000388,PROP-00130,CTY-003,2024,3262,2024-11-01,2024-09-26,paid
TAX-000389,ASM-000389,PROP-00130,CTY-003,2025,3491,2025-11-01,2025-10-31,paid
TAX-000390,ASM-000390,PROP-00130,CTY-003,2026,3667,2026-11-01,,outstanding
TAX-000391,ASM-000391,PROP-00131,CTY-003,2024,4160,2024-11-01,2024-10-03,paid
TAX-000392,ASM-000392,PROP-00131,CTY-003,2025,4420,2025-11-01,2025-10-07,paid
TAX-000393,ASM-000393,PROP-00131,CTY-003,2026,4548,2026-11-01,,outstanding
TAX-000394,ASM-000394,PROP-00132,CTY-003,2024,3863,2024-11-01,2024-10-28,paid
TAX-000395,ASM-000395,PROP-00132,CTY-003,2025,4127,2025-11-01,2025-10-01,paid
TAX-000396,ASM-000396,PROP-00132,CTY-003,2026,4399,2026-11-01,,outstanding
TAX-000397,ASM-000397,PROP-00133,CTY-003,2024,3574,2024-11-01,2024-10-08,paid
TAX-000398,ASM-000398,PROP-00133,CTY-003,2025,3719,2025-11-01,2025-10-17,paid
TAX-000399,ASM-000399,PROP-00133,CTY-003,2026,3955,2026-11-01,,outstanding
TAX-000400,ASM-000400,PROP-00134,CTY-001,2024,4024,2024-11-01,2024-10-05,paid
TAX-000401,ASM-000401,PROP-00134,CTY-001,2025,4352,2025-11-01,2025-10-09,paid
TAX-000402,ASM-000402,PROP-00134,CTY-001,2026,4651,2026-11-01,,outstanding
TAX-000403,ASM-000403,PROP-00135,CTY-001,2024,5818,2024-11-01,2024-10-14,paid
TAX-000404,ASM-000404,PROP-00135,CTY-001,2025,6214,2025-11-01,2025-09-22,paid
TAX-000405,ASM-000405,PROP-00135,CTY-001,2026,6499,2026-11-01,,outstanding
TAX-000406,ASM-000406,PROP-00136,CTY-001,2024,5502,2024-11-01,2024-10-05,paid
TAX-000407,ASM-000407,PROP-00136,CTY-001,2025,5782,2025-11-01,2025-10-03,paid
TAX-000408,ASM-000408,PROP-00136,CTY-001,2026,6140,2026-11-01,,outstanding
TAX-000409,ASM-000409,PROP-00137,CTY-001,2024,4268,2024-11-01,2024-09-22,paid
TAX-000410,ASM-000410,PROP-00137,CTY-001,2025,4568,2025-11-01,2025-10-04,paid
TAX-000411,ASM-000411,PROP-00137,CTY-001,2026,4938,2026-11-01,,outstanding
TAX-000412,ASM-000412,PROP-00138,CTY-001,2024,5878,2024-11-01,2024-10-01,paid
TAX-000413,ASM-000413,PROP-00138,CTY-001,2025,6223,2025-11-01,2025-11-01,paid
TAX-000414,ASM-000414,PROP-00138,CTY-001,2026,6656,2026-11-01,,outstanding
TAX-000415,ASM-000415,PROP-00139,CTY-001,2024,4397,2024-11-01,2024-10-12,paid
TAX-000416,ASM-000416,PROP-00139,CTY-001,2025,4569,2025-11-01,2025-09-24,paid
TAX-000417,ASM-000417,PROP-00139,CTY-001,2026,4862,2026-11-01,,outstanding
TAX-000418,ASM-000418,PROP-00140,CTY-001,2024,4151,2024-11-01,2024-10-18,paid
TAX-000419,ASM-000419,PROP-00140,CTY-001,2025,4468,2025-11-01,2025-10-28,paid
TAX-000420,ASM-000420,PROP-00140,CTY-001,2026,4837,2026-11-01,,outstanding
TAX-000421,ASM-000421,PROP-00141,CTY-001,2024,5634,2024-11-01,2024-10-23,paid
TAX-000422,ASM-000422,PROP-00141,CTY-001,2025,6022,2025-11-01,2025-10-01,paid
TAX-000423,ASM-000423,PROP-00141,CTY-001,2026,6329,2026-11-01,,outstanding
TAX-000424,ASM-000424,PROP-00142,CTY-001,2024,4915,2024-11-01,2024-09-23,paid
TAX-000425,ASM-000425,PROP-00142,CTY-001,2025,5176,2025-11-01,2025-10-02,paid
TAX-000426,ASM-000426,PROP-00142,CTY-001,2026,5354,2026-11-01,,outstanding
TAX-000427,ASM-000427,PROP-00143,CTY-001,2024,4240,2024-11-01,2024-09-28,paid
TAX-000428,ASM-000428,PROP-00143,CTY-001,2025,4448,2025-11-01,2025-10-03,paid
TAX-000429,ASM-000429,PROP-00143,CTY-001,2026,4758,2026-11-01,,outstanding
TAX-000430,ASM-000430,PROP-00144,CTY-001,2024,5285,2024-11-01,2024-10-30,paid
TAX-000431,ASM-000431,PROP-00144,CTY-001,2025,5576,2025-11-01,2025-09-23,paid
TAX-000432,ASM-000432,PROP-00144,CTY-001,2026,5810,2026-11-01,,outstanding
TAX-000433,ASM-000433,PROP-00145,CTY-001,2024,5236,2024-11-01,2024-10-29,paid
TAX-000434,ASM-000434,PROP-00145,CTY-001,2025,5544,2025-11-01,2025-10-20,paid
TAX-000435,ASM-000435,PROP-00145,CTY-001,2026,5782,2026-11-01,,outstanding
TAX-000436,ASM-000436,PROP-00146,CTY-001,2024,5149,2024-11-01,2024-10-19,paid
TAX-000437,ASM-000437,PROP-00146,CTY-001,2025,5380,2025-11-01,2025-10-02,paid
TAX-000438,ASM-000438,PROP-00146,CTY-001,2026,5747,2026-11-01,,outstanding
TAX-000439,ASM-000439,PROP-00147,CTY-001,2024,3913,2024-11-01,2024-10-24,paid
TAX-000440,ASM-000440,PROP-00147,CTY-001,2025,4075,2025-11-01,2025-10-14,paid
TAX-000441,ASM-000441,PROP-00147,CTY-001,2026,4320,2026-11-01,,outstanding
TAX-000442,ASM-000442,PROP-00148,CTY-001,2024,4955,2024-11-01,2024-10-22,paid
TAX-000443,ASM-000443,PROP-00148,CTY-001,2025,5327,2025-11-01,2025-10-06,paid
TAX-000444,ASM-000444,PROP-00148,CTY-001,2026,5629,2026-11-01,,outstanding
TAX-000445,ASM-000445,PROP-00149,CTY-001,2024,4074,2024-11-01,2024-10-23,paid
TAX-000446,ASM-000446,PROP-00149,CTY-001,2025,4281,2025-11-01,2025-10-19,paid
TAX-000447,ASM-000447,PROP-00149,CTY-001,2026,4481,2026-11-01,,outstanding
TAX-000448,ASM-000448,PROP-00150,CTY-001,2024,4460,2024-11-01,2024-10-23,paid
TAX-000449,ASM-000449,PROP-00150,CTY-001,2025,4738,2025-11-01,2025-10-09,paid
TAX-000450,ASM-000450,PROP-00150,CTY-001,2026,5077,2026-11-01,,outstanding
TAX-000451,ASM-000451,PROP-00151,CTY-001,2024,4137,2024-11-01,2024-10-25,paid
TAX-000452,ASM-000452,PROP-00151,CTY-001,2025,4403,2025-11-01,2025-10-22,paid
TAX-000453,ASM-000453,PROP-00151,CTY-001,2026,4597,2026-11-01,,outstanding
TAX-000454,ASM-000454,PROP-00152,CTY-001,2024,5610,2024-11-01,2024-09-25,paid
TAX-000455,ASM-000455,PROP-00152,CTY-001,2025,5967,2025-11-01,2025-10-14,paid
TAX-000456,ASM-000456,PROP-00152,CTY-001,2026,6183,2026-11-01,,outstanding
TAX-000457,ASM-000457,PROP-00153,CTY-001,2024,5050,2024-11-01,2024-10-06,paid
TAX-000458,ASM-000458,PROP-00153,CTY-001,2025,5413,2025-11-01,2025-10-21,paid
TAX-000459,ASM-000459,PROP-00153,CTY-001,2026,5602,2026-11-01,,outstanding
TAX-000460,ASM-000460,PROP-00154,CTY-001,2024,5691,2024-11-01,2024-10-03,paid
TAX-000461,ASM-000461,PROP-00154,CTY-001,2025,6030,2025-11-01,2025-10-22,paid
TAX-000462,ASM-000462,PROP-00154,CTY-001,2026,6307,2026-11-01,,outstanding
TAX-000463,ASM-000463,PROP-00155,CTY-001,2024,5376,2024-11-01,2024-09-26,paid
TAX-000464,ASM-000464,PROP-00155,CTY-001,2025,5746,2025-11-01,2025-10-14,paid
TAX-000465,ASM-000465,PROP-00155,CTY-001,2026,5973,2026-11-01,,outstanding
TAX-000466,ASM-000466,PROP-00156,CTY-001,2024,4664,2024-11-01,2024-10-27,paid
TAX-000467,ASM-000467,PROP-00156,CTY-001,2025,4832,2025-11-01,2025-09-23,paid
TAX-000468,ASM-000468,PROP-00156,CTY-001,2026,5172,2026-11-01,,outstanding
TAX-000469,ASM-000469,PROP-00157,CTY-001,2024,5008,2024-11-01,2024-10-29,paid
TAX-000470,ASM-000470,PROP-00157,CTY-001,2025,5176,2025-11-01,2025-10-15,paid
TAX-000471,ASM-000471,PROP-00157,CTY-001,2026,5565,2026-11-01,,outstanding
TAX-000472,ASM-000472,PROP-00158,CTY-001,2024,4577,2024-11-01,2024-10-22,paid
TAX-000473,ASM-000473,PROP-00158,CTY-001,2025,4884,2025-11-01,2025-10-08,paid
TAX-000474,ASM-000474,PROP-00158,CTY-001,2026,5056,2026-11-01,,outstanding
TAX-000475,ASM-000475,PROP-00159,CTY-001,2024,5269,2024-11-01,2024-10-01,paid
TAX-000476,ASM-000476,PROP-00159,CTY-001,2025,5520,2025-11-01,2025-09-25,paid
TAX-000477,ASM-000477,PROP-00159,CTY-001,2026,5883,2026-11-01,,outstanding
TAX-000478,ASM-000478,PROP-00160,CTY-001,2024,5281,2024-11-01,2024-09-24,paid
TAX-000479,ASM-000479,PROP-00160,CTY-001,2025,5549,2025-11-01,2025-09-27,paid
TAX-000480,ASM-000480,PROP-00160,CTY-001,2026,5782,2026-11-01,,outstanding
TAX-000481,ASM-000481,PROP-00161,CTY-001,2024,5413,2024-11-01,2024-09-23,paid
TAX-000482,ASM-000482,PROP-00161,CTY-001,2025,5624,2025-11-01,2025-10-28,paid
TAX-000483,ASM-000483,PROP-00161,CTY-001,2026,6070,2026-11-01,,outstanding
TAX-000484,ASM-000484,PROP-00162,CTY-001,2024,4723,2024-11-01,2024-10-15,paid
TAX-000485,ASM-000485,PROP-00162,CTY-001,2025,4930,2025-11-01,2025-10-27,paid
TAX-000486,ASM-000486,PROP-00162,CTY-001,2026,5257,2026-11-01,,outstanding
TAX-000487,ASM-000487,PROP-00163,CTY-001,2024,4631,2024-11-01,2024-09-30,paid
TAX-000488,ASM-000488,PROP-00163,CTY-001,2025,4848,2025-11-01,2025-10-31,paid
TAX-000489,ASM-000489,PROP-00163,CTY-001,2026,5176,2026-11-01,,outstanding
TAX-000490,ASM-000490,PROP-00164,CTY-001,2024,5546,2024-11-01,2024-10-11,paid
TAX-000491,ASM-000491,PROP-00164,CTY-001,2025,5947,2025-11-01,2025-09-29,paid
TAX-000492,ASM-000492,PROP-00164,CTY-001,2026,6264,2026-11-01,,outstanding
TAX-000493,ASM-000493,PROP-00165,CTY-001,2024,4826,2024-11-01,2024-10-22,paid
TAX-000494,ASM-000494,PROP-00165,CTY-001,2025,5181,2025-11-01,2025-09-25,paid
TAX-000495,ASM-000495,PROP-00165,CTY-001,2026,5563,2026-11-01,,outstanding
TAX-000496,ASM-000496,PROP-00166,CTY-001,2024,5144,2024-11-01,2024-10-05,paid
TAX-000497,ASM-000497,PROP-00166,CTY-001,2025,5324,2025-11-01,2025-09-29,paid
TAX-000498,ASM-000498,PROP-00166,CTY-001,2026,5638,2026-11-01,,outstanding
TAX-000499,ASM-000499,PROP-00167,CTY-001,2024,5506,2024-11-01,2024-10-01,paid
TAX-000500,ASM-000500,PROP-00167,CTY-001,2025,5775,2025-11-01,2025-10-01,paid
TAX-000501,ASM-000501,PROP-00167,CTY-001,2026,6197,2026-11-01,,outstanding
TAX-000502,ASM-000502,PROP-00168,CTY-001,2024,5785,2024-11-01,2024-09-26,paid
TAX-000503,ASM-000503,PROP-00168,CTY-001,2025,5983,2025-11-01,2025-10-03,paid
TAX-000504,ASM-000504,PROP-00168,CTY-001,2026,6226,2026-11-01,,outstanding
TAX-000505,ASM-000505,PROP-00169,CTY-001,2024,4225,2024-11-01,2024-09-22,paid
TAX-000506,ASM-000506,PROP-00169,CTY-001,2025,4567,2025-11-01,2025-10-06,paid
TAX-000507,ASM-000507,PROP-00169,CTY-001,2026,4919,2026-11-01,,outstanding
TAX-000508,ASM-000508,PROP-00170,CTY-001,2024,4747,2024-11-01,2024-09-29,paid
TAX-000509,ASM-000509,PROP-00170,CTY-001,2025,4996,2025-11-01,2025-10-06,paid
TAX-000510,ASM-000510,PROP-00170,CTY-001,2026,5382,2026-11-01,,outstanding
TAX-000511,ASM-000511,PROP-00171,CTY-001,2024,4982,2024-11-01,2024-09-28,paid
TAX-000512,ASM-000512,PROP-00171,CTY-001,2025,5272,2025-11-01,2025-10-02,paid
TAX-000513,ASM-000513,PROP-00171,CTY-001,2026,5676,2026-11-01,,outstanding
TAX-000514,ASM-000514,PROP-00172,CTY-001,2024,4315,2024-11-01,2024-09-27,paid
TAX-000515,ASM-000515,PROP-00172,CTY-001,2025,4541,2025-11-01,2025-10-05,paid
TAX-000516,ASM-000516,PROP-00172,CTY-001,2026,4918,2026-11-01,,outstanding
TAX-000517,ASM-000517,PROP-00173,CTY-001,2024,4275,2024-11-01,2024-10-19,paid
TAX-000518,ASM-000518,PROP-00173,CTY-001,2025,4548,2025-11-01,2025-10-19,paid
TAX-000519,ASM-000519,PROP-00173,CTY-001,2026,4729,2026-11-01,,outstanding
TAX-000520,ASM-000520,PROP-00174,CTY-001,2024,5044,2024-11-01,2024-09-28,paid
TAX-000521,ASM-000521,PROP-00174,CTY-001,2025,5313,2025-11-01,2025-10-30,paid
TAX-000522,ASM-000522,PROP-00174,CTY-001,2026,5653,2026-11-01,,outstanding
TAX-000523,ASM-000523,PROP-00175,CTY-001,2024,4544,2024-11-01,2024-10-11,paid
TAX-000524,ASM-000524,PROP-00175,CTY-001,2025,4708,2025-11-01,2025-10-13,paid
TAX-000525,ASM-000525,PROP-00175,CTY-001,2026,4902,2026-11-01,,outstanding
TAX-000526,ASM-000526,PROP-00176,CTY-001,2024,4892,2024-11-01,2024-10-15,paid
TAX-000527,ASM-000527,PROP-00176,CTY-001,2025,5221,2025-11-01,2025-10-20,paid
TAX-000528,ASM-000528,PROP-00176,CTY-001,2026,5548,2026-11-01,,outstanding
TAX-000529,ASM-000529,PROP-00177,CTY-001,2024,5228,2024-11-01,2024-10-12,paid
TAX-000530,ASM-000530,PROP-00177,CTY-001,2025,5440,2025-11-01,2025-10-05,paid
TAX-000531,ASM-000531,PROP-00177,CTY-001,2026,5791,2026-11-01,,outstanding
TAX-000532,ASM-000532,PROP-00178,CTY-001,2024,5653,2024-11-01,2024-10-14,paid
TAX-000533,ASM-000533,PROP-00178,CTY-001,2025,6006,2025-11-01,2025-10-29,paid
TAX-000534,ASM-000534,PROP-00178,CTY-001,2026,6328,2026-11-01,,outstanding
TAX-000535,ASM-000535,PROP-00179,CTY-001,2024,5443,2024-11-01,2024-09-28,paid
TAX-000536,ASM-000536,PROP-00179,CTY-001,2025,5693,2025-11-01,2025-10-19,paid
TAX-000537,ASM-000537,PROP-00179,CTY-001,2026,6150,2026-11-01,,outstanding
TAX-000538,ASM-000538,PROP-00180,CTY-001,2024,5278,2024-11-01,2024-09-26,paid
TAX-000539,ASM-000539,PROP-00180,CTY-001,2025,5506,2025-11-01,2025-09-24,paid
TAX-000540,ASM-000540,PROP-00180,CTY-001,2026,5774,2026-11-01,,outstanding
TAX-000541,ASM-000541,PROP-00181,CTY-001,2024,5357,2024-11-01,2024-10-01,paid
TAX-000542,ASM-000542,PROP-00181,CTY-001,2025,5556,2025-11-01,2025-10-18,paid
TAX-000543,ASM-000543,PROP-00181,CTY-001,2026,5996,2026-11-01,,outstanding
TAX-000544,ASM-000544,PROP-00182,CTY-001,2024,4507,2024-11-01,2024-10-31,paid
TAX-000545,ASM-000545,PROP-00182,CTY-001,2025,4862,2025-11-01,2025-10-20,paid
TAX-000546,ASM-000546,PROP-00182,CTY-001,2026,5100,2026-11-01,,outstanding
TAX-000547,ASM-000547,PROP-00183,CTY-001,2024,5422,2024-11-01,2024-10-24,paid
TAX-000548,ASM-000548,PROP-00183,CTY-001,2025,5626,2025-11-01,2025-11-01,paid
TAX-000549,ASM-000549,PROP-00183,CTY-001,2026,5950,2026-11-01,,outstanding
TAX-000550,ASM-000550,PROP-00184,CTY-001,2024,4748,2024-11-01,2024-10-24,paid
TAX-000551,ASM-000551,PROP-00184,CTY-001,2025,4926,2025-11-01,2025-10-10,paid
TAX-000552,ASM-000552,PROP-00184,CTY-001,2026,5195,2026-11-01,,outstanding
TAX-000553,ASM-000553,PROP-00185,CTY-001,2024,4111,2024-11-01,2024-09-29,paid
TAX-000554,ASM-000554,PROP-00185,CTY-001,2025,4445,2025-11-01,2025-10-12,paid
TAX-000555,ASM-000555,PROP-00185,CTY-001,2026,4777,2026-11-01,,outstanding
TAX-000556,ASM-000556,PROP-00186,CTY-001,2024,5090,2024-11-01,2024-10-23,paid
TAX-000557,ASM-000557,PROP-00186,CTY-001,2025,5490,2025-11-01,2025-10-07,paid
TAX-000558,ASM-000558,PROP-00186,CTY-001,2026,5738,2026-11-01,,outstanding
TAX-000559,ASM-000559,PROP-00187,CTY-001,2024,5404,2024-11-01,2024-10-14,paid
TAX-000560,ASM-000560,PROP-00187,CTY-001,2025,5608,2025-11-01,2025-10-01,paid
TAX-000561,ASM-000561,PROP-00187,CTY-001,2026,5986,2026-11-01,,outstanding
TAX-000562,ASM-000562,PROP-00188,CTY-001,2024,5504,2024-11-01,2024-10-23,paid
TAX-000563,ASM-000563,PROP-00188,CTY-001,2025,5879,2025-11-01,2025-09-25,paid
TAX-000564,ASM-000564,PROP-00188,CTY-001,2026,6330,2026-11-01,,outstanding
TAX-000565,ASM-000565,PROP-00189,CTY-001,2024,3902,2024-11-01,2024-09-23,paid
TAX-000566,ASM-000566,PROP-00189,CTY-001,2025,4141,2025-11-01,2025-10-14,paid
TAX-000567,ASM-000567,PROP-00189,CTY-001,2026,4419,2026-11-01,,outstanding
TAX-000568,ASM-000568,PROP-00190,CTY-001,2024,4209,2024-11-01,2024-10-31,paid
TAX-000569,ASM-000569,PROP-00190,CTY-001,2025,4510,2025-11-01,2025-10-15,paid
TAX-000570,ASM-000570,PROP-00190,CTY-001,2026,4873,2026-11-01,,outstanding
TAX-000571,ASM-000571,PROP-00191,CTY-004,2024,5645,2024-11-01,2024-10-09,paid
TAX-000572,ASM-000572,PROP-00191,CTY-004,2025,5931,2025-11-01,2025-10-05,paid
TAX-000573,ASM-000573,PROP-00191,CTY-004,2026,6179,2026-11-01,,outstanding
TAX-000574,ASM-000574,PROP-00192,CTY-004,2024,4961,2024-11-01,2024-10-12,paid
TAX-000575,ASM-000575,PROP-00192,CTY-004,2025,5318,2025-11-01,2025-10-02,paid
TAX-000576,ASM-000576,PROP-00192,CTY-004,2026,5655,2026-11-01,,outstanding
TAX-000577,ASM-000577,PROP-00193,CTY-004,2024,5359,2024-11-01,2024-10-11,paid
TAX-000578,ASM-000578,PROP-00193,CTY-004,2025,5684,2025-11-01,2025-10-07,paid
TAX-000579,ASM-000579,PROP-00193,CTY-004,2026,6119,2026-11-01,,outstanding
TAX-000580,ASM-000580,PROP-00194,CTY-004,2024,5587,2024-11-01,2024-10-01,paid
TAX-000581,ASM-000581,PROP-00194,CTY-004,2025,5927,2025-11-01,2025-10-06,paid
TAX-000582,ASM-000582,PROP-00194,CTY-004,2026,6370,2026-11-01,,outstanding
TAX-000583,ASM-000583,PROP-00195,CTY-004,2024,4539,2024-11-01,2024-10-18,paid
TAX-000584,ASM-000584,PROP-00195,CTY-004,2025,4872,2025-11-01,2025-10-01,paid
TAX-000585,ASM-000585,PROP-00195,CTY-004,2026,5239,2026-11-01,,outstanding
TAX-000586,ASM-000586,PROP-00196,CTY-004,2024,4741,2024-11-01,2024-09-29,paid
TAX-000587,ASM-000587,PROP-00196,CTY-004,2025,5054,2025-11-01,2025-10-07,paid
TAX-000588,ASM-000588,PROP-00196,CTY-004,2026,5292,2026-11-01,,outstanding
TAX-000589,ASM-000589,PROP-00197,CTY-004,2024,4528,2024-11-01,2024-10-16,paid
TAX-000590,ASM-000590,PROP-00197,CTY-004,2025,4854,2025-11-01,2025-10-04,paid
TAX-000591,ASM-000591,PROP-00197,CTY-004,2026,5060,2026-11-01,,outstanding
TAX-000592,ASM-000592,PROP-00198,CTY-004,2024,4317,2024-11-01,2024-10-16,paid
TAX-000593,ASM-000593,PROP-00198,CTY-004,2025,4562,2025-11-01,2025-10-03,paid
TAX-000594,ASM-000594,PROP-00198,CTY-004,2026,4817,2026-11-01,,outstanding
TAX-000595,ASM-000595,PROP-00199,CTY-004,2024,4440,2024-11-01,2024-10-17,paid
TAX-000596,ASM-000596,PROP-00199,CTY-004,2025,4704,2025-11-01,2025-09-24,paid
TAX-000597,ASM-000597,PROP-00199,CTY-004,2026,5068,2026-11-01,,outstanding
TAX-000598,ASM-000598,PROP-00200,CTY-004,2024,4301,2024-11-01,2024-10-18,paid
TAX-000599,ASM-000599,PROP-00200,CTY-004,2025,4618,2025-11-01,2025-09-26,paid
TAX-000600,ASM-000600,PROP-00200,CTY-004,2026,4848,2026-11-01,,outstanding
TAX-000601,ASM-000601,PROP-00201,CTY-004,2024,4558,2024-11-01,2024-10-18,paid
TAX-000602,ASM-000602,PROP-00201,CTY-004,2025,4752,2025-11-01,2025-10-01,paid
TAX-000603,ASM-000603,PROP-00201,CTY-004,2026,4984,2026-11-01,,outstanding
TAX-000604,ASM-000604,PROP-00202,CTY-004,2024,5736,2024-11-01,2024-10-09,paid
TAX-000605,ASM-000605,PROP-00202,CTY-004,2025,5928,2025-11-01,2025-09-24,paid
TAX-000606,ASM-000606,PROP-00202,CTY-004,2026,6338,2026-11-01,,outstanding
TAX-000607,ASM-000607,PROP-00203,CTY-004,2024,5189,2024-11-01,2024-09-26,paid
TAX-000608,ASM-000608,PROP-00203,CTY-004,2025,5486,2025-11-01,2025-10-28,paid
TAX-000609,ASM-000609,PROP-00203,CTY-004,2026,5780,2026-11-01,,outstanding
TAX-000610,ASM-000610,PROP-00204,CTY-004,2024,4347,2024-11-01,2024-10-27,paid
TAX-000611,ASM-000611,PROP-00204,CTY-004,2025,4512,2025-11-01,2025-09-25,paid
TAX-000612,ASM-000612,PROP-00204,CTY-004,2026,4732,2026-11-01,,outstanding
TAX-000613,ASM-000613,PROP-00205,CTY-004,2024,4516,2024-11-01,2024-10-09,paid
TAX-000614,ASM-000614,PROP-00205,CTY-004,2025,4815,2025-11-01,2025-10-31,paid
TAX-000615,ASM-000615,PROP-00205,CTY-004,2026,5072,2026-11-01,,outstanding
TAX-000616,ASM-000616,PROP-00206,CTY-004,2024,5674,2024-11-01,2024-10-13,paid
TAX-000617,ASM-000617,PROP-00206,CTY-004,2025,5981,2025-11-01,2025-10-23,paid
TAX-000618,ASM-000618,PROP-00206,CTY-004,2026,6379,2026-11-01,,outstanding
TAX-000619,ASM-000619,PROP-00207,CTY-004,2024,5525,2024-11-01,2024-10-30,paid
TAX-000620,ASM-000620,PROP-00207,CTY-004,2025,5872,2025-11-01,2025-10-19,paid
TAX-000621,ASM-000621,PROP-00207,CTY-004,2026,6314,2026-11-01,,outstanding
TAX-000622,ASM-000622,PROP-00208,CTY-004,2024,3936,2024-11-01,2024-09-25,paid
TAX-000623,ASM-000623,PROP-00208,CTY-004,2025,4199,2025-11-01,2025-10-12,paid
TAX-000624,ASM-000624,PROP-00208,CTY-004,2026,4482,2026-11-01,,outstanding
TAX-000625,ASM-000625,PROP-00209,CTY-004,2024,5457,2024-11-01,2024-10-24,paid
TAX-000626,ASM-000626,PROP-00209,CTY-004,2025,5790,2025-11-01,2025-10-09,paid
TAX-000627,ASM-000627,PROP-00209,CTY-004,2026,6010,2026-11-01,,outstanding
TAX-000628,ASM-000628,PROP-00210,CTY-004,2024,4555,2024-11-01,2024-10-03,paid
TAX-000629,ASM-000629,PROP-00210,CTY-004,2025,4831,2025-11-01,2025-11-01,paid
TAX-000630,ASM-000630,PROP-00210,CTY-004,2026,5103,2026-11-01,,outstanding
TAX-000631,ASM-000631,PROP-00211,CTY-004,2024,4003,2024-11-01,2024-09-30,paid
TAX-000632,ASM-000632,PROP-00211,CTY-004,2025,4171,2025-11-01,2025-10-20,paid
TAX-000633,ASM-000633,PROP-00211,CTY-004,2026,4411,2026-11-01,,outstanding
TAX-000634,ASM-000634,PROP-00212,CTY-004,2024,5159,2024-11-01,2024-10-21,paid
TAX-000635,ASM-000635,PROP-00212,CTY-004,2025,5550,2025-11-01,2025-10-18,paid
TAX-000636,ASM-000636,PROP-00212,CTY-004,2026,5956,2026-11-01,,outstanding
TAX-000637,ASM-000637,PROP-00213,CTY-004,2024,3879,2024-11-01,2024-10-11,paid
TAX-000638,ASM-000638,PROP-00213,CTY-004,2025,4137,2025-11-01,2025-09-28,paid
TAX-000639,ASM-000639,PROP-00213,CTY-004,2026,4333,2026-11-01,,outstanding
TAX-000640,ASM-000640,PROP-00214,CTY-004,2024,3993,2024-11-01,2024-09-24,paid
TAX-000641,ASM-000641,PROP-00214,CTY-004,2025,4260,2025-11-01,2025-10-04,paid
TAX-000642,ASM-000642,PROP-00214,CTY-004,2026,4491,2026-11-01,,outstanding
TAX-000643,ASM-000643,PROP-00215,CTY-004,2024,3860,2024-11-01,2024-09-23,paid
TAX-000644,ASM-000644,PROP-00215,CTY-004,2025,4070,2025-11-01,2025-10-09,paid
TAX-000645,ASM-000645,PROP-00215,CTY-004,2026,4370,2026-11-01,,outstanding
TAX-000646,ASM-000646,PROP-00216,CTY-004,2024,5809,2024-11-01,2024-10-12,paid
TAX-000647,ASM-000647,PROP-00216,CTY-004,2025,6154,2025-11-01,2025-10-09,paid
TAX-000648,ASM-000648,PROP-00216,CTY-004,2026,6549,2026-11-01,,outstanding
TAX-000649,ASM-000649,PROP-00217,CTY-004,2024,5157,2024-11-01,2024-09-25,paid
TAX-000650,ASM-000650,PROP-00217,CTY-004,2025,5552,2025-11-01,2025-10-23,paid
TAX-000651,ASM-000651,PROP-00217,CTY-004,2026,5926,2026-11-01,,outstanding
TAX-000652,ASM-000652,PROP-00218,CTY-004,2024,5631,2024-11-01,2024-10-01,paid
TAX-000653,ASM-000653,PROP-00218,CTY-004,2025,5883,2025-11-01,2025-10-04,paid
TAX-000654,ASM-000654,PROP-00218,CTY-004,2026,6329,2026-11-01,,outstanding
TAX-000655,ASM-000655,PROP-00219,CTY-004,2024,3555,2024-11-01,2024-10-25,paid
TAX-000656,ASM-000656,PROP-00219,CTY-004,2025,3735,2025-11-01,2025-09-26,paid
TAX-000657,ASM-000657,PROP-00219,CTY-004,2026,4028,2026-11-01,,outstanding
TAX-000658,ASM-000658,PROP-00220,CTY-004,2024,4439,2024-11-01,2024-10-16,paid
TAX-000659,ASM-000659,PROP-00220,CTY-004,2025,4621,2025-11-01,2025-10-16,paid
TAX-000660,ASM-000660,PROP-00220,CTY-004,2026,4897,2026-11-01,,outstanding
TAX-000661,ASM-000661,PROP-00221,CTY-004,2024,5455,2024-11-01,2024-10-23,paid
TAX-000662,ASM-000662,PROP-00221,CTY-004,2025,5780,2025-11-01,2025-10-22,paid
TAX-000663,ASM-000663,PROP-00221,CTY-004,2026,6161,2026-11-01,,outstanding
TAX-000664,ASM-000664,PROP-00222,CTY-004,2024,4623,2024-11-01,2024-10-23,paid
TAX-000665,ASM-000665,PROP-00222,CTY-004,2025,4833,2025-11-01,2025-09-22,paid
TAX-000666,ASM-000666,PROP-00222,CTY-004,2026,5172,2026-11-01,,outstanding
TAX-000667,ASM-000667,PROP-00223,CTY-004,2024,5566,2024-11-01,2024-10-29,paid
TAX-000668,ASM-000668,PROP-00223,CTY-004,2025,5853,2025-11-01,2025-10-20,paid
TAX-000669,ASM-000669,PROP-00223,CTY-004,2026,6315,2026-11-01,,outstanding
TAX-000670,ASM-000670,PROP-00224,CTY-004,2024,5743,2024-11-01,2024-09-27,paid
TAX-000671,ASM-000671,PROP-00224,CTY-004,2025,6120,2025-11-01,2025-10-25,paid
TAX-000672,ASM-000672,PROP-00224,CTY-004,2026,6422,2026-11-01,,outstanding
TAX-000673,ASM-000673,PROP-00225,CTY-003,2024,4121,2024-11-01,2024-09-25,paid
TAX-000674,ASM-000674,PROP-00225,CTY-003,2025,4408,2025-11-01,2025-10-10,paid
TAX-000675,ASM-000675,PROP-00225,CTY-003,2026,4666,2026-11-01,,outstanding
TAX-000676,ASM-000676,PROP-00226,CTY-003,2024,3206,2024-11-01,2024-10-16,paid
TAX-000677,ASM-000677,PROP-00226,CTY-003,2025,3387,2025-11-01,2025-10-19,paid
TAX-000678,ASM-000678,PROP-00226,CTY-003,2026,3572,2026-11-01,,outstanding
TAX-000679,ASM-000679,PROP-00227,CTY-003,2024,3543,2024-11-01,2024-09-22,paid
TAX-000680,ASM-000680,PROP-00227,CTY-003,2025,3792,2025-11-01,2025-10-02,paid
TAX-000681,ASM-000681,PROP-00227,CTY-003,2026,3908,2026-11-01,,outstanding
TAX-000682,ASM-000682,PROP-00228,CTY-003,2024,4377,2024-11-01,2024-10-28,paid
TAX-000683,ASM-000683,PROP-00228,CTY-003,2025,4637,2025-11-01,2025-10-12,paid
TAX-000684,ASM-000684,PROP-00228,CTY-003,2026,4855,2026-11-01,,outstanding
TAX-000685,ASM-000685,PROP-00229,CTY-003,2024,3843,2024-11-01,2024-10-17,paid
TAX-000686,ASM-000686,PROP-00229,CTY-003,2025,3954,2025-11-01,2025-09-25,paid
TAX-000687,ASM-000687,PROP-00229,CTY-003,2026,4141,2026-11-01,,outstanding
TAX-000688,ASM-000688,PROP-00230,CTY-003,2024,3467,2024-11-01,2024-10-29,paid
TAX-000689,ASM-000689,PROP-00230,CTY-003,2025,3696,2025-11-01,2025-09-24,paid
TAX-000690,ASM-000690,PROP-00230,CTY-003,2026,3865,2026-11-01,,outstanding
TAX-000691,ASM-000691,PROP-00231,CTY-003,2024,3722,2024-11-01,2024-10-01,paid
TAX-000692,ASM-000692,PROP-00231,CTY-003,2025,3851,2025-11-01,2025-10-22,paid
TAX-000693,ASM-000693,PROP-00231,CTY-003,2026,3987,2026-11-01,,outstanding
TAX-000694,ASM-000694,PROP-00232,CTY-003,2024,3838,2024-11-01,2024-09-28,paid
TAX-000695,ASM-000695,PROP-00232,CTY-003,2025,3983,2025-11-01,2025-09-30,paid
TAX-000696,ASM-000696,PROP-00232,CTY-003,2026,4185,2026-11-01,,outstanding
TAX-000697,ASM-000697,PROP-00233,CTY-003,2024,3807,2024-11-01,2024-09-27,paid
TAX-000698,ASM-000698,PROP-00233,CTY-003,2025,4016,2025-11-01,2025-10-16,paid
TAX-000699,ASM-000699,PROP-00233,CTY-003,2026,4174,2026-11-01,,outstanding
TAX-000700,ASM-000700,PROP-00234,CTY-003,2024,4546,2024-11-01,2024-10-07,paid
TAX-000701,ASM-000701,PROP-00234,CTY-003,2025,4712,2025-11-01,2025-10-13,paid
TAX-000702,ASM-000702,PROP-00234,CTY-003,2026,4892,2026-11-01,,outstanding
TAX-000703,ASM-000703,PROP-00235,CTY-003,2024,4977,2024-11-01,2024-10-31,paid
TAX-000704,ASM-000704,PROP-00235,CTY-003,2025,5169,2025-11-01,2025-09-23,paid
TAX-000705,ASM-000705,PROP-00235,CTY-003,2026,5381,2026-11-01,,outstanding
TAX-000706,ASM-000706,PROP-00236,CTY-003,2024,3844,2024-11-01,2024-11-01,paid
TAX-000707,ASM-000707,PROP-00236,CTY-003,2025,4053,2025-11-01,2025-10-12,paid
TAX-000708,ASM-000708,PROP-00236,CTY-003,2026,4214,2026-11-01,,outstanding
TAX-000709,ASM-000709,PROP-00237,CTY-003,2024,3880,2024-11-01,2024-10-30,paid
TAX-000710,ASM-000710,PROP-00237,CTY-003,2025,4150,2025-11-01,2025-09-24,paid
TAX-000711,ASM-000711,PROP-00237,CTY-003,2026,4393,2026-11-01,,outstanding
TAX-000712,ASM-000712,PROP-00238,CTY-003,2024,3784,2024-11-01,2024-09-30,paid
TAX-000713,ASM-000713,PROP-00238,CTY-003,2025,3904,2025-11-01,2025-10-23,paid
TAX-000714,ASM-000714,PROP-00238,CTY-003,2026,4070,2026-11-01,,outstanding
TAX-000715,ASM-000715,PROP-00239,CTY-003,2024,4513,2024-11-01,2024-10-16,paid
TAX-000716,ASM-000716,PROP-00239,CTY-003,2025,4806,2025-11-01,2025-10-10,paid
TAX-000717,ASM-000717,PROP-00239,CTY-003,2026,4964,2026-11-01,,outstanding
TAX-000718,ASM-000718,PROP-00240,CTY-003,2024,3832,2024-11-01,2024-10-10,paid
TAX-000719,ASM-000719,PROP-00240,CTY-003,2025,3955,2025-11-01,2025-10-15,paid
TAX-000720,ASM-000720,PROP-00240,CTY-003,2026,4127,2026-11-01,,outstanding
TAX-000721,ASM-000721,PROP-00241,CTY-003,2024,5174,2024-11-01,2024-10-01,paid
TAX-000722,ASM-000722,PROP-00241,CTY-003,2025,5488,2025-11-01,2025-10-20,paid
TAX-000723,ASM-000723,PROP-00241,CTY-003,2026,5727,2026-11-01,,outstanding
TAX-000724,ASM-000724,PROP-00242,CTY-003,2024,3769,2024-11-01,2024-09-28,paid
TAX-000725,ASM-000725,PROP-00242,CTY-003,2025,3969,2025-11-01,2025-10-30,paid
TAX-000726,ASM-000726,PROP-00242,CTY-003,2026,4151,2026-11-01,,outstanding
TAX-000727,ASM-000727,PROP-00243,CTY-003,2024,4415,2024-11-01,2024-10-17,paid
TAX-000728,ASM-000728,PROP-00243,CTY-003,2025,4553,2025-11-01,2025-11-01,paid
TAX-000729,ASM-000729,PROP-00243,CTY-003,2026,4815,2026-11-01,,outstanding
TAX-000730,ASM-000730,PROP-00244,CTY-003,2024,3978,2024-11-01,2024-09-28,paid
TAX-000731,ASM-000731,PROP-00244,CTY-003,2025,4247,2025-11-01,2025-10-06,paid
TAX-000732,ASM-000732,PROP-00244,CTY-003,2026,4505,2026-11-01,,outstanding
TAX-000733,ASM-000733,PROP-00245,CTY-003,2024,3554,2024-11-01,2024-10-20,paid
TAX-000734,ASM-000734,PROP-00245,CTY-003,2025,3732,2025-11-01,2025-10-26,paid
TAX-000735,ASM-000735,PROP-00245,CTY-003,2026,3985,2026-11-01,,outstanding
TAX-000736,ASM-000736,PROP-00246,CTY-003,2024,3805,2024-11-01,2024-10-06,paid
TAX-000737,ASM-000737,PROP-00246,CTY-003,2025,4017,2025-11-01,2025-10-20,paid
TAX-000738,ASM-000738,PROP-00246,CTY-003,2026,4262,2026-11-01,,outstanding
TAX-000739,ASM-000739,PROP-00247,CTY-003,2024,4413,2024-11-01,2024-09-24,paid
TAX-000740,ASM-000740,PROP-00247,CTY-003,2025,4620,2025-11-01,2025-10-25,paid
TAX-000741,ASM-000741,PROP-00247,CTY-003,2026,4862,2026-11-01,,outstanding
TAX-000742,ASM-000742,PROP-00248,CTY-003,2024,3443,2024-11-01,2024-10-12,paid
TAX-000743,ASM-000743,PROP-00248,CTY-003,2025,3583,2025-11-01,2025-10-10,paid
TAX-000744,ASM-000744,PROP-00248,CTY-003,2026,3718,2026-11-01,,outstanding
TAX-000745,ASM-000745,PROP-00249,CTY-003,2024,4476,2024-11-01,2024-10-01,paid
TAX-000746,ASM-000746,PROP-00249,CTY-003,2025,4688,2025-11-01,2025-10-16,paid
TAX-000747,ASM-000747,PROP-00249,CTY-003,2026,4874,2026-11-01,,outstanding
TAX-000748,ASM-000748,PROP-00250,CTY-003,2024,3300,2024-11-01,2024-10-06,paid
TAX-000749,ASM-000749,PROP-00250,CTY-003,2025,3525,2025-11-01,2025-10-25,paid
TAX-000750,ASM-000750,PROP-00250,CTY-003,2026,3629,2026-11-01,,outstanding
TAX-000751,ASM-000751,PROP-00251,CTY-003,2024,4269,2024-11-01,2024-10-27,paid
TAX-000752,ASM-000752,PROP-00251,CTY-003,2025,4402,2025-11-01,2025-10-10,paid
TAX-000753,ASM-000753,PROP-00251,CTY-003,2026,4587,2026-11-01,,outstanding
TAX-000754,ASM-000754,PROP-00252,CTY-005,2024,5179,2024-11-01,2024-10-17,paid
TAX-000755,ASM-000755,PROP-00252,CTY-005,2025,5529,2025-11-01,2025-10-17,paid
TAX-000756,ASM-000756,PROP-00252,CTY-005,2026,5870,2026-11-01,,outstanding
TAX-000757,ASM-000757,PROP-00253,CTY-005,2024,5468,2024-11-01,2024-10-07,paid
TAX-000758,ASM-000758,PROP-00253,CTY-005,2025,5818,2025-11-01,2025-10-14,paid
TAX-000759,ASM-000759,PROP-00253,CTY-005,2026,6060,2026-11-01,,outstanding
TAX-000760,ASM-000760,PROP-00254,CTY-005,2024,4774,2024-11-01,2024-10-17,paid
TAX-000761,ASM-000761,PROP-00254,CTY-005,2025,5070,2025-11-01,2025-10-12,paid
TAX-000762,ASM-000762,PROP-00254,CTY-005,2026,5227,2026-11-01,,outstanding
TAX-000763,ASM-000763,PROP-00255,CTY-005,2024,5027,2024-11-01,2024-10-03,paid
TAX-000764,ASM-000764,PROP-00255,CTY-005,2025,5305,2025-11-01,2025-09-29,paid
TAX-000765,ASM-000765,PROP-00255,CTY-005,2026,5652,2026-11-01,,outstanding
TAX-000766,ASM-000766,PROP-00256,CTY-005,2024,5395,2024-11-01,2024-09-24,paid
TAX-000767,ASM-000767,PROP-00256,CTY-005,2025,5710,2025-11-01,2025-10-20,paid
TAX-000768,ASM-000768,PROP-00256,CTY-005,2026,6075,2026-11-01,,outstanding
TAX-000769,ASM-000769,PROP-00257,CTY-005,2024,4919,2024-11-01,2024-10-18,paid
TAX-000770,ASM-000770,PROP-00257,CTY-005,2025,5085,2025-11-01,2025-11-01,paid
TAX-000771,ASM-000771,PROP-00257,CTY-005,2026,5376,2026-11-01,,outstanding
TAX-000772,ASM-000772,PROP-00258,CTY-005,2024,4195,2024-11-01,2024-10-21,paid
TAX-000773,ASM-000773,PROP-00258,CTY-005,2025,4423,2025-11-01,2025-11-01,paid
TAX-000774,ASM-000774,PROP-00258,CTY-005,2026,4702,2026-11-01,,outstanding
TAX-000775,ASM-000775,PROP-00259,CTY-005,2024,5552,2024-11-01,2024-10-05,paid
TAX-000776,ASM-000776,PROP-00259,CTY-005,2025,5742,2025-11-01,2025-09-27,paid
TAX-000777,ASM-000777,PROP-00259,CTY-005,2026,5926,2026-11-01,,outstanding
TAX-000778,ASM-000778,PROP-00260,CTY-005,2024,5536,2024-11-01,2024-10-17,paid
TAX-000779,ASM-000779,PROP-00260,CTY-005,2025,5875,2025-11-01,2025-10-09,paid
TAX-000780,ASM-000780,PROP-00260,CTY-005,2026,6117,2026-11-01,,outstanding
TAX-000781,ASM-000781,PROP-00261,CTY-005,2024,4443,2024-11-01,2024-10-11,paid
TAX-000782,ASM-000782,PROP-00261,CTY-005,2025,4744,2025-11-01,2025-10-12,paid
TAX-000783,ASM-000783,PROP-00261,CTY-005,2026,4954,2026-11-01,,outstanding
TAX-000784,ASM-000784,PROP-00262,CTY-005,2024,4215,2024-11-01,2024-09-23,paid
TAX-000785,ASM-000785,PROP-00262,CTY-005,2025,4525,2025-11-01,2025-10-31,paid
TAX-000786,ASM-000786,PROP-00262,CTY-005,2026,4705,2026-11-01,,outstanding
TAX-000787,ASM-000787,PROP-00263,CTY-005,2024,4590,2024-11-01,2024-10-25,paid
TAX-000788,ASM-000788,PROP-00263,CTY-005,2025,4750,2025-11-01,2025-10-16,paid
TAX-000789,ASM-000789,PROP-00263,CTY-005,2026,4967,2026-11-01,,outstanding
TAX-000790,ASM-000790,PROP-00264,CTY-005,2024,4307,2024-11-01,2024-09-29,paid
TAX-000791,ASM-000791,PROP-00264,CTY-005,2025,4522,2025-11-01,2025-10-25,paid
TAX-000792,ASM-000792,PROP-00264,CTY-005,2026,4845,2026-11-01,,outstanding
TAX-000793,ASM-000793,PROP-00265,CTY-005,2024,5126,2024-11-01,2024-10-17,paid
TAX-000794,ASM-000794,PROP-00265,CTY-005,2025,5485,2025-11-01,2025-09-24,paid
TAX-000795,ASM-000795,PROP-00265,CTY-005,2026,5848,2026-11-01,,outstanding
TAX-000796,ASM-000796,PROP-00266,CTY-005,2024,5007,2024-11-01,2024-10-14,paid
TAX-000797,ASM-000797,PROP-00266,CTY-005,2025,5177,2025-11-01,2025-10-23,paid
TAX-000798,ASM-000798,PROP-00266,CTY-005,2026,5369,2026-11-01,,outstanding
TAX-000799,ASM-000799,PROP-00267,CTY-005,2024,5117,2024-11-01,2024-10-20,paid
TAX-000800,ASM-000800,PROP-00267,CTY-005,2025,5349,2025-11-01,2025-10-02,paid
TAX-000801,ASM-000801,PROP-00267,CTY-005,2026,5687,2026-11-01,,outstanding
TAX-000802,ASM-000802,PROP-00268,CTY-005,2024,5893,2024-11-01,2024-10-31,paid
TAX-000803,ASM-000803,PROP-00268,CTY-005,2025,6104,2025-11-01,2025-09-28,paid
TAX-000804,ASM-000804,PROP-00268,CTY-005,2026,6494,2026-11-01,,outstanding
TAX-000805,ASM-000805,PROP-00269,CTY-005,2024,5089,2024-11-01,2024-10-15,paid
TAX-000806,ASM-000806,PROP-00269,CTY-005,2025,5435,2025-11-01,2025-10-14,paid
TAX-000807,ASM-000807,PROP-00269,CTY-005,2026,5799,2026-11-01,,outstanding
TAX-000808,ASM-000808,PROP-00270,CTY-005,2024,5613,2024-11-01,2024-10-25,paid
TAX-000809,ASM-000809,PROP-00270,CTY-005,2025,5817,2025-11-01,2025-10-05,paid
TAX-000810,ASM-000810,PROP-00270,CTY-005,2026,6101,2026-11-01,,outstanding
TAX-000811,ASM-000811,PROP-00271,CTY-005,2024,4390,2024-11-01,2024-10-27,paid
TAX-000812,ASM-000812,PROP-00271,CTY-005,2025,4686,2025-11-01,2025-10-31,paid
TAX-000813,ASM-000813,PROP-00271,CTY-005,2026,4961,2026-11-01,,outstanding
TAX-000814,ASM-000814,PROP-00272,CTY-005,2024,4159,2024-11-01,2024-09-29,paid
TAX-000815,ASM-000815,PROP-00272,CTY-005,2025,4324,2025-11-01,2025-10-05,paid
TAX-000816,ASM-000816,PROP-00272,CTY-005,2026,4522,2026-11-01,,outstanding
TAX-000817,ASM-000817,PROP-00273,CTY-005,2024,4418,2024-11-01,2024-09-24,paid
TAX-000818,ASM-000818,PROP-00273,CTY-005,2025,4684,2025-11-01,2025-10-09,paid
TAX-000819,ASM-000819,PROP-00273,CTY-005,2026,5012,2026-11-01,,outstanding
TAX-000820,ASM-000820,PROP-00274,CTY-005,2024,4951,2024-11-01,2024-09-30,paid
TAX-000821,ASM-000821,PROP-00274,CTY-005,2025,5131,2025-11-01,2025-09-23,paid
TAX-000822,ASM-000822,PROP-00274,CTY-005,2026,5292,2026-11-01,,outstanding
TAX-000823,ASM-000823,PROP-00275,CTY-005,2024,4925,2024-11-01,2024-10-17,paid
TAX-000824,ASM-000824,PROP-00275,CTY-005,2025,5163,2025-11-01,2025-11-01,paid
TAX-000825,ASM-000825,PROP-00275,CTY-005,2026,5387,2026-11-01,,outstanding
TAX-000826,ASM-000826,PROP-00276,CTY-005,2024,4819,2024-11-01,2024-09-22,paid
TAX-000827,ASM-000827,PROP-00276,CTY-005,2025,5175,2025-11-01,2025-09-26,paid
TAX-000828,ASM-000828,PROP-00276,CTY-005,2026,5335,2026-11-01,,outstanding
TAX-000829,ASM-000829,PROP-00277,CTY-005,2024,5689,2024-11-01,2024-10-18,paid
TAX-000830,ASM-000830,PROP-00277,CTY-005,2025,5931,2025-11-01,2025-10-24,paid
TAX-000831,ASM-000831,PROP-00277,CTY-005,2026,6185,2026-11-01,,outstanding
TAX-000832,ASM-000832,PROP-00278,CTY-005,2024,4871,2024-11-01,2024-10-11,paid
TAX-000833,ASM-000833,PROP-00278,CTY-005,2025,5188,2025-11-01,2025-09-29,paid
TAX-000834,ASM-000834,PROP-00278,CTY-005,2026,5351,2026-11-01,,outstanding
TAX-000835,ASM-000835,PROP-00279,CTY-005,2024,4959,2024-11-01,2024-10-22,paid
TAX-000836,ASM-000836,PROP-00279,CTY-005,2025,5254,2025-11-01,2025-09-25,paid
TAX-000837,ASM-000837,PROP-00279,CTY-005,2026,5568,2026-11-01,,outstanding
TAX-000838,ASM-000838,PROP-00280,CTY-005,2024,4154,2024-11-01,2024-10-15,paid
TAX-000839,ASM-000839,PROP-00280,CTY-005,2025,4392,2025-11-01,2025-09-22,paid
TAX-000840,ASM-000840,PROP-00280,CTY-005,2026,4583,2026-11-01,,outstanding
TAX-000841,ASM-000841,PROP-00281,CTY-005,2024,4841,2024-11-01,2024-10-08,paid
TAX-000842,ASM-000842,PROP-00281,CTY-005,2025,5008,2025-11-01,2025-10-09,paid
TAX-000843,ASM-000843,PROP-00281,CTY-005,2026,5214,2026-11-01,,outstanding
TAX-000844,ASM-000844,PROP-00282,CTY-005,2024,5238,2024-11-01,2024-10-20,paid
TAX-000845,ASM-000845,PROP-00282,CTY-005,2025,5502,2025-11-01,2025-09-24,paid
TAX-000846,ASM-000846,PROP-00282,CTY-005,2026,5812,2026-11-01,,outstanding
TAX-000847,ASM-000847,PROP-00283,CTY-005,2024,5639,2024-11-01,2024-10-06,paid
TAX-000848,ASM-000848,PROP-00283,CTY-005,2025,5919,2025-11-01,2025-10-25,paid
TAX-000849,ASM-000849,PROP-00283,CTY-005,2026,6164,2026-11-01,,outstanding
TAX-000850,ASM-000850,PROP-00284,CTY-005,2024,4864,2024-11-01,2024-10-01,paid
TAX-000851,ASM-000851,PROP-00284,CTY-005,2025,5143,2025-11-01,2025-10-18,paid
TAX-000852,ASM-000852,PROP-00284,CTY-005,2026,5445,2026-11-01,,outstanding
TAX-000853,ASM-000853,PROP-00285,CTY-005,2024,4902,2024-11-01,2024-10-01,paid
TAX-000854,ASM-000854,PROP-00285,CTY-005,2025,5100,2025-11-01,2025-10-08,paid
TAX-000855,ASM-000855,PROP-00285,CTY-005,2026,5418,2026-11-01,,outstanding
TAX-000856,ASM-000856,PROP-00286,CTY-005,2024,4545,2024-11-01,2024-09-23,paid
TAX-000857,ASM-000857,PROP-00286,CTY-005,2025,4791,2025-11-01,2025-09-26,paid
TAX-000858,ASM-000858,PROP-00286,CTY-005,2026,4943,2026-11-01,,outstanding
TAX-000859,ASM-000859,PROP-00287,CTY-005,2024,5782,2024-11-01,2024-10-10,paid
TAX-000860,ASM-000860,PROP-00287,CTY-005,2025,6171,2025-11-01,2025-10-29,paid
TAX-000861,ASM-000861,PROP-00287,CTY-005,2026,6423,2026-11-01,,outstanding
TAX-000862,ASM-000862,PROP-00288,CTY-005,2024,4612,2024-11-01,2024-10-30,paid
TAX-000863,ASM-000863,PROP-00288,CTY-005,2025,4930,2025-11-01,2025-10-11,paid
TAX-000864,ASM-000864,PROP-00288,CTY-005,2026,5108,2026-11-01,,outstanding
TAX-000865,ASM-000865,PROP-00289,CTY-005,2024,4297,2024-11-01,2024-11-01,paid
TAX-000866,ASM-000866,PROP-00289,CTY-005,2025,4576,2025-11-01,2025-09-23,paid
TAX-000867,ASM-000867,PROP-00289,CTY-005,2026,4858,2026-11-01,,outstanding
TAX-000868,ASM-000868,PROP-00290,CTY-005,2024,4446,2024-11-01,2024-10-02,paid
TAX-000869,ASM-000869,PROP-00290,CTY-005,2025,4678,2025-11-01,2025-10-18,paid
TAX-000870,ASM-000870,PROP-00290,CTY-005,2026,4925,2026-11-01,,outstanding
TAX-000871,ASM-000871,PROP-00291,CTY-005,2024,5379,2024-11-01,2024-10-24,paid
TAX-000872,ASM-000872,PROP-00291,CTY-005,2025,5568,2025-11-01,2025-10-26,paid
TAX-000873,ASM-000873,PROP-00291,CTY-005,2026,5927,2026-11-01,,outstanding
TAX-000874,ASM-000874,PROP-00292,CTY-006,2024,3715,2024-11-01,2024-10-26,paid
TAX-000875,ASM-000875,PROP-00292,CTY-006,2025,3727,2025-11-01,2025-10-02,paid
TAX-000876,ASM-000876,PROP-00292,CTY-006,2026,3746,2026-11-01,,outstanding
TAX-000877,ASM-000877,PROP-00293,CTY-006,2024,3180,2024-11-01,2024-10-12,paid
TAX-000878,ASM-000878,PROP-00293,CTY-006,2025,3191,2025-11-01,2025-10-23,paid
TAX-000879,ASM-000879,PROP-00293,CTY-006,2026,3200,2026-11-01,,outstanding
TAX-000880,ASM-000880,PROP-00294,CTY-006,2024,3003,2024-11-01,2024-09-26,paid
TAX-000881,ASM-000881,PROP-00294,CTY-006,2025,3012,2025-11-01,2025-10-14,paid
TAX-000882,ASM-000882,PROP-00294,CTY-006,2026,3020,2026-11-01,,outstanding
TAX-000883,ASM-000883,PROP-00295,CTY-006,2024,2616,2024-11-01,2024-10-13,paid
TAX-000884,ASM-000884,PROP-00295,CTY-006,2025,2625,2025-11-01,2025-10-11,paid
TAX-000885,ASM-000885,PROP-00295,CTY-006,2026,2632,2026-11-01,,outstanding
TAX-000886,ASM-000886,PROP-00296,CTY-006,2024,3505,2024-11-01,2024-09-28,paid
TAX-000887,ASM-000887,PROP-00296,CTY-006,2025,3514,2025-11-01,2025-09-22,paid
TAX-000888,ASM-000888,PROP-00296,CTY-006,2026,3534,2026-11-01,,outstanding
TAX-000889,ASM-000889,PROP-00297,CTY-006,2024,2996,2024-11-01,2024-10-21,paid
TAX-000890,ASM-000890,PROP-00297,CTY-006,2025,3012,2025-11-01,2025-10-06,paid
TAX-000891,ASM-000891,PROP-00297,CTY-006,2026,3024,2026-11-01,,outstanding
TAX-000892,ASM-000892,PROP-00298,CTY-006,2024,2892,2024-11-01,2024-09-25,paid
TAX-000893,ASM-000893,PROP-00298,CTY-006,2025,2909,2025-11-01,2025-10-02,paid
TAX-000894,ASM-000894,PROP-00298,CTY-006,2026,2921,2026-11-01,,outstanding
TAX-000895,ASM-000895,PROP-00299,CTY-006,2024,2771,2024-11-01,2024-10-28,paid
TAX-000896,ASM-000896,PROP-00299,CTY-006,2025,2779,2025-11-01,2025-10-01,paid
TAX-000897,ASM-000897,PROP-00299,CTY-006,2026,2793,2026-11-01,,outstanding
TAX-000898,ASM-000898,PROP-00300,CTY-006,2024,3555,2024-11-01,2024-10-18,paid
TAX-000899,ASM-000899,PROP-00300,CTY-006,2025,3565,2025-11-01,2025-09-23,paid
TAX-000900,ASM-000900,PROP-00300,CTY-006,2026,3587,2026-11-01,,outstanding
TAX-000901,ASM-000901,PROP-00301,CTY-006,2024,3953,2024-11-01,2024-10-13,paid
TAX-000902,ASM-000902,PROP-00301,CTY-006,2025,3974,2025-11-01,2025-10-09,paid
TAX-000903,ASM-000903,PROP-00301,CTY-006,2026,3987,2026-11-01,,outstanding
TAX-000904,ASM-000904,PROP-00302,CTY-006,2024,4021,2024-11-01,2024-09-28,paid
TAX-000905,ASM-000905,PROP-00302,CTY-006,2025,4037,2025-11-01,2025-10-14,paid
TAX-000906,ASM-000906,PROP-00302,CTY-006,2026,4052,2026-11-01,,outstanding
TAX-000907,ASM-000907,PROP-00303,CTY-006,2024,2491,2024-11-01,2024-10-31,paid
TAX-000908,ASM-000908,PROP-00303,CTY-006,2025,2504,2025-11-01,2025-10-13,paid
TAX-000909,ASM-000909,PROP-00303,CTY-006,2026,2517,2026-11-01,,outstanding
TAX-000910,ASM-000910,PROP-00304,CTY-006,2024,3105,2024-11-01,2024-10-29,paid
TAX-000911,ASM-000911,PROP-00304,CTY-006,2025,3119,2025-11-01,2025-10-25,paid
TAX-000912,ASM-000912,PROP-00304,CTY-006,2026,3127,2026-11-01,,outstanding
TAX-000913,ASM-000913,PROP-00305,CTY-006,2024,3781,2024-11-01,2024-10-10,paid
TAX-000914,ASM-000914,PROP-00305,CTY-006,2025,3793,2025-11-01,2025-10-09,paid
TAX-000915,ASM-000915,PROP-00305,CTY-006,2026,3813,2026-11-01,,outstanding
TAX-000916,ASM-000916,PROP-00306,CTY-006,2024,3346,2024-11-01,2024-10-03,paid
TAX-000917,ASM-000917,PROP-00306,CTY-006,2025,3354,2025-11-01,2025-10-20,paid
TAX-000918,ASM-000918,PROP-00306,CTY-006,2026,3364,2026-11-01,,outstanding
TAX-000919,ASM-000919,PROP-00307,CTY-006,2024,2712,2024-11-01,2024-10-06,paid
TAX-000920,ASM-000920,PROP-00307,CTY-006,2025,2728,2025-11-01,2025-10-31,paid
TAX-000921,ASM-000921,PROP-00307,CTY-006,2026,2736,2026-11-01,,outstanding
TAX-000922,ASM-000922,PROP-00308,CTY-006,2024,3078,2024-11-01,2024-10-24,paid
TAX-000923,ASM-000923,PROP-00308,CTY-006,2025,3095,2025-11-01,2025-10-15,paid
TAX-000924,ASM-000924,PROP-00308,CTY-006,2026,3110,2026-11-01,,outstanding
TAX-000925,ASM-000925,PROP-00309,CTY-006,2024,2863,2024-11-01,2024-09-22,paid
TAX-000926,ASM-000926,PROP-00309,CTY-006,2025,2873,2025-11-01,2025-10-10,paid
TAX-000927,ASM-000927,PROP-00309,CTY-006,2026,2890,2026-11-01,,outstanding
TAX-000928,ASM-000928,PROP-00310,CTY-006,2024,3005,2024-11-01,2024-09-24,paid
TAX-000929,ASM-000929,PROP-00310,CTY-006,2025,3013,2025-11-01,2025-10-18,paid
TAX-000930,ASM-000930,PROP-00310,CTY-006,2026,3023,2026-11-01,,outstanding
TAX-000931,ASM-000931,PROP-00311,CTY-006,2024,3238,2024-11-01,2024-10-07,paid
TAX-000932,ASM-000932,PROP-00311,CTY-006,2025,3247,2025-11-01,2025-10-17,paid
TAX-000933,ASM-000933,PROP-00311,CTY-006,2026,3266,2026-11-01,,outstanding
TAX-000934,ASM-000934,PROP-00312,CTY-006,2024,3708,2024-11-01,2024-10-20,paid
TAX-000935,ASM-000935,PROP-00312,CTY-006,2025,3729,2025-11-01,2025-10-02,paid
TAX-000936,ASM-000936,PROP-00312,CTY-006,2026,3739,2026-11-01,,outstanding
TAX-000937,ASM-000937,PROP-00313,CTY-006,2024,2937,2024-11-01,2024-10-29,paid
TAX-000938,ASM-000938,PROP-00313,CTY-006,2025,2951,2025-11-01,2025-10-14,paid
TAX-000939,ASM-000939,PROP-00313,CTY-006,2026,2963,2026-11-01,,outstanding
TAX-000940,ASM-000940,PROP-00314,CTY-006,2024,3177,2024-11-01,2024-10-28,paid
TAX-000941,ASM-000941,PROP-00314,CTY-006,2025,3193,2025-11-01,2025-10-19,paid
TAX-000942,ASM-000942,PROP-00314,CTY-006,2026,3204,2026-11-01,,outstanding
TAX-000943,ASM-000943,PROP-00315,CTY-006,2024,2940,2024-11-01,2024-09-25,paid
TAX-000944,ASM-000944,PROP-00315,CTY-006,2025,2949,2025-11-01,2025-09-29,paid
TAX-000945,ASM-000945,PROP-00315,CTY-006,2026,2959,2026-11-01,,outstanding
TAX-000946,ASM-000946,PROP-00316,CTY-006,2024,3216,2024-11-01,2024-10-11,paid
TAX-000947,ASM-000947,PROP-00316,CTY-006,2025,3226,2025-11-01,2025-10-09,paid
TAX-000948,ASM-000948,PROP-00316,CTY-006,2026,3234,2026-11-01,,outstanding
TAX-000949,ASM-000949,PROP-00317,CTY-006,2024,3539,2024-11-01,2024-10-18,paid
TAX-000950,ASM-000950,PROP-00317,CTY-006,2025,3550,2025-11-01,2025-09-28,paid
TAX-000951,ASM-000951,PROP-00317,CTY-006,2026,3560,2026-11-01,,outstanding
TAX-000952,ASM-000952,PROP-00318,CTY-006,2024,3648,2024-11-01,2024-10-14,paid
TAX-000953,ASM-000953,PROP-00318,CTY-006,2025,3670,2025-11-01,2025-10-24,paid
TAX-000954,ASM-000954,PROP-00318,CTY-006,2026,3690,2026-11-01,,outstanding
TAX-000955,ASM-000955,PROP-00319,CTY-006,2024,3530,2024-11-01,2024-09-26,paid
TAX-000956,ASM-000956,PROP-00319,CTY-006,2025,3545,2025-11-01,2025-10-20,paid
TAX-000957,ASM-000957,PROP-00319,CTY-006,2026,3556,2026-11-01,,outstanding
TAX-000958,ASM-000958,PROP-00320,CTY-006,2024,3245,2024-11-01,2024-09-24,paid
TAX-000959,ASM-000959,PROP-00320,CTY-006,2025,3260,2025-11-01,2025-09-22,paid
TAX-000960,ASM-000960,PROP-00320,CTY-006,2026,3273,2026-11-01,,outstanding
TAX-000961,ASM-000961,PROP-00321,CTY-006,2024,3113,2024-11-01,2024-10-13,paid
TAX-000962,ASM-000962,PROP-00321,CTY-006,2025,3131,2025-11-01,2025-10-21,paid
TAX-000963,ASM-000963,PROP-00321,CTY-006,2026,3138,2026-11-01,,outstanding
TAX-000964,ASM-000964,PROP-00322,CTY-006,2024,3046,2024-11-01,2024-10-05,paid
TAX-000965,ASM-000965,PROP-00322,CTY-006,2025,3057,2025-11-01,2025-09-24,paid
TAX-000966,ASM-000966,PROP-00322,CTY-006,2026,3074,2026-11-01,,outstanding
TAX-000967,ASM-000967,PROP-00323,CTY-006,2024,2935,2024-11-01,2024-09-28,paid
TAX-000968,ASM-000968,PROP-00323,CTY-006,2025,2947,2025-11-01,2025-09-24,paid
TAX-000969,ASM-000969,PROP-00323,CTY-006,2026,2955,2026-11-01,,outstanding
TAX-000970,ASM-000970,PROP-00324,CTY-006,2024,3840,2024-11-01,2024-10-25,paid
TAX-000971,ASM-000971,PROP-00324,CTY-006,2025,3851,2025-11-01,2025-10-19,paid
TAX-000972,ASM-000972,PROP-00324,CTY-006,2026,3864,2026-11-01,,outstanding
TAX-000973,ASM-000973,PROP-00325,CTY-006,2024,3984,2024-11-01,2024-09-26,paid
TAX-000974,ASM-000974,PROP-00325,CTY-006,2025,4004,2025-11-01,2025-10-10,paid
TAX-000975,ASM-000975,PROP-00325,CTY-006,2026,4022,2026-11-01,,outstanding
TAX-000976,ASM-000976,PROP-00326,CTY-006,2024,3915,2024-11-01,2024-10-15,paid
TAX-000977,ASM-000977,PROP-00326,CTY-006,2025,3936,2025-11-01,2025-10-03,paid
TAX-000978,ASM-000978,PROP-00326,CTY-006,2026,3945,2026-11-01,,outstanding
TAX-000979,ASM-000979,PROP-00327,CTY-006,2024,2542,2024-11-01,2024-10-01,paid
TAX-000980,ASM-000980,PROP-00327,CTY-006,2025,2556,2025-11-01,2025-10-06,paid
TAX-000981,ASM-000981,PROP-00327,CTY-006,2026,2570,2026-11-01,,outstanding
TAX-000982,ASM-000982,PROP-00328,CTY-007,2024,2984,2024-11-01,2024-10-11,paid
TAX-000983,ASM-000983,PROP-00328,CTY-007,2025,2992,2025-11-01,2025-10-04,paid
TAX-000984,ASM-000984,PROP-00328,CTY-007,2026,3000,2026-11-01,,outstanding
TAX-000985,ASM-000985,PROP-00329,CTY-007,2024,2813,2024-11-01,2024-10-30,paid
TAX-000986,ASM-000986,PROP-00329,CTY-007,2025,2820,2025-11-01,2025-10-04,paid
TAX-000987,ASM-000987,PROP-00329,CTY-007,2026,2834,2026-11-01,,outstanding
TAX-000988,ASM-000988,PROP-00330,CTY-007,2024,3117,2024-11-01,2024-10-24,paid
TAX-000989,ASM-000989,PROP-00330,CTY-007,2025,3129,2025-11-01,2025-10-31,paid
TAX-000990,ASM-000990,PROP-00330,CTY-007,2026,3142,2026-11-01,,outstanding
TAX-000991,ASM-000991,PROP-00331,CTY-007,2024,3879,2024-11-01,2024-10-26,paid
TAX-000992,ASM-000992,PROP-00331,CTY-007,2025,3901,2025-11-01,2025-10-16,paid
TAX-000993,ASM-000993,PROP-00331,CTY-007,2026,3923,2026-11-01,,outstanding
TAX-000994,ASM-000994,PROP-00332,CTY-007,2024,3076,2024-11-01,2024-10-04,paid
TAX-000995,ASM-000995,PROP-00332,CTY-007,2025,3094,2025-11-01,2025-10-05,paid
TAX-000996,ASM-000996,PROP-00332,CTY-007,2026,3106,2026-11-01,,outstanding
TAX-000997,ASM-000997,PROP-00333,CTY-007,2024,3191,2024-11-01,2024-10-31,paid
TAX-000998,ASM-000998,PROP-00333,CTY-007,2025,3204,2025-11-01,2025-10-07,paid
TAX-000999,ASM-000999,PROP-00333,CTY-007,2026,3219,2026-11-01,,outstanding
TAX-001000,ASM-001000,PROP-00334,CTY-007,2024,3673,2024-11-01,2024-10-05,paid
TAX-001001,ASM-001001,PROP-00334,CTY-007,2025,3690,2025-11-01,2025-10-13,paid
TAX-001002,ASM-001002,PROP-00334,CTY-007,2026,3710,2026-11-01,,outstanding
TAX-001003,ASM-001003,PROP-00335,CTY-007,2024,3514,2024-11-01,2024-10-28,paid
TAX-001004,ASM-001004,PROP-00335,CTY-007,2025,3530,2025-11-01,2025-10-01,paid
TAX-001005,ASM-001005,PROP-00335,CTY-007,2026,3540,2026-11-01,,outstanding
TAX-001006,ASM-001006,PROP-00336,CTY-007,2024,3329,2024-11-01,2024-10-19,paid
TAX-001007,ASM-001007,PROP-00336,CTY-007,2025,3337,2025-11-01,2025-09-30,paid
TAX-001008,ASM-001008,PROP-00336,CTY-007,2026,3345,2026-11-01,,outstanding
TAX-001009,ASM-001009,PROP-00337,CTY-007,2024,4043,2024-11-01,2024-10-08,paid
TAX-001010,ASM-001010,PROP-00337,CTY-007,2025,4059,2025-11-01,2025-10-22,paid
TAX-001011,ASM-001011,PROP-00337,CTY-007,2026,4079,2026-11-01,,outstanding
TAX-001012,ASM-001012,PROP-00338,CTY-007,2024,3701,2024-11-01,2024-10-18,paid
TAX-001013,ASM-001013,PROP-00338,CTY-007,2025,3721,2025-11-01,2025-10-13,paid
TAX-001014,ASM-001014,PROP-00338,CTY-007,2026,3739,2026-11-01,,outstanding
TAX-001015,ASM-001015,PROP-00339,CTY-007,2024,3633,2024-11-01,2024-10-08,paid
TAX-001016,ASM-001016,PROP-00339,CTY-007,2025,3649,2025-11-01,2025-10-11,paid
TAX-001017,ASM-001017,PROP-00339,CTY-007,2026,3669,2026-11-01,,outstanding
TAX-001018,ASM-001018,PROP-00340,CTY-007,2024,3699,2024-11-01,2024-09-23,paid
TAX-001019,ASM-001019,PROP-00340,CTY-007,2025,3713,2025-11-01,2025-09-28,paid
TAX-001020,ASM-001020,PROP-00340,CTY-007,2026,3735,2026-11-01,,outstanding
TAX-001021,ASM-001021,PROP-00341,CTY-007,2024,3155,2024-11-01,2024-10-25,paid
TAX-001022,ASM-001022,PROP-00341,CTY-007,2025,3168,2025-11-01,2025-10-14,paid
TAX-001023,ASM-001023,PROP-00341,CTY-007,2026,3178,2026-11-01,,outstanding
TAX-001024,ASM-001024,PROP-00342,CTY-007,2024,3817,2024-11-01,2024-10-24,paid
TAX-001025,ASM-001025,PROP-00342,CTY-007,2025,3828,2025-11-01,2025-09-26,paid
TAX-001026,ASM-001026,PROP-00342,CTY-007,2026,3850,2026-11-01,,outstanding
TAX-001027,ASM-001027,PROP-00343,CTY-007,2024,3437,2024-11-01,2024-09-25,paid
TAX-001028,ASM-001028,PROP-00343,CTY-007,2025,3454,2025-11-01,2025-10-29,paid
TAX-001029,ASM-001029,PROP-00343,CTY-007,2026,3468,2026-11-01,,outstanding
TAX-001030,ASM-001030,PROP-00344,CTY-007,2024,3290,2024-11-01,2024-10-09,paid
TAX-001031,ASM-001031,PROP-00344,CTY-007,2025,3301,2025-11-01,2025-10-18,paid
TAX-001032,ASM-001032,PROP-00344,CTY-007,2026,3317,2026-11-01,,outstanding
TAX-001033,ASM-001033,PROP-00345,CTY-007,2024,4054,2024-11-01,2024-10-08,paid
TAX-001034,ASM-001034,PROP-00345,CTY-007,2025,4064,2025-11-01,2025-10-27,paid
TAX-001035,ASM-001035,PROP-00345,CTY-007,2026,4086,2026-11-01,,outstanding
TAX-001036,ASM-001036,PROP-00346,CTY-007,2024,2748,2024-11-01,2024-09-27,paid
TAX-001037,ASM-001037,PROP-00346,CTY-007,2025,2758,2025-11-01,2025-10-15,paid
TAX-001038,ASM-001038,PROP-00346,CTY-007,2026,2768,2026-11-01,,outstanding
TAX-001039,ASM-001039,PROP-00347,CTY-007,2024,3778,2024-11-01,2024-09-27,paid
TAX-001040,ASM-001040,PROP-00347,CTY-007,2025,3799,2025-11-01,2025-10-20,paid
TAX-001041,ASM-001041,PROP-00347,CTY-007,2026,3815,2026-11-01,,outstanding
TAX-001042,ASM-001042,PROP-00348,CTY-007,2024,3564,2024-11-01,2024-10-15,paid
TAX-001043,ASM-001043,PROP-00348,CTY-007,2025,3576,2025-11-01,2025-10-17,paid
TAX-001044,ASM-001044,PROP-00348,CTY-007,2026,3592,2026-11-01,,outstanding
TAX-001045,ASM-001045,PROP-00349,CTY-007,2024,3880,2024-11-01,2024-10-24,paid
TAX-001046,ASM-001046,PROP-00349,CTY-007,2025,3902,2025-11-01,2025-10-28,paid
TAX-001047,ASM-001047,PROP-00349,CTY-007,2026,3916,2026-11-01,,outstanding
TAX-001048,ASM-001048,PROP-00350,CTY-007,2024,3682,2024-11-01,2024-10-18,paid
TAX-001049,ASM-001049,PROP-00350,CTY-007,2025,3702,2025-11-01,2025-10-08,paid
TAX-001050,ASM-001050,PROP-00350,CTY-007,2026,3713,2026-11-01,,outstanding
TAX-001051,ASM-001051,PROP-00351,CTY-007,2024,3425,2024-11-01,2024-10-20,paid
TAX-001052,ASM-001052,PROP-00351,CTY-007,2025,3436,2025-11-01,2025-09-25,paid
TAX-001053,ASM-001053,PROP-00351,CTY-007,2026,3449,2026-11-01,,outstanding
TAX-001054,ASM-001054,PROP-00352,CTY-007,2024,3586,2024-11-01,2024-10-24,paid
TAX-001055,ASM-001055,PROP-00352,CTY-007,2025,3598,2025-11-01,2025-10-26,paid
TAX-001056,ASM-001056,PROP-00352,CTY-007,2026,3610,2026-11-01,,outstanding
TAX-001057,ASM-001057,PROP-00353,CTY-007,2024,3594,2024-11-01,2024-09-22,paid
TAX-001058,ASM-001058,PROP-00353,CTY-007,2025,3609,2025-11-01,2025-10-19,paid
TAX-001059,ASM-001059,PROP-00353,CTY-007,2026,3620,2026-11-01,,outstanding
TAX-001060,ASM-001060,PROP-00354,CTY-007,2024,3633,2024-11-01,2024-10-23,paid
TAX-001061,ASM-001061,PROP-00354,CTY-007,2025,3652,2025-11-01,2025-09-30,paid
TAX-001062,ASM-001062,PROP-00354,CTY-007,2026,3666,2026-11-01,,outstanding
TAX-001063,ASM-001063,PROP-00355,CTY-007,2024,3736,2024-11-01,2024-09-28,paid
TAX-001064,ASM-001064,PROP-00355,CTY-007,2025,3750,2025-11-01,2025-10-28,paid
TAX-001065,ASM-001065,PROP-00355,CTY-007,2026,3771,2026-11-01,,outstanding
TAX-001066,ASM-001066,PROP-00356,CTY-007,2024,3495,2024-11-01,2024-10-31,paid
TAX-001067,ASM-001067,PROP-00356,CTY-007,2025,3511,2025-11-01,2025-10-17,paid
TAX-001068,ASM-001068,PROP-00356,CTY-007,2026,3520,2026-11-01,,outstanding
TAX-001069,ASM-001069,PROP-00357,CTY-007,2024,3101,2024-11-01,2024-10-17,paid
TAX-001070,ASM-001070,PROP-00357,CTY-007,2025,3117,2025-11-01,2025-09-22,paid
TAX-001071,ASM-001071,PROP-00357,CTY-007,2026,3135,2026-11-01,,outstanding
TAX-001072,ASM-001072,PROP-00358,CTY-007,2024,3050,2024-11-01,2024-09-23,paid
TAX-001073,ASM-001073,PROP-00358,CTY-007,2025,3059,2025-11-01,2025-10-04,paid
TAX-001074,ASM-001074,PROP-00358,CTY-007,2026,3068,2026-11-01,,outstanding
TAX-001075,ASM-001075,PROP-00359,CTY-007,2024,3185,2024-11-01,2024-10-03,paid
TAX-001076,ASM-001076,PROP-00359,CTY-007,2025,3201,2025-11-01,2025-10-13,paid
TAX-001077,ASM-001077,PROP-00359,CTY-007,2026,3216,2026-11-01,,outstanding
TAX-001078,ASM-001078,PROP-00360,CTY-007,2024,3524,2024-11-01,2024-10-29,paid
TAX-001079,ASM-001079,PROP-00360,CTY-007,2025,3539,2025-11-01,2025-10-27,paid
TAX-001080,ASM-001080,PROP-00360,CTY-007,2026,3551,2026-11-01,,outstanding
TAX-001081,ASM-001081,PROP-00361,CTY-007,2024,3129,2024-11-01,2024-10-23,paid
TAX-001082,ASM-001082,PROP-00361,CTY-007,2025,3145,2025-11-01,2025-09-25,paid
TAX-001083,ASM-001083,PROP-00361,CTY-007,2026,3163,2026-11-01,,outstanding
TAX-001084,ASM-001084,PROP-00362,CTY-007,2024,3376,2024-11-01,2024-10-21,paid
TAX-001085,ASM-001085,PROP-00362,CTY-007,2025,3388,2025-11-01,2025-10-08,paid
TAX-001086,ASM-001086,PROP-00362,CTY-007,2026,3396,2026-11-01,,outstanding
TAX-001087,ASM-001087,PROP-00363,CTY-007,2024,3024,2024-11-01,2024-10-21,paid
TAX-001088,ASM-001088,PROP-00363,CTY-007,2025,3037,2025-11-01,2025-10-14,paid
TAX-001089,ASM-001089,PROP-00363,CTY-007,2026,3054,2026-11-01,,outstanding
TAX-001090,ASM-001090,PROP-00364,CTY-007,2024,4061,2024-11-01,2024-10-13,paid
TAX-001091,ASM-001091,PROP-00364,CTY-007,2025,4086,2025-11-01,2025-09-29,paid
TAX-001092,ASM-001092,PROP-00364,CTY-007,2026,4098,2026-11-01,,outstanding
TAX-001093,ASM-001093,PROP-00365,CTY-007,2024,3341,2024-11-01,2024-10-23,paid
TAX-001094,ASM-001094,PROP-00365,CTY-007,2025,3357,2025-11-01,2025-10-21,paid
TAX-001095,ASM-001095,PROP-00365,CTY-007,2026,3374,2026-11-01,,outstanding
TAX-001096,ASM-001096,PROP-00366,CTY-007,2024,4065,2024-11-01,2024-10-22,paid
TAX-001097,ASM-001097,PROP-00366,CTY-007,2025,4087,2025-11-01,2025-10-15,paid
TAX-001098,ASM-001098,PROP-00366,CTY-007,2026,4102,2026-11-01,,outstanding
TAX-001099,ASM-001099,PROP-00367,CTY-007,2024,3943,2024-11-01,2024-09-23,paid
TAX-001100,ASM-001100,PROP-00367,CTY-007,2025,3967,2025-11-01,2025-09-27,paid
TAX-001101,ASM-001101,PROP-00367,CTY-007,2026,3979,2026-11-01,,outstanding
TAX-001102,ASM-001102,PROP-00368,CTY-007,2024,3828,2024-11-01,2024-10-09,paid
TAX-001103,ASM-001103,PROP-00368,CTY-007,2025,3840,2025-11-01,2025-10-17,paid
TAX-001104,ASM-001104,PROP-00368,CTY-007,2026,3859,2026-11-01,,outstanding
TAX-001105,ASM-001105,PROP-00369,CTY-007,2024,4184,2024-11-01,2024-10-25,paid
TAX-001106,ASM-001106,PROP-00369,CTY-007,2025,4204,2025-11-01,2025-09-27,paid
TAX-001107,ASM-001107,PROP-00369,CTY-007,2026,4229,2026-11-01,,outstanding
TAX-001108,ASM-001108,PROP-00370,CTY-007,2024,4311,2024-11-01,2024-10-20,paid
TAX-001109,ASM-001109,PROP-00370,CTY-007,2025,4330,2025-11-01,2025-10-28,paid
TAX-001110,ASM-001110,PROP-00370,CTY-007,2026,4349,2026-11-01,,outstanding
TAX-001111,ASM-001111,PROP-00371,CTY-007,2024,4613,2024-11-01,2024-10-07,paid
TAX-001112,ASM-001112,PROP-00371,CTY-007,2025,4636,2025-11-01,2025-09-27,paid
TAX-001113,ASM-001113,PROP-00371,CTY-007,2026,4653,2026-11-01,,outstanding
TAX-001114,ASM-001114,PROP-00372,CTY-007,2024,4837,2024-11-01,2024-10-15,paid
TAX-001115,ASM-001115,PROP-00372,CTY-007,2025,4864,2025-11-01,2025-10-17,paid
TAX-001116,ASM-001116,PROP-00372,CTY-007,2026,4876,2026-11-01,,outstanding
TAX-001117,ASM-001117,PROP-00373,CTY-007,2024,4189,2024-11-01,2024-10-27,paid
TAX-001118,ASM-001118,PROP-00373,CTY-007,2025,4203,2025-11-01,2025-10-06,paid
TAX-001119,ASM-001119,PROP-00373,CTY-007,2026,4224,2026-11-01,,outstanding
TAX-001120,ASM-001120,PROP-00374,CTY-007,2024,3594,2024-11-01,2024-10-05,paid
TAX-001121,ASM-001121,PROP-00374,CTY-007,2025,3611,2025-11-01,2025-09-23,paid
TAX-001122,ASM-001122,PROP-00374,CTY-007,2026,3629,2026-11-01,,outstanding
TAX-001123,ASM-001123,PROP-00375,CTY-007,2024,4061,2024-11-01,2024-10-28,paid
TAX-001124,ASM-001124,PROP-00375,CTY-007,2025,4077,2025-11-01,2025-09-25,paid
TAX-001125,ASM-001125,PROP-00375,CTY-007,2026,4101,2026-11-01,,outstanding
TAX-001126,ASM-001126,PROP-00376,CTY-007,2024,3740,2024-11-01,2024-09-23,paid
TAX-001127,ASM-001127,PROP-00376,CTY-007,2025,3758,2025-11-01,2025-10-17,paid
TAX-001128,ASM-001128,PROP-00376,CTY-007,2026,3772,2026-11-01,,outstanding
TAX-001129,ASM-001129,PROP-00377,CTY-007,2024,4036,2024-11-01,2024-10-05,paid
TAX-001130,ASM-001130,PROP-00377,CTY-007,2025,4057,2025-11-01,2025-09-25,paid
TAX-001131,ASM-001131,PROP-00377,CTY-007,2026,4069,2026-11-01,,outstanding
TAX-001132,ASM-001132,PROP-00378,CTY-007,2024,3336,2024-11-01,2024-10-15,paid
TAX-001133,ASM-001133,PROP-00378,CTY-007,2025,3348,2025-11-01,2025-10-30,paid
TAX-001134,ASM-001134,PROP-00378,CTY-007,2026,3359,2026-11-01,,outstanding
TAX-001135,ASM-001135,PROP-00379,CTY-007,2024,3613,2024-11-01,2024-10-18,paid
TAX-001136,ASM-001136,PROP-00379,CTY-007,2025,3627,2025-11-01,2025-10-13,paid
TAX-001137,ASM-001137,PROP-00379,CTY-007,2026,3638,2026-11-01,,outstanding
TAX-001138,ASM-001138,PROP-00380,CTY-007,2024,4745,2024-11-01,2024-10-20,paid
TAX-001139,ASM-001139,PROP-00380,CTY-007,2025,4768,2025-11-01,2025-10-21,paid
TAX-001140,ASM-001140,PROP-00380,CTY-007,2026,4787,2026-11-01,,outstanding
TAX-001141,ASM-001141,PROP-00381,CTY-007,2024,3761,2024-11-01,2024-10-06,paid
TAX-001142,ASM-001142,PROP-00381,CTY-007,2025,3783,2025-11-01,2025-10-16,paid
TAX-001143,ASM-001143,PROP-00381,CTY-007,2026,3798,2026-11-01,,outstanding
TAX-001144,ASM-001144,PROP-00382,CTY-007,2024,3872,2024-11-01,2024-10-04,paid
TAX-001145,ASM-001145,PROP-00382,CTY-007,2025,3890,2025-11-01,2025-10-16,paid
TAX-001146,ASM-001146,PROP-00382,CTY-007,2026,3906,2026-11-01,,outstanding
TAX-001147,ASM-001147,PROP-00383,CTY-007,2024,3396,2024-11-01,2024-10-07,paid
TAX-001148,ASM-001148,PROP-00383,CTY-007,2025,3414,2025-11-01,2025-10-15,paid
TAX-001149,ASM-001149,PROP-00383,CTY-007,2026,3434,2026-11-01,,outstanding
TAX-001150,ASM-001150,PROP-00384,CTY-007,2024,4346,2024-11-01,2024-10-13,paid
TAX-001151,ASM-001151,PROP-00384,CTY-007,2025,4361,2025-11-01,2025-10-21,paid
TAX-001152,ASM-001152,PROP-00384,CTY-007,2026,4383,2026-11-01,,outstanding
TAX-001153,ASM-001153,PROP-00385,CTY-007,2024,4483,2024-11-01,2024-10-08,paid
TAX-001154,ASM-001154,PROP-00385,CTY-007,2025,4501,2025-11-01,2025-10-23,paid
TAX-001155,ASM-001155,PROP-00385,CTY-007,2026,4521,2026-11-01,,outstanding
TAX-001156,ASM-001156,PROP-00386,CTY-007,2024,4137,2024-11-01,2024-09-24,paid
TAX-001157,ASM-001157,PROP-00386,CTY-007,2025,4160,2025-11-01,2025-10-29,paid
TAX-001158,ASM-001158,PROP-00386,CTY-007,2026,4181,2026-11-01,,outstanding
TAX-001159,ASM-001159,PROP-00387,CTY-007,2024,4030,2024-11-01,2024-10-24,paid
TAX-001160,ASM-001160,PROP-00387,CTY-007,2025,4049,2025-11-01,2025-09-28,paid
TAX-001161,ASM-001161,PROP-00387,CTY-007,2026,4062,2026-11-01,,outstanding
TAX-001162,ASM-001162,PROP-00388,CTY-007,2024,4330,2024-11-01,2024-10-16,paid
TAX-001163,ASM-001163,PROP-00388,CTY-007,2025,4342,2025-11-01,2025-10-08,paid
TAX-001164,ASM-001164,PROP-00388,CTY-007,2026,4364,2026-11-01,,outstanding
TAX-001165,ASM-001165,PROP-00389,CTY-007,2024,4228,2024-11-01,2024-10-22,paid
TAX-001166,ASM-001166,PROP-00389,CTY-007,2025,4239,2025-11-01,2025-09-22,paid
TAX-001167,ASM-001167,PROP-00389,CTY-007,2026,4263,2026-11-01,,outstanding
TAX-001168,ASM-001168,PROP-00390,CTY-007,2024,4494,2024-11-01,2024-09-30,paid
TAX-001169,ASM-001169,PROP-00390,CTY-007,2025,4513,2025-11-01,2025-09-25,paid
TAX-001170,ASM-001170,PROP-00390,CTY-007,2026,4539,2026-11-01,,outstanding
TAX-001171,ASM-001171,PROP-00391,CTY-007,2024,3622,2024-11-01,2024-09-30,paid
TAX-001172,ASM-001172,PROP-00391,CTY-007,2025,3632,2025-11-01,2025-10-29,paid
TAX-001173,ASM-001173,PROP-00391,CTY-007,2026,3651,2026-11-01,,outstanding
TAX-001174,ASM-001174,PROP-00392,CTY-007,2024,3283,2024-11-01,2024-10-05,paid
TAX-001175,ASM-001175,PROP-00392,CTY-007,2025,3293,2025-11-01,2025-10-01,paid
TAX-001176,ASM-001176,PROP-00392,CTY-007,2026,3306,2026-11-01,,outstanding
TAX-001177,ASM-001177,PROP-00393,CTY-007,2024,3396,2024-11-01,2024-10-11,paid
TAX-001178,ASM-001178,PROP-00393,CTY-007,2025,3413,2025-11-01,2025-10-23,paid
TAX-001179,ASM-001179,PROP-00393,CTY-007,2026,3423,2026-11-01,,outstanding
TAX-001180,ASM-001180,PROP-00394,CTY-007,2024,4567,2024-11-01,2024-10-06,paid
TAX-001181,ASM-001181,PROP-00394,CTY-007,2025,4585,2025-11-01,2025-10-28,paid
TAX-001182,ASM-001182,PROP-00394,CTY-007,2026,4605,2026-11-01,,outstanding
TAX-001183,ASM-001183,PROP-00395,CTY-007,2024,3594,2024-11-01,2024-10-12,paid
TAX-001184,ASM-001184,PROP-00395,CTY-007,2025,3604,2025-11-01,2025-09-29,paid
TAX-001185,ASM-001185,PROP-00395,CTY-007,2026,3621,2026-11-01,,outstanding
TAX-001186,ASM-001186,PROP-00396,CTY-007,2024,3545,2024-11-01,2024-09-28,paid
TAX-001187,ASM-001187,PROP-00396,CTY-007,2025,3565,2025-11-01,2025-10-18,paid
TAX-001188,ASM-001188,PROP-00396,CTY-007,2026,3586,2026-11-01,,outstanding
TAX-001189,ASM-001189,PROP-00397,CTY-008,2024,3058,2024-11-01,2024-09-22,paid
TAX-001190,ASM-001190,PROP-00397,CTY-008,2025,3072,2025-11-01,2025-09-26,paid
TAX-001191,ASM-001191,PROP-00397,CTY-008,2026,3082,2026-11-01,,outstanding
TAX-001192,ASM-001192,PROP-00398,CTY-008,2024,3775,2024-11-01,2024-10-11,paid
TAX-001193,ASM-001193,PROP-00398,CTY-008,2025,3792,2025-11-01,2025-11-01,paid
TAX-001194,ASM-001194,PROP-00398,CTY-008,2026,3802,2026-11-01,,outstanding
TAX-001195,ASM-001195,PROP-00399,CTY-008,2024,3628,2024-11-01,2024-09-22,paid
TAX-001196,ASM-001196,PROP-00399,CTY-008,2025,3647,2025-11-01,2025-10-01,paid
TAX-001197,ASM-001197,PROP-00399,CTY-008,2026,3665,2026-11-01,,outstanding
TAX-001198,ASM-001198,PROP-00400,CTY-008,2024,3212,2024-11-01,2024-10-19,paid
TAX-001199,ASM-001199,PROP-00400,CTY-008,2025,3226,2025-11-01,2025-10-15,paid
TAX-001200,ASM-001200,PROP-00400,CTY-008,2026,3241,2026-11-01,,outstanding
TAX-001201,ASM-001201,PROP-00401,CTY-008,2024,4250,2024-11-01,2024-10-11,paid
TAX-001202,ASM-001202,PROP-00401,CTY-008,2025,4274,2025-11-01,2025-09-24,paid
TAX-001203,ASM-001203,PROP-00401,CTY-008,2026,4297,2026-11-01,,outstanding
TAX-001204,ASM-001204,PROP-00402,CTY-008,2024,4131,2024-11-01,2024-10-23,paid
TAX-001205,ASM-001205,PROP-00402,CTY-008,2025,4143,2025-11-01,2025-10-17,paid
TAX-001206,ASM-001206,PROP-00402,CTY-008,2026,4153,2026-11-01,,outstanding
TAX-001207,ASM-001207,PROP-00403,CTY-008,2024,3230,2024-11-01,2024-10-02,paid
TAX-001208,ASM-001208,PROP-00403,CTY-008,2025,3238,2025-11-01,2025-10-25,paid
TAX-001209,ASM-001209,PROP-00403,CTY-008,2026,3250,2026-11-01,,outstanding
TAX-001210,ASM-001210,PROP-00404,CTY-008,2024,3350,2024-11-01,2024-09-30,paid
TAX-001211,ASM-001211,PROP-00404,CTY-008,2025,3360,2025-11-01,2025-10-02,paid
TAX-001212,ASM-001212,PROP-00404,CTY-008,2026,3368,2026-11-01,,outstanding
TAX-001213,ASM-001213,PROP-00405,CTY-008,2024,3005,2024-11-01,2024-10-06,paid
TAX-001214,ASM-001214,PROP-00405,CTY-008,2025,3019,2025-11-01,2025-10-07,paid
TAX-001215,ASM-001215,PROP-00405,CTY-008,2026,3029,2026-11-01,,outstanding
TAX-001216,ASM-001216,PROP-00406,CTY-008,2024,3867,2024-11-01,2024-10-11,paid
TAX-001217,ASM-001217,PROP-00406,CTY-008,2025,3882,2025-11-01,2025-10-31,paid
TAX-001218,ASM-001218,PROP-00406,CTY-008,2026,3893,2026-11-01,,outstanding
TAX-001219,ASM-001219,PROP-00407,CTY-008,2024,3767,2024-11-01,2024-10-13,paid
TAX-001220,ASM-001220,PROP-00407,CTY-008,2025,3777,2025-11-01,2025-10-22,paid
TAX-001221,ASM-001221,PROP-00407,CTY-008,2026,3791,2026-11-01,,outstanding
TAX-001222,ASM-001222,PROP-00408,CTY-008,2024,4474,2024-11-01,2024-10-13,paid
TAX-001223,ASM-001223,PROP-00408,CTY-008,2025,4489,2025-11-01,2025-10-30,paid
TAX-001224,ASM-001224,PROP-00408,CTY-008,2026,4504,2026-11-01,,outstanding
TAX-001225,ASM-001225,PROP-00409,CTY-008,2024,3178,2024-11-01,2024-10-21,paid
TAX-001226,ASM-001226,PROP-00409,CTY-008,2025,3189,2025-11-01,2025-10-08,paid
TAX-001227,ASM-001227,PROP-00409,CTY-008,2026,3197,2026-11-01,,outstanding
TAX-001228,ASM-001228,PROP-00410,CTY-008,2024,3244,2024-11-01,2024-09-24,paid
TAX-001229,ASM-001229,PROP-00410,CTY-008,2025,3255,2025-11-01,2025-09-25,paid
TAX-001230,ASM-001230,PROP-00410,CTY-008,2026,3272,2026-11-01,,outstanding
TAX-001231,ASM-001231,PROP-00411,CTY-008,2024,3236,2024-11-01,2024-09-30,paid
TAX-001232,ASM-001232,PROP-00411,CTY-008,2025,3253,2025-11-01,2025-10-12,paid
TAX-001233,ASM-001233,PROP-00411,CTY-008,2026,3270,2026-11-01,,outstanding
TAX-001234,ASM-001234,PROP-00412,CTY-008,2024,3832,2024-11-01,2024-10-15,paid
TAX-001235,ASM-001235,PROP-00412,CTY-008,2025,3849,2025-11-01,2025-10-03,paid
TAX-001236,ASM-001236,PROP-00412,CTY-008,2026,3861,2026-11-01,,outstanding
TAX-001237,ASM-001237,PROP-00413,CTY-008,2024,3212,2024-11-01,2024-09-28,paid
TAX-001238,ASM-001238,PROP-00413,CTY-008,2025,3226,2025-11-01,2025-10-02,paid
TAX-001239,ASM-001239,PROP-00413,CTY-008,2026,3244,2026-11-01,,outstanding
TAX-001240,ASM-001240,PROP-00414,CTY-008,2024,3453,2024-11-01,2024-09-22,paid
TAX-001241,ASM-001241,PROP-00414,CTY-008,2025,3466,2025-11-01,2025-10-30,paid
TAX-001242,ASM-001242,PROP-00414,CTY-008,2026,3475,2026-11-01,,outstanding
TAX-001243,ASM-001243,PROP-00415,CTY-008,2024,3307,2024-11-01,2024-10-21,paid
TAX-001244,ASM-001244,PROP-00415,CTY-008,2025,3315,2025-11-01,2025-10-19,paid
TAX-001245,ASM-001245,PROP-00415,CTY-008,2026,3327,2026-11-01,,outstanding
TAX-001246,ASM-001246,PROP-00416,CTY-008,2024,3240,2024-11-01,2024-10-25,paid
TAX-001247,ASM-001247,PROP-00416,CTY-008,2025,3256,2025-11-01,2025-10-24,paid
TAX-001248,ASM-001248,PROP-00416,CTY-008,2026,3271,2026-11-01,,outstanding
TAX-001249,ASM-001249,PROP-00417,CTY-008,2024,3331,2024-11-01,2024-09-27,paid
TAX-001250,ASM-001250,PROP-00417,CTY-008,2025,3346,2025-11-01,2025-10-23,paid
TAX-001251,ASM-001251,PROP-00417,CTY-008,2026,3364,2026-11-01,,outstanding
TAX-001252,ASM-001252,PROP-00418,CTY-008,2024,3026,2024-11-01,2024-10-25,paid
TAX-001253,ASM-001253,PROP-00418,CTY-008,2025,3040,2025-11-01,2025-10-13,paid
TAX-001254,ASM-001254,PROP-00418,CTY-008,2026,3056,2026-11-01,,outstanding
TAX-001255,ASM-001255,PROP-00419,CTY-008,2024,3426,2024-11-01,2024-10-13,paid
TAX-001256,ASM-001256,PROP-00419,CTY-008,2025,3438,2025-11-01,2025-10-22,paid
TAX-001257,ASM-001257,PROP-00419,CTY-008,2026,3454,2026-11-01,,outstanding
TAX-001258,ASM-001258,PROP-00420,CTY-008,2024,3653,2024-11-01,2024-09-22,paid
TAX-001259,ASM-001259,PROP-00420,CTY-008,2025,3664,2025-11-01,2025-10-04,paid
TAX-001260,ASM-001260,PROP-00420,CTY-008,2026,3682,2026-11-01,,outstanding
TAX-001261,ASM-001261,PROP-00421,CTY-008,2024,3747,2024-11-01,2024-10-08,paid
TAX-001262,ASM-001262,PROP-00421,CTY-008,2025,3758,2025-11-01,2025-10-07,paid
TAX-001263,ASM-001263,PROP-00421,CTY-008,2026,3772,2026-11-01,,outstanding
TAX-001264,ASM-001264,PROP-00422,CTY-008,2024,3059,2024-11-01,2024-10-21,paid
TAX-001265,ASM-001265,PROP-00422,CTY-008,2025,3075,2025-11-01,2025-10-25,paid
TAX-001266,ASM-001266,PROP-00422,CTY-008,2026,3086,2026-11-01,,outstanding
TAX-001267,ASM-001267,PROP-00423,CTY-008,2024,3796,2024-11-01,2024-10-15,paid
TAX-001268,ASM-001268,PROP-00423,CTY-008,2025,3816,2025-11-01,2025-10-28,paid
TAX-001269,ASM-001269,PROP-00423,CTY-008,2026,3836,2026-11-01,,outstanding
TAX-001270,ASM-001270,PROP-00424,CTY-008,2024,3607,2024-11-01,2024-10-14,paid
TAX-001271,ASM-001271,PROP-00424,CTY-008,2025,3627,2025-11-01,2025-09-29,paid
TAX-001272,ASM-001272,PROP-00424,CTY-008,2026,3645,2026-11-01,,outstanding
TAX-001273,ASM-001273,PROP-00425,CTY-008,2024,4047,2024-11-01,2024-10-19,paid
TAX-001274,ASM-001274,PROP-00425,CTY-008,2025,4060,2025-11-01,2025-10-15,paid
TAX-001275,ASM-001275,PROP-00425,CTY-008,2026,4070,2026-11-01,,outstanding
TAX-001276,ASM-001276,PROP-00426,CTY-008,2024,3599,2024-11-01,2024-10-11,paid
TAX-001277,ASM-001277,PROP-00426,CTY-008,2025,3612,2025-11-01,2025-09-29,paid
TAX-001278,ASM-001278,PROP-00426,CTY-008,2026,3631,2026-11-01,,outstanding
TAX-001279,ASM-001279,PROP-00427,CTY-008,2024,3808,2024-11-01,2024-10-02,paid
TAX-001280,ASM-001280,PROP-00427,CTY-008,2025,3820,2025-11-01,2025-09-30,paid
TAX-001281,ASM-001281,PROP-00427,CTY-008,2026,3832,2026-11-01,,outstanding
TAX-001282,ASM-001282,PROP-00428,CTY-009,2024,4148,2024-11-01,2024-09-24,paid
TAX-001283,ASM-001283,PROP-00428,CTY-009,2025,4172,2025-11-01,2025-10-21,paid
TAX-001284,ASM-001284,PROP-00428,CTY-009,2026,4195,2026-11-01,,outstanding
TAX-001285,ASM-001285,PROP-00429,CTY-009,2024,4278,2024-11-01,2024-10-22,paid
TAX-001286,ASM-001286,PROP-00429,CTY-009,2025,4293,2025-11-01,2025-10-13,paid
TAX-001287,ASM-001287,PROP-00429,CTY-009,2026,4307,2026-11-01,,outstanding
TAX-001288,ASM-001288,PROP-00430,CTY-009,2024,3404,2024-11-01,2024-10-25,paid
TAX-001289,ASM-001289,PROP-00430,CTY-009,2025,3419,2025-11-01,2025-10-29,paid
TAX-001290,ASM-001290,PROP-00430,CTY-009,2026,3429,2026-11-01,,outstanding
TAX-001291,ASM-001291,PROP-00431,CTY-009,2024,3535,2024-11-01,2024-10-08,paid
TAX-001292,ASM-001292,PROP-00431,CTY-009,2025,3546,2025-11-01,2025-10-04,paid
TAX-001293,ASM-001293,PROP-00431,CTY-009,2026,3562,2026-11-01,,outstanding
TAX-001294,ASM-001294,PROP-00432,CTY-009,2024,3523,2024-11-01,2024-10-09,paid
TAX-001295,ASM-001295,PROP-00432,CTY-009,2025,3544,2025-11-01,2025-09-22,paid
TAX-001296,ASM-001296,PROP-00432,CTY-009,2026,3563,2026-11-01,,outstanding
TAX-001297,ASM-001297,PROP-00433,CTY-009,2024,3144,2024-11-01,2024-10-17,paid
TAX-001298,ASM-001298,PROP-00433,CTY-009,2025,3160,2025-11-01,2025-10-18,paid
TAX-001299,ASM-001299,PROP-00433,CTY-009,2026,3173,2026-11-01,,outstanding
TAX-001300,ASM-001300,PROP-00434,CTY-009,2024,3629,2024-11-01,2024-10-20,paid
TAX-001301,ASM-001301,PROP-00434,CTY-009,2025,3644,2025-11-01,2025-10-09,paid
TAX-001302,ASM-001302,PROP-00434,CTY-009,2026,3653,2026-11-01,,outstanding
TAX-001303,ASM-001303,PROP-00435,CTY-009,2024,3689,2024-11-01,2024-09-29,paid
TAX-001304,ASM-001304,PROP-00435,CTY-009,2025,3705,2025-11-01,2025-10-21,paid
TAX-001305,ASM-001305,PROP-00435,CTY-009,2026,3721,2026-11-01,,outstanding
TAX-001306,ASM-001306,PROP-00436,CTY-009,2024,3595,2024-11-01,2024-10-24,paid
TAX-001307,ASM-001307,PROP-00436,CTY-009,2025,3606,2025-11-01,2025-10-26,paid
TAX-001308,ASM-001308,PROP-00436,CTY-009,2026,3620,2026-11-01,,outstanding
TAX-001309,ASM-001309,PROP-00437,CTY-009,2024,3311,2024-11-01,2024-10-09,paid
TAX-001310,ASM-001310,PROP-00437,CTY-009,2025,3321,2025-11-01,2025-10-12,paid
TAX-001311,ASM-001311,PROP-00437,CTY-009,2026,3332,2026-11-01,,outstanding
TAX-001312,ASM-001312,PROP-00438,CTY-009,2024,3606,2024-11-01,2024-09-27,paid
TAX-001313,ASM-001313,PROP-00438,CTY-009,2025,3618,2025-11-01,2025-10-02,paid
TAX-001314,ASM-001314,PROP-00438,CTY-009,2026,3630,2026-11-01,,outstanding
TAX-001315,ASM-001315,PROP-00439,CTY-009,2024,2818,2024-11-01,2024-10-02,paid
TAX-001316,ASM-001316,PROP-00439,CTY-009,2025,2825,2025-11-01,2025-10-04,paid
TAX-001317,ASM-001317,PROP-00439,CTY-009,2026,2842,2026-11-01,,outstanding
TAX-001318,ASM-001318,PROP-00440,CTY-009,2024,4456,2024-11-01,2024-09-26,paid
TAX-001319,ASM-001319,PROP-00440,CTY-009,2025,4475,2025-11-01,2025-10-25,paid
TAX-001320,ASM-001320,PROP-00440,CTY-009,2026,4492,2026-11-01,,outstanding
TAX-001321,ASM-001321,PROP-00441,CTY-009,2024,3003,2024-11-01,2024-10-27,paid
TAX-001322,ASM-001322,PROP-00441,CTY-009,2025,3014,2025-11-01,2025-09-27,paid
TAX-001323,ASM-001323,PROP-00441,CTY-009,2026,3028,2026-11-01,,outstanding
TAX-001324,ASM-001324,PROP-00442,CTY-009,2024,3394,2024-11-01,2024-10-09,paid
TAX-001325,ASM-001325,PROP-00442,CTY-009,2025,3414,2025-11-01,2025-10-27,paid
TAX-001326,ASM-001326,PROP-00442,CTY-009,2026,3426,2026-11-01,,outstanding
TAX-001327,ASM-001327,PROP-00443,CTY-009,2024,4040,2024-11-01,2024-10-28,paid
TAX-001328,ASM-001328,PROP-00443,CTY-009,2025,4062,2025-11-01,2025-09-28,paid
TAX-001329,ASM-001329,PROP-00443,CTY-009,2026,4075,2026-11-01,,outstanding
TAX-001330,ASM-001330,PROP-00444,CTY-009,2024,3098,2024-11-01,2024-10-01,paid
TAX-001331,ASM-001331,PROP-00444,CTY-009,2025,3108,2025-11-01,2025-10-17,paid
TAX-001332,ASM-001332,PROP-00444,CTY-009,2026,3117,2026-11-01,,outstanding
TAX-001333,ASM-001333,PROP-00445,CTY-009,2024,3590,2024-11-01,2024-10-27,paid
TAX-001334,ASM-001334,PROP-00445,CTY-009,2025,3609,2025-11-01,2025-10-18,paid
TAX-001335,ASM-001335,PROP-00445,CTY-009,2026,3620,2026-11-01,,outstanding
TAX-001336,ASM-001336,PROP-00446,CTY-009,2024,4168,2024-11-01,2024-10-19,paid
TAX-001337,ASM-001337,PROP-00446,CTY-009,2025,4184,2025-11-01,2025-09-26,paid
TAX-001338,ASM-001338,PROP-00446,CTY-009,2026,4197,2026-11-01,,outstanding
TAX-001339,ASM-001339,PROP-00447,CTY-009,2024,4375,2024-11-01,2024-09-28,paid
TAX-001340,ASM-001340,PROP-00447,CTY-009,2025,4392,2025-11-01,2025-10-22,paid
TAX-001341,ASM-001341,PROP-00447,CTY-009,2026,4414,2026-11-01,,outstanding
TAX-001342,ASM-001342,PROP-00448,CTY-009,2024,3140,2024-11-01,2024-10-14,paid
TAX-001343,ASM-001343,PROP-00448,CTY-009,2025,3148,2025-11-01,2025-09-30,paid
TAX-001344,ASM-001344,PROP-00448,CTY-009,2026,3159,2026-11-01,,outstanding
TAX-001345,ASM-001345,PROP-00449,CTY-009,2024,3836,2024-11-01,2024-10-18,paid
TAX-001346,ASM-001346,PROP-00449,CTY-009,2025,3852,2025-11-01,2025-10-29,paid
TAX-001347,ASM-001347,PROP-00449,CTY-009,2026,3868,2026-11-01,,outstanding
TAX-001348,ASM-001348,PROP-00450,CTY-009,2024,4337,2024-11-01,2024-10-18,paid
TAX-001349,ASM-001349,PROP-00450,CTY-009,2025,4350,2025-11-01,2025-10-31,paid
TAX-001350,ASM-001350,PROP-00450,CTY-009,2026,4370,2026-11-01,,outstanding
TAX-001351,ASM-001351,PROP-00451,CTY-009,2024,3913,2024-11-01,2024-10-29,paid
TAX-001352,ASM-001352,PROP-00451,CTY-009,2025,3927,2025-11-01,2025-11-01,paid
TAX-001353,ASM-001353,PROP-00451,CTY-009,2026,3946,2026-11-01,,outstanding
TAX-001354,ASM-001354,PROP-00452,CTY-009,2024,4045,2024-11-01,2024-10-10,paid
TAX-001355,ASM-001355,PROP-00452,CTY-009,2025,4057,2025-11-01,2025-10-31,paid
TAX-001356,ASM-001356,PROP-00452,CTY-009,2026,4075,2026-11-01,,outstanding
TAX-001357,ASM-001357,PROP-00453,CTY-009,2024,3418,2024-11-01,2024-10-18,paid
TAX-001358,ASM-001358,PROP-00453,CTY-009,2025,3434,2025-11-01,2025-10-22,paid
TAX-001359,ASM-001359,PROP-00453,CTY-009,2026,3444,2026-11-01,,outstanding
TAX-001360,ASM-001360,PROP-00454,CTY-009,2024,3299,2024-11-01,2024-10-31,paid
TAX-001361,ASM-001361,PROP-00454,CTY-009,2025,3315,2025-11-01,2025-10-18,paid
TAX-001362,ASM-001362,PROP-00454,CTY-009,2026,3327,2026-11-01,,outstanding
TAX-001363,ASM-001363,PROP-00455,CTY-009,2024,3455,2024-11-01,2024-09-27,paid
TAX-001364,ASM-001364,PROP-00455,CTY-009,2025,3473,2025-11-01,2025-10-28,paid
TAX-001365,ASM-001365,PROP-00455,CTY-009,2026,3483,2026-11-01,,outstanding
TAX-001366,ASM-001366,PROP-00456,CTY-009,2024,2883,2024-11-01,2024-10-27,paid
TAX-001367,ASM-001367,PROP-00456,CTY-009,2025,2898,2025-11-01,2025-10-27,paid
TAX-001368,ASM-001368,PROP-00456,CTY-009,2026,2906,2026-11-01,,outstanding
TAX-001369,ASM-001369,PROP-00457,CTY-009,2024,4535,2024-11-01,2024-10-16,paid
TAX-001370,ASM-001370,PROP-00457,CTY-009,2025,4556,2025-11-01,2025-10-20,paid
TAX-001371,ASM-001371,PROP-00457,CTY-009,2026,4570,2026-11-01,,outstanding
TAX-001372,ASM-001372,PROP-00458,CTY-009,2024,4030,2024-11-01,2024-09-22,paid
TAX-001373,ASM-001373,PROP-00458,CTY-009,2025,4054,2025-11-01,2025-10-15,paid
TAX-001374,ASM-001374,PROP-00458,CTY-009,2026,4071,2026-11-01,,outstanding
TAX-001375,ASM-001375,PROP-00459,CTY-009,2024,3376,2024-11-01,2024-09-30,paid
TAX-001376,ASM-001376,PROP-00459,CTY-009,2025,3390,2025-11-01,2025-09-24,paid
TAX-001377,ASM-001377,PROP-00459,CTY-009,2026,3407,2026-11-01,,outstanding
TAX-001378,ASM-001378,PROP-00460,CTY-009,2024,3655,2024-11-01,2024-10-27,paid
TAX-001379,ASM-001379,PROP-00460,CTY-009,2025,3665,2025-11-01,2025-10-07,paid
TAX-001380,ASM-001380,PROP-00460,CTY-009,2026,3683,2026-11-01,,outstanding
TAX-001381,ASM-001381,PROP-00461,CTY-009,2024,2965,2024-11-01,2024-09-26,paid
TAX-001382,ASM-001382,PROP-00461,CTY-009,2025,2976,2025-11-01,2025-10-14,paid
TAX-001383,ASM-001383,PROP-00461,CTY-009,2026,2989,2026-11-01,,outstanding
TAX-001384,ASM-001384,PROP-00462,CTY-009,2024,3797,2024-11-01,2024-10-12,paid
TAX-001385,ASM-001385,PROP-00462,CTY-009,2025,3812,2025-11-01,2025-10-25,paid
TAX-001386,ASM-001386,PROP-00462,CTY-009,2026,3821,2026-11-01,,outstanding
TAX-001387,ASM-001387,PROP-00463,CTY-009,2024,3535,2024-11-01,2024-09-27,paid
TAX-001388,ASM-001388,PROP-00463,CTY-009,2025,3550,2025-11-01,2025-10-26,paid
TAX-001389,ASM-001389,PROP-00463,CTY-009,2026,3561,2026-11-01,,outstanding
TAX-001390,ASM-001390,PROP-00464,CTY-009,2024,3616,2024-11-01,2024-09-28,paid
TAX-001391,ASM-001391,PROP-00464,CTY-009,2025,3631,2025-11-01,2025-10-04,paid
TAX-001392,ASM-001392,PROP-00464,CTY-009,2026,3640,2026-11-01,,outstanding
TAX-001393,ASM-001393,PROP-00465,CTY-009,2024,3213,2024-11-01,2024-10-12,paid
TAX-001394,ASM-001394,PROP-00465,CTY-009,2025,3227,2025-11-01,2025-10-12,paid
TAX-001395,ASM-001395,PROP-00465,CTY-009,2026,3239,2026-11-01,,outstanding
TAX-001396,ASM-001396,PROP-00466,CTY-009,2024,4332,2024-11-01,2024-10-10,paid
TAX-001397,ASM-001397,PROP-00466,CTY-009,2025,4356,2025-11-01,2025-10-02,paid
TAX-001398,ASM-001398,PROP-00466,CTY-009,2026,4374,2026-11-01,,outstanding
TAX-001399,ASM-001399,PROP-00467,CTY-009,2024,3199,2024-11-01,2024-10-31,paid
TAX-001400,ASM-001400,PROP-00467,CTY-009,2025,3217,2025-11-01,2025-10-16,paid
TAX-001401,ASM-001401,PROP-00467,CTY-009,2026,3233,2026-11-01,,outstanding
TAX-001402,ASM-001402,PROP-00468,CTY-009,2024,3662,2024-11-01,2024-10-12,paid
TAX-001403,ASM-001403,PROP-00468,CTY-009,2025,3674,2025-11-01,2025-10-15,paid
TAX-001404,ASM-001404,PROP-00468,CTY-009,2026,3694,2026-11-01,,outstanding
TAX-001405,ASM-001405,PROP-00469,CTY-009,2024,3539,2024-11-01,2024-10-05,paid
TAX-001406,ASM-001406,PROP-00469,CTY-009,2025,3559,2025-11-01,2025-09-30,paid
TAX-001407,ASM-001407,PROP-00469,CTY-009,2026,3573,2026-11-01,,outstanding
TAX-001408,ASM-001408,PROP-00470,CTY-009,2024,3908,2024-11-01,2024-10-02,paid
TAX-001409,ASM-001409,PROP-00470,CTY-009,2025,3922,2025-11-01,2025-09-25,paid
TAX-001410,ASM-001410,PROP-00470,CTY-009,2026,3936,2026-11-01,,outstanding
TAX-001411,ASM-001411,PROP-00471,CTY-009,2024,3135,2024-11-01,2024-10-23,paid
TAX-001412,ASM-001412,PROP-00471,CTY-009,2025,3147,2025-11-01,2025-10-07,paid
TAX-001413,ASM-001413,PROP-00471,CTY-009,2026,3156,2026-11-01,,outstanding
TAX-001414,ASM-001414,PROP-00472,CTY-009,2024,3284,2024-11-01,2024-10-26,paid
TAX-001415,ASM-001415,PROP-00472,CTY-009,2025,3301,2025-11-01,2025-10-23,paid
TAX-001416,ASM-001416,PROP-00472,CTY-009,2026,3312,2026-11-01,,outstanding
TAX-001417,ASM-001417,PROP-00473,CTY-009,2024,2883,2024-11-01,2024-10-06,paid
TAX-001418,ASM-001418,PROP-00473,CTY-009,2025,2900,2025-11-01,2025-10-29,paid
TAX-001419,ASM-001419,PROP-00473,CTY-009,2026,2916,2026-11-01,,outstanding
TAX-001420,ASM-001420,PROP-00474,CTY-009,2024,3974,2024-11-01,2024-10-23,paid
TAX-001421,ASM-001421,PROP-00474,CTY-009,2025,3989,2025-11-01,2025-10-29,paid
TAX-001422,ASM-001422,PROP-00474,CTY-009,2026,4009,2026-11-01,,outstanding
TAX-001423,ASM-001423,PROP-00475,CTY-009,2024,3823,2024-11-01,2024-10-04,paid
TAX-001424,ASM-001424,PROP-00475,CTY-009,2025,3835,2025-11-01,2025-10-10,paid
TAX-001425,ASM-001425,PROP-00475,CTY-009,2026,3849,2026-11-01,,outstanding
TAX-001426,ASM-001426,PROP-00476,CTY-009,2024,3845,2024-11-01,2024-10-07,paid
TAX-001427,ASM-001427,PROP-00476,CTY-009,2025,3857,2025-11-01,2025-09-26,paid
TAX-001428,ASM-001428,PROP-00476,CTY-009,2026,3879,2026-11-01,,outstanding
TAX-001429,ASM-001429,PROP-00477,CTY-009,2024,3489,2024-11-01,2024-10-12,paid
TAX-001430,ASM-001430,PROP-00477,CTY-009,2025,3507,2025-11-01,2025-10-29,paid
TAX-001431,ASM-001431,PROP-00477,CTY-009,2026,3522,2026-11-01,,outstanding
TAX-001432,ASM-001432,PROP-00478,CTY-009,2024,3051,2024-11-01,2024-10-06,paid
TAX-001433,ASM-001433,PROP-00478,CTY-009,2025,3069,2025-11-01,2025-10-09,paid
TAX-001434,ASM-001434,PROP-00478,CTY-009,2026,3080,2026-11-01,,outstanding
TAX-001435,ASM-001435,PROP-00479,CTY-009,2024,2869,2024-11-01,2024-09-24,paid
TAX-001436,ASM-001436,PROP-00479,CTY-009,2025,2882,2025-11-01,2025-09-25,paid
TAX-001437,ASM-001437,PROP-00479,CTY-009,2026,2895,2026-11-01,,outstanding
TAX-001438,ASM-001438,PROP-00480,CTY-009,2024,3979,2024-11-01,2024-09-28,paid
TAX-001439,ASM-001439,PROP-00480,CTY-009,2025,4000,2025-11-01,2025-09-28,paid
TAX-001440,ASM-001440,PROP-00480,CTY-009,2026,4013,2026-11-01,,outstanding
TAX-001441,ASM-001441,PROP-00481,CTY-009,2024,3598,2024-11-01,2024-10-10,paid
TAX-001442,ASM-001442,PROP-00481,CTY-009,2025,3607,2025-11-01,2025-10-07,paid
TAX-001443,ASM-001443,PROP-00481,CTY-009,2026,3625,2026-11-01,,outstanding
TAX-001444,ASM-001444,PROP-00482,CTY-009,2024,3348,2024-11-01,2024-10-30,paid
TAX-001445,ASM-001445,PROP-00482,CTY-009,2025,3361,2025-11-01,2025-10-05,paid
TAX-001446,ASM-001446,PROP-00482,CTY-009,2026,3373,2026-11-01,,outstanding
TAX-001447,ASM-001447,PROP-00483,CTY-009,2024,3803,2024-11-01,2024-10-30,paid
TAX-001448,ASM-001448,PROP-00483,CTY-009,2025,3818,2025-11-01,2025-09-26,paid
TAX-001449,ASM-001449,PROP-00483,CTY-009,2026,3839,2026-11-01,,outstanding
TAX-001450,ASM-001450,PROP-00484,CTY-009,2024,4271,2024-11-01,2024-10-20,paid
TAX-001451,ASM-001451,PROP-00484,CTY-009,2025,4282,2025-11-01,2025-10-20,paid
TAX-001452,ASM-001452,PROP-00484,CTY-009,2026,4301,2026-11-01,,outstanding
TAX-001453,ASM-001453,PROP-00485,CTY-009,2024,3602,2024-11-01,2024-10-15,paid
TAX-001454,ASM-001454,PROP-00485,CTY-009,2025,3618,2025-11-01,2025-09-25,paid
TAX-001455,ASM-001455,PROP-00485,CTY-009,2026,3632,2026-11-01,,outstanding
TAX-001456,ASM-001456,PROP-00486,CTY-010,2024,3852,2024-11-01,2024-10-15,paid
TAX-001457,ASM-001457,PROP-00486,CTY-010,2025,3871,2025-11-01,2025-10-16,paid
TAX-001458,ASM-001458,PROP-00486,CTY-010,2026,3891,2026-11-01,,outstanding
TAX-001459,ASM-001459,PROP-00487,CTY-010,2024,3310,2024-11-01,2024-10-25,paid
TAX-001460,ASM-001460,PROP-00487,CTY-010,2025,3322,2025-11-01,2025-10-10,paid
TAX-001461,ASM-001461,PROP-00487,CTY-010,2026,3334,2026-11-01,,outstanding
TAX-001462,ASM-001462,PROP-00488,CTY-010,2024,3454,2024-11-01,2024-10-21,paid
TAX-001463,ASM-001463,PROP-00488,CTY-010,2025,3468,2025-11-01,2025-10-12,paid
TAX-001464,ASM-001464,PROP-00488,CTY-010,2026,3478,2026-11-01,,outstanding
TAX-001465,ASM-001465,PROP-00489,CTY-010,2024,2989,2024-11-01,2024-10-15,paid
TAX-001466,ASM-001466,PROP-00489,CTY-010,2025,3000,2025-11-01,2025-10-26,paid
TAX-001467,ASM-001467,PROP-00489,CTY-010,2026,3013,2026-11-01,,outstanding
TAX-001468,ASM-001468,PROP-00490,CTY-010,2024,3519,2024-11-01,2024-10-13,paid
TAX-001469,ASM-001469,PROP-00490,CTY-010,2025,3532,2025-11-01,2025-10-22,paid
TAX-001470,ASM-001470,PROP-00490,CTY-010,2026,3540,2026-11-01,,outstanding
TAX-001471,ASM-001471,PROP-00491,CTY-010,2024,3412,2024-11-01,2024-10-02,paid
TAX-001472,ASM-001472,PROP-00491,CTY-010,2025,3425,2025-11-01,2025-10-31,paid
TAX-001473,ASM-001473,PROP-00491,CTY-010,2026,3440,2026-11-01,,outstanding
TAX-001474,ASM-001474,PROP-00492,CTY-010,2024,4157,2024-11-01,2024-10-09,paid
TAX-001475,ASM-001475,PROP-00492,CTY-010,2025,4169,2025-11-01,2025-09-28,paid
TAX-001476,ASM-001476,PROP-00492,CTY-010,2026,4186,2026-11-01,,outstanding
TAX-001477,ASM-001477,PROP-00493,CTY-010,2024,3711,2024-11-01,2024-10-07,paid
TAX-001478,ASM-001478,PROP-00493,CTY-010,2025,3726,2025-11-01,2025-10-15,paid
TAX-001479,ASM-001479,PROP-00493,CTY-010,2026,3740,2026-11-01,,outstanding
TAX-001480,ASM-001480,PROP-00494,CTY-010,2024,4056,2024-11-01,2024-10-14,paid
TAX-001481,ASM-001481,PROP-00494,CTY-010,2025,4069,2025-11-01,2025-11-01,paid
TAX-001482,ASM-001482,PROP-00494,CTY-010,2026,4092,2026-11-01,,outstanding
TAX-001483,ASM-001483,PROP-00495,CTY-010,2024,4066,2024-11-01,2024-10-17,paid
TAX-001484,ASM-001484,PROP-00495,CTY-010,2025,4080,2025-11-01,2025-10-09,paid
TAX-001485,ASM-001485,PROP-00495,CTY-010,2026,4091,2026-11-01,,outstanding
TAX-001486,ASM-001486,PROP-00496,CTY-010,2024,3636,2024-11-01,2024-09-22,paid
TAX-001487,ASM-001487,PROP-00496,CTY-010,2025,3654,2025-11-01,2025-09-30,paid
TAX-001488,ASM-001488,PROP-00496,CTY-010,2026,3672,2026-11-01,,outstanding
TAX-001489,ASM-001489,PROP-00497,CTY-010,2024,2960,2024-11-01,2024-10-25,paid
TAX-001490,ASM-001490,PROP-00497,CTY-010,2025,2976,2025-11-01,2025-09-22,paid
TAX-001491,ASM-001491,PROP-00497,CTY-010,2026,2987,2026-11-01,,outstanding
TAX-001492,ASM-001492,PROP-00498,CTY-010,2024,2847,2024-11-01,2024-10-21,paid
TAX-001493,ASM-001493,PROP-00498,CTY-010,2025,2856,2025-11-01,2025-10-07,paid
TAX-001494,ASM-001494,PROP-00498,CTY-010,2026,2867,2026-11-01,,outstanding
TAX-001495,ASM-001495,PROP-00499,CTY-010,2024,3693,2024-11-01,2024-10-11,paid
TAX-001496,ASM-001496,PROP-00499,CTY-010,2025,3709,2025-11-01,2025-10-07,paid
TAX-001497,ASM-001497,PROP-00499,CTY-010,2026,3723,2026-11-01,,outstanding
TAX-001498,ASM-001498,PROP-00500,CTY-010,2024,3508,2024-11-01,2024-10-02,paid
TAX-001499,ASM-001499,PROP-00500,CTY-010,2025,3526,2025-11-01,2025-09-30,paid
TAX-001500,ASM-001500,PROP-00500,CTY-010,2026,3539,2026-11-01,,outstanding
TAX-001501,ASM-001501,PROP-00501,CTY-010,2024,3578,2024-11-01,2024-10-21,paid
TAX-001502,ASM-001502,PROP-00501,CTY-010,2025,3595,2025-11-01,2025-09-22,paid
TAX-001503,ASM-001503,PROP-00501,CTY-010,2026,3616,2026-11-01,,outstanding
TAX-001504,ASM-001504,PROP-00502,CTY-010,2024,3812,2024-11-01,2024-10-08,paid
TAX-001505,ASM-001505,PROP-00502,CTY-010,2025,3825,2025-11-01,2025-10-27,paid
TAX-001506,ASM-001506,PROP-00502,CTY-010,2026,3836,2026-11-01,,outstanding
TAX-001507,ASM-001507,PROP-00503,CTY-010,2024,4172,2024-11-01,2024-10-22,paid
TAX-001508,ASM-001508,PROP-00503,CTY-010,2025,4184,2025-11-01,2025-10-23,paid
TAX-001509,ASM-001509,PROP-00503,CTY-010,2026,4209,2026-11-01,,outstanding
TAX-001510,ASM-001510,PROP-00504,CTY-010,2024,3752,2024-11-01,2024-10-17,paid
TAX-001511,ASM-001511,PROP-00504,CTY-010,2025,3761,2025-11-01,2025-11-01,paid
TAX-001512,ASM-001512,PROP-00504,CTY-010,2026,3784,2026-11-01,,outstanding
TAX-001513,ASM-001513,PROP-00505,CTY-007,2024,3674,2024-11-01,2024-09-24,paid
TAX-001514,ASM-001514,PROP-00505,CTY-007,2025,3690,2025-11-01,2025-10-20,paid
TAX-001515,ASM-001515,PROP-00505,CTY-007,2026,3707,2026-11-01,,outstanding
TAX-001516,ASM-001516,PROP-00506,CTY-007,2024,3743,2024-11-01,2024-10-23,paid
TAX-001517,ASM-001517,PROP-00506,CTY-007,2025,3763,2025-11-01,2025-10-08,paid
TAX-001518,ASM-001518,PROP-00506,CTY-007,2026,3779,2026-11-01,,outstanding
TAX-001519,ASM-001519,PROP-00507,CTY-007,2024,4176,2024-11-01,2024-10-17,paid
TAX-001520,ASM-001520,PROP-00507,CTY-007,2025,4201,2025-11-01,2025-09-25,paid
TAX-001521,ASM-001521,PROP-00507,CTY-007,2026,4212,2026-11-01,,outstanding
TAX-001522,ASM-001522,PROP-00508,CTY-007,2024,3267,2024-11-01,2024-10-16,paid
TAX-001523,ASM-001523,PROP-00508,CTY-007,2025,3276,2025-11-01,2025-10-13,paid
TAX-001524,ASM-001524,PROP-00508,CTY-007,2026,3286,2026-11-01,,outstanding
TAX-001525,ASM-001525,PROP-00509,CTY-007,2024,3297,2024-11-01,2024-10-27,paid
TAX-001526,ASM-001526,PROP-00509,CTY-007,2025,3309,2025-11-01,2025-10-16,paid
TAX-001527,ASM-001527,PROP-00509,CTY-007,2026,3326,2026-11-01,,outstanding
TAX-001528,ASM-001528,PROP-00510,CTY-007,2024,3625,2024-11-01,2024-10-12,paid
TAX-001529,ASM-001529,PROP-00510,CTY-007,2025,3643,2025-11-01,2025-10-08,paid
TAX-001530,ASM-001530,PROP-00510,CTY-007,2026,3653,2026-11-01,,outstanding
TAX-001531,ASM-001531,PROP-00511,CTY-007,2024,4026,2024-11-01,2024-09-24,paid
TAX-001532,ASM-001532,PROP-00511,CTY-007,2025,4039,2025-11-01,2025-09-24,paid
TAX-001533,ASM-001533,PROP-00511,CTY-007,2026,4055,2026-11-01,,outstanding
TAX-001534,ASM-001534,PROP-00512,CTY-007,2024,3493,2024-11-01,2024-10-22,paid
TAX-001535,ASM-001535,PROP-00512,CTY-007,2025,3504,2025-11-01,2025-10-16,paid
TAX-001536,ASM-001536,PROP-00512,CTY-007,2026,3517,2026-11-01,,outstanding
TAX-001537,ASM-001537,PROP-00513,CTY-007,2024,4476,2024-11-01,2024-10-31,paid
TAX-001538,ASM-001538,PROP-00513,CTY-007,2025,4492,2025-11-01,2025-10-06,paid
TAX-001539,ASM-001539,PROP-00513,CTY-007,2026,4513,2026-11-01,,outstanding
TAX-001540,ASM-001540,PROP-00514,CTY-007,2024,4321,2024-11-01,2024-10-19,paid
TAX-001541,ASM-001541,PROP-00514,CTY-007,2025,4341,2025-11-01,2025-10-31,paid
TAX-001542,ASM-001542,PROP-00514,CTY-007,2026,4354,2026-11-01,,outstanding
TAX-001543,ASM-001543,PROP-00515,CTY-007,2024,3984,2024-11-01,2024-10-29,paid
TAX-001544,ASM-001544,PROP-00515,CTY-007,2025,3995,2025-11-01,2025-10-03,paid
TAX-001545,ASM-001545,PROP-00515,CTY-007,2026,4009,2026-11-01,,outstanding
TAX-001546,ASM-001546,PROP-00516,CTY-007,2024,3381,2024-11-01,2024-09-29,paid
TAX-001547,ASM-001547,PROP-00516,CTY-007,2025,3399,2025-11-01,2025-10-14,paid
TAX-001548,ASM-001548,PROP-00516,CTY-007,2026,3412,2026-11-01,,outstanding
TAX-001549,ASM-001549,PROP-00517,CTY-007,2024,4170,2024-11-01,2024-10-08,paid
TAX-001550,ASM-001550,PROP-00517,CTY-007,2025,4193,2025-11-01,2025-10-16,paid
TAX-001551,ASM-001551,PROP-00517,CTY-007,2026,4213,2026-11-01,,outstanding
TAX-001552,ASM-001552,PROP-00518,CTY-007,2024,3388,2024-11-01,2024-09-24,paid
TAX-001553,ASM-001553,PROP-00518,CTY-007,2025,3398,2025-11-01,2025-10-17,paid
TAX-001554,ASM-001554,PROP-00518,CTY-007,2026,3415,2026-11-01,,outstanding
TAX-001555,ASM-001555,PROP-00519,CTY-007,2024,3748,2024-11-01,2024-09-24,paid
TAX-001556,ASM-001556,PROP-00519,CTY-007,2025,3764,2025-11-01,2025-09-27,paid
TAX-001557,ASM-001557,PROP-00519,CTY-007,2026,3776,2026-11-01,,outstanding
TAX-001558,ASM-001558,PROP-00520,CTY-007,2024,3643,2024-11-01,2024-09-24,paid
TAX-001559,ASM-001559,PROP-00520,CTY-007,2025,3665,2025-11-01,2025-10-22,paid
TAX-001560,ASM-001560,PROP-00520,CTY-007,2026,3676,2026-11-01,,outstanding
TAX-001561,ASM-001561,PROP-00521,CTY-007,2024,3434,2024-11-01,2024-09-23,paid
TAX-001562,ASM-001562,PROP-00521,CTY-007,2025,3452,2025-11-01,2025-10-05,paid
TAX-001563,ASM-001563,PROP-00521,CTY-007,2026,3467,2026-11-01,,outstanding
TAX-001564,ASM-001564,PROP-00522,CTY-007,2024,4293,2024-11-01,2024-10-05,paid
TAX-001565,ASM-001565,PROP-00522,CTY-007,2025,4311,2025-11-01,2025-10-12,paid
TAX-001566,ASM-001566,PROP-00522,CTY-007,2026,4330,2026-11-01,,outstanding
TAX-001567,ASM-001567,PROP-00523,CTY-007,2024,4461,2024-11-01,2024-09-29,paid
TAX-001568,ASM-001568,PROP-00523,CTY-007,2025,4486,2025-11-01,2025-10-12,paid
TAX-001569,ASM-001569,PROP-00523,CTY-007,2026,4509,2026-11-01,,outstanding
TAX-001570,ASM-001570,PROP-00524,CTY-007,2024,4323,2024-11-01,2024-10-31,paid
TAX-001571,ASM-001571,PROP-00524,CTY-007,2025,4348,2025-11-01,2025-09-27,paid
TAX-001572,ASM-001572,PROP-00524,CTY-007,2026,4368,2026-11-01,,outstanding
TAX-001573,ASM-001573,PROP-00525,CTY-007,2024,3803,2024-11-01,2024-10-18,paid
TAX-001574,ASM-001574,PROP-00525,CTY-007,2025,3822,2025-11-01,2025-10-03,paid
TAX-001575,ASM-001575,PROP-00525,CTY-007,2026,3842,2026-11-01,,outstanding
TAX-001576,ASM-001576,PROP-00526,CTY-007,2024,3337,2024-11-01,2024-10-24,paid
TAX-001577,ASM-001577,PROP-00526,CTY-007,2025,3347,2025-11-01,2025-09-26,paid
TAX-001578,ASM-001578,PROP-00526,CTY-007,2026,3359,2026-11-01,,outstanding
TAX-001579,ASM-001579,PROP-00527,CTY-007,2024,3550,2024-11-01,2024-10-27,paid
TAX-001580,ASM-001580,PROP-00527,CTY-007,2025,3565,2025-11-01,2025-10-13,paid
TAX-001581,ASM-001581,PROP-00527,CTY-007,2026,3584,2026-11-01,,outstanding
TAX-001582,ASM-001582,PROP-00528,CTY-007,2024,3090,2024-11-01,2024-10-30,paid
TAX-001583,ASM-001583,PROP-00528,CTY-007,2025,3106,2025-11-01,2025-09-25,paid
TAX-001584,ASM-001584,PROP-00528,CTY-007,2026,3123,2026-11-01,,outstanding
TAX-001585,ASM-001585,PROP-00529,CTY-007,2024,3812,2024-11-01,2024-10-11,paid
TAX-001586,ASM-001586,PROP-00529,CTY-007,2025,3824,2025-11-01,2025-10-23,paid
TAX-001587,ASM-001587,PROP-00529,CTY-007,2026,3834,2026-11-01,,outstanding
TAX-001588,ASM-001588,PROP-00530,CTY-007,2024,3812,2024-11-01,2024-09-25,paid
TAX-001589,ASM-001589,PROP-00530,CTY-007,2025,3821,2025-11-01,2025-10-27,paid
TAX-001590,ASM-001590,PROP-00530,CTY-007,2026,3836,2026-11-01,,outstanding
TAX-001591,ASM-001591,PROP-00531,CTY-007,2024,4117,2024-11-01,2024-10-19,paid
TAX-001592,ASM-001592,PROP-00531,CTY-007,2025,4141,2025-11-01,2025-10-04,paid
TAX-001593,ASM-001593,PROP-00531,CTY-007,2026,4163,2026-11-01,,outstanding
TAX-001594,ASM-001594,PROP-00532,CTY-007,2024,3748,2024-11-01,2024-10-29,paid
TAX-001595,ASM-001595,PROP-00532,CTY-007,2025,3759,2025-11-01,2025-10-20,paid
TAX-001596,ASM-001596,PROP-00532,CTY-007,2026,3781,2026-11-01,,outstanding
TAX-001597,ASM-001597,PROP-00533,CTY-007,2024,3570,2024-11-01,2024-09-26,paid
TAX-001598,ASM-001598,PROP-00533,CTY-007,2025,3585,2025-11-01,2025-10-28,paid
TAX-001599,ASM-001599,PROP-00533,CTY-007,2026,3599,2026-11-01,,outstanding
TAX-001600,ASM-001600,PROP-00534,CTY-007,2024,4126,2024-11-01,2024-10-19,paid
TAX-001601,ASM-001601,PROP-00534,CTY-007,2025,4141,2025-11-01,2025-09-23,paid
TAX-001602,ASM-001602,PROP-00534,CTY-007,2026,4159,2026-11-01,,outstanding
TAX-001603,ASM-001603,PROP-00535,CTY-007,2024,4002,2024-11-01,2024-10-26,paid
TAX-001604,ASM-001604,PROP-00535,CTY-007,2025,4016,2025-11-01,2025-10-10,paid
TAX-001605,ASM-001605,PROP-00535,CTY-007,2026,4034,2026-11-01,,outstanding
TAX-001606,ASM-001606,PROP-00536,CTY-007,2024,3547,2024-11-01,2024-10-06,paid
TAX-001607,ASM-001607,PROP-00536,CTY-007,2025,3562,2025-11-01,2025-10-07,paid
TAX-001608,ASM-001608,PROP-00536,CTY-007,2026,3575,2026-11-01,,outstanding
TAX-001609,ASM-001609,PROP-00537,CTY-007,2024,4098,2024-11-01,2024-10-07,paid
TAX-001610,ASM-001610,PROP-00537,CTY-007,2025,4120,2025-11-01,2025-10-26,paid
TAX-001611,ASM-001611,PROP-00537,CTY-007,2026,4142,2026-11-01,,outstanding
TAX-001612,ASM-001612,PROP-00538,CTY-007,2024,4312,2024-11-01,2024-10-13,paid
TAX-001613,ASM-001613,PROP-00538,CTY-007,2025,4331,2025-11-01,2025-10-11,paid
TAX-001614,ASM-001614,PROP-00538,CTY-007,2026,4343,2026-11-01,,outstanding
TAX-001615,ASM-001615,PROP-00539,CTY-007,2024,3422,2024-11-01,2024-09-24,paid
TAX-001616,ASM-001616,PROP-00539,CTY-007,2025,3439,2025-11-01,2025-10-28,paid
TAX-001617,ASM-001617,PROP-00539,CTY-007,2026,3455,2026-11-01,,outstanding
TAX-001618,ASM-001618,PROP-00540,CTY-007,2024,3425,2024-11-01,2024-10-08,paid
TAX-001619,ASM-001619,PROP-00540,CTY-007,2025,3443,2025-11-01,2025-10-05,paid
TAX-001620,ASM-001620,PROP-00540,CTY-007,2026,3461,2026-11-01,,outstanding
TAX-001621,ASM-001621,PROP-00541,CTY-007,2024,3611,2024-11-01,2024-09-30,paid
TAX-001622,ASM-001622,PROP-00541,CTY-007,2025,3628,2025-11-01,2025-10-11,paid
TAX-001623,ASM-001623,PROP-00541,CTY-007,2026,3642,2026-11-01,,outstanding
TAX-001624,ASM-001624,PROP-00542,CTY-007,2024,3964,2024-11-01,2024-10-10,paid
TAX-001625,ASM-001625,PROP-00542,CTY-007,2025,3980,2025-11-01,2025-09-24,paid
TAX-001626,ASM-001626,PROP-00542,CTY-007,2026,3993,2026-11-01,,outstanding
TAX-001627,ASM-001627,PROP-00543,CTY-007,2024,3497,2024-11-01,2024-10-16,paid
TAX-001628,ASM-001628,PROP-00543,CTY-007,2025,3506,2025-11-01,2025-10-12,paid
TAX-001629,ASM-001629,PROP-00543,CTY-007,2026,3522,2026-11-01,,outstanding
TAX-001630,ASM-001630,PROP-00544,CTY-007,2024,3729,2024-11-01,2024-09-27,paid
TAX-001631,ASM-001631,PROP-00544,CTY-007,2025,3747,2025-11-01,2025-10-01,paid
TAX-001632,ASM-001632,PROP-00544,CTY-007,2026,3764,2026-11-01,,outstanding
TAX-001633,ASM-001633,PROP-00545,CTY-007,2024,3257,2024-11-01,2024-09-28,paid
TAX-001634,ASM-001634,PROP-00545,CTY-007,2025,3271,2025-11-01,2025-10-03,paid
TAX-001635,ASM-001635,PROP-00545,CTY-007,2026,3280,2026-11-01,,outstanding
TAX-001636,ASM-001636,PROP-00546,CTY-007,2024,3685,2024-11-01,2024-10-11,paid
TAX-001637,ASM-001637,PROP-00546,CTY-007,2025,3705,2025-11-01,2025-10-23,paid
TAX-001638,ASM-001638,PROP-00546,CTY-007,2026,3723,2026-11-01,,outstanding
TAX-001639,ASM-001639,PROP-00547,CTY-007,2024,4484,2024-11-01,2024-10-23,paid
TAX-001640,ASM-001640,PROP-00547,CTY-007,2025,4499,2025-11-01,2025-09-30,paid
TAX-001641,ASM-001641,PROP-00547,CTY-007,2026,4518,2026-11-01,,outstanding
TAX-001642,ASM-001642,PROP-00548,CTY-011,2024,2926,2024-11-01,2024-10-03,paid
TAX-001643,ASM-001643,PROP-00548,CTY-011,2025,2938,2025-11-01,2025-10-21,paid
TAX-001644,ASM-001644,PROP-00548,CTY-011,2026,2948,2026-11-01,,outstanding
TAX-001645,ASM-001645,PROP-00549,CTY-011,2024,2552,2024-11-01,2024-09-26,paid
TAX-001646,ASM-001646,PROP-00549,CTY-011,2025,2558,2025-11-01,2025-09-23,paid
TAX-001647,ASM-001647,PROP-00549,CTY-011,2026,2570,2026-11-01,,outstanding
TAX-001648,ASM-001648,PROP-00550,CTY-011,2024,2504,2024-11-01,2024-10-30,paid
TAX-001649,ASM-001649,PROP-00550,CTY-011,2025,2517,2025-11-01,2025-10-03,paid
TAX-001650,ASM-001650,PROP-00550,CTY-011,2026,2532,2026-11-01,,outstanding
TAX-001651,ASM-001651,PROP-00551,CTY-011,2024,2949,2024-11-01,2024-10-09,paid
TAX-001652,ASM-001652,PROP-00551,CTY-011,2025,2958,2025-11-01,2025-10-28,paid
TAX-001653,ASM-001653,PROP-00551,CTY-011,2026,2975,2026-11-01,,outstanding
TAX-001654,ASM-001654,PROP-00552,CTY-011,2024,3061,2024-11-01,2024-09-23,paid
TAX-001655,ASM-001655,PROP-00552,CTY-011,2025,3074,2025-11-01,2025-10-23,paid
TAX-001656,ASM-001656,PROP-00552,CTY-011,2026,3086,2026-11-01,,outstanding
TAX-001657,ASM-001657,PROP-00553,CTY-011,2024,2223,2024-11-01,2024-09-24,paid
TAX-001658,ASM-001658,PROP-00553,CTY-011,2025,2229,2025-11-01,2025-09-23,paid
TAX-001659,ASM-001659,PROP-00553,CTY-011,2026,2237,2026-11-01,,outstanding
TAX-001660,ASM-001660,PROP-00554,CTY-011,2024,2403,2024-11-01,2024-09-29,paid
TAX-001661,ASM-001661,PROP-00554,CTY-011,2025,2417,2025-11-01,2025-10-17,paid
TAX-001662,ASM-001662,PROP-00554,CTY-011,2026,2428,2026-11-01,,outstanding
TAX-001663,ASM-001663,PROP-00555,CTY-011,2024,2659,2024-11-01,2024-10-05,paid
TAX-001664,ASM-001664,PROP-00555,CTY-011,2025,2672,2025-11-01,2025-10-01,paid
TAX-001665,ASM-001665,PROP-00555,CTY-011,2026,2685,2026-11-01,,outstanding
TAX-001666,ASM-001666,PROP-00556,CTY-011,2024,2370,2024-11-01,2024-10-16,paid
TAX-001667,ASM-001667,PROP-00556,CTY-011,2025,2376,2025-11-01,2025-10-02,paid
TAX-001668,ASM-001668,PROP-00556,CTY-011,2026,2385,2026-11-01,,outstanding
TAX-001669,ASM-001669,PROP-00557,CTY-011,2024,2970,2024-11-01,2024-10-25,paid
TAX-001670,ASM-001670,PROP-00557,CTY-011,2025,2978,2025-11-01,2025-10-16,paid
TAX-001671,ASM-001671,PROP-00557,CTY-011,2026,2994,2026-11-01,,outstanding
TAX-001672,ASM-001672,PROP-00558,CTY-011,2024,2645,2024-11-01,2024-10-21,paid
TAX-001673,ASM-001673,PROP-00558,CTY-011,2025,2652,2025-11-01,2025-10-29,paid
TAX-001674,ASM-001674,PROP-00558,CTY-011,2026,2666,2026-11-01,,outstanding
TAX-001675,ASM-001675,PROP-00559,CTY-011,2024,2910,2024-11-01,2024-10-24,paid
TAX-001676,ASM-001676,PROP-00559,CTY-011,2025,2919,2025-11-01,2025-09-26,paid
TAX-001677,ASM-001677,PROP-00559,CTY-011,2026,2932,2026-11-01,,outstanding
TAX-001678,ASM-001678,PROP-00560,CTY-011,2024,2434,2024-11-01,2024-09-25,paid
TAX-001679,ASM-001679,PROP-00560,CTY-011,2025,2442,2025-11-01,2025-10-10,paid
TAX-001680,ASM-001680,PROP-00560,CTY-011,2026,2453,2026-11-01,,outstanding
TAX-001681,ASM-001681,PROP-00561,CTY-011,2024,2740,2024-11-01,2024-10-22,paid
TAX-001682,ASM-001682,PROP-00561,CTY-011,2025,2750,2025-11-01,2025-10-01,paid
TAX-001683,ASM-001683,PROP-00561,CTY-011,2026,2757,2026-11-01,,outstanding
TAX-001684,ASM-001684,PROP-00562,CTY-011,2024,2552,2024-11-01,2024-09-22,paid
TAX-001685,ASM-001685,PROP-00562,CTY-011,2025,2559,2025-11-01,2025-10-23,paid
TAX-001686,ASM-001686,PROP-00562,CTY-011,2026,2567,2026-11-01,,outstanding
TAX-001687,ASM-001687,PROP-00563,CTY-011,2024,2327,2024-11-01,2024-10-30,paid
TAX-001688,ASM-001688,PROP-00563,CTY-011,2025,2337,2025-11-01,2025-10-12,paid
TAX-001689,ASM-001689,PROP-00563,CTY-011,2026,2344,2026-11-01,,outstanding
TAX-001690,ASM-001690,PROP-00564,CTY-011,2024,2179,2024-11-01,2024-10-16,paid
TAX-001691,ASM-001691,PROP-00564,CTY-011,2025,2190,2025-11-01,2025-10-09,paid
TAX-001692,ASM-001692,PROP-00564,CTY-011,2026,2196,2026-11-01,,outstanding
TAX-001693,ASM-001693,PROP-00565,CTY-011,2024,2539,2024-11-01,2024-10-04,paid
TAX-001694,ASM-001694,PROP-00565,CTY-011,2025,2553,2025-11-01,2025-10-12,paid
TAX-001695,ASM-001695,PROP-00565,CTY-011,2026,2563,2026-11-01,,outstanding
TAX-001696,ASM-001696,PROP-00566,CTY-011,2024,2493,2024-11-01,2024-09-29,paid
TAX-001697,ASM-001697,PROP-00566,CTY-011,2025,2503,2025-11-01,2025-09-26,paid
TAX-001698,ASM-001698,PROP-00566,CTY-011,2026,2514,2026-11-01,,outstanding
TAX-001699,ASM-001699,PROP-00567,CTY-011,2024,2599,2024-11-01,2024-10-14,paid
TAX-001700,ASM-001700,PROP-00567,CTY-011,2025,2607,2025-11-01,2025-10-17,paid
TAX-001701,ASM-001701,PROP-00567,CTY-011,2026,2615,2026-11-01,,outstanding
TAX-001702,ASM-001702,PROP-00568,CTY-011,2024,3024,2024-11-01,2024-10-08,paid
TAX-001703,ASM-001703,PROP-00568,CTY-011,2025,3036,2025-11-01,2025-10-03,paid
TAX-001704,ASM-001704,PROP-00568,CTY-011,2026,3047,2026-11-01,,outstanding
TAX-001705,ASM-001705,PROP-00569,CTY-011,2024,2824,2024-11-01,2024-10-10,paid
TAX-001706,ASM-001706,PROP-00569,CTY-011,2025,2833,2025-11-01,2025-10-07,paid
TAX-001707,ASM-001707,PROP-00569,CTY-011,2026,2844,2026-11-01,,outstanding
TAX-001708,ASM-001708,PROP-00570,CTY-011,2024,2326,2024-11-01,2024-09-27,paid
TAX-001709,ASM-001709,PROP-00570,CTY-011,2025,2332,2025-11-01,2025-10-13,paid
TAX-001710,ASM-001710,PROP-00570,CTY-011,2026,2340,2026-11-01,,outstanding
TAX-001711,ASM-001711,PROP-00571,CTY-011,2024,2408,2024-11-01,2024-10-25,paid
TAX-001712,ASM-001712,PROP-00571,CTY-011,2025,2420,2025-11-01,2025-10-31,paid
TAX-001713,ASM-001713,PROP-00571,CTY-011,2026,2432,2026-11-01,,outstanding
TAX-001714,ASM-001714,PROP-00572,CTY-011,2024,2172,2024-11-01,2024-09-24,paid
TAX-001715,ASM-001715,PROP-00572,CTY-011,2025,2180,2025-11-01,2025-10-24,paid
TAX-001716,ASM-001716,PROP-00572,CTY-011,2026,2191,2026-11-01,,outstanding
TAX-001717,ASM-001717,PROP-00573,CTY-011,2024,2745,2024-11-01,2024-10-06,paid
TAX-001718,ASM-001718,PROP-00573,CTY-011,2025,2755,2025-11-01,2025-10-17,paid
TAX-001719,ASM-001719,PROP-00573,CTY-011,2026,2765,2026-11-01,,outstanding
TAX-001720,ASM-001720,PROP-00574,CTY-011,2024,3182,2024-11-01,2024-10-11,paid
TAX-001721,ASM-001721,PROP-00574,CTY-011,2025,3199,2025-11-01,2025-10-01,paid
TAX-001722,ASM-001722,PROP-00574,CTY-011,2026,3215,2026-11-01,,outstanding
TAX-001723,ASM-001723,PROP-00575,CTY-011,2024,2407,2024-11-01,2024-10-23,paid
TAX-001724,ASM-001724,PROP-00575,CTY-011,2025,2417,2025-11-01,2025-10-05,paid
TAX-001725,ASM-001725,PROP-00575,CTY-011,2026,2423,2026-11-01,,outstanding
TAX-001726,ASM-001726,PROP-00576,CTY-011,2024,2484,2024-11-01,2024-10-30,paid
TAX-001727,ASM-001727,PROP-00576,CTY-011,2025,2495,2025-11-01,2025-10-06,paid
TAX-001728,ASM-001728,PROP-00576,CTY-011,2026,2506,2026-11-01,,outstanding
TAX-001729,ASM-001729,PROP-00577,CTY-011,2024,2426,2024-11-01,2024-10-15,paid
TAX-001730,ASM-001730,PROP-00577,CTY-011,2025,2433,2025-11-01,2025-09-25,paid
TAX-001731,ASM-001731,PROP-00577,CTY-011,2026,2443,2026-11-01,,outstanding
TAX-001732,ASM-001732,PROP-00578,CTY-011,2024,2382,2024-11-01,2024-10-08,paid
TAX-001733,ASM-001733,PROP-00578,CTY-011,2025,2395,2025-11-01,2025-10-28,paid
TAX-001734,ASM-001734,PROP-00578,CTY-011,2026,2404,2026-11-01,,outstanding
TAX-001735,ASM-001735,PROP-00579,CTY-011,2024,2928,2024-11-01,2024-10-07,paid
TAX-001736,ASM-001736,PROP-00579,CTY-011,2025,2940,2025-11-01,2025-10-27,paid
TAX-001737,ASM-001737,PROP-00579,CTY-011,2026,2952,2026-11-01,,outstanding
TAX-001738,ASM-001738,PROP-00580,CTY-011,2024,2820,2024-11-01,2024-10-19,paid
TAX-001739,ASM-001739,PROP-00580,CTY-011,2025,2835,2025-11-01,2025-10-10,paid
TAX-001740,ASM-001740,PROP-00580,CTY-011,2026,2842,2026-11-01,,outstanding
TAX-001741,ASM-001741,PROP-00581,CTY-011,2024,2110,2024-11-01,2024-10-08,paid
TAX-001742,ASM-001742,PROP-00581,CTY-011,2025,2122,2025-11-01,2025-10-26,paid
TAX-001743,ASM-001743,PROP-00581,CTY-011,2026,2127,2026-11-01,,outstanding
TAX-001744,ASM-001744,PROP-00582,CTY-011,2024,2796,2024-11-01,2024-10-05,paid
TAX-001745,ASM-001745,PROP-00582,CTY-011,2025,2813,2025-11-01,2025-09-24,paid
TAX-001746,ASM-001746,PROP-00582,CTY-011,2026,2824,2026-11-01,,outstanding
TAX-001747,ASM-001747,PROP-00583,CTY-011,2024,3053,2024-11-01,2024-10-16,paid
TAX-001748,ASM-001748,PROP-00583,CTY-011,2025,3069,2025-11-01,2025-10-15,paid
TAX-001749,ASM-001749,PROP-00583,CTY-011,2026,3077,2026-11-01,,outstanding
TAX-001750,ASM-001750,PROP-00584,CTY-011,2024,3070,2024-11-01,2024-09-27,paid
TAX-001751,ASM-001751,PROP-00584,CTY-011,2025,3082,2025-11-01,2025-09-23,paid
TAX-001752,ASM-001752,PROP-00584,CTY-011,2026,3097,2026-11-01,,outstanding
TAX-001753,ASM-001753,PROP-00585,CTY-011,2024,2906,2024-11-01,2024-10-27,paid
TAX-001754,ASM-001754,PROP-00585,CTY-011,2025,2919,2025-11-01,2025-09-23,paid
TAX-001755,ASM-001755,PROP-00585,CTY-011,2026,2928,2026-11-01,,outstanding
TAX-001756,ASM-001756,PROP-00586,CTY-011,2024,2571,2024-11-01,2024-10-20,paid
TAX-001757,ASM-001757,PROP-00586,CTY-011,2025,2580,2025-11-01,2025-10-14,paid
TAX-001758,ASM-001758,PROP-00586,CTY-011,2026,2588,2026-11-01,,outstanding
TAX-001759,ASM-001759,PROP-00587,CTY-011,2024,2402,2024-11-01,2024-10-14,paid
TAX-001760,ASM-001760,PROP-00587,CTY-011,2025,2411,2025-11-01,2025-10-07,paid
TAX-001761,ASM-001761,PROP-00587,CTY-011,2026,2418,2026-11-01,,outstanding
TAX-001762,ASM-001762,PROP-00588,CTY-011,2024,2169,2024-11-01,2024-10-07,paid
TAX-001763,ASM-001763,PROP-00588,CTY-011,2025,2181,2025-11-01,2025-10-13,paid
TAX-001764,ASM-001764,PROP-00588,CTY-011,2026,2190,2026-11-01,,outstanding
TAX-001765,ASM-001765,PROP-00589,CTY-011,2024,2965,2024-11-01,2024-10-19,paid
TAX-001766,ASM-001766,PROP-00589,CTY-011,2025,2978,2025-11-01,2025-10-06,paid
TAX-001767,ASM-001767,PROP-00589,CTY-011,2026,2990,2026-11-01,,outstanding
TAX-001768,ASM-001768,PROP-00590,CTY-011,2024,2300,2024-11-01,2024-09-27,paid
TAX-001769,ASM-001769,PROP-00590,CTY-011,2025,2310,2025-11-01,2025-09-26,paid
TAX-001770,ASM-001770,PROP-00590,CTY-011,2026,2322,2026-11-01,,outstanding
TAX-001771,ASM-001771,PROP-00591,CTY-011,2024,2863,2024-11-01,2024-10-09,paid
TAX-001772,ASM-001772,PROP-00591,CTY-011,2025,2875,2025-11-01,2025-09-22,paid
TAX-001773,ASM-001773,PROP-00591,CTY-011,2026,2882,2026-11-01,,outstanding
TAX-001774,ASM-001774,PROP-00592,CTY-011,2024,2577,2024-11-01,2024-10-24,paid
TAX-001775,ASM-001775,PROP-00592,CTY-011,2025,2588,2025-11-01,2025-10-11,paid
TAX-001776,ASM-001776,PROP-00592,CTY-011,2026,2603,2026-11-01,,outstanding
TAX-001777,ASM-001777,PROP-00593,CTY-011,2024,2775,2024-11-01,2024-10-25,paid
TAX-001778,ASM-001778,PROP-00593,CTY-011,2025,2781,2025-11-01,2025-10-08,paid
TAX-001779,ASM-001779,PROP-00593,CTY-011,2026,2791,2026-11-01,,outstanding
TAX-001780,ASM-001780,PROP-00594,CTY-011,2024,2708,2024-11-01,2024-10-11,paid
TAX-001781,ASM-001781,PROP-00594,CTY-011,2025,2723,2025-11-01,2025-11-01,paid
TAX-001782,ASM-001782,PROP-00594,CTY-011,2026,2738,2026-11-01,,outstanding
TAX-001783,ASM-001783,PROP-00595,CTY-011,2024,2983,2024-11-01,2024-10-27,paid
TAX-001784,ASM-001784,PROP-00595,CTY-011,2025,2996,2025-11-01,2025-11-01,paid
TAX-001785,ASM-001785,PROP-00595,CTY-011,2026,3011,2026-11-01,,outstanding
TAX-001786,ASM-001786,PROP-00596,CTY-011,2024,3105,2024-11-01,2024-10-04,paid
TAX-001787,ASM-001787,PROP-00596,CTY-011,2025,3123,2025-11-01,2025-10-14,paid
TAX-001788,ASM-001788,PROP-00596,CTY-011,2026,3130,2026-11-01,,outstanding
TAX-001789,ASM-001789,PROP-00597,CTY-012,2024,7786,2024-11-01,2024-10-31,paid
TAX-001790,ASM-001790,PROP-00597,CTY-012,2025,8542,2025-11-01,2025-10-22,paid
TAX-001791,ASM-001791,PROP-00597,CTY-012,2026,9491,2026-11-01,,outstanding
TAX-001792,ASM-001792,PROP-00598,CTY-012,2024,6909,2024-11-01,2024-10-14,paid
TAX-001793,ASM-001793,PROP-00598,CTY-012,2025,7654,2025-11-01,2025-10-19,paid
TAX-001794,ASM-001794,PROP-00598,CTY-012,2026,8355,2026-11-01,,outstanding
TAX-001795,ASM-001795,PROP-00599,CTY-012,2024,7519,2024-11-01,2024-10-10,paid
TAX-001796,ASM-001796,PROP-00599,CTY-012,2025,8127,2025-11-01,2025-10-15,paid
TAX-001797,ASM-001797,PROP-00599,CTY-012,2026,8598,2026-11-01,,outstanding
TAX-001798,ASM-001798,PROP-00600,CTY-012,2024,6377,2024-11-01,2024-09-25,paid
TAX-001799,ASM-001799,PROP-00600,CTY-012,2025,7008,2025-11-01,2025-09-22,paid
TAX-001800,ASM-001800,PROP-00600,CTY-012,2026,7447,2026-11-01,,outstanding
TAX-001801,ASM-001801,PROP-00601,CTY-012,2024,6369,2024-11-01,2024-10-05,paid
TAX-001802,ASM-001802,PROP-00601,CTY-012,2025,6869,2025-11-01,2025-09-30,paid
TAX-001803,ASM-001803,PROP-00601,CTY-012,2026,7384,2026-11-01,,outstanding
TAX-001804,ASM-001804,PROP-00602,CTY-012,2024,8408,2024-11-01,2024-10-18,paid
TAX-001805,ASM-001805,PROP-00602,CTY-012,2025,8992,2025-11-01,2025-09-25,paid
TAX-001806,ASM-001806,PROP-00602,CTY-012,2026,9562,2026-11-01,,outstanding
TAX-001807,ASM-001807,PROP-00603,CTY-012,2024,7353,2024-11-01,2024-10-21,paid
TAX-001808,ASM-001808,PROP-00603,CTY-012,2025,7436,2025-11-01,2025-10-09,paid
TAX-001809,ASM-001809,PROP-00603,CTY-012,2026,9067,2026-11-01,,outstanding
TAX-001810,ASM-001810,PROP-00604,CTY-012,2024,8649,2024-11-01,2024-10-24,paid
TAX-001811,ASM-001811,PROP-00604,CTY-012,2025,9218,2025-11-01,2025-10-17,paid
TAX-001812,ASM-001812,PROP-00604,CTY-012,2026,9965,2026-11-01,,outstanding
TAX-001813,ASM-001813,PROP-00605,CTY-012,2024,7511,2024-11-01,2024-10-16,paid
TAX-001814,ASM-001814,PROP-00605,CTY-012,2025,7933,2025-11-01,2025-10-29,paid
TAX-001815,ASM-001815,PROP-00605,CTY-012,2026,8480,2026-11-01,,outstanding
TAX-001816,ASM-001816,PROP-00606,CTY-012,2024,6970,2024-11-01,2024-10-19,paid
TAX-001817,ASM-001817,PROP-00606,CTY-012,2025,7452,2025-11-01,2025-10-01,paid
TAX-001818,ASM-001818,PROP-00606,CTY-012,2026,7873,2026-11-01,,outstanding
TAX-001819,ASM-001819,PROP-00607,CTY-012,2024,7246,2024-11-01,2024-09-23,paid
TAX-001820,ASM-001820,PROP-00607,CTY-012,2025,7679,2025-11-01,2025-10-12,paid
TAX-001821,ASM-001821,PROP-00607,CTY-012,2026,8534,2026-11-01,,outstanding
TAX-001822,ASM-001822,PROP-00608,CTY-012,2024,6601,2024-11-01,2024-10-03,paid
TAX-001823,ASM-001823,PROP-00608,CTY-012,2025,7166,2025-11-01,2025-10-13,paid
TAX-001824,ASM-001824,PROP-00608,CTY-012,2026,7743,2026-11-01,,outstanding
TAX-001825,ASM-001825,PROP-00609,CTY-012,2024,6848,2024-11-01,2024-10-15,paid
TAX-001826,ASM-001826,PROP-00609,CTY-012,2025,7360,2025-11-01,2025-10-09,paid
TAX-001827,ASM-001827,PROP-00609,CTY-012,2026,7861,2026-11-01,,outstanding
TAX-001828,ASM-001828,PROP-00610,CTY-012,2024,7562,2024-11-01,2024-09-24,paid
TAX-001829,ASM-001829,PROP-00610,CTY-012,2025,8082,2025-11-01,2025-10-07,paid
TAX-001830,ASM-001830,PROP-00610,CTY-012,2026,9122,2026-11-01,,outstanding
TAX-001831,ASM-001831,PROP-00611,CTY-012,2024,6820,2024-11-01,2024-10-30,paid
TAX-001832,ASM-001832,PROP-00611,CTY-012,2025,7439,2025-11-01,2025-09-26,paid
TAX-001833,ASM-001833,PROP-00611,CTY-012,2026,7867,2026-11-01,,outstanding
TAX-001834,ASM-001834,PROP-00612,CTY-012,2024,6741,2024-11-01,2024-10-25,paid
TAX-001835,ASM-001835,PROP-00612,CTY-012,2025,7486,2025-11-01,2025-10-15,paid
TAX-001836,ASM-001836,PROP-00612,CTY-012,2026,8142,2026-11-01,,outstanding
TAX-001837,ASM-001837,PROP-00613,CTY-012,2024,7766,2024-11-01,2024-09-26,paid
TAX-001838,ASM-001838,PROP-00613,CTY-012,2025,8706,2025-11-01,2025-10-03,paid
TAX-001839,ASM-001839,PROP-00613,CTY-012,2026,9624,2026-11-01,,outstanding
TAX-001840,ASM-001840,PROP-00614,CTY-012,2024,6885,2024-11-01,2024-10-04,paid
TAX-001841,ASM-001841,PROP-00614,CTY-012,2025,7539,2025-11-01,2025-10-05,paid
TAX-001842,ASM-001842,PROP-00614,CTY-012,2026,8162,2026-11-01,,outstanding
TAX-001843,ASM-001843,PROP-00615,CTY-012,2024,8790,2024-11-01,2024-09-24,paid
TAX-001844,ASM-001844,PROP-00615,CTY-012,2025,9576,2025-11-01,2025-10-14,paid
TAX-001845,ASM-001845,PROP-00615,CTY-012,2026,10297,2026-11-01,,outstanding
TAX-001846,ASM-001846,PROP-00616,CTY-012,2024,7796,2024-11-01,2024-10-24,paid
TAX-001847,ASM-001847,PROP-00616,CTY-012,2025,7835,2025-11-01,2025-10-14,paid
TAX-001848,ASM-001848,PROP-00616,CTY-012,2026,9062,2026-11-01,,outstanding
TAX-001849,ASM-001849,PROP-00617,CTY-012,2024,9497,2024-11-01,2024-10-25,paid
TAX-001850,ASM-001850,PROP-00617,CTY-012,2025,10346,2025-11-01,2025-10-07,paid
TAX-001851,ASM-001851,PROP-00617,CTY-012,2026,11520,2026-11-01,,outstanding
TAX-001852,ASM-001852,PROP-00618,CTY-012,2024,9140,2024-11-01,2024-10-31,paid
TAX-001853,ASM-001853,PROP-00618,CTY-012,2025,9898,2025-11-01,2025-10-14,paid
TAX-001854,ASM-001854,PROP-00618,CTY-012,2026,10552,2026-11-01,,outstanding
TAX-001855,ASM-001855,PROP-00619,CTY-012,2024,7922,2024-11-01,2024-09-27,paid
TAX-001856,ASM-001856,PROP-00619,CTY-012,2025,8937,2025-11-01,2025-09-28,paid
TAX-001857,ASM-001857,PROP-00619,CTY-012,2026,9410,2026-11-01,,outstanding
TAX-001858,ASM-001858,PROP-00620,CTY-012,2024,8436,2024-11-01,2024-10-22,paid
TAX-001859,ASM-001859,PROP-00620,CTY-012,2025,9076,2025-11-01,2025-09-29,paid
TAX-001860,ASM-001860,PROP-00620,CTY-012,2026,9763,2026-11-01,,outstanding
TAX-001861,ASM-001861,PROP-00621,CTY-012,2024,6604,2024-11-01,2024-10-19,paid
TAX-001862,ASM-001862,PROP-00621,CTY-012,2025,6951,2025-11-01,2025-10-14,paid
TAX-001863,ASM-001863,PROP-00621,CTY-012,2026,7321,2026-11-01,,outstanding
TAX-001864,ASM-001864,PROP-00622,CTY-013,2024,9904,2024-11-01,2024-10-31,paid
TAX-001865,ASM-001865,PROP-00622,CTY-013,2025,11041,2025-11-01,2025-10-28,paid
TAX-001866,ASM-001866,PROP-00622,CTY-013,2026,12270,2026-11-01,,outstanding
TAX-001867,ASM-001867,PROP-00623,CTY-013,2024,8716,2024-11-01,2024-10-04,paid
TAX-001868,ASM-001868,PROP-00623,CTY-013,2025,9259,2025-11-01,2025-10-06,paid
TAX-001869,ASM-001869,PROP-00623,CTY-013,2026,10103,2026-11-01,,outstanding
TAX-001870,ASM-001870,PROP-00624,CTY-013,2024,8800,2024-11-01,2024-10-27,paid
TAX-001871,ASM-001871,PROP-00624,CTY-013,2025,9525,2025-11-01,2025-09-30,paid
TAX-001872,ASM-001872,PROP-00624,CTY-013,2026,10392,2026-11-01,,outstanding
TAX-001873,ASM-001873,PROP-00625,CTY-013,2024,9128,2024-11-01,2024-10-16,paid
TAX-001874,ASM-001874,PROP-00625,CTY-013,2025,9974,2025-11-01,2025-10-26,paid
TAX-001875,ASM-001875,PROP-00625,CTY-013,2026,10879,2026-11-01,,outstanding
TAX-001876,ASM-001876,PROP-00626,CTY-013,2024,8045,2024-11-01,2024-10-17,paid
TAX-001877,ASM-001877,PROP-00626,CTY-013,2025,8492,2025-11-01,2025-10-28,paid
TAX-001878,ASM-001878,PROP-00626,CTY-013,2026,9335,2026-11-01,,outstanding
TAX-001879,ASM-001879,PROP-00627,CTY-013,2024,10933,2024-11-01,2024-09-30,paid
TAX-001880,ASM-001880,PROP-00627,CTY-013,2025,11563,2025-11-01,2025-10-28,paid
TAX-001881,ASM-001881,PROP-00627,CTY-013,2026,12363,2026-11-01,,outstanding
TAX-001882,ASM-001882,PROP-00628,CTY-013,2024,9230,2024-11-01,2024-10-01,paid
TAX-001883,ASM-001883,PROP-00628,CTY-013,2025,9924,2025-11-01,2025-10-22,paid
TAX-001884,ASM-001884,PROP-00628,CTY-013,2026,11132,2026-11-01,,outstanding
TAX-001885,ASM-001885,PROP-00629,CTY-013,2024,12330,2024-11-01,2024-09-27,paid
TAX-001886,ASM-001886,PROP-00629,CTY-013,2025,13155,2025-11-01,2025-09-23,paid
TAX-001887,ASM-001887,PROP-00629,CTY-013,2026,14798,2026-11-01,,outstanding
TAX-001888,ASM-001888,PROP-00630,CTY-013,2024,12937,2024-11-01,2024-09-23,paid
TAX-001889,ASM-001889,PROP-00630,CTY-013,2025,13924,2025-11-01,2025-11-01,paid
TAX-001890,ASM-001890,PROP-00630,CTY-013,2026,15280,2026-11-01,,outstanding
TAX-001891,ASM-001891,PROP-00631,CTY-013,2024,9897,2024-11-01,2024-09-30,paid
TAX-001892,ASM-001892,PROP-00631,CTY-013,2025,10476,2025-11-01,2025-10-11,paid
TAX-001893,ASM-001893,PROP-00631,CTY-013,2026,11510,2026-11-01,,outstanding
TAX-001894,ASM-001894,PROP-00632,CTY-013,2024,9868,2024-11-01,2024-10-25,paid
TAX-001895,ASM-001895,PROP-00632,CTY-013,2025,10503,2025-11-01,2025-10-13,paid
TAX-001896,ASM-001896,PROP-00632,CTY-013,2026,11309,2026-11-01,,outstanding
TAX-001897,ASM-001897,PROP-00633,CTY-013,2024,7782,2024-11-01,2024-10-09,paid
TAX-001898,ASM-001898,PROP-00633,CTY-013,2025,8448,2025-11-01,2025-09-26,paid
TAX-001899,ASM-001899,PROP-00633,CTY-013,2026,9023,2026-11-01,,outstanding
TAX-001900,ASM-001900,PROP-00634,CTY-013,2024,11246,2024-11-01,2024-09-28,paid
TAX-001901,ASM-001901,PROP-00634,CTY-013,2025,11913,2025-11-01,2025-10-08,paid
TAX-001902,ASM-001902,PROP-00634,CTY-013,2026,13257,2026-11-01,,outstanding
TAX-001903,ASM-001903,PROP-00635,CTY-013,2024,8471,2024-11-01,2024-11-01,paid
TAX-001904,ASM-001904,PROP-00635,CTY-013,2025,9556,2025-11-01,2025-09-23,paid
TAX-001905,ASM-001905,PROP-00635,CTY-013,2026,10372,2026-11-01,,outstanding
TAX-001906,ASM-001906,PROP-00636,CTY-013,2024,9976,2024-11-01,2024-10-31,paid
TAX-001907,ASM-001907,PROP-00636,CTY-013,2025,11062,2025-11-01,2025-10-21,paid
TAX-001908,ASM-001908,PROP-00636,CTY-013,2026,12059,2026-11-01,,outstanding
TAX-001909,ASM-001909,PROP-00637,CTY-013,2024,9381,2024-11-01,2024-10-10,paid
TAX-001910,ASM-001910,PROP-00637,CTY-013,2025,10553,2025-11-01,2025-10-01,paid
TAX-001911,ASM-001911,PROP-00637,CTY-013,2026,11367,2026-11-01,,outstanding
TAX-001912,ASM-001912,PROP-00638,CTY-013,2024,8375,2024-11-01,2024-10-17,paid
TAX-001913,ASM-001913,PROP-00638,CTY-013,2025,9110,2025-11-01,2025-10-13,paid
TAX-001914,ASM-001914,PROP-00638,CTY-013,2026,9765,2026-11-01,,outstanding
TAX-001915,ASM-001915,PROP-00639,CTY-013,2024,6789,2024-11-01,2024-10-15,paid
TAX-001916,ASM-001916,PROP-00639,CTY-013,2025,7208,2025-11-01,2025-10-22,paid
TAX-001917,ASM-001917,PROP-00639,CTY-013,2026,7640,2026-11-01,,outstanding
TAX-001918,ASM-001918,PROP-00640,CTY-013,2024,9050,2024-11-01,2024-10-29,paid
TAX-001919,ASM-001919,PROP-00640,CTY-013,2025,10144,2025-11-01,2025-10-22,paid
TAX-001920,ASM-001920,PROP-00640,CTY-013,2026,11444,2026-11-01,,outstanding
TAX-001921,ASM-001921,PROP-00641,CTY-013,2024,8721,2024-11-01,2024-10-22,paid
TAX-001922,ASM-001922,PROP-00641,CTY-013,2025,9172,2025-11-01,2025-10-13,paid
TAX-001923,ASM-001923,PROP-00641,CTY-013,2026,9743,2026-11-01,,outstanding
TAX-001924,ASM-001924,PROP-00642,CTY-013,2024,8569,2024-11-01,2024-10-06,paid
TAX-001925,ASM-001925,PROP-00642,CTY-013,2025,9187,2025-11-01,2025-10-04,paid
TAX-001926,ASM-001926,PROP-00642,CTY-013,2026,10464,2026-11-01,,outstanding
TAX-001927,ASM-001927,PROP-00643,CTY-013,2024,9578,2024-11-01,2024-11-01,paid
TAX-001928,ASM-001928,PROP-00643,CTY-013,2025,10103,2025-11-01,2025-09-25,paid
TAX-001929,ASM-001929,PROP-00643,CTY-013,2026,11362,2026-11-01,,outstanding
TAX-001930,ASM-001930,PROP-00644,CTY-013,2024,7438,2024-11-01,2024-10-21,paid
TAX-001931,ASM-001931,PROP-00644,CTY-013,2025,8104,2025-11-01,2025-10-07,paid
TAX-001932,ASM-001932,PROP-00644,CTY-013,2026,9025,2026-11-01,,outstanding
TAX-001933,ASM-001933,PROP-00645,CTY-013,2024,11072,2024-11-01,2024-10-27,paid
TAX-001934,ASM-001934,PROP-00645,CTY-013,2025,12329,2025-11-01,2025-10-19,paid
TAX-001935,ASM-001935,PROP-00645,CTY-013,2026,13169,2026-11-01,,outstanding
TAX-001936,ASM-001936,PROP-00646,CTY-013,2024,8191,2024-11-01,2024-10-12,paid
TAX-001937,ASM-001937,PROP-00646,CTY-013,2025,8970,2025-11-01,2025-10-13,paid
TAX-001938,ASM-001938,PROP-00646,CTY-013,2026,10037,2026-11-01,,outstanding
TAX-001939,ASM-001939,PROP-00647,CTY-013,2024,10013,2024-11-01,2024-10-02,paid
TAX-001940,ASM-001940,PROP-00647,CTY-013,2025,10679,2025-11-01,2025-10-23,paid
TAX-001941,ASM-001941,PROP-00647,CTY-013,2026,12047,2026-11-01,,outstanding
TAX-001942,ASM-001942,PROP-00648,CTY-013,2024,10056,2024-11-01,2024-10-20,paid
TAX-001943,ASM-001943,PROP-00648,CTY-013,2025,10732,2025-11-01,2025-10-17,paid
TAX-001944,ASM-001944,PROP-00648,CTY-013,2026,11481,2026-11-01,,outstanding
TAX-001945,ASM-001945,PROP-00649,CTY-013,2024,10568,2024-11-01,2024-10-25,paid
TAX-001946,ASM-001946,PROP-00649,CTY-013,2025,11689,2025-11-01,2025-10-20,paid
TAX-001947,ASM-001947,PROP-00649,CTY-013,2026,12859,2026-11-01,,outstanding
TAX-001948,ASM-001948,PROP-00650,CTY-013,2024,7473,2024-11-01,2024-10-06,paid
TAX-001949,ASM-001949,PROP-00650,CTY-013,2025,8403,2025-11-01,2025-10-10,paid
TAX-001950,ASM-001950,PROP-00650,CTY-013,2026,9127,2026-11-01,,outstanding
TAX-001951,ASM-001951,PROP-00651,CTY-013,2024,7737,2024-11-01,2024-10-10,paid
TAX-001952,ASM-001952,PROP-00651,CTY-013,2025,8180,2025-11-01,2025-09-28,paid
TAX-001953,ASM-001953,PROP-00651,CTY-013,2026,9040,2026-11-01,,outstanding
TAX-001954,ASM-001954,PROP-00652,CTY-013,2024,9906,2024-11-01,2024-10-25,paid
TAX-001955,ASM-001955,PROP-00652,CTY-013,2025,11041,2025-11-01,2025-10-19,paid
TAX-001956,ASM-001956,PROP-00652,CTY-013,2026,12219,2026-11-01,,outstanding
TAX-001957,ASM-001957,PROP-00653,CTY-013,2024,8559,2024-11-01,2024-10-21,paid
TAX-001958,ASM-001958,PROP-00653,CTY-013,2025,9486,2025-11-01,2025-10-13,paid
TAX-001959,ASM-001959,PROP-00653,CTY-013,2026,10293,2026-11-01,,outstanding
TAX-001960,ASM-001960,PROP-00654,CTY-013,2024,10075,2024-11-01,2024-10-25,paid
TAX-001961,ASM-001961,PROP-00654,CTY-013,2025,11090,2025-11-01,2025-09-26,paid
TAX-001962,ASM-001962,PROP-00654,CTY-013,2026,11774,2026-11-01,,outstanding
TAX-001963,ASM-001963,PROP-00655,CTY-013,2024,8401,2024-11-01,2024-10-23,paid
TAX-001964,ASM-001964,PROP-00655,CTY-013,2025,9422,2025-11-01,2025-10-22,paid
TAX-001965,ASM-001965,PROP-00655,CTY-013,2026,10347,2026-11-01,,outstanding
TAX-001966,ASM-001966,PROP-00656,CTY-013,2024,12166,2024-11-01,2024-10-09,paid
TAX-001967,ASM-001967,PROP-00656,CTY-013,2025,13433,2025-11-01,2025-10-18,paid
TAX-001968,ASM-001968,PROP-00656,CTY-013,2026,14254,2026-11-01,,outstanding
TAX-001969,ASM-001969,PROP-00657,CTY-014,2024,6251,2024-11-01,2024-10-29,paid
TAX-001970,ASM-001970,PROP-00657,CTY-014,2025,7115,2025-11-01,2025-10-29,paid
TAX-001971,ASM-001971,PROP-00657,CTY-014,2026,7590,2026-11-01,,outstanding
TAX-001972,ASM-001972,PROP-00658,CTY-014,2024,5964,2024-11-01,2024-10-24,paid
TAX-001973,ASM-001973,PROP-00658,CTY-014,2025,6353,2025-11-01,2025-10-01,paid
TAX-001974,ASM-001974,PROP-00658,CTY-014,2026,6785,2026-11-01,,outstanding
TAX-001975,ASM-001975,PROP-00659,CTY-014,2024,5650,2024-11-01,2024-10-05,paid
TAX-001976,ASM-001976,PROP-00659,CTY-014,2025,5988,2025-11-01,2025-10-05,paid
TAX-001977,ASM-001977,PROP-00659,CTY-014,2026,6379,2026-11-01,,outstanding
TAX-001978,ASM-001978,PROP-00660,CTY-014,2024,6103,2024-11-01,2024-10-09,paid
TAX-001979,ASM-001979,PROP-00660,CTY-014,2025,6671,2025-11-01,2025-10-28,paid
TAX-001980,ASM-001980,PROP-00660,CTY-014,2026,7294,2026-11-01,,outstanding
TAX-001981,ASM-001981,PROP-00661,CTY-014,2024,7753,2024-11-01,2024-10-01,paid
TAX-001982,ASM-001982,PROP-00661,CTY-014,2025,8658,2025-11-01,2025-10-03,paid
TAX-001983,ASM-001983,PROP-00661,CTY-014,2026,9167,2026-11-01,,outstanding
TAX-001984,ASM-001984,PROP-00662,CTY-014,2024,5286,2024-11-01,2024-10-06,paid
TAX-001985,ASM-001985,PROP-00662,CTY-014,2025,5958,2025-11-01,2025-10-31,paid
TAX-001986,ASM-001986,PROP-00662,CTY-014,2026,6798,2026-11-01,,outstanding
TAX-001987,ASM-001987,PROP-00663,CTY-014,2024,5061,2024-11-01,2024-10-25,paid
TAX-001988,ASM-001988,PROP-00663,CTY-014,2025,5482,2025-11-01,2025-10-26,paid
TAX-001989,ASM-001989,PROP-00663,CTY-014,2026,5700,2026-11-01,,outstanding
TAX-001990,ASM-001990,PROP-00664,CTY-014,2024,7320,2024-11-01,2024-10-20,paid
TAX-001991,ASM-001991,PROP-00664,CTY-014,2025,8367,2025-11-01,2025-09-23,paid
TAX-001992,ASM-001992,PROP-00664,CTY-014,2026,9494,2026-11-01,,outstanding
TAX-001993,ASM-001993,PROP-00665,CTY-014,2024,6071,2024-11-01,2024-10-31,paid
TAX-001994,ASM-001994,PROP-00665,CTY-014,2025,6790,2025-11-01,2025-10-15,paid
TAX-001995,ASM-001995,PROP-00665,CTY-014,2026,7629,2026-11-01,,outstanding
TAX-001996,ASM-001996,PROP-00666,CTY-014,2024,6262,2024-11-01,2024-10-26,paid
TAX-001997,ASM-001997,PROP-00666,CTY-014,2025,6652,2025-11-01,2025-10-14,paid
TAX-001998,ASM-001998,PROP-00666,CTY-014,2026,7436,2026-11-01,,outstanding
TAX-001999,ASM-001999,PROP-00667,CTY-014,2024,6486,2024-11-01,2024-10-13,paid
TAX-002000,ASM-002000,PROP-00667,CTY-014,2025,7026,2025-11-01,2025-09-25,paid
TAX-002001,ASM-002001,PROP-00667,CTY-014,2026,7997,2026-11-01,,outstanding
TAX-002002,ASM-002002,PROP-00668,CTY-014,2024,6944,2024-11-01,2024-10-05,paid
TAX-002003,ASM-002003,PROP-00668,CTY-014,2025,7681,2025-11-01,2025-10-01,paid
TAX-002004,ASM-002004,PROP-00668,CTY-014,2026,8404,2026-11-01,,outstanding
TAX-002005,ASM-002005,PROP-00669,CTY-014,2024,6541,2024-11-01,2024-10-04,paid
TAX-002006,ASM-002006,PROP-00669,CTY-014,2025,6945,2025-11-01,2025-09-30,paid
TAX-002007,ASM-002007,PROP-00669,CTY-014,2026,7887,2026-11-01,,outstanding
TAX-002008,ASM-002008,PROP-00670,CTY-014,2024,5635,2024-11-01,2024-10-11,paid
TAX-002009,ASM-002009,PROP-00670,CTY-014,2025,6256,2025-11-01,2025-09-26,paid
TAX-002010,ASM-002010,PROP-00670,CTY-014,2026,7158,2026-11-01,,outstanding
TAX-002011,ASM-002011,PROP-00671,CTY-014,2024,4959,2024-11-01,2024-10-08,paid
TAX-002012,ASM-002012,PROP-00671,CTY-014,2025,5589,2025-11-01,2025-10-23,paid
TAX-002013,ASM-002013,PROP-00671,CTY-014,2026,6184,2026-11-01,,outstanding
TAX-002014,ASM-002014,PROP-00672,CTY-014,2024,4975,2024-11-01,2024-10-22,paid
TAX-002015,ASM-002015,PROP-00672,CTY-014,2025,4916,2025-11-01,2025-10-28,paid
TAX-002016,ASM-002016,PROP-00672,CTY-014,2026,6020,2026-11-01,,outstanding
TAX-002017,ASM-002017,PROP-00673,CTY-014,2024,5759,2024-11-01,2024-10-14,paid
TAX-002018,ASM-002018,PROP-00673,CTY-014,2025,6458,2025-11-01,2025-10-03,paid
TAX-002019,ASM-002019,PROP-00673,CTY-014,2026,7076,2026-11-01,,outstanding
TAX-002020,ASM-002020,PROP-00674,CTY-014,2024,5601,2024-11-01,2024-10-15,paid
TAX-002021,ASM-002021,PROP-00674,CTY-014,2025,6321,2025-11-01,2025-10-30,paid
TAX-002022,ASM-002022,PROP-00674,CTY-014,2026,6784,2026-11-01,,outstanding
TAX-002023,ASM-002023,PROP-00675,CTY-014,2024,6571,2024-11-01,2024-10-03,paid
TAX-002024,ASM-002024,PROP-00675,CTY-014,2025,7374,2025-11-01,2025-10-31,paid
TAX-002025,ASM-002025,PROP-00675,CTY-014,2026,8270,2026-11-01,,outstanding
TAX-002026,ASM-002026,PROP-00676,CTY-014,2024,4797,2024-11-01,2024-09-28,paid
TAX-002027,ASM-002027,PROP-00676,CTY-014,2025,5418,2025-11-01,2025-10-15,paid
TAX-002028,ASM-002028,PROP-00676,CTY-014,2026,5820,2026-11-01,,outstanding
TAX-002029,ASM-002029,PROP-00677,CTY-014,2024,6006,2024-11-01,2024-10-14,paid
TAX-002030,ASM-002030,PROP-00677,CTY-014,2025,6473,2025-11-01,2025-10-31,paid
TAX-002031,ASM-002031,PROP-00677,CTY-014,2026,7278,2026-11-01,,outstanding
TAX-002032,ASM-002032,PROP-00678,CTY-014,2024,6002,2024-11-01,2024-10-16,paid
TAX-002033,ASM-002033,PROP-00678,CTY-014,2025,6429,2025-11-01,2025-10-17,paid
TAX-002034,ASM-002034,PROP-00678,CTY-014,2026,7151,2026-11-01,,outstanding
TAX-002035,ASM-002035,PROP-00679,CTY-014,2024,5840,2024-11-01,2024-10-19,paid
TAX-002036,ASM-002036,PROP-00679,CTY-014,2025,6646,2025-11-01,2025-10-19,paid
TAX-002037,ASM-002037,PROP-00679,CTY-014,2026,7579,2026-11-01,,outstanding
TAX-002038,ASM-002038,PROP-00680,CTY-014,2024,5740,2024-11-01,2024-10-30,paid
TAX-002039,ASM-002039,PROP-00680,CTY-014,2025,6332,2025-11-01,2025-10-15,paid
TAX-002040,ASM-002040,PROP-00680,CTY-014,2026,7011,2026-11-01,,outstanding
TAX-002041,ASM-002041,PROP-00681,CTY-014,2024,5583,2024-11-01,2024-09-30,paid
TAX-002042,ASM-002042,PROP-00681,CTY-014,2025,6250,2025-11-01,2025-10-13,paid
TAX-002043,ASM-002043,PROP-00681,CTY-014,2026,6651,2026-11-01,,outstanding
TAX-002044,ASM-002044,PROP-00682,CTY-014,2024,7800,2024-11-01,2024-10-07,paid
TAX-002045,ASM-002045,PROP-00682,CTY-014,2025,8349,2025-11-01,2025-11-01,paid
TAX-002046,ASM-002046,PROP-00682,CTY-014,2026,9173,2026-11-01,,outstanding
TAX-002047,ASM-002047,PROP-00683,CTY-014,2024,6390,2024-11-01,2024-10-28,paid
TAX-002048,ASM-002048,PROP-00683,CTY-014,2025,6960,2025-11-01,2025-10-06,paid
TAX-002049,ASM-002049,PROP-00683,CTY-014,2026,7506,2026-11-01,,outstanding
TAX-002050,ASM-002050,PROP-00684,CTY-014,2024,5747,2024-11-01,2024-09-24,paid
TAX-002051,ASM-002051,PROP-00684,CTY-014,2025,6553,2025-11-01,2025-10-10,paid
TAX-002052,ASM-002052,PROP-00684,CTY-014,2026,6706,2026-11-01,,outstanding
TAX-002053,ASM-002053,PROP-00685,CTY-014,2024,6802,2024-11-01,2024-09-30,paid
TAX-002054,ASM-002054,PROP-00685,CTY-014,2025,7309,2025-11-01,2025-09-27,paid
TAX-002055,ASM-002055,PROP-00685,CTY-014,2026,8139,2026-11-01,,outstanding
TAX-002056,ASM-002056,PROP-00686,CTY-014,2024,6051,2024-11-01,2024-10-05,paid
TAX-002057,ASM-002057,PROP-00686,CTY-014,2025,6660,2025-11-01,2025-09-23,paid
TAX-002058,ASM-002058,PROP-00686,CTY-014,2026,7124,2026-11-01,,outstanding
TAX-002059,ASM-002059,PROP-00687,CTY-014,2024,5915,2024-11-01,2024-10-11,paid
TAX-002060,ASM-002060,PROP-00687,CTY-014,2025,6565,2025-11-01,2025-10-12,paid
TAX-002061,ASM-002061,PROP-00687,CTY-014,2026,7451,2026-11-01,,outstanding
TAX-002062,ASM-002062,PROP-00688,CTY-014,2024,6711,2024-11-01,2024-10-26,paid
TAX-002063,ASM-002063,PROP-00688,CTY-014,2025,7634,2025-11-01,2025-10-06,paid
TAX-002064,ASM-002064,PROP-00688,CTY-014,2026,8374,2026-11-01,,outstanding
TAX-002065,ASM-002065,PROP-00689,CTY-014,2024,5521,2024-11-01,2024-10-27,paid
TAX-002066,ASM-002066,PROP-00689,CTY-014,2025,5873,2025-11-01,2025-10-09,paid
TAX-002067,ASM-002067,PROP-00689,CTY-014,2026,6654,2026-11-01,,outstanding
TAX-002068,ASM-002068,PROP-00690,CTY-014,2024,5921,2024-11-01,2024-09-28,paid
TAX-002069,ASM-002069,PROP-00690,CTY-014,2025,6440,2025-11-01,2025-10-27,paid
TAX-002070,ASM-002070,PROP-00690,CTY-014,2026,7053,2026-11-01,,outstanding
TAX-002071,ASM-002071,PROP-00691,CTY-014,2024,6379,2024-11-01,2024-10-18,paid
TAX-002072,ASM-002072,PROP-00691,CTY-014,2025,6950,2025-11-01,2025-10-04,paid
TAX-002073,ASM-002073,PROP-00691,CTY-014,2026,7255,2026-11-01,,outstanding
TAX-002074,ASM-002074,PROP-00692,CTY-014,2024,5781,2024-11-01,2024-10-25,paid
TAX-002075,ASM-002075,PROP-00692,CTY-014,2025,6563,2025-11-01,2025-10-05,paid
TAX-002076,ASM-002076,PROP-00692,CTY-014,2026,6973,2026-11-01,,outstanding
TAX-002077,ASM-002077,PROP-00693,CTY-014,2024,7020,2024-11-01,2024-10-27,paid
TAX-002078,ASM-002078,PROP-00693,CTY-014,2025,7919,2025-11-01,2025-09-22,paid
TAX-002079,ASM-002079,PROP-00693,CTY-014,2026,8342,2026-11-01,,outstanding
TAX-002080,ASM-002080,PROP-00694,CTY-014,2024,5796,2024-11-01,2024-10-02,paid
TAX-002081,ASM-002081,PROP-00694,CTY-014,2025,6363,2025-11-01,2025-10-02,paid
TAX-002082,ASM-002082,PROP-00694,CTY-014,2026,6990,2026-11-01,,outstanding
TAX-002083,ASM-002083,PROP-00695,CTY-014,2024,6489,2024-11-01,2024-10-26,paid
TAX-002084,ASM-002084,PROP-00695,CTY-014,2025,6920,2025-11-01,2025-09-24,paid
TAX-002085,ASM-002085,PROP-00695,CTY-014,2026,7484,2026-11-01,,outstanding
TAX-002086,ASM-002086,PROP-00696,CTY-012,2024,8451,2024-11-01,2024-09-30,paid
TAX-002087,ASM-002087,PROP-00696,CTY-012,2025,9388,2025-11-01,2025-10-25,paid
TAX-002088,ASM-002088,PROP-00696,CTY-012,2026,9929,2026-11-01,,outstanding
TAX-002089,ASM-002089,PROP-00697,CTY-012,2024,10350,2024-11-01,2024-09-27,paid
TAX-002090,ASM-002090,PROP-00697,CTY-012,2025,11324,2025-11-01,2025-10-13,paid
TAX-002091,ASM-002091,PROP-00697,CTY-012,2026,12690,2026-11-01,,outstanding
TAX-002092,ASM-002092,PROP-00698,CTY-012,2024,8648,2024-11-01,2024-10-03,paid
TAX-002093,ASM-002093,PROP-00698,CTY-012,2025,9732,2025-11-01,2025-10-18,paid
TAX-002094,ASM-002094,PROP-00698,CTY-012,2026,10740,2026-11-01,,outstanding
TAX-002095,ASM-002095,PROP-00699,CTY-012,2024,7904,2024-11-01,2024-10-05,paid
TAX-002096,ASM-002096,PROP-00699,CTY-012,2025,7995,2025-11-01,2025-10-09,paid
TAX-002097,ASM-002097,PROP-00699,CTY-012,2026,9815,2026-11-01,,outstanding
TAX-002098,ASM-002098,PROP-00700,CTY-012,2024,8934,2024-11-01,2024-10-03,paid
TAX-002099,ASM-002099,PROP-00700,CTY-012,2025,9507,2025-11-01,2025-10-29,paid
TAX-002100,ASM-002100,PROP-00700,CTY-012,2026,10186,2026-11-01,,outstanding
TAX-002101,ASM-002101,PROP-00701,CTY-012,2024,9080,2024-11-01,2024-10-08,paid
TAX-002102,ASM-002102,PROP-00701,CTY-012,2025,9579,2025-11-01,2025-10-15,paid
TAX-002103,ASM-002103,PROP-00701,CTY-012,2026,10163,2026-11-01,,outstanding
TAX-002104,ASM-002104,PROP-00702,CTY-012,2024,8836,2024-11-01,2024-10-11,paid
TAX-002105,ASM-002105,PROP-00702,CTY-012,2025,9444,2025-11-01,2025-10-14,paid
TAX-002106,ASM-002106,PROP-00702,CTY-012,2026,9829,2026-11-01,,outstanding
TAX-002107,ASM-002107,PROP-00703,CTY-012,2024,8521,2024-11-01,2024-10-07,paid
TAX-002108,ASM-002108,PROP-00703,CTY-012,2025,9009,2025-11-01,2025-09-26,paid
TAX-002109,ASM-002109,PROP-00703,CTY-012,2026,10065,2026-11-01,,outstanding
TAX-002110,ASM-002110,PROP-00704,CTY-012,2024,8353,2024-11-01,2024-10-09,paid
TAX-002111,ASM-002111,PROP-00704,CTY-012,2025,9433,2025-11-01,2025-10-20,paid
TAX-002112,ASM-002112,PROP-00704,CTY-012,2026,10535,2026-11-01,,outstanding
TAX-002113,ASM-002113,PROP-00705,CTY-012,2024,9532,2024-11-01,2024-09-29,paid
TAX-002114,ASM-002114,PROP-00705,CTY-012,2025,9661,2025-11-01,2025-10-05,paid
TAX-002115,ASM-002115,PROP-00705,CTY-012,2026,11318,2026-11-01,,outstanding
TAX-002116,ASM-002116,PROP-00706,CTY-012,2024,7323,2024-11-01,2024-10-15,paid
TAX-002117,ASM-002117,PROP-00706,CTY-012,2025,7989,2025-11-01,2025-10-22,paid
TAX-002118,ASM-002118,PROP-00706,CTY-012,2026,8665,2026-11-01,,outstanding
TAX-002119,ASM-002119,PROP-00707,CTY-012,2024,9548,2024-11-01,2024-10-05,paid
TAX-002120,ASM-002120,PROP-00707,CTY-012,2025,10032,2025-11-01,2025-10-30,paid
TAX-002121,ASM-002121,PROP-00707,CTY-012,2026,11975,2026-11-01,,outstanding
TAX-002122,ASM-002122,PROP-00708,CTY-012,2024,8252,2024-11-01,2024-09-27,paid
TAX-002123,ASM-002123,PROP-00708,CTY-012,2025,8860,2025-11-01,2025-10-12,paid
TAX-002124,ASM-002124,PROP-00708,CTY-012,2026,9181,2026-11-01,,outstanding
TAX-002125,ASM-002125,PROP-00709,CTY-012,2024,9891,2024-11-01,2024-10-27,paid
TAX-002126,ASM-002126,PROP-00709,CTY-012,2025,10541,2025-11-01,2025-10-22,paid
TAX-002127,ASM-002127,PROP-00709,CTY-012,2026,11317,2026-11-01,,outstanding
TAX-002128,ASM-002128,PROP-00710,CTY-012,2024,8064,2024-11-01,2024-10-28,paid
TAX-002129,ASM-002129,PROP-00710,CTY-012,2025,9046,2025-11-01,2025-10-27,paid
TAX-002130,ASM-002130,PROP-00710,CTY-012,2026,9922,2026-11-01,,outstanding
TAX-002131,ASM-002131,PROP-00711,CTY-012,2024,7926,2024-11-01,2024-09-26,paid
TAX-002132,ASM-002132,PROP-00711,CTY-012,2025,8402,2025-11-01,2025-10-29,paid
TAX-002133,ASM-002133,PROP-00711,CTY-012,2026,8848,2026-11-01,,outstanding
TAX-002134,ASM-002134,PROP-00712,CTY-012,2024,8669,2024-11-01,2024-10-05,paid
TAX-002135,ASM-002135,PROP-00712,CTY-012,2025,9163,2025-11-01,2025-10-03,paid
TAX-002136,ASM-002136,PROP-00712,CTY-012,2026,9947,2026-11-01,,outstanding
TAX-002137,ASM-002137,PROP-00713,CTY-012,2024,9726,2024-11-01,2024-10-03,paid
TAX-002138,ASM-002138,PROP-00713,CTY-012,2025,10503,2025-11-01,2025-10-31,paid
TAX-002139,ASM-002139,PROP-00713,CTY-012,2026,11513,2026-11-01,,outstanding
TAX-002140,ASM-002140,PROP-00714,CTY-012,2024,8206,2024-11-01,2024-10-10,paid
TAX-002141,ASM-002141,PROP-00714,CTY-012,2025,8915,2025-11-01,2025-10-19,paid
TAX-002142,ASM-002142,PROP-00714,CTY-012,2026,9957,2026-11-01,,outstanding
TAX-002143,ASM-002143,PROP-00715,CTY-012,2024,8258,2024-11-01,2024-10-12,paid
TAX-002144,ASM-002144,PROP-00715,CTY-012,2025,8859,2025-11-01,2025-10-06,paid
TAX-002145,ASM-002145,PROP-00715,CTY-012,2026,9401,2026-11-01,,outstanding
TAX-002146,ASM-002146,PROP-00716,CTY-012,2024,7761,2024-11-01,2024-09-30,paid
TAX-002147,ASM-002147,PROP-00716,CTY-012,2025,8217,2025-11-01,2025-09-30,paid
TAX-002148,ASM-002148,PROP-00716,CTY-012,2026,9032,2026-11-01,,outstanding
TAX-002149,ASM-002149,PROP-00717,CTY-012,2024,7637,2024-11-01,2024-10-07,paid
TAX-002150,ASM-002150,PROP-00717,CTY-012,2025,8399,2025-11-01,2025-10-21,paid
TAX-002151,ASM-002151,PROP-00717,CTY-012,2026,8885,2026-11-01,,outstanding
TAX-002152,ASM-002152,PROP-00718,CTY-012,2024,6943,2024-11-01,2024-10-08,paid
TAX-002153,ASM-002153,PROP-00718,CTY-012,2025,7813,2025-11-01,2025-10-16,paid
TAX-002154,ASM-002154,PROP-00718,CTY-012,2026,8785,2026-11-01,,outstanding
TAX-002155,ASM-002155,PROP-00719,CTY-012,2024,6984,2024-11-01,2024-10-03,paid
TAX-002156,ASM-002156,PROP-00719,CTY-012,2025,7413,2025-11-01,2025-10-28,paid
TAX-002157,ASM-002157,PROP-00719,CTY-012,2026,8328,2026-11-01,,outstanding
TAX-002158,ASM-002158,PROP-00720,CTY-012,2024,5710,2024-11-01,2024-10-03,paid
TAX-002159,ASM-002159,PROP-00720,CTY-012,2025,6102,2025-11-01,2025-09-22,paid
TAX-002160,ASM-002160,PROP-00720,CTY-012,2026,6546,2026-11-01,,outstanding
TAX-002161,ASM-002161,PROP-00721,CTY-012,2024,7243,2024-11-01,2024-09-23,paid
TAX-002162,ASM-002162,PROP-00721,CTY-012,2025,7929,2025-11-01,2025-09-28,paid
TAX-002163,ASM-002163,PROP-00721,CTY-012,2026,8915,2026-11-01,,outstanding
TAX-002164,ASM-002164,PROP-00722,CTY-012,2024,8087,2024-11-01,2024-09-25,paid
TAX-002165,ASM-002165,PROP-00722,CTY-012,2025,8583,2025-11-01,2025-10-25,paid
TAX-002166,ASM-002166,PROP-00722,CTY-012,2026,9567,2026-11-01,,outstanding
TAX-002167,ASM-002167,PROP-00723,CTY-012,2024,8984,2024-11-01,2024-10-16,paid
TAX-002168,ASM-002168,PROP-00723,CTY-012,2025,9487,2025-11-01,2025-10-27,paid
TAX-002169,ASM-002169,PROP-00723,CTY-012,2026,10451,2026-11-01,,outstanding
TAX-002170,ASM-002170,PROP-00724,CTY-012,2024,8004,2024-11-01,2024-10-28,paid
TAX-002171,ASM-002171,PROP-00724,CTY-012,2025,8580,2025-11-01,2025-10-20,paid
TAX-002172,ASM-002172,PROP-00724,CTY-012,2026,9262,2026-11-01,,outstanding
TAX-002173,ASM-002173,PROP-00725,CTY-012,2024,6177,2024-11-01,2024-10-08,paid
TAX-002174,ASM-002174,PROP-00725,CTY-012,2025,6615,2025-11-01,2025-10-13,paid
TAX-002175,ASM-002175,PROP-00725,CTY-012,2026,7281,2026-11-01,,outstanding
TAX-002176,ASM-002176,PROP-00726,CTY-012,2024,6620,2024-11-01,2024-10-06,paid
TAX-002177,ASM-002177,PROP-00726,CTY-012,2025,7481,2025-11-01,2025-10-12,paid
TAX-002178,ASM-002178,PROP-00726,CTY-012,2026,7786,2026-11-01,,outstanding
TAX-002179,ASM-002179,PROP-00727,CTY-012,2024,8373,2024-11-01,2024-10-21,paid
TAX-002180,ASM-002180,PROP-00727,CTY-012,2025,9093,2025-11-01,2025-10-30,paid
TAX-002181,ASM-002181,PROP-00727,CTY-012,2026,9766,2026-11-01,,outstanding
TAX-002182,ASM-002182,PROP-00728,CTY-012,2024,9548,2024-11-01,2024-10-07,paid
TAX-002183,ASM-002183,PROP-00728,CTY-012,2025,10258,2025-11-01,2025-10-10,paid
TAX-002184,ASM-002184,PROP-00728,CTY-012,2026,10819,2026-11-01,,outstanding
TAX-002185,ASM-002185,PROP-00729,CTY-012,2024,9777,2024-11-01,2024-10-21,paid
TAX-002186,ASM-002186,PROP-00729,CTY-012,2025,11047,2025-11-01,2025-10-18,paid
TAX-002187,ASM-002187,PROP-00729,CTY-012,2026,11644,2026-11-01,,outstanding
TAX-002188,ASM-002188,PROP-00730,CTY-012,2024,7346,2024-11-01,2024-10-01,paid
TAX-002189,ASM-002189,PROP-00730,CTY-012,2025,8090,2025-11-01,2025-10-21,paid
TAX-002190,ASM-002190,PROP-00730,CTY-012,2026,8969,2026-11-01,,outstanding
TAX-002191,ASM-002191,PROP-00731,CTY-012,2024,7783,2024-11-01,2024-10-04,paid
TAX-002192,ASM-002192,PROP-00731,CTY-012,2025,8358,2025-11-01,2025-10-18,paid
TAX-002193,ASM-002193,PROP-00731,CTY-012,2026,9058,2026-11-01,,outstanding
TAX-002194,ASM-002194,PROP-00732,CTY-012,2024,8977,2024-11-01,2024-10-27,paid
TAX-002195,ASM-002195,PROP-00732,CTY-012,2025,9850,2025-11-01,2025-10-02,paid
TAX-002196,ASM-002196,PROP-00732,CTY-012,2026,9865,2026-11-01,,outstanding
TAX-002197,ASM-002197,PROP-00733,CTY-012,2024,7011,2024-11-01,2024-10-05,paid
TAX-002198,ASM-002198,PROP-00733,CTY-012,2025,7410,2025-11-01,2025-10-18,paid
TAX-002199,ASM-002199,PROP-00733,CTY-012,2026,8282,2026-11-01,,outstanding
TAX-002200,ASM-002200,PROP-00734,CTY-012,2024,7670,2024-11-01,2024-10-24,paid
TAX-002201,ASM-002201,PROP-00734,CTY-012,2025,8533,2025-11-01,2025-10-14,paid
TAX-002202,ASM-002202,PROP-00734,CTY-012,2026,9201,2026-11-01,,outstanding
TAX-002203,ASM-002203,PROP-00735,CTY-012,2024,7010,2024-11-01,2024-10-25,paid
TAX-002204,ASM-002204,PROP-00735,CTY-012,2025,7506,2025-11-01,2025-10-15,paid
TAX-002205,ASM-002205,PROP-00735,CTY-012,2026,8212,2026-11-01,,outstanding
TAX-002206,ASM-002206,PROP-00736,CTY-012,2024,6092,2024-11-01,2024-10-06,paid
TAX-002207,ASM-002207,PROP-00736,CTY-012,2025,6800,2025-11-01,2025-09-30,paid
TAX-002208,ASM-002208,PROP-00736,CTY-012,2026,7231,2026-11-01,,outstanding
TAX-002209,ASM-002209,PROP-00737,CTY-012,2024,7572,2024-11-01,2024-10-28,paid
TAX-002210,ASM-002210,PROP-00737,CTY-012,2025,8042,2025-11-01,2025-09-25,paid
TAX-002211,ASM-002211,PROP-00737,CTY-012,2026,9071,2026-11-01,,outstanding
TAX-002212,ASM-002212,PROP-00738,CTY-012,2024,6990,2024-11-01,2024-10-30,paid
TAX-002213,ASM-002213,PROP-00738,CTY-012,2025,7855,2025-11-01,2025-11-01,paid
TAX-002214,ASM-002214,PROP-00738,CTY-012,2026,8683,2026-11-01,,outstanding
TAX-002215,ASM-002215,PROP-00739,CTY-012,2024,5642,2024-11-01,2024-10-30,paid
TAX-002216,ASM-002216,PROP-00739,CTY-012,2025,6336,2025-11-01,2025-11-01,paid
TAX-002217,ASM-002217,PROP-00739,CTY-012,2026,6789,2026-11-01,,outstanding
TAX-002218,ASM-002218,PROP-00740,CTY-012,2024,6529,2024-11-01,2024-10-11,paid
TAX-002219,ASM-002219,PROP-00740,CTY-012,2025,7002,2025-11-01,2025-10-01,paid
TAX-002220,ASM-002220,PROP-00740,CTY-012,2026,7908,2026-11-01,,outstanding
TAX-002221,ASM-002221,PROP-00741,CTY-012,2024,5521,2024-11-01,2024-10-04,paid
TAX-002222,ASM-002222,PROP-00741,CTY-012,2025,6021,2025-11-01,2025-10-27,paid
TAX-002223,ASM-002223,PROP-00741,CTY-012,2026,6361,2026-11-01,,outstanding
TAX-002224,ASM-002224,PROP-00742,CTY-012,2024,6515,2024-11-01,2024-10-27,paid
TAX-002225,ASM-002225,PROP-00742,CTY-012,2025,7258,2025-11-01,2025-10-04,paid
TAX-002226,ASM-002226,PROP-00742,CTY-012,2026,8184,2026-11-01,,outstanding
TAX-002227,ASM-002227,PROP-00743,CTY-012,2024,9534,2024-11-01,2024-10-08,paid
TAX-002228,ASM-002228,PROP-00743,CTY-012,2025,10323,2025-11-01,2025-10-06,paid
TAX-002229,ASM-002229,PROP-00743,CTY-012,2026,10867,2026-11-01,,outstanding
TAX-002230,ASM-002230,PROP-00744,CTY-012,2024,8825,2024-11-01,2024-10-14,paid
TAX-002231,ASM-002231,PROP-00744,CTY-012,2025,9361,2025-11-01,2025-10-31,paid
TAX-002232,ASM-002232,PROP-00744,CTY-012,2026,10447,2026-11-01,,outstanding
TAX-002233,ASM-002233,PROP-00745,CTY-012,2024,7764,2024-11-01,2024-09-22,paid
TAX-002234,ASM-002234,PROP-00745,CTY-012,2025,8299,2025-11-01,2025-10-03,paid
TAX-002235,ASM-002235,PROP-00745,CTY-012,2026,9210,2026-11-01,,outstanding
TAX-002236,ASM-002236,PROP-00746,CTY-012,2024,9699,2024-11-01,2024-09-30,paid
TAX-002237,ASM-002237,PROP-00746,CTY-012,2025,10438,2025-11-01,2025-11-01,paid
TAX-002238,ASM-002238,PROP-00746,CTY-012,2026,11330,2026-11-01,,outstanding
TAX-002239,ASM-002239,PROP-00747,CTY-012,2024,7497,2024-11-01,2024-10-20,paid
TAX-002240,ASM-002240,PROP-00747,CTY-012,2025,7995,2025-11-01,2025-10-30,paid
TAX-002241,ASM-002241,PROP-00747,CTY-012,2026,8543,2026-11-01,,outstanding
TAX-002242,ASM-002242,PROP-00748,CTY-013,2024,7819,2024-11-01,2024-10-05,paid
TAX-002243,ASM-002243,PROP-00748,CTY-013,2025,8585,2025-11-01,2025-10-25,paid
TAX-002244,ASM-002244,PROP-00748,CTY-013,2026,9352,2026-11-01,,outstanding
TAX-002245,ASM-002245,PROP-00749,CTY-013,2024,7549,2024-11-01,2024-10-18,paid
TAX-002246,ASM-002246,PROP-00749,CTY-013,2025,8030,2025-11-01,2025-10-27,paid
TAX-002247,ASM-002247,PROP-00749,CTY-013,2026,8616,2026-11-01,,outstanding
TAX-002248,ASM-002248,PROP-00750,CTY-013,2024,8398,2024-11-01,2024-10-16,paid
TAX-002249,ASM-002249,PROP-00750,CTY-013,2025,9140,2025-11-01,2025-10-30,paid
TAX-002250,ASM-002250,PROP-00750,CTY-013,2026,9657,2026-11-01,,outstanding
TAX-002251,ASM-002251,PROP-00751,CTY-013,2024,7063,2024-11-01,2024-10-01,paid
TAX-002252,ASM-002252,PROP-00751,CTY-013,2025,7799,2025-11-01,2025-10-05,paid
TAX-002253,ASM-002253,PROP-00751,CTY-013,2026,8331,2026-11-01,,outstanding
TAX-002254,ASM-002254,PROP-00752,CTY-013,2024,9034,2024-11-01,2024-10-11,paid
TAX-002255,ASM-002255,PROP-00752,CTY-013,2025,9619,2025-11-01,2025-09-28,paid
TAX-002256,ASM-002256,PROP-00752,CTY-013,2026,10370,2026-11-01,,outstanding
TAX-002257,ASM-002257,PROP-00753,CTY-013,2024,8835,2024-11-01,2024-10-01,paid
TAX-002258,ASM-002258,PROP-00753,CTY-013,2025,8811,2025-11-01,2025-10-05,paid
TAX-002259,ASM-002259,PROP-00753,CTY-013,2026,10624,2026-11-01,,outstanding
TAX-002260,ASM-002260,PROP-00754,CTY-013,2024,6826,2024-11-01,2024-09-22,paid
TAX-002261,ASM-002261,PROP-00754,CTY-013,2025,7389,2025-11-01,2025-10-31,paid
TAX-002262,ASM-002262,PROP-00754,CTY-013,2026,8219,2026-11-01,,outstanding
TAX-002263,ASM-002263,PROP-00755,CTY-013,2024,6699,2024-11-01,2024-10-13,paid
TAX-002264,ASM-002264,PROP-00755,CTY-013,2025,7409,2025-11-01,2025-09-23,paid
TAX-002265,ASM-002265,PROP-00755,CTY-013,2026,8201,2026-11-01,,outstanding
TAX-002266,ASM-002266,PROP-00756,CTY-013,2024,6848,2024-11-01,2024-10-28,paid
TAX-002267,ASM-002267,PROP-00756,CTY-013,2025,7232,2025-11-01,2025-11-01,paid
TAX-002268,ASM-002268,PROP-00756,CTY-013,2026,8144,2026-11-01,,outstanding
TAX-002269,ASM-002269,PROP-00757,CTY-013,2024,7509,2024-11-01,2024-10-15,paid
TAX-002270,ASM-002270,PROP-00757,CTY-013,2025,7910,2025-11-01,2025-10-20,paid
TAX-002271,ASM-002271,PROP-00757,CTY-013,2026,9224,2026-11-01,,outstanding
TAX-002272,ASM-002272,PROP-00758,CTY-013,2024,6715,2024-11-01,2024-10-11,paid
TAX-002273,ASM-002273,PROP-00758,CTY-013,2025,7568,2025-11-01,2025-10-02,paid
TAX-002274,ASM-002274,PROP-00758,CTY-013,2026,8318,2026-11-01,,outstanding
TAX-002275,ASM-002275,PROP-00759,CTY-013,2024,6095,2024-11-01,2024-09-25,paid
TAX-002276,ASM-002276,PROP-00759,CTY-013,2025,6099,2025-11-01,2025-09-28,paid
TAX-002277,ASM-002277,PROP-00759,CTY-013,2026,7611,2026-11-01,,outstanding
TAX-002278,ASM-002278,PROP-00760,CTY-013,2024,8724,2024-11-01,2024-10-09,paid
TAX-002279,ASM-002279,PROP-00760,CTY-013,2025,9500,2025-11-01,2025-10-04,paid
TAX-002280,ASM-002280,PROP-00760,CTY-013,2026,10069,2026-11-01,,outstanding
TAX-002281,ASM-002281,PROP-00761,CTY-013,2024,8718,2024-11-01,2024-10-31,paid
TAX-002282,ASM-002282,PROP-00761,CTY-013,2025,9540,2025-11-01,2025-10-06,paid
TAX-002283,ASM-002283,PROP-00761,CTY-013,2026,10493,2026-11-01,,outstanding
TAX-002284,ASM-002284,PROP-00762,CTY-013,2024,7624,2024-11-01,2024-10-15,paid
TAX-002285,ASM-002285,PROP-00762,CTY-013,2025,8471,2025-11-01,2025-10-21,paid
TAX-002286,ASM-002286,PROP-00762,CTY-013,2026,9531,2026-11-01,,outstanding
TAX-002287,ASM-002287,PROP-00763,CTY-013,2024,8540,2024-11-01,2024-10-08,paid
TAX-002288,ASM-002288,PROP-00763,CTY-013,2025,9541,2025-11-01,2025-09-26,paid
TAX-002289,ASM-002289,PROP-00763,CTY-013,2026,10337,2026-11-01,,outstanding
TAX-002290,ASM-002290,PROP-00764,CTY-013,2024,6940,2024-11-01,2024-10-15,paid
TAX-002291,ASM-002291,PROP-00764,CTY-013,2025,7716,2025-11-01,2025-09-26,paid
TAX-002292,ASM-002292,PROP-00764,CTY-013,2026,8156,2026-11-01,,outstanding
TAX-002293,ASM-002293,PROP-00765,CTY-013,2024,6801,2024-11-01,2024-10-15,paid
TAX-002294,ASM-002294,PROP-00765,CTY-013,2025,7285,2025-11-01,2025-10-26,paid
TAX-002295,ASM-002295,PROP-00765,CTY-013,2026,7686,2026-11-01,,outstanding
TAX-002296,ASM-002296,PROP-00766,CTY-013,2024,7217,2024-11-01,2024-10-10,paid
TAX-002297,ASM-002297,PROP-00766,CTY-013,2025,8013,2025-11-01,2025-10-16,paid
TAX-002298,ASM-002298,PROP-00766,CTY-013,2026,8494,2026-11-01,,outstanding
TAX-002299,ASM-002299,PROP-00767,CTY-013,2024,6987,2024-11-01,2024-10-19,paid
TAX-002300,ASM-002300,PROP-00767,CTY-013,2025,7137,2025-11-01,2025-10-14,paid
TAX-002301,ASM-002301,PROP-00767,CTY-013,2026,8287,2026-11-01,,outstanding
TAX-002302,ASM-002302,PROP-00768,CTY-013,2024,8120,2024-11-01,2024-10-06,paid
TAX-002303,ASM-002303,PROP-00768,CTY-013,2025,8910,2025-11-01,2025-10-29,paid
TAX-002304,ASM-002304,PROP-00768,CTY-013,2026,9993,2026-11-01,,outstanding
TAX-002305,ASM-002305,PROP-00769,CTY-013,2024,6955,2024-11-01,2024-10-07,paid
TAX-002306,ASM-002306,PROP-00769,CTY-013,2025,7572,2025-11-01,2025-09-23,paid
TAX-002307,ASM-002307,PROP-00769,CTY-013,2026,8339,2026-11-01,,outstanding
TAX-002308,ASM-002308,PROP-00770,CTY-013,2024,8193,2024-11-01,2024-10-04,paid
TAX-002309,ASM-002309,PROP-00770,CTY-013,2025,8717,2025-11-01,2025-09-27,paid
TAX-002310,ASM-002310,PROP-00770,CTY-013,2026,9478,2026-11-01,,outstanding
TAX-002311,ASM-002311,PROP-00771,CTY-013,2024,8194,2024-11-01,2024-10-20,paid
TAX-002312,ASM-002312,PROP-00771,CTY-013,2025,8944,2025-11-01,2025-09-29,paid
TAX-002313,ASM-002313,PROP-00771,CTY-013,2026,9448,2026-11-01,,outstanding
TAX-002314,ASM-002314,PROP-00772,CTY-013,2024,7997,2024-11-01,2024-09-26,paid
TAX-002315,ASM-002315,PROP-00772,CTY-013,2025,8988,2025-11-01,2025-10-22,paid
TAX-002316,ASM-002316,PROP-00772,CTY-013,2026,9716,2026-11-01,,outstanding
TAX-002317,ASM-002317,PROP-00773,CTY-013,2024,7453,2024-11-01,2024-10-21,paid
TAX-002318,ASM-002318,PROP-00773,CTY-013,2025,8315,2025-11-01,2025-10-16,paid
TAX-002319,ASM-002319,PROP-00773,CTY-013,2026,8925,2026-11-01,,outstanding
TAX-002320,ASM-002320,PROP-00774,CTY-013,2024,7649,2024-11-01,2024-10-09,paid
TAX-002321,ASM-002321,PROP-00774,CTY-013,2025,8338,2025-11-01,2025-10-04,paid
TAX-002322,ASM-002322,PROP-00774,CTY-013,2026,8895,2026-11-01,,outstanding
TAX-002323,ASM-002323,PROP-00775,CTY-013,2024,8191,2024-11-01,2024-10-14,paid
TAX-002324,ASM-002324,PROP-00775,CTY-013,2025,9219,2025-11-01,2025-10-09,paid
TAX-002325,ASM-002325,PROP-00775,CTY-013,2026,9827,2026-11-01,,outstanding
TAX-002326,ASM-002326,PROP-00776,CTY-013,2024,8830,2024-11-01,2024-10-04,paid
TAX-002327,ASM-002327,PROP-00776,CTY-013,2025,9726,2025-11-01,2025-09-28,paid
TAX-002328,ASM-002328,PROP-00776,CTY-013,2026,10267,2026-11-01,,outstanding
TAX-002329,ASM-002329,PROP-00777,CTY-013,2024,8463,2024-11-01,2024-10-08,paid
TAX-002330,ASM-002330,PROP-00777,CTY-013,2025,8556,2025-11-01,2025-10-09,paid
TAX-002331,ASM-002331,PROP-00777,CTY-013,2026,9756,2026-11-01,,outstanding
TAX-002332,ASM-002332,PROP-00778,CTY-013,2024,6941,2024-11-01,2024-10-26,paid
TAX-002333,ASM-002333,PROP-00778,CTY-013,2025,7530,2025-11-01,2025-09-29,paid
TAX-002334,ASM-002334,PROP-00778,CTY-013,2026,8231,2026-11-01,,outstanding
TAX-002335,ASM-002335,PROP-00779,CTY-013,2024,8683,2024-11-01,2024-10-10,paid
TAX-002336,ASM-002336,PROP-00779,CTY-013,2025,8700,2025-11-01,2025-10-13,paid
TAX-002337,ASM-002337,PROP-00779,CTY-013,2026,10687,2026-11-01,,outstanding
TAX-002338,ASM-002338,PROP-00780,CTY-013,2024,6863,2024-11-01,2024-10-08,paid
TAX-002339,ASM-002339,PROP-00780,CTY-013,2025,7730,2025-11-01,2025-09-29,paid
TAX-002340,ASM-002340,PROP-00780,CTY-013,2026,8408,2026-11-01,,outstanding
TAX-002341,ASM-002341,PROP-00781,CTY-013,2024,8449,2024-11-01,2024-10-12,paid
TAX-002342,ASM-002342,PROP-00781,CTY-013,2025,9249,2025-11-01,2025-10-21,paid
TAX-002343,ASM-002343,PROP-00781,CTY-013,2026,10151,2026-11-01,,outstanding
TAX-002344,ASM-002344,PROP-00782,CTY-013,2024,8607,2024-11-01,2024-10-22,paid
TAX-002345,ASM-002345,PROP-00782,CTY-013,2025,9692,2025-11-01,2025-10-02,paid
TAX-002346,ASM-002346,PROP-00782,CTY-013,2026,10425,2026-11-01,,outstanding
TAX-002347,ASM-002347,PROP-00783,CTY-013,2024,6791,2024-11-01,2024-09-29,paid
TAX-002348,ASM-002348,PROP-00783,CTY-013,2025,7239,2025-11-01,2025-10-25,paid
TAX-002349,ASM-002349,PROP-00783,CTY-013,2026,7830,2026-11-01,,outstanding
TAX-002350,ASM-002350,PROP-00784,CTY-013,2024,9457,2024-11-01,2024-10-10,paid
TAX-002351,ASM-002351,PROP-00784,CTY-013,2025,10542,2025-11-01,2025-10-07,paid
TAX-002352,ASM-002352,PROP-00784,CTY-013,2026,11675,2026-11-01,,outstanding
TAX-002353,ASM-002353,PROP-00785,CTY-013,2024,7899,2024-11-01,2024-10-02,paid
TAX-002354,ASM-002354,PROP-00785,CTY-013,2025,8602,2025-11-01,2025-10-18,paid
TAX-002355,ASM-002355,PROP-00785,CTY-013,2026,9274,2026-11-01,,outstanding
TAX-002356,ASM-002356,PROP-00786,CTY-013,2024,6600,2024-11-01,2024-10-08,paid
TAX-002357,ASM-002357,PROP-00786,CTY-013,2025,7247,2025-11-01,2025-10-22,paid
TAX-002358,ASM-002358,PROP-00786,CTY-013,2026,7748,2026-11-01,,outstanding
TAX-002359,ASM-002359,PROP-00787,CTY-013,2024,7736,2024-11-01,2024-10-13,paid
TAX-002360,ASM-002360,PROP-00787,CTY-013,2025,8280,2025-11-01,2025-10-25,paid
TAX-002361,ASM-002361,PROP-00787,CTY-013,2026,8928,2026-11-01,,outstanding
TAX-002362,ASM-002362,PROP-00788,CTY-013,2024,6166,2024-11-01,2024-10-08,paid
TAX-002363,ASM-002363,PROP-00788,CTY-013,2025,6764,2025-11-01,2025-09-23,paid
TAX-002364,ASM-002364,PROP-00788,CTY-013,2026,7503,2026-11-01,,outstanding
TAX-002365,ASM-002365,PROP-00789,CTY-013,2024,7005,2024-11-01,2024-10-15,paid
TAX-002366,ASM-002366,PROP-00789,CTY-013,2025,7612,2025-11-01,2025-10-14,paid
TAX-002367,ASM-002367,PROP-00789,CTY-013,2026,8042,2026-11-01,,outstanding
TAX-002368,ASM-002368,PROP-00790,CTY-013,2024,8789,2024-11-01,2024-10-27,paid
TAX-002369,ASM-002369,PROP-00790,CTY-013,2025,9912,2025-11-01,2025-09-23,paid
TAX-002370,ASM-002370,PROP-00790,CTY-013,2026,10594,2026-11-01,,outstanding
TAX-002371,ASM-002371,PROP-00791,CTY-013,2024,5832,2024-11-01,2024-10-04,paid
TAX-002372,ASM-002372,PROP-00791,CTY-013,2025,6039,2025-11-01,2025-10-23,paid
TAX-002373,ASM-002373,PROP-00791,CTY-013,2026,6914,2026-11-01,,outstanding
TAX-002374,ASM-002374,PROP-00792,CTY-013,2024,7843,2024-11-01,2024-09-26,paid
TAX-002375,ASM-002375,PROP-00792,CTY-013,2025,8333,2025-11-01,2025-10-28,paid
TAX-002376,ASM-002376,PROP-00792,CTY-013,2026,8899,2026-11-01,,outstanding
TAX-002377,ASM-002377,PROP-00793,CTY-013,2024,7129,2024-11-01,2024-10-24,paid
TAX-002378,ASM-002378,PROP-00793,CTY-013,2025,7391,2025-11-01,2025-10-31,paid
TAX-002379,ASM-002379,PROP-00793,CTY-013,2026,8796,2026-11-01,,outstanding
TAX-002380,ASM-002380,PROP-00794,CTY-013,2024,6830,2024-11-01,2024-09-26,paid
TAX-002381,ASM-002381,PROP-00794,CTY-013,2025,7343,2025-11-01,2025-10-08,paid
TAX-002382,ASM-002382,PROP-00794,CTY-013,2026,7843,2026-11-01,,outstanding
TAX-002383,ASM-002383,PROP-00795,CTY-013,2024,8335,2024-11-01,2024-10-23,paid
TAX-002384,ASM-002384,PROP-00795,CTY-013,2025,9130,2025-11-01,2025-10-18,paid
TAX-002385,ASM-002385,PROP-00795,CTY-013,2026,10179,2026-11-01,,outstanding
TAX-002386,ASM-002386,PROP-00796,CTY-013,2024,8934,2024-11-01,2024-10-21,paid
TAX-002387,ASM-002387,PROP-00796,CTY-013,2025,9564,2025-11-01,2025-10-05,paid
TAX-002388,ASM-002388,PROP-00796,CTY-013,2026,10733,2026-11-01,,outstanding
TAX-002389,ASM-002389,PROP-00797,CTY-013,2024,7437,2024-11-01,2024-09-22,paid
TAX-002390,ASM-002390,PROP-00797,CTY-013,2025,8251,2025-11-01,2025-10-22,paid
TAX-002391,ASM-002391,PROP-00797,CTY-013,2026,8832,2026-11-01,,outstanding
TAX-002392,ASM-002392,PROP-00798,CTY-013,2024,7070,2024-11-01,2024-09-28,paid
TAX-002393,ASM-002393,PROP-00798,CTY-013,2025,7867,2025-11-01,2025-09-26,paid
TAX-002394,ASM-002394,PROP-00798,CTY-013,2026,8527,2026-11-01,,outstanding
TAX-002395,ASM-002395,PROP-00799,CTY-013,2024,8262,2024-11-01,2024-09-26,paid
TAX-002396,ASM-002396,PROP-00799,CTY-013,2025,9000,2025-11-01,2025-10-07,paid
TAX-002397,ASM-002397,PROP-00799,CTY-013,2026,9606,2026-11-01,,outstanding
TAX-002398,ASM-002398,PROP-00800,CTY-013,2024,8025,2024-11-01,2024-10-31,paid
TAX-002399,ASM-002399,PROP-00800,CTY-013,2025,8833,2025-11-01,2025-09-29,paid
TAX-002400,ASM-002400,PROP-00800,CTY-013,2026,9323,2026-11-01,,outstanding
TAX-002401,ASM-002401,PROP-00801,CTY-013,2024,7379,2024-11-01,2024-10-18,paid
TAX-002402,ASM-002402,PROP-00801,CTY-013,2025,8026,2025-11-01,2025-10-07,paid
TAX-002403,ASM-002403,PROP-00801,CTY-013,2026,8458,2026-11-01,,outstanding
TAX-002404,ASM-002404,PROP-00802,CTY-013,2024,8774,2024-11-01,2024-10-29,paid
TAX-002405,ASM-002405,PROP-00802,CTY-013,2025,9678,2025-11-01,2025-10-19,paid
TAX-002406,ASM-002406,PROP-00802,CTY-013,2026,10775,2026-11-01,,outstanding
TAX-002407,ASM-002407,PROP-00803,CTY-013,2024,9913,2024-11-01,2024-09-26,paid
TAX-002408,ASM-002408,PROP-00803,CTY-013,2025,10791,2025-11-01,2025-10-01,paid
TAX-002409,ASM-002409,PROP-00803,CTY-013,2026,11365,2026-11-01,,outstanding
TAX-002410,ASM-002410,PROP-00804,CTY-013,2024,8842,2024-11-01,2024-10-29,paid
TAX-002411,ASM-002411,PROP-00804,CTY-013,2025,9554,2025-11-01,2025-10-13,paid
TAX-002412,ASM-002412,PROP-00804,CTY-013,2026,9988,2026-11-01,,outstanding
TAX-002413,ASM-002413,PROP-00805,CTY-013,2024,6247,2024-11-01,2024-10-15,paid
TAX-002414,ASM-002414,PROP-00805,CTY-013,2025,6777,2025-11-01,2025-09-28,paid
TAX-002415,ASM-002415,PROP-00805,CTY-013,2026,7253,2026-11-01,,outstanding
TAX-002416,ASM-002416,PROP-00806,CTY-013,2024,7960,2024-11-01,2024-11-01,paid
TAX-002417,ASM-002417,PROP-00806,CTY-013,2025,8734,2025-11-01,2025-10-19,paid
TAX-002418,ASM-002418,PROP-00806,CTY-013,2026,9570,2026-11-01,,outstanding
TAX-002419,ASM-002419,PROP-00807,CTY-013,2024,8537,2024-11-01,2024-10-21,paid
TAX-002420,ASM-002420,PROP-00807,CTY-013,2025,9447,2025-11-01,2025-10-21,paid
TAX-002421,ASM-002421,PROP-00807,CTY-013,2026,10434,2026-11-01,,outstanding
TAX-002422,ASM-002422,PROP-00808,CTY-013,2024,8044,2024-11-01,2024-10-20,paid
TAX-002423,ASM-002423,PROP-00808,CTY-013,2025,8813,2025-11-01,2025-10-10,paid
TAX-002424,ASM-002424,PROP-00808,CTY-013,2026,9325,2026-11-01,,outstanding
TAX-002425,ASM-002425,PROP-00809,CTY-013,2024,8663,2024-11-01,2024-11-01,paid
TAX-002426,ASM-002426,PROP-00809,CTY-013,2025,9394,2025-11-01,2025-10-10,paid
TAX-002427,ASM-002427,PROP-00809,CTY-013,2026,10031,2026-11-01,,outstanding
TAX-002428,ASM-002428,PROP-00810,CTY-013,2024,6844,2024-11-01,2024-09-26,paid
TAX-002429,ASM-002429,PROP-00810,CTY-013,2025,7203,2025-11-01,2025-10-29,paid
TAX-002430,ASM-002430,PROP-00810,CTY-013,2026,7850,2026-11-01,,outstanding
TAX-002431,ASM-002431,PROP-00811,CTY-013,2024,8418,2024-11-01,2024-09-24,paid
TAX-002432,ASM-002432,PROP-00811,CTY-013,2025,8913,2025-11-01,2025-10-11,paid
TAX-002433,ASM-002433,PROP-00811,CTY-013,2026,9802,2026-11-01,,outstanding
TAX-002434,ASM-002434,PROP-00812,CTY-013,2024,7724,2024-11-01,2024-10-05,paid
TAX-002435,ASM-002435,PROP-00812,CTY-013,2025,8224,2025-11-01,2025-10-15,paid
TAX-002436,ASM-002436,PROP-00812,CTY-013,2026,9045,2026-11-01,,outstanding
TAX-002437,ASM-002437,PROP-00813,CTY-013,2024,7374,2024-11-01,2024-10-02,paid
TAX-002438,ASM-002438,PROP-00813,CTY-013,2025,8002,2025-11-01,2025-09-26,paid
TAX-002439,ASM-002439,PROP-00813,CTY-013,2026,8566,2026-11-01,,outstanding
TAX-002440,ASM-002440,PROP-00814,CTY-013,2024,7794,2024-11-01,2024-09-23,paid
TAX-002441,ASM-002441,PROP-00814,CTY-013,2025,8274,2025-11-01,2025-10-03,paid
TAX-002442,ASM-002442,PROP-00814,CTY-013,2026,8966,2026-11-01,,outstanding
TAX-002443,ASM-002443,PROP-00815,CTY-013,2024,8451,2024-11-01,2024-09-25,paid
TAX-002444,ASM-002444,PROP-00815,CTY-013,2025,9259,2025-11-01,2025-10-29,paid
TAX-002445,ASM-002445,PROP-00815,CTY-013,2026,9747,2026-11-01,,outstanding
TAX-002446,ASM-002446,PROP-00816,CTY-013,2024,6554,2024-11-01,2024-10-18,paid
TAX-002447,ASM-002447,PROP-00816,CTY-013,2025,7386,2025-11-01,2025-10-31,paid
TAX-002448,ASM-002448,PROP-00816,CTY-013,2026,8237,2026-11-01,,outstanding
TAX-002449,ASM-002449,PROP-00817,CTY-013,2024,8747,2024-11-01,2024-10-24,paid
TAX-002450,ASM-002450,PROP-00817,CTY-013,2025,9706,2025-11-01,2025-10-13,paid
TAX-002451,ASM-002451,PROP-00817,CTY-013,2026,10634,2026-11-01,,outstanding
TAX-002452,ASM-002452,PROP-00818,CTY-013,2024,8813,2024-11-01,2024-10-28,paid
TAX-002453,ASM-002453,PROP-00818,CTY-013,2025,9936,2025-11-01,2025-10-09,paid
TAX-002454,ASM-002454,PROP-00818,CTY-013,2026,10478,2026-11-01,,outstanding
TAX-002455,ASM-002455,PROP-00819,CTY-013,2024,8617,2024-11-01,2024-10-01,paid
TAX-002456,ASM-002456,PROP-00819,CTY-013,2025,9101,2025-11-01,2025-10-13,paid
TAX-002457,ASM-002457,PROP-00819,CTY-013,2026,10431,2026-11-01,,outstanding
TAX-002458,ASM-002458,PROP-00820,CTY-013,2024,6508,2024-11-01,2024-09-23,paid
TAX-002459,ASM-002459,PROP-00820,CTY-013,2025,6947,2025-11-01,2025-10-28,paid
TAX-002460,ASM-002460,PROP-00820,CTY-013,2026,7485,2026-11-01,,outstanding
TAX-002461,ASM-002461,PROP-00821,CTY-013,2024,5973,2024-11-01,2024-10-06,paid
TAX-002462,ASM-002462,PROP-00821,CTY-013,2025,6638,2025-11-01,2025-10-02,paid
TAX-002463,ASM-002463,PROP-00821,CTY-013,2026,7453,2026-11-01,,outstanding
TAX-002464,ASM-002464,PROP-00822,CTY-013,2024,7349,2024-11-01,2024-10-04,paid
TAX-002465,ASM-002465,PROP-00822,CTY-013,2025,7828,2025-11-01,2025-10-13,paid
TAX-002466,ASM-002466,PROP-00822,CTY-013,2026,8418,2026-11-01,,outstanding
TAX-002467,ASM-002467,PROP-00823,CTY-013,2024,9860,2024-11-01,2024-10-02,paid
TAX-002468,ASM-002468,PROP-00823,CTY-013,2025,10045,2025-11-01,2025-09-30,paid
TAX-002469,ASM-002469,PROP-00823,CTY-013,2026,12286,2026-11-01,,outstanding
TAX-002470,ASM-002470,PROP-00824,CTY-013,2024,6723,2024-11-01,2024-09-27,paid
TAX-002471,ASM-002471,PROP-00824,CTY-013,2025,7361,2025-11-01,2025-09-22,paid
TAX-002472,ASM-002472,PROP-00824,CTY-013,2026,7943,2026-11-01,,outstanding
TAX-002473,ASM-002473,PROP-00825,CTY-013,2024,7573,2024-11-01,2024-10-07,paid
TAX-002474,ASM-002474,PROP-00825,CTY-013,2025,8087,2025-11-01,2025-09-24,paid
TAX-002475,ASM-002475,PROP-00825,CTY-013,2026,8492,2026-11-01,,outstanding
TAX-002476,ASM-002476,PROP-00826,CTY-013,2024,7026,2024-11-01,2024-10-08,paid
TAX-002477,ASM-002477,PROP-00826,CTY-013,2025,7874,2025-11-01,2025-10-18,paid
TAX-002478,ASM-002478,PROP-00826,CTY-013,2026,8694,2026-11-01,,outstanding
TAX-002479,ASM-002479,PROP-00827,CTY-013,2024,8398,2024-11-01,2024-09-24,paid
TAX-002480,ASM-002480,PROP-00827,CTY-013,2025,9284,2025-11-01,2025-10-02,paid
TAX-002481,ASM-002481,PROP-00827,CTY-013,2026,10235,2026-11-01,,outstanding
TAX-002482,ASM-002482,PROP-00828,CTY-013,2024,10311,2024-11-01,2024-10-14,paid
TAX-002483,ASM-002483,PROP-00828,CTY-013,2025,11611,2025-11-01,2025-10-09,paid
TAX-002484,ASM-002484,PROP-00828,CTY-013,2026,12431,2026-11-01,,outstanding
TAX-002485,ASM-002485,PROP-00829,CTY-013,2024,6929,2024-11-01,2024-10-10,paid
TAX-002486,ASM-002486,PROP-00829,CTY-013,2025,7375,2025-11-01,2025-10-25,paid
TAX-002487,ASM-002487,PROP-00829,CTY-013,2026,7403,2026-11-01,,outstanding
TAX-002488,ASM-002488,PROP-00830,CTY-013,2024,8856,2024-11-01,2024-10-14,paid
TAX-002489,ASM-002489,PROP-00830,CTY-013,2025,9567,2025-11-01,2025-10-16,paid
TAX-002490,ASM-002490,PROP-00830,CTY-013,2026,10524,2026-11-01,,outstanding
TAX-002491,ASM-002491,PROP-00831,CTY-013,2024,6481,2024-11-01,2024-09-23,paid
TAX-002492,ASM-002492,PROP-00831,CTY-013,2025,6997,2025-11-01,2025-10-07,paid
TAX-002493,ASM-002493,PROP-00831,CTY-013,2026,7555,2026-11-01,,outstanding
TAX-002494,ASM-002494,PROP-00832,CTY-013,2024,6889,2024-11-01,2024-10-27,paid
TAX-002495,ASM-002495,PROP-00832,CTY-013,2025,7738,2025-11-01,2025-09-27,paid
TAX-002496,ASM-002496,PROP-00832,CTY-013,2026,8249,2026-11-01,,outstanding
TAX-002497,ASM-002497,PROP-00833,CTY-013,2024,7060,2024-11-01,2024-09-30,paid
TAX-002498,ASM-002498,PROP-00833,CTY-013,2025,7911,2025-11-01,2025-10-23,paid
TAX-002499,ASM-002499,PROP-00833,CTY-013,2026,8527,2026-11-01,,outstanding
TAX-002500,ASM-002500,PROP-00834,CTY-013,2024,8874,2024-11-01,2024-10-27,paid
TAX-002501,ASM-002501,PROP-00834,CTY-013,2025,9582,2025-11-01,2025-10-11,paid
TAX-002502,ASM-002502,PROP-00834,CTY-013,2026,10596,2026-11-01,,outstanding
TAX-002503,ASM-002503,PROP-00835,CTY-013,2024,7708,2024-11-01,2024-10-14,paid
TAX-002504,ASM-002504,PROP-00835,CTY-013,2025,8668,2025-11-01,2025-10-09,paid
TAX-002505,ASM-002505,PROP-00835,CTY-013,2026,9136,2026-11-01,,outstanding
TAX-002506,ASM-002506,PROP-00836,CTY-013,2024,9842,2024-11-01,2024-10-13,paid
TAX-002507,ASM-002507,PROP-00836,CTY-013,2025,10824,2025-11-01,2025-10-05,paid
TAX-002508,ASM-002508,PROP-00836,CTY-013,2026,11623,2026-11-01,,outstanding
TAX-002509,ASM-002509,PROP-00837,CTY-013,2024,7289,2024-11-01,2024-10-13,paid
TAX-002510,ASM-002510,PROP-00837,CTY-013,2025,7677,2025-11-01,2025-10-05,paid
TAX-002511,ASM-002511,PROP-00837,CTY-013,2026,8100,2026-11-01,,outstanding
TAX-002512,ASM-002512,PROP-00838,CTY-013,2024,8025,2024-11-01,2024-10-03,paid
TAX-002513,ASM-002513,PROP-00838,CTY-013,2025,8667,2025-11-01,2025-10-05,paid
TAX-002514,ASM-002514,PROP-00838,CTY-013,2026,9422,2026-11-01,,outstanding
TAX-002515,ASM-002515,PROP-00839,CTY-013,2024,7457,2024-11-01,2024-09-30,paid
TAX-002516,ASM-002516,PROP-00839,CTY-013,2025,7929,2025-11-01,2025-10-01,paid
TAX-002517,ASM-002517,PROP-00839,CTY-013,2026,8340,2026-11-01,,outstanding
TAX-002518,ASM-002518,PROP-00840,CTY-013,2024,7193,2024-11-01,2024-10-01,paid
TAX-002519,ASM-002519,PROP-00840,CTY-013,2025,7709,2025-11-01,2025-10-11,paid
TAX-002520,ASM-002520,PROP-00840,CTY-013,2026,8478,2026-11-01,,outstanding
TAX-002521,ASM-002521,PROP-00841,CTY-013,2024,7699,2024-11-01,2024-09-28,paid
TAX-002522,ASM-002522,PROP-00841,CTY-013,2025,8580,2025-11-01,2025-10-08,paid
TAX-002523,ASM-002523,PROP-00841,CTY-013,2026,9129,2026-11-01,,outstanding
TAX-002524,ASM-002524,PROP-00842,CTY-013,2024,8486,2024-11-01,2024-10-27,paid
TAX-002525,ASM-002525,PROP-00842,CTY-013,2025,9052,2025-11-01,2025-11-01,paid
TAX-002526,ASM-002526,PROP-00842,CTY-013,2026,10164,2026-11-01,,outstanding
TAX-002527,ASM-002527,PROP-00843,CTY-013,2024,7775,2024-11-01,2024-10-28,paid
TAX-002528,ASM-002528,PROP-00843,CTY-013,2025,8204,2025-11-01,2025-09-23,paid
TAX-002529,ASM-002529,PROP-00843,CTY-013,2026,9106,2026-11-01,,outstanding
TAX-002530,ASM-002530,PROP-00844,CTY-013,2024,8333,2024-11-01,2024-10-02,paid
TAX-002531,ASM-002531,PROP-00844,CTY-013,2025,8968,2025-11-01,2025-10-09,paid
TAX-002532,ASM-002532,PROP-00844,CTY-013,2026,10045,2026-11-01,,outstanding
TAX-002533,ASM-002533,PROP-00845,CTY-013,2024,7699,2024-11-01,2024-10-28,paid
TAX-002534,ASM-002534,PROP-00845,CTY-013,2025,8682,2025-11-01,2025-10-25,paid
TAX-002535,ASM-002535,PROP-00845,CTY-013,2026,9243,2026-11-01,,outstanding
TAX-002536,ASM-002536,PROP-00846,CTY-013,2024,8570,2024-11-01,2024-10-31,paid
TAX-002537,ASM-002537,PROP-00846,CTY-013,2025,9270,2025-11-01,2025-10-25,paid
TAX-002538,ASM-002538,PROP-00846,CTY-013,2026,10347,2026-11-01,,outstanding
TAX-002539,ASM-002539,PROP-00847,CTY-013,2024,7876,2024-11-01,2024-10-12,paid
TAX-002540,ASM-002540,PROP-00847,CTY-013,2025,8797,2025-11-01,2025-10-03,paid
TAX-002541,ASM-002541,PROP-00847,CTY-013,2026,9391,2026-11-01,,outstanding
TAX-002542,ASM-002542,PROP-00848,CTY-013,2024,8721,2024-11-01,2024-10-23,paid
TAX-002543,ASM-002543,PROP-00848,CTY-013,2025,8971,2025-11-01,2025-10-05,paid
TAX-002544,ASM-002544,PROP-00848,CTY-013,2026,10880,2026-11-01,,outstanding
TAX-002545,ASM-002545,PROP-00849,CTY-013,2024,7601,2024-11-01,2024-09-30,paid
TAX-002546,ASM-002546,PROP-00849,CTY-013,2025,7971,2025-11-01,2025-09-30,paid
TAX-002547,ASM-002547,PROP-00849,CTY-013,2026,9108,2026-11-01,,outstanding
TAX-002548,ASM-002548,PROP-00850,CTY-013,2024,7506,2024-11-01,2024-10-21,paid
TAX-002549,ASM-002549,PROP-00850,CTY-013,2025,8380,2025-11-01,2025-10-12,paid
TAX-002550,ASM-002550,PROP-00850,CTY-013,2026,8985,2026-11-01,,outstanding
TAX-002551,ASM-002551,PROP-00851,CTY-013,2024,8899,2024-11-01,2024-10-23,paid
TAX-002552,ASM-002552,PROP-00851,CTY-013,2025,9490,2025-11-01,2025-09-30,paid
TAX-002553,ASM-002553,PROP-00851,CTY-013,2026,10622,2026-11-01,,outstanding
TAX-002554,ASM-002554,PROP-00852,CTY-013,2024,7087,2024-11-01,2024-10-15,paid
TAX-002555,ASM-002555,PROP-00852,CTY-013,2025,7915,2025-11-01,2025-11-01,paid
TAX-002556,ASM-002556,PROP-00852,CTY-013,2026,8688,2026-11-01,,outstanding
TAX-002557,ASM-002557,PROP-00853,CTY-013,2024,7140,2024-11-01,2024-10-18,paid
TAX-002558,ASM-002558,PROP-00853,CTY-013,2025,7733,2025-11-01,2025-10-01,paid
TAX-002559,ASM-002559,PROP-00853,CTY-013,2026,8250,2026-11-01,,outstanding
TAX-002560,ASM-002560,PROP-00854,CTY-013,2024,7192,2024-11-01,2024-09-29,paid
TAX-002561,ASM-002561,PROP-00854,CTY-013,2025,7941,2025-11-01,2025-10-08,paid
TAX-002562,ASM-002562,PROP-00854,CTY-013,2026,8603,2026-11-01,,outstanding
TAX-002563,ASM-002563,PROP-00855,CTY-013,2024,9108,2024-11-01,2024-10-03,paid
TAX-002564,ASM-002564,PROP-00855,CTY-013,2025,9617,2025-11-01,2025-10-22,paid
TAX-002565,ASM-002565,PROP-00855,CTY-013,2026,10181,2026-11-01,,outstanding
TAX-002566,ASM-002566,PROP-00856,CTY-013,2024,7095,2024-11-01,2024-10-08,paid
TAX-002567,ASM-002567,PROP-00856,CTY-013,2025,7655,2025-11-01,2025-10-18,paid
TAX-002568,ASM-002568,PROP-00856,CTY-013,2026,7815,2026-11-01,,outstanding
TAX-002569,ASM-002569,PROP-00857,CTY-013,2024,7400,2024-11-01,2024-09-25,paid
TAX-002570,ASM-002570,PROP-00857,CTY-013,2025,8262,2025-11-01,2025-10-25,paid
TAX-002571,ASM-002571,PROP-00857,CTY-013,2026,9249,2026-11-01,,outstanding
TAX-002572,ASM-002572,PROP-00858,CTY-013,2024,9713,2024-11-01,2024-10-24,paid
TAX-002573,ASM-002573,PROP-00858,CTY-013,2025,10389,2025-11-01,2025-10-29,paid
TAX-002574,ASM-002574,PROP-00858,CTY-013,2026,10998,2026-11-01,,outstanding
TAX-002575,ASM-002575,PROP-00859,CTY-013,2024,8947,2024-11-01,2024-10-19,paid
TAX-002576,ASM-002576,PROP-00859,CTY-013,2025,9900,2025-11-01,2025-10-26,paid
TAX-002577,ASM-002577,PROP-00859,CTY-013,2026,10951,2026-11-01,,outstanding
TAX-002578,ASM-002578,PROP-00860,CTY-013,2024,6707,2024-11-01,2024-10-05,paid
TAX-002579,ASM-002579,PROP-00860,CTY-013,2025,7196,2025-11-01,2025-10-10,paid
TAX-002580,ASM-002580,PROP-00860,CTY-013,2026,7665,2026-11-01,,outstanding
TAX-002581,ASM-002581,PROP-00861,CTY-013,2024,8117,2024-11-01,2024-09-22,paid
TAX-002582,ASM-002582,PROP-00861,CTY-013,2025,8075,2025-11-01,2025-10-14,paid
TAX-002583,ASM-002583,PROP-00861,CTY-013,2026,10091,2026-11-01,,outstanding
TAX-002584,ASM-002584,PROP-00862,CTY-013,2024,8661,2024-11-01,2024-10-06,paid
TAX-002585,ASM-002585,PROP-00862,CTY-013,2025,9685,2025-11-01,2025-10-12,paid
TAX-002586,ASM-002586,PROP-00862,CTY-013,2026,10307,2026-11-01,,outstanding
TAX-002587,ASM-002587,PROP-00863,CTY-013,2024,7565,2024-11-01,2024-10-26,paid
TAX-002588,ASM-002588,PROP-00863,CTY-013,2025,8229,2025-11-01,2025-10-06,paid
TAX-002589,ASM-002589,PROP-00863,CTY-013,2026,8914,2026-11-01,,outstanding
TAX-002590,ASM-002590,PROP-00864,CTY-013,2024,8010,2024-11-01,2024-10-26,paid
TAX-002591,ASM-002591,PROP-00864,CTY-013,2025,8549,2025-11-01,2025-10-12,paid
TAX-002592,ASM-002592,PROP-00864,CTY-013,2026,9654,2026-11-01,,outstanding
TAX-002593,ASM-002593,PROP-00865,CTY-013,2024,7398,2024-11-01,2024-10-07,paid
TAX-002594,ASM-002594,PROP-00865,CTY-013,2025,8066,2025-11-01,2025-10-24,paid
TAX-002595,ASM-002595,PROP-00865,CTY-013,2026,8766,2026-11-01,,outstanding
TAX-002596,ASM-002596,PROP-00866,CTY-013,2024,8358,2024-11-01,2024-10-31,paid
TAX-002597,ASM-002597,PROP-00866,CTY-013,2025,9101,2025-11-01,2025-10-20,paid
TAX-002598,ASM-002598,PROP-00866,CTY-013,2026,9882,2026-11-01,,outstanding
TAX-002599,ASM-002599,PROP-00867,CTY-013,2024,8443,2024-11-01,2024-10-15,paid
TAX-002600,ASM-002600,PROP-00867,CTY-013,2025,8986,2025-11-01,2025-10-21,paid
TAX-002601,ASM-002601,PROP-00867,CTY-013,2026,9491,2026-11-01,,outstanding
TAX-002602,ASM-002602,PROP-00868,CTY-013,2024,9023,2024-11-01,2024-10-15,paid
TAX-002603,ASM-002603,PROP-00868,CTY-013,2025,9959,2025-11-01,2025-09-30,paid
TAX-002604,ASM-002604,PROP-00868,CTY-013,2026,10557,2026-11-01,,outstanding
TAX-002605,ASM-002605,PROP-00869,CTY-015,2024,3091,2024-11-01,2024-10-17,paid
TAX-002606,ASM-002606,PROP-00869,CTY-015,2025,3265,2025-11-01,2025-10-16,paid
TAX-002607,ASM-002607,PROP-00869,CTY-015,2026,3354,2026-11-01,,outstanding
TAX-002608,ASM-002608,PROP-00870,CTY-015,2024,2643,2024-11-01,2024-10-30,paid
TAX-002609,ASM-002609,PROP-00870,CTY-015,2025,2770,2025-11-01,2025-10-09,paid
TAX-002610,ASM-002610,PROP-00870,CTY-015,2026,2943,2026-11-01,,outstanding
TAX-002611,ASM-002611,PROP-00871,CTY-015,2024,2483,2024-11-01,2024-10-24,paid
TAX-002612,ASM-002612,PROP-00871,CTY-015,2025,2549,2025-11-01,2025-10-09,paid
TAX-002613,ASM-002613,PROP-00871,CTY-015,2026,2618,2026-11-01,,outstanding
TAX-002614,ASM-002614,PROP-00872,CTY-015,2024,2850,2024-11-01,2024-10-09,paid
TAX-002615,ASM-002615,PROP-00872,CTY-015,2025,2933,2025-11-01,2025-10-16,paid
TAX-002616,ASM-002616,PROP-00872,CTY-015,2026,3079,2026-11-01,,outstanding
TAX-002617,ASM-002617,PROP-00873,CTY-015,2024,2541,2024-11-01,2024-09-28,paid
TAX-002618,ASM-002618,PROP-00873,CTY-015,2025,2691,2025-11-01,2025-10-22,paid
TAX-002619,ASM-002619,PROP-00873,CTY-015,2026,2819,2026-11-01,,outstanding
TAX-002620,ASM-002620,PROP-00874,CTY-015,2024,2635,2024-11-01,2024-10-21,paid
TAX-002621,ASM-002621,PROP-00874,CTY-015,2025,2719,2025-11-01,2025-10-05,paid
TAX-002622,ASM-002622,PROP-00874,CTY-015,2026,2828,2026-11-01,,outstanding
TAX-002623,ASM-002623,PROP-00875,CTY-015,2024,2236,2024-11-01,2024-10-24,paid
TAX-002624,ASM-002624,PROP-00875,CTY-015,2025,2355,2025-11-01,2025-10-31,paid
TAX-002625,ASM-002625,PROP-00875,CTY-015,2026,2476,2026-11-01,,outstanding
TAX-002626,ASM-002626,PROP-00876,CTY-015,2024,2362,2024-11-01,2024-10-22,paid
TAX-002627,ASM-002627,PROP-00876,CTY-015,2025,2493,2025-11-01,2025-11-01,paid
TAX-002628,ASM-002628,PROP-00876,CTY-015,2026,2651,2026-11-01,,outstanding
TAX-002629,ASM-002629,PROP-00877,CTY-015,2024,2572,2024-11-01,2024-10-05,paid
TAX-002630,ASM-002630,PROP-00877,CTY-015,2025,2687,2025-11-01,2025-10-19,paid
TAX-002631,ASM-002631,PROP-00877,CTY-015,2026,2782,2026-11-01,,outstanding
TAX-002632,ASM-002632,PROP-00878,CTY-015,2024,3083,2024-11-01,2024-09-22,paid
TAX-002633,ASM-002633,PROP-00878,CTY-015,2025,3258,2025-11-01,2025-10-27,paid
TAX-002634,ASM-002634,PROP-00878,CTY-015,2026,3363,2026-11-01,,outstanding
TAX-002635,ASM-002635,PROP-00879,CTY-015,2024,2915,2024-11-01,2024-10-23,paid
TAX-002636,ASM-002636,PROP-00879,CTY-015,2025,3028,2025-11-01,2025-10-04,paid
TAX-002637,ASM-002637,PROP-00879,CTY-015,2026,3207,2026-11-01,,outstanding
TAX-002638,ASM-002638,PROP-00880,CTY-015,2024,2012,2024-11-01,2024-10-29,paid
TAX-002639,ASM-002639,PROP-00880,CTY-015,2025,2133,2025-11-01,2025-09-24,paid
TAX-002640,ASM-002640,PROP-00880,CTY-015,2026,2272,2026-11-01,,outstanding
TAX-002641,ASM-002641,PROP-00881,CTY-015,2024,2742,2024-11-01,2024-10-23,paid
TAX-002642,ASM-002642,PROP-00881,CTY-015,2025,2895,2025-11-01,2025-10-18,paid
TAX-002643,ASM-002643,PROP-00881,CTY-015,2026,3067,2026-11-01,,outstanding
TAX-002644,ASM-002644,PROP-00882,CTY-015,2024,2945,2024-11-01,2024-10-09,paid
TAX-002645,ASM-002645,PROP-00882,CTY-015,2025,3084,2025-11-01,2025-10-31,paid
TAX-002646,ASM-002646,PROP-00882,CTY-015,2026,3174,2026-11-01,,outstanding
TAX-002647,ASM-002647,PROP-00883,CTY-015,2024,2087,2024-11-01,2024-10-13,paid
TAX-002648,ASM-002648,PROP-00883,CTY-015,2025,2181,2025-11-01,2025-10-03,paid
TAX-002649,ASM-002649,PROP-00883,CTY-015,2026,2243,2026-11-01,,outstanding
TAX-002650,ASM-002650,PROP-00884,CTY-015,2024,2400,2024-11-01,2024-10-21,paid
TAX-002651,ASM-002651,PROP-00884,CTY-015,2025,2503,2025-11-01,2025-10-17,paid
TAX-002652,ASM-002652,PROP-00884,CTY-015,2026,2627,2026-11-01,,outstanding
TAX-002653,ASM-002653,PROP-00885,CTY-015,2024,2961,2024-11-01,2024-11-01,paid
TAX-002654,ASM-002654,PROP-00885,CTY-015,2025,3088,2025-11-01,2025-09-29,paid
TAX-002655,ASM-002655,PROP-00885,CTY-015,2026,3198,2026-11-01,,outstanding
TAX-002656,ASM-002656,PROP-00886,CTY-015,2024,2677,2024-11-01,2024-09-25,paid
TAX-002657,ASM-002657,PROP-00886,CTY-015,2025,2756,2025-11-01,2025-10-29,paid
TAX-002658,ASM-002658,PROP-00886,CTY-015,2026,2937,2026-11-01,,outstanding
TAX-002659,ASM-002659,PROP-00887,CTY-015,2024,2706,2024-11-01,2024-10-29,paid
TAX-002660,ASM-002660,PROP-00887,CTY-015,2025,2859,2025-11-01,2025-10-31,paid
TAX-002661,ASM-002661,PROP-00887,CTY-015,2026,3001,2026-11-01,,outstanding
TAX-002662,ASM-002662,PROP-00888,CTY-015,2024,2800,2024-11-01,2024-09-30,paid
TAX-002663,ASM-002663,PROP-00888,CTY-015,2025,2919,2025-11-01,2025-10-29,paid
TAX-002664,ASM-002664,PROP-00888,CTY-015,2026,3069,2026-11-01,,outstanding
TAX-002665,ASM-002665,PROP-00889,CTY-015,2024,2951,2024-11-01,2024-10-11,paid
TAX-002666,ASM-002666,PROP-00889,CTY-015,2025,3140,2025-11-01,2025-10-21,paid
TAX-002667,ASM-002667,PROP-00889,CTY-015,2026,3271,2026-11-01,,outstanding
TAX-002668,ASM-002668,PROP-00890,CTY-015,2024,2483,2024-11-01,2024-10-02,paid
TAX-002669,ASM-002669,PROP-00890,CTY-015,2025,2642,2025-11-01,2025-10-24,paid
TAX-002670,ASM-002670,PROP-00890,CTY-015,2026,2713,2026-11-01,,outstanding
TAX-002671,ASM-002671,PROP-00891,CTY-016,2024,2092,2024-11-01,2024-10-24,paid
TAX-002672,ASM-002672,PROP-00891,CTY-016,2025,2175,2025-11-01,2025-10-15,paid
TAX-002673,ASM-002673,PROP-00891,CTY-016,2026,2258,2026-11-01,,outstanding
TAX-002674,ASM-002674,PROP-00892,CTY-016,2024,2197,2024-11-01,2024-10-01,paid
TAX-002675,ASM-002675,PROP-00892,CTY-016,2025,2303,2025-11-01,2025-10-22,paid
TAX-002676,ASM-002676,PROP-00892,CTY-016,2026,2410,2026-11-01,,outstanding
TAX-002677,ASM-002677,PROP-00893,CTY-016,2024,2235,2024-11-01,2024-10-01,paid
TAX-002678,ASM-002678,PROP-00893,CTY-016,2025,2383,2025-11-01,2025-10-30,paid
TAX-002679,ASM-002679,PROP-00893,CTY-016,2026,2535,2026-11-01,,outstanding
TAX-002680,ASM-002680,PROP-00894,CTY-016,2024,2552,2024-11-01,2024-10-07,paid
TAX-002681,ASM-002681,PROP-00894,CTY-016,2025,2631,2025-11-01,2025-10-23,paid
TAX-002682,ASM-002682,PROP-00894,CTY-016,2026,2726,2026-11-01,,outstanding
TAX-002683,ASM-002683,PROP-00895,CTY-016,2024,2368,2024-11-01,2024-10-03,paid
TAX-002684,ASM-002684,PROP-00895,CTY-016,2025,2529,2025-11-01,2025-09-22,paid
TAX-002685,ASM-002685,PROP-00895,CTY-016,2026,2614,2026-11-01,,outstanding
TAX-002686,ASM-002686,PROP-00896,CTY-016,2024,2391,2024-11-01,2024-10-02,paid
TAX-002687,ASM-002687,PROP-00896,CTY-016,2025,2518,2025-11-01,2025-09-29,paid
TAX-002688,ASM-002688,PROP-00896,CTY-016,2026,2618,2026-11-01,,outstanding
TAX-002689,ASM-002689,PROP-00897,CTY-016,2024,1974,2024-11-01,2024-10-16,paid
TAX-002690,ASM-002690,PROP-00897,CTY-016,2025,2042,2025-11-01,2025-10-09,paid
TAX-002691,ASM-002691,PROP-00897,CTY-016,2026,2185,2026-11-01,,outstanding
TAX-002692,ASM-002692,PROP-00898,CTY-016,2024,2829,2024-11-01,2024-09-27,paid
TAX-002693,ASM-002693,PROP-00898,CTY-016,2025,3005,2025-11-01,2025-10-15,paid
TAX-002694,ASM-002694,PROP-00898,CTY-016,2026,3105,2026-11-01,,outstanding
TAX-002695,ASM-002695,PROP-00899,CTY-016,2024,2018,2024-11-01,2024-10-09,paid
TAX-002696,ASM-002696,PROP-00899,CTY-016,2025,2076,2025-11-01,2025-09-26,paid
TAX-002697,ASM-002697,PROP-00899,CTY-016,2026,2158,2026-11-01,,outstanding
TAX-002698,ASM-002698,PROP-00900,CTY-016,2024,2154,2024-11-01,2024-10-19,paid
TAX-002699,ASM-002699,PROP-00900,CTY-016,2025,2279,2025-11-01,2025-10-20,paid
TAX-002700,ASM-002700,PROP-00900,CTY-016,2026,2392,2026-11-01,,outstanding
TAX-002701,ASM-002701,PROP-00901,CTY-016,2024,2551,2024-11-01,2024-10-01,paid
TAX-002702,ASM-002702,PROP-00901,CTY-016,2025,2689,2025-11-01,2025-10-15,paid
TAX-002703,ASM-002703,PROP-00901,CTY-016,2026,2846,2026-11-01,,outstanding
TAX-002704,ASM-002704,PROP-00902,CTY-016,2024,2400,2024-11-01,2024-10-05,paid
TAX-002705,ASM-002705,PROP-00902,CTY-016,2025,2520,2025-11-01,2025-10-10,paid
TAX-002706,ASM-002706,PROP-00902,CTY-016,2026,2598,2026-11-01,,outstanding
TAX-002707,ASM-002707,PROP-00903,CTY-016,2024,2453,2024-11-01,2024-10-19,paid
TAX-002708,ASM-002708,PROP-00903,CTY-016,2025,2605,2025-11-01,2025-10-14,paid
TAX-002709,ASM-002709,PROP-00903,CTY-016,2026,2691,2026-11-01,,outstanding
TAX-002710,ASM-002710,PROP-00904,CTY-016,2024,1852,2024-11-01,2024-10-15,paid
TAX-002711,ASM-002711,PROP-00904,CTY-016,2025,1979,2025-11-01,2025-09-24,paid
TAX-002712,ASM-002712,PROP-00904,CTY-016,2026,2065,2026-11-01,,outstanding
TAX-002713,ASM-002713,PROP-00905,CTY-016,2024,2229,2024-11-01,2024-11-01,paid
TAX-002714,ASM-002714,PROP-00905,CTY-016,2025,2365,2025-11-01,2025-10-26,paid
TAX-002715,ASM-002715,PROP-00905,CTY-016,2026,2440,2026-11-01,,outstanding
TAX-002716,ASM-002716,PROP-00906,CTY-016,2024,2253,2024-11-01,2024-10-25,paid
TAX-002717,ASM-002717,PROP-00906,CTY-016,2025,2410,2025-11-01,2025-10-07,paid
TAX-002718,ASM-002718,PROP-00906,CTY-016,2026,2492,2026-11-01,,outstanding
TAX-002719,ASM-002719,PROP-00907,CTY-016,2024,2412,2024-11-01,2024-09-29,paid
TAX-002720,ASM-002720,PROP-00907,CTY-016,2025,2568,2025-11-01,2025-10-03,paid
TAX-002721,ASM-002721,PROP-00907,CTY-016,2026,2733,2026-11-01,,outstanding
TAX-002722,ASM-002722,PROP-00908,CTY-016,2024,2178,2024-11-01,2024-10-16,paid
TAX-002723,ASM-002723,PROP-00908,CTY-016,2025,2256,2025-11-01,2025-10-13,paid
TAX-002724,ASM-002724,PROP-00908,CTY-016,2026,2390,2026-11-01,,outstanding
TAX-002725,ASM-002725,PROP-00909,CTY-016,2024,2323,2024-11-01,2024-10-23,paid
TAX-002726,ASM-002726,PROP-00909,CTY-016,2025,2449,2025-11-01,2025-10-30,paid
TAX-002727,ASM-002727,PROP-00909,CTY-016,2026,2589,2026-11-01,,outstanding
TAX-002728,ASM-002728,PROP-00910,CTY-016,2024,2696,2024-11-01,2024-10-28,paid
TAX-002729,ASM-002729,PROP-00910,CTY-016,2025,2799,2025-11-01,2025-10-26,paid
TAX-002730,ASM-002730,PROP-00910,CTY-016,2026,2985,2026-11-01,,outstanding
TAX-002731,ASM-002731,PROP-00911,CTY-016,2024,2201,2024-11-01,2024-10-08,paid
TAX-002732,ASM-002732,PROP-00911,CTY-016,2025,2288,2025-11-01,2025-10-29,paid
TAX-002733,ASM-002733,PROP-00911,CTY-016,2026,2430,2026-11-01,,outstanding
TAX-002734,ASM-002734,PROP-00912,CTY-016,2024,2120,2024-11-01,2024-10-29,paid
TAX-002735,ASM-002735,PROP-00912,CTY-016,2025,2215,2025-11-01,2025-10-30,paid
TAX-002736,ASM-002736,PROP-00912,CTY-016,2026,2297,2026-11-01,,outstanding
TAX-002737,ASM-002737,PROP-00913,CTY-016,2024,1942,2024-11-01,2024-10-02,paid
TAX-002738,ASM-002738,PROP-00913,CTY-016,2025,2035,2025-11-01,2025-10-26,paid
TAX-002739,ASM-002739,PROP-00913,CTY-016,2026,2163,2026-11-01,,outstanding
TAX-002740,ASM-002740,PROP-00914,CTY-016,2024,1925,2024-11-01,2024-09-24,paid
TAX-002741,ASM-002741,PROP-00914,CTY-016,2025,2022,2025-11-01,2025-11-01,paid
TAX-002742,ASM-002742,PROP-00914,CTY-016,2026,2164,2026-11-01,,outstanding
TAX-002743,ASM-002743,PROP-00915,CTY-016,2024,1946,2024-11-01,2024-10-28,paid
TAX-002744,ASM-002744,PROP-00915,CTY-016,2025,2081,2025-11-01,2025-10-01,paid
TAX-002745,ASM-002745,PROP-00915,CTY-016,2026,2196,2026-11-01,,outstanding
TAX-002746,ASM-002746,PROP-00916,CTY-016,2024,2643,2024-11-01,2024-10-01,paid
TAX-002747,ASM-002747,PROP-00916,CTY-016,2025,2743,2025-11-01,2025-11-01,paid
TAX-002748,ASM-002748,PROP-00916,CTY-016,2026,2876,2026-11-01,,outstanding
TAX-002749,ASM-002749,PROP-00917,CTY-016,2024,2392,2024-11-01,2024-10-23,paid
TAX-002750,ASM-002750,PROP-00917,CTY-016,2025,2473,2025-11-01,2025-10-05,paid
TAX-002751,ASM-002751,PROP-00917,CTY-016,2026,2618,2026-11-01,,outstanding
TAX-002752,ASM-002752,PROP-00918,CTY-016,2024,2495,2024-11-01,2024-10-14,paid
TAX-002753,ASM-002753,PROP-00918,CTY-016,2025,2595,2025-11-01,2025-10-22,paid
TAX-002754,ASM-002754,PROP-00918,CTY-016,2026,2708,2026-11-01,,outstanding
TAX-002755,ASM-002755,PROP-00919,CTY-016,2024,2212,2024-11-01,2024-10-18,paid
TAX-002756,ASM-002756,PROP-00919,CTY-016,2025,2343,2025-11-01,2025-09-23,paid
TAX-002757,ASM-002757,PROP-00919,CTY-016,2026,2425,2026-11-01,,outstanding
TAX-002758,ASM-002758,PROP-00920,CTY-016,2024,2623,2024-11-01,2024-10-26,paid
TAX-002759,ASM-002759,PROP-00920,CTY-016,2025,2769,2025-11-01,2025-10-16,paid
TAX-002760,ASM-002760,PROP-00920,CTY-016,2026,2923,2026-11-01,,outstanding
TAX-002761,ASM-002761,PROP-00921,CTY-016,2024,2553,2024-11-01,2024-10-13,paid
TAX-002762,ASM-002762,PROP-00921,CTY-016,2025,2724,2025-11-01,2025-09-23,paid
TAX-002763,ASM-002763,PROP-00921,CTY-016,2026,2907,2026-11-01,,outstanding
TAX-002764,ASM-002764,PROP-00922,CTY-016,2024,2827,2024-11-01,2024-10-23,paid
TAX-002765,ASM-002765,PROP-00922,CTY-016,2025,2971,2025-11-01,2025-10-23,paid
TAX-002766,ASM-002766,PROP-00922,CTY-016,2026,3091,2026-11-01,,outstanding
TAX-002767,ASM-002767,PROP-00923,CTY-016,2024,2386,2024-11-01,2024-10-26,paid
TAX-002768,ASM-002768,PROP-00923,CTY-016,2025,2475,2025-11-01,2025-10-23,paid
TAX-002769,ASM-002769,PROP-00923,CTY-016,2026,2650,2026-11-01,,outstanding
TAX-002770,ASM-002770,PROP-00924,CTY-016,2024,2542,2024-11-01,2024-10-29,paid
TAX-002771,ASM-002771,PROP-00924,CTY-016,2025,2654,2025-11-01,2025-09-24,paid
TAX-002772,ASM-002772,PROP-00924,CTY-016,2026,2731,2026-11-01,,outstanding
TAX-002773,ASM-002773,PROP-00925,CTY-016,2024,2824,2024-11-01,2024-10-15,paid
TAX-002774,ASM-002774,PROP-00925,CTY-016,2025,2997,2025-11-01,2025-10-06,paid
TAX-002775,ASM-002775,PROP-00925,CTY-016,2026,3156,2026-11-01,,outstanding
TAX-002776,ASM-002776,PROP-00926,CTY-016,2024,2318,2024-11-01,2024-10-31,paid
TAX-002777,ASM-002777,PROP-00926,CTY-016,2025,2461,2025-11-01,2025-09-25,paid
TAX-002778,ASM-002778,PROP-00926,CTY-016,2026,2561,2026-11-01,,outstanding
TAX-002779,ASM-002779,PROP-00927,CTY-016,2024,2423,2024-11-01,2024-09-27,paid
TAX-002780,ASM-002780,PROP-00927,CTY-016,2025,2497,2025-11-01,2025-10-10,paid
TAX-002781,ASM-002781,PROP-00927,CTY-016,2026,2584,2026-11-01,,outstanding
TAX-002782,ASM-002782,PROP-00928,CTY-016,2024,2554,2024-11-01,2024-10-14,paid
TAX-002783,ASM-002783,PROP-00928,CTY-016,2025,2670,2025-11-01,2025-09-23,paid
TAX-002784,ASM-002784,PROP-00928,CTY-016,2026,2757,2026-11-01,,outstanding
TAX-002785,ASM-002785,PROP-00929,CTY-016,2024,2835,2024-11-01,2024-10-20,paid
TAX-002786,ASM-002786,PROP-00929,CTY-016,2025,3018,2025-11-01,2025-09-30,paid
TAX-002787,ASM-002787,PROP-00929,CTY-016,2026,3173,2026-11-01,,outstanding
TAX-002788,ASM-002788,PROP-00930,CTY-016,2024,2369,2024-11-01,2024-10-26,paid
TAX-002789,ASM-002789,PROP-00930,CTY-016,2025,2523,2025-11-01,2025-10-06,paid
TAX-002790,ASM-002790,PROP-00930,CTY-016,2026,2632,2026-11-01,,outstanding
TAX-002791,ASM-002791,PROP-00931,CTY-016,2024,2590,2024-11-01,2024-10-31,paid
TAX-002792,ASM-002792,PROP-00931,CTY-016,2025,2692,2025-11-01,2025-10-04,paid
TAX-002793,ASM-002793,PROP-00931,CTY-016,2026,2842,2026-11-01,,outstanding
TAX-002794,ASM-002794,PROP-00932,CTY-016,2024,2731,2024-11-01,2024-10-13,paid
TAX-002795,ASM-002795,PROP-00932,CTY-016,2025,2910,2025-11-01,2025-10-10,paid
TAX-002796,ASM-002796,PROP-00932,CTY-016,2026,3089,2026-11-01,,outstanding
TAX-002797,ASM-002797,PROP-00933,CTY-016,2024,2523,2024-11-01,2024-10-05,paid
TAX-002798,ASM-002798,PROP-00933,CTY-016,2025,2641,2025-11-01,2025-10-10,paid
TAX-002799,ASM-002799,PROP-00933,CTY-016,2026,2815,2026-11-01,,outstanding
TAX-002800,ASM-002800,PROP-00934,CTY-016,2024,1949,2024-11-01,2024-10-11,paid
TAX-002801,ASM-002801,PROP-00934,CTY-016,2025,2026,2025-11-01,2025-10-20,paid
TAX-002802,ASM-002802,PROP-00934,CTY-016,2026,2132,2026-11-01,,outstanding
TAX-002803,ASM-002803,PROP-00935,CTY-016,2024,2604,2024-11-01,2024-10-19,paid
TAX-002804,ASM-002804,PROP-00935,CTY-016,2025,2780,2025-11-01,2025-10-17,paid
TAX-002805,ASM-002805,PROP-00935,CTY-016,2026,2863,2026-11-01,,outstanding
TAX-002806,ASM-002806,PROP-00936,CTY-016,2024,2559,2024-11-01,2024-09-25,paid
TAX-002807,ASM-002807,PROP-00936,CTY-016,2025,2651,2025-11-01,2025-10-16,paid
TAX-002808,ASM-002808,PROP-00936,CTY-016,2026,2768,2026-11-01,,outstanding
TAX-002809,ASM-002809,PROP-00937,CTY-016,2024,2739,2024-11-01,2024-10-12,paid
TAX-002810,ASM-002810,PROP-00937,CTY-016,2025,2902,2025-11-01,2025-09-28,paid
TAX-002811,ASM-002811,PROP-00937,CTY-016,2026,2991,2026-11-01,,outstanding
TAX-002812,ASM-002812,PROP-00938,CTY-016,2024,2092,2024-11-01,2024-10-15,paid
TAX-002813,ASM-002813,PROP-00938,CTY-016,2025,2215,2025-11-01,2025-10-13,paid
TAX-002814,ASM-002814,PROP-00938,CTY-016,2026,2372,2026-11-01,,outstanding
TAX-002815,ASM-002815,PROP-00939,CTY-016,2024,2328,2024-11-01,2024-10-10,paid
TAX-002816,ASM-002816,PROP-00939,CTY-016,2025,2407,2025-11-01,2025-10-06,paid
TAX-002817,ASM-002817,PROP-00939,CTY-016,2026,2501,2026-11-01,,outstanding
TAX-002818,ASM-002818,PROP-00940,CTY-016,2024,2042,2024-11-01,2024-10-24,paid
TAX-002819,ASM-002819,PROP-00940,CTY-016,2025,2117,2025-11-01,2025-10-11,paid
TAX-002820,ASM-002820,PROP-00940,CTY-016,2026,2206,2026-11-01,,outstanding
TAX-002821,ASM-002821,PROP-00941,CTY-016,2024,2328,2024-11-01,2024-10-17,paid
TAX-002822,ASM-002822,PROP-00941,CTY-016,2025,2433,2025-11-01,2025-10-19,paid
TAX-002823,ASM-002823,PROP-00941,CTY-016,2026,2596,2026-11-01,,outstanding
TAX-002824,ASM-002824,PROP-00942,CTY-016,2024,2715,2024-11-01,2024-09-30,paid
TAX-002825,ASM-002825,PROP-00942,CTY-016,2025,2807,2025-11-01,2025-10-02,paid
TAX-002826,ASM-002826,PROP-00942,CTY-016,2026,2983,2026-11-01,,outstanding
TAX-002827,ASM-002827,PROP-00943,CTY-016,2024,2115,2024-11-01,2024-10-07,paid
TAX-002828,ASM-002828,PROP-00943,CTY-016,2025,2233,2025-11-01,2025-10-03,paid
TAX-002829,ASM-002829,PROP-00943,CTY-016,2026,2303,2026-11-01,,outstanding
TAX-002830,ASM-002830,PROP-00944,CTY-016,2024,2427,2024-11-01,2024-09-30,paid
TAX-002831,ASM-002831,PROP-00944,CTY-016,2025,2507,2025-11-01,2025-10-16,paid
TAX-002832,ASM-002832,PROP-00944,CTY-016,2026,2682,2026-11-01,,outstanding
TAX-002833,ASM-002833,PROP-00945,CTY-016,2024,2204,2024-11-01,2024-10-12,paid
TAX-002834,ASM-002834,PROP-00945,CTY-016,2025,2304,2025-11-01,2025-10-18,paid
TAX-002835,ASM-002835,PROP-00945,CTY-016,2026,2413,2026-11-01,,outstanding
TAX-002836,ASM-002836,PROP-00946,CTY-016,2024,2407,2024-11-01,2024-10-08,paid
TAX-002837,ASM-002837,PROP-00946,CTY-016,2025,2507,2025-11-01,2025-09-26,paid
TAX-002838,ASM-002838,PROP-00946,CTY-016,2026,2634,2026-11-01,,outstanding
TAX-002839,ASM-002839,PROP-00947,CTY-016,2024,2399,2024-11-01,2024-10-31,paid
TAX-002840,ASM-002840,PROP-00947,CTY-016,2025,2506,2025-11-01,2025-10-04,paid
TAX-002841,ASM-002841,PROP-00947,CTY-016,2026,2674,2026-11-01,,outstanding
TAX-002842,ASM-002842,PROP-00948,CTY-016,2024,2526,2024-11-01,2024-09-24,paid
TAX-002843,ASM-002843,PROP-00948,CTY-016,2025,2622,2025-11-01,2025-10-08,paid
TAX-002844,ASM-002844,PROP-00948,CTY-016,2026,2710,2026-11-01,,outstanding
TAX-002845,ASM-002845,PROP-00949,CTY-016,2024,2304,2024-11-01,2024-10-30,paid
TAX-002846,ASM-002846,PROP-00949,CTY-016,2025,2398,2025-11-01,2025-10-25,paid
TAX-002847,ASM-002847,PROP-00949,CTY-016,2026,2471,2026-11-01,,outstanding
TAX-002848,ASM-002848,PROP-00950,CTY-016,2024,2134,2024-11-01,2024-10-01,paid
TAX-002849,ASM-002849,PROP-00950,CTY-016,2025,2197,2025-11-01,2025-09-28,paid
TAX-002850,ASM-002850,PROP-00950,CTY-016,2026,2295,2026-11-01,,outstanding
TAX-002851,ASM-002851,PROP-00951,CTY-016,2024,2241,2024-11-01,2024-10-25,paid
TAX-002852,ASM-002852,PROP-00951,CTY-016,2025,2363,2025-11-01,2025-10-28,paid
TAX-002853,ASM-002853,PROP-00951,CTY-016,2026,2508,2026-11-01,,outstanding
TAX-002854,ASM-002854,PROP-00952,CTY-015,2024,2770,2024-11-01,2024-09-22,paid
TAX-002855,ASM-002855,PROP-00952,CTY-015,2025,2871,2025-11-01,2025-10-22,paid
TAX-002856,ASM-002856,PROP-00952,CTY-015,2026,3038,2026-11-01,,outstanding
TAX-002857,ASM-002857,PROP-00953,CTY-015,2024,2664,2024-11-01,2024-10-02,paid
TAX-002858,ASM-002858,PROP-00953,CTY-015,2025,2753,2025-11-01,2025-10-05,paid
TAX-002859,ASM-002859,PROP-00953,CTY-015,2026,2857,2026-11-01,,outstanding
TAX-002860,ASM-002860,PROP-00954,CTY-015,2024,2499,2024-11-01,2024-10-06,paid
TAX-002861,ASM-002861,PROP-00954,CTY-015,2025,2598,2025-11-01,2025-09-27,paid
TAX-002862,ASM-002862,PROP-00954,CTY-015,2026,2728,2026-11-01,,outstanding
TAX-002863,ASM-002863,PROP-00955,CTY-015,2024,2399,2024-11-01,2024-10-20,paid
TAX-002864,ASM-002864,PROP-00955,CTY-015,2025,2540,2025-11-01,2025-10-13,paid
TAX-002865,ASM-002865,PROP-00955,CTY-015,2026,2688,2026-11-01,,outstanding
TAX-002866,ASM-002866,PROP-00956,CTY-015,2024,2596,2024-11-01,2024-10-24,paid
TAX-002867,ASM-002867,PROP-00956,CTY-015,2025,2696,2025-11-01,2025-10-19,paid
TAX-002868,ASM-002868,PROP-00956,CTY-015,2026,2867,2026-11-01,,outstanding
TAX-002869,ASM-002869,PROP-00957,CTY-015,2024,2726,2024-11-01,2024-09-22,paid
TAX-002870,ASM-002870,PROP-00957,CTY-015,2025,2832,2025-11-01,2025-10-30,paid
TAX-002871,ASM-002871,PROP-00957,CTY-015,2026,2983,2026-11-01,,outstanding
TAX-002872,ASM-002872,PROP-00958,CTY-015,2024,2624,2024-11-01,2024-10-26,paid
TAX-002873,ASM-002873,PROP-00958,CTY-015,2025,2752,2025-11-01,2025-09-24,paid
TAX-002874,ASM-002874,PROP-00958,CTY-015,2026,2855,2026-11-01,,outstanding
TAX-002875,ASM-002875,PROP-00959,CTY-015,2024,2315,2024-11-01,2024-09-30,paid
TAX-002876,ASM-002876,PROP-00959,CTY-015,2025,2420,2025-11-01,2025-10-11,paid
TAX-002877,ASM-002877,PROP-00959,CTY-015,2026,2520,2026-11-01,,outstanding
TAX-002878,ASM-002878,PROP-00960,CTY-015,2024,2083,2024-11-01,2024-10-02,paid
TAX-002879,ASM-002879,PROP-00960,CTY-015,2025,2201,2025-11-01,2025-10-20,paid
TAX-002880,ASM-002880,PROP-00960,CTY-015,2026,2346,2026-11-01,,outstanding
TAX-002881,ASM-002881,PROP-00961,CTY-015,2024,2940,2024-11-01,2024-10-15,paid
TAX-002882,ASM-002882,PROP-00961,CTY-015,2025,3081,2025-11-01,2025-09-30,paid
TAX-002883,ASM-002883,PROP-00961,CTY-015,2026,3204,2026-11-01,,outstanding
TAX-002884,ASM-002884,PROP-00962,CTY-015,2024,2998,2024-11-01,2024-09-27,paid
TAX-002885,ASM-002885,PROP-00962,CTY-015,2025,3190,2025-11-01,2025-10-01,paid
TAX-002886,ASM-002886,PROP-00962,CTY-015,2026,3317,2026-11-01,,outstanding
TAX-002887,ASM-002887,PROP-00963,CTY-015,2024,2746,2024-11-01,2024-10-29,paid
TAX-002888,ASM-002888,PROP-00963,CTY-015,2025,2879,2025-11-01,2025-10-02,paid
TAX-002889,ASM-002889,PROP-00963,CTY-015,2026,3011,2026-11-01,,outstanding
TAX-002890,ASM-002890,PROP-00964,CTY-015,2024,2665,2024-11-01,2024-10-19,paid
TAX-002891,ASM-002891,PROP-00964,CTY-015,2025,2756,2025-11-01,2025-10-07,paid
TAX-002892,ASM-002892,PROP-00964,CTY-015,2026,2853,2026-11-01,,outstanding
TAX-002893,ASM-002893,PROP-00965,CTY-015,2024,2446,2024-11-01,2024-10-29,paid
TAX-002894,ASM-002894,PROP-00965,CTY-015,2025,2550,2025-11-01,2025-10-19,paid
TAX-002895,ASM-002895,PROP-00965,CTY-015,2026,2665,2026-11-01,,outstanding
TAX-002896,ASM-002896,PROP-00966,CTY-015,2024,2294,2024-11-01,2024-10-06,paid
TAX-002897,ASM-002897,PROP-00966,CTY-015,2025,2414,2025-11-01,2025-09-30,paid
TAX-002898,ASM-002898,PROP-00966,CTY-015,2026,2514,2026-11-01,,outstanding
TAX-002899,ASM-002899,PROP-00967,CTY-015,2024,2506,2024-11-01,2024-10-14,paid
TAX-002900,ASM-002900,PROP-00967,CTY-015,2025,2670,2025-11-01,2025-09-28,paid
TAX-002901,ASM-002901,PROP-00967,CTY-015,2026,2839,2026-11-01,,outstanding
TAX-002902,ASM-002902,PROP-00968,CTY-015,2024,2605,2024-11-01,2024-10-26,paid
TAX-002903,ASM-002903,PROP-00968,CTY-015,2025,2675,2025-11-01,2025-10-29,paid
TAX-002904,ASM-002904,PROP-00968,CTY-015,2026,2777,2026-11-01,,outstanding
TAX-002905,ASM-002905,PROP-00969,CTY-015,2024,2826,2024-11-01,2024-10-09,paid
TAX-002906,ASM-002906,PROP-00969,CTY-015,2025,2983,2025-11-01,2025-10-28,paid
TAX-002907,ASM-002907,PROP-00969,CTY-015,2026,3067,2026-11-01,,outstanding
TAX-002908,ASM-002908,PROP-00970,CTY-015,2024,2633,2024-11-01,2024-10-29,paid
TAX-002909,ASM-002909,PROP-00970,CTY-015,2025,2776,2025-11-01,2025-10-24,paid
TAX-002910,ASM-002910,PROP-00970,CTY-015,2026,2916,2026-11-01,,outstanding
TAX-002911,ASM-002911,PROP-00971,CTY-015,2024,2778,2024-11-01,2024-10-16,paid
TAX-002912,ASM-002912,PROP-00971,CTY-015,2025,2922,2025-11-01,2025-10-12,paid
TAX-002913,ASM-002913,PROP-00971,CTY-015,2026,3055,2026-11-01,,outstanding
TAX-002914,ASM-002914,PROP-00972,CTY-015,2024,2879,2024-11-01,2024-10-31,paid
TAX-002915,ASM-002915,PROP-00972,CTY-015,2025,3031,2025-11-01,2025-10-22,paid
TAX-002916,ASM-002916,PROP-00972,CTY-015,2026,3223,2026-11-01,,outstanding
TAX-002917,ASM-002917,PROP-00973,CTY-015,2024,2787,2024-11-01,2024-10-01,paid
TAX-002918,ASM-002918,PROP-00973,CTY-015,2025,2962,2025-11-01,2025-10-08,paid
TAX-002919,ASM-002919,PROP-00973,CTY-015,2026,3067,2026-11-01,,outstanding
TAX-002920,ASM-002920,PROP-00974,CTY-015,2024,2558,2024-11-01,2024-10-25,paid
TAX-002921,ASM-002921,PROP-00974,CTY-015,2025,2671,2025-11-01,2025-09-25,paid
TAX-002922,ASM-002922,PROP-00974,CTY-015,2026,2786,2026-11-01,,outstanding
TAX-002923,ASM-002923,PROP-00975,CTY-015,2024,3128,2024-11-01,2024-09-27,paid
TAX-002924,ASM-002924,PROP-00975,CTY-015,2025,3272,2025-11-01,2025-09-22,paid
TAX-002925,ASM-002925,PROP-00975,CTY-015,2026,3396,2026-11-01,,outstanding
TAX-002926,ASM-002926,PROP-00976,CTY-015,2024,2590,2024-11-01,2024-10-13,paid
TAX-002927,ASM-002927,PROP-00976,CTY-015,2025,2666,2025-11-01,2025-10-07,paid
TAX-002928,ASM-002928,PROP-00976,CTY-015,2026,2809,2026-11-01,,outstanding
TAX-002929,ASM-002929,PROP-00977,CTY-015,2024,2254,2024-11-01,2024-10-15,paid
TAX-002930,ASM-002930,PROP-00977,CTY-015,2025,2390,2025-11-01,2025-10-01,paid
TAX-002931,ASM-002931,PROP-00977,CTY-015,2026,2491,2026-11-01,,outstanding
TAX-002932,ASM-002932,PROP-00978,CTY-015,2024,2545,2024-11-01,2024-10-10,paid
TAX-002933,ASM-002933,PROP-00978,CTY-015,2025,2653,2025-11-01,2025-10-22,paid
TAX-002934,ASM-002934,PROP-00978,CTY-015,2026,2796,2026-11-01,,outstanding
TAX-002935,ASM-002935,PROP-00979,CTY-017,2024,7903,2024-11-01,2024-10-24,paid
TAX-002936,ASM-002936,PROP-00979,CTY-017,2025,8783,2025-11-01,2025-10-02,paid
TAX-002937,ASM-002937,PROP-00979,CTY-017,2026,9572,2026-11-01,,outstanding
TAX-002938,ASM-002938,PROP-00980,CTY-017,2024,6256,2024-11-01,2024-10-23,paid
TAX-002939,ASM-002939,PROP-00980,CTY-017,2025,6732,2025-11-01,2025-09-24,paid
TAX-002940,ASM-002940,PROP-00980,CTY-017,2026,7101,2026-11-01,,outstanding
TAX-002941,ASM-002941,PROP-00981,CTY-017,2024,5895,2024-11-01,2024-10-07,paid
TAX-002942,ASM-002942,PROP-00981,CTY-017,2025,6408,2025-11-01,2025-10-31,paid
TAX-002943,ASM-002943,PROP-00981,CTY-017,2026,7014,2026-11-01,,outstanding
TAX-002944,ASM-002944,PROP-00982,CTY-017,2024,7327,2024-11-01,2024-09-29,paid
TAX-002945,ASM-002945,PROP-00982,CTY-017,2025,7730,2025-11-01,2025-10-25,paid
TAX-002946,ASM-002946,PROP-00982,CTY-017,2026,8359,2026-11-01,,outstanding
TAX-002947,ASM-002947,PROP-00983,CTY-017,2024,6522,2024-11-01,2024-11-01,paid
TAX-002948,ASM-002948,PROP-00983,CTY-017,2025,7220,2025-11-01,2025-10-16,paid
TAX-002949,ASM-002949,PROP-00983,CTY-017,2026,7919,2026-11-01,,outstanding
TAX-002950,ASM-002950,PROP-00984,CTY-017,2024,6159,2024-11-01,2024-09-26,paid
TAX-002951,ASM-002951,PROP-00984,CTY-017,2025,6806,2025-11-01,2025-10-06,paid
TAX-002952,ASM-002952,PROP-00984,CTY-017,2026,7332,2026-11-01,,outstanding
TAX-002953,ASM-002953,PROP-00985,CTY-017,2024,6540,2024-11-01,2024-09-25,paid
TAX-002954,ASM-002954,PROP-00985,CTY-017,2025,7167,2025-11-01,2025-10-04,paid
TAX-002955,ASM-002955,PROP-00985,CTY-017,2026,7765,2026-11-01,,outstanding
TAX-002956,ASM-002956,PROP-00986,CTY-017,2024,6460,2024-11-01,2024-09-30,paid
TAX-002957,ASM-002957,PROP-00986,CTY-017,2025,6986,2025-11-01,2025-09-24,paid
TAX-002958,ASM-002958,PROP-00986,CTY-017,2026,7766,2026-11-01,,outstanding
TAX-002959,ASM-002959,PROP-00987,CTY-017,2024,6937,2024-11-01,2024-09-29,paid
TAX-002960,ASM-002960,PROP-00987,CTY-017,2025,7360,2025-11-01,2025-10-21,paid
TAX-002961,ASM-002961,PROP-00987,CTY-017,2026,8096,2026-11-01,,outstanding
TAX-002962,ASM-002962,PROP-00988,CTY-017,2024,6800,2024-11-01,2024-09-24,paid
TAX-002963,ASM-002963,PROP-00988,CTY-017,2025,7471,2025-11-01,2025-10-23,paid
TAX-002964,ASM-002964,PROP-00988,CTY-017,2026,8207,2026-11-01,,outstanding
TAX-002965,ASM-002965,PROP-00989,CTY-017,2024,5512,2024-11-01,2024-10-19,paid
TAX-002966,ASM-002966,PROP-00989,CTY-017,2025,5809,2025-11-01,2025-10-24,paid
TAX-002967,ASM-002967,PROP-00989,CTY-017,2026,6411,2026-11-01,,outstanding
TAX-002968,ASM-002968,PROP-00990,CTY-017,2024,6252,2024-11-01,2024-10-28,paid
TAX-002969,ASM-002969,PROP-00990,CTY-017,2025,6557,2025-11-01,2025-10-22,paid
TAX-002970,ASM-002970,PROP-00990,CTY-017,2026,7252,2026-11-01,,outstanding
TAX-002971,ASM-002971,PROP-00991,CTY-017,2024,7098,2024-11-01,2024-09-27,paid
TAX-002972,ASM-002972,PROP-00991,CTY-017,2025,7353,2025-11-01,2025-09-28,paid
TAX-002973,ASM-002973,PROP-00991,CTY-017,2026,8464,2026-11-01,,outstanding
TAX-002974,ASM-002974,PROP-00992,CTY-017,2024,7436,2024-11-01,2024-11-01,paid
TAX-002975,ASM-002975,PROP-00992,CTY-017,2025,8150,2025-11-01,2025-10-29,paid
TAX-002976,ASM-002976,PROP-00992,CTY-017,2026,9044,2026-11-01,,outstanding
TAX-002977,ASM-002977,PROP-00993,CTY-017,2024,7213,2024-11-01,2024-10-12,paid
TAX-002978,ASM-002978,PROP-00993,CTY-017,2025,7776,2025-11-01,2025-10-16,paid
TAX-002979,ASM-002979,PROP-00993,CTY-017,2026,8564,2026-11-01,,outstanding
TAX-002980,ASM-002980,PROP-00994,CTY-017,2024,9034,2024-11-01,2024-09-26,paid
TAX-002981,ASM-002981,PROP-00994,CTY-017,2025,9723,2025-11-01,2025-10-08,paid
TAX-002982,ASM-002982,PROP-00994,CTY-017,2026,10218,2026-11-01,,outstanding
TAX-002983,ASM-002983,PROP-00995,CTY-017,2024,5590,2024-11-01,2024-10-24,paid
TAX-002984,ASM-002984,PROP-00995,CTY-017,2025,6022,2025-11-01,2025-10-17,paid
TAX-002985,ASM-002985,PROP-00995,CTY-017,2026,6712,2026-11-01,,outstanding
TAX-002986,ASM-002986,PROP-00996,CTY-017,2024,8660,2024-11-01,2024-09-30,paid
TAX-002987,ASM-002987,PROP-00996,CTY-017,2025,9197,2025-11-01,2025-10-25,paid
TAX-002988,ASM-002988,PROP-00996,CTY-017,2026,9706,2026-11-01,,outstanding
TAX-002989,ASM-002989,PROP-00997,CTY-017,2024,5865,2024-11-01,2024-09-27,paid
TAX-002990,ASM-002990,PROP-00997,CTY-017,2025,6526,2025-11-01,2025-09-24,paid
TAX-002991,ASM-002991,PROP-00997,CTY-017,2026,7159,2026-11-01,,outstanding
TAX-002992,ASM-002992,PROP-00998,CTY-017,2024,7854,2024-11-01,2024-10-23,paid
TAX-002993,ASM-002993,PROP-00998,CTY-017,2025,8673,2025-11-01,2025-10-13,paid
TAX-002994,ASM-002994,PROP-00998,CTY-017,2026,9518,2026-11-01,,outstanding
TAX-002995,ASM-002995,PROP-00999,CTY-017,2024,6807,2024-11-01,2024-10-17,paid
TAX-002996,ASM-002996,PROP-00999,CTY-017,2025,7365,2025-11-01,2025-10-07,paid
TAX-002997,ASM-002997,PROP-00999,CTY-017,2026,8158,2026-11-01,,outstanding
TAX-002998,ASM-002998,PROP-01000,CTY-017,2024,6965,2024-11-01,2024-10-14,paid
TAX-002999,ASM-002999,PROP-01000,CTY-017,2025,7560,2025-11-01,2025-10-02,paid
TAX-003000,ASM-003000,PROP-01000,CTY-017,2026,8359,2026-11-01,,outstanding
TAX-003001,ASM-003001,PROP-01001,CTY-017,2024,6878,2024-11-01,2024-10-09,paid
TAX-003002,ASM-003002,PROP-01001,CTY-017,2025,7239,2025-11-01,2025-10-03,paid
TAX-003003,ASM-003003,PROP-01001,CTY-017,2026,7776,2026-11-01,,outstanding
TAX-003004,ASM-003004,PROP-01002,CTY-017,2024,6043,2024-11-01,2024-10-29,paid
TAX-003005,ASM-003005,PROP-01002,CTY-017,2025,6623,2025-11-01,2025-10-02,paid
TAX-003006,ASM-003006,PROP-01002,CTY-017,2026,7016,2026-11-01,,outstanding
TAX-003007,ASM-003007,PROP-01003,CTY-017,2024,6944,2024-11-01,2024-10-30,paid
TAX-003008,ASM-003008,PROP-01003,CTY-017,2025,7332,2025-11-01,2025-09-22,paid
TAX-003009,ASM-003009,PROP-01003,CTY-017,2026,7743,2026-11-01,,outstanding
TAX-003010,ASM-003010,PROP-01004,CTY-017,2024,6579,2024-11-01,2024-10-26,paid
TAX-003011,ASM-003011,PROP-01004,CTY-017,2025,7167,2025-11-01,2025-10-30,paid
TAX-003012,ASM-003012,PROP-01004,CTY-017,2026,7567,2026-11-01,,outstanding
TAX-003013,ASM-003013,PROP-01005,CTY-017,2024,8216,2024-11-01,2024-10-23,paid
TAX-003014,ASM-003014,PROP-01005,CTY-017,2025,9166,2025-11-01,2025-10-04,paid
TAX-003015,ASM-003015,PROP-01005,CTY-017,2026,10104,2026-11-01,,outstanding
TAX-003016,ASM-003016,PROP-01006,CTY-017,2024,7425,2024-11-01,2024-10-06,paid
TAX-003017,ASM-003017,PROP-01006,CTY-017,2025,8242,2025-11-01,2025-10-26,paid
TAX-003018,ASM-003018,PROP-01006,CTY-017,2026,8879,2026-11-01,,outstanding
TAX-003019,ASM-003019,PROP-01007,CTY-017,2024,8514,2024-11-01,2024-09-25,paid
TAX-003020,ASM-003020,PROP-01007,CTY-017,2025,9107,2025-11-01,2025-10-16,paid
TAX-003021,ASM-003021,PROP-01007,CTY-017,2026,9811,2026-11-01,,outstanding
TAX-003022,ASM-003022,PROP-01008,CTY-017,2024,6938,2024-11-01,2024-10-15,paid
TAX-003023,ASM-003023,PROP-01008,CTY-017,2025,7580,2025-11-01,2025-09-24,paid
TAX-003024,ASM-003024,PROP-01008,CTY-017,2026,8281,2026-11-01,,outstanding
TAX-003025,ASM-003025,PROP-01009,CTY-017,2024,6479,2024-11-01,2024-10-01,paid
TAX-003026,ASM-003026,PROP-01009,CTY-017,2025,7204,2025-11-01,2025-09-23,paid
TAX-003027,ASM-003027,PROP-01009,CTY-017,2026,7710,2026-11-01,,outstanding
TAX-003028,ASM-003028,PROP-01010,CTY-017,2024,7308,2024-11-01,2024-10-19,paid
TAX-003029,ASM-003029,PROP-01010,CTY-017,2025,8101,2025-11-01,2025-10-06,paid
TAX-003030,ASM-003030,PROP-01010,CTY-017,2026,8512,2026-11-01,,outstanding
TAX-003031,ASM-003031,PROP-01011,CTY-017,2024,7179,2024-11-01,2024-10-14,paid
TAX-003032,ASM-003032,PROP-01011,CTY-017,2025,7682,2025-11-01,2025-10-18,paid
TAX-003033,ASM-003033,PROP-01011,CTY-017,2026,8380,2026-11-01,,outstanding
TAX-003034,ASM-003034,PROP-01012,CTY-017,2024,6631,2024-11-01,2024-10-03,paid
TAX-003035,ASM-003035,PROP-01012,CTY-017,2025,7197,2025-11-01,2025-10-28,paid
TAX-003036,ASM-003036,PROP-01012,CTY-017,2026,7395,2026-11-01,,outstanding
TAX-003037,ASM-003037,PROP-01013,CTY-017,2024,7965,2024-11-01,2024-09-22,paid
TAX-003038,ASM-003038,PROP-01013,CTY-017,2025,8375,2025-11-01,2025-10-24,paid
TAX-003039,ASM-003039,PROP-01013,CTY-017,2026,8851,2026-11-01,,outstanding
TAX-003040,ASM-003040,PROP-01014,CTY-017,2024,7606,2024-11-01,2024-09-27,paid
TAX-003041,ASM-003041,PROP-01014,CTY-017,2025,8259,2025-11-01,2025-10-10,paid
TAX-003042,ASM-003042,PROP-01014,CTY-017,2026,8947,2026-11-01,,outstanding
TAX-003043,ASM-003043,PROP-01015,CTY-017,2024,6359,2024-11-01,2024-10-27,paid
TAX-003044,ASM-003044,PROP-01015,CTY-017,2025,6964,2025-11-01,2025-10-17,paid
TAX-003045,ASM-003045,PROP-01015,CTY-017,2026,7532,2026-11-01,,outstanding
TAX-003046,ASM-003046,PROP-01016,CTY-017,2024,5591,2024-11-01,2024-09-24,paid
TAX-003047,ASM-003047,PROP-01016,CTY-017,2025,6112,2025-11-01,2025-11-01,paid
TAX-003048,ASM-003048,PROP-01016,CTY-017,2026,6651,2026-11-01,,outstanding
TAX-003049,ASM-003049,PROP-01017,CTY-017,2024,7469,2024-11-01,2024-10-16,paid
TAX-003050,ASM-003050,PROP-01017,CTY-017,2025,8029,2025-11-01,2025-10-20,paid
TAX-003051,ASM-003051,PROP-01017,CTY-017,2026,8478,2026-11-01,,outstanding
TAX-003052,ASM-003052,PROP-01018,CTY-017,2024,8161,2024-11-01,2024-10-15,paid
TAX-003053,ASM-003053,PROP-01018,CTY-017,2025,9078,2025-11-01,2025-09-23,paid
TAX-003054,ASM-003054,PROP-01018,CTY-017,2026,10071,2026-11-01,,outstanding
TAX-003055,ASM-003055,PROP-01019,CTY-017,2024,7838,2024-11-01,2024-09-29,paid
TAX-003056,ASM-003056,PROP-01019,CTY-017,2025,8404,2025-11-01,2025-09-30,paid
TAX-003057,ASM-003057,PROP-01019,CTY-017,2026,8981,2026-11-01,,outstanding
TAX-003058,ASM-003058,PROP-01020,CTY-017,2024,6597,2024-11-01,2024-10-19,paid
TAX-003059,ASM-003059,PROP-01020,CTY-017,2025,7189,2025-11-01,2025-11-01,paid
TAX-003060,ASM-003060,PROP-01020,CTY-017,2026,7913,2026-11-01,,outstanding
TAX-003061,ASM-003061,PROP-01021,CTY-017,2024,7702,2024-11-01,2024-10-26,paid
TAX-003062,ASM-003062,PROP-01021,CTY-017,2025,8071,2025-11-01,2025-10-28,paid
TAX-003063,ASM-003063,PROP-01021,CTY-017,2026,8538,2026-11-01,,outstanding
TAX-003064,ASM-003064,PROP-01022,CTY-017,2024,7548,2024-11-01,2024-10-02,paid
TAX-003065,ASM-003065,PROP-01022,CTY-017,2025,7986,2025-11-01,2025-10-18,paid
TAX-003066,ASM-003066,PROP-01022,CTY-017,2026,8575,2026-11-01,,outstanding
TAX-003067,ASM-003067,PROP-01023,CTY-017,2024,6784,2024-11-01,2024-10-15,paid
TAX-003068,ASM-003068,PROP-01023,CTY-017,2025,7335,2025-11-01,2025-10-16,paid
TAX-003069,ASM-003069,PROP-01023,CTY-017,2026,8018,2026-11-01,,outstanding
TAX-003070,ASM-003070,PROP-01024,CTY-017,2024,7382,2024-11-01,2024-09-26,paid
TAX-003071,ASM-003071,PROP-01024,CTY-017,2025,7911,2025-11-01,2025-10-22,paid
TAX-003072,ASM-003072,PROP-01024,CTY-017,2026,8282,2026-11-01,,outstanding
TAX-003073,ASM-003073,PROP-01025,CTY-017,2024,6208,2024-11-01,2024-10-28,paid
TAX-003074,ASM-003074,PROP-01025,CTY-017,2025,6674,2025-11-01,2025-10-22,paid
TAX-003075,ASM-003075,PROP-01025,CTY-017,2026,7447,2026-11-01,,outstanding
TAX-003076,ASM-003076,PROP-01026,CTY-017,2024,7198,2024-11-01,2024-11-01,paid
TAX-003077,ASM-003077,PROP-01026,CTY-017,2025,7632,2025-11-01,2025-09-27,paid
TAX-003078,ASM-003078,PROP-01026,CTY-017,2026,8214,2026-11-01,,outstanding
TAX-003079,ASM-003079,PROP-01027,CTY-017,2024,7900,2024-11-01,2024-10-04,paid
TAX-003080,ASM-003080,PROP-01027,CTY-017,2025,8592,2025-11-01,2025-10-06,paid
TAX-003081,ASM-003081,PROP-01027,CTY-017,2026,9346,2026-11-01,,outstanding
TAX-003082,ASM-003082,PROP-01028,CTY-017,2024,7175,2024-11-01,2024-09-24,paid
TAX-003083,ASM-003083,PROP-01028,CTY-017,2025,7639,2025-11-01,2025-10-24,paid
TAX-003084,ASM-003084,PROP-01028,CTY-017,2026,8091,2026-11-01,,outstanding
TAX-003085,ASM-003085,PROP-01029,CTY-017,2024,7489,2024-11-01,2024-10-10,paid
TAX-003086,ASM-003086,PROP-01029,CTY-017,2025,7941,2025-11-01,2025-10-21,paid
TAX-003087,ASM-003087,PROP-01029,CTY-017,2026,8762,2026-11-01,,outstanding
TAX-003088,ASM-003088,PROP-01030,CTY-017,2024,6309,2024-11-01,2024-10-15,paid
TAX-003089,ASM-003089,PROP-01030,CTY-017,2025,6900,2025-11-01,2025-09-24,paid
TAX-003090,ASM-003090,PROP-01030,CTY-017,2026,7316,2026-11-01,,outstanding
TAX-003091,ASM-003091,PROP-01031,CTY-018,2024,7123,2024-11-01,2024-10-02,paid
TAX-003092,ASM-003092,PROP-01031,CTY-018,2025,7587,2025-11-01,2025-10-16,paid
TAX-003093,ASM-003093,PROP-01031,CTY-018,2026,8024,2026-11-01,,outstanding
TAX-003094,ASM-003094,PROP-01032,CTY-018,2024,7965,2024-11-01,2024-10-31,paid
TAX-003095,ASM-003095,PROP-01032,CTY-018,2025,8622,2025-11-01,2025-10-20,paid
TAX-003096,ASM-003096,PROP-01032,CTY-018,2026,9339,2026-11-01,,outstanding
TAX-003097,ASM-003097,PROP-01033,CTY-018,2024,8628,2024-11-01,2024-10-13,paid
TAX-003098,ASM-003098,PROP-01033,CTY-018,2025,9609,2025-11-01,2025-10-11,paid
TAX-003099,ASM-003099,PROP-01033,CTY-018,2026,10087,2026-11-01,,outstanding
TAX-003100,ASM-003100,PROP-01034,CTY-018,2024,8309,2024-11-01,2024-09-24,paid
TAX-003101,ASM-003101,PROP-01034,CTY-018,2025,8867,2025-11-01,2025-09-25,paid
TAX-003102,ASM-003102,PROP-01034,CTY-018,2026,9775,2026-11-01,,outstanding
TAX-003103,ASM-003103,PROP-01035,CTY-018,2024,6620,2024-11-01,2024-10-28,paid
TAX-003104,ASM-003104,PROP-01035,CTY-018,2025,6807,2025-11-01,2025-10-24,paid
TAX-003105,ASM-003105,PROP-01035,CTY-018,2026,8282,2026-11-01,,outstanding
TAX-003106,ASM-003106,PROP-01036,CTY-018,2024,8038,2024-11-01,2024-10-14,paid
TAX-003107,ASM-003107,PROP-01036,CTY-018,2025,8924,2025-11-01,2025-10-09,paid
TAX-003108,ASM-003108,PROP-01036,CTY-018,2026,9728,2026-11-01,,outstanding
TAX-003109,ASM-003109,PROP-01037,CTY-018,2024,6791,2024-11-01,2024-10-19,paid
TAX-003110,ASM-003110,PROP-01037,CTY-018,2025,7163,2025-11-01,2025-09-22,paid
TAX-003111,ASM-003111,PROP-01037,CTY-018,2026,7746,2026-11-01,,outstanding
TAX-003112,ASM-003112,PROP-01038,CTY-018,2024,6689,2024-11-01,2024-10-26,paid
TAX-003113,ASM-003113,PROP-01038,CTY-018,2025,7478,2025-11-01,2025-10-22,paid
TAX-003114,ASM-003114,PROP-01038,CTY-018,2026,7750,2026-11-01,,outstanding
TAX-003115,ASM-003115,PROP-01039,CTY-018,2024,5883,2024-11-01,2024-09-23,paid
TAX-003116,ASM-003116,PROP-01039,CTY-018,2025,6211,2025-11-01,2025-10-29,paid
TAX-003117,ASM-003117,PROP-01039,CTY-018,2026,6972,2026-11-01,,outstanding
TAX-003118,ASM-003118,PROP-01040,CTY-018,2024,7776,2024-11-01,2024-10-14,paid
TAX-003119,ASM-003119,PROP-01040,CTY-018,2025,8269,2025-11-01,2025-09-26,paid
TAX-003120,ASM-003120,PROP-01040,CTY-018,2026,9868,2026-11-01,,outstanding
TAX-003121,ASM-003121,PROP-01041,CTY-018,2024,8684,2024-11-01,2024-10-06,paid
TAX-003122,ASM-003122,PROP-01041,CTY-018,2025,9578,2025-11-01,2025-09-22,paid
TAX-003123,ASM-003123,PROP-01041,CTY-018,2026,10697,2026-11-01,,outstanding
TAX-003124,ASM-003124,PROP-01042,CTY-018,2024,8054,2024-11-01,2024-10-13,paid
TAX-003125,ASM-003125,PROP-01042,CTY-018,2025,8384,2025-11-01,2025-09-29,paid
TAX-003126,ASM-003126,PROP-01042,CTY-018,2026,9994,2026-11-01,,outstanding
TAX-003127,ASM-003127,PROP-01043,CTY-018,2024,6616,2024-11-01,2024-10-15,paid
TAX-003128,ASM-003128,PROP-01043,CTY-018,2025,7253,2025-11-01,2025-11-01,paid
TAX-003129,ASM-003129,PROP-01043,CTY-018,2026,7976,2026-11-01,,outstanding
TAX-003130,ASM-003130,PROP-01044,CTY-018,2024,7346,2024-11-01,2024-10-04,paid
TAX-003131,ASM-003131,PROP-01044,CTY-018,2025,8212,2025-11-01,2025-10-11,paid
TAX-003132,ASM-003132,PROP-01044,CTY-018,2026,8692,2026-11-01,,outstanding
TAX-003133,ASM-003133,PROP-01045,CTY-018,2024,9194,2024-11-01,2024-10-18,paid
TAX-003134,ASM-003134,PROP-01045,CTY-018,2025,10010,2025-11-01,2025-09-29,paid
TAX-003135,ASM-003135,PROP-01045,CTY-018,2026,10665,2026-11-01,,outstanding
TAX-003136,ASM-003136,PROP-01046,CTY-018,2024,7889,2024-11-01,2024-10-26,paid
TAX-003137,ASM-003137,PROP-01046,CTY-018,2025,8651,2025-11-01,2025-10-20,paid
TAX-003138,ASM-003138,PROP-01046,CTY-018,2026,9382,2026-11-01,,outstanding
TAX-003139,ASM-003139,PROP-01047,CTY-018,2024,7172,2024-11-01,2024-10-04,paid
TAX-003140,ASM-003140,PROP-01047,CTY-018,2025,8105,2025-11-01,2025-10-01,paid
TAX-003141,ASM-003141,PROP-01047,CTY-018,2026,8894,2026-11-01,,outstanding
TAX-003142,ASM-003142,PROP-01048,CTY-018,2024,7594,2024-11-01,2024-10-24,paid
TAX-003143,ASM-003143,PROP-01048,CTY-018,2025,8255,2025-11-01,2025-09-24,paid
TAX-003144,ASM-003144,PROP-01048,CTY-018,2026,8727,2026-11-01,,outstanding
TAX-003145,ASM-003145,PROP-01049,CTY-018,2024,7285,2024-11-01,2024-10-15,paid
TAX-003146,ASM-003146,PROP-01049,CTY-018,2025,7972,2025-11-01,2025-10-10,paid
TAX-003147,ASM-003147,PROP-01049,CTY-018,2026,8559,2026-11-01,,outstanding
TAX-003148,ASM-003148,PROP-01050,CTY-018,2024,8457,2024-11-01,2024-10-03,paid
TAX-003149,ASM-003149,PROP-01050,CTY-018,2025,9520,2025-11-01,2025-10-08,paid
TAX-003150,ASM-003150,PROP-01050,CTY-018,2026,10480,2026-11-01,,outstanding
TAX-003151,ASM-003151,PROP-01051,CTY-018,2024,7711,2024-11-01,2024-10-17,paid
TAX-003152,ASM-003152,PROP-01051,CTY-018,2025,8213,2025-11-01,2025-10-17,paid
TAX-003153,ASM-003153,PROP-01051,CTY-018,2026,9094,2026-11-01,,outstanding
TAX-003154,ASM-003154,PROP-01052,CTY-018,2024,7352,2024-11-01,2024-10-11,paid
TAX-003155,ASM-003155,PROP-01052,CTY-018,2025,8013,2025-11-01,2025-10-12,paid
TAX-003156,ASM-003156,PROP-01052,CTY-018,2026,8897,2026-11-01,,outstanding
TAX-003157,ASM-003157,PROP-01053,CTY-018,2024,9007,2024-11-01,2024-10-21,paid
TAX-003158,ASM-003158,PROP-01053,CTY-018,2025,10216,2025-11-01,2025-10-13,paid
TAX-003159,ASM-003159,PROP-01053,CTY-018,2026,10956,2026-11-01,,outstanding
TAX-003160,ASM-003160,PROP-01054,CTY-018,2024,6279,2024-11-01,2024-10-04,paid
TAX-003161,ASM-003161,PROP-01054,CTY-018,2025,6658,2025-11-01,2025-10-24,paid
TAX-003162,ASM-003162,PROP-01054,CTY-018,2026,7426,2026-11-01,,outstanding
TAX-003163,ASM-003163,PROP-01055,CTY-018,2024,7588,2024-11-01,2024-10-07,paid
TAX-003164,ASM-003164,PROP-01055,CTY-018,2025,8126,2025-11-01,2025-09-23,paid
TAX-003165,ASM-003165,PROP-01055,CTY-018,2026,9055,2026-11-01,,outstanding
TAX-003166,ASM-003166,PROP-01056,CTY-018,2024,8550,2024-11-01,2024-10-21,paid
TAX-003167,ASM-003167,PROP-01056,CTY-018,2025,9373,2025-11-01,2025-10-31,paid
TAX-003168,ASM-003168,PROP-01056,CTY-018,2026,10530,2026-11-01,,outstanding
TAX-003169,ASM-003169,PROP-01057,CTY-018,2024,8586,2024-11-01,2024-11-01,paid
TAX-003170,ASM-003170,PROP-01057,CTY-018,2025,9522,2025-11-01,2025-10-15,paid
TAX-003171,ASM-003171,PROP-01057,CTY-018,2026,10622,2026-11-01,,outstanding
TAX-003172,ASM-003172,PROP-01058,CTY-018,2024,6256,2024-11-01,2024-10-11,paid
TAX-003173,ASM-003173,PROP-01058,CTY-018,2025,6648,2025-11-01,2025-10-07,paid
TAX-003174,ASM-003174,PROP-01058,CTY-018,2026,7502,2026-11-01,,outstanding
TAX-003175,ASM-003175,PROP-01059,CTY-019,2024,9195,2024-11-01,2024-10-17,paid
TAX-003176,ASM-003176,PROP-01059,CTY-019,2025,10472,2025-11-01,2025-09-29,paid
TAX-003177,ASM-003177,PROP-01059,CTY-019,2026,11639,2026-11-01,,outstanding
TAX-003178,ASM-003178,PROP-01060,CTY-019,2024,10372,2024-11-01,2024-10-13,paid
TAX-003179,ASM-003179,PROP-01060,CTY-019,2025,11576,2025-11-01,2025-10-01,paid
TAX-003180,ASM-003180,PROP-01060,CTY-019,2026,13111,2026-11-01,,outstanding
TAX-003181,ASM-003181,PROP-01061,CTY-019,2024,8464,2024-11-01,2024-09-28,paid
TAX-003182,ASM-003182,PROP-01061,CTY-019,2025,9688,2025-11-01,2025-10-29,paid
TAX-003183,ASM-003183,PROP-01061,CTY-019,2026,10962,2026-11-01,,outstanding
TAX-003184,ASM-003184,PROP-01062,CTY-019,2024,9634,2024-11-01,2024-10-09,paid
TAX-003185,ASM-003185,PROP-01062,CTY-019,2025,10926,2025-11-01,2025-10-07,paid
TAX-003186,ASM-003186,PROP-01062,CTY-019,2026,12326,2026-11-01,,outstanding
TAX-003187,ASM-003187,PROP-01063,CTY-019,2024,9466,2024-11-01,2024-10-24,paid
TAX-003188,ASM-003188,PROP-01063,CTY-019,2025,10528,2025-11-01,2025-10-02,paid
TAX-003189,ASM-003189,PROP-01063,CTY-019,2026,11352,2026-11-01,,outstanding
TAX-003190,ASM-003190,PROP-01064,CTY-019,2024,8383,2024-11-01,2024-10-03,paid
TAX-003191,ASM-003191,PROP-01064,CTY-019,2025,9308,2025-11-01,2025-10-13,paid
TAX-003192,ASM-003192,PROP-01064,CTY-019,2026,10221,2026-11-01,,outstanding
TAX-003193,ASM-003193,PROP-01065,CTY-019,2024,8831,2024-11-01,2024-10-25,paid
TAX-003194,ASM-003194,PROP-01065,CTY-019,2025,9670,2025-11-01,2025-10-13,paid
TAX-003195,ASM-003195,PROP-01065,CTY-019,2026,10221,2026-11-01,,outstanding
TAX-003196,ASM-003196,PROP-01066,CTY-019,2024,9694,2024-11-01,2024-10-16,paid
TAX-003197,ASM-003197,PROP-01066,CTY-019,2025,10834,2025-11-01,2025-10-29,paid
TAX-003198,ASM-003198,PROP-01066,CTY-019,2026,11523,2026-11-01,,outstanding
TAX-003199,ASM-003199,PROP-01067,CTY-019,2024,8562,2024-11-01,2024-10-13,paid
TAX-003200,ASM-003200,PROP-01067,CTY-019,2025,9386,2025-11-01,2025-09-26,paid
TAX-003201,ASM-003201,PROP-01067,CTY-019,2026,10001,2026-11-01,,outstanding
TAX-003202,ASM-003202,PROP-01068,CTY-019,2024,9381,2024-11-01,2024-10-13,paid
TAX-003203,ASM-003203,PROP-01068,CTY-019,2025,10531,2025-11-01,2025-10-29,paid
TAX-003204,ASM-003204,PROP-01068,CTY-019,2026,11288,2026-11-01,,outstanding
TAX-003205,ASM-003205,PROP-01069,CTY-019,2024,9919,2024-11-01,2024-09-23,paid
TAX-003206,ASM-003206,PROP-01069,CTY-019,2025,10976,2025-11-01,2025-09-28,paid
TAX-003207,ASM-003207,PROP-01069,CTY-019,2026,12433,2026-11-01,,outstanding
TAX-003208,ASM-003208,PROP-01070,CTY-019,2024,8311,2024-11-01,2024-10-30,paid
TAX-003209,ASM-003209,PROP-01070,CTY-019,2025,9482,2025-11-01,2025-10-20,paid
TAX-003210,ASM-003210,PROP-01070,CTY-019,2026,10827,2026-11-01,,outstanding
TAX-003211,ASM-003211,PROP-01071,CTY-019,2024,9739,2024-11-01,2024-10-19,paid
TAX-003212,ASM-003212,PROP-01071,CTY-019,2025,10970,2025-11-01,2025-10-10,paid
TAX-003213,ASM-003213,PROP-01071,CTY-019,2026,11795,2026-11-01,,outstanding
TAX-003214,ASM-003214,PROP-01072,CTY-019,2024,8319,2024-11-01,2024-10-04,paid
TAX-003215,ASM-003215,PROP-01072,CTY-019,2025,8817,2025-11-01,2025-10-26,paid
TAX-003216,ASM-003216,PROP-01072,CTY-019,2026,9731,2026-11-01,,outstanding
TAX-003217,ASM-003217,PROP-01073,CTY-019,2024,7928,2024-11-01,2024-10-30,paid
TAX-003218,ASM-003218,PROP-01073,CTY-019,2025,8555,2025-11-01,2025-10-28,paid
TAX-003219,ASM-003219,PROP-01073,CTY-019,2026,9706,2026-11-01,,outstanding
TAX-003220,ASM-003220,PROP-01074,CTY-019,2024,9476,2024-11-01,2024-09-24,paid
TAX-003221,ASM-003221,PROP-01074,CTY-019,2025,10862,2025-11-01,2025-10-31,paid
TAX-003222,ASM-003222,PROP-01074,CTY-019,2026,12169,2026-11-01,,outstanding
TAX-003223,ASM-003223,PROP-01075,CTY-019,2024,7791,2024-11-01,2024-10-12,paid
TAX-003224,ASM-003224,PROP-01075,CTY-019,2025,8719,2025-11-01,2025-09-24,paid
TAX-003225,ASM-003225,PROP-01075,CTY-019,2026,9695,2026-11-01,,outstanding
TAX-003226,ASM-003226,PROP-01076,CTY-019,2024,9183,2024-11-01,2024-10-09,paid
TAX-003227,ASM-003227,PROP-01076,CTY-019,2025,10058,2025-11-01,2025-10-24,paid
TAX-003228,ASM-003228,PROP-01076,CTY-019,2026,10675,2026-11-01,,outstanding
TAX-003229,ASM-003229,PROP-01077,CTY-018,2024,7954,2024-11-01,2024-10-17,paid
TAX-003230,ASM-003230,PROP-01077,CTY-018,2025,8688,2025-11-01,2025-09-24,paid
TAX-003231,ASM-003231,PROP-01077,CTY-018,2026,9276,2026-11-01,,outstanding
TAX-003232,ASM-003232,PROP-01078,CTY-018,2024,8735,2024-11-01,2024-11-01,paid
TAX-003233,ASM-003233,PROP-01078,CTY-018,2025,9655,2025-11-01,2025-10-06,paid
TAX-003234,ASM-003234,PROP-01078,CTY-018,2026,10762,2026-11-01,,outstanding
TAX-003235,ASM-003235,PROP-01079,CTY-018,2024,7780,2024-11-01,2024-10-30,paid
TAX-003236,ASM-003236,PROP-01079,CTY-018,2025,8821,2025-11-01,2025-10-29,paid
TAX-003237,ASM-003237,PROP-01079,CTY-018,2026,9912,2026-11-01,,outstanding
TAX-003238,ASM-003238,PROP-01080,CTY-018,2024,9501,2024-11-01,2024-10-17,paid
TAX-003239,ASM-003239,PROP-01080,CTY-018,2025,10622,2025-11-01,2025-09-25,paid
TAX-003240,ASM-003240,PROP-01080,CTY-018,2026,11203,2026-11-01,,outstanding
TAX-003241,ASM-003241,PROP-01081,CTY-018,2024,7804,2024-11-01,2024-10-09,paid
TAX-003242,ASM-003242,PROP-01081,CTY-018,2025,8583,2025-11-01,2025-10-07,paid
TAX-003243,ASM-003243,PROP-01081,CTY-018,2026,9623,2026-11-01,,outstanding
TAX-003244,ASM-003244,PROP-01082,CTY-018,2024,7544,2024-11-01,2024-10-03,paid
TAX-003245,ASM-003245,PROP-01082,CTY-018,2025,8502,2025-11-01,2025-10-28,paid
TAX-003246,ASM-003246,PROP-01082,CTY-018,2026,9259,2026-11-01,,outstanding
TAX-003247,ASM-003247,PROP-01083,CTY-018,2024,8521,2024-11-01,2024-10-16,paid
TAX-003248,ASM-003248,PROP-01083,CTY-018,2025,9174,2025-11-01,2025-09-26,paid
TAX-003249,ASM-003249,PROP-01083,CTY-018,2026,9821,2026-11-01,,outstanding
TAX-003250,ASM-003250,PROP-01084,CTY-018,2024,7780,2024-11-01,2024-10-15,paid
TAX-003251,ASM-003251,PROP-01084,CTY-018,2025,8461,2025-11-01,2025-10-15,paid
TAX-003252,ASM-003252,PROP-01084,CTY-018,2026,9194,2026-11-01,,outstanding
TAX-003253,ASM-003253,PROP-01085,CTY-018,2024,8590,2024-11-01,2024-09-23,paid
TAX-003254,ASM-003254,PROP-01085,CTY-018,2025,9194,2025-11-01,2025-10-13,paid
TAX-003255,ASM-003255,PROP-01085,CTY-018,2026,10310,2026-11-01,,outstanding
TAX-003256,ASM-003256,PROP-01086,CTY-018,2024,8500,2024-11-01,2024-10-13,paid
TAX-003257,ASM-003257,PROP-01086,CTY-018,2025,9038,2025-11-01,2025-10-22,paid
TAX-003258,ASM-003258,PROP-01086,CTY-018,2026,9829,2026-11-01,,outstanding
TAX-003259,ASM-003259,PROP-01087,CTY-018,2024,8107,2024-11-01,2024-10-08,paid
TAX-003260,ASM-003260,PROP-01087,CTY-018,2025,8819,2025-11-01,2025-10-27,paid
TAX-003261,ASM-003261,PROP-01087,CTY-018,2026,8823,2026-11-01,,outstanding
TAX-003262,ASM-003262,PROP-01088,CTY-018,2024,6758,2024-11-01,2024-10-05,paid
TAX-003263,ASM-003263,PROP-01088,CTY-018,2025,7168,2025-11-01,2025-10-07,paid
TAX-003264,ASM-003264,PROP-01088,CTY-018,2026,8182,2026-11-01,,outstanding
TAX-003265,ASM-003265,PROP-01089,CTY-018,2024,6839,2024-11-01,2024-10-30,paid
TAX-003266,ASM-003266,PROP-01089,CTY-018,2025,7272,2025-11-01,2025-10-28,paid
TAX-003267,ASM-003267,PROP-01089,CTY-018,2026,7862,2026-11-01,,outstanding
TAX-003268,ASM-003268,PROP-01090,CTY-018,2024,8477,2024-11-01,2024-10-28,paid
TAX-003269,ASM-003269,PROP-01090,CTY-018,2025,9355,2025-11-01,2025-09-28,paid
TAX-003270,ASM-003270,PROP-01090,CTY-018,2026,9944,2026-11-01,,outstanding
TAX-003271,ASM-003271,PROP-01091,CTY-018,2024,9964,2024-11-01,2024-09-25,paid
TAX-003272,ASM-003272,PROP-01091,CTY-018,2025,11081,2025-11-01,2025-10-08,paid
TAX-003273,ASM-003273,PROP-01091,CTY-018,2026,12055,2026-11-01,,outstanding
TAX-003274,ASM-003274,PROP-01092,CTY-018,2024,7834,2024-11-01,2024-09-22,paid
TAX-003275,ASM-003275,PROP-01092,CTY-018,2025,8701,2025-11-01,2025-10-15,paid
TAX-003276,ASM-003276,PROP-01092,CTY-018,2026,9665,2026-11-01,,outstanding
TAX-003277,ASM-003277,PROP-01093,CTY-018,2024,7046,2024-11-01,2024-10-27,paid
TAX-003278,ASM-003278,PROP-01093,CTY-018,2025,7498,2025-11-01,2025-09-28,paid
TAX-003279,ASM-003279,PROP-01093,CTY-018,2026,7993,2026-11-01,,outstanding
TAX-003280,ASM-003280,PROP-01094,CTY-018,2024,8498,2024-11-01,2024-10-28,paid
TAX-003281,ASM-003281,PROP-01094,CTY-018,2025,9027,2025-11-01,2025-10-06,paid
TAX-003282,ASM-003282,PROP-01094,CTY-018,2026,10237,2026-11-01,,outstanding
TAX-003283,ASM-003283,PROP-01095,CTY-018,2024,7483,2024-11-01,2024-10-16,paid
TAX-003284,ASM-003284,PROP-01095,CTY-018,2025,8003,2025-11-01,2025-10-26,paid
TAX-003285,ASM-003285,PROP-01095,CTY-018,2026,8704,2026-11-01,,outstanding
TAX-003286,ASM-003286,PROP-01096,CTY-018,2024,8174,2024-11-01,2024-10-22,paid
TAX-003287,ASM-003287,PROP-01096,CTY-018,2025,9212,2025-11-01,2025-10-07,paid
TAX-003288,ASM-003288,PROP-01096,CTY-018,2026,10122,2026-11-01,,outstanding
TAX-003289,ASM-003289,PROP-01097,CTY-018,2024,8778,2024-11-01,2024-10-28,paid
TAX-003290,ASM-003290,PROP-01097,CTY-018,2025,9561,2025-11-01,2025-11-01,paid
TAX-003291,ASM-003291,PROP-01097,CTY-018,2026,10600,2026-11-01,,outstanding
TAX-003292,ASM-003292,PROP-01098,CTY-018,2024,7385,2024-11-01,2024-10-10,paid
TAX-003293,ASM-003293,PROP-01098,CTY-018,2025,7932,2025-11-01,2025-10-24,paid
TAX-003294,ASM-003294,PROP-01098,CTY-018,2026,8640,2026-11-01,,outstanding
TAX-003295,ASM-003295,PROP-01099,CTY-018,2024,8246,2024-11-01,2024-09-29,paid
TAX-003296,ASM-003296,PROP-01099,CTY-018,2025,8825,2025-11-01,2025-10-21,paid
TAX-003297,ASM-003297,PROP-01099,CTY-018,2026,9841,2026-11-01,,outstanding
TAX-003298,ASM-003298,PROP-01100,CTY-018,2024,6769,2024-11-01,2024-10-05,paid
TAX-003299,ASM-003299,PROP-01100,CTY-018,2025,7644,2025-11-01,2025-09-28,paid
TAX-003300,ASM-003300,PROP-01100,CTY-018,2026,8338,2026-11-01,,outstanding
TAX-003301,ASM-003301,PROP-01101,CTY-018,2024,8531,2024-11-01,2024-10-05,paid
TAX-003302,ASM-003302,PROP-01101,CTY-018,2025,9462,2025-11-01,2025-10-13,paid
TAX-003303,ASM-003303,PROP-01101,CTY-018,2026,10006,2026-11-01,,outstanding
TAX-003304,ASM-003304,PROP-01102,CTY-018,2024,8721,2024-11-01,2024-10-20,paid
TAX-003305,ASM-003305,PROP-01102,CTY-018,2025,9192,2025-11-01,2025-10-27,paid
TAX-003306,ASM-003306,PROP-01102,CTY-018,2026,10259,2026-11-01,,outstanding
TAX-003307,ASM-003307,PROP-01103,CTY-018,2024,7992,2024-11-01,2024-10-10,paid
TAX-003308,ASM-003308,PROP-01103,CTY-018,2025,8604,2025-11-01,2025-10-01,paid
TAX-003309,ASM-003309,PROP-01103,CTY-018,2026,9416,2026-11-01,,outstanding
TAX-003310,ASM-003310,PROP-01104,CTY-018,2024,6809,2024-11-01,2024-10-22,paid
TAX-003311,ASM-003311,PROP-01104,CTY-018,2025,7634,2025-11-01,2025-10-30,paid
TAX-003312,ASM-003312,PROP-01104,CTY-018,2026,8466,2026-11-01,,outstanding
TAX-003313,ASM-003313,PROP-01105,CTY-018,2024,5888,2024-11-01,2024-10-23,paid
TAX-003314,ASM-003314,PROP-01105,CTY-018,2025,6528,2025-11-01,2025-10-16,paid
TAX-003315,ASM-003315,PROP-01105,CTY-018,2026,7259,2026-11-01,,outstanding
TAX-003316,ASM-003316,PROP-01106,CTY-018,2024,9614,2024-11-01,2024-10-11,paid
TAX-003317,ASM-003317,PROP-01106,CTY-018,2025,10330,2025-11-01,2025-10-01,paid
TAX-003318,ASM-003318,PROP-01106,CTY-018,2026,11574,2026-11-01,,outstanding
TAX-003319,ASM-003319,PROP-01107,CTY-018,2024,7563,2024-11-01,2024-10-11,paid
TAX-003320,ASM-003320,PROP-01107,CTY-018,2025,8179,2025-11-01,2025-10-09,paid
TAX-003321,ASM-003321,PROP-01107,CTY-018,2026,8992,2026-11-01,,outstanding
TAX-003322,ASM-003322,PROP-01108,CTY-018,2024,8037,2024-11-01,2024-09-24,paid
TAX-003323,ASM-003323,PROP-01108,CTY-018,2025,8560,2025-11-01,2025-10-31,paid
TAX-003324,ASM-003324,PROP-01108,CTY-018,2026,9027,2026-11-01,,outstanding
TAX-003325,ASM-003325,PROP-01109,CTY-018,2024,6724,2024-11-01,2024-09-22,paid
TAX-003326,ASM-003326,PROP-01109,CTY-018,2025,7249,2025-11-01,2025-10-07,paid
TAX-003327,ASM-003327,PROP-01109,CTY-018,2026,8087,2026-11-01,,outstanding
TAX-003328,ASM-003328,PROP-01110,CTY-018,2024,6396,2024-11-01,2024-10-27,paid
TAX-003329,ASM-003329,PROP-01110,CTY-018,2025,6878,2025-11-01,2025-10-10,paid
TAX-003330,ASM-003330,PROP-01110,CTY-018,2026,7446,2026-11-01,,outstanding
TAX-003331,ASM-003331,PROP-01111,CTY-018,2024,7829,2024-11-01,2024-10-02,paid
TAX-003332,ASM-003332,PROP-01111,CTY-018,2025,8758,2025-11-01,2025-10-11,paid
TAX-003333,ASM-003333,PROP-01111,CTY-018,2026,9454,2026-11-01,,outstanding
TAX-003334,ASM-003334,PROP-01112,CTY-018,2024,6851,2024-11-01,2024-10-04,paid
TAX-003335,ASM-003335,PROP-01112,CTY-018,2025,6916,2025-11-01,2025-09-29,paid
TAX-003336,ASM-003336,PROP-01112,CTY-018,2026,8302,2026-11-01,,outstanding
TAX-003337,ASM-003337,PROP-01113,CTY-018,2024,7701,2024-11-01,2024-10-06,paid
TAX-003338,ASM-003338,PROP-01113,CTY-018,2025,8133,2025-11-01,2025-10-22,paid
TAX-003339,ASM-003339,PROP-01113,CTY-018,2026,8783,2026-11-01,,outstanding
TAX-003340,ASM-003340,PROP-01114,CTY-018,2024,7225,2024-11-01,2024-10-08,paid
TAX-003341,ASM-003341,PROP-01114,CTY-018,2025,8061,2025-11-01,2025-10-11,paid
TAX-003342,ASM-003342,PROP-01114,CTY-018,2026,8705,2026-11-01,,outstanding
TAX-003343,ASM-003343,PROP-01115,CTY-018,2024,7080,2024-11-01,2024-10-28,paid
TAX-003344,ASM-003344,PROP-01115,CTY-018,2025,7556,2025-11-01,2025-10-30,paid
TAX-003345,ASM-003345,PROP-01115,CTY-018,2026,8548,2026-11-01,,outstanding
TAX-003346,ASM-003346,PROP-01116,CTY-018,2024,9715,2024-11-01,2024-10-01,paid
TAX-003347,ASM-003347,PROP-01116,CTY-018,2025,10879,2025-11-01,2025-10-12,paid
TAX-003348,ASM-003348,PROP-01116,CTY-018,2026,12143,2026-11-01,,outstanding
TAX-003349,ASM-003349,PROP-01117,CTY-018,2024,8027,2024-11-01,2024-10-08,paid
TAX-003350,ASM-003350,PROP-01117,CTY-018,2025,8534,2025-11-01,2025-10-08,paid
TAX-003351,ASM-003351,PROP-01117,CTY-018,2026,9096,2026-11-01,,outstanding
TAX-003352,ASM-003352,PROP-01118,CTY-018,2024,7600,2024-11-01,2024-11-01,paid
TAX-003353,ASM-003353,PROP-01118,CTY-018,2025,7951,2025-11-01,2025-10-07,paid
TAX-003354,ASM-003354,PROP-01118,CTY-018,2026,8924,2026-11-01,,outstanding
TAX-003355,ASM-003355,PROP-01119,CTY-018,2024,7130,2024-11-01,2024-10-30,paid
TAX-003356,ASM-003356,PROP-01119,CTY-018,2025,7677,2025-11-01,2025-10-27,paid
TAX-003357,ASM-003357,PROP-01119,CTY-018,2026,8345,2026-11-01,,outstanding
TAX-003358,ASM-003358,PROP-01120,CTY-018,2024,8470,2024-11-01,2024-09-25,paid
TAX-003359,ASM-003359,PROP-01120,CTY-018,2025,9423,2025-11-01,2025-10-16,paid
TAX-003360,ASM-003360,PROP-01120,CTY-018,2026,10513,2026-11-01,,outstanding
TAX-003361,ASM-003361,PROP-01121,CTY-018,2024,7766,2024-11-01,2024-11-01,paid
TAX-003362,ASM-003362,PROP-01121,CTY-018,2025,8282,2025-11-01,2025-10-20,paid
TAX-003363,ASM-003363,PROP-01121,CTY-018,2026,9328,2026-11-01,,outstanding
TAX-003364,ASM-003364,PROP-01122,CTY-018,2024,8661,2024-11-01,2024-10-17,paid
TAX-003365,ASM-003365,PROP-01122,CTY-018,2025,9480,2025-11-01,2025-10-08,paid
TAX-003366,ASM-003366,PROP-01122,CTY-018,2026,10118,2026-11-01,,outstanding
TAX-003367,ASM-003367,PROP-01123,CTY-018,2024,8765,2024-11-01,2024-09-24,paid
TAX-003368,ASM-003368,PROP-01123,CTY-018,2025,9252,2025-11-01,2025-10-17,paid
TAX-003369,ASM-003369,PROP-01123,CTY-018,2026,10127,2026-11-01,,outstanding
TAX-003370,ASM-003370,PROP-01124,CTY-018,2024,7247,2024-11-01,2024-09-25,paid
TAX-003371,ASM-003371,PROP-01124,CTY-018,2025,8164,2025-11-01,2025-10-10,paid
TAX-003372,ASM-003372,PROP-01124,CTY-018,2026,8976,2026-11-01,,outstanding
TAX-003373,ASM-003373,PROP-01125,CTY-018,2024,7686,2024-11-01,2024-10-23,paid
TAX-003374,ASM-003374,PROP-01125,CTY-018,2025,7870,2025-11-01,2025-10-03,paid
TAX-003375,ASM-003375,PROP-01125,CTY-018,2026,9100,2026-11-01,,outstanding
TAX-003376,ASM-003376,PROP-01126,CTY-018,2024,9164,2024-11-01,2024-10-24,paid
TAX-003377,ASM-003377,PROP-01126,CTY-018,2025,9905,2025-11-01,2025-09-27,paid
TAX-003378,ASM-003378,PROP-01126,CTY-018,2026,10444,2026-11-01,,outstanding
TAX-003379,ASM-003379,PROP-01127,CTY-018,2024,7476,2024-11-01,2024-10-07,paid
TAX-003380,ASM-003380,PROP-01127,CTY-018,2025,8357,2025-11-01,2025-10-18,paid
TAX-003381,ASM-003381,PROP-01127,CTY-018,2026,8417,2026-11-01,,outstanding
TAX-003382,ASM-003382,PROP-01128,CTY-018,2024,8177,2024-11-01,2024-10-14,paid
TAX-003383,ASM-003383,PROP-01128,CTY-018,2025,8830,2025-11-01,2025-11-01,paid
TAX-003384,ASM-003384,PROP-01128,CTY-018,2026,9631,2026-11-01,,outstanding
TAX-003385,ASM-003385,PROP-01129,CTY-018,2024,7739,2024-11-01,2024-10-31,paid
TAX-003386,ASM-003386,PROP-01129,CTY-018,2025,8382,2025-11-01,2025-10-29,paid
TAX-003387,ASM-003387,PROP-01129,CTY-018,2026,9343,2026-11-01,,outstanding
TAX-003388,ASM-003388,PROP-01130,CTY-018,2024,8540,2024-11-01,2024-10-18,paid
TAX-003389,ASM-003389,PROP-01130,CTY-018,2025,9622,2025-11-01,2025-10-21,paid
TAX-003390,ASM-003390,PROP-01130,CTY-018,2026,10834,2026-11-01,,outstanding
TAX-003391,ASM-003391,PROP-01131,CTY-018,2024,6651,2024-11-01,2024-10-03,paid
TAX-003392,ASM-003392,PROP-01131,CTY-018,2025,7444,2025-11-01,2025-09-27,paid
TAX-003393,ASM-003393,PROP-01131,CTY-018,2026,8017,2026-11-01,,outstanding
TAX-003394,ASM-003394,PROP-01132,CTY-018,2024,7790,2024-11-01,2024-10-26,paid
TAX-003395,ASM-003395,PROP-01132,CTY-018,2025,7669,2025-11-01,2025-09-26,paid
TAX-003396,ASM-003396,PROP-01132,CTY-018,2026,9130,2026-11-01,,outstanding
TAX-003397,ASM-003397,PROP-01133,CTY-018,2024,8624,2024-11-01,2024-10-13,paid
TAX-003398,ASM-003398,PROP-01133,CTY-018,2025,9713,2025-11-01,2025-10-28,paid
TAX-003399,ASM-003399,PROP-01133,CTY-018,2026,10527,2026-11-01,,outstanding
TAX-003400,ASM-003400,PROP-01134,CTY-018,2024,8088,2024-11-01,2024-10-16,paid
TAX-003401,ASM-003401,PROP-01134,CTY-018,2025,9168,2025-11-01,2025-10-27,paid
TAX-003402,ASM-003402,PROP-01134,CTY-018,2026,9933,2026-11-01,,outstanding
TAX-003403,ASM-003403,PROP-01135,CTY-018,2024,8950,2024-11-01,2024-10-23,paid
TAX-003404,ASM-003404,PROP-01135,CTY-018,2025,9863,2025-11-01,2025-09-23,paid
TAX-003405,ASM-003405,PROP-01135,CTY-018,2026,11031,2026-11-01,,outstanding
TAX-003406,ASM-003406,PROP-01136,CTY-018,2024,8176,2024-11-01,2024-10-25,paid
TAX-003407,ASM-003407,PROP-01136,CTY-018,2025,8893,2025-11-01,2025-10-13,paid
TAX-003408,ASM-003408,PROP-01136,CTY-018,2026,10059,2026-11-01,,outstanding
TAX-003409,ASM-003409,PROP-01137,CTY-018,2024,6995,2024-11-01,2024-09-23,paid
TAX-003410,ASM-003410,PROP-01137,CTY-018,2025,7747,2025-11-01,2025-10-03,paid
TAX-003411,ASM-003411,PROP-01137,CTY-018,2026,8211,2026-11-01,,outstanding
TAX-003412,ASM-003412,PROP-01138,CTY-018,2024,9094,2024-11-01,2024-10-22,paid
TAX-003413,ASM-003413,PROP-01138,CTY-018,2025,9782,2025-11-01,2025-10-02,paid
TAX-003414,ASM-003414,PROP-01138,CTY-018,2026,10778,2026-11-01,,outstanding
TAX-003415,ASM-003415,PROP-01139,CTY-018,2024,8487,2024-11-01,2024-10-18,paid
TAX-003416,ASM-003416,PROP-01139,CTY-018,2025,9275,2025-11-01,2025-10-05,paid
TAX-003417,ASM-003417,PROP-01139,CTY-018,2026,10056,2026-11-01,,outstanding
TAX-003418,ASM-003418,PROP-01140,CTY-018,2024,7456,2024-11-01,2024-10-26,paid
TAX-003419,ASM-003419,PROP-01140,CTY-018,2025,8197,2025-11-01,2025-10-06,paid
TAX-003420,ASM-003420,PROP-01140,CTY-018,2026,8800,2026-11-01,,outstanding
TAX-003421,ASM-003421,PROP-01141,CTY-018,2024,9053,2024-11-01,2024-10-01,paid
TAX-003422,ASM-003422,PROP-01141,CTY-018,2025,10254,2025-11-01,2025-10-14,paid
TAX-003423,ASM-003423,PROP-01141,CTY-018,2026,10838,2026-11-01,,outstanding
TAX-003424,ASM-003424,PROP-01142,CTY-018,2024,8350,2024-11-01,2024-10-13,paid
TAX-003425,ASM-003425,PROP-01142,CTY-018,2025,9194,2025-11-01,2025-09-29,paid
TAX-003426,ASM-003426,PROP-01142,CTY-018,2026,10168,2026-11-01,,outstanding
TAX-003427,ASM-003427,PROP-01143,CTY-018,2024,9226,2024-11-01,2024-10-20,paid
TAX-003428,ASM-003428,PROP-01143,CTY-018,2025,9974,2025-11-01,2025-10-21,paid
TAX-003429,ASM-003429,PROP-01143,CTY-018,2026,11644,2026-11-01,,outstanding
TAX-003430,ASM-003430,PROP-01144,CTY-018,2024,7797,2024-11-01,2024-09-30,paid
TAX-003431,ASM-003431,PROP-01144,CTY-018,2025,8365,2025-11-01,2025-10-25,paid
TAX-003432,ASM-003432,PROP-01144,CTY-018,2026,8993,2026-11-01,,outstanding
TAX-003433,ASM-003433,PROP-01145,CTY-018,2024,8358,2024-11-01,2024-10-29,paid
TAX-003434,ASM-003434,PROP-01145,CTY-018,2025,9407,2025-11-01,2025-11-01,paid
TAX-003435,ASM-003435,PROP-01145,CTY-018,2026,10181,2026-11-01,,outstanding
TAX-003436,ASM-003436,PROP-01146,CTY-018,2024,7809,2024-11-01,2024-10-23,paid
TAX-003437,ASM-003437,PROP-01146,CTY-018,2025,8824,2025-11-01,2025-10-28,paid
TAX-003438,ASM-003438,PROP-01146,CTY-018,2026,9714,2026-11-01,,outstanding
TAX-003439,ASM-003439,PROP-01147,CTY-018,2024,7522,2024-11-01,2024-10-15,paid
TAX-003440,ASM-003440,PROP-01147,CTY-018,2025,8364,2025-11-01,2025-10-20,paid
TAX-003441,ASM-003441,PROP-01147,CTY-018,2026,9013,2026-11-01,,outstanding
TAX-003442,ASM-003442,PROP-01148,CTY-018,2024,7775,2024-11-01,2024-10-21,paid
TAX-003443,ASM-003443,PROP-01148,CTY-018,2025,8577,2025-11-01,2025-09-22,paid
TAX-003444,ASM-003444,PROP-01148,CTY-018,2026,9487,2026-11-01,,outstanding
TAX-003445,ASM-003445,PROP-01149,CTY-018,2024,7401,2024-11-01,2024-10-27,paid
TAX-003446,ASM-003446,PROP-01149,CTY-018,2025,7896,2025-11-01,2025-10-15,paid
TAX-003447,ASM-003447,PROP-01149,CTY-018,2026,8870,2026-11-01,,outstanding
TAX-003448,ASM-003448,PROP-01150,CTY-018,2024,7873,2024-11-01,2024-10-12,paid
TAX-003449,ASM-003449,PROP-01150,CTY-018,2025,8562,2025-11-01,2025-10-26,paid
TAX-003450,ASM-003450,PROP-01150,CTY-018,2026,9690,2026-11-01,,outstanding
TAX-003451,ASM-003451,PROP-01151,CTY-018,2024,8071,2024-11-01,2024-10-24,paid
TAX-003452,ASM-003452,PROP-01151,CTY-018,2025,8660,2025-11-01,2025-10-11,paid
TAX-003453,ASM-003453,PROP-01151,CTY-018,2026,9433,2026-11-01,,outstanding
TAX-003454,ASM-003454,PROP-01152,CTY-018,2024,7873,2024-11-01,2024-10-26,paid
TAX-003455,ASM-003455,PROP-01152,CTY-018,2025,8315,2025-11-01,2025-10-12,paid
TAX-003456,ASM-003456,PROP-01152,CTY-018,2026,9201,2026-11-01,,outstanding
TAX-003457,ASM-003457,PROP-01153,CTY-018,2024,9357,2024-11-01,2024-10-03,paid
TAX-003458,ASM-003458,PROP-01153,CTY-018,2025,10079,2025-11-01,2025-10-28,paid
TAX-003459,ASM-003459,PROP-01153,CTY-018,2026,10724,2026-11-01,,outstanding
TAX-003460,ASM-003460,PROP-01154,CTY-018,2024,9847,2024-11-01,2024-10-08,paid
TAX-003461,ASM-003461,PROP-01154,CTY-018,2025,10453,2025-11-01,2025-10-13,paid
TAX-003462,ASM-003462,PROP-01154,CTY-018,2026,11286,2026-11-01,,outstanding
TAX-003463,ASM-003463,PROP-01155,CTY-018,2024,7184,2024-11-01,2024-10-03,paid
TAX-003464,ASM-003464,PROP-01155,CTY-018,2025,7782,2025-11-01,2025-10-04,paid
TAX-003465,ASM-003465,PROP-01155,CTY-018,2026,8440,2026-11-01,,outstanding
TAX-003466,ASM-003466,PROP-01156,CTY-018,2024,7654,2024-11-01,2024-10-23,paid
TAX-003467,ASM-003467,PROP-01156,CTY-018,2025,8079,2025-11-01,2025-10-21,paid
TAX-003468,ASM-003468,PROP-01156,CTY-018,2026,8644,2026-11-01,,outstanding
TAX-003469,ASM-003469,PROP-01157,CTY-018,2024,7288,2024-11-01,2024-10-24,paid
TAX-003470,ASM-003470,PROP-01157,CTY-018,2025,7854,2025-11-01,2025-09-24,paid
TAX-003471,ASM-003471,PROP-01157,CTY-018,2026,8561,2026-11-01,,outstanding
TAX-003472,ASM-003472,PROP-01158,CTY-018,2024,7525,2024-11-01,2024-10-30,paid
TAX-003473,ASM-003473,PROP-01158,CTY-018,2025,7951,2025-11-01,2025-10-13,paid
TAX-003474,ASM-003474,PROP-01158,CTY-018,2026,8653,2026-11-01,,outstanding
TAX-003475,ASM-003475,PROP-01159,CTY-018,2024,7825,2024-11-01,2024-09-22,paid
TAX-003476,ASM-003476,PROP-01159,CTY-018,2025,8775,2025-11-01,2025-10-07,paid
TAX-003477,ASM-003477,PROP-01159,CTY-018,2026,9393,2026-11-01,,outstanding
TAX-003478,ASM-003478,PROP-01160,CTY-018,2024,8797,2024-11-01,2024-10-09,paid
TAX-003479,ASM-003479,PROP-01160,CTY-018,2025,9491,2025-11-01,2025-10-25,paid
TAX-003480,ASM-003480,PROP-01160,CTY-018,2026,10433,2026-11-01,,outstanding
TAX-003481,ASM-003481,PROP-01161,CTY-018,2024,7738,2024-11-01,2024-10-03,paid
TAX-003482,ASM-003482,PROP-01161,CTY-018,2025,8532,2025-11-01,2025-09-28,paid
TAX-003483,ASM-003483,PROP-01161,CTY-018,2026,9672,2026-11-01,,outstanding
TAX-003484,ASM-003484,PROP-01162,CTY-018,2024,8818,2024-11-01,2024-09-23,paid
TAX-003485,ASM-003485,PROP-01162,CTY-018,2025,9675,2025-11-01,2025-10-18,paid
TAX-003486,ASM-003486,PROP-01162,CTY-018,2026,10527,2026-11-01,,outstanding
TAX-003487,ASM-003487,PROP-01163,CTY-018,2024,8091,2024-11-01,2024-10-17,paid
TAX-003488,ASM-003488,PROP-01163,CTY-018,2025,8761,2025-11-01,2025-10-19,paid
TAX-003489,ASM-003489,PROP-01163,CTY-018,2026,9388,2026-11-01,,outstanding
TAX-003490,ASM-003490,PROP-01164,CTY-018,2024,6274,2024-11-01,2024-10-16,paid
TAX-003491,ASM-003491,PROP-01164,CTY-018,2025,6705,2025-11-01,2025-10-30,paid
TAX-003492,ASM-003492,PROP-01164,CTY-018,2026,7114,2026-11-01,,outstanding
TAX-003493,ASM-003493,PROP-01165,CTY-018,2024,8850,2024-11-01,2024-10-05,paid
TAX-003494,ASM-003494,PROP-01165,CTY-018,2025,9644,2025-11-01,2025-09-30,paid
TAX-003495,ASM-003495,PROP-01165,CTY-018,2026,10239,2026-11-01,,outstanding
TAX-003496,ASM-003496,PROP-01166,CTY-017,2024,9235,2024-11-01,2024-10-12,paid
TAX-003497,ASM-003497,PROP-01166,CTY-017,2025,9902,2025-11-01,2025-10-29,paid
TAX-003498,ASM-003498,PROP-01166,CTY-017,2026,10431,2026-11-01,,outstanding
TAX-003499,ASM-003499,PROP-01167,CTY-017,2024,8156,2024-11-01,2024-09-29,paid
TAX-003500,ASM-003500,PROP-01167,CTY-017,2025,8902,2025-11-01,2025-09-23,paid
TAX-003501,ASM-003501,PROP-01167,CTY-017,2026,9528,2026-11-01,,outstanding
TAX-003502,ASM-003502,PROP-01168,CTY-017,2024,8663,2024-11-01,2024-10-27,paid
TAX-003503,ASM-003503,PROP-01168,CTY-017,2025,9535,2025-11-01,2025-11-01,paid
TAX-003504,ASM-003504,PROP-01168,CTY-017,2026,10485,2026-11-01,,outstanding
TAX-003505,ASM-003505,PROP-01169,CTY-017,2024,11181,2024-11-01,2024-10-13,paid
TAX-003506,ASM-003506,PROP-01169,CTY-017,2025,12172,2025-11-01,2025-10-16,paid
TAX-003507,ASM-003507,PROP-01169,CTY-017,2026,12884,2026-11-01,,outstanding
TAX-003508,ASM-003508,PROP-01170,CTY-017,2024,10483,2024-11-01,2024-10-23,paid
TAX-003509,ASM-003509,PROP-01170,CTY-017,2025,11522,2025-11-01,2025-09-30,paid
TAX-003510,ASM-003510,PROP-01170,CTY-017,2026,12400,2026-11-01,,outstanding
TAX-003511,ASM-003511,PROP-01171,CTY-017,2024,8736,2024-11-01,2024-10-08,paid
TAX-003512,ASM-003512,PROP-01171,CTY-017,2025,9510,2025-11-01,2025-10-08,paid
TAX-003513,ASM-003513,PROP-01171,CTY-017,2026,10537,2026-11-01,,outstanding
TAX-003514,ASM-003514,PROP-01172,CTY-017,2024,9425,2024-11-01,2024-09-28,paid
TAX-003515,ASM-003515,PROP-01172,CTY-017,2025,10137,2025-11-01,2025-10-11,paid
TAX-003516,ASM-003516,PROP-01172,CTY-017,2026,10837,2026-11-01,,outstanding
TAX-003517,ASM-003517,PROP-01173,CTY-017,2024,9794,2024-11-01,2024-09-26,paid
TAX-003518,ASM-003518,PROP-01173,CTY-017,2025,10367,2025-11-01,2025-10-19,paid
TAX-003519,ASM-003519,PROP-01173,CTY-017,2026,11394,2026-11-01,,outstanding
TAX-003520,ASM-003520,PROP-01174,CTY-017,2024,10395,2024-11-01,2024-10-14,paid
TAX-003521,ASM-003521,PROP-01174,CTY-017,2025,10971,2025-11-01,2025-10-11,paid
TAX-003522,ASM-003522,PROP-01174,CTY-017,2026,11640,2026-11-01,,outstanding
TAX-003523,ASM-003523,PROP-01175,CTY-017,2024,10946,2024-11-01,2024-10-09,paid
TAX-003524,ASM-003524,PROP-01175,CTY-017,2025,11622,2025-11-01,2025-10-31,paid
TAX-003525,ASM-003525,PROP-01175,CTY-017,2026,12538,2026-11-01,,outstanding
TAX-003526,ASM-003526,PROP-01176,CTY-017,2024,10392,2024-11-01,2024-10-16,paid
TAX-003527,ASM-003527,PROP-01176,CTY-017,2025,11306,2025-11-01,2025-10-31,paid
TAX-003528,ASM-003528,PROP-01176,CTY-017,2026,12156,2026-11-01,,outstanding
TAX-003529,ASM-003529,PROP-01177,CTY-017,2024,10769,2024-11-01,2024-09-22,paid
TAX-003530,ASM-003530,PROP-01177,CTY-017,2025,11357,2025-11-01,2025-09-29,paid
TAX-003531,ASM-003531,PROP-01177,CTY-017,2026,11986,2026-11-01,,outstanding
TAX-003532,ASM-003532,PROP-01178,CTY-017,2024,10046,2024-11-01,2024-10-19,paid
TAX-003533,ASM-003533,PROP-01178,CTY-017,2025,10696,2025-11-01,2025-10-22,paid
TAX-003534,ASM-003534,PROP-01178,CTY-017,2026,11670,2026-11-01,,outstanding
TAX-003535,ASM-003535,PROP-01179,CTY-017,2024,8501,2024-11-01,2024-10-09,paid
TAX-003536,ASM-003536,PROP-01179,CTY-017,2025,8926,2025-11-01,2025-10-08,paid
TAX-003537,ASM-003537,PROP-01179,CTY-017,2026,9450,2026-11-01,,outstanding
TAX-003538,ASM-003538,PROP-01180,CTY-017,2024,8911,2024-11-01,2024-10-08,paid
TAX-003539,ASM-003539,PROP-01180,CTY-017,2025,9377,2025-11-01,2025-10-29,paid
TAX-003540,ASM-003540,PROP-01180,CTY-017,2026,9965,2026-11-01,,outstanding
TAX-003541,ASM-003541,PROP-01181,CTY-017,2024,8318,2024-11-01,2024-10-08,paid
TAX-003542,ASM-003542,PROP-01181,CTY-017,2025,9182,2025-11-01,2025-10-23,paid
TAX-003543,ASM-003543,PROP-01181,CTY-017,2026,9771,2026-11-01,,outstanding
TAX-003544,ASM-003544,PROP-01182,CTY-017,2024,8985,2024-11-01,2024-10-03,paid
TAX-003545,ASM-003545,PROP-01182,CTY-017,2025,9518,2025-11-01,2025-09-29,paid
TAX-003546,ASM-003546,PROP-01182,CTY-017,2026,10079,2026-11-01,,outstanding
TAX-003547,ASM-003547,PROP-01183,CTY-017,2024,8505,2024-11-01,2024-10-09,paid
TAX-003548,ASM-003548,PROP-01183,CTY-017,2025,9366,2025-11-01,2025-09-30,paid
TAX-003549,ASM-003549,PROP-01183,CTY-017,2026,10143,2026-11-01,,outstanding
TAX-003550,ASM-003550,PROP-01184,CTY-017,2024,8804,2024-11-01,2024-10-16,paid
TAX-003551,ASM-003551,PROP-01184,CTY-017,2025,9271,2025-11-01,2025-09-27,paid
TAX-003552,ASM-003552,PROP-01184,CTY-017,2026,10303,2026-11-01,,outstanding
TAX-003553,ASM-003553,PROP-01185,CTY-017,2024,9792,2024-11-01,2024-11-01,paid
TAX-003554,ASM-003554,PROP-01185,CTY-017,2025,10861,2025-11-01,2025-10-11,paid
TAX-003555,ASM-003555,PROP-01185,CTY-017,2026,12116,2026-11-01,,outstanding
TAX-003556,ASM-003556,PROP-01186,CTY-017,2024,9872,2024-11-01,2024-10-21,paid
TAX-003557,ASM-003557,PROP-01186,CTY-017,2025,10364,2025-11-01,2025-10-04,paid
TAX-003558,ASM-003558,PROP-01186,CTY-017,2026,11013,2026-11-01,,outstanding
TAX-003559,ASM-003559,PROP-01187,CTY-017,2024,8279,2024-11-01,2024-10-14,paid
TAX-003560,ASM-003560,PROP-01187,CTY-017,2025,9162,2025-11-01,2025-10-03,paid
TAX-003561,ASM-003561,PROP-01187,CTY-017,2026,9637,2026-11-01,,outstanding
TAX-003562,ASM-003562,PROP-01188,CTY-017,2024,10171,2024-11-01,2024-10-19,paid
TAX-003563,ASM-003563,PROP-01188,CTY-017,2025,10864,2025-11-01,2025-10-17,paid
TAX-003564,ASM-003564,PROP-01188,CTY-017,2026,11470,2026-11-01,,outstanding
TAX-003565,ASM-003565,PROP-01189,CTY-017,2024,9938,2024-11-01,2024-10-22,paid
TAX-003566,ASM-003566,PROP-01189,CTY-017,2025,10462,2025-11-01,2025-10-22,paid
TAX-003567,ASM-003567,PROP-01189,CTY-017,2026,11592,2026-11-01,,outstanding
TAX-003568,ASM-003568,PROP-01190,CTY-017,2024,8588,2024-11-01,2024-10-29,paid
TAX-003569,ASM-003569,PROP-01190,CTY-017,2025,9079,2025-11-01,2025-10-02,paid
TAX-003570,ASM-003570,PROP-01190,CTY-017,2026,9848,2026-11-01,,outstanding
TAX-003571,ASM-003571,PROP-01191,CTY-017,2024,10358,2024-11-01,2024-10-09,paid
TAX-003572,ASM-003572,PROP-01191,CTY-017,2025,11346,2025-11-01,2025-10-30,paid
TAX-003573,ASM-003573,PROP-01191,CTY-017,2026,12404,2026-11-01,,outstanding
TAX-003574,ASM-003574,PROP-01192,CTY-017,2024,9813,2024-11-01,2024-10-14,paid
TAX-003575,ASM-003575,PROP-01192,CTY-017,2025,10931,2025-11-01,2025-09-28,paid
TAX-003576,ASM-003576,PROP-01192,CTY-017,2026,12069,2026-11-01,,outstanding
TAX-003577,ASM-003577,PROP-01193,CTY-017,2024,9528,2024-11-01,2024-10-11,paid
TAX-003578,ASM-003578,PROP-01193,CTY-017,2025,10635,2025-11-01,2025-10-07,paid
TAX-003579,ASM-003579,PROP-01193,CTY-017,2026,11646,2026-11-01,,outstanding
TAX-003580,ASM-003580,PROP-01194,CTY-017,2024,8056,2024-11-01,2024-10-06,paid
TAX-003581,ASM-003581,PROP-01194,CTY-017,2025,8934,2025-11-01,2025-10-05,paid
TAX-003582,ASM-003582,PROP-01194,CTY-017,2026,9921,2026-11-01,,outstanding
TAX-003583,ASM-003583,PROP-01195,CTY-017,2024,8617,2024-11-01,2024-10-31,paid
TAX-003584,ASM-003584,PROP-01195,CTY-017,2025,9512,2025-11-01,2025-10-24,paid
TAX-003585,ASM-003585,PROP-01195,CTY-017,2026,9987,2026-11-01,,outstanding
TAX-003586,ASM-003586,PROP-01196,CTY-017,2024,11424,2024-11-01,2024-09-26,paid
TAX-003587,ASM-003587,PROP-01196,CTY-017,2025,12033,2025-11-01,2025-09-24,paid
TAX-003588,ASM-003588,PROP-01196,CTY-017,2026,13084,2026-11-01,,outstanding
TAX-003589,ASM-003589,PROP-01197,CTY-017,2024,9117,2024-11-01,2024-09-28,paid
TAX-003590,ASM-003590,PROP-01197,CTY-017,2025,10116,2025-11-01,2025-10-12,paid
TAX-003591,ASM-003591,PROP-01197,CTY-017,2026,10673,2026-11-01,,outstanding
TAX-003592,ASM-003592,PROP-01198,CTY-017,2024,9318,2024-11-01,2024-10-18,paid
TAX-003593,ASM-003593,PROP-01198,CTY-017,2025,9955,2025-11-01,2025-10-25,paid
TAX-003594,ASM-003594,PROP-01198,CTY-017,2026,10609,2026-11-01,,outstanding
TAX-003595,ASM-003595,PROP-01199,CTY-017,2024,9832,2024-11-01,2024-10-29,paid
TAX-003596,ASM-003596,PROP-01199,CTY-017,2025,10617,2025-11-01,2025-10-02,paid
TAX-003597,ASM-003597,PROP-01199,CTY-017,2026,11336,2026-11-01,,outstanding
TAX-003598,ASM-003598,PROP-01200,CTY-017,2024,9155,2024-11-01,2024-10-01,paid
TAX-003599,ASM-003599,PROP-01200,CTY-017,2025,9609,2025-11-01,2025-10-12,paid
TAX-003600,ASM-003600,PROP-01200,CTY-017,2026,9624,2026-11-01,,outstanding
TAX-003601,ASM-003601,PROP-01201,CTY-017,2024,10860,2024-11-01,2024-10-16,paid
TAX-003602,ASM-003602,PROP-01201,CTY-017,2025,11714,2025-11-01,2025-10-13,paid
TAX-003603,ASM-003603,PROP-01201,CTY-017,2026,12725,2026-11-01,,outstanding
TAX-003604,ASM-003604,PROP-01202,CTY-018,2024,6677,2024-11-01,2024-10-04,paid
TAX-003605,ASM-003605,PROP-01202,CTY-018,2025,7454,2025-11-01,2025-10-09,paid
TAX-003606,ASM-003606,PROP-01202,CTY-018,2026,8052,2026-11-01,,outstanding
TAX-003607,ASM-003607,PROP-01203,CTY-018,2024,5739,2024-11-01,2024-10-03,paid
TAX-003608,ASM-003608,PROP-01203,CTY-018,2025,6476,2025-11-01,2025-10-31,paid
TAX-003609,ASM-003609,PROP-01203,CTY-018,2026,7169,2026-11-01,,outstanding
TAX-003610,ASM-003610,PROP-01204,CTY-018,2024,6744,2024-11-01,2024-09-25,paid
TAX-003611,ASM-003611,PROP-01204,CTY-018,2025,7319,2025-11-01,2025-09-27,paid
TAX-003612,ASM-003612,PROP-01204,CTY-018,2026,8175,2026-11-01,,outstanding
TAX-003613,ASM-003613,PROP-01205,CTY-018,2024,6055,2024-11-01,2024-10-25,paid
TAX-003614,ASM-003614,PROP-01205,CTY-018,2025,6843,2025-11-01,2025-10-26,paid
TAX-003615,ASM-003615,PROP-01205,CTY-018,2026,7302,2026-11-01,,outstanding
TAX-003616,ASM-003616,PROP-01206,CTY-018,2024,5944,2024-11-01,2024-09-24,paid
TAX-003617,ASM-003617,PROP-01206,CTY-018,2025,6267,2025-11-01,2025-10-24,paid
TAX-003618,ASM-003618,PROP-01206,CTY-018,2026,6672,2026-11-01,,outstanding
TAX-003619,ASM-003619,PROP-01207,CTY-018,2024,6558,2024-11-01,2024-09-22,paid
TAX-003620,ASM-003620,PROP-01207,CTY-018,2025,7286,2025-11-01,2025-10-19,paid
TAX-003621,ASM-003621,PROP-01207,CTY-018,2026,7954,2026-11-01,,outstanding
TAX-003622,ASM-003622,PROP-01208,CTY-018,2024,5535,2024-11-01,2024-10-22,paid
TAX-003623,ASM-003623,PROP-01208,CTY-018,2025,6114,2025-11-01,2025-09-29,paid
TAX-003624,ASM-003624,PROP-01208,CTY-018,2026,6837,2026-11-01,,outstanding
TAX-003625,ASM-003625,PROP-01209,CTY-018,2024,5582,2024-11-01,2024-10-19,paid
TAX-003626,ASM-003626,PROP-01209,CTY-018,2025,5888,2025-11-01,2025-10-19,paid
TAX-003627,ASM-003627,PROP-01209,CTY-018,2026,5857,2026-11-01,,outstanding
TAX-003628,ASM-003628,PROP-01210,CTY-018,2024,7416,2024-11-01,2024-10-03,paid
TAX-003629,ASM-003629,PROP-01210,CTY-018,2025,8399,2025-11-01,2025-09-22,paid
TAX-003630,ASM-003630,PROP-01210,CTY-018,2026,9496,2026-11-01,,outstanding
TAX-003631,ASM-003631,PROP-01211,CTY-018,2024,6557,2024-11-01,2024-10-22,paid
TAX-003632,ASM-003632,PROP-01211,CTY-018,2025,7055,2025-11-01,2025-10-27,paid
TAX-003633,ASM-003633,PROP-01211,CTY-018,2026,7436,2026-11-01,,outstanding
TAX-003634,ASM-003634,PROP-01212,CTY-018,2024,6263,2024-11-01,2024-10-25,paid
TAX-003635,ASM-003635,PROP-01212,CTY-018,2025,6829,2025-11-01,2025-10-03,paid
TAX-003636,ASM-003636,PROP-01212,CTY-018,2026,7211,2026-11-01,,outstanding
TAX-003637,ASM-003637,PROP-01213,CTY-018,2024,5353,2024-11-01,2024-10-09,paid
TAX-003638,ASM-003638,PROP-01213,CTY-018,2025,5720,2025-11-01,2025-10-25,paid
TAX-003639,ASM-003639,PROP-01213,CTY-018,2026,5704,2026-11-01,,outstanding
TAX-003640,ASM-003640,PROP-01214,CTY-018,2024,6710,2024-11-01,2024-10-05,paid
TAX-003641,ASM-003641,PROP-01214,CTY-018,2025,7497,2025-11-01,2025-10-01,paid
TAX-003642,ASM-003642,PROP-01214,CTY-018,2026,8114,2026-11-01,,outstanding
TAX-003643,ASM-003643,PROP-01215,CTY-018,2024,5688,2024-11-01,2024-10-14,paid
TAX-003644,ASM-003644,PROP-01215,CTY-018,2025,6168,2025-11-01,2025-10-06,paid
TAX-003645,ASM-003645,PROP-01215,CTY-018,2026,6686,2026-11-01,,outstanding
TAX-003646,ASM-003646,PROP-01216,CTY-018,2024,5932,2024-11-01,2024-10-12,paid
TAX-003647,ASM-003647,PROP-01216,CTY-018,2025,6285,2025-11-01,2025-10-15,paid
TAX-003648,ASM-003648,PROP-01216,CTY-018,2026,7094,2026-11-01,,outstanding
TAX-003649,ASM-003649,PROP-01217,CTY-018,2024,6617,2024-11-01,2024-10-10,paid
TAX-003650,ASM-003650,PROP-01217,CTY-018,2025,7156,2025-11-01,2025-10-10,paid
TAX-003651,ASM-003651,PROP-01217,CTY-018,2026,7951,2026-11-01,,outstanding
TAX-003652,ASM-003652,PROP-01218,CTY-018,2024,5457,2024-11-01,2024-09-25,paid
TAX-003653,ASM-003653,PROP-01218,CTY-018,2025,6067,2025-11-01,2025-10-04,paid
TAX-003654,ASM-003654,PROP-01218,CTY-018,2026,6526,2026-11-01,,outstanding
TAX-003655,ASM-003655,PROP-01219,CTY-018,2024,6085,2024-11-01,2024-10-05,paid
TAX-003656,ASM-003656,PROP-01219,CTY-018,2025,6773,2025-11-01,2025-10-27,paid
TAX-003657,ASM-003657,PROP-01219,CTY-018,2026,7584,2026-11-01,,outstanding
TAX-003658,ASM-003658,PROP-01220,CTY-018,2024,6568,2024-11-01,2024-10-06,paid
TAX-003659,ASM-003659,PROP-01220,CTY-018,2025,7130,2025-11-01,2025-10-22,paid
TAX-003660,ASM-003660,PROP-01220,CTY-018,2026,7947,2026-11-01,,outstanding
TAX-003661,ASM-003661,PROP-01221,CTY-018,2024,5101,2024-11-01,2024-10-27,paid
TAX-003662,ASM-003662,PROP-01221,CTY-018,2025,5437,2025-11-01,2025-10-24,paid
TAX-003663,ASM-003663,PROP-01221,CTY-018,2026,5843,2026-11-01,,outstanding
TAX-003664,ASM-003664,PROP-01222,CTY-018,2024,7261,2024-11-01,2024-10-10,paid
TAX-003665,ASM-003665,PROP-01222,CTY-018,2025,7907,2025-11-01,2025-10-29,paid
TAX-003666,ASM-003666,PROP-01222,CTY-018,2026,8382,2026-11-01,,outstanding
TAX-003667,ASM-003667,PROP-01223,CTY-018,2024,7406,2024-11-01,2024-09-24,paid
TAX-003668,ASM-003668,PROP-01223,CTY-018,2025,8060,2025-11-01,2025-10-01,paid
TAX-003669,ASM-003669,PROP-01223,CTY-018,2026,8653,2026-11-01,,outstanding
TAX-003670,ASM-003670,PROP-01224,CTY-018,2024,5617,2024-11-01,2024-10-13,paid
TAX-003671,ASM-003671,PROP-01224,CTY-018,2025,6294,2025-11-01,2025-10-14,paid
TAX-003672,ASM-003672,PROP-01224,CTY-018,2026,7012,2026-11-01,,outstanding
TAX-003673,ASM-003673,PROP-01225,CTY-018,2024,6452,2024-11-01,2024-10-06,paid
TAX-003674,ASM-003674,PROP-01225,CTY-018,2025,6955,2025-11-01,2025-09-26,paid
TAX-003675,ASM-003675,PROP-01225,CTY-018,2026,7595,2026-11-01,,outstanding
TAX-003676,ASM-003676,PROP-01226,CTY-018,2024,5661,2024-11-01,2024-10-30,paid
TAX-003677,ASM-003677,PROP-01226,CTY-018,2025,6056,2025-11-01,2025-09-25,paid
TAX-003678,ASM-003678,PROP-01226,CTY-018,2026,6484,2026-11-01,,outstanding
TAX-003679,ASM-003679,PROP-01227,CTY-018,2024,5541,2024-11-01,2024-10-04,paid
TAX-003680,ASM-003680,PROP-01227,CTY-018,2025,6164,2025-11-01,2025-10-30,paid
TAX-003681,ASM-003681,PROP-01227,CTY-018,2026,6936,2026-11-01,,outstanding
TAX-003682,ASM-003682,PROP-01228,CTY-018,2024,7224,2024-11-01,2024-10-04,paid
TAX-003683,ASM-003683,PROP-01228,CTY-018,2025,7743,2025-11-01,2025-10-02,paid
TAX-003684,ASM-003684,PROP-01228,CTY-018,2026,8171,2026-11-01,,outstanding
TAX-003685,ASM-003685,PROP-01229,CTY-018,2024,6183,2024-11-01,2024-10-05,paid
TAX-003686,ASM-003686,PROP-01229,CTY-018,2025,6654,2025-11-01,2025-10-06,paid
TAX-003687,ASM-003687,PROP-01229,CTY-018,2026,7164,2026-11-01,,outstanding
TAX-003688,ASM-003688,PROP-01230,CTY-018,2024,6167,2024-11-01,2024-10-10,paid
TAX-003689,ASM-003689,PROP-01230,CTY-018,2025,6673,2025-11-01,2025-10-01,paid
TAX-003690,ASM-003690,PROP-01230,CTY-018,2026,7263,2026-11-01,,outstanding
TAX-003691,ASM-003691,PROP-01231,CTY-018,2024,6311,2024-11-01,2024-10-25,paid
TAX-003692,ASM-003692,PROP-01231,CTY-018,2025,6757,2025-11-01,2025-09-26,paid
TAX-003693,ASM-003693,PROP-01231,CTY-018,2026,7344,2026-11-01,,outstanding
TAX-003694,ASM-003694,PROP-01232,CTY-018,2024,5212,2024-11-01,2024-09-30,paid
TAX-003695,ASM-003695,PROP-01232,CTY-018,2025,5595,2025-11-01,2025-10-22,paid
TAX-003696,ASM-003696,PROP-01232,CTY-018,2026,6261,2026-11-01,,outstanding
TAX-003697,ASM-003697,PROP-01233,CTY-018,2024,5435,2024-11-01,2024-10-12,paid
TAX-003698,ASM-003698,PROP-01233,CTY-018,2025,5882,2025-11-01,2025-10-04,paid
TAX-003699,ASM-003699,PROP-01233,CTY-018,2026,6260,2026-11-01,,outstanding
TAX-003700,ASM-003700,PROP-01234,CTY-018,2024,7590,2024-11-01,2024-10-19,paid
TAX-003701,ASM-003701,PROP-01234,CTY-018,2025,8309,2025-11-01,2025-10-11,paid
TAX-003702,ASM-003702,PROP-01234,CTY-018,2026,9187,2026-11-01,,outstanding
TAX-003703,ASM-003703,PROP-01235,CTY-018,2024,5898,2024-11-01,2024-10-05,paid
TAX-003704,ASM-003704,PROP-01235,CTY-018,2025,6667,2025-11-01,2025-11-01,paid
TAX-003705,ASM-003705,PROP-01235,CTY-018,2026,7109,2026-11-01,,outstanding
TAX-003706,ASM-003706,PROP-01236,CTY-018,2024,6264,2024-11-01,2024-09-23,paid
TAX-003707,ASM-003707,PROP-01236,CTY-018,2025,6816,2025-11-01,2025-10-11,paid
TAX-003708,ASM-003708,PROP-01236,CTY-018,2026,7423,2026-11-01,,outstanding
TAX-003709,ASM-003709,PROP-01237,CTY-018,2024,5738,2024-11-01,2024-10-18,paid
TAX-003710,ASM-003710,PROP-01237,CTY-018,2025,6295,2025-11-01,2025-09-24,paid
TAX-003711,ASM-003711,PROP-01237,CTY-018,2026,6661,2026-11-01,,outstanding
TAX-003712,ASM-003712,PROP-01238,CTY-018,2024,6690,2024-11-01,2024-10-19,paid
TAX-003713,ASM-003713,PROP-01238,CTY-018,2025,7171,2025-11-01,2025-09-30,paid
TAX-003714,ASM-003714,PROP-01238,CTY-018,2026,7743,2026-11-01,,outstanding
TAX-003715,ASM-003715,PROP-01239,CTY-018,2024,6641,2024-11-01,2024-09-24,paid
TAX-003716,ASM-003716,PROP-01239,CTY-018,2025,7145,2025-11-01,2025-09-24,paid
TAX-003717,ASM-003717,PROP-01239,CTY-018,2026,7768,2026-11-01,,outstanding
TAX-003718,ASM-003718,PROP-01240,CTY-018,2024,5609,2024-11-01,2024-09-25,paid
TAX-003719,ASM-003719,PROP-01240,CTY-018,2025,6112,2025-11-01,2025-09-30,paid
TAX-003720,ASM-003720,PROP-01240,CTY-018,2026,6524,2026-11-01,,outstanding
TAX-003721,ASM-003721,PROP-01241,CTY-018,2024,5900,2024-11-01,2024-10-24,paid
TAX-003722,ASM-003722,PROP-01241,CTY-018,2025,6048,2025-11-01,2025-10-05,paid
TAX-003723,ASM-003723,PROP-01241,CTY-018,2026,7452,2026-11-01,,outstanding
TAX-003724,ASM-003724,PROP-01242,CTY-020,2024,3851,2024-11-01,2024-09-29,paid
TAX-003725,ASM-003725,PROP-01242,CTY-020,2025,4090,2025-11-01,2025-10-02,paid
TAX-003726,ASM-003726,PROP-01242,CTY-020,2026,4383,2026-11-01,,outstanding
TAX-003727,ASM-003727,PROP-01243,CTY-020,2024,3999,2024-11-01,2024-10-18,paid
TAX-003728,ASM-003728,PROP-01243,CTY-020,2025,4187,2025-11-01,2025-10-07,paid
TAX-003729,ASM-003729,PROP-01243,CTY-020,2026,4547,2026-11-01,,outstanding
TAX-003730,ASM-003730,PROP-01244,CTY-020,2024,4606,2024-11-01,2024-09-22,paid
TAX-003731,ASM-003731,PROP-01244,CTY-020,2025,4888,2025-11-01,2025-11-01,paid
TAX-003732,ASM-003732,PROP-01244,CTY-020,2026,5193,2026-11-01,,outstanding
TAX-003733,ASM-003733,PROP-01245,CTY-020,2024,4286,2024-11-01,2024-10-09,paid
TAX-003734,ASM-003734,PROP-01245,CTY-020,2025,4562,2025-11-01,2025-10-23,paid
TAX-003735,ASM-003735,PROP-01245,CTY-020,2026,4948,2026-11-01,,outstanding
TAX-003736,ASM-003736,PROP-01246,CTY-020,2024,4239,2024-11-01,2024-09-30,paid
TAX-003737,ASM-003737,PROP-01246,CTY-020,2025,4456,2025-11-01,2025-10-01,paid
TAX-003738,ASM-003738,PROP-01246,CTY-020,2026,4870,2026-11-01,,outstanding
TAX-003739,ASM-003739,PROP-01247,CTY-020,2024,4422,2024-11-01,2024-10-21,paid
TAX-003740,ASM-003740,PROP-01247,CTY-020,2025,4870,2025-11-01,2025-10-25,paid
TAX-003741,ASM-003741,PROP-01247,CTY-020,2026,5163,2026-11-01,,outstanding
TAX-003742,ASM-003742,PROP-01248,CTY-020,2024,4025,2024-11-01,2024-10-14,paid
TAX-003743,ASM-003743,PROP-01248,CTY-020,2025,4279,2025-11-01,2025-10-04,paid
TAX-003744,ASM-003744,PROP-01248,CTY-020,2026,4498,2026-11-01,,outstanding
TAX-003745,ASM-003745,PROP-01249,CTY-020,2024,4121,2024-11-01,2024-10-13,paid
TAX-003746,ASM-003746,PROP-01249,CTY-020,2025,4475,2025-11-01,2025-10-26,paid
TAX-003747,ASM-003747,PROP-01249,CTY-020,2026,4801,2026-11-01,,outstanding
TAX-003748,ASM-003748,PROP-01250,CTY-020,2024,4698,2024-11-01,2024-09-22,paid
TAX-003749,ASM-003749,PROP-01250,CTY-020,2025,5000,2025-11-01,2025-10-25,paid
TAX-003750,ASM-003750,PROP-01250,CTY-020,2026,5510,2026-11-01,,outstanding
TAX-003751,ASM-003751,PROP-01251,CTY-020,2024,5220,2024-11-01,2024-10-10,paid
TAX-003752,ASM-003752,PROP-01251,CTY-020,2025,5542,2025-11-01,2025-10-24,paid
TAX-003753,ASM-003753,PROP-01251,CTY-020,2026,5984,2026-11-01,,outstanding
TAX-003754,ASM-003754,PROP-01252,CTY-020,2024,4296,2024-11-01,2024-10-10,paid
TAX-003755,ASM-003755,PROP-01252,CTY-020,2025,4556,2025-11-01,2025-10-15,paid
TAX-003756,ASM-003756,PROP-01252,CTY-020,2026,4939,2026-11-01,,outstanding
TAX-003757,ASM-003757,PROP-01253,CTY-020,2024,4051,2024-11-01,2024-10-25,paid
TAX-003758,ASM-003758,PROP-01253,CTY-020,2025,4367,2025-11-01,2025-10-03,paid
TAX-003759,ASM-003759,PROP-01253,CTY-020,2026,4589,2026-11-01,,outstanding
TAX-003760,ASM-003760,PROP-01254,CTY-020,2024,4016,2024-11-01,2024-10-04,paid
TAX-003761,ASM-003761,PROP-01254,CTY-020,2025,4254,2025-11-01,2025-09-25,paid
TAX-003762,ASM-003762,PROP-01254,CTY-020,2026,4452,2026-11-01,,outstanding
TAX-003763,ASM-003763,PROP-01255,CTY-020,2024,4339,2024-11-01,2024-10-26,paid
TAX-003764,ASM-003764,PROP-01255,CTY-020,2025,4690,2025-11-01,2025-10-19,paid
TAX-003765,ASM-003765,PROP-01255,CTY-020,2026,5099,2026-11-01,,outstanding
TAX-003766,ASM-003766,PROP-01256,CTY-020,2024,3927,2024-11-01,2024-10-28,paid
TAX-003767,ASM-003767,PROP-01256,CTY-020,2025,4143,2025-11-01,2025-10-10,paid
TAX-003768,ASM-003768,PROP-01256,CTY-020,2026,4417,2026-11-01,,outstanding
TAX-003769,ASM-003769,PROP-01257,CTY-020,2024,4960,2024-11-01,2024-10-20,paid
TAX-003770,ASM-003770,PROP-01257,CTY-020,2025,5217,2025-11-01,2025-10-03,paid
TAX-003771,ASM-003771,PROP-01257,CTY-020,2026,5745,2026-11-01,,outstanding
TAX-003772,ASM-003772,PROP-01258,CTY-020,2024,4097,2024-11-01,2024-09-28,paid
TAX-003773,ASM-003773,PROP-01258,CTY-020,2025,4273,2025-11-01,2025-10-18,paid
TAX-003774,ASM-003774,PROP-01258,CTY-020,2026,4541,2026-11-01,,outstanding
TAX-003775,ASM-003775,PROP-01259,CTY-020,2024,4330,2024-11-01,2024-10-27,paid
TAX-003776,ASM-003776,PROP-01259,CTY-020,2025,4639,2025-11-01,2025-10-21,paid
TAX-003777,ASM-003777,PROP-01259,CTY-020,2026,4937,2026-11-01,,outstanding
TAX-003778,ASM-003778,PROP-01260,CTY-020,2024,4870,2024-11-01,2024-10-01,paid
TAX-003779,ASM-003779,PROP-01260,CTY-020,2025,5149,2025-11-01,2025-09-24,paid
TAX-003780,ASM-003780,PROP-01260,CTY-020,2026,5486,2026-11-01,,outstanding
TAX-003781,ASM-003781,PROP-01261,CTY-020,2024,4553,2024-11-01,2024-09-22,paid
TAX-003782,ASM-003782,PROP-01261,CTY-020,2025,4897,2025-11-01,2025-10-29,paid
TAX-003783,ASM-003783,PROP-01261,CTY-020,2026,5251,2026-11-01,,outstanding
TAX-003784,ASM-003784,PROP-01262,CTY-020,2024,3350,2024-11-01,2024-10-21,paid
TAX-003785,ASM-003785,PROP-01262,CTY-020,2025,3500,2025-11-01,2025-10-03,paid
TAX-003786,ASM-003786,PROP-01262,CTY-020,2026,3776,2026-11-01,,outstanding
TAX-003787,ASM-003787,PROP-01263,CTY-020,2024,4722,2024-11-01,2024-10-14,paid
TAX-003788,ASM-003788,PROP-01263,CTY-020,2025,5036,2025-11-01,2025-10-16,paid
TAX-003789,ASM-003789,PROP-01263,CTY-020,2026,5293,2026-11-01,,outstanding
TAX-003790,ASM-003790,PROP-01264,CTY-020,2024,5102,2024-11-01,2024-10-27,paid
TAX-003791,ASM-003791,PROP-01264,CTY-020,2025,5468,2025-11-01,2025-10-17,paid
TAX-003792,ASM-003792,PROP-01264,CTY-020,2026,5929,2026-11-01,,outstanding
TAX-003793,ASM-003793,PROP-01265,CTY-020,2024,5186,2024-11-01,2024-10-03,paid
TAX-003794,ASM-003794,PROP-01265,CTY-020,2025,5566,2025-11-01,2025-09-27,paid
TAX-003795,ASM-003795,PROP-01265,CTY-020,2026,5952,2026-11-01,,outstanding
TAX-003796,ASM-003796,PROP-01266,CTY-020,2024,4255,2024-11-01,2024-10-26,paid
TAX-003797,ASM-003797,PROP-01266,CTY-020,2025,4635,2025-11-01,2025-10-19,paid
TAX-003798,ASM-003798,PROP-01266,CTY-020,2026,5007,2026-11-01,,outstanding
TAX-003799,ASM-003799,PROP-01267,CTY-020,2024,3627,2024-11-01,2024-09-29,paid
TAX-003800,ASM-003800,PROP-01267,CTY-020,2025,3842,2025-11-01,2025-10-21,paid
TAX-003801,ASM-003801,PROP-01267,CTY-020,2026,4017,2026-11-01,,outstanding
TAX-003802,ASM-003802,PROP-01268,CTY-020,2024,4313,2024-11-01,2024-10-25,paid
TAX-003803,ASM-003803,PROP-01268,CTY-020,2025,4520,2025-11-01,2025-09-30,paid
TAX-003804,ASM-003804,PROP-01268,CTY-020,2026,4899,2026-11-01,,outstanding
TAX-003805,ASM-003805,PROP-01269,CTY-020,2024,5522,2024-11-01,2024-10-11,paid
TAX-003806,ASM-003806,PROP-01269,CTY-020,2025,5944,2025-11-01,2025-10-26,paid
TAX-003807,ASM-003807,PROP-01269,CTY-020,2026,6455,2026-11-01,,outstanding
TAX-003808,ASM-003808,PROP-01270,CTY-020,2024,4748,2024-11-01,2024-10-12,paid
TAX-003809,ASM-003809,PROP-01270,CTY-020,2025,5080,2025-11-01,2025-09-27,paid
TAX-003810,ASM-003810,PROP-01270,CTY-020,2026,5434,2026-11-01,,outstanding
TAX-003811,ASM-003811,PROP-01271,CTY-020,2024,4293,2024-11-01,2024-09-28,paid
TAX-003812,ASM-003812,PROP-01271,CTY-020,2025,4565,2025-11-01,2025-10-19,paid
TAX-003813,ASM-003813,PROP-01271,CTY-020,2026,4909,2026-11-01,,outstanding
TAX-003814,ASM-003814,PROP-01272,CTY-020,2024,4881,2024-11-01,2024-09-30,paid
TAX-003815,ASM-003815,PROP-01272,CTY-020,2025,5083,2025-11-01,2025-10-21,paid
TAX-003816,ASM-003816,PROP-01272,CTY-020,2026,5421,2026-11-01,,outstanding
TAX-003817,ASM-003817,PROP-01273,CTY-020,2024,3917,2024-11-01,2024-10-11,paid
TAX-003818,ASM-003818,PROP-01273,CTY-020,2025,4312,2025-11-01,2025-10-27,paid
TAX-003819,ASM-003819,PROP-01273,CTY-020,2026,4674,2026-11-01,,outstanding
TAX-003820,ASM-003820,PROP-01274,CTY-020,2024,4115,2024-11-01,2024-09-24,paid
TAX-003821,ASM-003821,PROP-01274,CTY-020,2025,4507,2025-11-01,2025-10-27,paid
TAX-003822,ASM-003822,PROP-01274,CTY-020,2026,4760,2026-11-01,,outstanding
TAX-003823,ASM-003823,PROP-01275,CTY-020,2024,4928,2024-11-01,2024-10-22,paid
TAX-003824,ASM-003824,PROP-01275,CTY-020,2025,5358,2025-11-01,2025-10-22,paid
TAX-003825,ASM-003825,PROP-01275,CTY-020,2026,5621,2026-11-01,,outstanding
TAX-003826,ASM-003826,PROP-01276,CTY-020,2024,3777,2024-11-01,2024-10-29,paid
TAX-003827,ASM-003827,PROP-01276,CTY-020,2025,4019,2025-11-01,2025-10-13,paid
TAX-003828,ASM-003828,PROP-01276,CTY-020,2026,4359,2026-11-01,,outstanding
TAX-003829,ASM-003829,PROP-01277,CTY-020,2024,4562,2024-11-01,2024-09-27,paid
TAX-003830,ASM-003830,PROP-01277,CTY-020,2025,4896,2025-11-01,2025-10-06,paid
TAX-003831,ASM-003831,PROP-01277,CTY-020,2026,5228,2026-11-01,,outstanding
TAX-003832,ASM-003832,PROP-01278,CTY-020,2024,3441,2024-11-01,2024-10-01,paid
TAX-003833,ASM-003833,PROP-01278,CTY-020,2025,3634,2025-11-01,2025-10-17,paid
TAX-003834,ASM-003834,PROP-01278,CTY-020,2026,3964,2026-11-01,,outstanding
TAX-003835,ASM-003835,PROP-01279,CTY-020,2024,3731,2024-11-01,2024-09-27,paid
TAX-003836,ASM-003836,PROP-01279,CTY-020,2025,3708,2025-11-01,2025-10-31,paid
TAX-003837,ASM-003837,PROP-01279,CTY-020,2026,4319,2026-11-01,,outstanding
TAX-003838,ASM-003838,PROP-01280,CTY-020,2024,4107,2024-11-01,2024-10-18,paid
TAX-003839,ASM-003839,PROP-01280,CTY-020,2025,4281,2025-11-01,2025-10-17,paid
TAX-003840,ASM-003840,PROP-01280,CTY-020,2026,4610,2026-11-01,,outstanding
TAX-003841,ASM-003841,PROP-01281,CTY-020,2024,4092,2024-11-01,2024-10-21,paid
TAX-003842,ASM-003842,PROP-01281,CTY-020,2025,4440,2025-11-01,2025-09-23,paid
TAX-003843,ASM-003843,PROP-01281,CTY-020,2026,4653,2026-11-01,,outstanding
TAX-003844,ASM-003844,PROP-01282,CTY-020,2024,3717,2024-11-01,2024-10-19,paid
TAX-003845,ASM-003845,PROP-01282,CTY-020,2025,3892,2025-11-01,2025-09-27,paid
TAX-003846,ASM-003846,PROP-01282,CTY-020,2026,4134,2026-11-01,,outstanding
TAX-003847,ASM-003847,PROP-01283,CTY-020,2024,4720,2024-11-01,2024-10-11,paid
TAX-003848,ASM-003848,PROP-01283,CTY-020,2025,5097,2025-11-01,2025-10-05,paid
TAX-003849,ASM-003849,PROP-01283,CTY-020,2026,5392,2026-11-01,,outstanding
TAX-003850,ASM-003850,PROP-01284,CTY-020,2024,3725,2024-11-01,2024-10-13,paid
TAX-003851,ASM-003851,PROP-01284,CTY-020,2025,3960,2025-11-01,2025-10-21,paid
TAX-003852,ASM-003852,PROP-01284,CTY-020,2026,4337,2026-11-01,,outstanding
TAX-003853,ASM-003853,PROP-01285,CTY-020,2024,3306,2024-11-01,2024-10-06,paid
TAX-003854,ASM-003854,PROP-01285,CTY-020,2025,3507,2025-11-01,2025-10-16,paid
TAX-003855,ASM-003855,PROP-01285,CTY-020,2026,3665,2026-11-01,,outstanding
TAX-003856,ASM-003856,PROP-01286,CTY-020,2024,4066,2024-11-01,2024-10-27,paid
TAX-003857,ASM-003857,PROP-01286,CTY-020,2025,4404,2025-11-01,2025-10-02,paid
TAX-003858,ASM-003858,PROP-01286,CTY-020,2026,4629,2026-11-01,,outstanding
TAX-003859,ASM-003859,PROP-01287,CTY-020,2024,4835,2024-11-01,2024-10-12,paid
TAX-003860,ASM-003860,PROP-01287,CTY-020,2025,5248,2025-11-01,2025-10-04,paid
TAX-003861,ASM-003861,PROP-01287,CTY-020,2026,5777,2026-11-01,,outstanding
TAX-003862,ASM-003862,PROP-01288,CTY-020,2024,4234,2024-11-01,2024-10-05,paid
TAX-003863,ASM-003863,PROP-01288,CTY-020,2025,4445,2025-11-01,2025-10-11,paid
TAX-003864,ASM-003864,PROP-01288,CTY-020,2026,4659,2026-11-01,,outstanding
TAX-003865,ASM-003865,PROP-01289,CTY-020,2024,3793,2024-11-01,2024-09-24,paid
TAX-003866,ASM-003866,PROP-01289,CTY-020,2025,4019,2025-11-01,2025-09-22,paid
TAX-003867,ASM-003867,PROP-01289,CTY-020,2026,4393,2026-11-01,,outstanding
TAX-003868,ASM-003868,PROP-01290,CTY-020,2024,4283,2024-11-01,2024-10-19,paid
TAX-003869,ASM-003869,PROP-01290,CTY-020,2025,4654,2025-11-01,2025-10-06,paid
TAX-003870,ASM-003870,PROP-01290,CTY-020,2026,4998,2026-11-01,,outstanding
TAX-003871,ASM-003871,PROP-01291,CTY-020,2024,3590,2024-11-01,2024-09-24,paid
TAX-003872,ASM-003872,PROP-01291,CTY-020,2025,3825,2025-11-01,2025-10-13,paid
TAX-003873,ASM-003873,PROP-01291,CTY-020,2026,4090,2026-11-01,,outstanding
TAX-003874,ASM-003874,PROP-01292,CTY-020,2024,3716,2024-11-01,2024-10-10,paid
TAX-003875,ASM-003875,PROP-01292,CTY-020,2025,4028,2025-11-01,2025-10-07,paid
TAX-003876,ASM-003876,PROP-01292,CTY-020,2026,4295,2026-11-01,,outstanding
TAX-003877,ASM-003877,PROP-01293,CTY-020,2024,4706,2024-11-01,2024-10-01,paid
TAX-003878,ASM-003878,PROP-01293,CTY-020,2025,4991,2025-11-01,2025-09-27,paid
TAX-003879,ASM-003879,PROP-01293,CTY-020,2026,5422,2026-11-01,,outstanding
TAX-003880,ASM-003880,PROP-01294,CTY-020,2024,4703,2024-11-01,2024-10-27,paid
TAX-003881,ASM-003881,PROP-01294,CTY-020,2025,4994,2025-11-01,2025-10-26,paid
TAX-003882,ASM-003882,PROP-01294,CTY-020,2026,5345,2026-11-01,,outstanding
TAX-003883,ASM-003883,PROP-01295,CTY-020,2024,4193,2024-11-01,2024-10-12,paid
TAX-003884,ASM-003884,PROP-01295,CTY-020,2025,4510,2025-11-01,2025-10-06,paid
TAX-003885,ASM-003885,PROP-01295,CTY-020,2026,4827,2026-11-01,,outstanding
TAX-003886,ASM-003886,PROP-01296,CTY-020,2024,4869,2024-11-01,2024-10-01,paid
TAX-003887,ASM-003887,PROP-01296,CTY-020,2025,5286,2025-11-01,2025-10-17,paid
TAX-003888,ASM-003888,PROP-01296,CTY-020,2026,5759,2026-11-01,,outstanding
TAX-003889,ASM-003889,PROP-01297,CTY-021,2024,2762,2024-11-01,2024-11-01,paid
TAX-003890,ASM-003890,PROP-01297,CTY-021,2025,3035,2025-11-01,2025-10-12,paid
TAX-003891,ASM-003891,PROP-01297,CTY-021,2026,3329,2026-11-01,,outstanding
TAX-003892,ASM-003892,PROP-01298,CTY-021,2024,3333,2024-11-01,2024-10-05,paid
TAX-003893,ASM-003893,PROP-01298,CTY-021,2025,3509,2025-11-01,2025-10-26,paid
TAX-003894,ASM-003894,PROP-01298,CTY-021,2026,3840,2026-11-01,,outstanding
TAX-003895,ASM-003895,PROP-01299,CTY-021,2024,3466,2024-11-01,2024-10-14,paid
TAX-003896,ASM-003896,PROP-01299,CTY-021,2025,3770,2025-11-01,2025-10-06,paid
TAX-003897,ASM-003897,PROP-01299,CTY-021,2026,4020,2026-11-01,,outstanding
TAX-003898,ASM-003898,PROP-01300,CTY-021,2024,2801,2024-11-01,2024-10-18,paid
TAX-003899,ASM-003899,PROP-01300,CTY-021,2025,2984,2025-11-01,2025-10-08,paid
TAX-003900,ASM-003900,PROP-01300,CTY-021,2026,3234,2026-11-01,,outstanding
TAX-003901,ASM-003901,PROP-01301,CTY-021,2024,2609,2024-11-01,2024-09-23,paid
TAX-003902,ASM-003902,PROP-01301,CTY-021,2025,2739,2025-11-01,2025-10-06,paid
TAX-003903,ASM-003903,PROP-01301,CTY-021,2026,2862,2026-11-01,,outstanding
TAX-003904,ASM-003904,PROP-01302,CTY-021,2024,3187,2024-11-01,2024-09-22,paid
TAX-003905,ASM-003905,PROP-01302,CTY-021,2025,3429,2025-11-01,2025-10-21,paid
TAX-003906,ASM-003906,PROP-01302,CTY-021,2026,3666,2026-11-01,,outstanding
TAX-003907,ASM-003907,PROP-01303,CTY-021,2024,2941,2024-11-01,2024-09-22,paid
TAX-003908,ASM-003908,PROP-01303,CTY-021,2025,3135,2025-11-01,2025-10-14,paid
TAX-003909,ASM-003909,PROP-01303,CTY-021,2026,3384,2026-11-01,,outstanding
TAX-003910,ASM-003910,PROP-01304,CTY-021,2024,3218,2024-11-01,2024-10-14,paid
TAX-003911,ASM-003911,PROP-01304,CTY-021,2025,3452,2025-11-01,2025-09-28,paid
TAX-003912,ASM-003912,PROP-01304,CTY-021,2026,3649,2026-11-01,,outstanding
TAX-003913,ASM-003913,PROP-01305,CTY-021,2024,3130,2024-11-01,2024-10-06,paid
TAX-003914,ASM-003914,PROP-01305,CTY-021,2025,3351,2025-11-01,2025-10-03,paid
TAX-003915,ASM-003915,PROP-01305,CTY-021,2026,3532,2026-11-01,,outstanding
TAX-003916,ASM-003916,PROP-01306,CTY-021,2024,2831,2024-11-01,2024-10-15,paid
TAX-003917,ASM-003917,PROP-01306,CTY-021,2025,3071,2025-11-01,2025-10-20,paid
TAX-003918,ASM-003918,PROP-01306,CTY-021,2026,3114,2026-11-01,,outstanding
TAX-003919,ASM-003919,PROP-01307,CTY-021,2024,2722,2024-11-01,2024-10-26,paid
TAX-003920,ASM-003920,PROP-01307,CTY-021,2025,2926,2025-11-01,2025-10-26,paid
TAX-003921,ASM-003921,PROP-01307,CTY-021,2026,3091,2026-11-01,,outstanding
TAX-003922,ASM-003922,PROP-01308,CTY-021,2024,3680,2024-11-01,2024-09-30,paid
TAX-003923,ASM-003923,PROP-01308,CTY-021,2025,3950,2025-11-01,2025-09-24,paid
TAX-003924,ASM-003924,PROP-01308,CTY-021,2026,4221,2026-11-01,,outstanding
TAX-003925,ASM-003925,PROP-01309,CTY-021,2024,2687,2024-11-01,2024-10-06,paid
TAX-003926,ASM-003926,PROP-01309,CTY-021,2025,2932,2025-11-01,2025-10-14,paid
TAX-003927,ASM-003927,PROP-01309,CTY-021,2026,3226,2026-11-01,,outstanding
TAX-003928,ASM-003928,PROP-01310,CTY-021,2024,3000,2024-11-01,2024-10-08,paid
TAX-003929,ASM-003929,PROP-01310,CTY-021,2025,3317,2025-11-01,2025-11-01,paid
TAX-003930,ASM-003930,PROP-01310,CTY-021,2026,3460,2026-11-01,,outstanding
TAX-003931,ASM-003931,PROP-01311,CTY-021,2024,3036,2024-11-01,2024-09-22,paid
TAX-003932,ASM-003932,PROP-01311,CTY-021,2025,3251,2025-11-01,2025-10-03,paid
TAX-003933,ASM-003933,PROP-01311,CTY-021,2026,3549,2026-11-01,,outstanding
TAX-003934,ASM-003934,PROP-01312,CTY-021,2024,2529,2024-11-01,2024-10-16,paid
TAX-003935,ASM-003935,PROP-01312,CTY-021,2025,2783,2025-11-01,2025-10-21,paid
TAX-003936,ASM-003936,PROP-01312,CTY-021,2026,3030,2026-11-01,,outstanding
TAX-003937,ASM-003937,PROP-01313,CTY-021,2024,3374,2024-11-01,2024-10-20,paid
TAX-003938,ASM-003938,PROP-01313,CTY-021,2025,3553,2025-11-01,2025-10-27,paid
TAX-003939,ASM-003939,PROP-01313,CTY-021,2026,3833,2026-11-01,,outstanding
TAX-003940,ASM-003940,PROP-01314,CTY-021,2024,2817,2024-11-01,2024-09-30,paid
TAX-003941,ASM-003941,PROP-01314,CTY-021,2025,2974,2025-11-01,2025-10-18,paid
TAX-003942,ASM-003942,PROP-01314,CTY-021,2026,3183,2026-11-01,,outstanding
TAX-003943,ASM-003943,PROP-01315,CTY-021,2024,3725,2024-11-01,2024-10-04,paid
TAX-003944,ASM-003944,PROP-01315,CTY-021,2025,4011,2025-11-01,2025-10-03,paid
TAX-003945,ASM-003945,PROP-01315,CTY-021,2026,4283,2026-11-01,,outstanding
TAX-003946,ASM-003946,PROP-01316,CTY-021,2024,2624,2024-11-01,2024-10-06,paid
TAX-003947,ASM-003947,PROP-01316,CTY-021,2025,2767,2025-11-01,2025-10-02,paid
TAX-003948,ASM-003948,PROP-01316,CTY-021,2026,2990,2026-11-01,,outstanding
TAX-003949,ASM-003949,PROP-01317,CTY-021,2024,3266,2024-11-01,2024-10-23,paid
TAX-003950,ASM-003950,PROP-01317,CTY-021,2025,3451,2025-11-01,2025-10-17,paid
TAX-003951,ASM-003951,PROP-01317,CTY-021,2026,3798,2026-11-01,,outstanding
TAX-003952,ASM-003952,PROP-01318,CTY-021,2024,3439,2024-11-01,2024-09-28,paid
TAX-003953,ASM-003953,PROP-01318,CTY-021,2025,3691,2025-11-01,2025-10-03,paid
TAX-003954,ASM-003954,PROP-01318,CTY-021,2026,3899,2026-11-01,,outstanding
TAX-003955,ASM-003955,PROP-01319,CTY-021,2024,3598,2024-11-01,2024-10-27,paid
TAX-003956,ASM-003956,PROP-01319,CTY-021,2025,3966,2025-11-01,2025-10-13,paid
TAX-003957,ASM-003957,PROP-01319,CTY-021,2026,4187,2026-11-01,,outstanding
TAX-003958,ASM-003958,PROP-01320,CTY-021,2024,3138,2024-11-01,2024-11-01,paid
TAX-003959,ASM-003959,PROP-01320,CTY-021,2025,3327,2025-11-01,2025-10-15,paid
TAX-003960,ASM-003960,PROP-01320,CTY-021,2026,3530,2026-11-01,,outstanding
TAX-003961,ASM-003961,PROP-01321,CTY-021,2024,2676,2024-11-01,2024-10-03,paid
TAX-003962,ASM-003962,PROP-01321,CTY-021,2025,2955,2025-11-01,2025-09-29,paid
TAX-003963,ASM-003963,PROP-01321,CTY-021,2026,3161,2026-11-01,,outstanding
TAX-003964,ASM-003964,PROP-01322,CTY-021,2024,3379,2024-11-01,2024-10-23,paid
TAX-003965,ASM-003965,PROP-01322,CTY-021,2025,3643,2025-11-01,2025-10-10,paid
TAX-003966,ASM-003966,PROP-01322,CTY-021,2026,3945,2026-11-01,,outstanding
TAX-003967,ASM-003967,PROP-01323,CTY-021,2024,2797,2024-11-01,2024-10-29,paid
TAX-003968,ASM-003968,PROP-01323,CTY-021,2025,3067,2025-11-01,2025-09-29,paid
TAX-003969,ASM-003969,PROP-01323,CTY-021,2026,3199,2026-11-01,,outstanding
TAX-003970,ASM-003970,PROP-01324,CTY-021,2024,3230,2024-11-01,2024-10-19,paid
TAX-003971,ASM-003971,PROP-01324,CTY-021,2025,3514,2025-11-01,2025-10-06,paid
TAX-003972,ASM-003972,PROP-01324,CTY-021,2026,3839,2026-11-01,,outstanding
TAX-003973,ASM-003973,PROP-01325,CTY-021,2024,2916,2024-11-01,2024-10-07,paid
TAX-003974,ASM-003974,PROP-01325,CTY-021,2025,3060,2025-11-01,2025-10-09,paid
TAX-003975,ASM-003975,PROP-01325,CTY-021,2026,3265,2026-11-01,,outstanding
TAX-003976,ASM-003976,PROP-01326,CTY-021,2024,3061,2024-11-01,2024-09-26,paid
TAX-003977,ASM-003977,PROP-01326,CTY-021,2025,3228,2025-11-01,2025-10-04,paid
TAX-003978,ASM-003978,PROP-01326,CTY-021,2026,3425,2026-11-01,,outstanding
TAX-003979,ASM-003979,PROP-01327,CTY-021,2024,2629,2024-11-01,2024-10-15,paid
TAX-003980,ASM-003980,PROP-01327,CTY-021,2025,2740,2025-11-01,2025-10-09,paid
TAX-003981,ASM-003981,PROP-01327,CTY-021,2026,3080,2026-11-01,,outstanding
TAX-003982,ASM-003982,PROP-01328,CTY-021,2024,3137,2024-11-01,2024-10-10,paid
TAX-003983,ASM-003983,PROP-01328,CTY-021,2025,3314,2025-11-01,2025-09-25,paid
TAX-003984,ASM-003984,PROP-01328,CTY-021,2026,3500,2026-11-01,,outstanding
TAX-003985,ASM-003985,PROP-01329,CTY-021,2024,3414,2024-11-01,2024-10-02,paid
TAX-003986,ASM-003986,PROP-01329,CTY-021,2025,3714,2025-11-01,2025-10-13,paid
TAX-003987,ASM-003987,PROP-01329,CTY-021,2026,3999,2026-11-01,,outstanding
TAX-003988,ASM-003988,PROP-01330,CTY-021,2024,3094,2024-11-01,2024-10-16,paid
TAX-003989,ASM-003989,PROP-01330,CTY-021,2025,3365,2025-11-01,2025-09-25,paid
TAX-003990,ASM-003990,PROP-01330,CTY-021,2026,3647,2026-11-01,,outstanding
TAX-003991,ASM-003991,PROP-01331,CTY-021,2024,3095,2024-11-01,2024-10-03,paid
TAX-003992,ASM-003992,PROP-01331,CTY-021,2025,3279,2025-11-01,2025-10-23,paid
TAX-003993,ASM-003993,PROP-01331,CTY-021,2026,3610,2026-11-01,,outstanding
TAX-003994,ASM-003994,PROP-01332,CTY-021,2024,2657,2024-11-01,2024-10-11,paid
TAX-003995,ASM-003995,PROP-01332,CTY-021,2025,2777,2025-11-01,2025-10-07,paid
TAX-003996,ASM-003996,PROP-01332,CTY-021,2026,3150,2026-11-01,,outstanding
TAX-003997,ASM-003997,PROP-01333,CTY-021,2024,3208,2024-11-01,2024-10-01,paid
TAX-003998,ASM-003998,PROP-01333,CTY-021,2025,3408,2025-11-01,2025-10-31,paid
TAX-003999,ASM-003999,PROP-01333,CTY-021,2026,3656,2026-11-01,,outstanding
TAX-004000,ASM-004000,PROP-01334,CTY-021,2024,3017,2024-11-01,2024-10-21,paid
TAX-004001,ASM-004001,PROP-01334,CTY-021,2025,3165,2025-11-01,2025-10-15,paid
TAX-004002,ASM-004002,PROP-01334,CTY-021,2026,3644,2026-11-01,,outstanding
TAX-004003,ASM-004003,PROP-01335,CTY-021,2024,3119,2024-11-01,2024-10-30,paid
TAX-004004,ASM-004004,PROP-01335,CTY-021,2025,3273,2025-11-01,2025-10-17,paid
TAX-004005,ASM-004005,PROP-01335,CTY-021,2026,3483,2026-11-01,,outstanding
TAX-004006,ASM-004006,PROP-01336,CTY-021,2024,2802,2024-11-01,2024-10-01,paid
TAX-004007,ASM-004007,PROP-01336,CTY-021,2025,3082,2025-11-01,2025-09-27,paid
TAX-004008,ASM-004008,PROP-01336,CTY-021,2026,3384,2026-11-01,,outstanding
TAX-004009,ASM-004009,PROP-01337,CTY-021,2024,3061,2024-11-01,2024-09-26,paid
TAX-004010,ASM-004010,PROP-01337,CTY-021,2025,3221,2025-11-01,2025-10-30,paid
TAX-004011,ASM-004011,PROP-01337,CTY-021,2026,3515,2026-11-01,,outstanding
TAX-004012,ASM-004012,PROP-01338,CTY-020,2024,4236,2024-11-01,2024-10-08,paid
TAX-004013,ASM-004013,PROP-01338,CTY-020,2025,4520,2025-11-01,2025-10-11,paid
TAX-004014,ASM-004014,PROP-01338,CTY-020,2026,4800,2026-11-01,,outstanding
TAX-004015,ASM-004015,PROP-01339,CTY-020,2024,4403,2024-11-01,2024-09-24,paid
TAX-004016,ASM-004016,PROP-01339,CTY-020,2025,4770,2025-11-01,2025-10-02,paid
TAX-004017,ASM-004017,PROP-01339,CTY-020,2026,5077,2026-11-01,,outstanding
TAX-004018,ASM-004018,PROP-01340,CTY-020,2024,4977,2024-11-01,2024-10-30,paid
TAX-004019,ASM-004019,PROP-01340,CTY-020,2025,5417,2025-11-01,2025-10-01,paid
TAX-004020,ASM-004020,PROP-01340,CTY-020,2026,5803,2026-11-01,,outstanding
TAX-004021,ASM-004021,PROP-01341,CTY-020,2024,4811,2024-11-01,2024-10-26,paid
TAX-004022,ASM-004022,PROP-01341,CTY-020,2025,5083,2025-11-01,2025-10-02,paid
TAX-004023,ASM-004023,PROP-01341,CTY-020,2026,5459,2026-11-01,,outstanding
TAX-004024,ASM-004024,PROP-01342,CTY-020,2024,4808,2024-11-01,2024-10-02,paid
TAX-004025,ASM-004025,PROP-01342,CTY-020,2025,5261,2025-11-01,2025-10-30,paid
TAX-004026,ASM-004026,PROP-01342,CTY-020,2026,5532,2026-11-01,,outstanding
TAX-004027,ASM-004027,PROP-01343,CTY-020,2024,5265,2024-11-01,2024-09-23,paid
TAX-004028,ASM-004028,PROP-01343,CTY-020,2025,5692,2025-11-01,2025-10-30,paid
TAX-004029,ASM-004029,PROP-01343,CTY-020,2026,6222,2026-11-01,,outstanding
TAX-004030,ASM-004030,PROP-01344,CTY-020,2024,4080,2024-11-01,2024-10-19,paid
TAX-004031,ASM-004031,PROP-01344,CTY-020,2025,4489,2025-11-01,2025-10-20,paid
TAX-004032,ASM-004032,PROP-01344,CTY-020,2026,4756,2026-11-01,,outstanding
TAX-004033,ASM-004033,PROP-01345,CTY-020,2024,5874,2024-11-01,2024-10-07,paid
TAX-004034,ASM-004034,PROP-01345,CTY-020,2025,6197,2025-11-01,2025-09-28,paid
TAX-004035,ASM-004035,PROP-01345,CTY-020,2026,6496,2026-11-01,,outstanding
TAX-004036,ASM-004036,PROP-01346,CTY-020,2024,4749,2024-11-01,2024-09-29,paid
TAX-004037,ASM-004037,PROP-01346,CTY-020,2025,5078,2025-11-01,2025-10-10,paid
TAX-004038,ASM-004038,PROP-01346,CTY-020,2026,5459,2026-11-01,,outstanding
TAX-004039,ASM-004039,PROP-01347,CTY-020,2024,4297,2024-11-01,2024-10-02,paid
TAX-004040,ASM-004040,PROP-01347,CTY-020,2025,4479,2025-11-01,2025-09-29,paid
TAX-004041,ASM-004041,PROP-01347,CTY-020,2026,4851,2026-11-01,,outstanding
TAX-004042,ASM-004042,PROP-01348,CTY-020,2024,5343,2024-11-01,2024-10-19,paid
TAX-004043,ASM-004043,PROP-01348,CTY-020,2025,5811,2025-11-01,2025-09-30,paid
TAX-004044,ASM-004044,PROP-01348,CTY-020,2026,6271,2026-11-01,,outstanding
TAX-004045,ASM-004045,PROP-01349,CTY-020,2024,4655,2024-11-01,2024-09-26,paid
TAX-004046,ASM-004046,PROP-01349,CTY-020,2025,4976,2025-11-01,2025-10-11,paid
TAX-004047,ASM-004047,PROP-01349,CTY-020,2026,5407,2026-11-01,,outstanding
TAX-004048,ASM-004048,PROP-01350,CTY-020,2024,3673,2024-11-01,2024-10-04,paid
TAX-004049,ASM-004049,PROP-01350,CTY-020,2025,3979,2025-11-01,2025-09-29,paid
TAX-004050,ASM-004050,PROP-01350,CTY-020,2026,4174,2026-11-01,,outstanding
TAX-004051,ASM-004051,PROP-01351,CTY-020,2024,3800,2024-11-01,2024-10-09,paid
TAX-004052,ASM-004052,PROP-01351,CTY-020,2025,3796,2025-11-01,2025-10-18,paid
TAX-004053,ASM-004053,PROP-01351,CTY-020,2026,4432,2026-11-01,,outstanding
TAX-004054,ASM-004054,PROP-01352,CTY-020,2024,5406,2024-11-01,2024-10-16,paid
TAX-004055,ASM-004055,PROP-01352,CTY-020,2025,5733,2025-11-01,2025-09-29,paid
TAX-004056,ASM-004056,PROP-01352,CTY-020,2026,6170,2026-11-01,,outstanding
TAX-004057,ASM-004057,PROP-01353,CTY-020,2024,4601,2024-11-01,2024-10-03,paid
TAX-004058,ASM-004058,PROP-01353,CTY-020,2025,4945,2025-11-01,2025-10-12,paid
TAX-004059,ASM-004059,PROP-01353,CTY-020,2026,5395,2026-11-01,,outstanding
TAX-004060,ASM-004060,PROP-01354,CTY-020,2024,5298,2024-11-01,2024-10-01,paid
TAX-004061,ASM-004061,PROP-01354,CTY-020,2025,5625,2025-11-01,2025-09-26,paid
TAX-004062,ASM-004062,PROP-01354,CTY-020,2026,5987,2026-11-01,,outstanding
TAX-004063,ASM-004063,PROP-01355,CTY-020,2024,4797,2024-11-01,2024-10-03,paid
TAX-004064,ASM-004064,PROP-01355,CTY-020,2025,5098,2025-11-01,2025-11-01,paid
TAX-004065,ASM-004065,PROP-01355,CTY-020,2026,5491,2026-11-01,,outstanding
TAX-004066,ASM-004066,PROP-01356,CTY-020,2024,4430,2024-11-01,2024-10-03,paid
TAX-004067,ASM-004067,PROP-01356,CTY-020,2025,4792,2025-11-01,2025-11-01,paid
TAX-004068,ASM-004068,PROP-01356,CTY-020,2026,5223,2026-11-01,,outstanding
TAX-004069,ASM-004069,PROP-01357,CTY-020,2024,5411,2024-11-01,2024-10-20,paid
TAX-004070,ASM-004070,PROP-01357,CTY-020,2025,5909,2025-11-01,2025-10-22,paid
TAX-004071,ASM-004071,PROP-01357,CTY-020,2026,6432,2026-11-01,,outstanding
TAX-004072,ASM-004072,PROP-01358,CTY-020,2024,4213,2024-11-01,2024-10-20,paid
TAX-004073,ASM-004073,PROP-01358,CTY-020,2025,4567,2025-11-01,2025-10-17,paid
TAX-004074,ASM-004074,PROP-01358,CTY-020,2026,4894,2026-11-01,,outstanding
TAX-004075,ASM-004075,PROP-01359,CTY-020,2024,5717,2024-11-01,2024-10-29,paid
TAX-004076,ASM-004076,PROP-01359,CTY-020,2025,5855,2025-11-01,2025-10-17,paid
TAX-004077,ASM-004077,PROP-01359,CTY-020,2026,6733,2026-11-01,,outstanding
TAX-004078,ASM-004078,PROP-01360,CTY-020,2024,4193,2024-11-01,2024-10-29,paid
TAX-004079,ASM-004079,PROP-01360,CTY-020,2025,4560,2025-11-01,2025-10-26,paid
TAX-004080,ASM-004080,PROP-01360,CTY-020,2026,4877,2026-11-01,,outstanding
TAX-004081,ASM-004081,PROP-01361,CTY-020,2024,3425,2024-11-01,2024-10-24,paid
TAX-004082,ASM-004082,PROP-01361,CTY-020,2025,3718,2025-11-01,2025-10-20,paid
TAX-004083,ASM-004083,PROP-01361,CTY-020,2026,4055,2026-11-01,,outstanding
TAX-004084,ASM-004084,PROP-01362,CTY-020,2024,4062,2024-11-01,2024-10-20,paid
TAX-004085,ASM-004085,PROP-01362,CTY-020,2025,4386,2025-11-01,2025-09-27,paid
TAX-004086,ASM-004086,PROP-01362,CTY-020,2026,4722,2026-11-01,,outstanding
TAX-004087,ASM-004087,PROP-01363,CTY-020,2024,4926,2024-11-01,2024-10-11,paid
TAX-004088,ASM-004088,PROP-01363,CTY-020,2025,5099,2025-11-01,2025-10-08,paid
TAX-004089,ASM-004089,PROP-01363,CTY-020,2026,5904,2026-11-01,,outstanding
TAX-004090,ASM-004090,PROP-01364,CTY-020,2024,3670,2024-11-01,2024-10-12,paid
TAX-004091,ASM-004091,PROP-01364,CTY-020,2025,3956,2025-11-01,2025-10-23,paid
TAX-004092,ASM-004092,PROP-01364,CTY-020,2026,4135,2026-11-01,,outstanding
TAX-004093,ASM-004093,PROP-01365,CTY-020,2024,4694,2024-11-01,2024-10-12,paid
TAX-004094,ASM-004094,PROP-01365,CTY-020,2025,5136,2025-11-01,2025-10-07,paid
TAX-004095,ASM-004095,PROP-01365,CTY-020,2026,5660,2026-11-01,,outstanding
TAX-004096,ASM-004096,PROP-01366,CTY-020,2024,4681,2024-11-01,2024-10-03,paid
TAX-004097,ASM-004097,PROP-01366,CTY-020,2025,5079,2025-11-01,2025-10-22,paid
TAX-004098,ASM-004098,PROP-01366,CTY-020,2026,5412,2026-11-01,,outstanding
TAX-004099,ASM-004099,PROP-01367,CTY-020,2024,4497,2024-11-01,2024-10-20,paid
TAX-004100,ASM-004100,PROP-01367,CTY-020,2025,4902,2025-11-01,2025-10-12,paid
TAX-004101,ASM-004101,PROP-01367,CTY-020,2026,5110,2026-11-01,,outstanding
TAX-004102,ASM-004102,PROP-01368,CTY-020,2024,4666,2024-11-01,2024-09-29,paid
TAX-004103,ASM-004103,PROP-01368,CTY-020,2025,4662,2025-11-01,2025-10-30,paid
TAX-004104,ASM-004104,PROP-01368,CTY-020,2026,5541,2026-11-01,,outstanding
TAX-004105,ASM-004105,PROP-01369,CTY-020,2024,3936,2024-11-01,2024-10-06,paid
TAX-004106,ASM-004106,PROP-01369,CTY-020,2025,4282,2025-11-01,2025-10-15,paid
TAX-004107,ASM-004107,PROP-01369,CTY-020,2026,4528,2026-11-01,,outstanding
TAX-004108,ASM-004108,PROP-01370,CTY-020,2024,4320,2024-11-01,2024-10-22,paid
TAX-004109,ASM-004109,PROP-01370,CTY-020,2025,4640,2025-11-01,2025-10-03,paid
TAX-004110,ASM-004110,PROP-01370,CTY-020,2026,5079,2026-11-01,,outstanding
TAX-004111,ASM-004111,PROP-01371,CTY-020,2024,4386,2024-11-01,2024-10-10,paid
TAX-004112,ASM-004112,PROP-01371,CTY-020,2025,4671,2025-11-01,2025-10-17,paid
TAX-004113,ASM-004113,PROP-01371,CTY-020,2026,5083,2026-11-01,,outstanding
TAX-004114,ASM-004114,PROP-01372,CTY-020,2024,4301,2024-11-01,2024-10-10,paid
TAX-004115,ASM-004115,PROP-01372,CTY-020,2025,4726,2025-11-01,2025-10-09,paid
TAX-004116,ASM-004116,PROP-01372,CTY-020,2026,4984,2026-11-01,,outstanding
TAX-004117,ASM-004117,PROP-01373,CTY-020,2024,4031,2024-11-01,2024-10-03,paid
TAX-004118,ASM-004118,PROP-01373,CTY-020,2025,4312,2025-11-01,2025-10-24,paid
TAX-004119,ASM-004119,PROP-01373,CTY-020,2026,4490,2026-11-01,,outstanding
TAX-004120,ASM-004120,PROP-01374,CTY-020,2024,4569,2024-11-01,2024-10-17,paid
TAX-004121,ASM-004121,PROP-01374,CTY-020,2025,4904,2025-11-01,2025-09-26,paid
TAX-004122,ASM-004122,PROP-01374,CTY-020,2026,5288,2026-11-01,,outstanding
TAX-004123,ASM-004123,PROP-01375,CTY-020,2024,4561,2024-11-01,2024-10-21,paid
TAX-004124,ASM-004124,PROP-01375,CTY-020,2025,4946,2025-11-01,2025-10-07,paid
TAX-004125,ASM-004125,PROP-01375,CTY-020,2026,5248,2026-11-01,,outstanding
TAX-004126,ASM-004126,PROP-01376,CTY-020,2024,5002,2024-11-01,2024-10-12,paid
TAX-004127,ASM-004127,PROP-01376,CTY-020,2025,5343,2025-11-01,2025-10-14,paid
TAX-004128,ASM-004128,PROP-01376,CTY-020,2026,5838,2026-11-01,,outstanding
TAX-004129,ASM-004129,PROP-01377,CTY-020,2024,4183,2024-11-01,2024-10-07,paid
TAX-004130,ASM-004130,PROP-01377,CTY-020,2025,4513,2025-11-01,2025-10-30,paid
TAX-004131,ASM-004131,PROP-01377,CTY-020,2026,4919,2026-11-01,,outstanding
TAX-004132,ASM-004132,PROP-01378,CTY-020,2024,5316,2024-11-01,2024-10-01,paid
TAX-004133,ASM-004133,PROP-01378,CTY-020,2025,5692,2025-11-01,2025-10-31,paid
TAX-004134,ASM-004134,PROP-01378,CTY-020,2026,5961,2026-11-01,,outstanding
TAX-004135,ASM-004135,PROP-01379,CTY-020,2024,4198,2024-11-01,2024-10-02,paid
TAX-004136,ASM-004136,PROP-01379,CTY-020,2025,4486,2025-11-01,2025-10-10,paid
TAX-004137,ASM-004137,PROP-01379,CTY-020,2026,4887,2026-11-01,,outstanding
TAX-004138,ASM-004138,PROP-01380,CTY-020,2024,4069,2024-11-01,2024-10-28,paid
TAX-004139,ASM-004139,PROP-01380,CTY-020,2025,4415,2025-11-01,2025-09-29,paid
TAX-004140,ASM-004140,PROP-01380,CTY-020,2026,4639,2026-11-01,,outstanding
TAX-004141,ASM-004141,PROP-01381,CTY-020,2024,4107,2024-11-01,2024-10-04,paid
TAX-004142,ASM-004142,PROP-01381,CTY-020,2025,4466,2025-11-01,2025-10-08,paid
TAX-004143,ASM-004143,PROP-01381,CTY-020,2026,4675,2026-11-01,,outstanding
TAX-004144,ASM-004144,PROP-01382,CTY-020,2024,5411,2024-11-01,2024-10-17,paid
TAX-004145,ASM-004145,PROP-01382,CTY-020,2025,5678,2025-11-01,2025-10-21,paid
TAX-004146,ASM-004146,PROP-01382,CTY-020,2026,6041,2026-11-01,,outstanding
TAX-004147,ASM-004147,PROP-01383,CTY-020,2024,4712,2024-11-01,2024-10-05,paid
TAX-004148,ASM-004148,PROP-01383,CTY-020,2025,4914,2025-11-01,2025-10-23,paid
TAX-004149,ASM-004149,PROP-01383,CTY-020,2026,5342,2026-11-01,,outstanding
TAX-004150,ASM-004150,PROP-01384,CTY-020,2024,4104,2024-11-01,2024-10-10,paid
TAX-004151,ASM-004151,PROP-01384,CTY-020,2025,4356,2025-11-01,2025-10-16,paid
TAX-004152,ASM-004152,PROP-01384,CTY-020,2026,4550,2026-11-01,,outstanding
TAX-004153,ASM-004153,PROP-01385,CTY-020,2024,5012,2024-11-01,2024-09-23,paid
TAX-004154,ASM-004154,PROP-01385,CTY-020,2025,5253,2025-11-01,2025-10-08,paid
TAX-004155,ASM-004155,PROP-01385,CTY-020,2026,5565,2026-11-01,,outstanding
TAX-004156,ASM-004156,PROP-01386,CTY-020,2024,5064,2024-11-01,2024-10-29,paid
TAX-004157,ASM-004157,PROP-01386,CTY-020,2025,5339,2025-11-01,2025-10-27,paid
TAX-004158,ASM-004158,PROP-01386,CTY-020,2026,5599,2026-11-01,,outstanding
TAX-004159,ASM-004159,PROP-01387,CTY-020,2024,4220,2024-11-01,2024-09-23,paid
TAX-004160,ASM-004160,PROP-01387,CTY-020,2025,4561,2025-11-01,2025-10-17,paid
TAX-004161,ASM-004161,PROP-01387,CTY-020,2026,4847,2026-11-01,,outstanding
TAX-004162,ASM-004162,PROP-01388,CTY-020,2024,4409,2024-11-01,2024-10-20,paid
TAX-004163,ASM-004163,PROP-01388,CTY-020,2025,4730,2025-11-01,2025-10-31,paid
TAX-004164,ASM-004164,PROP-01388,CTY-020,2026,5170,2026-11-01,,outstanding
TAX-004165,ASM-004165,PROP-01389,CTY-020,2024,4487,2024-11-01,2024-10-05,paid
TAX-004166,ASM-004166,PROP-01389,CTY-020,2025,4785,2025-11-01,2025-10-25,paid
TAX-004167,ASM-004167,PROP-01389,CTY-020,2026,5124,2026-11-01,,outstanding
TAX-004168,ASM-004168,PROP-01390,CTY-020,2024,3661,2024-11-01,2024-09-24,paid
TAX-004169,ASM-004169,PROP-01390,CTY-020,2025,3906,2025-11-01,2025-10-11,paid
TAX-004170,ASM-004170,PROP-01390,CTY-020,2026,4183,2026-11-01,,outstanding
TAX-004171,ASM-004171,PROP-01391,CTY-020,2024,3912,2024-11-01,2024-10-23,paid
TAX-004172,ASM-004172,PROP-01391,CTY-020,2025,4209,2025-11-01,2025-10-08,paid
TAX-004173,ASM-004173,PROP-01391,CTY-020,2026,4468,2026-11-01,,outstanding
TAX-004174,ASM-004174,PROP-01392,CTY-020,2024,4909,2024-11-01,2024-10-26,paid
TAX-004175,ASM-004175,PROP-01392,CTY-020,2025,5200,2025-11-01,2025-10-02,paid
TAX-004176,ASM-004176,PROP-01392,CTY-020,2026,5420,2026-11-01,,outstanding
TAX-004177,ASM-004177,PROP-01393,CTY-020,2024,5029,2024-11-01,2024-10-24,paid
TAX-004178,ASM-004178,PROP-01393,CTY-020,2025,5479,2025-11-01,2025-10-22,paid
TAX-004179,ASM-004179,PROP-01393,CTY-020,2026,5739,2026-11-01,,outstanding
TAX-004180,ASM-004180,PROP-01394,CTY-020,2024,4024,2024-11-01,2024-10-23,paid
TAX-004181,ASM-004181,PROP-01394,CTY-020,2025,4236,2025-11-01,2025-10-07,paid
TAX-004182,ASM-004182,PROP-01394,CTY-020,2026,4422,2026-11-01,,outstanding
TAX-004183,ASM-004183,PROP-01395,CTY-020,2024,5174,2024-11-01,2024-10-21,paid
TAX-004184,ASM-004184,PROP-01395,CTY-020,2025,5417,2025-11-01,2025-10-02,paid
TAX-004185,ASM-004185,PROP-01395,CTY-020,2026,5838,2026-11-01,,outstanding
TAX-004186,ASM-004186,PROP-01396,CTY-020,2024,3768,2024-11-01,2024-10-07,paid
TAX-004187,ASM-004187,PROP-01396,CTY-020,2025,4056,2025-11-01,2025-09-26,paid
TAX-004188,ASM-004188,PROP-01396,CTY-020,2026,4240,2026-11-01,,outstanding
TAX-004189,ASM-004189,PROP-01397,CTY-020,2024,4346,2024-11-01,2024-10-13,paid
TAX-004190,ASM-004190,PROP-01397,CTY-020,2025,4608,2025-11-01,2025-10-24,paid
TAX-004191,ASM-004191,PROP-01397,CTY-020,2026,5055,2026-11-01,,outstanding
TAX-004192,ASM-004192,PROP-01398,CTY-020,2024,3358,2024-11-01,2024-10-18,paid
TAX-004193,ASM-004193,PROP-01398,CTY-020,2025,3605,2025-11-01,2025-10-17,paid
TAX-004194,ASM-004194,PROP-01398,CTY-020,2026,3876,2026-11-01,,outstanding
TAX-004195,ASM-004195,PROP-01399,CTY-020,2024,3663,2024-11-01,2024-10-14,paid
TAX-004196,ASM-004196,PROP-01399,CTY-020,2025,3900,2025-11-01,2025-10-01,paid
TAX-004197,ASM-004197,PROP-01399,CTY-020,2026,4190,2026-11-01,,outstanding
TAX-004198,ASM-004198,PROP-01400,CTY-020,2024,4284,2024-11-01,2024-10-22,paid
TAX-004199,ASM-004199,PROP-01400,CTY-020,2025,4630,2025-11-01,2025-10-05,paid
TAX-004200,ASM-004200,PROP-01400,CTY-020,2026,5015,2026-11-01,,outstanding
TAX-004201,ASM-004201,PROP-01401,CTY-020,2024,4559,2024-11-01,2024-10-30,paid
TAX-004202,ASM-004202,PROP-01401,CTY-020,2025,4961,2025-11-01,2025-10-16,paid
TAX-004203,ASM-004203,PROP-01401,CTY-020,2026,5357,2026-11-01,,outstanding
TAX-004204,ASM-004204,PROP-01402,CTY-020,2024,4648,2024-11-01,2024-10-31,paid
TAX-004205,ASM-004205,PROP-01402,CTY-020,2025,4968,2025-11-01,2025-10-13,paid
TAX-004206,ASM-004206,PROP-01402,CTY-020,2026,5253,2026-11-01,,outstanding
TAX-004207,ASM-004207,PROP-01403,CTY-020,2024,4000,2024-11-01,2024-10-29,paid
TAX-004208,ASM-004208,PROP-01403,CTY-020,2025,4175,2025-11-01,2025-10-13,paid
TAX-004209,ASM-004209,PROP-01403,CTY-020,2026,4477,2026-11-01,,outstanding
TAX-004210,ASM-004210,PROP-01404,CTY-020,2024,4487,2024-11-01,2024-10-11,paid
TAX-004211,ASM-004211,PROP-01404,CTY-020,2025,4685,2025-11-01,2025-10-04,paid
TAX-004212,ASM-004212,PROP-01404,CTY-020,2026,4923,2026-11-01,,outstanding
TAX-004213,ASM-004213,PROP-01405,CTY-020,2024,3691,2024-11-01,2024-10-23,paid
TAX-004214,ASM-004214,PROP-01405,CTY-020,2025,3970,2025-11-01,2025-09-25,paid
TAX-004215,ASM-004215,PROP-01405,CTY-020,2026,4233,2026-11-01,,outstanding
TAX-004216,ASM-004216,PROP-01406,CTY-020,2024,4690,2024-11-01,2024-09-25,paid
TAX-004217,ASM-004217,PROP-01406,CTY-020,2025,4899,2025-11-01,2025-10-26,paid
TAX-004218,ASM-004218,PROP-01406,CTY-020,2026,5384,2026-11-01,,outstanding
TAX-004219,ASM-004219,PROP-01407,CTY-020,2024,3868,2024-11-01,2024-11-01,paid
TAX-004220,ASM-004220,PROP-01407,CTY-020,2025,4137,2025-11-01,2025-10-22,paid
TAX-004221,ASM-004221,PROP-01407,CTY-020,2026,4498,2026-11-01,,outstanding
TAX-004222,ASM-004222,PROP-01408,CTY-020,2024,5059,2024-11-01,2024-09-28,paid
TAX-004223,ASM-004223,PROP-01408,CTY-020,2025,5435,2025-11-01,2025-10-21,paid
TAX-004224,ASM-004224,PROP-01408,CTY-020,2026,5730,2026-11-01,,outstanding
TAX-004225,ASM-004225,PROP-01409,CTY-020,2024,4112,2024-11-01,2024-09-27,paid
TAX-004226,ASM-004226,PROP-01409,CTY-020,2025,4528,2025-11-01,2025-10-07,paid
TAX-004227,ASM-004227,PROP-01409,CTY-020,2026,4726,2026-11-01,,outstanding
TAX-004228,ASM-004228,PROP-01410,CTY-020,2024,4503,2024-11-01,2024-10-14,paid
TAX-004229,ASM-004229,PROP-01410,CTY-020,2025,4798,2025-11-01,2025-10-01,paid
TAX-004230,ASM-004230,PROP-01410,CTY-020,2026,5044,2026-11-01,,outstanding
TAX-004231,ASM-004231,PROP-01411,CTY-020,2024,3370,2024-11-01,2024-10-17,paid
TAX-004232,ASM-004232,PROP-01411,CTY-020,2025,3715,2025-11-01,2025-10-30,paid
TAX-004233,ASM-004233,PROP-01411,CTY-020,2026,3934,2026-11-01,,outstanding
TAX-004234,ASM-004234,PROP-01412,CTY-020,2024,4595,2024-11-01,2024-10-15,paid
TAX-004235,ASM-004235,PROP-01412,CTY-020,2025,4852,2025-11-01,2025-10-24,paid
TAX-004236,ASM-004236,PROP-01412,CTY-020,2026,4750,2026-11-01,,outstanding
TAX-004237,ASM-004237,PROP-01413,CTY-020,2024,3820,2024-11-01,2024-10-17,paid
TAX-004238,ASM-004238,PROP-01413,CTY-020,2025,4102,2025-11-01,2025-10-21,paid
TAX-004239,ASM-004239,PROP-01413,CTY-020,2026,4321,2026-11-01,,outstanding
TAX-004240,ASM-004240,PROP-01414,CTY-020,2024,4966,2024-11-01,2024-09-22,paid
TAX-004241,ASM-004241,PROP-01414,CTY-020,2025,5311,2025-11-01,2025-10-17,paid
TAX-004242,ASM-004242,PROP-01414,CTY-020,2026,5537,2026-11-01,,outstanding
TAX-004243,ASM-004243,PROP-01415,CTY-020,2024,3883,2024-11-01,2024-10-04,paid
TAX-004244,ASM-004244,PROP-01415,CTY-020,2025,4064,2025-11-01,2025-10-29,paid
TAX-004245,ASM-004245,PROP-01415,CTY-020,2026,4293,2026-11-01,,outstanding
TAX-004246,ASM-004246,PROP-01416,CTY-020,2024,3708,2024-11-01,2024-10-09,paid
TAX-004247,ASM-004247,PROP-01416,CTY-020,2025,3959,2025-11-01,2025-10-26,paid
TAX-004248,ASM-004248,PROP-01416,CTY-020,2026,4284,2026-11-01,,outstanding
TAX-004249,ASM-004249,PROP-01417,CTY-020,2024,4205,2024-11-01,2024-10-16,paid
TAX-004250,ASM-004250,PROP-01417,CTY-020,2025,4554,2025-11-01,2025-10-27,paid
TAX-004251,ASM-004251,PROP-01417,CTY-020,2026,4803,2026-11-01,,outstanding
TAX-004252,ASM-004252,PROP-01418,CTY-020,2024,3472,2024-11-01,2024-10-13,paid
TAX-004253,ASM-004253,PROP-01418,CTY-020,2025,3648,2025-11-01,2025-10-05,paid
TAX-004254,ASM-004254,PROP-01418,CTY-020,2026,4023,2026-11-01,,outstanding
TAX-004255,ASM-004255,PROP-01419,CTY-020,2024,4402,2024-11-01,2024-10-10,paid
TAX-004256,ASM-004256,PROP-01419,CTY-020,2025,4635,2025-11-01,2025-10-11,paid
TAX-004257,ASM-004257,PROP-01419,CTY-020,2026,4993,2026-11-01,,outstanding
TAX-004258,ASM-004258,PROP-01420,CTY-020,2024,3985,2024-11-01,2024-09-26,paid
TAX-004259,ASM-004259,PROP-01420,CTY-020,2025,4212,2025-11-01,2025-10-25,paid
TAX-004260,ASM-004260,PROP-01420,CTY-020,2026,4536,2026-11-01,,outstanding
TAX-004261,ASM-004261,PROP-01421,CTY-020,2024,4558,2024-11-01,2024-10-07,paid
TAX-004262,ASM-004262,PROP-01421,CTY-020,2025,4948,2025-11-01,2025-09-24,paid
TAX-004263,ASM-004263,PROP-01421,CTY-020,2026,5361,2026-11-01,,outstanding
TAX-004264,ASM-004264,PROP-01422,CTY-020,2024,4039,2024-11-01,2024-10-09,paid
TAX-004265,ASM-004265,PROP-01422,CTY-020,2025,4235,2025-11-01,2025-09-24,paid
TAX-004266,ASM-004266,PROP-01422,CTY-020,2026,4513,2026-11-01,,outstanding
TAX-004267,ASM-004267,PROP-01423,CTY-020,2024,4578,2024-11-01,2024-09-26,paid
TAX-004268,ASM-004268,PROP-01423,CTY-020,2025,4847,2025-11-01,2025-09-30,paid
TAX-004269,ASM-004269,PROP-01423,CTY-020,2026,5266,2026-11-01,,outstanding
TAX-004270,ASM-004270,PROP-01424,CTY-020,2024,4538,2024-11-01,2024-10-18,paid
TAX-004271,ASM-004271,PROP-01424,CTY-020,2025,4958,2025-11-01,2025-09-28,paid
TAX-004272,ASM-004272,PROP-01424,CTY-020,2026,5203,2026-11-01,,outstanding
TAX-004273,ASM-004273,PROP-01425,CTY-020,2024,4370,2024-11-01,2024-09-26,paid
TAX-004274,ASM-004274,PROP-01425,CTY-020,2025,4815,2025-11-01,2025-11-01,paid
TAX-004275,ASM-004275,PROP-01425,CTY-020,2026,5305,2026-11-01,,outstanding
TAX-004276,ASM-004276,PROP-01426,CTY-020,2024,3822,2024-11-01,2024-10-18,paid
TAX-004277,ASM-004277,PROP-01426,CTY-020,2025,4095,2025-11-01,2025-10-10,paid
TAX-004278,ASM-004278,PROP-01426,CTY-020,2026,4475,2026-11-01,,outstanding
TAX-004279,ASM-004279,PROP-01427,CTY-020,2024,4440,2024-11-01,2024-10-05,paid
TAX-004280,ASM-004280,PROP-01427,CTY-020,2025,4643,2025-11-01,2025-10-04,paid
TAX-004281,ASM-004281,PROP-01427,CTY-020,2026,4959,2026-11-01,,outstanding
TAX-004282,ASM-004282,PROP-01428,CTY-020,2024,3935,2024-11-01,2024-10-15,paid
TAX-004283,ASM-004283,PROP-01428,CTY-020,2025,4156,2025-11-01,2025-09-27,paid
TAX-004284,ASM-004284,PROP-01428,CTY-020,2026,4432,2026-11-01,,outstanding
TAX-004285,ASM-004285,PROP-01429,CTY-020,2024,4106,2024-11-01,2024-09-27,paid
TAX-004286,ASM-004286,PROP-01429,CTY-020,2025,4359,2025-11-01,2025-10-02,paid
TAX-004287,ASM-004287,PROP-01429,CTY-020,2026,4708,2026-11-01,,outstanding
TAX-004288,ASM-004288,PROP-01430,CTY-020,2024,3903,2024-11-01,2024-10-08,paid
TAX-004289,ASM-004289,PROP-01430,CTY-020,2025,4074,2025-11-01,2025-10-18,paid
TAX-004290,ASM-004290,PROP-01430,CTY-020,2026,4334,2026-11-01,,outstanding
TAX-004291,ASM-004291,PROP-01431,CTY-020,2024,4399,2024-11-01,2024-10-27,paid
TAX-004292,ASM-004292,PROP-01431,CTY-020,2025,4655,2025-11-01,2025-10-15,paid
TAX-004293,ASM-004293,PROP-01431,CTY-020,2026,4905,2026-11-01,,outstanding
TAX-004294,ASM-004294,PROP-01432,CTY-020,2024,4569,2024-11-01,2024-10-14,paid
TAX-004295,ASM-004295,PROP-01432,CTY-020,2025,4987,2025-11-01,2025-10-26,paid
TAX-004296,ASM-004296,PROP-01432,CTY-020,2026,5467,2026-11-01,,outstanding
TAX-004297,ASM-004297,PROP-01433,CTY-020,2024,4045,2024-11-01,2024-09-30,paid
TAX-004298,ASM-004298,PROP-01433,CTY-020,2025,4250,2025-11-01,2025-09-22,paid
TAX-004299,ASM-004299,PROP-01433,CTY-020,2026,4485,2026-11-01,,outstanding
TAX-004300,ASM-004300,PROP-01434,CTY-020,2024,3504,2024-11-01,2024-10-28,paid
TAX-004301,ASM-004301,PROP-01434,CTY-020,2025,3795,2025-11-01,2025-10-19,paid
TAX-004302,ASM-004302,PROP-01434,CTY-020,2026,4180,2026-11-01,,outstanding
TAX-004303,ASM-004303,PROP-01435,CTY-020,2024,4711,2024-11-01,2024-10-11,paid
TAX-004304,ASM-004304,PROP-01435,CTY-020,2025,5039,2025-11-01,2025-09-23,paid
TAX-004305,ASM-004305,PROP-01435,CTY-020,2026,5403,2026-11-01,,outstanding
TAX-004306,ASM-004306,PROP-01436,CTY-020,2024,3865,2024-11-01,2024-10-13,paid
TAX-004307,ASM-004307,PROP-01436,CTY-020,2025,4232,2025-11-01,2025-10-12,paid
TAX-004308,ASM-004308,PROP-01436,CTY-020,2026,4415,2026-11-01,,outstanding
TAX-004309,ASM-004309,PROP-01437,CTY-020,2024,5304,2024-11-01,2024-10-26,paid
TAX-004310,ASM-004310,PROP-01437,CTY-020,2025,5482,2025-11-01,2025-11-01,paid
TAX-004311,ASM-004311,PROP-01437,CTY-020,2026,6307,2026-11-01,,outstanding
TAX-004312,ASM-004312,PROP-01438,CTY-020,2024,4709,2024-11-01,2024-10-28,paid
TAX-004313,ASM-004313,PROP-01438,CTY-020,2025,5174,2025-11-01,2025-09-28,paid
TAX-004314,ASM-004314,PROP-01438,CTY-020,2026,5658,2026-11-01,,outstanding
TAX-004315,ASM-004315,PROP-01439,CTY-020,2024,3924,2024-11-01,2024-10-18,paid
TAX-004316,ASM-004316,PROP-01439,CTY-020,2025,4279,2025-11-01,2025-10-04,paid
TAX-004317,ASM-004317,PROP-01439,CTY-020,2026,4547,2026-11-01,,outstanding
TAX-004318,ASM-004318,PROP-01440,CTY-020,2024,3819,2024-11-01,2024-10-27,paid
TAX-004319,ASM-004319,PROP-01440,CTY-020,2025,4194,2025-11-01,2025-10-03,paid
TAX-004320,ASM-004320,PROP-01440,CTY-020,2026,4411,2026-11-01,,outstanding
TAX-004321,ASM-004321,PROP-01441,CTY-020,2024,4448,2024-11-01,2024-10-12,paid
TAX-004322,ASM-004322,PROP-01441,CTY-020,2025,4841,2025-11-01,2025-10-03,paid
TAX-004323,ASM-004323,PROP-01441,CTY-020,2026,5192,2026-11-01,,outstanding
TAX-004324,ASM-004324,PROP-01442,CTY-020,2024,4269,2024-11-01,2024-10-24,paid
TAX-004325,ASM-004325,PROP-01442,CTY-020,2025,4462,2025-11-01,2025-09-27,paid
TAX-004326,ASM-004326,PROP-01442,CTY-020,2026,5051,2026-11-01,,outstanding
TAX-004327,ASM-004327,PROP-01443,CTY-020,2024,4724,2024-11-01,2024-10-01,paid
TAX-004328,ASM-004328,PROP-01443,CTY-020,2025,5184,2025-11-01,2025-10-10,paid
TAX-004329,ASM-004329,PROP-01443,CTY-020,2026,5670,2026-11-01,,outstanding
TAX-004330,ASM-004330,PROP-01444,CTY-020,2024,5115,2024-11-01,2024-10-28,paid
TAX-004331,ASM-004331,PROP-01444,CTY-020,2025,5121,2025-11-01,2025-10-03,paid
TAX-004332,ASM-004332,PROP-01444,CTY-020,2026,5925,2026-11-01,,outstanding
TAX-004333,ASM-004333,PROP-01445,CTY-020,2024,3807,2024-11-01,2024-09-26,paid
TAX-004334,ASM-004334,PROP-01445,CTY-020,2025,3996,2025-11-01,2025-09-24,paid
TAX-004335,ASM-004335,PROP-01445,CTY-020,2026,4322,2026-11-01,,outstanding
TAX-004336,ASM-004336,PROP-01446,CTY-020,2024,4583,2024-11-01,2024-09-30,paid
TAX-004337,ASM-004337,PROP-01446,CTY-020,2025,5036,2025-11-01,2025-10-14,paid
TAX-004338,ASM-004338,PROP-01446,CTY-020,2026,4964,2026-11-01,,outstanding
TAX-004339,ASM-004339,PROP-01447,CTY-020,2024,3871,2024-11-01,2024-10-26,paid
TAX-004340,ASM-004340,PROP-01447,CTY-020,2025,4099,2025-11-01,2025-10-30,paid
TAX-004341,ASM-004341,PROP-01447,CTY-020,2026,4349,2026-11-01,,outstanding
TAX-004342,ASM-004342,PROP-01448,CTY-020,2024,4188,2024-11-01,2024-09-30,paid
TAX-004343,ASM-004343,PROP-01448,CTY-020,2025,4598,2025-11-01,2025-10-05,paid
TAX-004344,ASM-004344,PROP-01448,CTY-020,2026,4882,2026-11-01,,outstanding
TAX-004345,ASM-004345,PROP-01449,CTY-020,2024,3867,2024-11-01,2024-10-09,paid
TAX-004346,ASM-004346,PROP-01449,CTY-020,2025,4250,2025-11-01,2025-10-16,paid
TAX-004347,ASM-004347,PROP-01449,CTY-020,2026,4433,2026-11-01,,outstanding
TAX-004348,ASM-004348,PROP-01450,CTY-020,2024,4393,2024-11-01,2024-09-28,paid
TAX-004349,ASM-004349,PROP-01450,CTY-020,2025,4658,2025-11-01,2025-10-29,paid
TAX-004350,ASM-004350,PROP-01450,CTY-020,2026,5114,2026-11-01,,outstanding
TAX-004351,ASM-004351,PROP-01451,CTY-020,2024,3859,2024-11-01,2024-10-05,paid
TAX-004352,ASM-004352,PROP-01451,CTY-020,2025,4138,2025-11-01,2025-10-31,paid
TAX-004353,ASM-004353,PROP-01451,CTY-020,2026,4389,2026-11-01,,outstanding
TAX-004354,ASM-004354,PROP-01452,CTY-020,2024,4416,2024-11-01,2024-10-16,paid
TAX-004355,ASM-004355,PROP-01452,CTY-020,2025,4682,2025-11-01,2025-10-06,paid
TAX-004356,ASM-004356,PROP-01452,CTY-020,2026,4931,2026-11-01,,outstanding
TAX-004357,ASM-004357,PROP-01453,CTY-020,2024,4491,2024-11-01,2024-10-13,paid
TAX-004358,ASM-004358,PROP-01453,CTY-020,2025,4914,2025-11-01,2025-10-28,paid
TAX-004359,ASM-004359,PROP-01453,CTY-020,2026,5368,2026-11-01,,outstanding
TAX-004360,ASM-004360,PROP-01454,CTY-020,2024,4491,2024-11-01,2024-10-15,paid
TAX-004361,ASM-004361,PROP-01454,CTY-020,2025,4698,2025-11-01,2025-10-10,paid
TAX-004362,ASM-004362,PROP-01454,CTY-020,2026,4977,2026-11-01,,outstanding
TAX-004363,ASM-004363,PROP-01455,CTY-020,2024,4576,2024-11-01,2024-10-28,paid
TAX-004364,ASM-004364,PROP-01455,CTY-020,2025,5004,2025-11-01,2025-10-15,paid
TAX-004365,ASM-004365,PROP-01455,CTY-020,2026,5341,2026-11-01,,outstanding
TAX-004366,ASM-004366,PROP-01456,CTY-020,2024,4033,2024-11-01,2024-10-05,paid
TAX-004367,ASM-004367,PROP-01456,CTY-020,2025,4388,2025-11-01,2025-10-08,paid
TAX-004368,ASM-004368,PROP-01456,CTY-020,2026,4755,2026-11-01,,outstanding
TAX-004369,ASM-004369,PROP-01457,CTY-020,2024,4311,2024-11-01,2024-10-14,paid
TAX-004370,ASM-004370,PROP-01457,CTY-020,2025,4582,2025-11-01,2025-10-27,paid
TAX-004371,ASM-004371,PROP-01457,CTY-020,2026,5006,2026-11-01,,outstanding
TAX-004372,ASM-004372,PROP-01458,CTY-020,2024,4270,2024-11-01,2024-09-29,paid
TAX-004373,ASM-004373,PROP-01458,CTY-020,2025,4542,2025-11-01,2025-10-20,paid
TAX-004374,ASM-004374,PROP-01458,CTY-020,2026,4913,2026-11-01,,outstanding
TAX-004375,ASM-004375,PROP-01459,CTY-020,2024,3789,2024-11-01,2024-10-15,paid
TAX-004376,ASM-004376,PROP-01459,CTY-020,2025,4003,2025-11-01,2025-10-06,paid
TAX-004377,ASM-004377,PROP-01459,CTY-020,2026,4225,2026-11-01,,outstanding
TAX-004378,ASM-004378,PROP-01460,CTY-020,2024,3972,2024-11-01,2024-10-01,paid
TAX-004379,ASM-004379,PROP-01460,CTY-020,2025,4306,2025-11-01,2025-09-29,paid
TAX-004380,ASM-004380,PROP-01460,CTY-020,2026,4532,2026-11-01,,outstanding
TAX-004381,ASM-004381,PROP-01461,CTY-020,2024,4038,2024-11-01,2024-10-16,paid
TAX-004382,ASM-004382,PROP-01461,CTY-020,2025,4257,2025-11-01,2025-10-22,paid
TAX-004383,ASM-004383,PROP-01461,CTY-020,2026,4627,2026-11-01,,outstanding
TAX-004384,ASM-004384,PROP-01462,CTY-020,2024,4309,2024-11-01,2024-10-10,paid
TAX-004385,ASM-004385,PROP-01462,CTY-020,2025,4520,2025-11-01,2025-10-12,paid
TAX-004386,ASM-004386,PROP-01462,CTY-020,2026,4840,2026-11-01,,outstanding
TAX-004387,ASM-004387,PROP-01463,CTY-020,2024,3789,2024-11-01,2024-10-19,paid
TAX-004388,ASM-004388,PROP-01463,CTY-020,2025,3962,2025-11-01,2025-10-08,paid
TAX-004389,ASM-004389,PROP-01463,CTY-020,2026,4317,2026-11-01,,outstanding
TAX-004390,ASM-004390,PROP-01464,CTY-020,2024,3828,2024-11-01,2024-09-24,paid
TAX-004391,ASM-004391,PROP-01464,CTY-020,2025,3996,2025-11-01,2025-09-28,paid
TAX-004392,ASM-004392,PROP-01464,CTY-020,2026,4404,2026-11-01,,outstanding
TAX-004393,ASM-004393,PROP-01465,CTY-020,2024,3523,2024-11-01,2024-10-03,paid
TAX-004394,ASM-004394,PROP-01465,CTY-020,2025,3841,2025-11-01,2025-10-18,paid
TAX-004395,ASM-004395,PROP-01465,CTY-020,2026,4134,2026-11-01,,outstanding
TAX-004396,ASM-004396,PROP-01466,CTY-020,2024,3576,2024-11-01,2024-09-29,paid
TAX-004397,ASM-004397,PROP-01466,CTY-020,2025,3740,2025-11-01,2025-10-29,paid
TAX-004398,ASM-004398,PROP-01466,CTY-020,2026,3991,2026-11-01,,outstanding
TAX-004399,ASM-004399,PROP-01467,CTY-020,2024,4437,2024-11-01,2024-10-30,paid
TAX-004400,ASM-004400,PROP-01467,CTY-020,2025,4828,2025-11-01,2025-09-30,paid
TAX-004401,ASM-004401,PROP-01467,CTY-020,2026,5119,2026-11-01,,outstanding
TAX-004402,ASM-004402,PROP-01468,CTY-020,2024,4084,2024-11-01,2024-10-18,paid
TAX-004403,ASM-004403,PROP-01468,CTY-020,2025,4291,2025-11-01,2025-10-28,paid
TAX-004404,ASM-004404,PROP-01468,CTY-020,2026,4527,2026-11-01,,outstanding
TAX-004405,ASM-004405,PROP-01469,CTY-020,2024,3690,2024-11-01,2024-09-28,paid
TAX-004406,ASM-004406,PROP-01469,CTY-020,2025,3765,2025-11-01,2025-09-25,paid
TAX-004407,ASM-004407,PROP-01469,CTY-020,2026,4352,2026-11-01,,outstanding
TAX-004408,ASM-004408,PROP-01470,CTY-020,2024,4396,2024-11-01,2024-10-26,paid
TAX-004409,ASM-004409,PROP-01470,CTY-020,2025,4777,2025-11-01,2025-10-05,paid
TAX-004410,ASM-004410,PROP-01470,CTY-020,2026,5029,2026-11-01,,outstanding
TAX-004411,ASM-004411,PROP-01471,CTY-020,2024,3675,2024-11-01,2024-10-24,paid
TAX-004412,ASM-004412,PROP-01471,CTY-020,2025,4046,2025-11-01,2025-10-01,paid
TAX-004413,ASM-004413,PROP-01471,CTY-020,2026,4259,2026-11-01,,outstanding
TAX-004414,ASM-004414,PROP-01472,CTY-020,2024,4403,2024-11-01,2024-10-06,paid
TAX-004415,ASM-004415,PROP-01472,CTY-020,2025,4839,2025-11-01,2025-10-12,paid
TAX-004416,ASM-004416,PROP-01472,CTY-020,2026,5271,2026-11-01,,outstanding
TAX-004417,ASM-004417,PROP-01473,CTY-020,2024,3381,2024-11-01,2024-10-20,paid
TAX-004418,ASM-004418,PROP-01473,CTY-020,2025,3728,2025-11-01,2025-10-06,paid
TAX-004419,ASM-004419,PROP-01473,CTY-020,2026,4001,2026-11-01,,outstanding
TAX-004420,ASM-004420,PROP-01474,CTY-020,2024,3341,2024-11-01,2024-09-29,paid
TAX-004421,ASM-004421,PROP-01474,CTY-020,2025,3611,2025-11-01,2025-10-18,paid
TAX-004422,ASM-004422,PROP-01474,CTY-020,2026,3799,2026-11-01,,outstanding
TAX-004423,ASM-004423,PROP-01475,CTY-020,2024,3328,2024-11-01,2024-10-07,paid
TAX-004424,ASM-004424,PROP-01475,CTY-020,2025,3536,2025-11-01,2025-10-11,paid
TAX-004425,ASM-004425,PROP-01475,CTY-020,2026,3711,2026-11-01,,outstanding
TAX-004426,ASM-004426,PROP-01476,CTY-020,2024,3720,2024-11-01,2024-10-06,paid
TAX-004427,ASM-004427,PROP-01476,CTY-020,2025,3897,2025-11-01,2025-10-13,paid
TAX-004428,ASM-004428,PROP-01476,CTY-020,2026,4174,2026-11-01,,outstanding
TAX-004429,ASM-004429,PROP-01477,CTY-020,2024,4032,2024-11-01,2024-10-29,paid
TAX-004430,ASM-004430,PROP-01477,CTY-020,2025,4346,2025-11-01,2025-10-13,paid
TAX-004431,ASM-004431,PROP-01477,CTY-020,2026,4720,2026-11-01,,outstanding
TAX-004432,ASM-004432,PROP-01478,CTY-020,2024,3999,2024-11-01,2024-10-24,paid
TAX-004433,ASM-004433,PROP-01478,CTY-020,2025,4186,2025-11-01,2025-10-15,paid
TAX-004434,ASM-004434,PROP-01478,CTY-020,2026,4540,2026-11-01,,outstanding
TAX-004435,ASM-004435,PROP-01479,CTY-020,2024,3824,2024-11-01,2024-10-30,paid
TAX-004436,ASM-004436,PROP-01479,CTY-020,2025,4011,2025-11-01,2025-10-11,paid
TAX-004437,ASM-004437,PROP-01479,CTY-020,2026,4227,2026-11-01,,outstanding
TAX-004438,ASM-004438,PROP-01480,CTY-020,2024,3627,2024-11-01,2024-11-01,paid
TAX-004439,ASM-004439,PROP-01480,CTY-020,2025,3873,2025-11-01,2025-10-02,paid
TAX-004440,ASM-004440,PROP-01480,CTY-020,2026,4244,2026-11-01,,outstanding
TAX-004441,ASM-004441,PROP-01481,CTY-020,2024,4079,2024-11-01,2024-10-21,paid
TAX-004442,ASM-004442,PROP-01481,CTY-020,2025,4474,2025-11-01,2025-10-17,paid
TAX-004443,ASM-004443,PROP-01481,CTY-020,2026,4907,2026-11-01,,outstanding
TAX-004444,ASM-004444,PROP-01482,CTY-020,2024,4123,2024-11-01,2024-10-31,paid
TAX-004445,ASM-004445,PROP-01482,CTY-020,2025,4374,2025-11-01,2025-10-29,paid
TAX-004446,ASM-004446,PROP-01482,CTY-020,2026,4622,2026-11-01,,outstanding
TAX-004447,ASM-004447,PROP-01483,CTY-020,2024,4776,2024-11-01,2024-10-05,paid
TAX-004448,ASM-004448,PROP-01483,CTY-020,2025,4982,2025-11-01,2025-10-11,paid
TAX-004449,ASM-004449,PROP-01483,CTY-020,2026,5188,2026-11-01,,outstanding
TAX-004450,ASM-004450,PROP-01484,CTY-020,2024,4033,2024-11-01,2024-10-16,paid
TAX-004451,ASM-004451,PROP-01484,CTY-020,2025,4406,2025-11-01,2025-09-23,paid
TAX-004452,ASM-004452,PROP-01484,CTY-020,2026,4734,2026-11-01,,outstanding
TAX-004453,ASM-004453,PROP-01485,CTY-020,2024,4176,2024-11-01,2024-11-01,paid
TAX-004454,ASM-004454,PROP-01485,CTY-020,2025,4584,2025-11-01,2025-10-12,paid
TAX-004455,ASM-004455,PROP-01485,CTY-020,2026,5025,2026-11-01,,outstanding
TAX-004456,ASM-004456,PROP-01486,CTY-020,2024,4545,2024-11-01,2024-10-11,paid
TAX-004457,ASM-004457,PROP-01486,CTY-020,2025,5014,2025-11-01,2025-10-27,paid
TAX-004458,ASM-004458,PROP-01486,CTY-020,2026,5503,2026-11-01,,outstanding
TAX-004459,ASM-004459,PROP-01487,CTY-020,2024,4157,2024-11-01,2024-09-29,paid
TAX-004460,ASM-004460,PROP-01487,CTY-020,2025,4565,2025-11-01,2025-10-16,paid
TAX-004461,ASM-004461,PROP-01487,CTY-020,2026,4781,2026-11-01,,outstanding
TAX-004462,ASM-004462,PROP-01488,CTY-020,2024,4092,2024-11-01,2024-09-25,paid
TAX-004463,ASM-004463,PROP-01488,CTY-020,2025,4290,2025-11-01,2025-09-27,paid
TAX-004464,ASM-004464,PROP-01488,CTY-020,2026,4536,2026-11-01,,outstanding
TAX-004465,ASM-004465,PROP-01489,CTY-020,2024,3668,2024-11-01,2024-10-08,paid
TAX-004466,ASM-004466,PROP-01489,CTY-020,2025,3851,2025-11-01,2025-10-12,paid
TAX-004467,ASM-004467,PROP-01489,CTY-020,2026,4072,2026-11-01,,outstanding
TAX-004468,ASM-004468,PROP-01490,CTY-020,2024,3519,2024-11-01,2024-10-05,paid
TAX-004469,ASM-004469,PROP-01490,CTY-020,2025,3814,2025-11-01,2025-10-25,paid
TAX-004470,ASM-004470,PROP-01490,CTY-020,2026,4193,2026-11-01,,outstanding
TAX-004471,ASM-004471,PROP-01491,CTY-020,2024,3286,2024-11-01,2024-10-19,paid
TAX-004472,ASM-004472,PROP-01491,CTY-020,2025,3491,2025-11-01,2025-10-06,paid
TAX-004473,ASM-004473,PROP-01491,CTY-020,2026,3663,2026-11-01,,outstanding
TAX-004474,ASM-004474,PROP-01492,CTY-020,2024,4342,2024-11-01,2024-10-15,paid
TAX-004475,ASM-004475,PROP-01492,CTY-020,2025,4776,2025-11-01,2025-10-18,paid
TAX-004476,ASM-004476,PROP-01492,CTY-020,2026,5192,2026-11-01,,outstanding
TAX-004477,ASM-004477,PROP-01493,CTY-020,2024,3919,2024-11-01,2024-09-22,paid
TAX-004478,ASM-004478,PROP-01493,CTY-020,2025,4303,2025-11-01,2025-10-09,paid
TAX-004479,ASM-004479,PROP-01493,CTY-020,2026,4574,2026-11-01,,outstanding
TAX-004480,ASM-004480,PROP-01494,CTY-020,2024,3937,2024-11-01,2024-10-29,paid
TAX-004481,ASM-004481,PROP-01494,CTY-020,2025,4110,2025-11-01,2025-10-29,paid
TAX-004482,ASM-004482,PROP-01494,CTY-020,2026,4387,2026-11-01,,outstanding
TAX-004483,ASM-004483,PROP-01495,CTY-020,2024,3913,2024-11-01,2024-10-10,paid
TAX-004484,ASM-004484,PROP-01495,CTY-020,2025,4287,2025-11-01,2025-10-13,paid
TAX-004485,ASM-004485,PROP-01495,CTY-020,2026,4636,2026-11-01,,outstanding
TAX-004486,ASM-004486,PROP-01496,CTY-020,2024,4413,2024-11-01,2024-10-26,paid
TAX-004487,ASM-004487,PROP-01496,CTY-020,2025,4782,2025-11-01,2025-09-30,paid
TAX-004488,ASM-004488,PROP-01496,CTY-020,2026,5143,2026-11-01,,outstanding
TAX-004489,ASM-004489,PROP-01497,CTY-020,2024,3927,2024-11-01,2024-10-19,paid
TAX-004490,ASM-004490,PROP-01497,CTY-020,2025,4323,2025-11-01,2025-10-12,paid
TAX-004491,ASM-004491,PROP-01497,CTY-020,2026,4518,2026-11-01,,outstanding
TAX-004492,ASM-004492,PROP-01498,CTY-020,2024,3903,2024-11-01,2024-09-28,paid
TAX-004493,ASM-004493,PROP-01498,CTY-020,2025,4116,2025-11-01,2025-10-29,paid
TAX-004494,ASM-004494,PROP-01498,CTY-020,2026,4356,2026-11-01,,outstanding
TAX-004495,ASM-004495,PROP-01499,CTY-020,2024,4075,2024-11-01,2024-09-28,paid
TAX-004496,ASM-004496,PROP-01499,CTY-020,2025,4304,2025-11-01,2025-10-15,paid
TAX-004497,ASM-004497,PROP-01499,CTY-020,2026,4556,2026-11-01,,outstanding
TAX-004498,ASM-004498,PROP-01500,CTY-020,2024,3434,2024-11-01,2024-10-01,paid
TAX-004499,ASM-004499,PROP-01500,CTY-020,2025,3777,2025-11-01,2025-10-14,paid
TAX-004500,ASM-004500,PROP-01500,CTY-020,2026,4118,2026-11-01,,outstanding
TAX-004501,ASM-004501,PROP-01501,CTY-020,2024,4915,2024-11-01,2024-09-30,paid
TAX-004502,ASM-004502,PROP-01501,CTY-020,2025,5158,2025-11-01,2025-09-29,paid
TAX-004503,ASM-004503,PROP-01501,CTY-020,2026,5679,2026-11-01,,outstanding
TAX-004504,ASM-004504,PROP-01502,CTY-020,2024,4884,2024-11-01,2024-10-22,paid
TAX-004505,ASM-004505,PROP-01502,CTY-020,2025,5333,2025-11-01,2025-10-08,paid
TAX-004506,ASM-004506,PROP-01502,CTY-020,2026,5592,2026-11-01,,outstanding
TAX-004507,ASM-004507,PROP-01503,CTY-020,2024,3611,2024-11-01,2024-10-30,paid
TAX-004508,ASM-004508,PROP-01503,CTY-020,2025,3805,2025-11-01,2025-09-29,paid
TAX-004509,ASM-004509,PROP-01503,CTY-020,2026,4080,2026-11-01,,outstanding
TAX-004510,ASM-004510,PROP-01504,CTY-020,2024,4913,2024-11-01,2024-10-08,paid
TAX-004511,ASM-004511,PROP-01504,CTY-020,2025,5134,2025-11-01,2025-09-23,paid
TAX-004512,ASM-004512,PROP-01504,CTY-020,2026,5553,2026-11-01,,outstanding
TAX-004513,ASM-004513,PROP-01505,CTY-020,2024,4184,2024-11-01,2024-10-29,paid
TAX-004514,ASM-004514,PROP-01505,CTY-020,2025,4546,2025-11-01,2025-10-31,paid
TAX-004515,ASM-004515,PROP-01505,CTY-020,2026,4740,2026-11-01,,outstanding
TAX-004516,ASM-004516,PROP-01506,CTY-022,2024,2888,2024-11-01,2024-10-05,paid
TAX-004517,ASM-004517,PROP-01506,CTY-022,2025,2900,2025-11-01,2025-09-29,paid
TAX-004518,ASM-004518,PROP-01506,CTY-022,2026,2914,2026-11-01,,outstanding
TAX-004519,ASM-004519,PROP-01507,CTY-022,2024,2793,2024-11-01,2024-09-24,paid
TAX-004520,ASM-004520,PROP-01507,CTY-022,2025,2804,2025-11-01,2025-10-07,paid
TAX-004521,ASM-004521,PROP-01507,CTY-022,2026,2817,2026-11-01,,outstanding
TAX-004522,ASM-004522,PROP-01508,CTY-022,2024,3217,2024-11-01,2024-10-07,paid
TAX-004523,ASM-004523,PROP-01508,CTY-022,2025,3225,2025-11-01,2025-10-15,paid
TAX-004524,ASM-004524,PROP-01508,CTY-022,2026,3238,2026-11-01,,outstanding
TAX-004525,ASM-004525,PROP-01509,CTY-022,2024,2832,2024-11-01,2024-10-15,paid
TAX-004526,ASM-004526,PROP-01509,CTY-022,2025,2841,2025-11-01,2025-09-26,paid
TAX-004527,ASM-004527,PROP-01509,CTY-022,2026,2854,2026-11-01,,outstanding
TAX-004528,ASM-004528,PROP-01510,CTY-022,2024,2658,2024-11-01,2024-10-05,paid
TAX-004529,ASM-004529,PROP-01510,CTY-022,2025,2672,2025-11-01,2025-10-29,paid
TAX-004530,ASM-004530,PROP-01510,CTY-022,2026,2684,2026-11-01,,outstanding
TAX-004531,ASM-004531,PROP-01511,CTY-022,2024,2807,2024-11-01,2024-10-14,paid
TAX-004532,ASM-004532,PROP-01511,CTY-022,2025,2816,2025-11-01,2025-10-18,paid
TAX-004533,ASM-004533,PROP-01511,CTY-022,2026,2824,2026-11-01,,outstanding
TAX-004534,ASM-004534,PROP-01512,CTY-022,2024,3001,2024-11-01,2024-10-01,paid
TAX-004535,ASM-004535,PROP-01512,CTY-022,2025,3015,2025-11-01,2025-10-08,paid
TAX-004536,ASM-004536,PROP-01512,CTY-022,2026,3024,2026-11-01,,outstanding
TAX-004537,ASM-004537,PROP-01513,CTY-022,2024,3299,2024-11-01,2024-10-08,paid
TAX-004538,ASM-004538,PROP-01513,CTY-022,2025,3315,2025-11-01,2025-10-31,paid
TAX-004539,ASM-004539,PROP-01513,CTY-022,2026,3325,2026-11-01,,outstanding
TAX-004540,ASM-004540,PROP-01514,CTY-022,2024,2606,2024-11-01,2024-09-28,paid
TAX-004541,ASM-004541,PROP-01514,CTY-022,2025,2617,2025-11-01,2025-10-26,paid
TAX-004542,ASM-004542,PROP-01514,CTY-022,2026,2628,2026-11-01,,outstanding
TAX-004543,ASM-004543,PROP-01515,CTY-022,2024,2831,2024-11-01,2024-10-24,paid
TAX-004544,ASM-004544,PROP-01515,CTY-022,2025,2839,2025-11-01,2025-11-01,paid
TAX-004545,ASM-004545,PROP-01515,CTY-022,2026,2856,2026-11-01,,outstanding
TAX-004546,ASM-004546,PROP-01516,CTY-022,2024,2757,2024-11-01,2024-10-10,paid
TAX-004547,ASM-004547,PROP-01516,CTY-022,2025,2768,2025-11-01,2025-10-30,paid
TAX-004548,ASM-004548,PROP-01516,CTY-022,2026,2777,2026-11-01,,outstanding
TAX-004549,ASM-004549,PROP-01517,CTY-022,2024,3225,2024-11-01,2024-10-30,paid
TAX-004550,ASM-004550,PROP-01517,CTY-022,2025,3238,2025-11-01,2025-09-23,paid
TAX-004551,ASM-004551,PROP-01517,CTY-022,2026,3256,2026-11-01,,outstanding
TAX-004552,ASM-004552,PROP-01518,CTY-022,2024,2362,2024-11-01,2024-10-11,paid
TAX-004553,ASM-004553,PROP-01518,CTY-022,2025,2368,2025-11-01,2025-10-04,paid
TAX-004554,ASM-004554,PROP-01518,CTY-022,2026,2380,2026-11-01,,outstanding
TAX-004555,ASM-004555,PROP-01519,CTY-022,2024,2882,2024-11-01,2024-10-10,paid
TAX-004556,ASM-004556,PROP-01519,CTY-022,2025,2891,2025-11-01,2025-09-22,paid
TAX-004557,ASM-004557,PROP-01519,CTY-022,2026,2908,2026-11-01,,outstanding
TAX-004558,ASM-004558,PROP-01520,CTY-022,2024,2502,2024-11-01,2024-10-03,paid
TAX-004559,ASM-004559,PROP-01520,CTY-022,2025,2509,2025-11-01,2025-11-01,paid
TAX-004560,ASM-004560,PROP-01520,CTY-022,2026,2517,2026-11-01,,outstanding
TAX-004561,ASM-004561,PROP-01521,CTY-022,2024,3290,2024-11-01,2024-09-29,paid
TAX-004562,ASM-004562,PROP-01521,CTY-022,2025,3304,2025-11-01,2025-10-05,paid
TAX-004563,ASM-004563,PROP-01521,CTY-022,2026,3321,2026-11-01,,outstanding
TAX-004564,ASM-004564,PROP-01522,CTY-022,2024,2952,2024-11-01,2024-10-22,paid
TAX-004565,ASM-004565,PROP-01522,CTY-022,2025,2961,2025-11-01,2025-09-22,paid
TAX-004566,ASM-004566,PROP-01522,CTY-022,2026,2971,2026-11-01,,outstanding
TAX-004567,ASM-004567,PROP-01523,CTY-022,2024,3225,2024-11-01,2024-09-27,paid
TAX-004568,ASM-004568,PROP-01523,CTY-022,2025,3237,2025-11-01,2025-10-29,paid
TAX-004569,ASM-004569,PROP-01523,CTY-022,2026,3256,2026-11-01,,outstanding
TAX-004570,ASM-004570,PROP-01524,CTY-022,2024,3306,2024-11-01,2024-10-10,paid
TAX-004571,ASM-004571,PROP-01524,CTY-022,2025,3315,2025-11-01,2025-09-30,paid
TAX-004572,ASM-004572,PROP-01524,CTY-022,2026,3328,2026-11-01,,outstanding
TAX-004573,ASM-004573,PROP-01525,CTY-022,2024,2916,2024-11-01,2024-10-25,paid
TAX-004574,ASM-004574,PROP-01525,CTY-022,2025,2931,2025-11-01,2025-09-27,paid
TAX-004575,ASM-004575,PROP-01525,CTY-022,2026,2940,2026-11-01,,outstanding
TAX-004576,ASM-004576,PROP-01526,CTY-022,2024,3229,2024-11-01,2024-10-27,paid
TAX-004577,ASM-004577,PROP-01526,CTY-022,2025,3243,2025-11-01,2025-10-13,paid
TAX-004578,ASM-004578,PROP-01526,CTY-022,2026,3252,2026-11-01,,outstanding
TAX-004579,ASM-004579,PROP-01527,CTY-022,2024,3119,2024-11-01,2024-11-01,paid
TAX-004580,ASM-004580,PROP-01527,CTY-022,2025,3127,2025-11-01,2025-09-24,paid
TAX-004581,ASM-004581,PROP-01527,CTY-022,2026,3137,2026-11-01,,outstanding
TAX-004582,ASM-004582,PROP-01528,CTY-022,2024,2707,2024-11-01,2024-09-26,paid
TAX-004583,ASM-004583,PROP-01528,CTY-022,2025,2719,2025-11-01,2025-10-20,paid
TAX-004584,ASM-004584,PROP-01528,CTY-022,2026,2734,2026-11-01,,outstanding
TAX-004585,ASM-004585,PROP-01529,CTY-022,2024,2751,2024-11-01,2024-10-24,paid
TAX-004586,ASM-004586,PROP-01529,CTY-022,2025,2760,2025-11-01,2025-10-09,paid
TAX-004587,ASM-004587,PROP-01529,CTY-022,2026,2773,2026-11-01,,outstanding
TAX-004588,ASM-004588,PROP-01530,CTY-022,2024,2692,2024-11-01,2024-10-20,paid
TAX-004589,ASM-004589,PROP-01530,CTY-022,2025,2701,2025-11-01,2025-10-20,paid
TAX-004590,ASM-004590,PROP-01530,CTY-022,2026,2715,2026-11-01,,outstanding
TAX-004591,ASM-004591,PROP-01531,CTY-022,2024,3430,2024-11-01,2024-10-14,paid
TAX-004592,ASM-004592,PROP-01531,CTY-022,2025,3439,2025-11-01,2025-09-27,paid
TAX-004593,ASM-004593,PROP-01531,CTY-022,2026,3456,2026-11-01,,outstanding
TAX-004594,ASM-004594,PROP-01532,CTY-022,2024,2711,2024-11-01,2024-10-22,paid
TAX-004595,ASM-004595,PROP-01532,CTY-022,2025,2723,2025-11-01,2025-09-30,paid
TAX-004596,ASM-004596,PROP-01532,CTY-022,2026,2735,2026-11-01,,outstanding
TAX-004597,ASM-004597,PROP-01533,CTY-022,2024,3210,2024-11-01,2024-10-10,paid
TAX-004598,ASM-004598,PROP-01533,CTY-022,2025,3221,2025-11-01,2025-10-15,paid
TAX-004599,ASM-004599,PROP-01533,CTY-022,2026,3232,2026-11-01,,outstanding
TAX-004600,ASM-004600,PROP-01534,CTY-022,2024,2855,2024-11-01,2024-10-14,paid
TAX-004601,ASM-004601,PROP-01534,CTY-022,2025,2863,2025-11-01,2025-10-02,paid
TAX-004602,ASM-004602,PROP-01534,CTY-022,2026,2870,2026-11-01,,outstanding
TAX-004603,ASM-004603,PROP-01535,CTY-022,2024,2796,2024-11-01,2024-10-15,paid
TAX-004604,ASM-004604,PROP-01535,CTY-022,2025,2808,2025-11-01,2025-10-01,paid
TAX-004605,ASM-004605,PROP-01535,CTY-022,2026,2824,2026-11-01,,outstanding
TAX-004606,ASM-004606,PROP-01536,CTY-022,2024,3001,2024-11-01,2024-10-10,paid
TAX-004607,ASM-004607,PROP-01536,CTY-022,2025,3018,2025-11-01,2025-10-08,paid
TAX-004608,ASM-004608,PROP-01536,CTY-022,2026,3032,2026-11-01,,outstanding
TAX-004609,ASM-004609,PROP-01537,CTY-022,2024,3189,2024-11-01,2024-10-16,paid
TAX-004610,ASM-004610,PROP-01537,CTY-022,2025,3205,2025-11-01,2025-10-02,paid
TAX-004611,ASM-004611,PROP-01537,CTY-022,2026,3221,2026-11-01,,outstanding
TAX-004612,ASM-004612,PROP-01538,CTY-022,2024,3042,2024-11-01,2024-10-10,paid
TAX-004613,ASM-004613,PROP-01538,CTY-022,2025,3051,2025-11-01,2025-09-27,paid
TAX-004614,ASM-004614,PROP-01538,CTY-022,2026,3069,2026-11-01,,outstanding
TAX-004615,ASM-004615,PROP-01539,CTY-022,2024,2506,2024-11-01,2024-09-29,paid
TAX-004616,ASM-004616,PROP-01539,CTY-022,2025,2514,2025-11-01,2025-10-06,paid
TAX-004617,ASM-004617,PROP-01539,CTY-022,2026,2526,2026-11-01,,outstanding
TAX-004618,ASM-004618,PROP-01540,CTY-022,2024,2895,2024-11-01,2024-10-31,paid
TAX-004619,ASM-004619,PROP-01540,CTY-022,2025,2911,2025-11-01,2025-10-01,paid
TAX-004620,ASM-004620,PROP-01540,CTY-022,2026,2923,2026-11-01,,outstanding
TAX-004621,ASM-004621,PROP-01541,CTY-022,2024,3241,2024-11-01,2024-10-27,paid
TAX-004622,ASM-004622,PROP-01541,CTY-022,2025,3258,2025-11-01,2025-09-24,paid
TAX-004623,ASM-004623,PROP-01541,CTY-022,2026,3271,2026-11-01,,outstanding
TAX-004624,ASM-004624,PROP-01542,CTY-022,2024,3290,2024-11-01,2024-10-12,paid
TAX-004625,ASM-004625,PROP-01542,CTY-022,2025,3309,2025-11-01,2025-10-01,paid
TAX-004626,ASM-004626,PROP-01542,CTY-022,2026,3326,2026-11-01,,outstanding
TAX-004627,ASM-004627,PROP-01543,CTY-022,2024,3398,2024-11-01,2024-10-31,paid
TAX-004628,ASM-004628,PROP-01543,CTY-022,2025,3409,2025-11-01,2025-09-22,paid
TAX-004629,ASM-004629,PROP-01543,CTY-022,2026,3422,2026-11-01,,outstanding
TAX-004630,ASM-004630,PROP-01544,CTY-022,2024,2577,2024-11-01,2024-10-17,paid
TAX-004631,ASM-004631,PROP-01544,CTY-022,2025,2588,2025-11-01,2025-10-06,paid
TAX-004632,ASM-004632,PROP-01544,CTY-022,2026,2602,2026-11-01,,outstanding
TAX-004633,ASM-004633,PROP-01545,CTY-022,2024,2839,2024-11-01,2024-10-29,paid
TAX-004634,ASM-004634,PROP-01545,CTY-022,2025,2853,2025-11-01,2025-10-05,paid
TAX-004635,ASM-004635,PROP-01545,CTY-022,2026,2861,2026-11-01,,outstanding
TAX-004636,ASM-004636,PROP-01546,CTY-022,2024,3559,2024-11-01,2024-09-26,paid
TAX-004637,ASM-004637,PROP-01546,CTY-022,2025,3576,2025-11-01,2025-10-18,paid
TAX-004638,ASM-004638,PROP-01546,CTY-022,2026,3596,2026-11-01,,outstanding
TAX-004639,ASM-004639,PROP-01547,CTY-022,2024,3037,2024-11-01,2024-10-16,paid
TAX-004640,ASM-004640,PROP-01547,CTY-022,2025,3046,2025-11-01,2025-09-30,paid
TAX-004641,ASM-004641,PROP-01547,CTY-022,2026,3062,2026-11-01,,outstanding
TAX-004642,ASM-004642,PROP-01548,CTY-022,2024,2608,2024-11-01,2024-09-22,paid
TAX-004643,ASM-004643,PROP-01548,CTY-022,2025,2622,2025-11-01,2025-10-22,paid
TAX-004644,ASM-004644,PROP-01548,CTY-022,2026,2635,2026-11-01,,outstanding
TAX-004645,ASM-004645,PROP-01549,CTY-022,2024,2429,2024-11-01,2024-10-26,paid
TAX-004646,ASM-004646,PROP-01549,CTY-022,2025,2443,2025-11-01,2025-10-05,paid
TAX-004647,ASM-004647,PROP-01549,CTY-022,2026,2455,2026-11-01,,outstanding
TAX-004648,ASM-004648,PROP-01550,CTY-022,2024,3303,2024-11-01,2024-10-08,paid
TAX-004649,ASM-004649,PROP-01550,CTY-022,2025,3322,2025-11-01,2025-10-12,paid
TAX-004650,ASM-004650,PROP-01550,CTY-022,2026,3339,2026-11-01,,outstanding
TAX-004651,ASM-004651,PROP-01551,CTY-022,2024,2858,2024-11-01,2024-10-31,paid
TAX-004652,ASM-004652,PROP-01551,CTY-022,2025,2873,2025-11-01,2025-10-15,paid
TAX-004653,ASM-004653,PROP-01551,CTY-022,2026,2888,2026-11-01,,outstanding
TAX-004654,ASM-004654,PROP-01552,CTY-022,2024,2990,2024-11-01,2024-10-30,paid
TAX-004655,ASM-004655,PROP-01552,CTY-022,2025,3003,2025-11-01,2025-10-25,paid
TAX-004656,ASM-004656,PROP-01552,CTY-022,2026,3010,2026-11-01,,outstanding
TAX-004657,ASM-004657,PROP-01553,CTY-022,2024,2932,2024-11-01,2024-11-01,paid
TAX-004658,ASM-004658,PROP-01553,CTY-022,2025,2944,2025-11-01,2025-10-30,paid
TAX-004659,ASM-004659,PROP-01553,CTY-022,2026,2954,2026-11-01,,outstanding
TAX-004660,ASM-004660,PROP-01554,CTY-022,2024,3052,2024-11-01,2024-09-24,paid
TAX-004661,ASM-004661,PROP-01554,CTY-022,2025,3067,2025-11-01,2025-10-31,paid
TAX-004662,ASM-004662,PROP-01554,CTY-022,2026,3081,2026-11-01,,outstanding
TAX-004663,ASM-004663,PROP-01555,CTY-022,2024,2850,2024-11-01,2024-10-07,paid
TAX-004664,ASM-004664,PROP-01555,CTY-022,2025,2859,2025-11-01,2025-10-28,paid
TAX-004665,ASM-004665,PROP-01555,CTY-022,2026,2871,2026-11-01,,outstanding
TAX-004666,ASM-004666,PROP-01556,CTY-022,2024,2990,2024-11-01,2024-09-23,paid
TAX-004667,ASM-004667,PROP-01556,CTY-022,2025,3005,2025-11-01,2025-09-26,paid
TAX-004668,ASM-004668,PROP-01556,CTY-022,2026,3022,2026-11-01,,outstanding
TAX-004669,ASM-004669,PROP-01557,CTY-023,2024,2943,2024-11-01,2024-10-13,paid
TAX-004670,ASM-004670,PROP-01557,CTY-023,2025,2954,2025-11-01,2025-09-29,paid
TAX-004671,ASM-004671,PROP-01557,CTY-023,2026,2962,2026-11-01,,outstanding
TAX-004672,ASM-004672,PROP-01558,CTY-023,2024,2775,2024-11-01,2024-09-30,paid
TAX-004673,ASM-004673,PROP-01558,CTY-023,2025,2788,2025-11-01,2025-10-05,paid
TAX-004674,ASM-004674,PROP-01558,CTY-023,2026,2802,2026-11-01,,outstanding
TAX-004675,ASM-004675,PROP-01559,CTY-023,2024,2632,2024-11-01,2024-10-05,paid
TAX-004676,ASM-004676,PROP-01559,CTY-023,2025,2647,2025-11-01,2025-09-24,paid
TAX-004677,ASM-004677,PROP-01559,CTY-023,2026,2655,2026-11-01,,outstanding
TAX-004678,ASM-004678,PROP-01560,CTY-023,2024,2490,2024-11-01,2024-10-03,paid
TAX-004679,ASM-004679,PROP-01560,CTY-023,2025,2497,2025-11-01,2025-10-17,paid
TAX-004680,ASM-004680,PROP-01560,CTY-023,2026,2505,2026-11-01,,outstanding
TAX-004681,ASM-004681,PROP-01561,CTY-023,2024,2406,2024-11-01,2024-09-22,paid
TAX-004682,ASM-004682,PROP-01561,CTY-023,2025,2412,2025-11-01,2025-10-31,paid
TAX-004683,ASM-004683,PROP-01561,CTY-023,2026,2426,2026-11-01,,outstanding
TAX-004684,ASM-004684,PROP-01562,CTY-023,2024,2770,2024-11-01,2024-09-22,paid
TAX-004685,ASM-004685,PROP-01562,CTY-023,2025,2780,2025-11-01,2025-10-29,paid
TAX-004686,ASM-004686,PROP-01562,CTY-023,2026,2796,2026-11-01,,outstanding
TAX-004687,ASM-004687,PROP-01563,CTY-023,2024,2891,2024-11-01,2024-10-21,paid
TAX-004688,ASM-004688,PROP-01563,CTY-023,2025,2904,2025-11-01,2025-09-29,paid
TAX-004689,ASM-004689,PROP-01563,CTY-023,2026,2919,2026-11-01,,outstanding
TAX-004690,ASM-004690,PROP-01564,CTY-023,2024,2780,2024-11-01,2024-10-23,paid
TAX-004691,ASM-004691,PROP-01564,CTY-023,2025,2792,2025-11-01,2025-10-09,paid
TAX-004692,ASM-004692,PROP-01564,CTY-023,2026,2801,2026-11-01,,outstanding
TAX-004693,ASM-004693,PROP-01565,CTY-023,2024,2512,2024-11-01,2024-10-20,paid
TAX-004694,ASM-004694,PROP-01565,CTY-023,2025,2524,2025-11-01,2025-10-26,paid
TAX-004695,ASM-004695,PROP-01565,CTY-023,2026,2536,2026-11-01,,outstanding
TAX-004696,ASM-004696,PROP-01566,CTY-023,2024,2827,2024-11-01,2024-10-15,paid
TAX-004697,ASM-004697,PROP-01566,CTY-023,2025,2843,2025-11-01,2025-10-10,paid
TAX-004698,ASM-004698,PROP-01566,CTY-023,2026,2857,2026-11-01,,outstanding
TAX-004699,ASM-004699,PROP-01567,CTY-023,2024,2379,2024-11-01,2024-10-26,paid
TAX-004700,ASM-004700,PROP-01567,CTY-023,2025,2391,2025-11-01,2025-09-24,paid
TAX-004701,ASM-004701,PROP-01567,CTY-023,2026,2401,2026-11-01,,outstanding
TAX-004702,ASM-004702,PROP-01568,CTY-023,2024,2988,2024-11-01,2024-10-07,paid
TAX-004703,ASM-004703,PROP-01568,CTY-023,2025,2997,2025-11-01,2025-10-07,paid
TAX-004704,ASM-004704,PROP-01568,CTY-023,2026,3012,2026-11-01,,outstanding
TAX-004705,ASM-004705,PROP-01569,CTY-023,2024,2914,2024-11-01,2024-10-13,paid
TAX-004706,ASM-004706,PROP-01569,CTY-023,2025,2924,2025-11-01,2025-09-24,paid
TAX-004707,ASM-004707,PROP-01569,CTY-023,2026,2937,2026-11-01,,outstanding
TAX-004708,ASM-004708,PROP-01570,CTY-023,2024,2998,2024-11-01,2024-10-06,paid
TAX-004709,ASM-004709,PROP-01570,CTY-023,2025,3007,2025-11-01,2025-10-05,paid
TAX-004710,ASM-004710,PROP-01570,CTY-023,2026,3019,2026-11-01,,outstanding
TAX-004711,ASM-004711,PROP-01571,CTY-023,2024,2382,2024-11-01,2024-10-29,paid
TAX-004712,ASM-004712,PROP-01571,CTY-023,2025,2396,2025-11-01,2025-10-29,paid
TAX-004713,ASM-004713,PROP-01571,CTY-023,2026,2403,2026-11-01,,outstanding
TAX-004714,ASM-004714,PROP-01572,CTY-023,2024,2792,2024-11-01,2024-10-07,paid
TAX-004715,ASM-004715,PROP-01572,CTY-023,2025,2808,2025-11-01,2025-10-11,paid
TAX-004716,ASM-004716,PROP-01572,CTY-023,2026,2822,2026-11-01,,outstanding
TAX-004717,ASM-004717,PROP-01573,CTY-023,2024,2658,2024-11-01,2024-10-07,paid
TAX-004718,ASM-004718,PROP-01573,CTY-023,2025,2668,2025-11-01,2025-10-01,paid
TAX-004719,ASM-004719,PROP-01573,CTY-023,2026,2677,2026-11-01,,outstanding
TAX-004720,ASM-004720,PROP-01574,CTY-023,2024,2443,2024-11-01,2024-09-23,paid
TAX-004721,ASM-004721,PROP-01574,CTY-023,2025,2450,2025-11-01,2025-10-22,paid
TAX-004722,ASM-004722,PROP-01574,CTY-023,2026,2464,2026-11-01,,outstanding
TAX-004723,ASM-004723,PROP-01575,CTY-023,2024,3018,2024-11-01,2024-10-14,paid
TAX-004724,ASM-004724,PROP-01575,CTY-023,2025,3028,2025-11-01,2025-10-17,paid
TAX-004725,ASM-004725,PROP-01575,CTY-023,2026,3046,2026-11-01,,outstanding
TAX-004726,ASM-004726,PROP-01576,CTY-023,2024,2444,2024-11-01,2024-10-24,paid
TAX-004727,ASM-004727,PROP-01576,CTY-023,2025,2456,2025-11-01,2025-10-24,paid
TAX-004728,ASM-004728,PROP-01576,CTY-023,2026,2464,2026-11-01,,outstanding
TAX-004729,ASM-004729,PROP-01577,CTY-023,2024,2933,2024-11-01,2024-10-04,paid
TAX-004730,ASM-004730,PROP-01577,CTY-023,2025,2948,2025-11-01,2025-10-31,paid
TAX-004731,ASM-004731,PROP-01577,CTY-023,2026,2960,2026-11-01,,outstanding
TAX-004732,ASM-004732,PROP-01578,CTY-023,2024,2097,2024-11-01,2024-09-29,paid
TAX-004733,ASM-004733,PROP-01578,CTY-023,2025,2109,2025-11-01,2025-10-21,paid
TAX-004734,ASM-004734,PROP-01578,CTY-023,2026,2119,2026-11-01,,outstanding
TAX-004735,ASM-004735,PROP-01579,CTY-023,2024,2651,2024-11-01,2024-10-05,paid
TAX-004736,ASM-004736,PROP-01579,CTY-023,2025,2666,2025-11-01,2025-09-29,paid
TAX-004737,ASM-004737,PROP-01579,CTY-023,2026,2677,2026-11-01,,outstanding
TAX-004738,ASM-004738,PROP-01580,CTY-023,2024,2512,2024-11-01,2024-10-01,paid
TAX-004739,ASM-004739,PROP-01580,CTY-023,2025,2525,2025-11-01,2025-10-06,paid
TAX-004740,ASM-004740,PROP-01580,CTY-023,2026,2535,2026-11-01,,outstanding
TAX-004741,ASM-004741,PROP-01581,CTY-023,2024,2943,2024-11-01,2024-11-01,paid
TAX-004742,ASM-004742,PROP-01581,CTY-023,2025,2955,2025-11-01,2025-10-15,paid
TAX-004743,ASM-004743,PROP-01581,CTY-023,2026,2971,2026-11-01,,outstanding
TAX-004744,ASM-004744,PROP-01582,CTY-023,2024,2683,2024-11-01,2024-10-09,paid
TAX-004745,ASM-004745,PROP-01582,CTY-023,2025,2695,2025-11-01,2025-10-28,paid
TAX-004746,ASM-004746,PROP-01582,CTY-023,2026,2709,2026-11-01,,outstanding
TAX-004747,ASM-004747,PROP-01583,CTY-023,2024,2384,2024-11-01,2024-10-13,paid
TAX-004748,ASM-004748,PROP-01583,CTY-023,2025,2393,2025-11-01,2025-10-22,paid
TAX-004749,ASM-004749,PROP-01583,CTY-023,2026,2402,2026-11-01,,outstanding
TAX-004750,ASM-004750,PROP-01584,CTY-023,2024,2812,2024-11-01,2024-10-25,paid
TAX-004751,ASM-004751,PROP-01584,CTY-023,2025,2827,2025-11-01,2025-10-26,paid
TAX-004752,ASM-004752,PROP-01584,CTY-023,2026,2837,2026-11-01,,outstanding
TAX-004753,ASM-004753,PROP-01585,CTY-023,2024,2794,2024-11-01,2024-09-25,paid
TAX-004754,ASM-004754,PROP-01585,CTY-023,2025,2809,2025-11-01,2025-10-14,paid
TAX-004755,ASM-004755,PROP-01585,CTY-023,2026,2821,2026-11-01,,outstanding
TAX-004756,ASM-004756,PROP-01586,CTY-023,2024,2426,2024-11-01,2024-10-14,paid
TAX-004757,ASM-004757,PROP-01586,CTY-023,2025,2439,2025-11-01,2025-09-25,paid
TAX-004758,ASM-004758,PROP-01586,CTY-023,2026,2453,2026-11-01,,outstanding
TAX-004759,ASM-004759,PROP-01587,CTY-023,2024,2383,2024-11-01,2024-10-18,paid
TAX-004760,ASM-004760,PROP-01587,CTY-023,2025,2389,2025-11-01,2025-10-17,paid
TAX-004761,ASM-004761,PROP-01587,CTY-023,2026,2399,2026-11-01,,outstanding
TAX-004762,ASM-004762,PROP-01588,CTY-023,2024,2895,2024-11-01,2024-10-15,paid
TAX-004763,ASM-004763,PROP-01588,CTY-023,2025,2909,2025-11-01,2025-10-19,paid
TAX-004764,ASM-004764,PROP-01588,CTY-023,2026,2916,2026-11-01,,outstanding
TAX-004765,ASM-004765,PROP-01589,CTY-023,2024,2773,2024-11-01,2024-10-21,paid
TAX-004766,ASM-004766,PROP-01589,CTY-023,2025,2781,2025-11-01,2025-10-26,paid
TAX-004767,ASM-004767,PROP-01589,CTY-023,2026,2788,2026-11-01,,outstanding
TAX-004768,ASM-004768,PROP-01590,CTY-023,2024,2593,2024-11-01,2024-10-17,paid
TAX-004769,ASM-004769,PROP-01590,CTY-023,2025,2604,2025-11-01,2025-10-01,paid
TAX-004770,ASM-004770,PROP-01590,CTY-023,2026,2611,2026-11-01,,outstanding
TAX-004771,ASM-004771,PROP-01591,CTY-023,2024,2144,2024-11-01,2024-10-22,paid
TAX-004772,ASM-004772,PROP-01591,CTY-023,2025,2156,2025-11-01,2025-10-05,paid
TAX-004773,ASM-004773,PROP-01591,CTY-023,2026,2164,2026-11-01,,outstanding
TAX-004774,ASM-004774,PROP-01592,CTY-023,2024,2485,2024-11-01,2024-10-11,paid
TAX-004775,ASM-004775,PROP-01592,CTY-023,2025,2494,2025-11-01,2025-10-24,paid
TAX-004776,ASM-004776,PROP-01592,CTY-023,2026,2506,2026-11-01,,outstanding
TAX-004777,ASM-004777,PROP-01593,CTY-023,2024,2681,2024-11-01,2024-09-26,paid
TAX-004778,ASM-004778,PROP-01593,CTY-023,2025,2691,2025-11-01,2025-10-08,paid
TAX-004779,ASM-004779,PROP-01593,CTY-023,2026,2700,2026-11-01,,outstanding
TAX-004780,ASM-004780,PROP-01594,CTY-023,2024,2400,2024-11-01,2024-11-01,paid
TAX-004781,ASM-004781,PROP-01594,CTY-023,2025,2406,2025-11-01,2025-10-26,paid
TAX-004782,ASM-004782,PROP-01594,CTY-023,2026,2414,2026-11-01,,outstanding
TAX-004783,ASM-004783,PROP-01595,CTY-023,2024,2507,2024-11-01,2024-10-28,paid
TAX-004784,ASM-004784,PROP-01595,CTY-023,2025,2518,2025-11-01,2025-10-07,paid
TAX-004785,ASM-004785,PROP-01595,CTY-023,2026,2532,2026-11-01,,outstanding
TAX-004786,ASM-004786,PROP-01596,CTY-023,2024,2586,2024-11-01,2024-10-19,paid
TAX-004787,ASM-004787,PROP-01596,CTY-023,2025,2594,2025-11-01,2025-10-06,paid
TAX-004788,ASM-004788,PROP-01596,CTY-023,2026,2607,2026-11-01,,outstanding
TAX-004789,ASM-004789,PROP-01597,CTY-023,2024,2409,2024-11-01,2024-10-28,paid
TAX-004790,ASM-004790,PROP-01597,CTY-023,2025,2419,2025-11-01,2025-10-08,paid
TAX-004791,ASM-004791,PROP-01597,CTY-023,2026,2428,2026-11-01,,outstanding
TAX-004792,ASM-004792,PROP-01598,CTY-023,2024,2948,2024-11-01,2024-09-29,paid
TAX-004793,ASM-004793,PROP-01598,CTY-023,2025,2961,2025-11-01,2025-10-04,paid
TAX-004794,ASM-004794,PROP-01598,CTY-023,2026,2978,2026-11-01,,outstanding
TAX-004795,ASM-004795,PROP-01599,CTY-023,2024,2071,2024-11-01,2024-10-14,paid
TAX-004796,ASM-004796,PROP-01599,CTY-023,2025,2080,2025-11-01,2025-10-20,paid
TAX-004797,ASM-004797,PROP-01599,CTY-023,2026,2092,2026-11-01,,outstanding
TAX-004798,ASM-004798,PROP-01600,CTY-024,2024,2727,2024-11-01,2024-09-28,paid
TAX-004799,ASM-004799,PROP-01600,CTY-024,2025,2735,2025-11-01,2025-10-24,paid
TAX-004800,ASM-004800,PROP-01600,CTY-024,2026,2743,2026-11-01,,outstanding
TAX-004801,ASM-004801,PROP-01601,CTY-024,2024,2709,2024-11-01,2024-10-25,paid
TAX-004802,ASM-004802,PROP-01601,CTY-024,2025,2718,2025-11-01,2025-09-27,paid
TAX-004803,ASM-004803,PROP-01601,CTY-024,2026,2728,2026-11-01,,outstanding
TAX-004804,ASM-004804,PROP-01602,CTY-024,2024,2753,2024-11-01,2024-10-13,paid
TAX-004805,ASM-004805,PROP-01602,CTY-024,2025,2768,2025-11-01,2025-10-27,paid
TAX-004806,ASM-004806,PROP-01602,CTY-024,2026,2784,2026-11-01,,outstanding
TAX-004807,ASM-004807,PROP-01603,CTY-024,2024,2639,2024-11-01,2024-10-21,paid
TAX-004808,ASM-004808,PROP-01603,CTY-024,2025,2654,2025-11-01,2025-09-30,paid
TAX-004809,ASM-004809,PROP-01603,CTY-024,2026,2666,2026-11-01,,outstanding
TAX-004810,ASM-004810,PROP-01604,CTY-024,2024,2387,2024-11-01,2024-10-20,paid
TAX-004811,ASM-004811,PROP-01604,CTY-024,2025,2401,2025-11-01,2025-10-24,paid
TAX-004812,ASM-004812,PROP-01604,CTY-024,2026,2410,2026-11-01,,outstanding
TAX-004813,ASM-004813,PROP-01605,CTY-024,2024,2727,2024-11-01,2024-10-18,paid
TAX-004814,ASM-004814,PROP-01605,CTY-024,2025,2737,2025-11-01,2025-10-07,paid
TAX-004815,ASM-004815,PROP-01605,CTY-024,2026,2745,2026-11-01,,outstanding
TAX-004816,ASM-004816,PROP-01606,CTY-024,2024,2382,2024-11-01,2024-10-16,paid
TAX-004817,ASM-004817,PROP-01606,CTY-024,2025,2393,2025-11-01,2025-10-04,paid
TAX-004818,ASM-004818,PROP-01606,CTY-024,2026,2403,2026-11-01,,outstanding
TAX-004819,ASM-004819,PROP-01607,CTY-024,2024,2665,2024-11-01,2024-09-22,paid
TAX-004820,ASM-004820,PROP-01607,CTY-024,2025,2680,2025-11-01,2025-10-24,paid
TAX-004821,ASM-004821,PROP-01607,CTY-024,2026,2690,2026-11-01,,outstanding
TAX-004822,ASM-004822,PROP-01608,CTY-024,2024,2857,2024-11-01,2024-10-27,paid
TAX-004823,ASM-004823,PROP-01608,CTY-024,2025,2873,2025-11-01,2025-09-27,paid
TAX-004824,ASM-004824,PROP-01608,CTY-024,2026,2880,2026-11-01,,outstanding
TAX-004825,ASM-004825,PROP-01609,CTY-024,2024,1990,2024-11-01,2024-10-10,paid
TAX-004826,ASM-004826,PROP-01609,CTY-024,2025,1996,2025-11-01,2025-10-11,paid
TAX-004827,ASM-004827,PROP-01609,CTY-024,2026,2002,2026-11-01,,outstanding
TAX-004828,ASM-004828,PROP-01610,CTY-024,2024,2583,2024-11-01,2024-10-16,paid
TAX-004829,ASM-004829,PROP-01610,CTY-024,2025,2590,2025-11-01,2025-09-22,paid
TAX-004830,ASM-004830,PROP-01610,CTY-024,2026,2602,2026-11-01,,outstanding
TAX-004831,ASM-004831,PROP-01611,CTY-024,2024,2141,2024-11-01,2024-09-27,paid
TAX-004832,ASM-004832,PROP-01611,CTY-024,2025,2153,2025-11-01,2025-09-30,paid
TAX-004833,ASM-004833,PROP-01611,CTY-024,2026,2161,2026-11-01,,outstanding
TAX-004834,ASM-004834,PROP-01612,CTY-024,2024,2230,2024-11-01,2024-10-17,paid
TAX-004835,ASM-004835,PROP-01612,CTY-024,2025,2236,2025-11-01,2025-10-08,paid
TAX-004836,ASM-004836,PROP-01612,CTY-024,2026,2246,2026-11-01,,outstanding
TAX-004837,ASM-004837,PROP-01613,CTY-024,2024,2095,2024-11-01,2024-10-12,paid
TAX-004838,ASM-004838,PROP-01613,CTY-024,2025,2104,2025-11-01,2025-10-21,paid
TAX-004839,ASM-004839,PROP-01613,CTY-024,2026,2110,2026-11-01,,outstanding
TAX-004840,ASM-004840,PROP-01614,CTY-024,2024,2256,2024-11-01,2024-10-28,paid
TAX-004841,ASM-004841,PROP-01614,CTY-024,2025,2268,2025-11-01,2025-10-26,paid
TAX-004842,ASM-004842,PROP-01614,CTY-024,2026,2275,2026-11-01,,outstanding
TAX-004843,ASM-004843,PROP-01615,CTY-024,2024,2512,2024-11-01,2024-10-12,paid
TAX-004844,ASM-004844,PROP-01615,CTY-024,2025,2518,2025-11-01,2025-09-26,paid
TAX-004845,ASM-004845,PROP-01615,CTY-024,2026,2531,2026-11-01,,outstanding
TAX-004846,ASM-004846,PROP-01616,CTY-024,2024,2152,2024-11-01,2024-10-24,paid
TAX-004847,ASM-004847,PROP-01616,CTY-024,2025,2164,2025-11-01,2025-10-07,paid
TAX-004848,ASM-004848,PROP-01616,CTY-024,2026,2174,2026-11-01,,outstanding
TAX-004849,ASM-004849,PROP-01617,CTY-024,2024,2717,2024-11-01,2024-10-26,paid
TAX-004850,ASM-004850,PROP-01617,CTY-024,2025,2734,2025-11-01,2025-10-10,paid
TAX-004851,ASM-004851,PROP-01617,CTY-024,2026,2747,2026-11-01,,outstanding
TAX-004852,ASM-004852,PROP-01618,CTY-024,2024,2474,2024-11-01,2024-09-30,paid
TAX-004853,ASM-004853,PROP-01618,CTY-024,2025,2483,2025-11-01,2025-10-14,paid
TAX-004854,ASM-004854,PROP-01618,CTY-024,2026,2494,2026-11-01,,outstanding
TAX-004855,ASM-004855,PROP-01619,CTY-024,2024,2554,2024-11-01,2024-10-06,paid
TAX-004856,ASM-004856,PROP-01619,CTY-024,2025,2570,2025-11-01,2025-11-01,paid
TAX-004857,ASM-004857,PROP-01619,CTY-024,2026,2584,2026-11-01,,outstanding
TAX-004858,ASM-004858,PROP-01620,CTY-024,2024,2025,2024-11-01,2024-10-30,paid
TAX-004859,ASM-004859,PROP-01620,CTY-024,2025,2032,2025-11-01,2025-10-02,paid
TAX-004860,ASM-004860,PROP-01620,CTY-024,2026,2043,2026-11-01,,outstanding
TAX-004861,ASM-004861,PROP-01621,CTY-024,2024,2407,2024-11-01,2024-10-03,paid
TAX-004862,ASM-004862,PROP-01621,CTY-024,2025,2414,2025-11-01,2025-09-26,paid
TAX-004863,ASM-004863,PROP-01621,CTY-024,2026,2421,2026-11-01,,outstanding
TAX-004864,ASM-004864,PROP-01622,CTY-024,2024,2802,2024-11-01,2024-10-31,paid
TAX-004865,ASM-004865,PROP-01622,CTY-024,2025,2814,2025-11-01,2025-09-29,paid
TAX-004866,ASM-004866,PROP-01622,CTY-024,2026,2829,2026-11-01,,outstanding
TAX-004867,ASM-004867,PROP-01623,CTY-024,2024,2507,2024-11-01,2024-10-22,paid
TAX-004868,ASM-004868,PROP-01623,CTY-024,2025,2521,2025-11-01,2025-10-26,paid
TAX-004869,ASM-004869,PROP-01623,CTY-024,2026,2534,2026-11-01,,outstanding
TAX-004870,ASM-004870,PROP-01624,CTY-024,2024,2304,2024-11-01,2024-10-06,paid
TAX-004871,ASM-004871,PROP-01624,CTY-024,2025,2313,2025-11-01,2025-10-26,paid
TAX-004872,ASM-004872,PROP-01624,CTY-024,2026,2326,2026-11-01,,outstanding
TAX-004873,ASM-004873,PROP-01625,CTY-024,2024,2952,2024-11-01,2024-10-11,paid
TAX-004874,ASM-004874,PROP-01625,CTY-024,2025,2964,2025-11-01,2025-10-13,paid
TAX-004875,ASM-004875,PROP-01625,CTY-024,2026,2981,2026-11-01,,outstanding
TAX-004876,ASM-004876,PROP-01626,CTY-024,2024,2821,2024-11-01,2024-10-27,paid
TAX-004877,ASM-004877,PROP-01626,CTY-024,2025,2831,2025-11-01,2025-10-16,paid
TAX-004878,ASM-004878,PROP-01626,CTY-024,2026,2846,2026-11-01,,outstanding
TAX-004879,ASM-004879,PROP-01627,CTY-024,2024,2152,2024-11-01,2024-10-20,paid
TAX-004880,ASM-004880,PROP-01627,CTY-024,2025,2161,2025-11-01,2025-10-19,paid
TAX-004881,ASM-004881,PROP-01627,CTY-024,2026,2174,2026-11-01,,outstanding
TAX-004882,ASM-004882,PROP-01628,CTY-024,2024,2645,2024-11-01,2024-10-08,paid
TAX-004883,ASM-004883,PROP-01628,CTY-024,2025,2661,2025-11-01,2025-10-04,paid
TAX-004884,ASM-004884,PROP-01628,CTY-024,2026,2668,2026-11-01,,outstanding
TAX-004885,ASM-004885,PROP-01629,CTY-024,2024,2319,2024-11-01,2024-10-20,paid
TAX-004886,ASM-004886,PROP-01629,CTY-024,2025,2330,2025-11-01,2025-10-25,paid
TAX-004887,ASM-004887,PROP-01629,CTY-024,2026,2344,2026-11-01,,outstanding
TAX-004888,ASM-004888,PROP-01630,CTY-025,2024,4025,2024-11-01,2024-10-18,paid
TAX-004889,ASM-004889,PROP-01630,CTY-025,2025,4231,2025-11-01,2025-09-29,paid
TAX-004890,ASM-004890,PROP-01630,CTY-025,2026,4541,2026-11-01,,outstanding
TAX-004891,ASM-004891,PROP-01631,CTY-025,2024,3704,2024-11-01,2024-10-14,paid
TAX-004892,ASM-004892,PROP-01631,CTY-025,2025,3965,2025-11-01,2025-09-29,paid
TAX-004893,ASM-004893,PROP-01631,CTY-025,2026,4282,2026-11-01,,outstanding
TAX-004894,ASM-004894,PROP-01632,CTY-025,2024,3770,2024-11-01,2024-10-02,paid
TAX-004895,ASM-004895,PROP-01632,CTY-025,2025,4022,2025-11-01,2025-10-14,paid
TAX-004896,ASM-004896,PROP-01632,CTY-025,2026,4289,2026-11-01,,outstanding
TAX-004897,ASM-004897,PROP-01633,CTY-025,2024,4670,2024-11-01,2024-10-14,paid
TAX-004898,ASM-004898,PROP-01633,CTY-025,2025,4921,2025-11-01,2025-10-06,paid
TAX-004899,ASM-004899,PROP-01633,CTY-025,2026,5115,2026-11-01,,outstanding
TAX-004900,ASM-004900,PROP-01634,CTY-025,2024,3536,2024-11-01,2024-10-03,paid
TAX-004901,ASM-004901,PROP-01634,CTY-025,2025,3710,2025-11-01,2025-10-05,paid
TAX-004902,ASM-004902,PROP-01634,CTY-025,2026,3853,2026-11-01,,outstanding
TAX-004903,ASM-004903,PROP-01635,CTY-025,2024,3262,2024-11-01,2024-10-27,paid
TAX-004904,ASM-004904,PROP-01635,CTY-025,2025,3519,2025-11-01,2025-09-26,paid
TAX-004905,ASM-004905,PROP-01635,CTY-025,2026,3702,2026-11-01,,outstanding
TAX-004906,ASM-004906,PROP-01636,CTY-025,2024,4706,2024-11-01,2024-09-24,paid
TAX-004907,ASM-004907,PROP-01636,CTY-025,2025,5127,2025-11-01,2025-10-27,paid
TAX-004908,ASM-004908,PROP-01636,CTY-025,2026,5327,2026-11-01,,outstanding
TAX-004909,ASM-004909,PROP-01637,CTY-025,2024,4451,2024-11-01,2024-10-13,paid
TAX-004910,ASM-004910,PROP-01637,CTY-025,2025,4758,2025-11-01,2025-09-23,paid
TAX-004911,ASM-004911,PROP-01637,CTY-025,2026,5007,2026-11-01,,outstanding
TAX-004912,ASM-004912,PROP-01638,CTY-025,2024,4463,2024-11-01,2024-10-15,paid
TAX-004913,ASM-004913,PROP-01638,CTY-025,2025,4776,2025-11-01,2025-09-29,paid
TAX-004914,ASM-004914,PROP-01638,CTY-025,2026,5115,2026-11-01,,outstanding
TAX-004915,ASM-004915,PROP-01639,CTY-025,2024,3945,2024-11-01,2024-10-01,paid
TAX-004916,ASM-004916,PROP-01639,CTY-025,2025,4187,2025-11-01,2025-09-27,paid
TAX-004917,ASM-004917,PROP-01639,CTY-025,2026,4479,2026-11-01,,outstanding
TAX-004918,ASM-004918,PROP-01640,CTY-025,2024,3880,2024-11-01,2024-10-28,paid
TAX-004919,ASM-004919,PROP-01640,CTY-025,2025,4172,2025-11-01,2025-10-29,paid
TAX-004920,ASM-004920,PROP-01640,CTY-025,2026,4556,2026-11-01,,outstanding
TAX-004921,ASM-004921,PROP-01641,CTY-025,2024,3591,2024-11-01,2024-10-10,paid
TAX-004922,ASM-004922,PROP-01641,CTY-025,2025,3727,2025-11-01,2025-09-22,paid
TAX-004923,ASM-004923,PROP-01641,CTY-025,2026,3986,2026-11-01,,outstanding
TAX-004924,ASM-004924,PROP-01642,CTY-025,2024,3687,2024-11-01,2024-10-04,paid
TAX-004925,ASM-004925,PROP-01642,CTY-025,2025,3872,2025-11-01,2025-09-29,paid
TAX-004926,ASM-004926,PROP-01642,CTY-025,2026,4021,2026-11-01,,outstanding
TAX-004927,ASM-004927,PROP-01643,CTY-025,2024,3603,2024-11-01,2024-10-02,paid
TAX-004928,ASM-004928,PROP-01643,CTY-025,2025,3752,2025-11-01,2025-10-02,paid
TAX-004929,ASM-004929,PROP-01643,CTY-025,2026,4100,2026-11-01,,outstanding
TAX-004930,ASM-004930,PROP-01644,CTY-025,2024,4438,2024-11-01,2024-10-19,paid
TAX-004931,ASM-004931,PROP-01644,CTY-025,2025,4696,2025-11-01,2025-10-04,paid
TAX-004932,ASM-004932,PROP-01644,CTY-025,2026,5094,2026-11-01,,outstanding
TAX-004933,ASM-004933,PROP-01645,CTY-025,2024,4389,2024-11-01,2024-10-25,paid
TAX-004934,ASM-004934,PROP-01645,CTY-025,2025,4554,2025-11-01,2025-10-26,paid
TAX-004935,ASM-004935,PROP-01645,CTY-025,2026,4973,2026-11-01,,outstanding
TAX-004936,ASM-004936,PROP-01646,CTY-025,2024,4297,2024-11-01,2024-10-11,paid
TAX-004937,ASM-004937,PROP-01646,CTY-025,2025,4577,2025-11-01,2025-10-31,paid
TAX-004938,ASM-004938,PROP-01646,CTY-025,2026,4779,2026-11-01,,outstanding
TAX-004939,ASM-004939,PROP-01647,CTY-025,2024,4453,2024-11-01,2024-10-28,paid
TAX-004940,ASM-004940,PROP-01647,CTY-025,2025,4705,2025-11-01,2025-10-16,paid
TAX-004941,ASM-004941,PROP-01647,CTY-025,2026,4905,2026-11-01,,outstanding
TAX-004942,ASM-004942,PROP-01648,CTY-025,2024,5170,2024-11-01,2024-10-29,paid
TAX-004943,ASM-004943,PROP-01648,CTY-025,2025,5634,2025-11-01,2025-10-22,paid
TAX-004944,ASM-004944,PROP-01648,CTY-025,2026,5883,2026-11-01,,outstanding
TAX-004945,ASM-004945,PROP-01649,CTY-025,2024,3675,2024-11-01,2024-10-11,paid
TAX-004946,ASM-004946,PROP-01649,CTY-025,2025,3962,2025-11-01,2025-10-07,paid
TAX-004947,ASM-004947,PROP-01649,CTY-025,2026,4222,2026-11-01,,outstanding
TAX-004948,ASM-004948,PROP-01650,CTY-025,2024,4862,2024-11-01,2024-10-04,paid
TAX-004949,ASM-004949,PROP-01650,CTY-025,2025,5211,2025-11-01,2025-10-19,paid
TAX-004950,ASM-004950,PROP-01650,CTY-025,2026,5645,2026-11-01,,outstanding
TAX-004951,ASM-004951,PROP-01651,CTY-025,2024,4958,2024-11-01,2024-10-26,paid
TAX-004952,ASM-004952,PROP-01651,CTY-025,2025,5262,2025-11-01,2025-10-06,paid
TAX-004953,ASM-004953,PROP-01651,CTY-025,2026,5594,2026-11-01,,outstanding
TAX-004954,ASM-004954,PROP-01652,CTY-025,2024,3614,2024-11-01,2024-10-10,paid
TAX-004955,ASM-004955,PROP-01652,CTY-025,2025,3752,2025-11-01,2025-10-08,paid
TAX-004956,ASM-004956,PROP-01652,CTY-025,2026,3986,2026-11-01,,outstanding
TAX-004957,ASM-004957,PROP-01653,CTY-025,2024,3939,2024-11-01,2024-10-09,paid
TAX-004958,ASM-004958,PROP-01653,CTY-025,2025,4247,2025-11-01,2025-10-13,paid
TAX-004959,ASM-004959,PROP-01653,CTY-025,2026,4494,2026-11-01,,outstanding
TAX-004960,ASM-004960,PROP-01654,CTY-025,2024,3757,2024-11-01,2024-10-02,paid
TAX-004961,ASM-004961,PROP-01654,CTY-025,2025,4045,2025-11-01,2025-10-20,paid
TAX-004962,ASM-004962,PROP-01654,CTY-025,2026,4410,2026-11-01,,outstanding
TAX-004963,ASM-004963,PROP-01655,CTY-025,2024,3501,2024-11-01,2024-10-01,paid
TAX-004964,ASM-004964,PROP-01655,CTY-025,2025,3686,2025-11-01,2025-10-30,paid
TAX-004965,ASM-004965,PROP-01655,CTY-025,2026,3880,2026-11-01,,outstanding
TAX-004966,ASM-004966,PROP-01656,CTY-025,2024,4183,2024-11-01,2024-10-12,paid
TAX-004967,ASM-004967,PROP-01656,CTY-025,2025,4368,2025-11-01,2025-10-01,paid
TAX-004968,ASM-004968,PROP-01656,CTY-025,2026,4757,2026-11-01,,outstanding
TAX-004969,ASM-004969,PROP-01657,CTY-025,2024,3651,2024-11-01,2024-10-09,paid
TAX-004970,ASM-004970,PROP-01657,CTY-025,2025,3882,2025-11-01,2025-09-27,paid
TAX-004971,ASM-004971,PROP-01657,CTY-025,2026,4209,2026-11-01,,outstanding
TAX-004972,ASM-004972,PROP-01658,CTY-025,2024,3912,2024-11-01,2024-10-20,paid
TAX-004973,ASM-004973,PROP-01658,CTY-025,2025,4105,2025-11-01,2025-09-27,paid
TAX-004974,ASM-004974,PROP-01658,CTY-025,2026,4362,2026-11-01,,outstanding
TAX-004975,ASM-004975,PROP-01659,CTY-025,2024,3727,2024-11-01,2024-10-04,paid
TAX-004976,ASM-004976,PROP-01659,CTY-025,2025,4040,2025-11-01,2025-10-16,paid
TAX-004977,ASM-004977,PROP-01659,CTY-025,2026,4196,2026-11-01,,outstanding
TAX-004978,ASM-004978,PROP-01660,CTY-025,2024,4104,2024-11-01,2024-10-03,paid
TAX-004979,ASM-004979,PROP-01660,CTY-025,2025,4453,2025-11-01,2025-10-10,paid
TAX-004980,ASM-004980,PROP-01660,CTY-025,2026,4633,2026-11-01,,outstanding
TAX-004981,ASM-004981,PROP-01661,CTY-025,2024,4753,2024-11-01,2024-10-19,paid
TAX-004982,ASM-004982,PROP-01661,CTY-025,2025,4931,2025-11-01,2025-10-30,paid
TAX-004983,ASM-004983,PROP-01661,CTY-025,2026,5118,2026-11-01,,outstanding
TAX-004984,ASM-004984,PROP-01662,CTY-025,2024,4854,2024-11-01,2024-09-27,paid
TAX-004985,ASM-004985,PROP-01662,CTY-025,2025,5158,2025-11-01,2025-09-23,paid
TAX-004986,ASM-004986,PROP-01662,CTY-025,2026,5486,2026-11-01,,outstanding
TAX-004987,ASM-004987,PROP-01663,CTY-025,2024,3828,2024-11-01,2024-10-01,paid
TAX-004988,ASM-004988,PROP-01663,CTY-025,2025,4057,2025-11-01,2025-10-06,paid
TAX-004989,ASM-004989,PROP-01663,CTY-025,2026,4356,2026-11-01,,outstanding
TAX-004990,ASM-004990,PROP-01664,CTY-025,2024,4080,2024-11-01,2024-10-24,paid
TAX-004991,ASM-004991,PROP-01664,CTY-025,2025,4274,2025-11-01,2025-10-28,paid
TAX-004992,ASM-004992,PROP-01664,CTY-025,2026,4625,2026-11-01,,outstanding
TAX-004993,ASM-004993,PROP-01665,CTY-025,2024,4315,2024-11-01,2024-10-11,paid
TAX-004994,ASM-004994,PROP-01665,CTY-025,2025,4528,2025-11-01,2025-10-19,paid
TAX-004995,ASM-004995,PROP-01665,CTY-025,2026,4746,2026-11-01,,outstanding
TAX-004996,ASM-004996,PROP-01666,CTY-025,2024,3775,2024-11-01,2024-10-27,paid
TAX-004997,ASM-004997,PROP-01666,CTY-025,2025,4118,2025-11-01,2025-10-17,paid
TAX-004998,ASM-004998,PROP-01666,CTY-025,2026,4315,2026-11-01,,outstanding
TAX-004999,ASM-004999,PROP-01667,CTY-025,2024,3944,2024-11-01,2024-10-20,paid
TAX-005000,ASM-005000,PROP-01667,CTY-025,2025,4119,2025-11-01,2025-10-20,paid
TAX-005001,ASM-005001,PROP-01667,CTY-025,2026,4409,2026-11-01,,outstanding
TAX-005002,ASM-005002,PROP-01668,CTY-025,2024,3567,2024-11-01,2024-09-22,paid
TAX-005003,ASM-005003,PROP-01668,CTY-025,2025,3784,2025-11-01,2025-09-29,paid
TAX-005004,ASM-005004,PROP-01668,CTY-025,2026,4070,2026-11-01,,outstanding
TAX-005005,ASM-005005,PROP-01669,CTY-025,2024,3965,2024-11-01,2024-10-21,paid
TAX-005006,ASM-005006,PROP-01669,CTY-025,2025,4316,2025-11-01,2025-09-23,paid
TAX-005007,ASM-005007,PROP-01669,CTY-025,2026,4703,2026-11-01,,outstanding
TAX-005008,ASM-005008,PROP-01670,CTY-025,2024,3710,2024-11-01,2024-10-31,paid
TAX-005009,ASM-005009,PROP-01670,CTY-025,2025,4039,2025-11-01,2025-10-28,paid
TAX-005010,ASM-005010,PROP-01670,CTY-025,2026,4230,2026-11-01,,outstanding
TAX-005011,ASM-005011,PROP-01671,CTY-025,2024,3497,2024-11-01,2024-09-28,paid
TAX-005012,ASM-005012,PROP-01671,CTY-025,2025,3769,2025-11-01,2025-10-26,paid
TAX-005013,ASM-005013,PROP-01671,CTY-025,2026,4089,2026-11-01,,outstanding
TAX-005014,ASM-005014,PROP-01672,CTY-025,2024,3943,2024-11-01,2024-10-23,paid
TAX-005015,ASM-005015,PROP-01672,CTY-025,2025,4189,2025-11-01,2025-10-19,paid
TAX-005016,ASM-005016,PROP-01672,CTY-025,2026,4470,2026-11-01,,outstanding
TAX-005017,ASM-005017,PROP-01673,CTY-025,2024,4718,2024-11-01,2024-10-14,paid
TAX-005018,ASM-005018,PROP-01673,CTY-025,2025,5015,2025-11-01,2025-10-10,paid
TAX-005019,ASM-005019,PROP-01673,CTY-025,2026,5272,2026-11-01,,outstanding
TAX-005020,ASM-005020,PROP-01674,CTY-025,2024,4138,2024-11-01,2024-10-23,paid
TAX-005021,ASM-005021,PROP-01674,CTY-025,2025,4401,2025-11-01,2025-09-22,paid
TAX-005022,ASM-005022,PROP-01674,CTY-025,2026,4704,2026-11-01,,outstanding
TAX-005023,ASM-005023,PROP-01675,CTY-025,2024,3770,2024-11-01,2024-10-23,paid
TAX-005024,ASM-005024,PROP-01675,CTY-025,2025,4104,2025-11-01,2025-09-23,paid
TAX-005025,ASM-005025,PROP-01675,CTY-025,2026,4260,2026-11-01,,outstanding
TAX-005026,ASM-005026,PROP-01676,CTY-025,2024,4119,2024-11-01,2024-10-11,paid
TAX-005027,ASM-005027,PROP-01676,CTY-025,2025,4367,2025-11-01,2025-09-27,paid
TAX-005028,ASM-005028,PROP-01676,CTY-025,2026,4639,2026-11-01,,outstanding
TAX-005029,ASM-005029,PROP-01677,CTY-025,2024,3773,2024-11-01,2024-10-19,paid
TAX-005030,ASM-005030,PROP-01677,CTY-025,2025,4063,2025-11-01,2025-09-30,paid
TAX-005031,ASM-005031,PROP-01677,CTY-025,2026,4355,2026-11-01,,outstanding
TAX-005032,ASM-005032,PROP-01678,CTY-025,2024,4316,2024-11-01,2024-10-26,paid
TAX-005033,ASM-005033,PROP-01678,CTY-025,2025,4532,2025-11-01,2025-10-30,paid
TAX-005034,ASM-005034,PROP-01678,CTY-025,2026,4947,2026-11-01,,outstanding
TAX-005035,ASM-005035,PROP-01679,CTY-025,2024,3776,2024-11-01,2024-10-07,paid
TAX-005036,ASM-005036,PROP-01679,CTY-025,2025,3981,2025-11-01,2025-09-30,paid
TAX-005037,ASM-005037,PROP-01679,CTY-025,2026,4268,2026-11-01,,outstanding
TAX-005038,ASM-005038,PROP-01680,CTY-026,2024,6025,2024-11-01,2024-10-04,paid
TAX-005039,ASM-005039,PROP-01680,CTY-026,2025,6395,2025-11-01,2025-09-29,paid
TAX-005040,ASM-005040,PROP-01680,CTY-026,2026,6669,2026-11-01,,outstanding
TAX-005041,ASM-005041,PROP-01681,CTY-026,2024,4157,2024-11-01,2024-10-17,paid
TAX-005042,ASM-005042,PROP-01681,CTY-026,2025,4513,2025-11-01,2025-09-28,paid
TAX-005043,ASM-005043,PROP-01681,CTY-026,2026,4826,2026-11-01,,outstanding
TAX-005044,ASM-005044,PROP-01682,CTY-026,2024,3848,2024-11-01,2024-10-20,paid
TAX-005045,ASM-005045,PROP-01682,CTY-026,2025,4208,2025-11-01,2025-10-15,paid
TAX-005046,ASM-005046,PROP-01682,CTY-026,2026,4413,2026-11-01,,outstanding
TAX-005047,ASM-005047,PROP-01683,CTY-026,2024,6081,2024-11-01,2024-10-10,paid
TAX-005048,ASM-005048,PROP-01683,CTY-026,2025,6457,2025-11-01,2025-10-25,paid
TAX-005049,ASM-005049,PROP-01683,CTY-026,2026,7003,2026-11-01,,outstanding
TAX-005050,ASM-005050,PROP-01684,CTY-026,2024,5587,2024-11-01,2024-10-08,paid
TAX-005051,ASM-005051,PROP-01684,CTY-026,2025,6063,2025-11-01,2025-09-27,paid
TAX-005052,ASM-005052,PROP-01684,CTY-026,2026,6589,2026-11-01,,outstanding
TAX-005053,ASM-005053,PROP-01685,CTY-026,2024,5789,2024-11-01,2024-10-08,paid
TAX-005054,ASM-005054,PROP-01685,CTY-026,2025,6260,2025-11-01,2025-10-01,paid
TAX-005055,ASM-005055,PROP-01685,CTY-026,2026,6840,2026-11-01,,outstanding
TAX-005056,ASM-005056,PROP-01686,CTY-026,2024,6106,2024-11-01,2024-10-28,paid
TAX-005057,ASM-005057,PROP-01686,CTY-026,2025,6323,2025-11-01,2025-09-25,paid
TAX-005058,ASM-005058,PROP-01686,CTY-026,2026,7048,2026-11-01,,outstanding
TAX-005059,ASM-005059,PROP-01687,CTY-026,2024,4909,2024-11-01,2024-10-10,paid
TAX-005060,ASM-005060,PROP-01687,CTY-026,2025,5330,2025-11-01,2025-10-28,paid
TAX-005061,ASM-005061,PROP-01687,CTY-026,2026,5610,2026-11-01,,outstanding
TAX-005062,ASM-005062,PROP-01688,CTY-026,2024,4436,2024-11-01,2024-10-02,paid
TAX-005063,ASM-005063,PROP-01688,CTY-026,2025,4613,2025-11-01,2025-10-27,paid
TAX-005064,ASM-005064,PROP-01688,CTY-026,2026,4870,2026-11-01,,outstanding
TAX-005065,ASM-005065,PROP-01689,CTY-026,2024,5224,2024-11-01,2024-10-06,paid
TAX-005066,ASM-005066,PROP-01689,CTY-026,2025,5551,2025-11-01,2025-09-26,paid
TAX-005067,ASM-005067,PROP-01689,CTY-026,2026,5864,2026-11-01,,outstanding
TAX-005068,ASM-005068,PROP-01690,CTY-026,2024,4196,2024-11-01,2024-10-12,paid
TAX-005069,ASM-005069,PROP-01690,CTY-026,2025,4565,2025-11-01,2025-10-02,paid
TAX-005070,ASM-005070,PROP-01690,CTY-026,2026,4762,2026-11-01,,outstanding
TAX-005071,ASM-005071,PROP-01691,CTY-026,2024,5998,2024-11-01,2024-09-29,paid
TAX-005072,ASM-005072,PROP-01691,CTY-026,2025,6497,2025-11-01,2025-10-22,paid
TAX-005073,ASM-005073,PROP-01691,CTY-026,2026,7102,2026-11-01,,outstanding
TAX-005074,ASM-005074,PROP-01692,CTY-026,2024,6283,2024-11-01,2024-10-13,paid
TAX-005075,ASM-005075,PROP-01692,CTY-026,2025,6853,2025-11-01,2025-10-05,paid
TAX-005076,ASM-005076,PROP-01692,CTY-026,2026,7190,2026-11-01,,outstanding
TAX-005077,ASM-005077,PROP-01693,CTY-026,2024,5602,2024-11-01,2024-09-26,paid
TAX-005078,ASM-005078,PROP-01693,CTY-026,2025,6064,2025-11-01,2025-10-15,paid
TAX-005079,ASM-005079,PROP-01693,CTY-026,2026,6587,2026-11-01,,outstanding
TAX-005080,ASM-005080,PROP-01694,CTY-026,2024,4492,2024-11-01,2024-09-27,paid
TAX-005081,ASM-005081,PROP-01694,CTY-026,2025,4808,2025-11-01,2025-10-12,paid
TAX-005082,ASM-005082,PROP-01694,CTY-026,2026,5155,2026-11-01,,outstanding
TAX-005083,ASM-005083,PROP-01695,CTY-026,2024,5053,2024-11-01,2024-10-23,paid
TAX-005084,ASM-005084,PROP-01695,CTY-026,2025,5303,2025-11-01,2025-10-17,paid
TAX-005085,ASM-005085,PROP-01695,CTY-026,2026,5575,2026-11-01,,outstanding
TAX-005086,ASM-005086,PROP-01696,CTY-026,2024,4994,2024-11-01,2024-10-13,paid
TAX-005087,ASM-005087,PROP-01696,CTY-026,2025,5202,2025-11-01,2025-09-23,paid
TAX-005088,ASM-005088,PROP-01696,CTY-026,2026,5586,2026-11-01,,outstanding
TAX-005089,ASM-005089,PROP-01697,CTY-026,2024,6597,2024-11-01,2024-10-20,paid
TAX-005090,ASM-005090,PROP-01697,CTY-026,2025,6878,2025-11-01,2025-10-30,paid
TAX-005091,ASM-005091,PROP-01697,CTY-026,2026,7452,2026-11-01,,outstanding
TAX-005092,ASM-005092,PROP-01698,CTY-026,2024,5332,2024-11-01,2024-10-15,paid
TAX-005093,ASM-005093,PROP-01698,CTY-026,2025,5645,2025-11-01,2025-10-17,paid
TAX-005094,ASM-005094,PROP-01698,CTY-026,2026,6114,2026-11-01,,outstanding
TAX-005095,ASM-005095,PROP-01699,CTY-026,2024,7016,2024-11-01,2024-10-06,paid
TAX-005096,ASM-005096,PROP-01699,CTY-026,2025,7535,2025-11-01,2025-09-26,paid
TAX-005097,ASM-005097,PROP-01699,CTY-026,2026,8172,2026-11-01,,outstanding
TAX-005098,ASM-005098,PROP-01700,CTY-026,2024,5204,2024-11-01,2024-10-05,paid
TAX-005099,ASM-005099,PROP-01700,CTY-026,2025,5658,2025-11-01,2025-10-30,paid
TAX-005100,ASM-005100,PROP-01700,CTY-026,2026,6135,2026-11-01,,outstanding
TAX-005101,ASM-005101,PROP-01701,CTY-026,2024,5036,2024-11-01,2024-10-22,paid
TAX-005102,ASM-005102,PROP-01701,CTY-026,2025,5340,2025-11-01,2025-09-29,paid
TAX-005103,ASM-005103,PROP-01701,CTY-026,2026,5688,2026-11-01,,outstanding
TAX-005104,ASM-005104,PROP-01702,CTY-026,2024,4343,2024-11-01,2024-09-28,paid
TAX-005105,ASM-005105,PROP-01702,CTY-026,2025,4619,2025-11-01,2025-09-26,paid
TAX-005106,ASM-005106,PROP-01702,CTY-026,2026,5058,2026-11-01,,outstanding
TAX-005107,ASM-005107,PROP-01703,CTY-026,2024,4427,2024-11-01,2024-09-27,paid
TAX-005108,ASM-005108,PROP-01703,CTY-026,2025,4675,2025-11-01,2025-10-10,paid
TAX-005109,ASM-005109,PROP-01703,CTY-026,2026,4992,2026-11-01,,outstanding
TAX-005110,ASM-005110,PROP-01704,CTY-026,2024,4123,2024-11-01,2024-09-22,paid
TAX-005111,ASM-005111,PROP-01704,CTY-026,2025,4445,2025-11-01,2025-09-25,paid
TAX-005112,ASM-005112,PROP-01704,CTY-026,2026,4616,2026-11-01,,outstanding
TAX-005113,ASM-005113,PROP-01705,CTY-026,2024,5507,2024-11-01,2024-10-22,paid
TAX-005114,ASM-005114,PROP-01705,CTY-026,2025,5839,2025-11-01,2025-09-28,paid
TAX-005115,ASM-005115,PROP-01705,CTY-026,2026,6176,2026-11-01,,outstanding
TAX-005116,ASM-005116,PROP-01706,CTY-026,2024,5480,2024-11-01,2024-10-20,paid
TAX-005117,ASM-005117,PROP-01706,CTY-026,2025,5822,2025-11-01,2025-10-15,paid
TAX-005118,ASM-005118,PROP-01706,CTY-026,2026,6193,2026-11-01,,outstanding
TAX-005119,ASM-005119,PROP-01707,CTY-026,2024,4988,2024-11-01,2024-09-27,paid
TAX-005120,ASM-005120,PROP-01707,CTY-026,2025,5222,2025-11-01,2025-09-25,paid
TAX-005121,ASM-005121,PROP-01707,CTY-026,2026,5717,2026-11-01,,outstanding
TAX-005122,ASM-005122,PROP-01708,CTY-027,2024,6344,2024-11-01,2024-10-08,paid
TAX-005123,ASM-005123,PROP-01708,CTY-027,2025,6589,2025-11-01,2025-09-30,paid
TAX-005124,ASM-005124,PROP-01708,CTY-027,2026,7131,2026-11-01,,outstanding
TAX-005125,ASM-005125,PROP-01709,CTY-027,2024,4989,2024-11-01,2024-09-30,paid
TAX-005126,ASM-005126,PROP-01709,CTY-027,2025,5245,2025-11-01,2025-10-30,paid
TAX-005127,ASM-005127,PROP-01709,CTY-027,2026,5622,2026-11-01,,outstanding
TAX-005128,ASM-005128,PROP-01710,CTY-027,2024,5188,2024-11-01,2024-10-16,paid
TAX-005129,ASM-005129,PROP-01710,CTY-027,2025,5467,2025-11-01,2025-10-15,paid
TAX-005130,ASM-005130,PROP-01710,CTY-027,2026,5856,2026-11-01,,outstanding
TAX-005131,ASM-005131,PROP-01711,CTY-027,2024,6598,2024-11-01,2024-10-16,paid
TAX-005132,ASM-005132,PROP-01711,CTY-027,2025,6839,2025-11-01,2025-10-13,paid
TAX-005133,ASM-005133,PROP-01711,CTY-027,2026,7279,2026-11-01,,outstanding
TAX-005134,ASM-005134,PROP-01712,CTY-027,2024,6158,2024-11-01,2024-10-05,paid
TAX-005135,ASM-005135,PROP-01712,CTY-027,2025,6384,2025-11-01,2025-10-29,paid
TAX-005136,ASM-005136,PROP-01712,CTY-027,2026,6829,2026-11-01,,outstanding
TAX-005137,ASM-005137,PROP-01713,CTY-027,2024,6535,2024-11-01,2024-10-08,paid
TAX-005138,ASM-005138,PROP-01713,CTY-027,2025,6829,2025-11-01,2025-10-15,paid
TAX-005139,ASM-005139,PROP-01713,CTY-027,2026,7384,2026-11-01,,outstanding
TAX-005140,ASM-005140,PROP-01714,CTY-027,2024,5191,2024-11-01,2024-10-21,paid
TAX-005141,ASM-005141,PROP-01714,CTY-027,2025,5387,2025-11-01,2025-10-15,paid
TAX-005142,ASM-005142,PROP-01714,CTY-027,2026,5683,2026-11-01,,outstanding
TAX-005143,ASM-005143,PROP-01715,CTY-027,2024,6135,2024-11-01,2024-09-23,paid
TAX-005144,ASM-005144,PROP-01715,CTY-027,2025,6487,2025-11-01,2025-10-11,paid
TAX-005145,ASM-005145,PROP-01715,CTY-027,2026,6773,2026-11-01,,outstanding
TAX-005146,ASM-005146,PROP-01716,CTY-027,2024,5719,2024-11-01,2024-09-25,paid
TAX-005147,ASM-005147,PROP-01716,CTY-027,2025,6084,2025-11-01,2025-09-27,paid
TAX-005148,ASM-005148,PROP-01716,CTY-027,2026,6460,2026-11-01,,outstanding
TAX-005149,ASM-005149,PROP-01717,CTY-027,2024,5531,2024-11-01,2024-10-20,paid
TAX-005150,ASM-005150,PROP-01717,CTY-027,2025,6002,2025-11-01,2025-09-30,paid
TAX-005151,ASM-005151,PROP-01717,CTY-027,2026,6420,2026-11-01,,outstanding
TAX-005152,ASM-005152,PROP-01718,CTY-027,2024,4637,2024-11-01,2024-10-15,paid
TAX-005153,ASM-005153,PROP-01718,CTY-027,2025,4820,2025-11-01,2025-10-23,paid
TAX-005154,ASM-005154,PROP-01718,CTY-027,2026,5114,2026-11-01,,outstanding
TAX-005155,ASM-005155,PROP-01719,CTY-027,2024,4033,2024-11-01,2024-10-15,paid
TAX-005156,ASM-005156,PROP-01719,CTY-027,2025,4231,2025-11-01,2025-10-23,paid
TAX-005157,ASM-005157,PROP-01719,CTY-027,2026,4488,2026-11-01,,outstanding
TAX-005158,ASM-005158,PROP-01720,CTY-027,2024,4857,2024-11-01,2024-09-24,paid
TAX-005159,ASM-005159,PROP-01720,CTY-027,2025,5033,2025-11-01,2025-10-14,paid
TAX-005160,ASM-005160,PROP-01720,CTY-027,2026,5226,2026-11-01,,outstanding
TAX-005161,ASM-005161,PROP-01721,CTY-027,2024,5579,2024-11-01,2024-11-01,paid
TAX-005162,ASM-005162,PROP-01721,CTY-027,2025,5943,2025-11-01,2025-10-30,paid
TAX-005163,ASM-005163,PROP-01721,CTY-027,2026,6185,2026-11-01,,outstanding
TAX-005164,ASM-005164,PROP-01722,CTY-027,2024,4630,2024-11-01,2024-10-29,paid
TAX-005165,ASM-005165,PROP-01722,CTY-027,2025,4805,2025-11-01,2025-09-30,paid
TAX-005166,ASM-005166,PROP-01722,CTY-027,2026,5027,2026-11-01,,outstanding
TAX-005167,ASM-005167,PROP-01723,CTY-027,2024,6382,2024-11-01,2024-10-29,paid
TAX-005168,ASM-005168,PROP-01723,CTY-027,2025,6616,2025-11-01,2025-10-24,paid
TAX-005169,ASM-005169,PROP-01723,CTY-027,2026,6918,2026-11-01,,outstanding
TAX-005170,ASM-005170,PROP-01724,CTY-027,2024,5381,2024-11-01,2024-10-29,paid
TAX-005171,ASM-005171,PROP-01724,CTY-027,2025,5779,2025-11-01,2025-10-15,paid
TAX-005172,ASM-005172,PROP-01724,CTY-027,2026,5985,2026-11-01,,outstanding
TAX-005173,ASM-005173,PROP-01725,CTY-027,2024,6284,2024-11-01,2024-09-25,paid
TAX-005174,ASM-005174,PROP-01725,CTY-027,2025,6777,2025-11-01,2025-09-23,paid
TAX-005175,ASM-005175,PROP-01725,CTY-027,2026,7056,2026-11-01,,outstanding
TAX-005176,ASM-005176,PROP-01726,CTY-027,2024,4846,2024-11-01,2024-10-21,paid
TAX-005177,ASM-005177,PROP-01726,CTY-027,2025,5079,2025-11-01,2025-10-06,paid
TAX-005178,ASM-005178,PROP-01726,CTY-027,2026,5457,2026-11-01,,outstanding
TAX-005179,ASM-005179,PROP-01727,CTY-027,2024,4676,2024-11-01,2024-10-12,paid
TAX-005180,ASM-005180,PROP-01727,CTY-027,2025,4925,2025-11-01,2025-09-24,paid
TAX-005181,ASM-005181,PROP-01727,CTY-027,2026,5216,2026-11-01,,outstanding
TAX-005182,ASM-005182,PROP-01728,CTY-027,2024,4464,2024-11-01,2024-09-27,paid
TAX-005183,ASM-005183,PROP-01728,CTY-027,2025,4750,2025-11-01,2025-10-06,paid
TAX-005184,ASM-005184,PROP-01728,CTY-027,2026,4933,2026-11-01,,outstanding
TAX-005185,ASM-005185,PROP-01729,CTY-027,2024,4968,2024-11-01,2024-10-18,paid
TAX-005186,ASM-005186,PROP-01729,CTY-027,2025,5202,2025-11-01,2025-10-18,paid
TAX-005187,ASM-005187,PROP-01729,CTY-027,2026,5647,2026-11-01,,outstanding
TAX-005188,ASM-005188,PROP-01730,CTY-027,2024,5331,2024-11-01,2024-10-28,paid
TAX-005189,ASM-005189,PROP-01730,CTY-027,2025,5555,2025-11-01,2025-10-12,paid
TAX-005190,ASM-005190,PROP-01730,CTY-027,2026,5773,2026-11-01,,outstanding
TAX-005191,ASM-005191,PROP-01731,CTY-027,2024,4471,2024-11-01,2024-11-01,paid
TAX-005192,ASM-005192,PROP-01731,CTY-027,2025,4774,2025-11-01,2025-10-18,paid
TAX-005193,ASM-005193,PROP-01731,CTY-027,2026,5025,2026-11-01,,outstanding
TAX-005194,ASM-005194,PROP-01732,CTY-027,2024,5761,2024-11-01,2024-10-31,paid
TAX-005195,ASM-005195,PROP-01732,CTY-027,2025,5999,2025-11-01,2025-10-22,paid
TAX-005196,ASM-005196,PROP-01732,CTY-027,2026,6211,2026-11-01,,outstanding
TAX-005197,ASM-005197,PROP-01733,CTY-027,2024,5208,2024-11-01,2024-10-22,paid
TAX-005198,ASM-005198,PROP-01733,CTY-027,2025,5566,2025-11-01,2025-11-01,paid
TAX-005199,ASM-005199,PROP-01733,CTY-027,2026,5967,2026-11-01,,outstanding
TAX-005200,ASM-005200,PROP-01734,CTY-027,2024,5073,2024-11-01,2024-10-03,paid
TAX-005201,ASM-005201,PROP-01734,CTY-027,2025,5446,2025-11-01,2025-10-05,paid
TAX-005202,ASM-005202,PROP-01734,CTY-027,2026,5810,2026-11-01,,outstanding
TAX-005203,ASM-005203,PROP-01735,CTY-028,2024,3556,2024-11-01,2024-10-10,paid
TAX-005204,ASM-005204,PROP-01735,CTY-028,2025,3746,2025-11-01,2025-10-12,paid
TAX-005205,ASM-005205,PROP-01735,CTY-028,2026,3918,2026-11-01,,outstanding
TAX-005206,ASM-005206,PROP-01736,CTY-028,2024,3641,2024-11-01,2024-10-15,paid
TAX-005207,ASM-005207,PROP-01736,CTY-028,2025,3884,2025-11-01,2025-10-05,paid
TAX-005208,ASM-005208,PROP-01736,CTY-028,2026,4091,2026-11-01,,outstanding
TAX-005209,ASM-005209,PROP-01737,CTY-028,2024,3523,2024-11-01,2024-11-01,paid
TAX-005210,ASM-005210,PROP-01737,CTY-028,2025,3761,2025-11-01,2025-09-27,paid
TAX-005211,ASM-005211,PROP-01737,CTY-028,2026,3912,2026-11-01,,outstanding
TAX-005212,ASM-005212,PROP-01738,CTY-028,2024,3569,2024-11-01,2024-10-12,paid
TAX-005213,ASM-005213,PROP-01738,CTY-028,2025,3863,2025-11-01,2025-10-02,paid
TAX-005214,ASM-005214,PROP-01738,CTY-028,2026,4190,2026-11-01,,outstanding
TAX-005215,ASM-005215,PROP-01739,CTY-028,2024,3587,2024-11-01,2024-10-29,paid
TAX-005216,ASM-005216,PROP-01739,CTY-028,2025,3778,2025-11-01,2025-10-02,paid
TAX-005217,ASM-005217,PROP-01739,CTY-028,2026,4073,2026-11-01,,outstanding
TAX-005218,ASM-005218,PROP-01740,CTY-028,2024,3765,2024-11-01,2024-09-22,paid
TAX-005219,ASM-005219,PROP-01740,CTY-028,2025,3952,2025-11-01,2025-11-01,paid
TAX-005220,ASM-005220,PROP-01740,CTY-028,2026,4157,2026-11-01,,outstanding
TAX-005221,ASM-005221,PROP-01741,CTY-028,2024,3946,2024-11-01,2024-10-29,paid
TAX-005222,ASM-005222,PROP-01741,CTY-028,2025,4207,2025-11-01,2025-10-08,paid
TAX-005223,ASM-005223,PROP-01741,CTY-028,2026,4480,2026-11-01,,outstanding
TAX-005224,ASM-005224,PROP-01742,CTY-028,2024,3823,2024-11-01,2024-11-01,paid
TAX-005225,ASM-005225,PROP-01742,CTY-028,2025,4079,2025-11-01,2025-10-04,paid
TAX-005226,ASM-005226,PROP-01742,CTY-028,2026,4350,2026-11-01,,outstanding
TAX-005227,ASM-005227,PROP-01743,CTY-028,2024,5206,2024-11-01,2024-10-26,paid
TAX-005228,ASM-005228,PROP-01743,CTY-028,2025,5673,2025-11-01,2025-10-30,paid
TAX-005229,ASM-005229,PROP-01743,CTY-028,2026,6055,2026-11-01,,outstanding
TAX-005230,ASM-005230,PROP-01744,CTY-028,2024,4266,2024-11-01,2024-10-18,paid
TAX-005231,ASM-005231,PROP-01744,CTY-028,2025,4519,2025-11-01,2025-09-26,paid
TAX-005232,ASM-005232,PROP-01744,CTY-028,2026,4906,2026-11-01,,outstanding
TAX-005233,ASM-005233,PROP-01745,CTY-028,2024,4454,2024-11-01,2024-10-07,paid
TAX-005234,ASM-005234,PROP-01745,CTY-028,2025,4789,2025-11-01,2025-10-31,paid
TAX-005235,ASM-005235,PROP-01745,CTY-028,2026,5125,2026-11-01,,outstanding
TAX-005236,ASM-005236,PROP-01746,CTY-028,2024,4815,2024-11-01,2024-10-04,paid
TAX-005237,ASM-005237,PROP-01746,CTY-028,2025,5155,2025-11-01,2025-10-22,paid
TAX-005238,ASM-005238,PROP-01746,CTY-028,2026,5531,2026-11-01,,outstanding
TAX-005239,ASM-005239,PROP-01747,CTY-028,2024,3849,2024-11-01,2024-11-01,paid
TAX-005240,ASM-005240,PROP-01747,CTY-028,2025,4056,2025-11-01,2025-10-31,paid
TAX-005241,ASM-005241,PROP-01747,CTY-028,2026,4242,2026-11-01,,outstanding
TAX-005242,ASM-005242,PROP-01748,CTY-028,2024,3865,2024-11-01,2024-10-02,paid
TAX-005243,ASM-005243,PROP-01748,CTY-028,2025,4212,2025-11-01,2025-10-04,paid
TAX-005244,ASM-005244,PROP-01748,CTY-028,2026,4479,2026-11-01,,outstanding
TAX-005245,ASM-005245,PROP-01749,CTY-028,2024,4192,2024-11-01,2024-10-06,paid
TAX-005246,ASM-005246,PROP-01749,CTY-028,2025,4466,2025-11-01,2025-10-25,paid
TAX-005247,ASM-005247,PROP-01749,CTY-028,2026,4740,2026-11-01,,outstanding
TAX-005248,ASM-005248,PROP-01750,CTY-028,2024,4969,2024-11-01,2024-10-29,paid
TAX-005249,ASM-005249,PROP-01750,CTY-028,2025,5367,2025-11-01,2025-10-06,paid
TAX-005250,ASM-005250,PROP-01750,CTY-028,2026,5847,2026-11-01,,outstanding
TAX-005251,ASM-005251,PROP-01751,CTY-028,2024,3147,2024-11-01,2024-10-01,paid
TAX-005252,ASM-005252,PROP-01751,CTY-028,2025,3296,2025-11-01,2025-10-23,paid
TAX-005253,ASM-005253,PROP-01751,CTY-028,2026,3489,2026-11-01,,outstanding
TAX-005254,ASM-005254,PROP-01752,CTY-028,2024,4527,2024-11-01,2024-10-05,paid
TAX-005255,ASM-005255,PROP-01752,CTY-028,2025,4906,2025-11-01,2025-10-13,paid
TAX-005256,ASM-005256,PROP-01752,CTY-028,2026,5097,2026-11-01,,outstanding
TAX-005257,ASM-005257,PROP-01753,CTY-028,2024,4389,2024-11-01,2024-09-29,paid
TAX-005258,ASM-005258,PROP-01753,CTY-028,2025,4684,2025-11-01,2025-09-29,paid
TAX-005259,ASM-005259,PROP-01753,CTY-028,2026,4957,2026-11-01,,outstanding
TAX-005260,ASM-005260,PROP-01754,CTY-028,2024,3584,2024-11-01,2024-09-29,paid
TAX-005261,ASM-005261,PROP-01754,CTY-028,2025,3735,2025-11-01,2025-09-29,paid
TAX-005262,ASM-005262,PROP-01754,CTY-028,2026,4041,2026-11-01,,outstanding
TAX-005263,ASM-005263,PROP-01755,CTY-028,2024,5174,2024-11-01,2024-09-27,paid
TAX-005264,ASM-005264,PROP-01755,CTY-028,2025,5575,2025-11-01,2025-09-27,paid
TAX-005265,ASM-005265,PROP-01755,CTY-028,2026,5829,2026-11-01,,outstanding
TAX-005266,ASM-005266,PROP-01756,CTY-028,2024,4028,2024-11-01,2024-10-13,paid
TAX-005267,ASM-005267,PROP-01756,CTY-028,2025,4227,2025-11-01,2025-10-27,paid
TAX-005268,ASM-005268,PROP-01756,CTY-028,2026,4530,2026-11-01,,outstanding
TAX-005269,ASM-005269,PROP-01757,CTY-028,2024,4664,2024-11-01,2024-10-01,paid
TAX-005270,ASM-005270,PROP-01757,CTY-028,2025,5073,2025-11-01,2025-10-16,paid
TAX-005271,ASM-005271,PROP-01757,CTY-028,2026,5389,2026-11-01,,outstanding
TAX-005272,ASM-005272,PROP-01758,CTY-028,2024,4002,2024-11-01,2024-10-08,paid
TAX-005273,ASM-005273,PROP-01758,CTY-028,2025,4346,2025-11-01,2025-09-24,paid
TAX-005274,ASM-005274,PROP-01758,CTY-028,2026,4583,2026-11-01,,outstanding
TAX-005275,ASM-005275,PROP-01759,CTY-028,2024,4125,2024-11-01,2024-10-25,paid
TAX-005276,ASM-005276,PROP-01759,CTY-028,2025,4445,2025-11-01,2025-10-19,paid
TAX-005277,ASM-005277,PROP-01759,CTY-028,2026,4649,2026-11-01,,outstanding
TAX-005278,ASM-005278,PROP-01760,CTY-028,2024,3697,2024-11-01,2024-09-29,paid
TAX-005279,ASM-005279,PROP-01760,CTY-028,2025,3872,2025-11-01,2025-10-21,paid
TAX-005280,ASM-005280,PROP-01760,CTY-028,2026,4083,2026-11-01,,outstanding
TAX-005281,ASM-005281,PROP-01761,CTY-028,2024,4761,2024-11-01,2024-09-22,paid
TAX-005282,ASM-005282,PROP-01761,CTY-028,2025,5043,2025-11-01,2025-11-01,paid
TAX-005283,ASM-005283,PROP-01761,CTY-028,2026,5457,2026-11-01,,outstanding
TAX-005284,ASM-005284,PROP-01762,CTY-028,2024,4041,2024-11-01,2024-09-24,paid
TAX-005285,ASM-005285,PROP-01762,CTY-028,2025,4349,2025-11-01,2025-10-14,paid
TAX-005286,ASM-005286,PROP-01762,CTY-028,2026,4712,2026-11-01,,outstanding
TAX-005287,ASM-005287,PROP-01763,CTY-028,2024,5368,2024-11-01,2024-10-24,paid
TAX-005288,ASM-005288,PROP-01763,CTY-028,2025,5662,2025-11-01,2025-10-26,paid
TAX-005289,ASM-005289,PROP-01763,CTY-028,2026,6091,2026-11-01,,outstanding
TAX-005290,ASM-005290,PROP-01764,CTY-028,2024,5101,2024-11-01,2024-10-23,paid
TAX-005291,ASM-005291,PROP-01764,CTY-028,2025,5421,2025-11-01,2025-10-23,paid
TAX-005292,ASM-005292,PROP-01764,CTY-028,2026,5780,2026-11-01,,outstanding
TAX-005293,ASM-005293,PROP-01765,CTY-028,2024,4926,2024-11-01,2024-09-24,paid
TAX-005294,ASM-005294,PROP-01765,CTY-028,2025,5108,2025-11-01,2025-10-01,paid
TAX-005295,ASM-005295,PROP-01765,CTY-028,2026,5508,2026-11-01,,outstanding
TAX-005296,ASM-005296,PROP-01766,CTY-028,2024,4479,2024-11-01,2024-10-17,paid
TAX-005297,ASM-005297,PROP-01766,CTY-028,2025,4794,2025-11-01,2025-10-22,paid
TAX-005298,ASM-005298,PROP-01766,CTY-028,2026,5141,2026-11-01,,outstanding
TAX-005299,ASM-005299,PROP-01767,CTY-028,2024,4010,2024-11-01,2024-10-19,paid
TAX-005300,ASM-005300,PROP-01767,CTY-028,2025,4353,2025-11-01,2025-10-12,paid
TAX-005301,ASM-005301,PROP-01767,CTY-028,2026,4629,2026-11-01,,outstanding
TAX-005302,ASM-005302,PROP-01768,CTY-028,2024,3591,2024-11-01,2024-10-01,paid
TAX-005303,ASM-005303,PROP-01768,CTY-028,2025,3853,2025-11-01,2025-10-18,paid
TAX-005304,ASM-005304,PROP-01768,CTY-028,2026,4140,2026-11-01,,outstanding
TAX-005305,ASM-005305,PROP-01769,CTY-028,2024,3730,2024-11-01,2024-10-17,paid
TAX-005306,ASM-005306,PROP-01769,CTY-028,2025,3984,2025-11-01,2025-10-30,paid
TAX-005307,ASM-005307,PROP-01769,CTY-028,2026,4155,2026-11-01,,outstanding
TAX-005308,ASM-005308,PROP-01770,CTY-028,2024,3790,2024-11-01,2024-10-06,paid
TAX-005309,ASM-005309,PROP-01770,CTY-028,2025,4099,2025-11-01,2025-09-22,paid
TAX-005310,ASM-005310,PROP-01770,CTY-028,2026,4320,2026-11-01,,outstanding
TAX-005311,ASM-005311,PROP-01771,CTY-028,2024,4070,2024-11-01,2024-10-01,paid
TAX-005312,ASM-005312,PROP-01771,CTY-028,2025,4317,2025-11-01,2025-09-26,paid
TAX-005313,ASM-005313,PROP-01771,CTY-028,2026,4666,2026-11-01,,outstanding
TAX-005314,ASM-005314,PROP-01772,CTY-028,2024,4327,2024-11-01,2024-09-22,paid
TAX-005315,ASM-005315,PROP-01772,CTY-028,2025,4643,2025-11-01,2025-09-24,paid
TAX-005316,ASM-005316,PROP-01772,CTY-028,2026,4835,2026-11-01,,outstanding
TAX-005317,ASM-005317,PROP-01773,CTY-028,2024,4038,2024-11-01,2024-10-18,paid
TAX-005318,ASM-005318,PROP-01773,CTY-028,2025,4334,2025-11-01,2025-10-01,paid
TAX-005319,ASM-005319,PROP-01773,CTY-028,2026,4630,2026-11-01,,outstanding
TAX-005320,ASM-005320,PROP-01774,CTY-028,2024,4182,2024-11-01,2024-10-22,paid
TAX-005321,ASM-005321,PROP-01774,CTY-028,2025,4384,2025-11-01,2025-09-24,paid
TAX-005322,ASM-005322,PROP-01774,CTY-028,2026,4639,2026-11-01,,outstanding
TAX-005323,ASM-005323,PROP-01775,CTY-028,2024,3644,2024-11-01,2024-10-28,paid
TAX-005324,ASM-005324,PROP-01775,CTY-028,2025,3885,2025-11-01,2025-09-29,paid
TAX-005325,ASM-005325,PROP-01775,CTY-028,2026,4060,2026-11-01,,outstanding
TAX-005326,ASM-005326,PROP-01776,CTY-028,2024,5283,2024-11-01,2024-09-23,paid
TAX-005327,ASM-005327,PROP-01776,CTY-028,2025,5596,2025-11-01,2025-10-29,paid
TAX-005328,ASM-005328,PROP-01776,CTY-028,2026,5924,2026-11-01,,outstanding
TAX-005329,ASM-005329,PROP-01777,CTY-028,2024,4012,2024-11-01,2024-10-26,paid
TAX-005330,ASM-005330,PROP-01777,CTY-028,2025,4343,2025-11-01,2025-10-23,paid
TAX-005331,ASM-005331,PROP-01777,CTY-028,2026,4600,2026-11-01,,outstanding
TAX-005332,ASM-005332,PROP-01778,CTY-028,2024,4445,2024-11-01,2024-10-21,paid
TAX-005333,ASM-005333,PROP-01778,CTY-028,2025,4841,2025-11-01,2025-10-02,paid
TAX-005334,ASM-005334,PROP-01778,CTY-028,2026,5234,2026-11-01,,outstanding
TAX-005335,ASM-005335,PROP-01779,CTY-028,2024,3800,2024-11-01,2024-10-17,paid
TAX-005336,ASM-005336,PROP-01779,CTY-028,2025,3995,2025-11-01,2025-10-19,paid
TAX-005337,ASM-005337,PROP-01779,CTY-028,2026,4294,2026-11-01,,outstanding
TAX-005338,ASM-005338,PROP-01780,CTY-028,2024,4608,2024-11-01,2024-09-28,paid
TAX-005339,ASM-005339,PROP-01780,CTY-028,2025,4923,2025-11-01,2025-10-05,paid
TAX-005340,ASM-005340,PROP-01780,CTY-028,2026,5162,2026-11-01,,outstanding
TAX-005341,ASM-005341,PROP-01781,CTY-028,2024,3891,2024-11-01,2024-10-08,paid
TAX-005342,ASM-005342,PROP-01781,CTY-028,2025,4123,2025-11-01,2025-10-09,paid
TAX-005343,ASM-005343,PROP-01781,CTY-028,2026,4459,2026-11-01,,outstanding
TAX-005344,ASM-005344,PROP-01782,CTY-028,2024,3604,2024-11-01,2024-10-26,paid
TAX-005345,ASM-005345,PROP-01782,CTY-028,2025,3803,2025-11-01,2025-10-03,paid
TAX-005346,ASM-005346,PROP-01782,CTY-028,2026,4102,2026-11-01,,outstanding
TAX-005347,ASM-005347,PROP-01783,CTY-028,2024,4478,2024-11-01,2024-10-29,paid
TAX-005348,ASM-005348,PROP-01783,CTY-028,2025,4684,2025-11-01,2025-10-04,paid
TAX-005349,ASM-005349,PROP-01783,CTY-028,2026,5098,2026-11-01,,outstanding
TAX-005350,ASM-005350,PROP-01784,CTY-028,2024,3596,2024-11-01,2024-10-14,paid
TAX-005351,ASM-005351,PROP-01784,CTY-028,2025,3757,2025-11-01,2025-10-17,paid
TAX-005352,ASM-005352,PROP-01784,CTY-028,2026,3974,2026-11-01,,outstanding
TAX-005353,ASM-005353,PROP-01785,CTY-028,2024,3821,2024-11-01,2024-10-02,paid
TAX-005354,ASM-005354,PROP-01785,CTY-028,2025,4020,2025-11-01,2025-10-19,paid
TAX-005355,ASM-005355,PROP-01785,CTY-028,2026,4328,2026-11-01,,outstanding
TAX-005356,ASM-005356,PROP-01786,CTY-028,2024,4833,2024-11-01,2024-10-18,paid
TAX-005357,ASM-005357,PROP-01786,CTY-028,2025,5090,2025-11-01,2025-09-26,paid
TAX-005358,ASM-005358,PROP-01786,CTY-028,2026,5485,2026-11-01,,outstanding
TAX-005359,ASM-005359,PROP-01787,CTY-028,2024,2971,2024-11-01,2024-10-08,paid
TAX-005360,ASM-005360,PROP-01787,CTY-028,2025,3121,2025-11-01,2025-10-01,paid
TAX-005361,ASM-005361,PROP-01787,CTY-028,2026,3276,2026-11-01,,outstanding
TAX-005362,ASM-005362,PROP-01788,CTY-028,2024,4459,2024-11-01,2024-10-04,paid
TAX-005363,ASM-005363,PROP-01788,CTY-028,2025,4814,2025-11-01,2025-10-29,paid
TAX-005364,ASM-005364,PROP-01788,CTY-028,2026,5059,2026-11-01,,outstanding
TAX-005365,ASM-005365,PROP-01789,CTY-028,2024,3729,2024-11-01,2024-10-13,paid
TAX-005366,ASM-005366,PROP-01789,CTY-028,2025,3929,2025-11-01,2025-09-26,paid
TAX-005367,ASM-005367,PROP-01789,CTY-028,2026,4218,2026-11-01,,outstanding
TAX-005368,ASM-005368,PROP-01790,CTY-028,2024,4214,2024-11-01,2024-10-27,paid
TAX-005369,ASM-005369,PROP-01790,CTY-028,2025,4460,2025-11-01,2025-10-17,paid
TAX-005370,ASM-005370,PROP-01790,CTY-028,2026,4809,2026-11-01,,outstanding
TAX-005371,ASM-005371,PROP-01791,CTY-028,2024,4519,2024-11-01,2024-10-08,paid
TAX-005372,ASM-005372,PROP-01791,CTY-028,2025,4901,2025-11-01,2025-09-22,paid
TAX-005373,ASM-005373,PROP-01791,CTY-028,2026,5280,2026-11-01,,outstanding
TAX-005374,ASM-005374,PROP-01792,CTY-028,2024,3749,2024-11-01,2024-10-26,paid
TAX-005375,ASM-005375,PROP-01792,CTY-028,2025,3989,2025-11-01,2025-10-05,paid
TAX-005376,ASM-005376,PROP-01792,CTY-028,2026,4212,2026-11-01,,outstanding
TAX-005377,ASM-005377,PROP-01793,CTY-028,2024,3308,2024-11-01,2024-10-27,paid
TAX-005378,ASM-005378,PROP-01793,CTY-028,2025,3567,2025-11-01,2025-10-11,paid
TAX-005379,ASM-005379,PROP-01793,CTY-028,2026,3845,2026-11-01,,outstanding
TAX-005380,ASM-005380,PROP-01794,CTY-028,2024,5288,2024-11-01,2024-10-13,paid
TAX-005381,ASM-005381,PROP-01794,CTY-028,2025,5596,2025-11-01,2025-10-01,paid
TAX-005382,ASM-005382,PROP-01794,CTY-028,2026,5968,2026-11-01,,outstanding
TAX-005383,ASM-005383,PROP-01795,CTY-028,2024,4015,2024-11-01,2024-10-18,paid
TAX-005384,ASM-005384,PROP-01795,CTY-028,2025,4299,2025-11-01,2025-10-04,paid
TAX-005385,ASM-005385,PROP-01795,CTY-028,2026,4520,2026-11-01,,outstanding
TAX-005386,ASM-005386,PROP-01796,CTY-028,2024,3796,2024-11-01,2024-09-29,paid
TAX-005387,ASM-005387,PROP-01796,CTY-028,2025,4056,2025-11-01,2025-10-22,paid
TAX-005388,ASM-005388,PROP-01796,CTY-028,2026,4229,2026-11-01,,outstanding
TAX-005389,ASM-005389,PROP-01797,CTY-028,2024,4271,2024-11-01,2024-10-28,paid
TAX-005390,ASM-005390,PROP-01797,CTY-028,2025,4510,2025-11-01,2025-10-29,paid
TAX-005391,ASM-005391,PROP-01797,CTY-028,2026,4784,2026-11-01,,outstanding
TAX-005392,ASM-005392,PROP-01798,CTY-028,2024,4999,2024-11-01,2024-11-01,paid
TAX-005393,ASM-005393,PROP-01798,CTY-028,2025,5322,2025-11-01,2025-10-19,paid
TAX-005394,ASM-005394,PROP-01798,CTY-028,2026,5674,2026-11-01,,outstanding
TAX-005395,ASM-005395,PROP-01799,CTY-028,2024,5060,2024-11-01,2024-10-15,paid
TAX-005396,ASM-005396,PROP-01799,CTY-028,2025,5327,2025-11-01,2025-10-06,paid
TAX-005397,ASM-005397,PROP-01799,CTY-028,2026,5724,2026-11-01,,outstanding
TAX-005398,ASM-005398,PROP-01800,CTY-028,2024,3863,2024-11-01,2024-10-13,paid
TAX-005399,ASM-005399,PROP-01800,CTY-028,2025,4031,2025-11-01,2025-10-14,paid
TAX-005400,ASM-005400,PROP-01800,CTY-028,2026,4382,2026-11-01,,outstanding
TAX-005401,ASM-005401,PROP-01801,CTY-028,2024,4022,2024-11-01,2024-10-09,paid
TAX-005402,ASM-005402,PROP-01801,CTY-028,2025,4279,2025-11-01,2025-10-09,paid
TAX-005403,ASM-005403,PROP-01801,CTY-028,2026,4463,2026-11-01,,outstanding
TAX-005404,ASM-005404,PROP-01802,CTY-028,2024,4316,2024-11-01,2024-10-06,paid
TAX-005405,ASM-005405,PROP-01802,CTY-028,2025,4484,2025-11-01,2025-10-15,paid
TAX-005406,ASM-005406,PROP-01802,CTY-028,2026,4849,2026-11-01,,outstanding
TAX-005407,ASM-005407,PROP-01803,CTY-028,2024,4632,2024-11-01,2024-10-02,paid
TAX-005408,ASM-005408,PROP-01803,CTY-028,2025,4975,2025-11-01,2025-09-29,paid
TAX-005409,ASM-005409,PROP-01803,CTY-028,2026,5159,2026-11-01,,outstanding
TAX-005410,ASM-005410,PROP-01804,CTY-028,2024,4757,2024-11-01,2024-10-25,paid
TAX-005411,ASM-005411,PROP-01804,CTY-028,2025,5080,2025-11-01,2025-10-08,paid
TAX-005412,ASM-005412,PROP-01804,CTY-028,2026,5297,2026-11-01,,outstanding
TAX-005413,ASM-005413,PROP-01805,CTY-028,2024,5159,2024-11-01,2024-10-24,paid
TAX-005414,ASM-005414,PROP-01805,CTY-028,2025,5519,2025-11-01,2025-10-15,paid
TAX-005415,ASM-005415,PROP-01805,CTY-028,2026,5968,2026-11-01,,outstanding
TAX-005416,ASM-005416,PROP-01806,CTY-025,2024,3955,2024-11-01,2024-09-27,paid
TAX-005417,ASM-005417,PROP-01806,CTY-025,2025,4218,2025-11-01,2025-09-26,paid
TAX-005418,ASM-005418,PROP-01806,CTY-025,2026,4416,2026-11-01,,outstanding
TAX-005419,ASM-005419,PROP-01807,CTY-025,2024,3930,2024-11-01,2024-10-27,paid
TAX-005420,ASM-005420,PROP-01807,CTY-025,2025,4098,2025-11-01,2025-10-11,paid
TAX-005421,ASM-005421,PROP-01807,CTY-025,2026,4354,2026-11-01,,outstanding
TAX-005422,ASM-005422,PROP-01808,CTY-025,2024,4618,2024-11-01,2024-10-06,paid
TAX-005423,ASM-005423,PROP-01808,CTY-025,2025,4880,2025-11-01,2025-10-18,paid
TAX-005424,ASM-005424,PROP-01808,CTY-025,2026,5300,2026-11-01,,outstanding
TAX-005425,ASM-005425,PROP-01809,CTY-025,2024,4035,2024-11-01,2024-10-17,paid
TAX-005426,ASM-005426,PROP-01809,CTY-025,2025,4374,2025-11-01,2025-10-16,paid
TAX-005427,ASM-005427,PROP-01809,CTY-025,2026,4616,2026-11-01,,outstanding
TAX-005428,ASM-005428,PROP-01810,CTY-025,2024,4177,2024-11-01,2024-10-27,paid
TAX-005429,ASM-005429,PROP-01810,CTY-025,2025,4376,2025-11-01,2025-10-11,paid
TAX-005430,ASM-005430,PROP-01810,CTY-025,2026,4649,2026-11-01,,outstanding
TAX-005431,ASM-005431,PROP-01811,CTY-025,2024,4155,2024-11-01,2024-10-25,paid
TAX-005432,ASM-005432,PROP-01811,CTY-025,2025,4442,2025-11-01,2025-10-26,paid
TAX-005433,ASM-005433,PROP-01811,CTY-025,2026,4736,2026-11-01,,outstanding
TAX-005434,ASM-005434,PROP-01812,CTY-025,2024,3907,2024-11-01,2024-10-07,paid
TAX-005435,ASM-005435,PROP-01812,CTY-025,2025,4238,2025-11-01,2025-10-18,paid
TAX-005436,ASM-005436,PROP-01812,CTY-025,2026,4603,2026-11-01,,outstanding
TAX-005437,ASM-005437,PROP-01813,CTY-025,2024,4082,2024-11-01,2024-10-15,paid
TAX-005438,ASM-005438,PROP-01813,CTY-025,2025,4378,2025-11-01,2025-10-16,paid
TAX-005439,ASM-005439,PROP-01813,CTY-025,2026,4582,2026-11-01,,outstanding
TAX-005440,ASM-005440,PROP-01814,CTY-025,2024,3384,2024-11-01,2024-10-31,paid
TAX-005441,ASM-005441,PROP-01814,CTY-025,2025,3555,2025-11-01,2025-10-15,paid
TAX-005442,ASM-005442,PROP-01814,CTY-025,2026,3868,2026-11-01,,outstanding
TAX-005443,ASM-005443,PROP-01815,CTY-025,2024,4314,2024-11-01,2024-10-19,paid
TAX-005444,ASM-005444,PROP-01815,CTY-025,2025,4715,2025-11-01,2025-10-13,paid
TAX-005445,ASM-005445,PROP-01815,CTY-025,2026,4962,2026-11-01,,outstanding
TAX-005446,ASM-005446,PROP-01816,CTY-025,2024,4898,2024-11-01,2024-10-19,paid
TAX-005447,ASM-005447,PROP-01816,CTY-025,2025,5209,2025-11-01,2025-09-22,paid
TAX-005448,ASM-005448,PROP-01816,CTY-025,2026,5439,2026-11-01,,outstanding
TAX-005449,ASM-005449,PROP-01817,CTY-025,2024,3838,2024-11-01,2024-10-08,paid
TAX-005450,ASM-005450,PROP-01817,CTY-025,2025,4032,2025-11-01,2025-10-18,paid
TAX-005451,ASM-005451,PROP-01817,CTY-025,2026,4309,2026-11-01,,outstanding
TAX-005452,ASM-005452,PROP-01818,CTY-025,2024,4151,2024-11-01,2024-10-24,paid
TAX-005453,ASM-005453,PROP-01818,CTY-025,2025,4354,2025-11-01,2025-10-26,paid
TAX-005454,ASM-005454,PROP-01818,CTY-025,2026,4681,2026-11-01,,outstanding
TAX-005455,ASM-005455,PROP-01819,CTY-025,2024,5164,2024-11-01,2024-10-17,paid
TAX-005456,ASM-005456,PROP-01819,CTY-025,2025,5610,2025-11-01,2025-09-23,paid
TAX-005457,ASM-005457,PROP-01819,CTY-025,2026,5925,2026-11-01,,outstanding
TAX-005458,ASM-005458,PROP-01820,CTY-025,2024,3880,2024-11-01,2024-10-12,paid
TAX-005459,ASM-005459,PROP-01820,CTY-025,2025,4179,2025-11-01,2025-10-12,paid
TAX-005460,ASM-005460,PROP-01820,CTY-025,2026,4348,2026-11-01,,outstanding
TAX-005461,ASM-005461,PROP-01821,CTY-025,2024,5988,2024-11-01,2024-10-07,paid
TAX-005462,ASM-005462,PROP-01821,CTY-025,2025,6415,2025-11-01,2025-10-14,paid
TAX-005463,ASM-005463,PROP-01821,CTY-025,2026,6912,2026-11-01,,outstanding
TAX-005464,ASM-005464,PROP-01822,CTY-025,2024,3851,2024-11-01,2024-10-21,paid
TAX-005465,ASM-005465,PROP-01822,CTY-025,2025,4131,2025-11-01,2025-10-09,paid
TAX-005466,ASM-005466,PROP-01822,CTY-025,2026,4363,2026-11-01,,outstanding
TAX-005467,ASM-005467,PROP-01823,CTY-025,2024,4445,2024-11-01,2024-10-06,paid
TAX-005468,ASM-005468,PROP-01823,CTY-025,2025,4803,2025-11-01,2025-09-26,paid
TAX-005469,ASM-005469,PROP-01823,CTY-025,2026,4983,2026-11-01,,outstanding
TAX-005470,ASM-005470,PROP-01824,CTY-025,2024,3362,2024-11-01,2024-10-05,paid
TAX-005471,ASM-005471,PROP-01824,CTY-025,2025,3645,2025-11-01,2025-10-16,paid
TAX-005472,ASM-005472,PROP-01824,CTY-025,2026,3953,2026-11-01,,outstanding
TAX-005473,ASM-005473,PROP-01825,CTY-025,2024,5066,2024-11-01,2024-10-13,paid
TAX-005474,ASM-005474,PROP-01825,CTY-025,2025,5473,2025-11-01,2025-10-05,paid
TAX-005475,ASM-005475,PROP-01825,CTY-025,2026,5883,2026-11-01,,outstanding
TAX-005476,ASM-005476,PROP-01826,CTY-025,2024,4183,2024-11-01,2024-10-17,paid
TAX-005477,ASM-005477,PROP-01826,CTY-025,2025,4415,2025-11-01,2025-10-11,paid
TAX-005478,ASM-005478,PROP-01826,CTY-025,2026,4709,2026-11-01,,outstanding
TAX-005479,ASM-005479,PROP-01827,CTY-025,2024,3970,2024-11-01,2024-11-01,paid
TAX-005480,ASM-005480,PROP-01827,CTY-025,2025,4243,2025-11-01,2025-10-16,paid
TAX-005481,ASM-005481,PROP-01827,CTY-025,2026,4452,2026-11-01,,outstanding
TAX-005482,ASM-005482,PROP-01828,CTY-025,2024,5643,2024-11-01,2024-10-26,paid
TAX-005483,ASM-005483,PROP-01828,CTY-025,2025,6137,2025-11-01,2025-10-04,paid
TAX-005484,ASM-005484,PROP-01828,CTY-025,2026,6522,2026-11-01,,outstanding
TAX-005485,ASM-005485,PROP-01829,CTY-025,2024,4872,2024-11-01,2024-10-29,paid
TAX-005486,ASM-005486,PROP-01829,CTY-025,2025,5127,2025-11-01,2025-10-16,paid
TAX-005487,ASM-005487,PROP-01829,CTY-025,2026,5600,2026-11-01,,outstanding
TAX-005488,ASM-005488,PROP-01830,CTY-025,2024,4664,2024-11-01,2024-10-12,paid
TAX-005489,ASM-005489,PROP-01830,CTY-025,2025,4876,2025-11-01,2025-10-27,paid
TAX-005490,ASM-005490,PROP-01830,CTY-025,2026,5293,2026-11-01,,outstanding
TAX-005491,ASM-005491,PROP-01831,CTY-025,2024,3839,2024-11-01,2024-10-03,paid
TAX-005492,ASM-005492,PROP-01831,CTY-025,2025,4174,2025-11-01,2025-10-12,paid
TAX-005493,ASM-005493,PROP-01831,CTY-025,2026,4526,2026-11-01,,outstanding
TAX-005494,ASM-005494,PROP-01832,CTY-025,2024,4088,2024-11-01,2024-10-17,paid
TAX-005495,ASM-005495,PROP-01832,CTY-025,2025,4376,2025-11-01,2025-10-25,paid
TAX-005496,ASM-005496,PROP-01832,CTY-025,2026,4736,2026-11-01,,outstanding
TAX-005497,ASM-005497,PROP-01833,CTY-025,2024,4846,2024-11-01,2024-10-22,paid
TAX-005498,ASM-005498,PROP-01833,CTY-025,2025,5066,2025-11-01,2025-09-30,paid
TAX-005499,ASM-005499,PROP-01833,CTY-025,2026,5337,2026-11-01,,outstanding
TAX-005500,ASM-005500,PROP-01834,CTY-025,2024,3947,2024-11-01,2024-09-30,paid
TAX-005501,ASM-005501,PROP-01834,CTY-025,2025,4283,2025-11-01,2025-10-07,paid
TAX-005502,ASM-005502,PROP-01834,CTY-025,2026,4637,2026-11-01,,outstanding
TAX-005503,ASM-005503,PROP-01835,CTY-025,2024,3256,2024-11-01,2024-10-31,paid
TAX-005504,ASM-005504,PROP-01835,CTY-025,2025,3534,2025-11-01,2025-09-26,paid
TAX-005505,ASM-005505,PROP-01835,CTY-025,2026,3843,2026-11-01,,outstanding
TAX-005506,ASM-005506,PROP-01836,CTY-025,2024,5076,2024-11-01,2024-10-15,paid
TAX-005507,ASM-005507,PROP-01836,CTY-025,2025,5421,2025-11-01,2025-10-22,paid
TAX-005508,ASM-005508,PROP-01836,CTY-025,2026,5687,2026-11-01,,outstanding
TAX-005509,ASM-005509,PROP-01837,CTY-025,2024,4560,2024-11-01,2024-10-01,paid
TAX-005510,ASM-005510,PROP-01837,CTY-025,2025,4950,2025-11-01,2025-10-05,paid
TAX-005511,ASM-005511,PROP-01837,CTY-025,2026,5408,2026-11-01,,outstanding
TAX-005512,ASM-005512,PROP-01838,CTY-025,2024,4740,2024-11-01,2024-10-30,paid
TAX-005513,ASM-005513,PROP-01838,CTY-025,2025,5108,2025-11-01,2025-09-23,paid
TAX-005514,ASM-005514,PROP-01838,CTY-025,2026,5395,2026-11-01,,outstanding
TAX-005515,ASM-005515,PROP-01839,CTY-025,2024,5547,2024-11-01,2024-10-20,paid
TAX-005516,ASM-005516,PROP-01839,CTY-025,2025,5962,2025-11-01,2025-10-28,paid
TAX-005517,ASM-005517,PROP-01839,CTY-025,2026,6459,2026-11-01,,outstanding
TAX-005518,ASM-005518,PROP-01840,CTY-025,2024,4394,2024-11-01,2024-10-06,paid
TAX-005519,ASM-005519,PROP-01840,CTY-025,2025,4613,2025-11-01,2025-09-23,paid
TAX-005520,ASM-005520,PROP-01840,CTY-025,2026,4684,2026-11-01,,outstanding
TAX-005521,ASM-005521,PROP-01841,CTY-025,2024,4442,2024-11-01,2024-10-06,paid
TAX-005522,ASM-005522,PROP-01841,CTY-025,2025,4686,2025-11-01,2025-10-01,paid
TAX-005523,ASM-005523,PROP-01841,CTY-025,2026,4920,2026-11-01,,outstanding
TAX-005524,ASM-005524,PROP-01842,CTY-025,2024,4056,2024-11-01,2024-09-29,paid
TAX-005525,ASM-005525,PROP-01842,CTY-025,2025,4266,2025-11-01,2025-09-26,paid
TAX-005526,ASM-005526,PROP-01842,CTY-025,2026,4445,2026-11-01,,outstanding
TAX-005527,ASM-005527,PROP-01843,CTY-025,2024,4190,2024-11-01,2024-09-24,paid
TAX-005528,ASM-005528,PROP-01843,CTY-025,2025,4451,2025-11-01,2025-10-01,paid
TAX-005529,ASM-005529,PROP-01843,CTY-025,2026,4817,2026-11-01,,outstanding
TAX-005530,ASM-005530,PROP-01844,CTY-025,2024,3541,2024-11-01,2024-10-01,paid
TAX-005531,ASM-005531,PROP-01844,CTY-025,2025,3832,2025-11-01,2025-10-18,paid
TAX-005532,ASM-005532,PROP-01844,CTY-025,2026,4127,2026-11-01,,outstanding
TAX-005533,ASM-005533,PROP-01845,CTY-025,2024,3897,2024-11-01,2024-10-28,paid
TAX-005534,ASM-005534,PROP-01845,CTY-025,2025,4156,2025-11-01,2025-10-31,paid
TAX-005535,ASM-005535,PROP-01845,CTY-025,2026,4415,2026-11-01,,outstanding
TAX-005536,ASM-005536,PROP-01846,CTY-025,2024,4931,2024-11-01,2024-10-10,paid
TAX-005537,ASM-005537,PROP-01846,CTY-025,2025,5232,2025-11-01,2025-10-13,paid
TAX-005538,ASM-005538,PROP-01846,CTY-025,2026,5499,2026-11-01,,outstanding
TAX-005539,ASM-005539,PROP-01847,CTY-025,2024,3446,2024-11-01,2024-10-07,paid
TAX-005540,ASM-005540,PROP-01847,CTY-025,2025,3748,2025-11-01,2025-09-27,paid
TAX-005541,ASM-005541,PROP-01847,CTY-025,2026,4039,2026-11-01,,outstanding
TAX-005542,ASM-005542,PROP-01848,CTY-025,2024,4813,2024-11-01,2024-10-20,paid
TAX-005543,ASM-005543,PROP-01848,CTY-025,2025,5246,2025-11-01,2025-10-26,paid
TAX-005544,ASM-005544,PROP-01848,CTY-025,2026,5455,2026-11-01,,outstanding
TAX-005545,ASM-005545,PROP-01849,CTY-025,2024,5029,2024-11-01,2024-10-06,paid
TAX-005546,ASM-005546,PROP-01849,CTY-025,2025,5288,2025-11-01,2025-10-14,paid
TAX-005547,ASM-005547,PROP-01849,CTY-025,2026,5749,2026-11-01,,outstanding
TAX-005548,ASM-005548,PROP-01850,CTY-025,2024,4658,2024-11-01,2024-10-20,paid
TAX-005549,ASM-005549,PROP-01850,CTY-025,2025,5064,2025-11-01,2025-10-10,paid
TAX-005550,ASM-005550,PROP-01850,CTY-025,2026,5273,2026-11-01,,outstanding
TAX-005551,ASM-005551,PROP-01851,CTY-025,2024,3885,2024-11-01,2024-09-26,paid
TAX-005552,ASM-005552,PROP-01851,CTY-025,2025,4149,2025-11-01,2025-10-23,paid
TAX-005553,ASM-005553,PROP-01851,CTY-025,2026,4445,2026-11-01,,outstanding
TAX-005554,ASM-005554,PROP-01852,CTY-025,2024,4643,2024-11-01,2024-10-12,paid
TAX-005555,ASM-005555,PROP-01852,CTY-025,2025,5011,2025-11-01,2025-10-20,paid
TAX-005556,ASM-005556,PROP-01852,CTY-025,2026,5268,2026-11-01,,outstanding
TAX-005557,ASM-005557,PROP-01853,CTY-025,2024,3694,2024-11-01,2024-10-29,paid
TAX-005558,ASM-005558,PROP-01853,CTY-025,2025,4031,2025-11-01,2025-10-14,paid
TAX-005559,ASM-005559,PROP-01853,CTY-025,2026,4325,2026-11-01,,outstanding
TAX-005560,ASM-005560,PROP-01854,CTY-025,2024,4859,2024-11-01,2024-10-15,paid
TAX-005561,ASM-005561,PROP-01854,CTY-025,2025,5211,2025-11-01,2025-09-30,paid
TAX-005562,ASM-005562,PROP-01854,CTY-025,2026,5601,2026-11-01,,outstanding
TAX-005563,ASM-005563,PROP-01855,CTY-025,2024,4490,2024-11-01,2024-10-24,paid
TAX-005564,ASM-005564,PROP-01855,CTY-025,2025,4824,2025-11-01,2025-10-08,paid
TAX-005565,ASM-005565,PROP-01855,CTY-025,2026,5242,2026-11-01,,outstanding
TAX-005566,ASM-005566,PROP-01856,CTY-025,2024,3718,2024-11-01,2024-09-23,paid
TAX-005567,ASM-005567,PROP-01856,CTY-025,2025,4052,2025-11-01,2025-10-19,paid
TAX-005568,ASM-005568,PROP-01856,CTY-025,2026,4308,2026-11-01,,outstanding
TAX-005569,ASM-005569,PROP-01857,CTY-025,2024,4484,2024-11-01,2024-10-16,paid
TAX-005570,ASM-005570,PROP-01857,CTY-025,2025,4843,2025-11-01,2025-10-24,paid
TAX-005571,ASM-005571,PROP-01857,CTY-025,2026,5247,2026-11-01,,outstanding
TAX-005572,ASM-005572,PROP-01858,CTY-025,2024,3721,2024-11-01,2024-10-23,paid
TAX-005573,ASM-005573,PROP-01858,CTY-025,2025,3948,2025-11-01,2025-10-23,paid
TAX-005574,ASM-005574,PROP-01858,CTY-025,2026,4220,2026-11-01,,outstanding
TAX-005575,ASM-005575,PROP-01859,CTY-029,2024,3672,2024-11-01,2024-10-24,paid
TAX-005576,ASM-005576,PROP-01859,CTY-029,2025,3853,2025-11-01,2025-10-10,paid
TAX-005577,ASM-005577,PROP-01859,CTY-029,2026,4123,2026-11-01,,outstanding
TAX-005578,ASM-005578,PROP-01860,CTY-029,2024,3780,2024-11-01,2024-10-18,paid
TAX-005579,ASM-005579,PROP-01860,CTY-029,2025,4083,2025-11-01,2025-10-23,paid
TAX-005580,ASM-005580,PROP-01860,CTY-029,2026,4401,2026-11-01,,outstanding
TAX-005581,ASM-005581,PROP-01861,CTY-029,2024,4289,2024-11-01,2024-09-22,paid
TAX-005582,ASM-005582,PROP-01861,CTY-029,2025,4476,2025-11-01,2025-10-30,paid
TAX-005583,ASM-005583,PROP-01861,CTY-029,2026,4805,2026-11-01,,outstanding
TAX-005584,ASM-005584,PROP-01862,CTY-029,2024,3984,2024-11-01,2024-10-19,paid
TAX-005585,ASM-005585,PROP-01862,CTY-029,2025,4155,2025-11-01,2025-09-23,paid
TAX-005586,ASM-005586,PROP-01862,CTY-029,2026,4317,2026-11-01,,outstanding
TAX-005587,ASM-005587,PROP-01863,CTY-029,2024,3685,2024-11-01,2024-10-11,paid
TAX-005588,ASM-005588,PROP-01863,CTY-029,2025,3907,2025-11-01,2025-10-08,paid
TAX-005589,ASM-005589,PROP-01863,CTY-029,2026,4236,2026-11-01,,outstanding
TAX-005590,ASM-005590,PROP-01864,CTY-029,2024,4073,2024-11-01,2024-10-06,paid
TAX-005591,ASM-005591,PROP-01864,CTY-029,2025,4302,2025-11-01,2025-10-15,paid
TAX-005592,ASM-005592,PROP-01864,CTY-029,2026,4573,2026-11-01,,outstanding
TAX-005593,ASM-005593,PROP-01865,CTY-029,2024,3921,2024-11-01,2024-10-21,paid
TAX-005594,ASM-005594,PROP-01865,CTY-029,2025,4190,2025-11-01,2025-09-27,paid
TAX-005595,ASM-005595,PROP-01865,CTY-029,2026,4509,2026-11-01,,outstanding
TAX-005596,ASM-005596,PROP-01866,CTY-029,2024,4353,2024-11-01,2024-10-04,paid
TAX-005597,ASM-005597,PROP-01866,CTY-029,2025,4659,2025-11-01,2025-10-09,paid
TAX-005598,ASM-005598,PROP-01866,CTY-029,2026,5001,2026-11-01,,outstanding
TAX-005599,ASM-005599,PROP-01867,CTY-029,2024,3689,2024-11-01,2024-09-23,paid
TAX-005600,ASM-005600,PROP-01867,CTY-029,2025,3987,2025-11-01,2025-10-25,paid
TAX-005601,ASM-005601,PROP-01867,CTY-029,2026,4208,2026-11-01,,outstanding
TAX-005602,ASM-005602,PROP-01868,CTY-029,2024,4030,2024-11-01,2024-09-27,paid
TAX-005603,ASM-005603,PROP-01868,CTY-029,2025,4283,2025-11-01,2025-10-31,paid
TAX-005604,ASM-005604,PROP-01868,CTY-029,2026,4601,2026-11-01,,outstanding
TAX-005605,ASM-005605,PROP-01869,CTY-029,2024,4742,2024-11-01,2024-10-25,paid
TAX-005606,ASM-005606,PROP-01869,CTY-029,2025,4924,2025-11-01,2025-10-08,paid
TAX-005607,ASM-005607,PROP-01869,CTY-029,2026,5207,2026-11-01,,outstanding
TAX-005608,ASM-005608,PROP-01870,CTY-029,2024,4483,2024-11-01,2024-10-08,paid
TAX-005609,ASM-005609,PROP-01870,CTY-029,2025,4812,2025-11-01,2025-10-23,paid
TAX-005610,ASM-005610,PROP-01870,CTY-029,2026,5183,2026-11-01,,outstanding
TAX-005611,ASM-005611,PROP-01871,CTY-029,2024,4242,2024-11-01,2024-10-24,paid
TAX-005612,ASM-005612,PROP-01871,CTY-029,2025,4592,2025-11-01,2025-10-09,paid
TAX-005613,ASM-005613,PROP-01871,CTY-029,2026,4824,2026-11-01,,outstanding
TAX-005614,ASM-005614,PROP-01872,CTY-029,2024,3714,2024-11-01,2024-10-03,paid
TAX-005615,ASM-005615,PROP-01872,CTY-029,2025,3848,2025-11-01,2025-10-14,paid
TAX-005616,ASM-005616,PROP-01872,CTY-029,2026,4074,2026-11-01,,outstanding
TAX-005617,ASM-005617,PROP-01873,CTY-029,2024,5349,2024-11-01,2024-09-26,paid
TAX-005618,ASM-005618,PROP-01873,CTY-029,2025,5638,2025-11-01,2025-10-16,paid
TAX-005619,ASM-005619,PROP-01873,CTY-029,2026,6078,2026-11-01,,outstanding
TAX-005620,ASM-005620,PROP-01874,CTY-029,2024,4652,2024-11-01,2024-10-24,paid
TAX-005621,ASM-005621,PROP-01874,CTY-029,2025,4855,2025-11-01,2025-10-22,paid
TAX-005622,ASM-005622,PROP-01874,CTY-029,2026,5215,2026-11-01,,outstanding
TAX-005623,ASM-005623,PROP-01875,CTY-029,2024,4132,2024-11-01,2024-10-28,paid
TAX-005624,ASM-005624,PROP-01875,CTY-029,2025,4470,2025-11-01,2025-10-30,paid
TAX-005625,ASM-005625,PROP-01875,CTY-029,2026,4793,2026-11-01,,outstanding
TAX-005626,ASM-005626,PROP-01876,CTY-029,2024,4249,2024-11-01,2024-10-25,paid
TAX-005627,ASM-005627,PROP-01876,CTY-029,2025,4488,2025-11-01,2025-09-25,paid
TAX-005628,ASM-005628,PROP-01876,CTY-029,2026,4808,2026-11-01,,outstanding
TAX-005629,ASM-005629,PROP-01877,CTY-029,2024,4382,2024-11-01,2024-10-03,paid
TAX-005630,ASM-005630,PROP-01877,CTY-029,2025,4581,2025-11-01,2025-10-21,paid
TAX-005631,ASM-005631,PROP-01877,CTY-029,2026,4758,2026-11-01,,outstanding
TAX-005632,ASM-005632,PROP-01878,CTY-029,2024,3694,2024-11-01,2024-10-28,paid
TAX-005633,ASM-005633,PROP-01878,CTY-029,2025,3923,2025-11-01,2025-10-20,paid
TAX-005634,ASM-005634,PROP-01878,CTY-029,2026,4191,2026-11-01,,outstanding
TAX-005635,ASM-005635,PROP-01879,CTY-029,2024,4818,2024-11-01,2024-09-28,paid
TAX-005636,ASM-005636,PROP-01879,CTY-029,2025,5211,2025-11-01,2025-10-24,paid
TAX-005637,ASM-005637,PROP-01879,CTY-029,2026,5638,2026-11-01,,outstanding
TAX-005638,ASM-005638,PROP-01880,CTY-029,2024,4853,2024-11-01,2024-10-11,paid
TAX-005639,ASM-005639,PROP-01880,CTY-029,2025,5160,2025-11-01,2025-10-15,paid
TAX-005640,ASM-005640,PROP-01880,CTY-029,2026,5446,2026-11-01,,outstanding
TAX-005641,ASM-005641,PROP-01881,CTY-029,2024,3846,2024-11-01,2024-09-30,paid
TAX-005642,ASM-005642,PROP-01881,CTY-029,2025,4100,2025-11-01,2025-10-04,paid
TAX-005643,ASM-005643,PROP-01881,CTY-029,2026,4277,2026-11-01,,outstanding
TAX-005644,ASM-005644,PROP-01882,CTY-029,2024,4664,2024-11-01,2024-11-01,paid
TAX-005645,ASM-005645,PROP-01882,CTY-029,2025,4860,2025-11-01,2025-09-23,paid
TAX-005646,ASM-005646,PROP-01882,CTY-029,2026,5270,2026-11-01,,outstanding
TAX-005647,ASM-005647,PROP-01883,CTY-029,2024,4809,2024-11-01,2024-09-23,paid
TAX-005648,ASM-005648,PROP-01883,CTY-029,2025,5192,2025-11-01,2025-10-08,paid
TAX-005649,ASM-005649,PROP-01883,CTY-029,2026,5447,2026-11-01,,outstanding
TAX-005650,ASM-005650,PROP-01884,CTY-029,2024,3536,2024-11-01,2024-10-08,paid
TAX-005651,ASM-005651,PROP-01884,CTY-029,2025,3667,2025-11-01,2025-09-27,paid
TAX-005652,ASM-005652,PROP-01884,CTY-029,2026,3960,2026-11-01,,outstanding
TAX-005653,ASM-005653,PROP-01885,CTY-029,2024,4835,2024-11-01,2024-10-13,paid
TAX-005654,ASM-005654,PROP-01885,CTY-029,2025,5232,2025-11-01,2025-11-01,paid
TAX-005655,ASM-005655,PROP-01885,CTY-029,2026,5550,2026-11-01,,outstanding
TAX-005656,ASM-005656,PROP-01886,CTY-030,2024,1675,2024-11-01,2024-10-18,paid
TAX-005657,ASM-005657,PROP-01886,CTY-030,2025,1755,2025-11-01,2025-09-28,paid
TAX-005658,ASM-005658,PROP-01886,CTY-030,2026,1822,2026-11-01,,outstanding
TAX-005659,ASM-005659,PROP-01887,CTY-030,2024,1755,2024-11-01,2024-10-11,paid
TAX-005660,ASM-005660,PROP-01887,CTY-030,2025,1823,2025-11-01,2025-10-31,paid
TAX-005661,ASM-005661,PROP-01887,CTY-030,2026,1930,2026-11-01,,outstanding
TAX-005662,ASM-005662,PROP-01888,CTY-030,2024,1744,2024-11-01,2024-10-12,paid
TAX-005663,ASM-005663,PROP-01888,CTY-030,2025,1851,2025-11-01,2025-10-21,paid
TAX-005664,ASM-005664,PROP-01888,CTY-030,2026,1935,2026-11-01,,outstanding
TAX-005665,ASM-005665,PROP-01889,CTY-030,2024,1796,2024-11-01,2024-10-17,paid
TAX-005666,ASM-005666,PROP-01889,CTY-030,2025,1924,2025-11-01,2025-10-12,paid
TAX-005667,ASM-005667,PROP-01889,CTY-030,2026,2027,2026-11-01,,outstanding
TAX-005668,ASM-005668,PROP-01890,CTY-030,2024,1925,2024-11-01,2024-09-30,paid
TAX-005669,ASM-005669,PROP-01890,CTY-030,2025,2037,2025-11-01,2025-10-15,paid
TAX-005670,ASM-005670,PROP-01890,CTY-030,2026,2144,2026-11-01,,outstanding
TAX-005671,ASM-005671,PROP-01891,CTY-030,2024,2143,2024-11-01,2024-09-23,paid
TAX-005672,ASM-005672,PROP-01891,CTY-030,2025,2276,2025-11-01,2025-10-06,paid
TAX-005673,ASM-005673,PROP-01891,CTY-030,2026,2373,2026-11-01,,outstanding
TAX-005674,ASM-005674,PROP-01892,CTY-030,2024,1885,2024-11-01,2024-10-12,paid
TAX-005675,ASM-005675,PROP-01892,CTY-030,2025,1952,2025-11-01,2025-10-27,paid
TAX-005676,ASM-005676,PROP-01892,CTY-030,2026,2061,2026-11-01,,outstanding
TAX-005677,ASM-005677,PROP-01893,CTY-030,2024,1950,2024-11-01,2024-09-24,paid
TAX-005678,ASM-005678,PROP-01893,CTY-030,2025,2072,2025-11-01,2025-09-25,paid
TAX-005679,ASM-005679,PROP-01893,CTY-030,2026,2147,2026-11-01,,outstanding
TAX-005680,ASM-005680,PROP-01894,CTY-030,2024,1685,2024-11-01,2024-10-03,paid
TAX-005681,ASM-005681,PROP-01894,CTY-030,2025,1802,2025-11-01,2025-10-07,paid
TAX-005682,ASM-005682,PROP-01894,CTY-030,2026,1933,2026-11-01,,outstanding
TAX-005683,ASM-005683,PROP-01895,CTY-030,2024,1858,2024-11-01,2024-10-02,paid
TAX-005684,ASM-005684,PROP-01895,CTY-030,2025,1935,2025-11-01,2025-10-20,paid
TAX-005685,ASM-005685,PROP-01895,CTY-030,2026,2074,2026-11-01,,outstanding
TAX-005686,ASM-005686,PROP-01896,CTY-030,2024,2009,2024-11-01,2024-10-17,paid
TAX-005687,ASM-005687,PROP-01896,CTY-030,2025,2112,2025-11-01,2025-11-01,paid
TAX-005688,ASM-005688,PROP-01896,CTY-030,2026,2210,2026-11-01,,outstanding
TAX-005689,ASM-005689,PROP-01897,CTY-030,2024,1921,2024-11-01,2024-09-27,paid
TAX-005690,ASM-005690,PROP-01897,CTY-030,2025,2018,2025-11-01,2025-09-26,paid
TAX-005691,ASM-005691,PROP-01897,CTY-030,2026,2137,2026-11-01,,outstanding
TAX-005692,ASM-005692,PROP-01898,CTY-030,2024,1617,2024-11-01,2024-10-01,paid
TAX-005693,ASM-005693,PROP-01898,CTY-030,2025,1670,2025-11-01,2025-10-26,paid
TAX-005694,ASM-005694,PROP-01898,CTY-030,2026,1735,2026-11-01,,outstanding
TAX-005695,ASM-005695,PROP-01899,CTY-030,2024,1592,2024-11-01,2024-10-10,paid
TAX-005696,ASM-005696,PROP-01899,CTY-030,2025,1705,2025-11-01,2025-10-20,paid
TAX-005697,ASM-005697,PROP-01899,CTY-030,2026,1825,2026-11-01,,outstanding
TAX-005698,ASM-005698,PROP-01900,CTY-030,2024,1868,2024-11-01,2024-10-02,paid
TAX-005699,ASM-005699,PROP-01900,CTY-030,2025,1938,2025-11-01,2025-10-28,paid
TAX-005700,ASM-005700,PROP-01900,CTY-030,2026,2078,2026-11-01,,outstanding
TAX-005701,ASM-005701,PROP-01901,CTY-030,2024,1619,2024-11-01,2024-10-16,paid
TAX-005702,ASM-005702,PROP-01901,CTY-030,2025,1740,2025-11-01,2025-10-24,paid
TAX-005703,ASM-005703,PROP-01901,CTY-030,2026,1796,2026-11-01,,outstanding
TAX-005704,ASM-005704,PROP-01902,CTY-030,2024,2063,2024-11-01,2024-10-28,paid
TAX-005705,ASM-005705,PROP-01902,CTY-030,2025,2132,2025-11-01,2025-10-14,paid
TAX-005706,ASM-005706,PROP-01902,CTY-030,2026,2233,2026-11-01,,outstanding
TAX-005707,ASM-005707,PROP-01903,CTY-030,2024,1655,2024-11-01,2024-10-28,paid
TAX-005708,ASM-005708,PROP-01903,CTY-030,2025,1737,2025-11-01,2025-10-13,paid
TAX-005709,ASM-005709,PROP-01903,CTY-030,2026,1803,2026-11-01,,outstanding
TAX-005710,ASM-005710,PROP-01904,CTY-030,2024,1680,2024-11-01,2024-09-24,paid
TAX-005711,ASM-005711,PROP-01904,CTY-030,2025,1735,2025-11-01,2025-10-25,paid
TAX-005712,ASM-005712,PROP-01904,CTY-030,2026,1860,2026-11-01,,outstanding
TAX-005713,ASM-005713,PROP-01905,CTY-030,2024,1765,2024-11-01,2024-10-19,paid
TAX-005714,ASM-005714,PROP-01905,CTY-030,2025,1849,2025-11-01,2025-09-22,paid
TAX-005715,ASM-005715,PROP-01905,CTY-030,2026,1943,2026-11-01,,outstanding
TAX-005716,ASM-005716,PROP-01906,CTY-030,2024,1800,2024-11-01,2024-10-17,paid
TAX-005717,ASM-005717,PROP-01906,CTY-030,2025,1928,2025-11-01,2025-10-03,paid
TAX-005718,ASM-005718,PROP-01906,CTY-030,2026,2034,2026-11-01,,outstanding
TAX-005719,ASM-005719,PROP-01907,CTY-030,2024,1879,2024-11-01,2024-10-20,paid
TAX-005720,ASM-005720,PROP-01907,CTY-030,2025,2020,2025-11-01,2025-10-17,paid
TAX-005721,ASM-005721,PROP-01907,CTY-030,2026,2083,2026-11-01,,outstanding
TAX-005722,ASM-005722,PROP-01908,CTY-030,2024,1610,2024-11-01,2024-10-01,paid
TAX-005723,ASM-005723,PROP-01908,CTY-030,2025,1684,2025-11-01,2025-10-05,paid
TAX-005724,ASM-005724,PROP-01908,CTY-030,2026,1742,2026-11-01,,outstanding
TAX-005725,ASM-005725,PROP-01909,CTY-030,2024,1563,2024-11-01,2024-10-04,paid
TAX-005726,ASM-005726,PROP-01909,CTY-030,2025,1622,2025-11-01,2025-11-01,paid
TAX-005727,ASM-005727,PROP-01909,CTY-030,2026,1679,2026-11-01,,outstanding
TAX-005728,ASM-005728,PROP-01910,CTY-030,2024,1675,2024-11-01,2024-10-23,paid
TAX-005729,ASM-005729,PROP-01910,CTY-030,2025,1729,2025-11-01,2025-10-28,paid
TAX-005730,ASM-005730,PROP-01910,CTY-030,2026,1831,2026-11-01,,outstanding
TAX-005731,ASM-005731,PROP-01911,CTY-030,2024,1975,2024-11-01,2024-10-16,paid
TAX-005732,ASM-005732,PROP-01911,CTY-030,2025,2065,2025-11-01,2025-09-28,paid
TAX-005733,ASM-005733,PROP-01911,CTY-030,2026,2142,2026-11-01,,outstanding
TAX-005734,ASM-005734,PROP-01912,CTY-030,2024,1959,2024-11-01,2024-10-19,paid
TAX-005735,ASM-005735,PROP-01912,CTY-030,2025,2083,2025-11-01,2025-10-15,paid
TAX-005736,ASM-005736,PROP-01912,CTY-030,2026,2238,2026-11-01,,outstanding
TAX-005737,ASM-005737,PROP-01913,CTY-030,2024,1786,2024-11-01,2024-10-26,paid
TAX-005738,ASM-005738,PROP-01913,CTY-030,2025,1893,2025-11-01,2025-10-18,paid
TAX-005739,ASM-005739,PROP-01913,CTY-030,2026,1981,2026-11-01,,outstanding
TAX-005740,ASM-005740,PROP-01914,CTY-030,2024,1998,2024-11-01,2024-10-27,paid
TAX-005741,ASM-005741,PROP-01914,CTY-030,2025,2094,2025-11-01,2025-10-03,paid
TAX-005742,ASM-005742,PROP-01914,CTY-030,2026,2173,2026-11-01,,outstanding
TAX-005743,ASM-005743,PROP-01915,CTY-030,2024,1817,2024-11-01,2024-10-28,paid
TAX-005744,ASM-005744,PROP-01915,CTY-030,2025,1916,2025-11-01,2025-10-31,paid
TAX-005745,ASM-005745,PROP-01915,CTY-030,2026,2038,2026-11-01,,outstanding
TAX-005746,ASM-005746,PROP-01916,CTY-030,2024,1908,2024-11-01,2024-09-23,paid
TAX-005747,ASM-005747,PROP-01916,CTY-030,2025,2024,2025-11-01,2025-10-11,paid
TAX-005748,ASM-005748,PROP-01916,CTY-030,2026,2127,2026-11-01,,outstanding
TAX-005749,ASM-005749,PROP-01917,CTY-030,2024,1662,2024-11-01,2024-10-29,paid
TAX-005750,ASM-005750,PROP-01917,CTY-030,2025,1724,2025-11-01,2025-10-22,paid
TAX-005751,ASM-005751,PROP-01917,CTY-030,2026,1807,2026-11-01,,outstanding
TAX-005752,ASM-005752,PROP-01918,CTY-030,2024,1608,2024-11-01,2024-10-22,paid
TAX-005753,ASM-005753,PROP-01918,CTY-030,2025,1701,2025-11-01,2025-10-17,paid
TAX-005754,ASM-005754,PROP-01918,CTY-030,2026,1802,2026-11-01,,outstanding
TAX-005755,ASM-005755,PROP-01919,CTY-030,2024,2091,2024-11-01,2024-10-29,paid
TAX-005756,ASM-005756,PROP-01919,CTY-030,2025,2242,2025-11-01,2025-09-26,paid
TAX-005757,ASM-005757,PROP-01919,CTY-030,2026,2376,2026-11-01,,outstanding
TAX-005758,ASM-005758,PROP-01920,CTY-030,2024,1982,2024-11-01,2024-10-07,paid
TAX-005759,ASM-005759,PROP-01920,CTY-030,2025,2082,2025-11-01,2025-10-11,paid
TAX-005760,ASM-005760,PROP-01920,CTY-030,2026,2224,2026-11-01,,outstanding
TAX-005761,ASM-005761,PROP-01921,CTY-030,2024,1805,2024-11-01,2024-09-22,paid
TAX-005762,ASM-005762,PROP-01921,CTY-030,2025,1937,2025-11-01,2025-09-28,paid
TAX-005763,ASM-005763,PROP-01921,CTY-030,2026,2072,2026-11-01,,outstanding
TAX-005764,ASM-005764,PROP-01922,CTY-030,2024,2205,2024-11-01,2024-10-13,paid
TAX-005765,ASM-005765,PROP-01922,CTY-030,2025,2335,2025-11-01,2025-10-06,paid
TAX-005766,ASM-005766,PROP-01922,CTY-030,2026,2487,2026-11-01,,outstanding
TAX-005767,ASM-005767,PROP-01923,CTY-030,2024,1803,2024-11-01,2024-10-23,paid
TAX-005768,ASM-005768,PROP-01923,CTY-030,2025,1938,2025-11-01,2025-10-14,paid
TAX-005769,ASM-005769,PROP-01923,CTY-030,2026,2001,2026-11-01,,outstanding
TAX-005770,ASM-005770,PROP-01924,CTY-030,2024,1816,2024-11-01,2024-10-16,paid
TAX-005771,ASM-005771,PROP-01924,CTY-030,2025,1907,2025-11-01,2025-10-27,paid
TAX-005772,ASM-005772,PROP-01924,CTY-030,2026,2033,2026-11-01,,outstanding
TAX-005773,ASM-005773,PROP-01925,CTY-030,2024,2129,2024-11-01,2024-10-29,paid
TAX-005774,ASM-005774,PROP-01925,CTY-030,2025,2270,2025-11-01,2025-10-01,paid
TAX-005775,ASM-005775,PROP-01925,CTY-030,2026,2419,2026-11-01,,outstanding
TAX-005776,ASM-005776,PROP-01926,CTY-030,2024,2214,2024-11-01,2024-09-23,paid
TAX-005777,ASM-005777,PROP-01926,CTY-030,2025,2334,2025-11-01,2025-10-12,paid
TAX-005778,ASM-005778,PROP-01926,CTY-030,2026,2469,2026-11-01,,outstanding
TAX-005779,ASM-005779,PROP-01927,CTY-030,2024,1613,2024-11-01,2024-10-01,paid
TAX-005780,ASM-005780,PROP-01927,CTY-030,2025,1713,2025-11-01,2025-10-15,paid
TAX-005781,ASM-005781,PROP-01927,CTY-030,2026,1782,2026-11-01,,outstanding
TAX-005782,ASM-005782,PROP-01928,CTY-030,2024,1927,2024-11-01,2024-10-24,paid
TAX-005783,ASM-005783,PROP-01928,CTY-030,2025,1989,2025-11-01,2025-10-02,paid
TAX-005784,ASM-005784,PROP-01928,CTY-030,2026,2118,2026-11-01,,outstanding
TAX-005785,ASM-005785,PROP-01929,CTY-030,2024,2073,2024-11-01,2024-10-22,paid
TAX-005786,ASM-005786,PROP-01929,CTY-030,2025,2221,2025-11-01,2025-10-16,paid
TAX-005787,ASM-005787,PROP-01929,CTY-030,2026,2312,2026-11-01,,outstanding
TAX-005788,ASM-005788,PROP-01930,CTY-030,2024,1707,2024-11-01,2024-10-10,paid
TAX-005789,ASM-005789,PROP-01930,CTY-030,2025,1830,2025-11-01,2025-10-07,paid
TAX-005790,ASM-005790,PROP-01930,CTY-030,2026,1939,2026-11-01,,outstanding
TAX-005791,ASM-005791,PROP-01931,CTY-030,2024,2133,2024-11-01,2024-09-29,paid
TAX-005792,ASM-005792,PROP-01931,CTY-030,2025,2266,2025-11-01,2025-10-13,paid
TAX-005793,ASM-005793,PROP-01931,CTY-030,2026,2438,2026-11-01,,outstanding
TAX-005794,ASM-005794,PROP-01932,CTY-030,2024,2206,2024-11-01,2024-09-22,paid
TAX-005795,ASM-005795,PROP-01932,CTY-030,2025,2344,2025-11-01,2025-10-08,paid
TAX-005796,ASM-005796,PROP-01932,CTY-030,2026,2437,2026-11-01,,outstanding
TAX-005797,ASM-005797,PROP-01933,CTY-030,2024,1957,2024-11-01,2024-10-18,paid
TAX-005798,ASM-005798,PROP-01933,CTY-030,2025,2097,2025-11-01,2025-10-21,paid
TAX-005799,ASM-005799,PROP-01933,CTY-030,2026,2206,2026-11-01,,outstanding
TAX-005800,ASM-005800,PROP-01934,CTY-030,2024,2613,2024-11-01,2024-10-15,paid
TAX-005801,ASM-005801,PROP-01934,CTY-030,2025,2704,2025-11-01,2025-10-04,paid
TAX-005802,ASM-005802,PROP-01934,CTY-030,2026,2856,2026-11-01,,outstanding
TAX-005803,ASM-005803,PROP-01935,CTY-030,2024,2632,2024-11-01,2024-10-07,paid
TAX-005804,ASM-005804,PROP-01935,CTY-030,2025,2735,2025-11-01,2025-09-27,paid
TAX-005805,ASM-005805,PROP-01935,CTY-030,2026,2927,2026-11-01,,outstanding
TAX-005806,ASM-005806,PROP-01936,CTY-030,2024,2620,2024-11-01,2024-09-30,paid
TAX-005807,ASM-005807,PROP-01936,CTY-030,2025,2706,2025-11-01,2025-10-07,paid
TAX-005808,ASM-005808,PROP-01936,CTY-030,2026,2888,2026-11-01,,outstanding
TAX-005809,ASM-005809,PROP-01937,CTY-030,2024,2559,2024-11-01,2024-10-02,paid
TAX-005810,ASM-005810,PROP-01937,CTY-030,2025,2665,2025-11-01,2025-10-20,paid
TAX-005811,ASM-005811,PROP-01937,CTY-030,2026,2835,2026-11-01,,outstanding
TAX-005812,ASM-005812,PROP-01938,CTY-030,2024,2708,2024-11-01,2024-09-26,paid
TAX-005813,ASM-005813,PROP-01938,CTY-030,2025,2910,2025-11-01,2025-10-01,paid
TAX-005814,ASM-005814,PROP-01938,CTY-030,2026,3065,2026-11-01,,outstanding
TAX-005815,ASM-005815,PROP-01939,CTY-030,2024,2455,2024-11-01,2024-10-10,paid
TAX-005816,ASM-005816,PROP-01939,CTY-030,2025,2631,2025-11-01,2025-10-18,paid
TAX-005817,ASM-005817,PROP-01939,CTY-030,2026,2747,2026-11-01,,outstanding
TAX-005818,ASM-005818,PROP-01940,CTY-030,2024,2611,2024-11-01,2024-10-12,paid
TAX-005819,ASM-005819,PROP-01940,CTY-030,2025,2741,2025-11-01,2025-10-12,paid
TAX-005820,ASM-005820,PROP-01940,CTY-030,2026,2947,2026-11-01,,outstanding
TAX-005821,ASM-005821,PROP-01941,CTY-030,2024,2439,2024-11-01,2024-10-10,paid
TAX-005822,ASM-005822,PROP-01941,CTY-030,2025,2544,2025-11-01,2025-10-07,paid
TAX-005823,ASM-005823,PROP-01941,CTY-030,2026,2707,2026-11-01,,outstanding
TAX-005824,ASM-005824,PROP-01942,CTY-030,2024,2335,2024-11-01,2024-10-25,paid
TAX-005825,ASM-005825,PROP-01942,CTY-030,2025,2447,2025-11-01,2025-10-04,paid
TAX-005826,ASM-005826,PROP-01942,CTY-030,2026,2550,2026-11-01,,outstanding
TAX-005827,ASM-005827,PROP-01943,CTY-030,2024,2371,2024-11-01,2024-09-24,paid
TAX-005828,ASM-005828,PROP-01943,CTY-030,2025,2493,2025-11-01,2025-09-29,paid
TAX-005829,ASM-005829,PROP-01943,CTY-030,2026,2585,2026-11-01,,outstanding
TAX-005830,ASM-005830,PROP-01944,CTY-030,2024,2890,2024-11-01,2024-10-04,paid
TAX-005831,ASM-005831,PROP-01944,CTY-030,2025,3003,2025-11-01,2025-09-30,paid
TAX-005832,ASM-005832,PROP-01944,CTY-030,2026,3132,2026-11-01,,outstanding
TAX-005833,ASM-005833,PROP-01945,CTY-030,2024,1768,2024-11-01,2024-10-15,paid
TAX-005834,ASM-005834,PROP-01945,CTY-030,2025,1899,2025-11-01,2025-09-26,paid
TAX-005835,ASM-005835,PROP-01945,CTY-030,2026,1990,2026-11-01,,outstanding
TAX-005836,ASM-005836,PROP-01946,CTY-030,2024,2404,2024-11-01,2024-10-31,paid
TAX-005837,ASM-005837,PROP-01946,CTY-030,2025,2544,2025-11-01,2025-09-30,paid
TAX-005838,ASM-005838,PROP-01946,CTY-030,2026,2729,2026-11-01,,outstanding
TAX-005839,ASM-005839,PROP-01947,CTY-030,2024,2186,2024-11-01,2024-10-28,paid
TAX-005840,ASM-005840,PROP-01947,CTY-030,2025,2300,2025-11-01,2025-10-13,paid
TAX-005841,ASM-005841,PROP-01947,CTY-030,2026,2434,2026-11-01,,outstanding
TAX-005842,ASM-005842,PROP-01948,CTY-030,2024,2198,2024-11-01,2024-09-28,paid
TAX-005843,ASM-005843,PROP-01948,CTY-030,2025,2353,2025-11-01,2025-10-14,paid
TAX-005844,ASM-005844,PROP-01948,CTY-030,2026,2518,2026-11-01,,outstanding
TAX-005845,ASM-005845,PROP-01949,CTY-030,2024,1958,2024-11-01,2024-10-18,paid
TAX-005846,ASM-005846,PROP-01949,CTY-030,2025,2058,2025-11-01,2025-10-18,paid
TAX-005847,ASM-005847,PROP-01949,CTY-030,2026,2173,2026-11-01,,outstanding
TAX-005848,ASM-005848,PROP-01950,CTY-030,2024,2465,2024-11-01,2024-09-30,paid
TAX-005849,ASM-005849,PROP-01950,CTY-030,2025,2624,2025-11-01,2025-10-31,paid
TAX-005850,ASM-005850,PROP-01950,CTY-030,2026,2796,2026-11-01,,outstanding
TAX-005851,ASM-005851,PROP-01951,CTY-030,2024,2272,2024-11-01,2024-10-06,paid
TAX-005852,ASM-005852,PROP-01951,CTY-030,2025,2390,2025-11-01,2025-09-26,paid
TAX-005853,ASM-005853,PROP-01951,CTY-030,2026,2525,2026-11-01,,outstanding
TAX-005854,ASM-005854,PROP-01952,CTY-030,2024,2985,2024-11-01,2024-11-01,paid
TAX-005855,ASM-005855,PROP-01952,CTY-030,2025,3208,2025-11-01,2025-10-23,paid
TAX-005856,ASM-005856,PROP-01952,CTY-030,2026,3395,2026-11-01,,outstanding
TAX-005857,ASM-005857,PROP-01953,CTY-030,2024,1911,2024-11-01,2024-09-26,paid
TAX-005858,ASM-005858,PROP-01953,CTY-030,2025,2010,2025-11-01,2025-10-29,paid
TAX-005859,ASM-005859,PROP-01953,CTY-030,2026,2118,2026-11-01,,outstanding
TAX-005860,ASM-005860,PROP-01954,CTY-030,2024,2699,2024-11-01,2024-10-11,paid
TAX-005861,ASM-005861,PROP-01954,CTY-030,2025,2898,2025-11-01,2025-10-15,paid
TAX-005862,ASM-005862,PROP-01954,CTY-030,2026,3084,2026-11-01,,outstanding
TAX-005863,ASM-005863,PROP-01955,CTY-030,2024,2452,2024-11-01,2024-10-20,paid
TAX-005864,ASM-005864,PROP-01955,CTY-030,2025,2606,2025-11-01,2025-10-15,paid
TAX-005865,ASM-005865,PROP-01955,CTY-030,2026,2708,2026-11-01,,outstanding
TAX-005866,ASM-005866,PROP-01956,CTY-030,2024,2396,2024-11-01,2024-10-03,paid
TAX-005867,ASM-005867,PROP-01956,CTY-030,2025,2496,2025-11-01,2025-10-05,paid
TAX-005868,ASM-005868,PROP-01956,CTY-030,2026,2580,2026-11-01,,outstanding
TAX-005869,ASM-005869,PROP-01957,CTY-030,2024,2242,2024-11-01,2024-10-23,paid
TAX-005870,ASM-005870,PROP-01957,CTY-030,2025,2310,2025-11-01,2025-09-27,paid
TAX-005871,ASM-005871,PROP-01957,CTY-030,2026,2461,2026-11-01,,outstanding
TAX-005872,ASM-005872,PROP-01958,CTY-030,2024,2228,2024-11-01,2024-10-12,paid
TAX-005873,ASM-005873,PROP-01958,CTY-030,2025,2369,2025-11-01,2025-09-30,paid
TAX-005874,ASM-005874,PROP-01958,CTY-030,2026,2450,2026-11-01,,outstanding
TAX-005875,ASM-005875,PROP-01959,CTY-030,2024,2155,2024-11-01,2024-10-11,paid
TAX-005876,ASM-005876,PROP-01959,CTY-030,2025,2262,2025-11-01,2025-10-24,paid
TAX-005877,ASM-005877,PROP-01959,CTY-030,2026,2390,2026-11-01,,outstanding
TAX-005878,ASM-005878,PROP-01960,CTY-030,2024,2311,2024-11-01,2024-10-01,paid
TAX-005879,ASM-005879,PROP-01960,CTY-030,2025,2434,2025-11-01,2025-09-30,paid
TAX-005880,ASM-005880,PROP-01960,CTY-030,2026,2606,2026-11-01,,outstanding
TAX-005881,ASM-005881,PROP-01961,CTY-030,2024,2270,2024-11-01,2024-09-24,paid
TAX-005882,ASM-005882,PROP-01961,CTY-030,2025,2408,2025-11-01,2025-10-04,paid
TAX-005883,ASM-005883,PROP-01961,CTY-030,2026,2516,2026-11-01,,outstanding
TAX-005884,ASM-005884,PROP-01962,CTY-030,2024,2368,2024-11-01,2024-10-20,paid
TAX-005885,ASM-005885,PROP-01962,CTY-030,2025,2479,2025-11-01,2025-10-18,paid
TAX-005886,ASM-005886,PROP-01962,CTY-030,2026,2654,2026-11-01,,outstanding
TAX-005887,ASM-005887,PROP-01963,CTY-030,2024,2348,2024-11-01,2024-10-11,paid
TAX-005888,ASM-005888,PROP-01963,CTY-030,2025,2494,2025-11-01,2025-10-15,paid
TAX-005889,ASM-005889,PROP-01963,CTY-030,2026,2605,2026-11-01,,outstanding
TAX-005890,ASM-005890,PROP-01964,CTY-030,2024,2018,2024-11-01,2024-09-29,paid
TAX-005891,ASM-005891,PROP-01964,CTY-030,2025,2139,2025-11-01,2025-09-28,paid
TAX-005892,ASM-005892,PROP-01964,CTY-030,2026,2273,2026-11-01,,outstanding
TAX-005893,ASM-005893,PROP-01965,CTY-030,2024,1809,2024-11-01,2024-10-20,paid
TAX-005894,ASM-005894,PROP-01965,CTY-030,2025,1909,2025-11-01,2025-09-27,paid
TAX-005895,ASM-005895,PROP-01965,CTY-030,2026,2029,2026-11-01,,outstanding
TAX-005896,ASM-005896,PROP-01966,CTY-030,2024,2157,2024-11-01,2024-11-01,paid
TAX-005897,ASM-005897,PROP-01966,CTY-030,2025,2278,2025-11-01,2025-09-24,paid
TAX-005898,ASM-005898,PROP-01966,CTY-030,2026,2428,2026-11-01,,outstanding
TAX-005899,ASM-005899,PROP-01967,CTY-030,2024,2329,2024-11-01,2024-09-29,paid
TAX-005900,ASM-005900,PROP-01967,CTY-030,2025,2463,2025-11-01,2025-09-23,paid
TAX-005901,ASM-005901,PROP-01967,CTY-030,2026,2557,2026-11-01,,outstanding
TAX-005902,ASM-005902,PROP-01968,CTY-030,2024,2598,2024-11-01,2024-10-08,paid
TAX-005903,ASM-005903,PROP-01968,CTY-030,2025,2722,2025-11-01,2025-10-15,paid
TAX-005904,ASM-005904,PROP-01968,CTY-030,2026,2835,2026-11-01,,outstanding
TAX-005905,ASM-005905,PROP-01969,CTY-030,2024,2353,2024-11-01,2024-09-30,paid
TAX-005906,ASM-005906,PROP-01969,CTY-030,2025,2440,2025-11-01,2025-10-17,paid
TAX-005907,ASM-005907,PROP-01969,CTY-030,2026,2605,2026-11-01,,outstanding
TAX-005908,ASM-005908,PROP-01970,CTY-030,2024,2121,2024-11-01,2024-10-20,paid
TAX-005909,ASM-005909,PROP-01970,CTY-030,2025,2213,2025-11-01,2025-10-25,paid
TAX-005910,ASM-005910,PROP-01970,CTY-030,2026,2379,2026-11-01,,outstanding
TAX-005911,ASM-005911,PROP-01971,CTY-030,2024,2758,2024-11-01,2024-10-07,paid
TAX-005912,ASM-005912,PROP-01971,CTY-030,2025,2945,2025-11-01,2025-10-19,paid
TAX-005913,ASM-005913,PROP-01971,CTY-030,2026,3144,2026-11-01,,outstanding
TAX-005914,ASM-005914,PROP-01972,CTY-030,2024,1964,2024-11-01,2024-10-05,paid
TAX-005915,ASM-005915,PROP-01972,CTY-030,2025,2110,2025-11-01,2025-10-27,paid
TAX-005916,ASM-005916,PROP-01972,CTY-030,2026,2225,2026-11-01,,outstanding
TAX-005917,ASM-005917,PROP-01973,CTY-030,2024,2162,2024-11-01,2024-09-27,paid
TAX-005918,ASM-005918,PROP-01973,CTY-030,2025,2316,2025-11-01,2025-10-16,paid
TAX-005919,ASM-005919,PROP-01973,CTY-030,2026,2436,2026-11-01,,outstanding
TAX-005920,ASM-005920,PROP-01974,CTY-030,2024,2722,2024-11-01,2024-10-31,paid
TAX-005921,ASM-005921,PROP-01974,CTY-030,2025,2911,2025-11-01,2025-09-29,paid
TAX-005922,ASM-005922,PROP-01974,CTY-030,2026,3120,2026-11-01,,outstanding
TAX-005923,ASM-005923,PROP-01975,CTY-030,2024,2467,2024-11-01,2024-10-20,paid
TAX-005924,ASM-005924,PROP-01975,CTY-030,2025,2555,2025-11-01,2025-09-26,paid
TAX-005925,ASM-005925,PROP-01975,CTY-030,2026,2634,2026-11-01,,outstanding
TAX-005926,ASM-005926,PROP-01976,CTY-030,2024,2383,2024-11-01,2024-10-07,paid
TAX-005927,ASM-005927,PROP-01976,CTY-030,2025,2512,2025-11-01,2025-10-19,paid
TAX-005928,ASM-005928,PROP-01976,CTY-030,2026,2615,2026-11-01,,outstanding
TAX-005929,ASM-005929,PROP-01977,CTY-030,2024,2696,2024-11-01,2024-10-30,paid
TAX-005930,ASM-005930,PROP-01977,CTY-030,2025,2855,2025-11-01,2025-10-26,paid
TAX-005931,ASM-005931,PROP-01977,CTY-030,2026,3011,2026-11-01,,outstanding
TAX-005932,ASM-005932,PROP-01978,CTY-030,2024,2350,2024-11-01,2024-09-26,paid
TAX-005933,ASM-005933,PROP-01978,CTY-030,2025,2462,2025-11-01,2025-09-22,paid
TAX-005934,ASM-005934,PROP-01978,CTY-030,2026,2597,2026-11-01,,outstanding
TAX-005935,ASM-005935,PROP-01979,CTY-030,2024,2518,2024-11-01,2024-10-13,paid
TAX-005936,ASM-005936,PROP-01979,CTY-030,2025,2613,2025-11-01,2025-10-10,paid
TAX-005937,ASM-005937,PROP-01979,CTY-030,2026,2693,2026-11-01,,outstanding
TAX-005938,ASM-005938,PROP-01980,CTY-030,2024,2283,2024-11-01,2024-10-07,paid
TAX-005939,ASM-005939,PROP-01980,CTY-030,2025,2400,2025-11-01,2025-09-29,paid
TAX-005940,ASM-005940,PROP-01980,CTY-030,2026,2534,2026-11-01,,outstanding
TAX-005941,ASM-005941,PROP-01981,CTY-030,2024,2470,2024-11-01,2024-10-06,paid
TAX-005942,ASM-005942,PROP-01981,CTY-030,2025,2603,2025-11-01,2025-10-01,paid
TAX-005943,ASM-005943,PROP-01981,CTY-030,2026,2740,2026-11-01,,outstanding
TAX-005944,ASM-005944,PROP-01982,CTY-030,2024,2235,2024-11-01,2024-10-13,paid
TAX-005945,ASM-005945,PROP-01982,CTY-030,2025,2391,2025-11-01,2025-10-06,paid
TAX-005946,ASM-005946,PROP-01982,CTY-030,2026,2531,2026-11-01,,outstanding
TAX-005947,ASM-005947,PROP-01983,CTY-030,2024,2208,2024-11-01,2024-10-02,paid
TAX-005948,ASM-005948,PROP-01983,CTY-030,2025,2350,2025-11-01,2025-10-17,paid
TAX-005949,ASM-005949,PROP-01983,CTY-030,2026,2482,2026-11-01,,outstanding
TAX-005950,ASM-005950,PROP-01984,CTY-030,2024,2444,2024-11-01,2024-10-18,paid
TAX-005951,ASM-005951,PROP-01984,CTY-030,2025,2584,2025-11-01,2025-10-28,paid
TAX-005952,ASM-005952,PROP-01984,CTY-030,2026,2730,2026-11-01,,outstanding
TAX-005953,ASM-005953,PROP-01985,CTY-030,2024,1945,2024-11-01,2024-10-04,paid
TAX-005954,ASM-005954,PROP-01985,CTY-030,2025,2054,2025-11-01,2025-10-27,paid
TAX-005955,ASM-005955,PROP-01985,CTY-030,2026,2155,2026-11-01,,outstanding
TAX-005956,ASM-005956,PROP-01986,CTY-030,2024,2061,2024-11-01,2024-10-18,paid
TAX-005957,ASM-005957,PROP-01986,CTY-030,2025,2191,2025-11-01,2025-11-01,paid
TAX-005958,ASM-005958,PROP-01986,CTY-030,2026,2317,2026-11-01,,outstanding
TAX-005959,ASM-005959,PROP-01987,CTY-030,2024,2368,2024-11-01,2024-10-22,paid
TAX-005960,ASM-005960,PROP-01987,CTY-030,2025,2533,2025-11-01,2025-10-20,paid
TAX-005961,ASM-005961,PROP-01987,CTY-030,2026,2667,2026-11-01,,outstanding
TAX-005962,ASM-005962,PROP-01988,CTY-030,2024,2087,2024-11-01,2024-10-30,paid
TAX-005963,ASM-005963,PROP-01988,CTY-030,2025,2222,2025-11-01,2025-09-30,paid
TAX-005964,ASM-005964,PROP-01988,CTY-030,2026,2300,2026-11-01,,outstanding
TAX-005965,ASM-005965,PROP-01989,CTY-030,2024,2320,2024-11-01,2024-10-20,paid
TAX-005966,ASM-005966,PROP-01989,CTY-030,2025,2432,2025-11-01,2025-10-02,paid
TAX-005967,ASM-005967,PROP-01989,CTY-030,2026,2567,2026-11-01,,outstanding
TAX-005968,ASM-005968,PROP-01990,CTY-030,2024,2980,2024-11-01,2024-09-24,paid
TAX-005969,ASM-005969,PROP-01990,CTY-030,2025,3202,2025-11-01,2025-10-10,paid
TAX-005970,ASM-005970,PROP-01990,CTY-030,2026,3315,2026-11-01,,outstanding
TAX-005971,ASM-005971,PROP-01991,CTY-030,2024,2163,2024-11-01,2024-10-01,paid
TAX-005972,ASM-005972,PROP-01991,CTY-030,2025,2326,2025-11-01,2025-11-01,paid
TAX-005973,ASM-005973,PROP-01991,CTY-030,2026,2434,2026-11-01,,outstanding
TAX-005974,ASM-005974,PROP-01992,CTY-030,2024,2540,2024-11-01,2024-10-19,paid
TAX-005975,ASM-005975,PROP-01992,CTY-030,2025,2700,2025-11-01,2025-10-19,paid
TAX-005976,ASM-005976,PROP-01992,CTY-030,2026,2854,2026-11-01,,outstanding
TAX-005977,ASM-005977,PROP-01993,CTY-030,2024,2700,2024-11-01,2024-10-24,paid
TAX-005978,ASM-005978,PROP-01993,CTY-030,2025,2809,2025-11-01,2025-09-30,paid
TAX-005979,ASM-005979,PROP-01993,CTY-030,2026,2996,2026-11-01,,outstanding
TAX-005980,ASM-005980,PROP-01994,CTY-030,2024,2057,2024-11-01,2024-10-11,paid
TAX-005981,ASM-005981,PROP-01994,CTY-030,2025,2135,2025-11-01,2025-10-09,paid
TAX-005982,ASM-005982,PROP-01994,CTY-030,2026,2213,2026-11-01,,outstanding
TAX-005983,ASM-005983,PROP-01995,CTY-030,2024,2168,2024-11-01,2024-09-28,paid
TAX-005984,ASM-005984,PROP-01995,CTY-030,2025,2238,2025-11-01,2025-10-15,paid
TAX-005985,ASM-005985,PROP-01995,CTY-030,2026,2307,2026-11-01,,outstanding
TAX-005986,ASM-005986,PROP-01996,CTY-030,2024,2612,2024-11-01,2024-10-04,paid
TAX-005987,ASM-005987,PROP-01996,CTY-030,2025,2694,2025-11-01,2025-10-11,paid
TAX-005988,ASM-005988,PROP-01996,CTY-030,2026,2802,2026-11-01,,outstanding
TAX-005989,ASM-005989,PROP-01997,CTY-030,2024,2194,2024-11-01,2024-10-07,paid
TAX-005990,ASM-005990,PROP-01997,CTY-030,2025,2279,2025-11-01,2025-10-27,paid
TAX-005991,ASM-005991,PROP-01997,CTY-030,2026,2448,2026-11-01,,outstanding
TAX-005992,ASM-005992,PROP-01998,CTY-030,2024,2760,2024-11-01,2024-10-05,paid
TAX-005993,ASM-005993,PROP-01998,CTY-030,2025,2949,2025-11-01,2025-10-05,paid
TAX-005994,ASM-005994,PROP-01998,CTY-030,2026,3093,2026-11-01,,outstanding
TAX-005995,ASM-005995,PROP-01999,CTY-030,2024,2177,2024-11-01,2024-10-05,paid
TAX-005996,ASM-005996,PROP-01999,CTY-030,2025,2301,2025-11-01,2025-10-11,paid
TAX-005997,ASM-005997,PROP-01999,CTY-030,2026,2432,2026-11-01,,outstanding
TAX-005998,ASM-005998,PROP-02000,CTY-030,2024,1979,2024-11-01,2024-10-20,paid
TAX-005999,ASM-005999,PROP-02000,CTY-030,2025,2047,2025-11-01,2025-10-26,paid
TAX-006000,ASM-006000,PROP-02000,CTY-030,2026,2152,2026-11-01,,outstanding
TAX-006001,ASM-006001,PROP-02001,CTY-030,2024,2461,2024-11-01,2024-09-24,paid
TAX-006002,ASM-006002,PROP-02001,CTY-030,2025,2635,2025-11-01,2025-10-23,paid
TAX-006003,ASM-006003,PROP-02001,CTY-030,2026,2817,2026-11-01,,outstanding
TAX-006004,ASM-006004,PROP-02002,CTY-031,2024,2494,2024-11-01,2024-10-27,paid
TAX-006005,ASM-006005,PROP-02002,CTY-031,2025,2579,2025-11-01,2025-09-24,paid
TAX-006006,ASM-006006,PROP-02002,CTY-031,2026,2716,2026-11-01,,outstanding
TAX-006007,ASM-006007,PROP-02003,CTY-031,2024,2040,2024-11-01,2024-10-02,paid
TAX-006008,ASM-006008,PROP-02003,CTY-031,2025,2140,2025-11-01,2025-10-22,paid
TAX-006009,ASM-006009,PROP-02003,CTY-031,2026,2213,2026-11-01,,outstanding
TAX-006010,ASM-006010,PROP-02004,CTY-031,2024,1853,2024-11-01,2024-09-22,paid
TAX-006011,ASM-006011,PROP-02004,CTY-031,2025,1908,2025-11-01,2025-10-19,paid
TAX-006012,ASM-006012,PROP-02004,CTY-031,2026,1984,2026-11-01,,outstanding
TAX-006013,ASM-006013,PROP-02005,CTY-031,2024,2480,2024-11-01,2024-10-09,paid
TAX-006014,ASM-006014,PROP-02005,CTY-031,2025,2602,2025-11-01,2025-10-17,paid
TAX-006015,ASM-006015,PROP-02005,CTY-031,2026,2765,2026-11-01,,outstanding
TAX-006016,ASM-006016,PROP-02006,CTY-031,2024,2622,2024-11-01,2024-09-26,paid
TAX-006017,ASM-006017,PROP-02006,CTY-031,2025,2766,2025-11-01,2025-10-18,paid
TAX-006018,ASM-006018,PROP-02006,CTY-031,2026,2845,2026-11-01,,outstanding
TAX-006019,ASM-006019,PROP-02007,CTY-031,2024,2535,2024-11-01,2024-10-30,paid
TAX-006020,ASM-006020,PROP-02007,CTY-031,2025,2648,2025-11-01,2025-10-07,paid
TAX-006021,ASM-006021,PROP-02007,CTY-031,2026,2815,2026-11-01,,outstanding
TAX-006022,ASM-006022,PROP-02008,CTY-031,2024,2772,2024-11-01,2024-10-21,paid
TAX-006023,ASM-006023,PROP-02008,CTY-031,2025,2860,2025-11-01,2025-10-23,paid
TAX-006024,ASM-006024,PROP-02008,CTY-031,2026,2946,2026-11-01,,outstanding
TAX-006025,ASM-006025,PROP-02009,CTY-031,2024,2061,2024-11-01,2024-10-27,paid
TAX-006026,ASM-006026,PROP-02009,CTY-031,2025,2152,2025-11-01,2025-09-25,paid
TAX-006027,ASM-006027,PROP-02009,CTY-031,2026,2213,2026-11-01,,outstanding
TAX-006028,ASM-006028,PROP-02010,CTY-031,2024,2197,2024-11-01,2024-10-09,paid
TAX-006029,ASM-006029,PROP-02010,CTY-031,2025,2308,2025-11-01,2025-09-25,paid
TAX-006030,ASM-006030,PROP-02010,CTY-031,2026,2412,2026-11-01,,outstanding
TAX-006031,ASM-006031,PROP-02011,CTY-031,2024,2063,2024-11-01,2024-09-26,paid
TAX-006032,ASM-006032,PROP-02011,CTY-031,2025,2139,2025-11-01,2025-10-08,paid
TAX-006033,ASM-006033,PROP-02011,CTY-031,2026,2234,2026-11-01,,outstanding
TAX-006034,ASM-006034,PROP-02012,CTY-031,2024,2667,2024-11-01,2024-10-27,paid
TAX-006035,ASM-006035,PROP-02012,CTY-031,2025,2846,2025-11-01,2025-10-29,paid
TAX-006036,ASM-006036,PROP-02012,CTY-031,2026,3015,2026-11-01,,outstanding
TAX-006037,ASM-006037,PROP-02013,CTY-031,2024,2210,2024-11-01,2024-09-22,paid
TAX-006038,ASM-006038,PROP-02013,CTY-031,2025,2305,2025-11-01,2025-10-27,paid
TAX-006039,ASM-006039,PROP-02013,CTY-031,2026,2444,2026-11-01,,outstanding
TAX-006040,ASM-006040,PROP-02014,CTY-031,2024,2288,2024-11-01,2024-09-30,paid
TAX-006041,ASM-006041,PROP-02014,CTY-031,2025,2418,2025-11-01,2025-09-29,paid
TAX-006042,ASM-006042,PROP-02014,CTY-031,2026,2574,2026-11-01,,outstanding
TAX-006043,ASM-006043,PROP-02015,CTY-031,2024,2500,2024-11-01,2024-09-22,paid
TAX-006044,ASM-006044,PROP-02015,CTY-031,2025,2630,2025-11-01,2025-10-11,paid
TAX-006045,ASM-006045,PROP-02015,CTY-031,2026,2777,2026-11-01,,outstanding
TAX-006046,ASM-006046,PROP-02016,CTY-031,2024,2124,2024-11-01,2024-10-16,paid
TAX-006047,ASM-006047,PROP-02016,CTY-031,2025,2215,2025-11-01,2025-10-30,paid
TAX-006048,ASM-006048,PROP-02016,CTY-031,2026,2287,2026-11-01,,outstanding
TAX-006049,ASM-006049,PROP-02017,CTY-031,2024,2328,2024-11-01,2024-10-20,paid
TAX-006050,ASM-006050,PROP-02017,CTY-031,2025,2400,2025-11-01,2025-10-02,paid
TAX-006051,ASM-006051,PROP-02017,CTY-031,2026,2468,2026-11-01,,outstanding
TAX-006052,ASM-006052,PROP-02018,CTY-031,2024,2522,2024-11-01,2024-09-28,paid
TAX-006053,ASM-006053,PROP-02018,CTY-031,2025,2685,2025-11-01,2025-10-26,paid
TAX-006054,ASM-006054,PROP-02018,CTY-031,2026,2815,2026-11-01,,outstanding
TAX-006055,ASM-006055,PROP-02019,CTY-031,2024,2453,2024-11-01,2024-09-25,paid
TAX-006056,ASM-006056,PROP-02019,CTY-031,2025,2574,2025-11-01,2025-10-04,paid
TAX-006057,ASM-006057,PROP-02019,CTY-031,2026,2666,2026-11-01,,outstanding
TAX-006058,ASM-006058,PROP-02020,CTY-031,2024,2149,2024-11-01,2024-10-22,paid
TAX-006059,ASM-006059,PROP-02020,CTY-031,2025,2227,2025-11-01,2025-10-25,paid
TAX-006060,ASM-006060,PROP-02020,CTY-031,2026,2353,2026-11-01,,outstanding
TAX-006061,ASM-006061,PROP-02021,CTY-031,2024,2792,2024-11-01,2024-10-03,paid
TAX-006062,ASM-006062,PROP-02021,CTY-031,2025,2967,2025-11-01,2025-10-29,paid
TAX-006063,ASM-006063,PROP-02021,CTY-031,2026,3136,2026-11-01,,outstanding
TAX-006064,ASM-006064,PROP-02022,CTY-031,2024,2490,2024-11-01,2024-09-23,paid
TAX-006065,ASM-006065,PROP-02022,CTY-031,2025,2598,2025-11-01,2025-09-25,paid
TAX-006066,ASM-006066,PROP-02022,CTY-031,2026,2708,2026-11-01,,outstanding
TAX-006067,ASM-006067,PROP-02023,CTY-031,2024,2343,2024-11-01,2024-10-04,paid
TAX-006068,ASM-006068,PROP-02023,CTY-031,2025,2498,2025-11-01,2025-11-01,paid
TAX-006069,ASM-006069,PROP-02023,CTY-031,2026,2639,2026-11-01,,outstanding
TAX-006070,ASM-006070,PROP-02024,CTY-032,2024,8095,2024-11-01,2024-10-16,paid
TAX-006071,ASM-006071,PROP-02024,CTY-032,2025,8597,2025-11-01,2025-10-11,paid
TAX-006072,ASM-006072,PROP-02024,CTY-032,2026,9143,2026-11-01,,outstanding
TAX-006073,ASM-006073,PROP-02025,CTY-032,2024,5934,2024-11-01,2024-10-27,paid
TAX-006074,ASM-006074,PROP-02025,CTY-032,2025,6652,2025-11-01,2025-10-03,paid
TAX-006075,ASM-006075,PROP-02025,CTY-032,2026,7426,2026-11-01,,outstanding
TAX-006076,ASM-006076,PROP-02026,CTY-032,2024,5617,2024-11-01,2024-10-21,paid
TAX-006077,ASM-006077,PROP-02026,CTY-032,2025,6043,2025-11-01,2025-09-25,paid
TAX-006078,ASM-006078,PROP-02026,CTY-032,2026,6141,2026-11-01,,outstanding
TAX-006079,ASM-006079,PROP-02027,CTY-032,2024,6239,2024-11-01,2024-09-25,paid
TAX-006080,ASM-006080,PROP-02027,CTY-032,2025,6694,2025-11-01,2025-09-24,paid
TAX-006081,ASM-006081,PROP-02027,CTY-032,2026,7086,2026-11-01,,outstanding
TAX-006082,ASM-006082,PROP-02028,CTY-032,2024,6158,2024-11-01,2024-09-26,paid
TAX-006083,ASM-006083,PROP-02028,CTY-032,2025,6515,2025-11-01,2025-10-27,paid
TAX-006084,ASM-006084,PROP-02028,CTY-032,2026,7236,2026-11-01,,outstanding
TAX-006085,ASM-006085,PROP-02029,CTY-032,2024,5686,2024-11-01,2024-10-26,paid
TAX-006086,ASM-006086,PROP-02029,CTY-032,2025,6042,2025-11-01,2025-10-26,paid
TAX-006087,ASM-006087,PROP-02029,CTY-032,2026,6037,2026-11-01,,outstanding
TAX-006088,ASM-006088,PROP-02030,CTY-032,2024,6496,2024-11-01,2024-10-23,paid
TAX-006089,ASM-006089,PROP-02030,CTY-032,2025,6951,2025-11-01,2025-10-12,paid
TAX-006090,ASM-006090,PROP-02030,CTY-032,2026,7716,2026-11-01,,outstanding
TAX-006091,ASM-006091,PROP-02031,CTY-032,2024,7284,2024-11-01,2024-10-08,paid
TAX-006092,ASM-006092,PROP-02031,CTY-032,2025,8026,2025-11-01,2025-10-01,paid
TAX-006093,ASM-006093,PROP-02031,CTY-032,2026,8889,2026-11-01,,outstanding
TAX-006094,ASM-006094,PROP-02032,CTY-032,2024,7129,2024-11-01,2024-10-24,paid
TAX-006095,ASM-006095,PROP-02032,CTY-032,2025,7894,2025-11-01,2025-10-12,paid
TAX-006096,ASM-006096,PROP-02032,CTY-032,2026,8399,2026-11-01,,outstanding
TAX-006097,ASM-006097,PROP-02033,CTY-032,2024,7843,2024-11-01,2024-10-04,paid
TAX-006098,ASM-006098,PROP-02033,CTY-032,2025,8312,2025-11-01,2025-10-25,paid
TAX-006099,ASM-006099,PROP-02033,CTY-032,2026,8887,2026-11-01,,outstanding
TAX-006100,ASM-006100,PROP-02034,CTY-032,2024,6595,2024-11-01,2024-10-23,paid
TAX-006101,ASM-006101,PROP-02034,CTY-032,2025,7036,2025-11-01,2025-09-27,paid
TAX-006102,ASM-006102,PROP-02034,CTY-032,2026,7785,2026-11-01,,outstanding
TAX-006103,ASM-006103,PROP-02035,CTY-032,2024,6143,2024-11-01,2024-10-28,paid
TAX-006104,ASM-006104,PROP-02035,CTY-032,2025,6738,2025-11-01,2025-10-31,paid
TAX-006105,ASM-006105,PROP-02035,CTY-032,2026,7309,2026-11-01,,outstanding
TAX-006106,ASM-006106,PROP-02036,CTY-032,2024,7736,2024-11-01,2024-10-20,paid
TAX-006107,ASM-006107,PROP-02036,CTY-032,2025,8317,2025-11-01,2025-10-28,paid
TAX-006108,ASM-006108,PROP-02036,CTY-032,2026,9198,2026-11-01,,outstanding
TAX-006109,ASM-006109,PROP-02037,CTY-032,2024,6518,2024-11-01,2024-10-15,paid
TAX-006110,ASM-006110,PROP-02037,CTY-032,2025,7184,2025-11-01,2025-09-26,paid
TAX-006111,ASM-006111,PROP-02037,CTY-032,2026,7616,2026-11-01,,outstanding
TAX-006112,ASM-006112,PROP-02038,CTY-032,2024,7252,2024-11-01,2024-10-19,paid
TAX-006113,ASM-006113,PROP-02038,CTY-032,2025,8064,2025-11-01,2025-10-13,paid
TAX-006114,ASM-006114,PROP-02038,CTY-032,2026,8784,2026-11-01,,outstanding
TAX-006115,ASM-006115,PROP-02039,CTY-032,2024,6412,2024-11-01,2024-10-19,paid
TAX-006116,ASM-006116,PROP-02039,CTY-032,2025,7041,2025-11-01,2025-10-02,paid
TAX-006117,ASM-006117,PROP-02039,CTY-032,2026,7784,2026-11-01,,outstanding
TAX-006118,ASM-006118,PROP-02040,CTY-032,2024,8072,2024-11-01,2024-09-27,paid
TAX-006119,ASM-006119,PROP-02040,CTY-032,2025,8884,2025-11-01,2025-10-31,paid
TAX-006120,ASM-006120,PROP-02040,CTY-032,2026,9436,2026-11-01,,outstanding
TAX-006121,ASM-006121,PROP-02041,CTY-032,2024,6351,2024-11-01,2024-10-06,paid
TAX-006122,ASM-006122,PROP-02041,CTY-032,2025,7044,2025-11-01,2025-10-25,paid
TAX-006123,ASM-006123,PROP-02041,CTY-032,2026,7757,2026-11-01,,outstanding
TAX-006124,ASM-006124,PROP-02042,CTY-032,2024,6506,2024-11-01,2024-10-21,paid
TAX-006125,ASM-006125,PROP-02042,CTY-032,2025,7056,2025-11-01,2025-10-17,paid
TAX-006126,ASM-006126,PROP-02042,CTY-032,2026,7805,2026-11-01,,outstanding
TAX-006127,ASM-006127,PROP-02043,CTY-032,2024,7804,2024-11-01,2024-10-17,paid
TAX-006128,ASM-006128,PROP-02043,CTY-032,2025,7895,2025-11-01,2025-10-09,paid
TAX-006129,ASM-006129,PROP-02043,CTY-032,2026,9130,2026-11-01,,outstanding
TAX-006130,ASM-006130,PROP-02044,CTY-032,2024,5667,2024-11-01,2024-10-01,paid
TAX-006131,ASM-006131,PROP-02044,CTY-032,2025,6001,2025-11-01,2025-10-28,paid
TAX-006132,ASM-006132,PROP-02044,CTY-032,2026,6383,2026-11-01,,outstanding
TAX-006133,ASM-006133,PROP-02045,CTY-032,2024,6259,2024-11-01,2024-09-23,paid
TAX-006134,ASM-006134,PROP-02045,CTY-032,2025,6627,2025-11-01,2025-09-27,paid
TAX-006135,ASM-006135,PROP-02045,CTY-032,2026,7099,2026-11-01,,outstanding
TAX-006136,ASM-006136,PROP-02046,CTY-032,2024,6779,2024-11-01,2024-10-06,paid
TAX-006137,ASM-006137,PROP-02046,CTY-032,2025,7414,2025-11-01,2025-10-10,paid
TAX-006138,ASM-006138,PROP-02046,CTY-032,2026,8237,2026-11-01,,outstanding
TAX-006139,ASM-006139,PROP-02047,CTY-032,2024,6126,2024-11-01,2024-10-11,paid
TAX-006140,ASM-006140,PROP-02047,CTY-032,2025,6704,2025-11-01,2025-10-02,paid
TAX-006141,ASM-006141,PROP-02047,CTY-032,2026,7112,2026-11-01,,outstanding
TAX-006142,ASM-006142,PROP-02048,CTY-032,2024,7555,2024-11-01,2024-09-24,paid
TAX-006143,ASM-006143,PROP-02048,CTY-032,2025,7930,2025-11-01,2025-09-26,paid
TAX-006144,ASM-006144,PROP-02048,CTY-032,2026,8428,2026-11-01,,outstanding
TAX-006145,ASM-006145,PROP-02049,CTY-032,2024,6970,2024-11-01,2024-10-03,paid
TAX-006146,ASM-006146,PROP-02049,CTY-032,2025,7463,2025-11-01,2025-10-05,paid
TAX-006147,ASM-006147,PROP-02049,CTY-032,2026,7983,2026-11-01,,outstanding
TAX-006148,ASM-006148,PROP-02050,CTY-032,2024,6381,2024-11-01,2024-10-30,paid
TAX-006149,ASM-006149,PROP-02050,CTY-032,2025,6824,2025-11-01,2025-10-11,paid
TAX-006150,ASM-006150,PROP-02050,CTY-032,2026,7190,2026-11-01,,outstanding
TAX-006151,ASM-006151,PROP-02051,CTY-032,2024,6970,2024-11-01,2024-10-02,paid
TAX-006152,ASM-006152,PROP-02051,CTY-032,2025,6811,2025-11-01,2025-10-01,paid
TAX-006153,ASM-006153,PROP-02051,CTY-032,2026,8020,2026-11-01,,outstanding
TAX-006154,ASM-006154,PROP-02052,CTY-032,2024,6448,2024-11-01,2024-10-11,paid
TAX-006155,ASM-006155,PROP-02052,CTY-032,2025,7046,2025-11-01,2025-09-27,paid
TAX-006156,ASM-006156,PROP-02052,CTY-032,2026,7887,2026-11-01,,outstanding
TAX-006157,ASM-006157,PROP-02053,CTY-032,2024,5645,2024-11-01,2024-09-29,paid
TAX-006158,ASM-006158,PROP-02053,CTY-032,2025,5826,2025-11-01,2025-10-07,paid
TAX-006159,ASM-006159,PROP-02053,CTY-032,2026,6478,2026-11-01,,outstanding
TAX-006160,ASM-006160,PROP-02054,CTY-032,2024,6791,2024-11-01,2024-10-13,paid
TAX-006161,ASM-006161,PROP-02054,CTY-032,2025,7290,2025-11-01,2025-10-19,paid
TAX-006162,ASM-006162,PROP-02054,CTY-032,2026,7786,2026-11-01,,outstanding
TAX-006163,ASM-006163,PROP-02055,CTY-032,2024,7859,2024-11-01,2024-09-29,paid
TAX-006164,ASM-006164,PROP-02055,CTY-032,2025,8598,2025-11-01,2025-10-27,paid
TAX-006165,ASM-006165,PROP-02055,CTY-032,2026,8927,2026-11-01,,outstanding
TAX-006166,ASM-006166,PROP-02056,CTY-032,2024,6149,2024-11-01,2024-09-23,paid
TAX-006167,ASM-006167,PROP-02056,CTY-032,2025,6755,2025-11-01,2025-09-24,paid
TAX-006168,ASM-006168,PROP-02056,CTY-032,2026,7203,2026-11-01,,outstanding
TAX-006169,ASM-006169,PROP-02057,CTY-032,2024,7314,2024-11-01,2024-09-24,paid
TAX-006170,ASM-006170,PROP-02057,CTY-032,2025,7297,2025-11-01,2025-10-03,paid
TAX-006171,ASM-006171,PROP-02057,CTY-032,2026,8575,2026-11-01,,outstanding
TAX-006172,ASM-006172,PROP-02058,CTY-032,2024,6140,2024-11-01,2024-10-29,paid
TAX-006173,ASM-006173,PROP-02058,CTY-032,2025,6521,2025-11-01,2025-10-01,paid
TAX-006174,ASM-006174,PROP-02058,CTY-032,2026,7246,2026-11-01,,outstanding
TAX-006175,ASM-006175,PROP-02059,CTY-032,2024,7565,2024-11-01,2024-09-26,paid
TAX-006176,ASM-006176,PROP-02059,CTY-032,2025,8340,2025-11-01,2025-09-27,paid
TAX-006177,ASM-006177,PROP-02059,CTY-032,2026,8675,2026-11-01,,outstanding
TAX-006178,ASM-006178,PROP-02060,CTY-032,2024,7866,2024-11-01,2024-10-13,paid
TAX-006179,ASM-006179,PROP-02060,CTY-032,2025,8135,2025-11-01,2025-10-28,paid
TAX-006180,ASM-006180,PROP-02060,CTY-032,2026,9205,2026-11-01,,outstanding
TAX-006181,ASM-006181,PROP-02061,CTY-032,2024,5377,2024-11-01,2024-10-06,paid
TAX-006182,ASM-006182,PROP-02061,CTY-032,2025,5676,2025-11-01,2025-10-26,paid
TAX-006183,ASM-006183,PROP-02061,CTY-032,2026,6357,2026-11-01,,outstanding
TAX-006184,ASM-006184,PROP-02062,CTY-032,2024,7203,2024-11-01,2024-10-10,paid
TAX-006185,ASM-006185,PROP-02062,CTY-032,2025,8067,2025-11-01,2025-10-22,paid
TAX-006186,ASM-006186,PROP-02062,CTY-032,2026,8483,2026-11-01,,outstanding
TAX-006187,ASM-006187,PROP-02063,CTY-032,2024,7239,2024-11-01,2024-10-27,paid
TAX-006188,ASM-006188,PROP-02063,CTY-032,2025,7638,2025-11-01,2025-10-26,paid
TAX-006189,ASM-006189,PROP-02063,CTY-032,2026,8164,2026-11-01,,outstanding
TAX-006190,ASM-006190,PROP-02064,CTY-032,2024,7099,2024-11-01,2024-10-18,paid
TAX-006191,ASM-006191,PROP-02064,CTY-032,2025,7715,2025-11-01,2025-09-24,paid
TAX-006192,ASM-006192,PROP-02064,CTY-032,2026,8010,2026-11-01,,outstanding
TAX-006193,ASM-006193,PROP-02065,CTY-032,2024,8249,2024-11-01,2024-09-22,paid
TAX-006194,ASM-006194,PROP-02065,CTY-032,2025,9211,2025-11-01,2025-10-19,paid
TAX-006195,ASM-006195,PROP-02065,CTY-032,2026,10188,2026-11-01,,outstanding
TAX-006196,ASM-006196,PROP-02066,CTY-032,2024,7160,2024-11-01,2024-09-25,paid
TAX-006197,ASM-006197,PROP-02066,CTY-032,2025,8006,2025-11-01,2025-10-28,paid
TAX-006198,ASM-006198,PROP-02066,CTY-032,2026,8578,2026-11-01,,outstanding
TAX-006199,ASM-006199,PROP-02067,CTY-032,2024,5692,2024-11-01,2024-10-13,paid
TAX-006200,ASM-006200,PROP-02067,CTY-032,2025,6125,2025-11-01,2025-10-18,paid
TAX-006201,ASM-006201,PROP-02067,CTY-032,2026,6797,2026-11-01,,outstanding
TAX-006202,ASM-006202,PROP-02068,CTY-032,2024,6979,2024-11-01,2024-10-10,paid
TAX-006203,ASM-006203,PROP-02068,CTY-032,2025,7384,2025-11-01,2025-09-26,paid
TAX-006204,ASM-006204,PROP-02068,CTY-032,2026,8022,2026-11-01,,outstanding
TAX-006205,ASM-006205,PROP-02069,CTY-032,2024,6518,2024-11-01,2024-10-03,paid
TAX-006206,ASM-006206,PROP-02069,CTY-032,2025,7223,2025-11-01,2025-10-18,paid
TAX-006207,ASM-006207,PROP-02069,CTY-032,2026,8106,2026-11-01,,outstanding
TAX-006208,ASM-006208,PROP-02070,CTY-032,2024,6666,2024-11-01,2024-09-25,paid
TAX-006209,ASM-006209,PROP-02070,CTY-032,2025,7479,2025-11-01,2025-10-27,paid
TAX-006210,ASM-006210,PROP-02070,CTY-032,2026,7875,2026-11-01,,outstanding
TAX-006211,ASM-006211,PROP-02071,CTY-032,2024,7274,2024-11-01,2024-10-12,paid
TAX-006212,ASM-006212,PROP-02071,CTY-032,2025,8086,2025-11-01,2025-10-09,paid
TAX-006213,ASM-006213,PROP-02071,CTY-032,2026,9012,2026-11-01,,outstanding
TAX-006214,ASM-006214,PROP-02072,CTY-032,2024,6176,2024-11-01,2024-10-09,paid
TAX-006215,ASM-006215,PROP-02072,CTY-032,2025,6717,2025-11-01,2025-10-30,paid
TAX-006216,ASM-006216,PROP-02072,CTY-032,2026,7417,2026-11-01,,outstanding
TAX-006217,ASM-006217,PROP-02073,CTY-032,2024,6586,2024-11-01,2024-10-06,paid
TAX-006218,ASM-006218,PROP-02073,CTY-032,2025,7194,2025-11-01,2025-10-31,paid
TAX-006219,ASM-006219,PROP-02073,CTY-032,2026,7688,2026-11-01,,outstanding
TAX-006220,ASM-006220,PROP-02074,CTY-032,2024,6305,2024-11-01,2024-09-27,paid
TAX-006221,ASM-006221,PROP-02074,CTY-032,2025,6817,2025-11-01,2025-10-18,paid
TAX-006222,ASM-006222,PROP-02074,CTY-032,2026,7387,2026-11-01,,outstanding
TAX-006223,ASM-006223,PROP-02075,CTY-032,2024,6365,2024-11-01,2024-10-10,paid
TAX-006224,ASM-006224,PROP-02075,CTY-032,2025,6682,2025-11-01,2025-10-11,paid
TAX-006225,ASM-006225,PROP-02075,CTY-032,2026,7469,2026-11-01,,outstanding
TAX-006226,ASM-006226,PROP-02076,CTY-032,2024,7375,2024-11-01,2024-10-12,paid
TAX-006227,ASM-006227,PROP-02076,CTY-032,2025,8185,2025-11-01,2025-10-16,paid
TAX-006228,ASM-006228,PROP-02076,CTY-032,2026,8750,2026-11-01,,outstanding
TAX-006229,ASM-006229,PROP-02077,CTY-032,2024,6507,2024-11-01,2024-10-30,paid
TAX-006230,ASM-006230,PROP-02077,CTY-032,2025,6935,2025-11-01,2025-09-25,paid
TAX-006231,ASM-006231,PROP-02077,CTY-032,2026,7291,2026-11-01,,outstanding
TAX-006232,ASM-006232,PROP-02078,CTY-032,2024,6645,2024-11-01,2024-10-07,paid
TAX-006233,ASM-006233,PROP-02078,CTY-032,2025,7120,2025-11-01,2025-10-27,paid
TAX-006234,ASM-006234,PROP-02078,CTY-032,2026,7840,2026-11-01,,outstanding
TAX-006235,ASM-006235,PROP-02079,CTY-032,2024,7101,2024-11-01,2024-10-01,paid
TAX-006236,ASM-006236,PROP-02079,CTY-032,2025,7737,2025-11-01,2025-09-26,paid
TAX-006237,ASM-006237,PROP-02079,CTY-032,2026,8168,2026-11-01,,outstanding
TAX-006238,ASM-006238,PROP-02080,CTY-032,2024,7302,2024-11-01,2024-10-29,paid
TAX-006239,ASM-006239,PROP-02080,CTY-032,2025,7814,2025-11-01,2025-10-28,paid
TAX-006240,ASM-006240,PROP-02080,CTY-032,2026,8297,2026-11-01,,outstanding
TAX-006241,ASM-006241,PROP-02081,CTY-032,2024,6005,2024-11-01,2024-10-31,paid
TAX-006242,ASM-006242,PROP-02081,CTY-032,2025,6406,2025-11-01,2025-10-17,paid
TAX-006243,ASM-006243,PROP-02081,CTY-032,2026,7121,2026-11-01,,outstanding
TAX-006244,ASM-006244,PROP-02082,CTY-032,2024,6824,2024-11-01,2024-10-27,paid
TAX-006245,ASM-006245,PROP-02082,CTY-032,2025,7069,2025-11-01,2025-10-31,paid
TAX-006246,ASM-006246,PROP-02082,CTY-032,2026,8225,2026-11-01,,outstanding
TAX-006247,ASM-006247,PROP-02083,CTY-032,2024,5959,2024-11-01,2024-10-03,paid
TAX-006248,ASM-006248,PROP-02083,CTY-032,2025,6394,2025-11-01,2025-10-17,paid
TAX-006249,ASM-006249,PROP-02083,CTY-032,2026,7166,2026-11-01,,outstanding
TAX-006250,ASM-006250,PROP-02084,CTY-032,2024,7267,2024-11-01,2024-09-30,paid
TAX-006251,ASM-006251,PROP-02084,CTY-032,2025,7671,2025-11-01,2025-10-26,paid
TAX-006252,ASM-006252,PROP-02084,CTY-032,2026,8420,2026-11-01,,outstanding
TAX-006253,ASM-006253,PROP-02085,CTY-032,2024,7049,2024-11-01,2024-09-24,paid
TAX-006254,ASM-006254,PROP-02085,CTY-032,2025,7752,2025-11-01,2025-09-24,paid
TAX-006255,ASM-006255,PROP-02085,CTY-032,2026,8422,2026-11-01,,outstanding
TAX-006256,ASM-006256,PROP-02086,CTY-032,2024,8661,2024-11-01,2024-10-05,paid
TAX-006257,ASM-006257,PROP-02086,CTY-032,2025,8609,2025-11-01,2025-10-24,paid
TAX-006258,ASM-006258,PROP-02086,CTY-032,2026,10102,2026-11-01,,outstanding
TAX-006259,ASM-006259,PROP-02087,CTY-032,2024,6876,2024-11-01,2024-09-26,paid
TAX-006260,ASM-006260,PROP-02087,CTY-032,2025,7280,2025-11-01,2025-09-30,paid
TAX-006261,ASM-006261,PROP-02087,CTY-032,2026,7156,2026-11-01,,outstanding
TAX-006262,ASM-006262,PROP-02088,CTY-032,2024,6980,2024-11-01,2024-10-12,paid
TAX-006263,ASM-006263,PROP-02088,CTY-032,2025,7481,2025-11-01,2025-10-05,paid
TAX-006264,ASM-006264,PROP-02088,CTY-032,2026,8217,2026-11-01,,outstanding
TAX-006265,ASM-006265,PROP-02089,CTY-032,2024,7066,2024-11-01,2024-10-20,paid
TAX-006266,ASM-006266,PROP-02089,CTY-032,2025,7655,2025-11-01,2025-10-02,paid
TAX-006267,ASM-006267,PROP-02089,CTY-032,2026,8172,2026-11-01,,outstanding
TAX-006268,ASM-006268,PROP-02090,CTY-032,2024,6730,2024-11-01,2024-10-25,paid
TAX-006269,ASM-006269,PROP-02090,CTY-032,2025,7415,2025-11-01,2025-10-01,paid
TAX-006270,ASM-006270,PROP-02090,CTY-032,2026,8314,2026-11-01,,outstanding
TAX-006271,ASM-006271,PROP-02091,CTY-032,2024,7980,2024-11-01,2024-09-22,paid
TAX-006272,ASM-006272,PROP-02091,CTY-032,2025,8954,2025-11-01,2025-10-14,paid
TAX-006273,ASM-006273,PROP-02091,CTY-032,2026,9801,2026-11-01,,outstanding
TAX-006274,ASM-006274,PROP-02092,CTY-032,2024,6872,2024-11-01,2024-10-04,paid
TAX-006275,ASM-006275,PROP-02092,CTY-032,2025,7225,2025-11-01,2025-10-09,paid
TAX-006276,ASM-006276,PROP-02092,CTY-032,2026,8064,2026-11-01,,outstanding
TAX-006277,ASM-006277,PROP-02093,CTY-032,2024,6397,2024-11-01,2024-10-04,paid
TAX-006278,ASM-006278,PROP-02093,CTY-032,2025,6861,2025-11-01,2025-10-06,paid
TAX-006279,ASM-006279,PROP-02093,CTY-032,2026,7538,2026-11-01,,outstanding
TAX-006280,ASM-006280,PROP-02094,CTY-032,2024,6587,2024-11-01,2024-10-21,paid
TAX-006281,ASM-006281,PROP-02094,CTY-032,2025,7015,2025-11-01,2025-09-22,paid
TAX-006282,ASM-006282,PROP-02094,CTY-032,2026,7510,2026-11-01,,outstanding
TAX-006283,ASM-006283,PROP-02095,CTY-032,2024,8471,2024-11-01,2024-10-10,paid
TAX-006284,ASM-006284,PROP-02095,CTY-032,2025,9391,2025-11-01,2025-10-03,paid
TAX-006285,ASM-006285,PROP-02095,CTY-032,2026,9872,2026-11-01,,outstanding
TAX-006286,ASM-006286,PROP-02096,CTY-032,2024,8877,2024-11-01,2024-10-30,paid
TAX-006287,ASM-006287,PROP-02096,CTY-032,2025,9742,2025-11-01,2025-10-11,paid
TAX-006288,ASM-006288,PROP-02096,CTY-032,2026,9725,2026-11-01,,outstanding
TAX-006289,ASM-006289,PROP-02097,CTY-032,2024,5770,2024-11-01,2024-10-06,paid
TAX-006290,ASM-006290,PROP-02097,CTY-032,2025,6292,2025-11-01,2025-10-23,paid
TAX-006291,ASM-006291,PROP-02097,CTY-032,2026,6857,2026-11-01,,outstanding
TAX-006292,ASM-006292,PROP-02098,CTY-032,2024,7466,2024-11-01,2024-11-01,paid
TAX-006293,ASM-006293,PROP-02098,CTY-032,2025,7858,2025-11-01,2025-10-25,paid
TAX-006294,ASM-006294,PROP-02098,CTY-032,2026,8302,2026-11-01,,outstanding
TAX-006295,ASM-006295,PROP-02099,CTY-032,2024,7642,2024-11-01,2024-09-28,paid
TAX-006296,ASM-006296,PROP-02099,CTY-032,2025,8164,2025-11-01,2025-10-08,paid
TAX-006297,ASM-006297,PROP-02099,CTY-032,2026,9091,2026-11-01,,outstanding
TAX-006298,ASM-006298,PROP-02100,CTY-032,2024,7380,2024-11-01,2024-10-15,paid
TAX-006299,ASM-006299,PROP-02100,CTY-032,2025,7996,2025-11-01,2025-10-31,paid
TAX-006300,ASM-006300,PROP-02100,CTY-032,2026,8615,2026-11-01,,outstanding
TAX-006301,ASM-006301,PROP-02101,CTY-032,2024,7066,2024-11-01,2024-10-02,paid
TAX-006302,ASM-006302,PROP-02101,CTY-032,2025,7512,2025-11-01,2025-10-10,paid
TAX-006303,ASM-006303,PROP-02101,CTY-032,2026,7917,2026-11-01,,outstanding
TAX-006304,ASM-006304,PROP-02102,CTY-032,2024,7904,2024-11-01,2024-10-09,paid
TAX-006305,ASM-006305,PROP-02102,CTY-032,2025,8418,2025-11-01,2025-09-28,paid
TAX-006306,ASM-006306,PROP-02102,CTY-032,2026,9438,2026-11-01,,outstanding
TAX-006307,ASM-006307,PROP-02103,CTY-032,2024,5900,2024-11-01,2024-10-27,paid
TAX-006308,ASM-006308,PROP-02103,CTY-032,2025,6205,2025-11-01,2025-10-11,paid
TAX-006309,ASM-006309,PROP-02103,CTY-032,2026,6964,2026-11-01,,outstanding
TAX-006310,ASM-006310,PROP-02104,CTY-032,2024,7371,2024-11-01,2024-10-07,paid
TAX-006311,ASM-006311,PROP-02104,CTY-032,2025,8038,2025-11-01,2025-09-22,paid
TAX-006312,ASM-006312,PROP-02104,CTY-032,2026,8919,2026-11-01,,outstanding
TAX-006313,ASM-006313,PROP-02105,CTY-032,2024,7207,2024-11-01,2024-10-20,paid
TAX-006314,ASM-006314,PROP-02105,CTY-032,2025,7606,2025-11-01,2025-10-03,paid
TAX-006315,ASM-006315,PROP-02105,CTY-032,2026,8218,2026-11-01,,outstanding
TAX-006316,ASM-006316,PROP-02106,CTY-032,2024,6507,2024-11-01,2024-10-06,paid
TAX-006317,ASM-006317,PROP-02106,CTY-032,2025,6857,2025-11-01,2025-10-13,paid
TAX-006318,ASM-006318,PROP-02106,CTY-032,2026,7295,2026-11-01,,outstanding
TAX-006319,ASM-006319,PROP-02107,CTY-032,2024,6722,2024-11-01,2024-10-07,paid
TAX-006320,ASM-006320,PROP-02107,CTY-032,2025,6724,2025-11-01,2025-10-01,paid
TAX-006321,ASM-006321,PROP-02107,CTY-032,2026,7605,2026-11-01,,outstanding
TAX-006322,ASM-006322,PROP-02108,CTY-032,2024,5863,2024-11-01,2024-10-18,paid
TAX-006323,ASM-006323,PROP-02108,CTY-032,2025,6408,2025-11-01,2025-10-31,paid
TAX-006324,ASM-006324,PROP-02108,CTY-032,2026,6967,2026-11-01,,outstanding
TAX-006325,ASM-006325,PROP-02109,CTY-032,2024,7784,2024-11-01,2024-10-23,paid
TAX-006326,ASM-006326,PROP-02109,CTY-032,2025,8576,2025-11-01,2025-10-25,paid
TAX-006327,ASM-006327,PROP-02109,CTY-032,2026,9444,2026-11-01,,outstanding
TAX-006328,ASM-006328,PROP-02110,CTY-032,2024,6964,2024-11-01,2024-10-17,paid
TAX-006329,ASM-006329,PROP-02110,CTY-032,2025,6923,2025-11-01,2025-10-17,paid
TAX-006330,ASM-006330,PROP-02110,CTY-032,2026,8588,2026-11-01,,outstanding
TAX-006331,ASM-006331,PROP-02111,CTY-032,2024,7994,2024-11-01,2024-10-02,paid
TAX-006332,ASM-006332,PROP-02111,CTY-032,2025,8809,2025-11-01,2025-10-15,paid
TAX-006333,ASM-006333,PROP-02111,CTY-032,2026,9671,2026-11-01,,outstanding
TAX-006334,ASM-006334,PROP-02112,CTY-032,2024,8399,2024-11-01,2024-10-23,paid
TAX-006335,ASM-006335,PROP-02112,CTY-032,2025,9283,2025-11-01,2025-10-31,paid
TAX-006336,ASM-006336,PROP-02112,CTY-032,2026,9972,2026-11-01,,outstanding
TAX-006337,ASM-006337,PROP-02113,CTY-032,2024,7394,2024-11-01,2024-09-26,paid
TAX-006338,ASM-006338,PROP-02113,CTY-032,2025,7801,2025-11-01,2025-10-15,paid
TAX-006339,ASM-006339,PROP-02113,CTY-032,2026,8550,2026-11-01,,outstanding
TAX-006340,ASM-006340,PROP-02114,CTY-032,2024,7289,2024-11-01,2024-10-05,paid
TAX-006341,ASM-006341,PROP-02114,CTY-032,2025,7282,2025-11-01,2025-10-29,paid
TAX-006342,ASM-006342,PROP-02114,CTY-032,2026,8878,2026-11-01,,outstanding
TAX-006343,ASM-006343,PROP-02115,CTY-032,2024,6548,2024-11-01,2024-10-18,paid
TAX-006344,ASM-006344,PROP-02115,CTY-032,2025,7210,2025-11-01,2025-09-29,paid
TAX-006345,ASM-006345,PROP-02115,CTY-032,2026,7617,2026-11-01,,outstanding
TAX-006346,ASM-006346,PROP-02116,CTY-032,2024,7236,2024-11-01,2024-10-20,paid
TAX-006347,ASM-006347,PROP-02116,CTY-032,2025,7972,2025-11-01,2025-10-27,paid
TAX-006348,ASM-006348,PROP-02116,CTY-032,2026,8536,2026-11-01,,outstanding
TAX-006349,ASM-006349,PROP-02117,CTY-032,2024,7280,2024-11-01,2024-10-05,paid
TAX-006350,ASM-006350,PROP-02117,CTY-032,2025,7968,2025-11-01,2025-09-27,paid
TAX-006351,ASM-006351,PROP-02117,CTY-032,2026,8629,2026-11-01,,outstanding
TAX-006352,ASM-006352,PROP-02118,CTY-032,2024,7330,2024-11-01,2024-10-15,paid
TAX-006353,ASM-006353,PROP-02118,CTY-032,2025,7935,2025-11-01,2025-09-22,paid
TAX-006354,ASM-006354,PROP-02118,CTY-032,2026,8543,2026-11-01,,outstanding
TAX-006355,ASM-006355,PROP-02119,CTY-032,2024,7867,2024-11-01,2024-10-15,paid
TAX-006356,ASM-006356,PROP-02119,CTY-032,2025,8759,2025-11-01,2025-10-28,paid
TAX-006357,ASM-006357,PROP-02119,CTY-032,2026,9344,2026-11-01,,outstanding
TAX-006358,ASM-006358,PROP-02120,CTY-032,2024,9055,2024-11-01,2024-10-27,paid
TAX-006359,ASM-006359,PROP-02120,CTY-032,2025,9837,2025-11-01,2025-10-01,paid
TAX-006360,ASM-006360,PROP-02120,CTY-032,2026,10632,2026-11-01,,outstanding
TAX-006361,ASM-006361,PROP-02121,CTY-032,2024,7079,2024-11-01,2024-10-23,paid
TAX-006362,ASM-006362,PROP-02121,CTY-032,2025,7790,2025-11-01,2025-10-26,paid
TAX-006363,ASM-006363,PROP-02121,CTY-032,2026,8654,2026-11-01,,outstanding
TAX-006364,ASM-006364,PROP-02122,CTY-032,2024,7555,2024-11-01,2024-10-27,paid
TAX-006365,ASM-006365,PROP-02122,CTY-032,2025,8059,2025-11-01,2025-09-25,paid
TAX-006366,ASM-006366,PROP-02122,CTY-032,2026,8612,2026-11-01,,outstanding
TAX-006367,ASM-006367,PROP-02123,CTY-032,2024,7370,2024-11-01,2024-10-06,paid
TAX-006368,ASM-006368,PROP-02123,CTY-032,2025,7982,2025-11-01,2025-10-15,paid
TAX-006369,ASM-006369,PROP-02123,CTY-032,2026,8958,2026-11-01,,outstanding
TAX-006370,ASM-006370,PROP-02124,CTY-032,2024,7196,2024-11-01,2024-10-07,paid
TAX-006371,ASM-006371,PROP-02124,CTY-032,2025,8029,2025-11-01,2025-10-12,paid
TAX-006372,ASM-006372,PROP-02124,CTY-032,2026,8330,2026-11-01,,outstanding
TAX-006373,ASM-006373,PROP-02125,CTY-032,2024,8019,2024-11-01,2024-10-31,paid
TAX-006374,ASM-006374,PROP-02125,CTY-032,2025,8597,2025-11-01,2025-10-29,paid
TAX-006375,ASM-006375,PROP-02125,CTY-032,2026,9077,2026-11-01,,outstanding
TAX-006376,ASM-006376,PROP-02126,CTY-032,2024,7654,2024-11-01,2024-10-09,paid
TAX-006377,ASM-006377,PROP-02126,CTY-032,2025,8489,2025-11-01,2025-10-12,paid
TAX-006378,ASM-006378,PROP-02126,CTY-032,2026,9178,2026-11-01,,outstanding
TAX-006379,ASM-006379,PROP-02127,CTY-032,2024,8196,2024-11-01,2024-10-04,paid
TAX-006380,ASM-006380,PROP-02127,CTY-032,2025,8851,2025-11-01,2025-10-15,paid
TAX-006381,ASM-006381,PROP-02127,CTY-032,2026,9421,2026-11-01,,outstanding
TAX-006382,ASM-006382,PROP-02128,CTY-032,2024,7104,2024-11-01,2024-10-01,paid
TAX-006383,ASM-006383,PROP-02128,CTY-032,2025,7788,2025-11-01,2025-10-25,paid
TAX-006384,ASM-006384,PROP-02128,CTY-032,2026,8339,2026-11-01,,outstanding
TAX-006385,ASM-006385,PROP-02129,CTY-032,2024,6718,2024-11-01,2024-09-24,paid
TAX-006386,ASM-006386,PROP-02129,CTY-032,2025,7448,2025-11-01,2025-10-18,paid
TAX-006387,ASM-006387,PROP-02129,CTY-032,2026,8340,2026-11-01,,outstanding
TAX-006388,ASM-006388,PROP-02130,CTY-032,2024,8358,2024-11-01,2024-10-24,paid
TAX-006389,ASM-006389,PROP-02130,CTY-032,2025,9166,2025-11-01,2025-10-05,paid
TAX-006390,ASM-006390,PROP-02130,CTY-032,2026,9586,2026-11-01,,outstanding
TAX-006391,ASM-006391,PROP-02131,CTY-032,2024,8324,2024-11-01,2024-09-23,paid
TAX-006392,ASM-006392,PROP-02131,CTY-032,2025,8826,2025-11-01,2025-10-29,paid
TAX-006393,ASM-006393,PROP-02131,CTY-032,2026,9844,2026-11-01,,outstanding
TAX-006394,ASM-006394,PROP-02132,CTY-032,2024,9144,2024-11-01,2024-09-26,paid
TAX-006395,ASM-006395,PROP-02132,CTY-032,2025,10025,2025-11-01,2025-09-30,paid
TAX-006396,ASM-006396,PROP-02132,CTY-032,2026,10593,2026-11-01,,outstanding
TAX-006397,ASM-006397,PROP-02133,CTY-032,2024,8575,2024-11-01,2024-10-16,paid
TAX-006398,ASM-006398,PROP-02133,CTY-032,2025,9435,2025-11-01,2025-10-30,paid
TAX-006399,ASM-006399,PROP-02133,CTY-032,2026,10390,2026-11-01,,outstanding
TAX-006400,ASM-006400,PROP-02134,CTY-032,2024,6328,2024-11-01,2024-10-10,paid
TAX-006401,ASM-006401,PROP-02134,CTY-032,2025,7055,2025-11-01,2025-10-17,paid
TAX-006402,ASM-006402,PROP-02134,CTY-032,2026,7557,2026-11-01,,outstanding
TAX-006403,ASM-006403,PROP-02135,CTY-032,2024,7937,2024-11-01,2024-09-29,paid
TAX-006404,ASM-006404,PROP-02135,CTY-032,2025,7999,2025-11-01,2025-09-22,paid
TAX-006405,ASM-006405,PROP-02135,CTY-032,2026,9775,2026-11-01,,outstanding
TAX-006406,ASM-006406,PROP-02136,CTY-032,2024,7533,2024-11-01,2024-09-26,paid
TAX-006407,ASM-006407,PROP-02136,CTY-032,2025,8050,2025-11-01,2025-10-01,paid
TAX-006408,ASM-006408,PROP-02136,CTY-032,2026,8451,2026-11-01,,outstanding
TAX-006409,ASM-006409,PROP-02137,CTY-032,2024,8770,2024-11-01,2024-10-16,paid
TAX-006410,ASM-006410,PROP-02137,CTY-032,2025,9837,2025-11-01,2025-10-05,paid
TAX-006411,ASM-006411,PROP-02137,CTY-032,2026,9853,2026-11-01,,outstanding
TAX-006412,ASM-006412,PROP-02138,CTY-032,2024,7051,2024-11-01,2024-10-29,paid
TAX-006413,ASM-006413,PROP-02138,CTY-032,2025,7500,2025-11-01,2025-10-27,paid
TAX-006414,ASM-006414,PROP-02138,CTY-032,2026,8100,2026-11-01,,outstanding
TAX-006415,ASM-006415,PROP-02139,CTY-032,2024,7042,2024-11-01,2024-10-04,paid
TAX-006416,ASM-006416,PROP-02139,CTY-032,2025,7722,2025-11-01,2025-11-01,paid
TAX-006417,ASM-006417,PROP-02139,CTY-032,2026,8123,2026-11-01,,outstanding
TAX-006418,ASM-006418,PROP-02140,CTY-032,2024,7345,2024-11-01,2024-09-25,paid
TAX-006419,ASM-006419,PROP-02140,CTY-032,2025,8131,2025-11-01,2025-10-17,paid
TAX-006420,ASM-006420,PROP-02140,CTY-032,2026,8655,2026-11-01,,outstanding
TAX-006421,ASM-006421,PROP-02141,CTY-032,2024,8082,2024-11-01,2024-10-13,paid
TAX-006422,ASM-006422,PROP-02141,CTY-032,2025,8919,2025-11-01,2025-09-30,paid
TAX-006423,ASM-006423,PROP-02141,CTY-032,2026,9824,2026-11-01,,outstanding
TAX-006424,ASM-006424,PROP-02142,CTY-032,2024,7852,2024-11-01,2024-10-15,paid
TAX-006425,ASM-006425,PROP-02142,CTY-032,2025,8606,2025-11-01,2025-10-27,paid
TAX-006426,ASM-006426,PROP-02142,CTY-032,2026,9090,2026-11-01,,outstanding
TAX-006427,ASM-006427,PROP-02143,CTY-032,2024,8975,2024-11-01,2024-10-04,paid
TAX-006428,ASM-006428,PROP-02143,CTY-032,2025,10018,2025-11-01,2025-10-15,paid
TAX-006429,ASM-006429,PROP-02143,CTY-032,2026,10538,2026-11-01,,outstanding
TAX-006430,ASM-006430,PROP-02144,CTY-032,2024,6814,2024-11-01,2024-09-26,paid
TAX-006431,ASM-006431,PROP-02144,CTY-032,2025,7334,2025-11-01,2025-10-19,paid
TAX-006432,ASM-006432,PROP-02144,CTY-032,2026,8063,2026-11-01,,outstanding
TAX-006433,ASM-006433,PROP-02145,CTY-032,2024,9178,2024-11-01,2024-10-11,paid
TAX-006434,ASM-006434,PROP-02145,CTY-032,2025,9762,2025-11-01,2025-10-25,paid
TAX-006435,ASM-006435,PROP-02145,CTY-032,2026,10746,2026-11-01,,outstanding
TAX-006436,ASM-006436,PROP-02146,CTY-032,2024,7577,2024-11-01,2024-10-23,paid
TAX-006437,ASM-006437,PROP-02146,CTY-032,2025,8011,2025-11-01,2025-10-27,paid
TAX-006438,ASM-006438,PROP-02146,CTY-032,2026,8585,2026-11-01,,outstanding
TAX-006439,ASM-006439,PROP-02147,CTY-032,2024,7258,2024-11-01,2024-09-24,paid
TAX-006440,ASM-006440,PROP-02147,CTY-032,2025,7636,2025-11-01,2025-10-04,paid
TAX-006441,ASM-006441,PROP-02147,CTY-032,2026,8206,2026-11-01,,outstanding
TAX-006442,ASM-006442,PROP-02148,CTY-032,2024,8748,2024-11-01,2024-10-20,paid
TAX-006443,ASM-006443,PROP-02148,CTY-032,2025,9673,2025-11-01,2025-10-09,paid
TAX-006444,ASM-006444,PROP-02148,CTY-032,2026,10322,2026-11-01,,outstanding
TAX-006445,ASM-006445,PROP-02149,CTY-032,2024,7267,2024-11-01,2024-10-27,paid
TAX-006446,ASM-006446,PROP-02149,CTY-032,2025,7678,2025-11-01,2025-10-27,paid
TAX-006447,ASM-006447,PROP-02149,CTY-032,2026,8250,2026-11-01,,outstanding
TAX-006448,ASM-006448,PROP-02150,CTY-032,2024,8053,2024-11-01,2024-09-27,paid
TAX-006449,ASM-006449,PROP-02150,CTY-032,2025,8158,2025-11-01,2025-09-29,paid
TAX-006450,ASM-006450,PROP-02150,CTY-032,2026,9049,2026-11-01,,outstanding
TAX-006451,ASM-006451,PROP-02151,CTY-032,2024,6731,2024-11-01,2024-10-20,paid
TAX-006452,ASM-006452,PROP-02151,CTY-032,2025,7386,2025-11-01,2025-10-09,paid
TAX-006453,ASM-006453,PROP-02151,CTY-032,2026,8258,2026-11-01,,outstanding
TAX-006454,ASM-006454,PROP-02152,CTY-032,2024,8336,2024-11-01,2024-10-21,paid
TAX-006455,ASM-006455,PROP-02152,CTY-032,2025,9197,2025-11-01,2025-10-28,paid
TAX-006456,ASM-006456,PROP-02152,CTY-032,2026,9957,2026-11-01,,outstanding
TAX-006457,ASM-006457,PROP-02153,CTY-032,2024,7498,2024-11-01,2024-09-29,paid
TAX-006458,ASM-006458,PROP-02153,CTY-032,2025,8247,2025-11-01,2025-09-28,paid
TAX-006459,ASM-006459,PROP-02153,CTY-032,2026,8670,2026-11-01,,outstanding
TAX-006460,ASM-006460,PROP-02154,CTY-033,2024,5504,2024-11-01,2024-10-25,paid
TAX-006461,ASM-006461,PROP-02154,CTY-033,2025,6010,2025-11-01,2025-10-06,paid
TAX-006462,ASM-006462,PROP-02154,CTY-033,2026,5959,2026-11-01,,outstanding
TAX-006463,ASM-006463,PROP-02155,CTY-033,2024,5274,2024-11-01,2024-10-22,paid
TAX-006464,ASM-006464,PROP-02155,CTY-033,2025,5632,2025-11-01,2025-10-18,paid
TAX-006465,ASM-006465,PROP-02155,CTY-033,2026,6284,2026-11-01,,outstanding
TAX-006466,ASM-006466,PROP-02156,CTY-033,2024,4614,2024-11-01,2024-09-24,paid
TAX-006467,ASM-006467,PROP-02156,CTY-033,2025,4967,2025-11-01,2025-10-15,paid
TAX-006468,ASM-006468,PROP-02156,CTY-033,2026,5594,2026-11-01,,outstanding
TAX-006469,ASM-006469,PROP-02157,CTY-033,2024,4732,2024-11-01,2024-10-13,paid
TAX-006470,ASM-006470,PROP-02157,CTY-033,2025,5215,2025-11-01,2025-10-22,paid
TAX-006471,ASM-006471,PROP-02157,CTY-033,2026,5730,2026-11-01,,outstanding
TAX-006472,ASM-006472,PROP-02158,CTY-033,2024,4851,2024-11-01,2024-09-25,paid
TAX-006473,ASM-006473,PROP-02158,CTY-033,2025,5113,2025-11-01,2025-10-06,paid
TAX-006474,ASM-006474,PROP-02158,CTY-033,2026,5469,2026-11-01,,outstanding
TAX-006475,ASM-006475,PROP-02159,CTY-033,2024,5062,2024-11-01,2024-10-13,paid
TAX-006476,ASM-006476,PROP-02159,CTY-033,2025,5374,2025-11-01,2025-09-27,paid
TAX-006477,ASM-006477,PROP-02159,CTY-033,2026,6127,2026-11-01,,outstanding
TAX-006478,ASM-006478,PROP-02160,CTY-033,2024,6556,2024-11-01,2024-09-22,paid
TAX-006479,ASM-006479,PROP-02160,CTY-033,2025,7049,2025-11-01,2025-10-19,paid
TAX-006480,ASM-006480,PROP-02160,CTY-033,2026,7501,2026-11-01,,outstanding
TAX-006481,ASM-006481,PROP-02161,CTY-033,2024,6653,2024-11-01,2024-10-18,paid
TAX-006482,ASM-006482,PROP-02161,CTY-033,2025,7220,2025-11-01,2025-10-22,paid
TAX-006483,ASM-006483,PROP-02161,CTY-033,2026,7482,2026-11-01,,outstanding
TAX-006484,ASM-006484,PROP-02162,CTY-033,2024,5967,2024-11-01,2024-10-08,paid
TAX-006485,ASM-006485,PROP-02162,CTY-033,2025,6338,2025-11-01,2025-11-01,paid
TAX-006486,ASM-006486,PROP-02162,CTY-033,2026,6413,2026-11-01,,outstanding
TAX-006487,ASM-006487,PROP-02163,CTY-033,2024,4910,2024-11-01,2024-10-11,paid
TAX-006488,ASM-006488,PROP-02163,CTY-033,2025,5322,2025-11-01,2025-09-28,paid
TAX-006489,ASM-006489,PROP-02163,CTY-033,2026,5305,2026-11-01,,outstanding
TAX-006490,ASM-006490,PROP-02164,CTY-033,2024,5916,2024-11-01,2024-10-17,paid
TAX-006491,ASM-006491,PROP-02164,CTY-033,2025,6614,2025-11-01,2025-09-28,paid
TAX-006492,ASM-006492,PROP-02164,CTY-033,2026,7250,2026-11-01,,outstanding
TAX-006493,ASM-006493,PROP-02165,CTY-033,2024,6669,2024-11-01,2024-10-21,paid
TAX-006494,ASM-006494,PROP-02165,CTY-033,2025,7464,2025-11-01,2025-10-30,paid
TAX-006495,ASM-006495,PROP-02165,CTY-033,2026,8031,2026-11-01,,outstanding
TAX-006496,ASM-006496,PROP-02166,CTY-033,2024,5398,2024-11-01,2024-10-09,paid
TAX-006497,ASM-006497,PROP-02166,CTY-033,2025,5736,2025-11-01,2025-10-03,paid
TAX-006498,ASM-006498,PROP-02166,CTY-033,2026,6348,2026-11-01,,outstanding
TAX-006499,ASM-006499,PROP-02167,CTY-033,2024,6006,2024-11-01,2024-10-17,paid
TAX-006500,ASM-006500,PROP-02167,CTY-033,2025,6529,2025-11-01,2025-10-28,paid
TAX-006501,ASM-006501,PROP-02167,CTY-033,2026,6983,2026-11-01,,outstanding
TAX-006502,ASM-006502,PROP-02168,CTY-033,2024,4970,2024-11-01,2024-10-04,paid
TAX-006503,ASM-006503,PROP-02168,CTY-033,2025,5603,2025-11-01,2025-10-22,paid
TAX-006504,ASM-006504,PROP-02168,CTY-033,2026,6056,2026-11-01,,outstanding
TAX-006505,ASM-006505,PROP-02169,CTY-033,2024,5258,2024-11-01,2024-10-03,paid
TAX-006506,ASM-006506,PROP-02169,CTY-033,2025,5661,2025-11-01,2025-09-22,paid
TAX-006507,ASM-006507,PROP-02169,CTY-033,2026,6080,2026-11-01,,outstanding
TAX-006508,ASM-006508,PROP-02170,CTY-033,2024,4913,2024-11-01,2024-10-06,paid
TAX-006509,ASM-006509,PROP-02170,CTY-033,2025,5459,2025-11-01,2025-10-15,paid
TAX-006510,ASM-006510,PROP-02170,CTY-033,2026,5810,2026-11-01,,outstanding
TAX-006511,ASM-006511,PROP-02171,CTY-033,2024,6342,2024-11-01,2024-10-17,paid
TAX-006512,ASM-006512,PROP-02171,CTY-033,2025,7062,2025-11-01,2025-10-01,paid
TAX-006513,ASM-006513,PROP-02171,CTY-033,2026,7950,2026-11-01,,outstanding
TAX-006514,ASM-006514,PROP-02172,CTY-033,2024,5333,2024-11-01,2024-09-30,paid
TAX-006515,ASM-006515,PROP-02172,CTY-033,2025,5708,2025-11-01,2025-10-14,paid
TAX-006516,ASM-006516,PROP-02172,CTY-033,2026,6197,2026-11-01,,outstanding
TAX-006517,ASM-006517,PROP-02173,CTY-033,2024,6196,2024-11-01,2024-10-27,paid
TAX-006518,ASM-006518,PROP-02173,CTY-033,2025,6551,2025-11-01,2025-10-26,paid
TAX-006519,ASM-006519,PROP-02173,CTY-033,2026,7002,2026-11-01,,outstanding
TAX-006520,ASM-006520,PROP-02174,CTY-032,2024,7104,2024-11-01,2024-10-20,paid
TAX-006521,ASM-006521,PROP-02174,CTY-032,2025,7812,2025-11-01,2025-10-19,paid
TAX-006522,ASM-006522,PROP-02174,CTY-032,2026,8615,2026-11-01,,outstanding
TAX-006523,ASM-006523,PROP-02175,CTY-032,2024,7404,2024-11-01,2024-10-07,paid
TAX-006524,ASM-006524,PROP-02175,CTY-032,2025,8260,2025-11-01,2025-09-30,paid
TAX-006525,ASM-006525,PROP-02175,CTY-032,2026,9266,2026-11-01,,outstanding
TAX-006526,ASM-006526,PROP-02176,CTY-032,2024,6087,2024-11-01,2024-09-22,paid
TAX-006527,ASM-006527,PROP-02176,CTY-032,2025,6501,2025-11-01,2025-11-01,paid
TAX-006528,ASM-006528,PROP-02176,CTY-032,2026,6829,2026-11-01,,outstanding
TAX-006529,ASM-006529,PROP-02177,CTY-032,2024,7360,2024-11-01,2024-10-18,paid
TAX-006530,ASM-006530,PROP-02177,CTY-032,2025,7817,2025-11-01,2025-10-17,paid
TAX-006531,ASM-006531,PROP-02177,CTY-032,2026,8683,2026-11-01,,outstanding
TAX-006532,ASM-006532,PROP-02178,CTY-032,2024,9046,2024-11-01,2024-10-26,paid
TAX-006533,ASM-006533,PROP-02178,CTY-032,2025,9816,2025-11-01,2025-10-06,paid
TAX-006534,ASM-006534,PROP-02178,CTY-032,2026,10575,2026-11-01,,outstanding
TAX-006535,ASM-006535,PROP-02179,CTY-032,2024,7170,2024-11-01,2024-10-11,paid
TAX-006536,ASM-006536,PROP-02179,CTY-032,2025,7996,2025-11-01,2025-09-25,paid
TAX-006537,ASM-006537,PROP-02179,CTY-032,2026,8955,2026-11-01,,outstanding
TAX-006538,ASM-006538,PROP-02180,CTY-032,2024,6411,2024-11-01,2024-09-26,paid
TAX-006539,ASM-006539,PROP-02180,CTY-032,2025,7086,2025-11-01,2025-10-10,paid
TAX-006540,ASM-006540,PROP-02180,CTY-032,2026,7497,2026-11-01,,outstanding
TAX-006541,ASM-006541,PROP-02181,CTY-032,2024,6840,2024-11-01,2024-09-22,paid
TAX-006542,ASM-006542,PROP-02181,CTY-032,2025,7561,2025-11-01,2025-10-27,paid
TAX-006543,ASM-006543,PROP-02181,CTY-032,2026,8431,2026-11-01,,outstanding
TAX-006544,ASM-006544,PROP-02182,CTY-032,2024,6705,2024-11-01,2024-10-27,paid
TAX-006545,ASM-006545,PROP-02182,CTY-032,2025,7281,2025-11-01,2025-10-15,paid
TAX-006546,ASM-006546,PROP-02182,CTY-032,2026,7795,2026-11-01,,outstanding
TAX-006547,ASM-006547,PROP-02183,CTY-032,2024,7127,2024-11-01,2024-10-07,paid
TAX-006548,ASM-006548,PROP-02183,CTY-032,2025,7857,2025-11-01,2025-10-12,paid
TAX-006549,ASM-006549,PROP-02183,CTY-032,2026,8464,2026-11-01,,outstanding
TAX-006550,ASM-006550,PROP-02184,CTY-032,2024,5372,2024-11-01,2024-09-27,paid
TAX-006551,ASM-006551,PROP-02184,CTY-032,2025,5385,2025-11-01,2025-10-24,paid
TAX-006552,ASM-006552,PROP-02184,CTY-032,2026,6648,2026-11-01,,outstanding
TAX-006553,ASM-006553,PROP-02185,CTY-032,2024,6971,2024-11-01,2024-09-24,paid
TAX-006554,ASM-006554,PROP-02185,CTY-032,2025,7722,2025-11-01,2025-10-09,paid
TAX-006555,ASM-006555,PROP-02185,CTY-032,2026,8291,2026-11-01,,outstanding
TAX-006556,ASM-006556,PROP-02186,CTY-032,2024,5995,2024-11-01,2024-10-01,paid
TAX-006557,ASM-006557,PROP-02186,CTY-032,2025,6565,2025-11-01,2025-09-26,paid
TAX-006558,ASM-006558,PROP-02186,CTY-032,2026,7145,2026-11-01,,outstanding
TAX-006559,ASM-006559,PROP-02187,CTY-032,2024,7435,2024-11-01,2024-10-21,paid
TAX-006560,ASM-006560,PROP-02187,CTY-032,2025,8301,2025-11-01,2025-09-27,paid
TAX-006561,ASM-006561,PROP-02187,CTY-032,2026,9295,2026-11-01,,outstanding
TAX-006562,ASM-006562,PROP-02188,CTY-032,2024,7864,2024-11-01,2024-10-11,paid
TAX-006563,ASM-006563,PROP-02188,CTY-032,2025,8382,2025-11-01,2025-10-26,paid
TAX-006564,ASM-006564,PROP-02188,CTY-032,2026,9093,2026-11-01,,outstanding
TAX-006565,ASM-006565,PROP-02189,CTY-032,2024,8026,2024-11-01,2024-10-10,paid
TAX-006566,ASM-006566,PROP-02189,CTY-032,2025,8433,2025-11-01,2025-10-23,paid
TAX-006567,ASM-006567,PROP-02189,CTY-032,2026,9185,2026-11-01,,outstanding
TAX-006568,ASM-006568,PROP-02190,CTY-032,2024,5710,2024-11-01,2024-09-22,paid
TAX-006569,ASM-006569,PROP-02190,CTY-032,2025,6093,2025-11-01,2025-10-03,paid
TAX-006570,ASM-006570,PROP-02190,CTY-032,2026,6756,2026-11-01,,outstanding
TAX-006571,ASM-006571,PROP-02191,CTY-032,2024,6341,2024-11-01,2024-10-15,paid
TAX-006572,ASM-006572,PROP-02191,CTY-032,2025,7032,2025-11-01,2025-09-30,paid
TAX-006573,ASM-006573,PROP-02191,CTY-032,2026,7164,2026-11-01,,outstanding
TAX-006574,ASM-006574,PROP-02192,CTY-032,2024,7581,2024-11-01,2024-10-11,paid
TAX-006575,ASM-006575,PROP-02192,CTY-032,2025,8302,2025-11-01,2025-09-22,paid
TAX-006576,ASM-006576,PROP-02192,CTY-032,2026,8940,2026-11-01,,outstanding
TAX-006577,ASM-006577,PROP-02193,CTY-032,2024,7261,2024-11-01,2024-10-28,paid
TAX-006578,ASM-006578,PROP-02193,CTY-032,2025,7943,2025-11-01,2025-09-28,paid
TAX-006579,ASM-006579,PROP-02193,CTY-032,2026,8380,2026-11-01,,outstanding
TAX-006580,ASM-006580,PROP-02194,CTY-032,2024,6494,2024-11-01,2024-09-29,paid
TAX-006581,ASM-006581,PROP-02194,CTY-032,2025,6837,2025-11-01,2025-10-20,paid
TAX-006582,ASM-006582,PROP-02194,CTY-032,2026,7615,2026-11-01,,outstanding
TAX-006583,ASM-006583,PROP-02195,CTY-032,2024,7767,2024-11-01,2024-10-06,paid
TAX-006584,ASM-006584,PROP-02195,CTY-032,2025,8685,2025-11-01,2025-10-30,paid
TAX-006585,ASM-006585,PROP-02195,CTY-032,2026,9402,2026-11-01,,outstanding
TAX-006586,ASM-006586,PROP-02196,CTY-032,2024,7289,2024-11-01,2024-10-06,paid
TAX-006587,ASM-006587,PROP-02196,CTY-032,2025,7339,2025-11-01,2025-10-01,paid
TAX-006588,ASM-006588,PROP-02196,CTY-032,2026,9042,2026-11-01,,outstanding
TAX-006589,ASM-006589,PROP-02197,CTY-032,2024,5084,2024-11-01,2024-10-05,paid
TAX-006590,ASM-006590,PROP-02197,CTY-032,2025,5567,2025-11-01,2025-10-11,paid
TAX-006591,ASM-006591,PROP-02197,CTY-032,2026,6171,2026-11-01,,outstanding
TAX-006592,ASM-006592,PROP-02198,CTY-032,2024,7479,2024-11-01,2024-10-23,paid
TAX-006593,ASM-006593,PROP-02198,CTY-032,2025,7971,2025-11-01,2025-10-24,paid
TAX-006594,ASM-006594,PROP-02198,CTY-032,2026,8552,2026-11-01,,outstanding
TAX-006595,ASM-006595,PROP-02199,CTY-032,2024,6178,2024-11-01,2024-10-13,paid
TAX-006596,ASM-006596,PROP-02199,CTY-032,2025,6708,2025-11-01,2025-10-18,paid
TAX-006597,ASM-006597,PROP-02199,CTY-032,2026,6555,2026-11-01,,outstanding
TAX-006598,ASM-006598,PROP-02200,CTY-032,2024,7623,2024-11-01,2024-10-01,paid
TAX-006599,ASM-006599,PROP-02200,CTY-032,2025,8269,2025-11-01,2025-10-19,paid
TAX-006600,ASM-006600,PROP-02200,CTY-032,2026,8777,2026-11-01,,outstanding
TAX-006601,ASM-006601,PROP-02201,CTY-032,2024,7207,2024-11-01,2024-10-09,paid
TAX-006602,ASM-006602,PROP-02201,CTY-032,2025,7707,2025-11-01,2025-10-10,paid
TAX-006603,ASM-006603,PROP-02201,CTY-032,2026,8480,2026-11-01,,outstanding
TAX-006604,ASM-006604,PROP-02202,CTY-032,2024,9202,2024-11-01,2024-09-29,paid
TAX-006605,ASM-006605,PROP-02202,CTY-032,2025,9670,2025-11-01,2025-10-15,paid
TAX-006606,ASM-006606,PROP-02202,CTY-032,2026,10344,2026-11-01,,outstanding
TAX-006607,ASM-006607,PROP-02203,CTY-032,2024,7108,2024-11-01,2024-10-02,paid
TAX-006608,ASM-006608,PROP-02203,CTY-032,2025,7698,2025-11-01,2025-10-29,paid
TAX-006609,ASM-006609,PROP-02203,CTY-032,2026,8103,2026-11-01,,outstanding
TAX-006610,ASM-006610,PROP-02204,CTY-032,2024,6757,2024-11-01,2024-10-02,paid
TAX-006611,ASM-006611,PROP-02204,CTY-032,2025,7495,2025-11-01,2025-10-23,paid
TAX-006612,ASM-006612,PROP-02204,CTY-032,2026,8066,2026-11-01,,outstanding
TAX-006613,ASM-006613,PROP-02205,CTY-032,2024,7329,2024-11-01,2024-10-27,paid
TAX-006614,ASM-006614,PROP-02205,CTY-032,2025,8005,2025-11-01,2025-10-07,paid
TAX-006615,ASM-006615,PROP-02205,CTY-032,2026,8578,2026-11-01,,outstanding
TAX-006616,ASM-006616,PROP-02206,CTY-032,2024,6660,2024-11-01,2024-10-11,paid
TAX-006617,ASM-006617,PROP-02206,CTY-032,2025,7404,2025-11-01,2025-09-30,paid
TAX-006618,ASM-006618,PROP-02206,CTY-032,2026,8180,2026-11-01,,outstanding
TAX-006619,ASM-006619,PROP-02207,CTY-032,2024,8061,2024-11-01,2024-09-27,paid
TAX-006620,ASM-006620,PROP-02207,CTY-032,2025,9025,2025-11-01,2025-10-18,paid
TAX-006621,ASM-006621,PROP-02207,CTY-032,2026,9890,2026-11-01,,outstanding
TAX-006622,ASM-006622,PROP-02208,CTY-032,2024,8241,2024-11-01,2024-10-09,paid
TAX-006623,ASM-006623,PROP-02208,CTY-032,2025,9103,2025-11-01,2025-10-20,paid
TAX-006624,ASM-006624,PROP-02208,CTY-032,2026,9894,2026-11-01,,outstanding
TAX-006625,ASM-006625,PROP-02209,CTY-032,2024,5960,2024-11-01,2024-10-19,paid
TAX-006626,ASM-006626,PROP-02209,CTY-032,2025,6404,2025-11-01,2025-10-08,paid
TAX-006627,ASM-006627,PROP-02209,CTY-032,2026,6763,2026-11-01,,outstanding
TAX-006628,ASM-006628,PROP-02210,CTY-032,2024,7035,2024-11-01,2024-10-24,paid
TAX-006629,ASM-006629,PROP-02210,CTY-032,2025,7599,2025-11-01,2025-09-24,paid
TAX-006630,ASM-006630,PROP-02210,CTY-032,2026,8129,2026-11-01,,outstanding
TAX-006631,ASM-006631,PROP-02211,CTY-032,2024,6942,2024-11-01,2024-10-29,paid
TAX-006632,ASM-006632,PROP-02211,CTY-032,2025,7783,2025-11-01,2025-09-26,paid
TAX-006633,ASM-006633,PROP-02211,CTY-032,2026,7858,2026-11-01,,outstanding
TAX-006634,ASM-006634,PROP-02212,CTY-032,2024,7713,2024-11-01,2024-10-22,paid
TAX-006635,ASM-006635,PROP-02212,CTY-032,2025,8204,2025-11-01,2025-10-13,paid
TAX-006636,ASM-006636,PROP-02212,CTY-032,2026,8818,2026-11-01,,outstanding
TAX-006637,ASM-006637,PROP-02213,CTY-032,2024,7500,2024-11-01,2024-10-20,paid
TAX-006638,ASM-006638,PROP-02213,CTY-032,2025,7915,2025-11-01,2025-10-15,paid
TAX-006639,ASM-006639,PROP-02213,CTY-032,2026,8535,2026-11-01,,outstanding
TAX-006640,ASM-006640,PROP-02214,CTY-032,2024,7693,2024-11-01,2024-10-27,paid
TAX-006641,ASM-006641,PROP-02214,CTY-032,2025,8479,2025-11-01,2025-10-30,paid
TAX-006642,ASM-006642,PROP-02214,CTY-032,2026,9416,2026-11-01,,outstanding
TAX-006643,ASM-006643,PROP-02215,CTY-032,2024,7482,2024-11-01,2024-10-03,paid
TAX-006644,ASM-006644,PROP-02215,CTY-032,2025,7884,2025-11-01,2025-10-31,paid
TAX-006645,ASM-006645,PROP-02215,CTY-032,2026,8782,2026-11-01,,outstanding
TAX-006646,ASM-006646,PROP-02216,CTY-032,2024,6392,2024-11-01,2024-10-09,paid
TAX-006647,ASM-006647,PROP-02216,CTY-032,2025,6798,2025-11-01,2025-10-31,paid
TAX-006648,ASM-006648,PROP-02216,CTY-032,2026,7283,2026-11-01,,outstanding
TAX-006649,ASM-006649,PROP-02217,CTY-032,2024,6967,2024-11-01,2024-10-04,paid
TAX-006650,ASM-006650,PROP-02217,CTY-032,2025,7319,2025-11-01,2025-10-28,paid
TAX-006651,ASM-006651,PROP-02217,CTY-032,2026,8130,2026-11-01,,outstanding
TAX-006652,ASM-006652,PROP-02218,CTY-032,2024,6048,2024-11-01,2024-10-03,paid
TAX-006653,ASM-006653,PROP-02218,CTY-032,2025,6715,2025-11-01,2025-10-17,paid
TAX-006654,ASM-006654,PROP-02218,CTY-032,2026,7169,2026-11-01,,outstanding
TAX-006655,ASM-006655,PROP-02219,CTY-032,2024,5887,2024-11-01,2024-10-03,paid
TAX-006656,ASM-006656,PROP-02219,CTY-032,2025,6297,2025-11-01,2025-11-01,paid
TAX-006657,ASM-006657,PROP-02219,CTY-032,2026,6594,2026-11-01,,outstanding
TAX-006658,ASM-006658,PROP-02220,CTY-032,2024,7025,2024-11-01,2024-09-26,paid
TAX-006659,ASM-006659,PROP-02220,CTY-032,2025,7875,2025-11-01,2025-10-06,paid
TAX-006660,ASM-006660,PROP-02220,CTY-032,2026,8538,2026-11-01,,outstanding
TAX-006661,ASM-006661,PROP-02221,CTY-032,2024,8660,2024-11-01,2024-09-25,paid
TAX-006662,ASM-006662,PROP-02221,CTY-032,2025,9092,2025-11-01,2025-10-15,paid
TAX-006663,ASM-006663,PROP-02221,CTY-032,2026,9973,2026-11-01,,outstanding
TAX-006664,ASM-006664,PROP-02222,CTY-032,2024,7139,2024-11-01,2024-09-26,paid
TAX-006665,ASM-006665,PROP-02222,CTY-032,2025,7565,2025-11-01,2025-10-06,paid
TAX-006666,ASM-006666,PROP-02222,CTY-032,2026,7942,2026-11-01,,outstanding
TAX-006667,ASM-006667,PROP-02223,CTY-032,2024,7788,2024-11-01,2024-10-20,paid
TAX-006668,ASM-006668,PROP-02223,CTY-032,2025,8336,2025-11-01,2025-10-23,paid
TAX-006669,ASM-006669,PROP-02223,CTY-032,2026,8945,2026-11-01,,outstanding
TAX-006670,ASM-006670,PROP-02224,CTY-032,2024,6388,2024-11-01,2024-11-01,paid
TAX-006671,ASM-006671,PROP-02224,CTY-032,2025,6796,2025-11-01,2025-10-14,paid
TAX-006672,ASM-006672,PROP-02224,CTY-032,2026,7262,2026-11-01,,outstanding
TAX-006673,ASM-006673,PROP-02225,CTY-032,2024,8032,2024-11-01,2024-10-31,paid
TAX-006674,ASM-006674,PROP-02225,CTY-032,2025,8951,2025-11-01,2025-09-23,paid
TAX-006675,ASM-006675,PROP-02225,CTY-032,2026,10008,2026-11-01,,outstanding
TAX-006676,ASM-006676,PROP-02226,CTY-032,2024,6835,2024-11-01,2024-10-02,paid
TAX-006677,ASM-006677,PROP-02226,CTY-032,2025,7495,2025-11-01,2025-10-31,paid
TAX-006678,ASM-006678,PROP-02226,CTY-032,2026,7992,2026-11-01,,outstanding
TAX-006679,ASM-006679,PROP-02227,CTY-032,2024,7856,2024-11-01,2024-10-31,paid
TAX-006680,ASM-006680,PROP-02227,CTY-032,2025,8429,2025-11-01,2025-09-25,paid
TAX-006681,ASM-006681,PROP-02227,CTY-032,2026,9070,2026-11-01,,outstanding
TAX-006682,ASM-006682,PROP-02228,CTY-032,2024,8236,2024-11-01,2024-10-16,paid
TAX-006683,ASM-006683,PROP-02228,CTY-032,2025,9165,2025-11-01,2025-09-24,paid
TAX-006684,ASM-006684,PROP-02228,CTY-032,2026,9908,2026-11-01,,outstanding
TAX-006685,ASM-006685,PROP-02229,CTY-032,2024,7093,2024-11-01,2024-10-01,paid
TAX-006686,ASM-006686,PROP-02229,CTY-032,2025,7658,2025-11-01,2025-10-14,paid
TAX-006687,ASM-006687,PROP-02229,CTY-032,2026,8182,2026-11-01,,outstanding
TAX-006688,ASM-006688,PROP-02230,CTY-032,2024,7483,2024-11-01,2024-10-11,paid
TAX-006689,ASM-006689,PROP-02230,CTY-032,2025,8340,2025-11-01,2025-10-22,paid
TAX-006690,ASM-006690,PROP-02230,CTY-032,2026,8916,2026-11-01,,outstanding
TAX-006691,ASM-006691,PROP-02231,CTY-032,2024,6845,2024-11-01,2024-10-20,paid
TAX-006692,ASM-006692,PROP-02231,CTY-032,2025,7271,2025-11-01,2025-10-14,paid
TAX-006693,ASM-006693,PROP-02231,CTY-032,2026,7927,2026-11-01,,outstanding
TAX-006694,ASM-006694,PROP-02232,CTY-032,2024,9737,2024-11-01,2024-10-10,paid
TAX-006695,ASM-006695,PROP-02232,CTY-032,2025,10825,2025-11-01,2025-10-29,paid
TAX-006696,ASM-006696,PROP-02232,CTY-032,2026,11689,2026-11-01,,outstanding
TAX-006697,ASM-006697,PROP-02233,CTY-032,2024,6740,2024-11-01,2024-10-29,paid
TAX-006698,ASM-006698,PROP-02233,CTY-032,2025,7250,2025-11-01,2025-10-26,paid
TAX-006699,ASM-006699,PROP-02233,CTY-032,2026,7735,2026-11-01,,outstanding
TAX-006700,ASM-006700,PROP-02234,CTY-032,2024,6819,2024-11-01,2024-10-30,paid
TAX-006701,ASM-006701,PROP-02234,CTY-032,2025,7201,2025-11-01,2025-10-31,paid
TAX-006702,ASM-006702,PROP-02234,CTY-032,2026,7683,2026-11-01,,outstanding
TAX-006703,ASM-006703,PROP-02235,CTY-032,2024,7234,2024-11-01,2024-10-07,paid
TAX-006704,ASM-006704,PROP-02235,CTY-032,2025,7952,2025-11-01,2025-10-27,paid
TAX-006705,ASM-006705,PROP-02235,CTY-032,2026,8618,2026-11-01,,outstanding
TAX-006706,ASM-006706,PROP-02236,CTY-032,2024,7877,2024-11-01,2024-10-11,paid
TAX-006707,ASM-006707,PROP-02236,CTY-032,2025,8724,2025-11-01,2025-10-01,paid
TAX-006708,ASM-006708,PROP-02236,CTY-032,2026,9454,2026-11-01,,outstanding
TAX-006709,ASM-006709,PROP-02237,CTY-032,2024,5678,2024-11-01,2024-11-01,paid
TAX-006710,ASM-006710,PROP-02237,CTY-032,2025,6128,2025-11-01,2025-10-06,paid
TAX-006711,ASM-006711,PROP-02237,CTY-032,2026,6742,2026-11-01,,outstanding
TAX-006712,ASM-006712,PROP-02238,CTY-032,2024,7586,2024-11-01,2024-09-27,paid
TAX-006713,ASM-006713,PROP-02238,CTY-032,2025,8275,2025-11-01,2025-10-21,paid
TAX-006714,ASM-006714,PROP-02238,CTY-032,2026,9275,2026-11-01,,outstanding
TAX-006715,ASM-006715,PROP-02239,CTY-032,2024,5940,2024-11-01,2024-10-21,paid
TAX-006716,ASM-006716,PROP-02239,CTY-032,2025,6270,2025-11-01,2025-10-26,paid
TAX-006717,ASM-006717,PROP-02239,CTY-032,2026,6994,2026-11-01,,outstanding
TAX-006718,ASM-006718,PROP-02240,CTY-032,2024,5759,2024-11-01,2024-09-23,paid
TAX-006719,ASM-006719,PROP-02240,CTY-032,2025,6356,2025-11-01,2025-10-11,paid
TAX-006720,ASM-006720,PROP-02240,CTY-032,2026,6781,2026-11-01,,outstanding
TAX-006721,ASM-006721,PROP-02241,CTY-032,2024,7672,2024-11-01,2024-10-04,paid
TAX-006722,ASM-006722,PROP-02241,CTY-032,2025,8288,2025-11-01,2025-10-01,paid
TAX-006723,ASM-006723,PROP-02241,CTY-032,2026,8812,2026-11-01,,outstanding
TAX-006724,ASM-006724,PROP-02242,CTY-034,2024,3433,2024-11-01,2024-09-22,paid
TAX-006725,ASM-006725,PROP-02242,CTY-034,2025,3748,2025-11-01,2025-10-17,paid
TAX-006726,ASM-006726,PROP-02242,CTY-034,2026,4044,2026-11-01,,outstanding
TAX-006727,ASM-006727,PROP-02243,CTY-034,2024,3823,2024-11-01,2024-10-11,paid
TAX-006728,ASM-006728,PROP-02243,CTY-034,2025,3899,2025-11-01,2025-09-23,paid
TAX-006729,ASM-006729,PROP-02243,CTY-034,2026,4369,2026-11-01,,outstanding
TAX-006730,ASM-006730,PROP-02244,CTY-034,2024,3682,2024-11-01,2024-09-29,paid
TAX-006731,ASM-006731,PROP-02244,CTY-034,2025,3973,2025-11-01,2025-09-29,paid
TAX-006732,ASM-006732,PROP-02244,CTY-034,2026,4278,2026-11-01,,outstanding
TAX-006733,ASM-006733,PROP-02245,CTY-034,2024,3713,2024-11-01,2024-10-25,paid
TAX-006734,ASM-006734,PROP-02245,CTY-034,2025,3969,2025-11-01,2025-10-17,paid
TAX-006735,ASM-006735,PROP-02245,CTY-034,2026,4229,2026-11-01,,outstanding
TAX-006736,ASM-006736,PROP-02246,CTY-034,2024,3947,2024-11-01,2024-10-25,paid
TAX-006737,ASM-006737,PROP-02246,CTY-034,2025,4143,2025-11-01,2025-10-02,paid
TAX-006738,ASM-006738,PROP-02246,CTY-034,2026,4437,2026-11-01,,outstanding
TAX-006739,ASM-006739,PROP-02247,CTY-034,2024,2966,2024-11-01,2024-10-31,paid
TAX-006740,ASM-006740,PROP-02247,CTY-034,2025,3106,2025-11-01,2025-10-06,paid
TAX-006741,ASM-006741,PROP-02247,CTY-034,2026,3265,2026-11-01,,outstanding
TAX-006742,ASM-006742,PROP-02248,CTY-034,2024,3764,2024-11-01,2024-10-25,paid
TAX-006743,ASM-006743,PROP-02248,CTY-034,2025,4036,2025-11-01,2025-10-20,paid
TAX-006744,ASM-006744,PROP-02248,CTY-034,2026,4419,2026-11-01,,outstanding
TAX-006745,ASM-006745,PROP-02249,CTY-034,2024,3328,2024-11-01,2024-10-18,paid
TAX-006746,ASM-006746,PROP-02249,CTY-034,2025,3638,2025-11-01,2025-10-24,paid
TAX-006747,ASM-006747,PROP-02249,CTY-034,2026,3853,2026-11-01,,outstanding
TAX-006748,ASM-006748,PROP-02250,CTY-034,2024,3808,2024-11-01,2024-10-08,paid
TAX-006749,ASM-006749,PROP-02250,CTY-034,2025,4040,2025-11-01,2025-09-30,paid
TAX-006750,ASM-006750,PROP-02250,CTY-034,2026,4322,2026-11-01,,outstanding
TAX-006751,ASM-006751,PROP-02251,CTY-034,2024,2986,2024-11-01,2024-10-25,paid
TAX-006752,ASM-006752,PROP-02251,CTY-034,2025,3112,2025-11-01,2025-11-01,paid
TAX-006753,ASM-006753,PROP-02251,CTY-034,2026,3323,2026-11-01,,outstanding
TAX-006754,ASM-006754,PROP-02252,CTY-034,2024,3216,2024-11-01,2024-09-25,paid
TAX-006755,ASM-006755,PROP-02252,CTY-034,2025,3405,2025-11-01,2025-10-25,paid
TAX-006756,ASM-006756,PROP-02252,CTY-034,2026,3596,2026-11-01,,outstanding
TAX-006757,ASM-006757,PROP-02253,CTY-034,2024,3962,2024-11-01,2024-10-21,paid
TAX-006758,ASM-006758,PROP-02253,CTY-034,2025,4217,2025-11-01,2025-10-28,paid
TAX-006759,ASM-006759,PROP-02253,CTY-034,2026,4484,2026-11-01,,outstanding
TAX-006760,ASM-006760,PROP-02254,CTY-034,2024,2895,2024-11-01,2024-10-26,paid
TAX-006761,ASM-006761,PROP-02254,CTY-034,2025,3155,2025-11-01,2025-10-28,paid
TAX-006762,ASM-006762,PROP-02254,CTY-034,2026,3359,2026-11-01,,outstanding
TAX-006763,ASM-006763,PROP-02255,CTY-034,2024,3070,2024-11-01,2024-10-01,paid
TAX-006764,ASM-006764,PROP-02255,CTY-034,2025,3341,2025-11-01,2025-10-03,paid
TAX-006765,ASM-006765,PROP-02255,CTY-034,2026,3645,2026-11-01,,outstanding
TAX-006766,ASM-006766,PROP-02256,CTY-034,2024,3995,2024-11-01,2024-10-19,paid
TAX-006767,ASM-006767,PROP-02256,CTY-034,2025,4325,2025-11-01,2025-10-14,paid
TAX-006768,ASM-006768,PROP-02256,CTY-034,2026,4603,2026-11-01,,outstanding
TAX-006769,ASM-006769,PROP-02257,CTY-034,2024,3352,2024-11-01,2024-10-22,paid
TAX-006770,ASM-006770,PROP-02257,CTY-034,2025,3493,2025-11-01,2025-10-05,paid
TAX-006771,ASM-006771,PROP-02257,CTY-034,2026,3709,2026-11-01,,outstanding
TAX-006772,ASM-006772,PROP-02258,CTY-034,2024,3063,2024-11-01,2024-10-31,paid
TAX-006773,ASM-006773,PROP-02258,CTY-034,2025,3242,2025-11-01,2025-09-22,paid
TAX-006774,ASM-006774,PROP-02258,CTY-034,2026,3529,2026-11-01,,outstanding
TAX-006775,ASM-006775,PROP-02259,CTY-034,2024,2907,2024-11-01,2024-10-02,paid
TAX-006776,ASM-006776,PROP-02259,CTY-034,2025,3147,2025-11-01,2025-09-22,paid
TAX-006777,ASM-006777,PROP-02259,CTY-034,2026,3369,2026-11-01,,outstanding
TAX-006778,ASM-006778,PROP-02260,CTY-035,2024,4350,2024-11-01,2024-09-27,paid
TAX-006779,ASM-006779,PROP-02260,CTY-035,2025,4448,2025-11-01,2025-09-25,paid
TAX-006780,ASM-006780,PROP-02260,CTY-035,2026,4581,2026-11-01,,outstanding
TAX-006781,ASM-006781,PROP-02261,CTY-035,2024,5336,2024-11-01,2024-10-03,paid
TAX-006782,ASM-006782,PROP-02261,CTY-035,2025,5465,2025-11-01,2025-10-09,paid
TAX-006783,ASM-006783,PROP-02261,CTY-035,2026,5534,2026-11-01,,outstanding
TAX-006784,ASM-006784,PROP-02262,CTY-035,2024,5065,2024-11-01,2024-10-26,paid
TAX-006785,ASM-006785,PROP-02262,CTY-035,2025,5171,2025-11-01,2025-10-18,paid
TAX-006786,ASM-006786,PROP-02262,CTY-035,2026,5274,2026-11-01,,outstanding
TAX-006787,ASM-006787,PROP-02263,CTY-035,2024,4905,2024-11-01,2024-10-07,paid
TAX-006788,ASM-006788,PROP-02263,CTY-035,2025,5021,2025-11-01,2025-10-28,paid
TAX-006789,ASM-006789,PROP-02263,CTY-035,2026,5134,2026-11-01,,outstanding
TAX-006790,ASM-006790,PROP-02264,CTY-035,2024,5347,2024-11-01,2024-10-31,paid
TAX-006791,ASM-006791,PROP-02264,CTY-035,2025,5429,2025-11-01,2025-09-27,paid
TAX-006792,ASM-006792,PROP-02264,CTY-035,2026,5511,2026-11-01,,outstanding
TAX-006793,ASM-006793,PROP-02265,CTY-035,2024,5455,2024-11-01,2024-10-05,paid
TAX-006794,ASM-006794,PROP-02265,CTY-035,2025,5588,2025-11-01,2025-10-22,paid
TAX-006795,ASM-006795,PROP-02265,CTY-035,2026,5695,2026-11-01,,outstanding
TAX-006796,ASM-006796,PROP-02266,CTY-035,2024,5126,2024-11-01,2024-10-08,paid
TAX-006797,ASM-006797,PROP-02266,CTY-035,2025,5219,2025-11-01,2025-10-06,paid
TAX-006798,ASM-006798,PROP-02266,CTY-035,2026,5321,2026-11-01,,outstanding
TAX-006799,ASM-006799,PROP-02267,CTY-035,2024,5724,2024-11-01,2024-09-26,paid
TAX-006800,ASM-006800,PROP-02267,CTY-035,2025,5868,2025-11-01,2025-10-06,paid
TAX-006801,ASM-006801,PROP-02267,CTY-035,2026,5960,2026-11-01,,outstanding
TAX-006802,ASM-006802,PROP-02268,CTY-035,2024,5300,2024-11-01,2024-09-28,paid
TAX-006803,ASM-006803,PROP-02268,CTY-035,2025,5421,2025-11-01,2025-10-28,paid
TAX-006804,ASM-006804,PROP-02268,CTY-035,2026,5542,2026-11-01,,outstanding
TAX-006805,ASM-006805,PROP-02269,CTY-035,2024,4871,2024-11-01,2024-10-07,paid
TAX-006806,ASM-006806,PROP-02269,CTY-035,2025,4966,2025-11-01,2025-10-03,paid
TAX-006807,ASM-006807,PROP-02269,CTY-035,2026,5054,2026-11-01,,outstanding
TAX-006808,ASM-006808,PROP-02270,CTY-035,2024,5332,2024-11-01,2024-09-25,paid
TAX-006809,ASM-006809,PROP-02270,CTY-035,2025,5440,2025-11-01,2025-09-26,paid
TAX-006810,ASM-006810,PROP-02270,CTY-035,2026,5561,2026-11-01,,outstanding
TAX-006811,ASM-006811,PROP-02271,CTY-035,2024,5220,2024-11-01,2024-10-02,paid
TAX-006812,ASM-006812,PROP-02271,CTY-035,2025,5326,2025-11-01,2025-10-15,paid
TAX-006813,ASM-006813,PROP-02271,CTY-035,2026,5423,2026-11-01,,outstanding
TAX-006814,ASM-006814,PROP-02272,CTY-035,2024,4628,2024-11-01,2024-10-10,paid
TAX-006815,ASM-006815,PROP-02272,CTY-035,2025,4739,2025-11-01,2025-10-04,paid
TAX-006816,ASM-006816,PROP-02272,CTY-035,2026,4833,2026-11-01,,outstanding
TAX-006817,ASM-006817,PROP-02273,CTY-035,2024,4090,2024-11-01,2024-10-05,paid
TAX-006818,ASM-006818,PROP-02273,CTY-035,2025,4169,2025-11-01,2025-10-26,paid
TAX-006819,ASM-006819,PROP-02273,CTY-035,2026,4247,2026-11-01,,outstanding
TAX-006820,ASM-006820,PROP-02274,CTY-035,2024,5214,2024-11-01,2024-10-27,paid
TAX-006821,ASM-006821,PROP-02274,CTY-035,2025,5368,2025-11-01,2025-10-05,paid
TAX-006822,ASM-006822,PROP-02274,CTY-035,2026,5461,2026-11-01,,outstanding
TAX-006823,ASM-006823,PROP-02275,CTY-035,2024,5172,2024-11-01,2024-10-08,paid
TAX-006824,ASM-006824,PROP-02275,CTY-035,2025,5246,2025-11-01,2025-10-03,paid
TAX-006825,ASM-006825,PROP-02275,CTY-035,2026,5312,2026-11-01,,outstanding
TAX-006826,ASM-006826,PROP-02276,CTY-035,2024,5210,2024-11-01,2024-10-02,paid
TAX-006827,ASM-006827,PROP-02276,CTY-035,2025,5301,2025-11-01,2025-10-03,paid
TAX-006828,ASM-006828,PROP-02276,CTY-035,2026,5439,2026-11-01,,outstanding
TAX-006829,ASM-006829,PROP-02277,CTY-035,2024,5414,2024-11-01,2024-09-28,paid
TAX-006830,ASM-006830,PROP-02277,CTY-035,2025,5506,2025-11-01,2025-10-15,paid
TAX-006831,ASM-006831,PROP-02277,CTY-035,2026,5579,2026-11-01,,outstanding
TAX-006832,ASM-006832,PROP-02278,CTY-035,2024,4940,2024-11-01,2024-11-01,paid
TAX-006833,ASM-006833,PROP-02278,CTY-035,2025,5050,2025-11-01,2025-10-18,paid
TAX-006834,ASM-006834,PROP-02278,CTY-035,2026,5150,2026-11-01,,outstanding
TAX-006835,ASM-006835,PROP-02279,CTY-035,2024,4638,2024-11-01,2024-10-22,paid
TAX-006836,ASM-006836,PROP-02279,CTY-035,2025,4721,2025-11-01,2025-10-03,paid
TAX-006837,ASM-006837,PROP-02279,CTY-035,2026,4800,2026-11-01,,outstanding
TAX-006838,ASM-006838,PROP-02280,CTY-035,2024,5671,2024-11-01,2024-10-17,paid
TAX-006839,ASM-006839,PROP-02280,CTY-035,2025,5770,2025-11-01,2025-10-13,paid
TAX-006840,ASM-006840,PROP-02280,CTY-035,2026,5939,2026-11-01,,outstanding
TAX-006841,ASM-006841,PROP-02281,CTY-035,2024,4523,2024-11-01,2024-09-30,paid
TAX-006842,ASM-006842,PROP-02281,CTY-035,2025,4590,2025-11-01,2025-10-26,paid
TAX-006843,ASM-006843,PROP-02281,CTY-035,2026,4693,2026-11-01,,outstanding
TAX-006844,ASM-006844,PROP-02282,CTY-035,2024,5765,2024-11-01,2024-10-26,paid
TAX-006845,ASM-006845,PROP-02282,CTY-035,2025,5847,2025-11-01,2025-10-15,paid
TAX-006846,ASM-006846,PROP-02282,CTY-035,2026,6016,2026-11-01,,outstanding
TAX-006847,ASM-006847,PROP-02283,CTY-035,2024,4236,2024-11-01,2024-10-01,paid
TAX-006848,ASM-006848,PROP-02283,CTY-035,2025,4294,2025-11-01,2025-09-23,paid
TAX-006849,ASM-006849,PROP-02283,CTY-035,2026,4361,2026-11-01,,outstanding
TAX-006850,ASM-006850,PROP-02284,CTY-035,2024,5382,2024-11-01,2024-10-21,paid
TAX-006851,ASM-006851,PROP-02284,CTY-035,2025,5530,2025-11-01,2025-10-30,paid
TAX-006852,ASM-006852,PROP-02284,CTY-035,2026,5670,2026-11-01,,outstanding
TAX-006853,ASM-006853,PROP-02285,CTY-035,2024,4799,2024-11-01,2024-10-28,paid
TAX-006854,ASM-006854,PROP-02285,CTY-035,2025,4910,2025-11-01,2025-09-24,paid
TAX-006855,ASM-006855,PROP-02285,CTY-035,2026,4998,2026-11-01,,outstanding
TAX-006856,ASM-006856,PROP-02286,CTY-035,2024,4795,2024-11-01,2024-10-18,paid
TAX-006857,ASM-006857,PROP-02286,CTY-035,2025,4895,2025-11-01,2025-10-21,paid
TAX-006858,ASM-006858,PROP-02286,CTY-035,2026,5025,2026-11-01,,outstanding
TAX-006859,ASM-006859,PROP-02287,CTY-035,2024,4241,2024-11-01,2024-10-29,paid
TAX-006860,ASM-006860,PROP-02287,CTY-035,2025,4364,2025-11-01,2025-10-25,paid
TAX-006861,ASM-006861,PROP-02287,CTY-035,2026,4445,2026-11-01,,outstanding
TAX-006862,ASM-006862,PROP-02288,CTY-035,2024,6349,2024-11-01,2024-10-22,paid
TAX-006863,ASM-006863,PROP-02288,CTY-035,2025,6431,2025-11-01,2025-09-29,paid
TAX-006864,ASM-006864,PROP-02288,CTY-035,2026,6519,2026-11-01,,outstanding
TAX-006865,ASM-006865,PROP-02289,CTY-036,2024,4218,2024-11-01,2024-09-25,paid
TAX-006866,ASM-006866,PROP-02289,CTY-036,2025,4462,2025-11-01,2025-10-02,paid
TAX-006867,ASM-006867,PROP-02289,CTY-036,2026,4855,2026-11-01,,outstanding
TAX-006868,ASM-006868,PROP-02290,CTY-036,2024,4275,2024-11-01,2024-10-11,paid
TAX-006869,ASM-006869,PROP-02290,CTY-036,2025,4590,2025-11-01,2025-10-05,paid
TAX-006870,ASM-006870,PROP-02290,CTY-036,2026,5006,2026-11-01,,outstanding
TAX-006871,ASM-006871,PROP-02291,CTY-036,2024,4823,2024-11-01,2024-10-03,paid
TAX-006872,ASM-006872,PROP-02291,CTY-036,2025,5065,2025-11-01,2025-10-22,paid
TAX-006873,ASM-006873,PROP-02291,CTY-036,2026,5459,2026-11-01,,outstanding
TAX-006874,ASM-006874,PROP-02292,CTY-036,2024,4456,2024-11-01,2024-09-25,paid
TAX-006875,ASM-006875,PROP-02292,CTY-036,2025,4838,2025-11-01,2025-09-26,paid
TAX-006876,ASM-006876,PROP-02292,CTY-036,2026,5183,2026-11-01,,outstanding
TAX-006877,ASM-006877,PROP-02293,CTY-036,2024,3683,2024-11-01,2024-09-30,paid
TAX-006878,ASM-006878,PROP-02293,CTY-036,2025,3933,2025-11-01,2025-10-11,paid
TAX-006879,ASM-006879,PROP-02293,CTY-036,2026,4225,2026-11-01,,outstanding
TAX-006880,ASM-006880,PROP-02294,CTY-036,2024,3318,2024-11-01,2024-09-23,paid
TAX-006881,ASM-006881,PROP-02294,CTY-036,2025,3477,2025-11-01,2025-10-25,paid
TAX-006882,ASM-006882,PROP-02294,CTY-036,2026,3622,2026-11-01,,outstanding
TAX-006883,ASM-006883,PROP-02295,CTY-036,2024,4017,2024-11-01,2024-10-04,paid
TAX-006884,ASM-006884,PROP-02295,CTY-036,2025,4247,2025-11-01,2025-10-22,paid
TAX-006885,ASM-006885,PROP-02295,CTY-036,2026,4411,2026-11-01,,outstanding
TAX-006886,ASM-006886,PROP-02296,CTY-036,2024,3386,2024-11-01,2024-09-23,paid
TAX-006887,ASM-006887,PROP-02296,CTY-036,2025,3596,2025-11-01,2025-10-31,paid
TAX-006888,ASM-006888,PROP-02296,CTY-036,2026,3904,2026-11-01,,outstanding
TAX-006889,ASM-006889,PROP-02297,CTY-036,2024,4071,2024-11-01,2024-10-16,paid
TAX-006890,ASM-006890,PROP-02297,CTY-036,2025,4277,2025-11-01,2025-10-07,paid
TAX-006891,ASM-006891,PROP-02297,CTY-036,2026,4548,2026-11-01,,outstanding
TAX-006892,ASM-006892,PROP-02298,CTY-036,2024,3676,2024-11-01,2024-10-30,paid
TAX-006893,ASM-006893,PROP-02298,CTY-036,2025,3986,2025-11-01,2025-10-28,paid
TAX-006894,ASM-006894,PROP-02298,CTY-036,2026,4270,2026-11-01,,outstanding
TAX-006895,ASM-006895,PROP-02299,CTY-036,2024,4259,2024-11-01,2024-10-08,paid
TAX-006896,ASM-006896,PROP-02299,CTY-036,2025,4557,2025-11-01,2025-09-26,paid
TAX-006897,ASM-006897,PROP-02299,CTY-036,2026,4950,2026-11-01,,outstanding
TAX-006898,ASM-006898,PROP-02300,CTY-036,2024,3557,2024-11-01,2024-09-30,paid
TAX-006899,ASM-006899,PROP-02300,CTY-036,2025,3779,2025-11-01,2025-09-27,paid
TAX-006900,ASM-006900,PROP-02300,CTY-036,2026,4045,2026-11-01,,outstanding
TAX-006901,ASM-006901,PROP-02301,CTY-036,2024,3550,2024-11-01,2024-09-26,paid
TAX-006902,ASM-006902,PROP-02301,CTY-036,2025,3815,2025-11-01,2025-11-01,paid
TAX-006903,ASM-006903,PROP-02301,CTY-036,2026,4062,2026-11-01,,outstanding
TAX-006904,ASM-006904,PROP-02302,CTY-036,2024,4519,2024-11-01,2024-10-14,paid
TAX-006905,ASM-006905,PROP-02302,CTY-036,2025,4878,2025-11-01,2025-10-24,paid
TAX-006906,ASM-006906,PROP-02302,CTY-036,2026,5238,2026-11-01,,outstanding
TAX-006907,ASM-006907,PROP-02303,CTY-036,2024,3963,2024-11-01,2024-09-22,paid
TAX-006908,ASM-006908,PROP-02303,CTY-036,2025,4123,2025-11-01,2025-09-22,paid
TAX-006909,ASM-006909,PROP-02303,CTY-036,2026,4346,2026-11-01,,outstanding
TAX-006910,ASM-006910,PROP-02304,CTY-036,2024,3724,2024-11-01,2024-10-06,paid
TAX-006911,ASM-006911,PROP-02304,CTY-036,2025,3919,2025-11-01,2025-09-22,paid
TAX-006912,ASM-006912,PROP-02304,CTY-036,2026,4265,2026-11-01,,outstanding
TAX-006913,ASM-006913,PROP-02305,CTY-036,2024,4830,2024-11-01,2024-10-31,paid
TAX-006914,ASM-006914,PROP-02305,CTY-036,2025,5166,2025-11-01,2025-09-27,paid
TAX-006915,ASM-006915,PROP-02305,CTY-036,2026,5515,2026-11-01,,outstanding
TAX-006916,ASM-006916,PROP-02306,CTY-036,2024,4974,2024-11-01,2024-09-22,paid
TAX-006917,ASM-006917,PROP-02306,CTY-036,2025,5175,2025-11-01,2025-10-18,paid
TAX-006918,ASM-006918,PROP-02306,CTY-036,2026,5594,2026-11-01,,outstanding
TAX-006919,ASM-006919,PROP-02307,CTY-036,2024,4663,2024-11-01,2024-10-26,paid
TAX-006920,ASM-006920,PROP-02307,CTY-036,2025,5072,2025-11-01,2025-10-13,paid
TAX-006921,ASM-006921,PROP-02307,CTY-036,2026,5526,2026-11-01,,outstanding
TAX-006922,ASM-006922,PROP-02308,CTY-036,2024,4126,2024-11-01,2024-10-29,paid
TAX-006923,ASM-006923,PROP-02308,CTY-036,2025,4294,2025-11-01,2025-10-15,paid
TAX-006924,ASM-006924,PROP-02308,CTY-036,2026,4654,2026-11-01,,outstanding
TAX-006925,ASM-006925,PROP-02309,CTY-036,2024,3707,2024-11-01,2024-10-11,paid
TAX-006926,ASM-006926,PROP-02309,CTY-036,2025,3996,2025-11-01,2025-10-18,paid
TAX-006927,ASM-006927,PROP-02309,CTY-036,2026,4172,2026-11-01,,outstanding
TAX-006928,ASM-006928,PROP-02310,CTY-036,2024,4468,2024-11-01,2024-10-23,paid
TAX-006929,ASM-006929,PROP-02310,CTY-036,2025,4717,2025-11-01,2025-09-27,paid
TAX-006930,ASM-006930,PROP-02310,CTY-036,2026,5140,2026-11-01,,outstanding
TAX-006931,ASM-006931,PROP-02311,CTY-036,2024,4045,2024-11-01,2024-10-29,paid
TAX-006932,ASM-006932,PROP-02311,CTY-036,2025,4248,2025-11-01,2025-09-28,paid
TAX-006933,ASM-006933,PROP-02311,CTY-036,2026,4491,2026-11-01,,outstanding
TAX-006934,ASM-006934,PROP-02312,CTY-036,2024,4212,2024-11-01,2024-10-13,paid
TAX-006935,ASM-006935,PROP-02312,CTY-036,2025,4543,2025-11-01,2025-09-25,paid
TAX-006936,ASM-006936,PROP-02312,CTY-036,2026,4732,2026-11-01,,outstanding
TAX-006937,ASM-006937,PROP-02313,CTY-036,2024,4424,2024-11-01,2024-10-27,paid
TAX-006938,ASM-006938,PROP-02313,CTY-036,2025,4622,2025-11-01,2025-09-22,paid
TAX-006939,ASM-006939,PROP-02313,CTY-036,2026,4926,2026-11-01,,outstanding
TAX-006940,ASM-006940,PROP-02314,CTY-036,2024,3732,2024-11-01,2024-09-22,paid
TAX-006941,ASM-006941,PROP-02314,CTY-036,2025,3919,2025-11-01,2025-10-19,paid
TAX-006942,ASM-006942,PROP-02314,CTY-036,2026,4246,2026-11-01,,outstanding
TAX-006943,ASM-006943,PROP-02315,CTY-036,2024,3531,2024-11-01,2024-09-23,paid
TAX-006944,ASM-006944,PROP-02315,CTY-036,2025,3671,2025-11-01,2025-10-04,paid
TAX-006945,ASM-006945,PROP-02315,CTY-036,2026,3972,2026-11-01,,outstanding
TAX-006946,ASM-006946,PROP-02316,CTY-036,2024,4072,2024-11-01,2024-10-17,paid
TAX-006947,ASM-006947,PROP-02316,CTY-036,2025,4390,2025-11-01,2025-09-27,paid
TAX-006948,ASM-006948,PROP-02316,CTY-036,2026,4677,2026-11-01,,outstanding
TAX-006949,ASM-006949,PROP-02317,CTY-036,2024,4054,2024-11-01,2024-10-06,paid
TAX-006950,ASM-006950,PROP-02317,CTY-036,2025,4286,2025-11-01,2025-09-30,paid
TAX-006951,ASM-006951,PROP-02317,CTY-036,2026,4573,2026-11-01,,outstanding
TAX-006952,ASM-006952,PROP-02318,CTY-036,2024,3150,2024-11-01,2024-10-30,paid
TAX-006953,ASM-006953,PROP-02318,CTY-036,2025,3390,2025-11-01,2025-09-25,paid
TAX-006954,ASM-006954,PROP-02318,CTY-036,2026,3696,2026-11-01,,outstanding
TAX-006955,ASM-006955,PROP-02319,CTY-036,2024,3827,2024-11-01,2024-10-25,paid
TAX-006956,ASM-006956,PROP-02319,CTY-036,2025,4125,2025-11-01,2025-09-22,paid
TAX-006957,ASM-006957,PROP-02319,CTY-036,2026,4489,2026-11-01,,outstanding
TAX-006958,ASM-006958,PROP-02320,CTY-036,2024,2992,2024-11-01,2024-10-17,paid
TAX-006959,ASM-006959,PROP-02320,CTY-036,2025,3072,2025-11-01,2025-10-02,paid
TAX-006960,ASM-006960,PROP-02320,CTY-036,2026,3455,2026-11-01,,outstanding
TAX-006961,ASM-006961,PROP-02321,CTY-036,2024,4102,2024-11-01,2024-10-15,paid
TAX-006962,ASM-006962,PROP-02321,CTY-036,2025,4374,2025-11-01,2025-10-10,paid
TAX-006963,ASM-006963,PROP-02321,CTY-036,2026,4623,2026-11-01,,outstanding
TAX-006964,ASM-006964,PROP-02322,CTY-036,2024,3563,2024-11-01,2024-10-11,paid
TAX-006965,ASM-006965,PROP-02322,CTY-036,2025,3701,2025-11-01,2025-10-21,paid
TAX-006966,ASM-006966,PROP-02322,CTY-036,2026,3890,2026-11-01,,outstanding
TAX-006967,ASM-006967,PROP-02323,CTY-036,2024,3688,2024-11-01,2024-09-26,paid
TAX-006968,ASM-006968,PROP-02323,CTY-036,2025,3845,2025-11-01,2025-10-31,paid
TAX-006969,ASM-006969,PROP-02323,CTY-036,2026,4026,2026-11-01,,outstanding
TAX-006970,ASM-006970,PROP-02324,CTY-036,2024,4127,2024-11-01,2024-09-24,paid
TAX-006971,ASM-006971,PROP-02324,CTY-036,2025,4486,2025-11-01,2025-10-01,paid
TAX-006972,ASM-006972,PROP-02324,CTY-036,2026,4880,2026-11-01,,outstanding
TAX-006973,ASM-006973,PROP-02325,CTY-036,2024,3495,2024-11-01,2024-10-24,paid
TAX-006974,ASM-006974,PROP-02325,CTY-036,2025,3822,2025-11-01,2025-10-27,paid
TAX-006975,ASM-006975,PROP-02325,CTY-036,2026,3981,2026-11-01,,outstanding
TAX-006976,ASM-006976,PROP-02326,CTY-037,2024,4309,2024-11-01,2024-10-16,paid
TAX-006977,ASM-006977,PROP-02326,CTY-037,2025,4504,2025-11-01,2025-10-12,paid
TAX-006978,ASM-006978,PROP-02326,CTY-037,2026,4778,2026-11-01,,outstanding
TAX-006979,ASM-006979,PROP-02327,CTY-037,2024,4734,2024-11-01,2024-10-11,paid
TAX-006980,ASM-006980,PROP-02327,CTY-037,2025,5081,2025-11-01,2025-10-25,paid
TAX-006981,ASM-006981,PROP-02327,CTY-037,2026,5420,2026-11-01,,outstanding
TAX-006982,ASM-006982,PROP-02328,CTY-037,2024,4043,2024-11-01,2024-09-23,paid
TAX-006983,ASM-006983,PROP-02328,CTY-037,2025,4271,2025-11-01,2025-10-08,paid
TAX-006984,ASM-006984,PROP-02328,CTY-037,2026,4556,2026-11-01,,outstanding
TAX-006985,ASM-006985,PROP-02329,CTY-037,2024,4337,2024-11-01,2024-10-24,paid
TAX-006986,ASM-006986,PROP-02329,CTY-037,2025,4657,2025-11-01,2025-10-06,paid
TAX-006987,ASM-006987,PROP-02329,CTY-037,2026,4972,2026-11-01,,outstanding
TAX-006988,ASM-006988,PROP-02330,CTY-037,2024,3914,2024-11-01,2024-10-13,paid
TAX-006989,ASM-006989,PROP-02330,CTY-037,2025,4200,2025-11-01,2025-10-02,paid
TAX-006990,ASM-006990,PROP-02330,CTY-037,2026,4383,2026-11-01,,outstanding
TAX-006991,ASM-006991,PROP-02331,CTY-037,2024,4194,2024-11-01,2024-09-27,paid
TAX-006992,ASM-006992,PROP-02331,CTY-037,2025,4383,2025-11-01,2025-10-10,paid
TAX-006993,ASM-006993,PROP-02331,CTY-037,2026,4556,2026-11-01,,outstanding
TAX-006994,ASM-006994,PROP-02332,CTY-037,2024,4732,2024-11-01,2024-09-24,paid
TAX-006995,ASM-006995,PROP-02332,CTY-037,2025,5068,2025-11-01,2025-10-09,paid
TAX-006996,ASM-006996,PROP-02332,CTY-037,2026,5288,2026-11-01,,outstanding
TAX-006997,ASM-006997,PROP-02333,CTY-037,2024,4400,2024-11-01,2024-09-26,paid
TAX-006998,ASM-006998,PROP-02333,CTY-037,2025,4658,2025-11-01,2025-09-28,paid
TAX-006999,ASM-006999,PROP-02333,CTY-037,2026,4815,2026-11-01,,outstanding
TAX-007000,ASM-007000,PROP-02334,CTY-037,2024,3677,2024-11-01,2024-10-16,paid
TAX-007001,ASM-007001,PROP-02334,CTY-037,2025,3814,2025-11-01,2025-09-23,paid
TAX-007002,ASM-007002,PROP-02334,CTY-037,2026,3940,2026-11-01,,outstanding
TAX-007003,ASM-007003,PROP-02335,CTY-037,2024,3416,2024-11-01,2024-10-31,paid
TAX-007004,ASM-007004,PROP-02335,CTY-037,2025,3549,2025-11-01,2025-09-24,paid
TAX-007005,ASM-007005,PROP-02335,CTY-037,2026,3826,2026-11-01,,outstanding
TAX-007006,ASM-007006,PROP-02336,CTY-037,2024,3574,2024-11-01,2024-10-07,paid
TAX-007007,ASM-007007,PROP-02336,CTY-037,2025,3840,2025-11-01,2025-10-10,paid
TAX-007008,ASM-007008,PROP-02336,CTY-037,2026,4056,2026-11-01,,outstanding
TAX-007009,ASM-007009,PROP-02337,CTY-037,2024,4404,2024-11-01,2024-10-25,paid
TAX-007010,ASM-007010,PROP-02337,CTY-037,2025,4696,2025-11-01,2025-09-22,paid
TAX-007011,ASM-007011,PROP-02337,CTY-037,2026,4919,2026-11-01,,outstanding
TAX-007012,ASM-007012,PROP-02338,CTY-037,2024,4045,2024-11-01,2024-10-18,paid
TAX-007013,ASM-007013,PROP-02338,CTY-037,2025,4283,2025-11-01,2025-10-27,paid
TAX-007014,ASM-007014,PROP-02338,CTY-037,2026,4503,2026-11-01,,outstanding
TAX-007015,ASM-007015,PROP-02339,CTY-037,2024,3587,2024-11-01,2024-09-29,paid
TAX-007016,ASM-007016,PROP-02339,CTY-037,2025,3868,2025-11-01,2025-10-21,paid
TAX-007017,ASM-007017,PROP-02339,CTY-037,2026,4020,2026-11-01,,outstanding
TAX-007018,ASM-007018,PROP-02340,CTY-037,2024,4370,2024-11-01,2024-10-04,paid
TAX-007019,ASM-007019,PROP-02340,CTY-037,2025,4617,2025-11-01,2025-10-03,paid
TAX-007020,ASM-007020,PROP-02340,CTY-037,2026,4791,2026-11-01,,outstanding
TAX-007021,ASM-007021,PROP-02341,CTY-037,2024,3828,2024-11-01,2024-10-17,paid
TAX-007022,ASM-007022,PROP-02341,CTY-037,2025,4019,2025-11-01,2025-10-25,paid
TAX-007023,ASM-007023,PROP-02341,CTY-037,2026,4256,2026-11-01,,outstanding
TAX-007024,ASM-007024,PROP-02342,CTY-037,2024,4536,2024-11-01,2024-10-11,paid
TAX-007025,ASM-007025,PROP-02342,CTY-037,2025,4702,2025-11-01,2025-10-12,paid
TAX-007026,ASM-007026,PROP-02342,CTY-037,2026,5052,2026-11-01,,outstanding
TAX-007027,ASM-007027,PROP-02343,CTY-037,2024,3742,2024-11-01,2024-10-06,paid
TAX-007028,ASM-007028,PROP-02343,CTY-037,2025,3930,2025-11-01,2025-10-19,paid
TAX-007029,ASM-007029,PROP-02343,CTY-037,2026,4150,2026-11-01,,outstanding
TAX-007030,ASM-007030,PROP-02344,CTY-037,2024,4178,2024-11-01,2024-10-15,paid
TAX-007031,ASM-007031,PROP-02344,CTY-037,2025,4468,2025-11-01,2025-10-05,paid
TAX-007032,ASM-007032,PROP-02344,CTY-037,2026,4817,2026-11-01,,outstanding
TAX-007033,ASM-007033,PROP-02345,CTY-037,2024,3707,2024-11-01,2024-10-15,paid
TAX-007034,ASM-007034,PROP-02345,CTY-037,2025,3854,2025-11-01,2025-10-18,paid
TAX-007035,ASM-007035,PROP-02345,CTY-037,2026,4017,2026-11-01,,outstanding
TAX-007036,ASM-007036,PROP-02346,CTY-037,2024,3903,2024-11-01,2024-09-23,paid
TAX-007037,ASM-007037,PROP-02346,CTY-037,2025,4166,2025-11-01,2025-10-18,paid
TAX-007038,ASM-007038,PROP-02346,CTY-037,2026,4323,2026-11-01,,outstanding
TAX-007039,ASM-007039,PROP-02347,CTY-037,2024,3796,2024-11-01,2024-09-27,paid
TAX-007040,ASM-007040,PROP-02347,CTY-037,2025,3972,2025-11-01,2025-10-15,paid
TAX-007041,ASM-007041,PROP-02347,CTY-037,2026,4151,2026-11-01,,outstanding
TAX-007042,ASM-007042,PROP-02348,CTY-037,2024,3578,2024-11-01,2024-10-16,paid
TAX-007043,ASM-007043,PROP-02348,CTY-037,2025,3720,2025-11-01,2025-10-27,paid
TAX-007044,ASM-007044,PROP-02348,CTY-037,2026,3907,2026-11-01,,outstanding
TAX-007045,ASM-007045,PROP-02349,CTY-037,2024,4042,2024-11-01,2024-10-17,paid
TAX-007046,ASM-007046,PROP-02349,CTY-037,2025,4345,2025-11-01,2025-10-29,paid
TAX-007047,ASM-007047,PROP-02349,CTY-037,2026,4501,2026-11-01,,outstanding
TAX-007048,ASM-007048,PROP-02350,CTY-037,2024,4778,2024-11-01,2024-10-25,paid
TAX-007049,ASM-007049,PROP-02350,CTY-037,2025,5105,2025-11-01,2025-10-23,paid
TAX-007050,ASM-007050,PROP-02350,CTY-037,2026,5361,2026-11-01,,outstanding
TAX-007051,ASM-007051,PROP-02351,CTY-037,2024,4491,2024-11-01,2024-09-27,paid
TAX-007052,ASM-007052,PROP-02351,CTY-037,2025,4636,2025-11-01,2025-10-02,paid
TAX-007053,ASM-007053,PROP-02351,CTY-037,2026,4809,2026-11-01,,outstanding
TAX-007054,ASM-007054,PROP-02352,CTY-037,2024,4297,2024-11-01,2024-10-18,paid
TAX-007055,ASM-007055,PROP-02352,CTY-037,2025,4517,2025-11-01,2025-10-25,paid
TAX-007056,ASM-007056,PROP-02352,CTY-037,2026,4802,2026-11-01,,outstanding
TAX-007057,ASM-007057,PROP-02353,CTY-037,2024,4335,2024-11-01,2024-10-18,paid
TAX-007058,ASM-007058,PROP-02353,CTY-037,2025,4520,2025-11-01,2025-10-17,paid
TAX-007059,ASM-007059,PROP-02353,CTY-037,2026,4687,2026-11-01,,outstanding
TAX-007060,ASM-007060,PROP-02354,CTY-037,2024,4837,2024-11-01,2024-09-24,paid
TAX-007061,ASM-007061,PROP-02354,CTY-037,2025,5177,2025-11-01,2025-10-28,paid
TAX-007062,ASM-007062,PROP-02354,CTY-037,2026,5489,2026-11-01,,outstanding
TAX-007063,ASM-007063,PROP-02355,CTY-038,2024,3644,2024-11-01,2024-09-22,paid
TAX-007064,ASM-007064,PROP-02355,CTY-038,2025,3956,2025-11-01,2025-10-03,paid
TAX-007065,ASM-007065,PROP-02355,CTY-038,2026,4252,2026-11-01,,outstanding
TAX-007066,ASM-007066,PROP-02356,CTY-038,2024,3989,2024-11-01,2024-10-19,paid
TAX-007067,ASM-007067,PROP-02356,CTY-038,2025,4191,2025-11-01,2025-09-25,paid
TAX-007068,ASM-007068,PROP-02356,CTY-038,2026,4470,2026-11-01,,outstanding
TAX-007069,ASM-007069,PROP-02357,CTY-038,2024,3511,2024-11-01,2024-10-15,paid
TAX-007070,ASM-007070,PROP-02357,CTY-038,2025,3696,2025-11-01,2025-10-15,paid
TAX-007071,ASM-007071,PROP-02357,CTY-038,2026,3915,2026-11-01,,outstanding
TAX-007072,ASM-007072,PROP-02358,CTY-038,2024,4272,2024-11-01,2024-09-29,paid
TAX-007073,ASM-007073,PROP-02358,CTY-038,2025,4502,2025-11-01,2025-09-24,paid
TAX-007074,ASM-007074,PROP-02358,CTY-038,2026,4691,2026-11-01,,outstanding
TAX-007075,ASM-007075,PROP-02359,CTY-038,2024,3954,2024-11-01,2024-10-19,paid
TAX-007076,ASM-007076,PROP-02359,CTY-038,2025,4215,2025-11-01,2025-10-17,paid
TAX-007077,ASM-007077,PROP-02359,CTY-038,2026,4492,2026-11-01,,outstanding
TAX-007078,ASM-007078,PROP-02360,CTY-038,2024,3322,2024-11-01,2024-10-30,paid
TAX-007079,ASM-007079,PROP-02360,CTY-038,2025,3562,2025-11-01,2025-10-04,paid
TAX-007080,ASM-007080,PROP-02360,CTY-038,2026,3821,2026-11-01,,outstanding
TAX-007081,ASM-007081,PROP-02361,CTY-038,2024,4189,2024-11-01,2024-09-24,paid
TAX-007082,ASM-007082,PROP-02361,CTY-038,2025,4366,2025-11-01,2025-09-28,paid
TAX-007083,ASM-007083,PROP-02361,CTY-038,2026,4693,2026-11-01,,outstanding
TAX-007084,ASM-007084,PROP-02362,CTY-038,2024,3873,2024-11-01,2024-10-25,paid
TAX-007085,ASM-007085,PROP-02362,CTY-038,2025,4175,2025-11-01,2025-10-05,paid
TAX-007086,ASM-007086,PROP-02362,CTY-038,2026,4463,2026-11-01,,outstanding
TAX-007087,ASM-007087,PROP-02363,CTY-038,2024,3364,2024-11-01,2024-10-14,paid
TAX-007088,ASM-007088,PROP-02363,CTY-038,2025,3544,2025-11-01,2025-09-28,paid
TAX-007089,ASM-007089,PROP-02363,CTY-038,2026,3787,2026-11-01,,outstanding
TAX-007090,ASM-007090,PROP-02364,CTY-038,2024,4284,2024-11-01,2024-10-24,paid
TAX-007091,ASM-007091,PROP-02364,CTY-038,2025,4614,2025-11-01,2025-09-29,paid
TAX-007092,ASM-007092,PROP-02364,CTY-038,2026,4969,2026-11-01,,outstanding
TAX-007093,ASM-007093,PROP-02365,CTY-038,2024,4130,2024-11-01,2024-09-24,paid
TAX-007094,ASM-007094,PROP-02365,CTY-038,2025,4406,2025-11-01,2025-10-01,paid
TAX-007095,ASM-007095,PROP-02365,CTY-038,2026,4780,2026-11-01,,outstanding
TAX-007096,ASM-007096,PROP-02366,CTY-038,2024,3507,2024-11-01,2024-10-14,paid
TAX-007097,ASM-007097,PROP-02366,CTY-038,2025,3815,2025-11-01,2025-10-05,paid
TAX-007098,ASM-007098,PROP-02366,CTY-038,2026,4030,2026-11-01,,outstanding
TAX-007099,ASM-007099,PROP-02367,CTY-038,2024,3983,2024-11-01,2024-10-03,paid
TAX-007100,ASM-007100,PROP-02367,CTY-038,2025,4337,2025-11-01,2025-10-15,paid
TAX-007101,ASM-007101,PROP-02367,CTY-038,2026,4652,2026-11-01,,outstanding
TAX-007102,ASM-007102,PROP-02368,CTY-038,2024,4158,2024-11-01,2024-10-28,paid
TAX-007103,ASM-007103,PROP-02368,CTY-038,2025,4435,2025-11-01,2025-10-19,paid
TAX-007104,ASM-007104,PROP-02368,CTY-038,2026,4809,2026-11-01,,outstanding
TAX-007105,ASM-007105,PROP-02369,CTY-038,2024,3476,2024-11-01,2024-10-15,paid
TAX-007106,ASM-007106,PROP-02369,CTY-038,2025,3699,2025-11-01,2025-10-15,paid
TAX-007107,ASM-007107,PROP-02369,CTY-038,2026,3855,2026-11-01,,outstanding
TAX-007108,ASM-007108,PROP-02370,CTY-038,2024,3423,2024-11-01,2024-10-02,paid
TAX-007109,ASM-007109,PROP-02370,CTY-038,2025,3562,2025-11-01,2025-10-04,paid
TAX-007110,ASM-007110,PROP-02370,CTY-038,2026,3880,2026-11-01,,outstanding
TAX-007111,ASM-007111,PROP-02371,CTY-038,2024,3588,2024-11-01,2024-10-16,paid
TAX-007112,ASM-007112,PROP-02371,CTY-038,2025,3827,2025-11-01,2025-10-30,paid
TAX-007113,ASM-007113,PROP-02371,CTY-038,2026,4141,2026-11-01,,outstanding
TAX-007114,ASM-007114,PROP-02372,CTY-038,2024,3651,2024-11-01,2024-10-28,paid
TAX-007115,ASM-007115,PROP-02372,CTY-038,2025,3983,2025-11-01,2025-10-18,paid
TAX-007116,ASM-007116,PROP-02372,CTY-038,2026,4188,2026-11-01,,outstanding
TAX-007117,ASM-007117,PROP-02373,CTY-038,2024,3988,2024-11-01,2024-09-28,paid
TAX-007118,ASM-007118,PROP-02373,CTY-038,2025,4274,2025-11-01,2025-09-29,paid
TAX-007119,ASM-007119,PROP-02373,CTY-038,2026,4555,2026-11-01,,outstanding
TAX-007120,ASM-007120,PROP-02374,CTY-038,2024,3565,2024-11-01,2024-10-18,paid
TAX-007121,ASM-007121,PROP-02374,CTY-038,2025,3857,2025-11-01,2025-10-26,paid
TAX-007122,ASM-007122,PROP-02374,CTY-038,2026,4038,2026-11-01,,outstanding
TAX-007123,ASM-007123,PROP-02375,CTY-038,2024,3281,2024-11-01,2024-09-30,paid
TAX-007124,ASM-007124,PROP-02375,CTY-038,2025,3442,2025-11-01,2025-10-21,paid
TAX-007125,ASM-007125,PROP-02375,CTY-038,2026,3728,2026-11-01,,outstanding
TAX-007126,ASM-007126,PROP-02376,CTY-038,2024,3564,2024-11-01,2024-10-11,paid
TAX-007127,ASM-007127,PROP-02376,CTY-038,2025,3868,2025-11-01,2025-10-23,paid
TAX-007128,ASM-007128,PROP-02376,CTY-038,2026,4154,2026-11-01,,outstanding
TAX-007129,ASM-007129,PROP-02377,CTY-038,2024,4255,2024-11-01,2024-10-12,paid
TAX-007130,ASM-007130,PROP-02377,CTY-038,2025,4443,2025-11-01,2025-10-02,paid
TAX-007131,ASM-007131,PROP-02377,CTY-038,2026,4678,2026-11-01,,outstanding
TAX-007132,ASM-007132,PROP-02378,CTY-038,2024,3453,2024-11-01,2024-10-22,paid
TAX-007133,ASM-007133,PROP-02378,CTY-038,2025,3692,2025-11-01,2025-10-18,paid
TAX-007134,ASM-007134,PROP-02378,CTY-038,2026,3894,2026-11-01,,outstanding
TAX-007135,ASM-007135,PROP-02379,CTY-038,2024,4126,2024-11-01,2024-10-08,paid
TAX-007136,ASM-007136,PROP-02379,CTY-038,2025,4466,2025-11-01,2025-10-18,paid
TAX-007137,ASM-007137,PROP-02379,CTY-038,2026,4824,2026-11-01,,outstanding
TAX-007138,ASM-007138,PROP-02380,CTY-038,2024,2982,2024-11-01,2024-10-10,paid
TAX-007139,ASM-007139,PROP-02380,CTY-038,2025,3194,2025-11-01,2025-11-01,paid
TAX-007140,ASM-007140,PROP-02380,CTY-038,2026,3437,2026-11-01,,outstanding
TAX-007141,ASM-007141,PROP-02381,CTY-038,2024,4391,2024-11-01,2024-09-23,paid
TAX-007142,ASM-007142,PROP-02381,CTY-038,2025,4698,2025-11-01,2025-10-22,paid
TAX-007143,ASM-007143,PROP-02381,CTY-038,2026,5066,2026-11-01,,outstanding
TAX-007144,ASM-007144,PROP-02382,CTY-038,2024,3561,2024-11-01,2024-10-15,paid
TAX-007145,ASM-007145,PROP-02382,CTY-038,2025,3858,2025-11-01,2025-10-26,paid
TAX-007146,ASM-007146,PROP-02382,CTY-038,2026,4047,2026-11-01,,outstanding
TAX-007147,ASM-007147,PROP-02383,CTY-038,2024,3080,2024-11-01,2024-10-13,paid
TAX-007148,ASM-007148,PROP-02383,CTY-038,2025,3203,2025-11-01,2025-10-09,paid
TAX-007149,ASM-007149,PROP-02383,CTY-038,2026,3482,2026-11-01,,outstanding
TAX-007150,ASM-007150,PROP-02384,CTY-038,2024,3890,2024-11-01,2024-10-14,paid
TAX-007151,ASM-007151,PROP-02384,CTY-038,2025,4105,2025-11-01,2025-10-28,paid
TAX-007152,ASM-007152,PROP-02384,CTY-038,2026,4316,2026-11-01,,outstanding
TAX-007153,ASM-007153,PROP-02385,CTY-038,2024,3785,2024-11-01,2024-10-31,paid
TAX-007154,ASM-007154,PROP-02385,CTY-038,2025,4083,2025-11-01,2025-10-16,paid
TAX-007155,ASM-007155,PROP-02385,CTY-038,2026,4280,2026-11-01,,outstanding
TAX-007156,ASM-007156,PROP-02386,CTY-038,2024,3710,2024-11-01,2024-09-26,paid
TAX-007157,ASM-007157,PROP-02386,CTY-038,2025,4028,2025-11-01,2025-10-10,paid
TAX-007158,ASM-007158,PROP-02386,CTY-038,2026,4381,2026-11-01,,outstanding
TAX-007159,ASM-007159,PROP-02387,CTY-038,2024,3590,2024-11-01,2024-09-28,paid
TAX-007160,ASM-007160,PROP-02387,CTY-038,2025,3811,2025-11-01,2025-10-28,paid
TAX-007161,ASM-007161,PROP-02387,CTY-038,2026,4086,2026-11-01,,outstanding
TAX-007162,ASM-007162,PROP-02388,CTY-037,2024,2856,2024-11-01,2024-10-21,paid
TAX-007163,ASM-007163,PROP-02388,CTY-037,2025,3007,2025-11-01,2025-10-16,paid
TAX-007164,ASM-007164,PROP-02388,CTY-037,2026,3241,2026-11-01,,outstanding
TAX-007165,ASM-007165,PROP-02389,CTY-037,2024,3035,2024-11-01,2024-10-29,paid
TAX-007166,ASM-007166,PROP-02389,CTY-037,2025,3133,2025-11-01,2025-09-28,paid
TAX-007167,ASM-007167,PROP-02389,CTY-037,2026,3249,2026-11-01,,outstanding
TAX-007168,ASM-007168,PROP-02390,CTY-037,2024,3178,2024-11-01,2024-10-19,paid
TAX-007169,ASM-007169,PROP-02390,CTY-037,2025,3330,2025-11-01,2025-10-20,paid
TAX-007170,ASM-007170,PROP-02390,CTY-037,2026,3496,2026-11-01,,outstanding
TAX-007171,ASM-007171,PROP-02391,CTY-037,2024,3391,2024-11-01,2024-09-23,paid
TAX-007172,ASM-007172,PROP-02391,CTY-037,2025,3548,2025-11-01,2025-10-22,paid
TAX-007173,ASM-007173,PROP-02391,CTY-037,2026,3676,2026-11-01,,outstanding
TAX-007174,ASM-007174,PROP-02392,CTY-037,2024,3028,2024-11-01,2024-10-14,paid
TAX-007175,ASM-007175,PROP-02392,CTY-037,2025,3151,2025-11-01,2025-10-10,paid
TAX-007176,ASM-007176,PROP-02392,CTY-037,2026,3278,2026-11-01,,outstanding
TAX-007177,ASM-007177,PROP-02393,CTY-037,2024,2895,2024-11-01,2024-10-07,paid
TAX-007178,ASM-007178,PROP-02393,CTY-037,2025,3097,2025-11-01,2025-10-14,paid
TAX-007179,ASM-007179,PROP-02393,CTY-037,2026,3241,2026-11-01,,outstanding
TAX-007180,ASM-007180,PROP-02394,CTY-037,2024,3364,2024-11-01,2024-10-07,paid
TAX-007181,ASM-007181,PROP-02394,CTY-037,2025,3600,2025-11-01,2025-10-12,paid
TAX-007182,ASM-007182,PROP-02394,CTY-037,2026,3824,2026-11-01,,outstanding
TAX-007183,ASM-007183,PROP-02395,CTY-037,2024,3013,2024-11-01,2024-09-25,paid
TAX-007184,ASM-007184,PROP-02395,CTY-037,2025,3218,2025-11-01,2025-09-29,paid
TAX-007185,ASM-007185,PROP-02395,CTY-037,2026,3470,2026-11-01,,outstanding
TAX-007186,ASM-007186,PROP-02396,CTY-037,2024,3639,2024-11-01,2024-10-10,paid
TAX-007187,ASM-007187,PROP-02396,CTY-037,2025,3884,2025-11-01,2025-10-01,paid
TAX-007188,ASM-007188,PROP-02396,CTY-037,2026,4168,2026-11-01,,outstanding
TAX-007189,ASM-007189,PROP-02397,CTY-037,2024,3134,2024-11-01,2024-09-29,paid
TAX-007190,ASM-007190,PROP-02397,CTY-037,2025,3255,2025-11-01,2025-10-20,paid
TAX-007191,ASM-007191,PROP-02397,CTY-037,2026,3381,2026-11-01,,outstanding
TAX-007192,ASM-007192,PROP-02398,CTY-037,2024,2556,2024-11-01,2024-10-18,paid
TAX-007193,ASM-007193,PROP-02398,CTY-037,2025,2729,2025-11-01,2025-09-25,paid
TAX-007194,ASM-007194,PROP-02398,CTY-037,2026,2823,2026-11-01,,outstanding
TAX-007195,ASM-007195,PROP-02399,CTY-037,2024,3054,2024-11-01,2024-10-23,paid
TAX-007196,ASM-007196,PROP-02399,CTY-037,2025,3278,2025-11-01,2025-10-16,paid
TAX-007197,ASM-007197,PROP-02399,CTY-037,2026,3408,2026-11-01,,outstanding
TAX-007198,ASM-007198,PROP-02400,CTY-037,2024,3372,2024-11-01,2024-10-18,paid
TAX-007199,ASM-007199,PROP-02400,CTY-037,2025,3495,2025-11-01,2025-10-03,paid
TAX-007200,ASM-007200,PROP-02400,CTY-037,2026,3736,2026-11-01,,outstanding
TAX-007201,ASM-007201,PROP-02401,CTY-037,2024,3455,2024-11-01,2024-10-11,paid
TAX-007202,ASM-007202,PROP-02401,CTY-037,2025,3609,2025-11-01,2025-10-02,paid
TAX-007203,ASM-007203,PROP-02401,CTY-037,2026,3738,2026-11-01,,outstanding
TAX-007204,ASM-007204,PROP-02402,CTY-037,2024,3290,2024-11-01,2024-10-20,paid
TAX-007205,ASM-007205,PROP-02402,CTY-037,2025,3520,2025-11-01,2025-10-09,paid
TAX-007206,ASM-007206,PROP-02402,CTY-037,2026,3693,2026-11-01,,outstanding
TAX-007207,ASM-007207,PROP-02403,CTY-037,2024,3186,2024-11-01,2024-10-30,paid
TAX-007208,ASM-007208,PROP-02403,CTY-037,2025,3360,2025-11-01,2025-10-24,paid
TAX-007209,ASM-007209,PROP-02403,CTY-037,2026,3508,2026-11-01,,outstanding
TAX-007210,ASM-007210,PROP-02404,CTY-037,2024,3155,2024-11-01,2024-10-23,paid
TAX-007211,ASM-007211,PROP-02404,CTY-037,2025,3275,2025-11-01,2025-10-17,paid
TAX-007212,ASM-007212,PROP-02404,CTY-037,2026,3465,2026-11-01,,outstanding
TAX-007213,ASM-007213,PROP-02405,CTY-037,2024,3430,2024-11-01,2024-10-21,paid
TAX-007214,ASM-007214,PROP-02405,CTY-037,2025,3634,2025-11-01,2025-10-09,paid
TAX-007215,ASM-007215,PROP-02405,CTY-037,2026,3898,2026-11-01,,outstanding
TAX-007216,ASM-007216,PROP-02406,CTY-037,2024,3504,2024-11-01,2024-10-29,paid
TAX-007217,ASM-007217,PROP-02406,CTY-037,2025,3746,2025-11-01,2025-10-24,paid
TAX-007218,ASM-007218,PROP-02406,CTY-037,2026,3975,2026-11-01,,outstanding
TAX-007219,ASM-007219,PROP-02407,CTY-037,2024,3516,2024-11-01,2024-10-13,paid
TAX-007220,ASM-007220,PROP-02407,CTY-037,2025,3736,2025-11-01,2025-10-24,paid
TAX-007221,ASM-007221,PROP-02407,CTY-037,2026,3950,2026-11-01,,outstanding
TAX-007222,ASM-007222,PROP-02408,CTY-037,2024,2820,2024-11-01,2024-09-26,paid
TAX-007223,ASM-007223,PROP-02408,CTY-037,2025,2977,2025-11-01,2025-10-17,paid
TAX-007224,ASM-007224,PROP-02408,CTY-037,2026,3084,2026-11-01,,outstanding
TAX-007225,ASM-007225,PROP-02409,CTY-037,2024,2778,2024-11-01,2024-10-28,paid
TAX-007226,ASM-007226,PROP-02409,CTY-037,2025,2963,2025-11-01,2025-10-05,paid
TAX-007227,ASM-007227,PROP-02409,CTY-037,2026,3198,2026-11-01,,outstanding
TAX-007228,ASM-007228,PROP-02410,CTY-037,2024,2953,2024-11-01,2024-10-26,paid
TAX-007229,ASM-007229,PROP-02410,CTY-037,2025,3111,2025-11-01,2025-09-24,paid
TAX-007230,ASM-007230,PROP-02410,CTY-037,2026,3250,2026-11-01,,outstanding
TAX-007231,ASM-007231,PROP-02411,CTY-037,2024,3074,2024-11-01,2024-10-07,paid
TAX-007232,ASM-007232,PROP-02411,CTY-037,2025,3231,2025-11-01,2025-09-27,paid
TAX-007233,ASM-007233,PROP-02411,CTY-037,2026,3360,2026-11-01,,outstanding
TAX-007234,ASM-007234,PROP-02412,CTY-037,2024,3422,2024-11-01,2024-10-08,paid
TAX-007235,ASM-007235,PROP-02412,CTY-037,2025,3563,2025-11-01,2025-11-01,paid
TAX-007236,ASM-007236,PROP-02412,CTY-037,2026,3697,2026-11-01,,outstanding
TAX-007237,ASM-007237,PROP-02413,CTY-037,2024,3519,2024-11-01,2024-10-11,paid
TAX-007238,ASM-007238,PROP-02413,CTY-037,2025,3754,2025-11-01,2025-10-18,paid
TAX-007239,ASM-007239,PROP-02413,CTY-037,2026,3876,2026-11-01,,outstanding
TAX-007240,ASM-007240,PROP-02414,CTY-037,2024,3399,2024-11-01,2024-09-27,paid
TAX-007241,ASM-007241,PROP-02414,CTY-037,2025,3575,2025-11-01,2025-09-30,paid
TAX-007242,ASM-007242,PROP-02414,CTY-037,2026,3861,2026-11-01,,outstanding
TAX-007243,ASM-007243,PROP-02415,CTY-037,2024,2726,2024-11-01,2024-10-18,paid
TAX-007244,ASM-007244,PROP-02415,CTY-037,2025,2821,2025-11-01,2025-10-12,paid
TAX-007245,ASM-007245,PROP-02415,CTY-037,2026,2972,2026-11-01,,outstanding
TAX-007246,ASM-007246,PROP-02416,CTY-037,2024,3504,2024-11-01,2024-11-01,paid
TAX-007247,ASM-007247,PROP-02416,CTY-037,2025,3782,2025-11-01,2025-10-03,paid
TAX-007248,ASM-007248,PROP-02416,CTY-037,2026,4022,2026-11-01,,outstanding
TAX-007249,ASM-007249,PROP-02417,CTY-037,2024,3373,2024-11-01,2024-10-26,paid
TAX-007250,ASM-007250,PROP-02417,CTY-037,2025,3528,2025-11-01,2025-09-24,paid
TAX-007251,ASM-007251,PROP-02417,CTY-037,2026,3739,2026-11-01,,outstanding
TAX-007252,ASM-007252,PROP-02418,CTY-037,2024,3102,2024-11-01,2024-09-22,paid
TAX-007253,ASM-007253,PROP-02418,CTY-037,2025,3321,2025-11-01,2025-10-20,paid
TAX-007254,ASM-007254,PROP-02418,CTY-037,2026,3552,2026-11-01,,outstanding
TAX-007255,ASM-007255,PROP-02419,CTY-037,2024,3432,2024-11-01,2024-10-17,paid
TAX-007256,ASM-007256,PROP-02419,CTY-037,2025,3605,2025-11-01,2025-10-10,paid
TAX-007257,ASM-007257,PROP-02419,CTY-037,2026,3801,2026-11-01,,outstanding
TAX-007258,ASM-007258,PROP-02420,CTY-037,2024,3405,2024-11-01,2024-10-19,paid
TAX-007259,ASM-007259,PROP-02420,CTY-037,2025,3639,2025-11-01,2025-10-29,paid
TAX-007260,ASM-007260,PROP-02420,CTY-037,2026,3759,2026-11-01,,outstanding
TAX-007261,ASM-007261,PROP-02421,CTY-037,2024,3238,2024-11-01,2024-10-10,paid
TAX-007262,ASM-007262,PROP-02421,CTY-037,2025,3439,2025-11-01,2025-10-02,paid
TAX-007263,ASM-007263,PROP-02421,CTY-037,2026,3580,2026-11-01,,outstanding
TAX-007264,ASM-007264,PROP-02422,CTY-037,2024,3162,2024-11-01,2024-10-09,paid
TAX-007265,ASM-007265,PROP-02422,CTY-037,2025,3371,2025-11-01,2025-10-23,paid
TAX-007266,ASM-007266,PROP-02422,CTY-037,2026,3580,2026-11-01,,outstanding
TAX-007267,ASM-007267,PROP-02423,CTY-037,2024,3053,2024-11-01,2024-10-11,paid
TAX-007268,ASM-007268,PROP-02423,CTY-037,2025,3291,2025-11-01,2025-10-04,paid
TAX-007269,ASM-007269,PROP-02423,CTY-037,2026,3468,2026-11-01,,outstanding
TAX-007270,ASM-007270,PROP-02424,CTY-037,2024,2978,2024-11-01,2024-09-24,paid
TAX-007271,ASM-007271,PROP-02424,CTY-037,2025,3107,2025-11-01,2025-09-25,paid
TAX-007272,ASM-007272,PROP-02424,CTY-037,2026,3214,2026-11-01,,outstanding
TAX-007273,ASM-007273,PROP-02425,CTY-037,2024,2584,2024-11-01,2024-10-28,paid
TAX-007274,ASM-007274,PROP-02425,CTY-037,2025,2669,2025-11-01,2025-10-04,paid
TAX-007275,ASM-007275,PROP-02425,CTY-037,2026,2795,2026-11-01,,outstanding
TAX-007276,ASM-007276,PROP-02426,CTY-037,2024,3183,2024-11-01,2024-10-11,paid
TAX-007277,ASM-007277,PROP-02426,CTY-037,2025,3393,2025-11-01,2025-10-29,paid
TAX-007278,ASM-007278,PROP-02426,CTY-037,2026,3503,2026-11-01,,outstanding
TAX-007279,ASM-007279,PROP-02427,CTY-037,2024,2642,2024-11-01,2024-09-26,paid
TAX-007280,ASM-007280,PROP-02427,CTY-037,2025,2834,2025-11-01,2025-10-24,paid
TAX-007281,ASM-007281,PROP-02427,CTY-037,2026,3042,2026-11-01,,outstanding
TAX-007282,ASM-007282,PROP-02428,CTY-037,2024,3496,2024-11-01,2024-09-28,paid
TAX-007283,ASM-007283,PROP-02428,CTY-037,2025,3699,2025-11-01,2025-10-11,paid
TAX-007284,ASM-007284,PROP-02428,CTY-037,2026,3922,2026-11-01,,outstanding
TAX-007285,ASM-007285,PROP-02429,CTY-037,2024,3389,2024-11-01,2024-09-27,paid
TAX-007286,ASM-007286,PROP-02429,CTY-037,2025,3515,2025-11-01,2025-10-23,paid
TAX-007287,ASM-007287,PROP-02429,CTY-037,2026,3688,2026-11-01,,outstanding
TAX-007288,ASM-007288,PROP-02430,CTY-037,2024,2843,2024-11-01,2024-10-30,paid
TAX-007289,ASM-007289,PROP-02430,CTY-037,2025,3022,2025-11-01,2025-10-25,paid
TAX-007290,ASM-007290,PROP-02430,CTY-037,2026,3239,2026-11-01,,outstanding
TAX-007291,ASM-007291,PROP-02431,CTY-037,2024,3460,2024-11-01,2024-10-18,paid
TAX-007292,ASM-007292,PROP-02431,CTY-037,2025,3593,2025-11-01,2025-10-03,paid
TAX-007293,ASM-007293,PROP-02431,CTY-037,2026,3859,2026-11-01,,outstanding
TAX-007294,ASM-007294,PROP-02432,CTY-037,2024,3235,2024-11-01,2024-10-18,paid
TAX-007295,ASM-007295,PROP-02432,CTY-037,2025,3472,2025-11-01,2025-09-24,paid
TAX-007296,ASM-007296,PROP-02432,CTY-037,2026,3733,2026-11-01,,outstanding
TAX-007297,ASM-007297,PROP-02433,CTY-037,2024,2838,2024-11-01,2024-10-10,paid
TAX-007298,ASM-007298,PROP-02433,CTY-037,2025,2938,2025-11-01,2025-10-24,paid
TAX-007299,ASM-007299,PROP-02433,CTY-037,2026,3078,2026-11-01,,outstanding
TAX-007300,ASM-007300,PROP-02434,CTY-037,2024,3521,2024-11-01,2024-09-26,paid
TAX-007301,ASM-007301,PROP-02434,CTY-037,2025,3708,2025-11-01,2025-10-10,paid
TAX-007302,ASM-007302,PROP-02434,CTY-037,2026,3902,2026-11-01,,outstanding
TAX-007303,ASM-007303,PROP-02435,CTY-037,2024,3471,2024-11-01,2024-09-30,paid
TAX-007304,ASM-007304,PROP-02435,CTY-037,2025,3630,2025-11-01,2025-10-30,paid
TAX-007305,ASM-007305,PROP-02435,CTY-037,2026,3866,2026-11-01,,outstanding
TAX-007306,ASM-007306,PROP-02436,CTY-037,2024,2733,2024-11-01,2024-10-05,paid
TAX-007307,ASM-007307,PROP-02436,CTY-037,2025,2850,2025-11-01,2025-10-29,paid
TAX-007308,ASM-007308,PROP-02436,CTY-037,2026,3073,2026-11-01,,outstanding
TAX-007309,ASM-007309,PROP-02437,CTY-037,2024,2710,2024-11-01,2024-10-21,paid
TAX-007310,ASM-007310,PROP-02437,CTY-037,2025,2904,2025-11-01,2025-09-29,paid
TAX-007311,ASM-007311,PROP-02437,CTY-037,2026,3136,2026-11-01,,outstanding
TAX-007312,ASM-007312,PROP-02438,CTY-037,2024,2758,2024-11-01,2024-10-22,paid
TAX-007313,ASM-007313,PROP-02438,CTY-037,2025,2874,2025-11-01,2025-10-12,paid
TAX-007314,ASM-007314,PROP-02438,CTY-037,2026,3067,2026-11-01,,outstanding
TAX-007315,ASM-007315,PROP-02439,CTY-037,2024,3537,2024-11-01,2024-10-08,paid
TAX-007316,ASM-007316,PROP-02439,CTY-037,2025,3760,2025-11-01,2025-10-17,paid
TAX-007317,ASM-007317,PROP-02439,CTY-037,2026,3903,2026-11-01,,outstanding
TAX-007318,ASM-007318,PROP-02440,CTY-039,2024,4471,2024-11-01,2024-09-25,paid
TAX-007319,ASM-007319,PROP-02440,CTY-039,2025,4746,2025-11-01,2025-10-25,paid
TAX-007320,ASM-007320,PROP-02440,CTY-039,2026,5068,2026-11-01,,outstanding
TAX-007321,ASM-007321,PROP-02441,CTY-039,2024,3949,2024-11-01,2024-10-24,paid
TAX-007322,ASM-007322,PROP-02441,CTY-039,2025,4184,2025-11-01,2025-09-26,paid
TAX-007323,ASM-007323,PROP-02441,CTY-039,2026,4423,2026-11-01,,outstanding
TAX-007324,ASM-007324,PROP-02442,CTY-039,2024,3368,2024-11-01,2024-09-30,paid
TAX-007325,ASM-007325,PROP-02442,CTY-039,2025,3533,2025-11-01,2025-09-25,paid
TAX-007326,ASM-007326,PROP-02442,CTY-039,2026,3745,2026-11-01,,outstanding
TAX-007327,ASM-007327,PROP-02443,CTY-039,2024,3585,2024-11-01,2024-10-17,paid
TAX-007328,ASM-007328,PROP-02443,CTY-039,2025,3714,2025-11-01,2025-10-27,paid
TAX-007329,ASM-007329,PROP-02443,CTY-039,2026,3871,2026-11-01,,outstanding
TAX-007330,ASM-007330,PROP-02444,CTY-039,2024,3663,2024-11-01,2024-10-27,paid
TAX-007331,ASM-007331,PROP-02444,CTY-039,2025,3899,2025-11-01,2025-10-16,paid
TAX-007332,ASM-007332,PROP-02444,CTY-039,2026,4144,2026-11-01,,outstanding
TAX-007333,ASM-007333,PROP-02445,CTY-039,2024,4744,2024-11-01,2024-10-04,paid
TAX-007334,ASM-007334,PROP-02445,CTY-039,2025,5104,2025-11-01,2025-09-27,paid
TAX-007335,ASM-007335,PROP-02445,CTY-039,2026,5370,2026-11-01,,outstanding
TAX-007336,ASM-007336,PROP-02446,CTY-039,2024,3943,2024-11-01,2024-10-08,paid
TAX-007337,ASM-007337,PROP-02446,CTY-039,2025,4243,2025-11-01,2025-10-27,paid
TAX-007338,ASM-007338,PROP-02446,CTY-039,2026,4516,2026-11-01,,outstanding
TAX-007339,ASM-007339,PROP-02447,CTY-039,2024,3561,2024-11-01,2024-10-05,paid
TAX-007340,ASM-007340,PROP-02447,CTY-039,2025,3833,2025-11-01,2025-09-29,paid
TAX-007341,ASM-007341,PROP-02447,CTY-039,2026,4043,2026-11-01,,outstanding
TAX-007342,ASM-007342,PROP-02448,CTY-039,2024,3548,2024-11-01,2024-10-27,paid
TAX-007343,ASM-007343,PROP-02448,CTY-039,2025,3682,2025-11-01,2025-10-31,paid
TAX-007344,ASM-007344,PROP-02448,CTY-039,2026,3912,2026-11-01,,outstanding
TAX-007345,ASM-007345,PROP-02449,CTY-039,2024,4080,2024-11-01,2024-09-26,paid
TAX-007346,ASM-007346,PROP-02449,CTY-039,2025,4321,2025-11-01,2025-10-24,paid
TAX-007347,ASM-007347,PROP-02449,CTY-039,2026,4647,2026-11-01,,outstanding
TAX-007348,ASM-007348,PROP-02450,CTY-039,2024,4467,2024-11-01,2024-10-21,paid
TAX-007349,ASM-007349,PROP-02450,CTY-039,2025,4751,2025-11-01,2025-10-02,paid
TAX-007350,ASM-007350,PROP-02450,CTY-039,2026,5053,2026-11-01,,outstanding
TAX-007351,ASM-007351,PROP-02451,CTY-039,2024,4435,2024-11-01,2024-10-13,paid
TAX-007352,ASM-007352,PROP-02451,CTY-039,2025,4795,2025-11-01,2025-10-06,paid
TAX-007353,ASM-007353,PROP-02451,CTY-039,2026,4979,2026-11-01,,outstanding
TAX-007354,ASM-007354,PROP-02452,CTY-039,2024,4146,2024-11-01,2024-10-30,paid
TAX-007355,ASM-007355,PROP-02452,CTY-039,2025,4336,2025-11-01,2025-10-20,paid
TAX-007356,ASM-007356,PROP-02452,CTY-039,2026,4594,2026-11-01,,outstanding
TAX-007357,ASM-007357,PROP-02453,CTY-039,2024,3750,2024-11-01,2024-10-08,paid
TAX-007358,ASM-007358,PROP-02453,CTY-039,2025,3998,2025-11-01,2025-10-04,paid
TAX-007359,ASM-007359,PROP-02453,CTY-039,2026,4269,2026-11-01,,outstanding
TAX-007360,ASM-007360,PROP-02454,CTY-039,2024,4035,2024-11-01,2024-10-01,paid
TAX-007361,ASM-007361,PROP-02454,CTY-039,2025,4220,2025-11-01,2025-09-29,paid
TAX-007362,ASM-007362,PROP-02454,CTY-039,2026,4469,2026-11-01,,outstanding
TAX-007363,ASM-007363,PROP-02455,CTY-039,2024,4402,2024-11-01,2024-10-06,paid
TAX-007364,ASM-007364,PROP-02455,CTY-039,2025,4749,2025-11-01,2025-10-03,paid
TAX-007365,ASM-007365,PROP-02455,CTY-039,2026,5011,2026-11-01,,outstanding
TAX-007366,ASM-007366,PROP-02456,CTY-039,2024,3915,2024-11-01,2024-10-23,paid
TAX-007367,ASM-007367,PROP-02456,CTY-039,2025,4201,2025-11-01,2025-09-30,paid
TAX-007368,ASM-007368,PROP-02456,CTY-039,2026,4416,2026-11-01,,outstanding
TAX-007369,ASM-007369,PROP-02457,CTY-039,2024,3779,2024-11-01,2024-10-28,paid
TAX-007370,ASM-007370,PROP-02457,CTY-039,2025,3975,2025-11-01,2025-10-02,paid
TAX-007371,ASM-007371,PROP-02457,CTY-039,2026,4249,2026-11-01,,outstanding
TAX-007372,ASM-007372,PROP-02458,CTY-039,2024,4212,2024-11-01,2024-10-10,paid
TAX-007373,ASM-007373,PROP-02458,CTY-039,2025,4554,2025-11-01,2025-09-27,paid
TAX-007374,ASM-007374,PROP-02458,CTY-039,2026,4797,2026-11-01,,outstanding
TAX-007375,ASM-007375,PROP-02459,CTY-039,2024,3596,2024-11-01,2024-09-24,paid
TAX-007376,ASM-007376,PROP-02459,CTY-039,2025,3860,2025-11-01,2025-09-24,paid
TAX-007377,ASM-007377,PROP-02459,CTY-039,2026,4010,2026-11-01,,outstanding
TAX-007378,ASM-007378,PROP-02460,CTY-039,2024,4159,2024-11-01,2024-10-17,paid
TAX-007379,ASM-007379,PROP-02460,CTY-039,2025,4302,2025-11-01,2025-10-16,paid
TAX-007380,ASM-007380,PROP-02460,CTY-039,2026,4519,2026-11-01,,outstanding
TAX-007381,ASM-007381,PROP-02461,CTY-039,2024,4103,2024-11-01,2024-10-31,paid
TAX-007382,ASM-007382,PROP-02461,CTY-039,2025,4429,2025-11-01,2025-10-24,paid
TAX-007383,ASM-007383,PROP-02461,CTY-039,2026,4726,2026-11-01,,outstanding
TAX-007384,ASM-007384,PROP-02462,CTY-039,2024,3046,2024-11-01,2024-10-19,paid
TAX-007385,ASM-007385,PROP-02462,CTY-039,2025,3164,2025-11-01,2025-10-24,paid
TAX-007386,ASM-007386,PROP-02462,CTY-039,2026,3379,2026-11-01,,outstanding
TAX-007387,ASM-007387,PROP-02463,CTY-039,2024,3370,2024-11-01,2024-10-21,paid
TAX-007388,ASM-007388,PROP-02463,CTY-039,2025,3621,2025-11-01,2025-10-18,paid
TAX-007389,ASM-007389,PROP-02463,CTY-039,2026,3915,2026-11-01,,outstanding
TAX-007390,ASM-007390,PROP-02464,CTY-039,2024,3574,2024-11-01,2024-09-27,paid
TAX-007391,ASM-007391,PROP-02464,CTY-039,2025,3781,2025-11-01,2025-09-29,paid
TAX-007392,ASM-007392,PROP-02464,CTY-039,2026,4019,2026-11-01,,outstanding
TAX-007393,ASM-007393,PROP-02465,CTY-039,2024,4114,2024-11-01,2024-10-09,paid
TAX-007394,ASM-007394,PROP-02465,CTY-039,2025,4351,2025-11-01,2025-10-08,paid
TAX-007395,ASM-007395,PROP-02465,CTY-039,2026,4626,2026-11-01,,outstanding
TAX-007396,ASM-007396,PROP-02466,CTY-039,2024,4060,2024-11-01,2024-10-22,paid
TAX-007397,ASM-007397,PROP-02466,CTY-039,2025,4389,2025-11-01,2025-11-01,paid
TAX-007398,ASM-007398,PROP-02466,CTY-039,2026,4597,2026-11-01,,outstanding
TAX-007399,ASM-007399,PROP-02467,CTY-039,2024,4097,2024-11-01,2024-10-01,paid
TAX-007400,ASM-007400,PROP-02467,CTY-039,2025,4395,2025-11-01,2025-10-31,paid
TAX-007401,ASM-007401,PROP-02467,CTY-039,2026,4602,2026-11-01,,outstanding
TAX-007402,ASM-007402,PROP-02468,CTY-039,2024,4309,2024-11-01,2024-11-01,paid
TAX-007403,ASM-007403,PROP-02468,CTY-039,2025,4572,2025-11-01,2025-10-25,paid
TAX-007404,ASM-007404,PROP-02468,CTY-039,2026,4936,2026-11-01,,outstanding
TAX-007405,ASM-007405,PROP-02469,CTY-039,2024,3218,2024-11-01,2024-10-31,paid
TAX-007406,ASM-007406,PROP-02469,CTY-039,2025,3325,2025-11-01,2025-09-24,paid
TAX-007407,ASM-007407,PROP-02469,CTY-039,2026,3507,2026-11-01,,outstanding
TAX-007408,ASM-007408,PROP-02470,CTY-040,2024,3771,2024-11-01,2024-10-03,paid
TAX-007409,ASM-007409,PROP-02470,CTY-040,2025,4099,2025-11-01,2025-09-29,paid
TAX-007410,ASM-007410,PROP-02470,CTY-040,2026,4261,2026-11-01,,outstanding
TAX-007411,ASM-007411,PROP-02471,CTY-040,2024,3681,2024-11-01,2024-09-29,paid
TAX-007412,ASM-007412,PROP-02471,CTY-040,2025,3995,2025-11-01,2025-10-02,paid
TAX-007413,ASM-007413,PROP-02471,CTY-040,2026,4249,2026-11-01,,outstanding
TAX-007414,ASM-007414,PROP-02472,CTY-040,2024,3612,2024-11-01,2024-09-29,paid
TAX-007415,ASM-007415,PROP-02472,CTY-040,2025,3829,2025-11-01,2025-10-12,paid
TAX-007416,ASM-007416,PROP-02472,CTY-040,2026,4033,2026-11-01,,outstanding
TAX-007417,ASM-007417,PROP-02473,CTY-040,2024,2870,2024-11-01,2024-10-25,paid
TAX-007418,ASM-007418,PROP-02473,CTY-040,2025,3120,2025-11-01,2025-10-13,paid
TAX-007419,ASM-007419,PROP-02473,CTY-040,2026,3273,2026-11-01,,outstanding
TAX-007420,ASM-007420,PROP-02474,CTY-040,2024,3193,2024-11-01,2024-09-27,paid
TAX-007421,ASM-007421,PROP-02474,CTY-040,2025,3338,2025-11-01,2025-10-05,paid
TAX-007422,ASM-007422,PROP-02474,CTY-040,2026,3568,2026-11-01,,outstanding
TAX-007423,ASM-007423,PROP-02475,CTY-040,2024,3712,2024-11-01,2024-10-31,paid
TAX-007424,ASM-007424,PROP-02475,CTY-040,2025,4035,2025-11-01,2025-10-06,paid
TAX-007425,ASM-007425,PROP-02475,CTY-040,2026,3943,2026-11-01,,outstanding
TAX-007426,ASM-007426,PROP-02476,CTY-040,2024,3143,2024-11-01,2024-10-23,paid
TAX-007427,ASM-007427,PROP-02476,CTY-040,2025,3344,2025-11-01,2025-09-26,paid
TAX-007428,ASM-007428,PROP-02476,CTY-040,2026,3581,2026-11-01,,outstanding
TAX-007429,ASM-007429,PROP-02477,CTY-040,2024,3258,2024-11-01,2024-09-26,paid
TAX-007430,ASM-007430,PROP-02477,CTY-040,2025,3400,2025-11-01,2025-10-26,paid
TAX-007431,ASM-007431,PROP-02477,CTY-040,2026,3621,2026-11-01,,outstanding
TAX-007432,ASM-007432,PROP-02478,CTY-040,2024,3335,2024-11-01,2024-10-15,paid
TAX-007433,ASM-007433,PROP-02478,CTY-040,2025,3543,2025-11-01,2025-09-28,paid
TAX-007434,ASM-007434,PROP-02478,CTY-040,2026,3785,2026-11-01,,outstanding
TAX-007435,ASM-007435,PROP-02479,CTY-040,2024,3760,2024-11-01,2024-09-27,paid
TAX-007436,ASM-007436,PROP-02479,CTY-040,2025,3914,2025-11-01,2025-10-01,paid
TAX-007437,ASM-007437,PROP-02479,CTY-040,2026,4283,2026-11-01,,outstanding
TAX-007438,ASM-007438,PROP-02480,CTY-040,2024,3816,2024-11-01,2024-10-06,paid
TAX-007439,ASM-007439,PROP-02480,CTY-040,2025,4020,2025-11-01,2025-10-07,paid
TAX-007440,ASM-007440,PROP-02480,CTY-040,2026,4272,2026-11-01,,outstanding
TAX-007441,ASM-007441,PROP-02481,CTY-040,2024,3193,2024-11-01,2024-10-26,paid
TAX-007442,ASM-007442,PROP-02481,CTY-040,2025,3475,2025-11-01,2025-10-19,paid
TAX-007443,ASM-007443,PROP-02481,CTY-040,2026,3671,2026-11-01,,outstanding
TAX-007444,ASM-007444,PROP-02482,CTY-040,2024,2974,2024-11-01,2024-10-17,paid
TAX-007445,ASM-007445,PROP-02482,CTY-040,2025,3218,2025-11-01,2025-10-11,paid
TAX-007446,ASM-007446,PROP-02482,CTY-040,2026,3405,2026-11-01,,outstanding
TAX-007447,ASM-007447,PROP-02483,CTY-040,2024,4155,2024-11-01,2024-10-23,paid
TAX-007448,ASM-007448,PROP-02483,CTY-040,2025,4385,2025-11-01,2025-09-22,paid
TAX-007449,ASM-007449,PROP-02483,CTY-040,2026,4651,2026-11-01,,outstanding
TAX-007450,ASM-007450,PROP-02484,CTY-040,2024,3141,2024-11-01,2024-10-09,paid
TAX-007451,ASM-007451,PROP-02484,CTY-040,2025,3298,2025-11-01,2025-10-18,paid
TAX-007452,ASM-007452,PROP-02484,CTY-040,2026,3504,2026-11-01,,outstanding
TAX-007453,ASM-007453,PROP-02485,CTY-040,2024,2938,2024-11-01,2024-09-24,paid
TAX-007454,ASM-007454,PROP-02485,CTY-040,2025,3167,2025-11-01,2025-09-28,paid
TAX-007455,ASM-007455,PROP-02485,CTY-040,2026,3305,2026-11-01,,outstanding
TAX-007456,ASM-007456,PROP-02486,CTY-040,2024,3380,2024-11-01,2024-10-21,paid
TAX-007457,ASM-007457,PROP-02486,CTY-040,2025,3523,2025-11-01,2025-09-25,paid
TAX-007458,ASM-007458,PROP-02486,CTY-040,2026,3817,2026-11-01,,outstanding
TAX-007459,ASM-007459,PROP-02487,CTY-040,2024,3316,2024-11-01,2024-10-11,paid
TAX-007460,ASM-007460,PROP-02487,CTY-040,2025,3552,2025-11-01,2025-10-18,paid
TAX-007461,ASM-007461,PROP-02487,CTY-040,2026,3730,2026-11-01,,outstanding
TAX-007462,ASM-007462,PROP-02488,CTY-040,2024,3802,2024-11-01,2024-10-31,paid
TAX-007463,ASM-007463,PROP-02488,CTY-040,2025,4089,2025-11-01,2025-10-10,paid
TAX-007464,ASM-007464,PROP-02488,CTY-040,2026,4430,2026-11-01,,outstanding
TAX-007465,ASM-007465,PROP-02489,CTY-040,2024,3800,2024-11-01,2024-10-06,paid
TAX-007466,ASM-007466,PROP-02489,CTY-040,2025,3949,2025-11-01,2025-10-21,paid
TAX-007467,ASM-007467,PROP-02489,CTY-040,2026,4120,2026-11-01,,outstanding
TAX-007468,ASM-007468,PROP-02490,CTY-040,2024,4118,2024-11-01,2024-09-27,paid
TAX-007469,ASM-007469,PROP-02490,CTY-040,2025,4344,2025-11-01,2025-09-22,paid
TAX-007470,ASM-007470,PROP-02490,CTY-040,2026,4514,2026-11-01,,outstanding
TAX-007471,ASM-007471,PROP-02491,CTY-040,2024,3258,2024-11-01,2024-09-30,paid
TAX-007472,ASM-007472,PROP-02491,CTY-040,2025,3411,2025-11-01,2025-10-06,paid
TAX-007473,ASM-007473,PROP-02491,CTY-040,2026,3671,2026-11-01,,outstanding
TAX-007474,ASM-007474,PROP-02492,CTY-040,2024,3885,2024-11-01,2024-09-26,paid
TAX-007475,ASM-007475,PROP-02492,CTY-040,2025,4069,2025-11-01,2025-10-19,paid
TAX-007476,ASM-007476,PROP-02492,CTY-040,2026,4355,2026-11-01,,outstanding
TAX-007477,ASM-007477,PROP-02493,CTY-040,2024,3757,2024-11-01,2024-10-07,paid
TAX-007478,ASM-007478,PROP-02493,CTY-040,2025,3910,2025-11-01,2025-10-24,paid
TAX-007479,ASM-007479,PROP-02493,CTY-040,2026,4256,2026-11-01,,outstanding
TAX-007480,ASM-007480,PROP-02494,CTY-040,2024,2897,2024-11-01,2024-10-16,paid
TAX-007481,ASM-007481,PROP-02494,CTY-040,2025,3159,2025-11-01,2025-10-13,paid
TAX-007482,ASM-007482,PROP-02494,CTY-040,2026,3390,2026-11-01,,outstanding
TAX-007483,ASM-007483,PROP-02495,CTY-040,2024,3363,2024-11-01,2024-09-23,paid
TAX-007484,ASM-007484,PROP-02495,CTY-040,2025,3610,2025-11-01,2025-10-02,paid
TAX-007485,ASM-007485,PROP-02495,CTY-040,2026,3802,2026-11-01,,outstanding
TAX-007486,ASM-007486,PROP-02496,CTY-040,2024,3767,2024-11-01,2024-10-28,paid
TAX-007487,ASM-007487,PROP-02496,CTY-040,2025,3982,2025-11-01,2025-10-19,paid
TAX-007488,ASM-007488,PROP-02496,CTY-040,2026,4269,2026-11-01,,outstanding
TAX-007489,ASM-007489,PROP-02497,CTY-040,2024,3463,2024-11-01,2024-10-10,paid
TAX-007490,ASM-007490,PROP-02497,CTY-040,2025,3694,2025-11-01,2025-10-01,paid
TAX-007491,ASM-007491,PROP-02497,CTY-040,2026,3836,2026-11-01,,outstanding
TAX-007492,ASM-007492,PROP-02498,CTY-040,2024,3560,2024-11-01,2024-10-19,paid
TAX-007493,ASM-007493,PROP-02498,CTY-040,2025,3699,2025-11-01,2025-10-22,paid
TAX-007494,ASM-007494,PROP-02498,CTY-040,2026,4019,2026-11-01,,outstanding
TAX-007495,ASM-007495,PROP-02499,CTY-040,2024,3456,2024-11-01,2024-09-24,paid
TAX-007496,ASM-007496,PROP-02499,CTY-040,2025,3634,2025-11-01,2025-10-30,paid
TAX-007497,ASM-007497,PROP-02499,CTY-040,2026,3857,2026-11-01,,outstanding
TAX-007498,ASM-007498,PROP-02500,CTY-040,2024,3173,2024-11-01,2024-10-31,paid
TAX-007499,ASM-007499,PROP-02500,CTY-040,2025,3303,2025-11-01,2025-10-20,paid
TAX-007500,ASM-007500,PROP-02500,CTY-040,2026,3439,2026-11-01,,outstanding
TAX-007501,ASM-007501,PROP-02501,CTY-040,2024,3271,2024-11-01,2024-09-23,paid
TAX-007502,ASM-007502,PROP-02501,CTY-040,2025,3560,2025-11-01,2025-10-15,paid
TAX-007503,ASM-007503,PROP-02501,CTY-040,2026,3746,2026-11-01,,outstanding
TAX-007504,ASM-007504,PROP-02502,CTY-040,2024,3046,2024-11-01,2024-10-14,paid
TAX-007505,ASM-007505,PROP-02502,CTY-040,2025,3240,2025-11-01,2025-09-24,paid
TAX-007506,ASM-007506,PROP-02502,CTY-040,2026,3502,2026-11-01,,outstanding
TAX-007507,ASM-007507,PROP-02503,CTY-040,2024,3053,2024-11-01,2024-10-02,paid
TAX-007508,ASM-007508,PROP-02503,CTY-040,2025,3218,2025-11-01,2025-10-20,paid
TAX-007509,ASM-007509,PROP-02503,CTY-040,2026,3433,2026-11-01,,outstanding
TAX-007510,ASM-007510,PROP-02504,CTY-040,2024,3590,2024-11-01,2024-10-16,paid
TAX-007511,ASM-007511,PROP-02504,CTY-040,2025,3810,2025-11-01,2025-10-26,paid
TAX-007512,ASM-007512,PROP-02504,CTY-040,2026,4117,2026-11-01,,outstanding
TAX-007513,ASM-007513,PROP-02505,CTY-037,2024,3745,2024-11-01,2024-09-25,paid
TAX-007514,ASM-007514,PROP-02505,CTY-037,2025,4010,2025-11-01,2025-10-16,paid
TAX-007515,ASM-007515,PROP-02505,CTY-037,2026,4294,2026-11-01,,outstanding
TAX-007516,ASM-007516,PROP-02506,CTY-037,2024,4106,2024-11-01,2024-10-28,paid
TAX-007517,ASM-007517,PROP-02506,CTY-037,2025,4254,2025-11-01,2025-10-20,paid
TAX-007518,ASM-007518,PROP-02506,CTY-037,2026,4560,2026-11-01,,outstanding
TAX-007519,ASM-007519,PROP-02507,CTY-037,2024,4403,2024-11-01,2024-10-15,paid
TAX-007520,ASM-007520,PROP-02507,CTY-037,2025,4625,2025-11-01,2025-10-16,paid
TAX-007521,ASM-007521,PROP-02507,CTY-037,2026,4797,2026-11-01,,outstanding
TAX-007522,ASM-007522,PROP-02508,CTY-037,2024,4327,2024-11-01,2024-10-13,paid
TAX-007523,ASM-007523,PROP-02508,CTY-037,2025,4662,2025-11-01,2025-10-14,paid
TAX-007524,ASM-007524,PROP-02508,CTY-037,2026,4998,2026-11-01,,outstanding
TAX-007525,ASM-007525,PROP-02509,CTY-037,2024,4479,2024-11-01,2024-10-27,paid
TAX-007526,ASM-007526,PROP-02509,CTY-037,2025,4683,2025-11-01,2025-10-27,paid
TAX-007527,ASM-007527,PROP-02509,CTY-037,2026,4954,2026-11-01,,outstanding
TAX-007528,ASM-007528,PROP-02510,CTY-037,2024,4063,2024-11-01,2024-10-11,paid
TAX-007529,ASM-007529,PROP-02510,CTY-037,2025,4240,2025-11-01,2025-11-01,paid
TAX-007530,ASM-007530,PROP-02510,CTY-037,2026,4480,2026-11-01,,outstanding
TAX-007531,ASM-007531,PROP-02511,CTY-037,2024,4857,2024-11-01,2024-10-25,paid
TAX-007532,ASM-007532,PROP-02511,CTY-037,2025,5132,2025-11-01,2025-10-22,paid
TAX-007533,ASM-007533,PROP-02511,CTY-037,2026,5329,2026-11-01,,outstanding
TAX-007534,ASM-007534,PROP-02512,CTY-037,2024,4596,2024-11-01,2024-10-23,paid
TAX-007535,ASM-007535,PROP-02512,CTY-037,2025,4838,2025-11-01,2025-11-01,paid
TAX-007536,ASM-007536,PROP-02512,CTY-037,2026,5087,2026-11-01,,outstanding
TAX-007537,ASM-007537,PROP-02513,CTY-037,2024,4475,2024-11-01,2024-10-26,paid
TAX-007538,ASM-007538,PROP-02513,CTY-037,2025,4672,2025-11-01,2025-10-16,paid
TAX-007539,ASM-007539,PROP-02513,CTY-037,2026,4840,2026-11-01,,outstanding
TAX-007540,ASM-007540,PROP-02514,CTY-037,2024,4451,2024-11-01,2024-10-10,paid
TAX-007541,ASM-007541,PROP-02514,CTY-037,2025,4759,2025-11-01,2025-10-10,paid
TAX-007542,ASM-007542,PROP-02514,CTY-037,2026,4960,2026-11-01,,outstanding
TAX-007543,ASM-007543,PROP-02515,CTY-037,2024,3734,2024-11-01,2024-10-20,paid
TAX-007544,ASM-007544,PROP-02515,CTY-037,2025,3977,2025-11-01,2025-10-30,paid
TAX-007545,ASM-007545,PROP-02515,CTY-037,2026,4153,2026-11-01,,outstanding
TAX-007546,ASM-007546,PROP-02516,CTY-037,2024,4430,2024-11-01,2024-09-24,paid
TAX-007547,ASM-007547,PROP-02516,CTY-037,2025,4579,2025-11-01,2025-09-27,paid
TAX-007548,ASM-007548,PROP-02516,CTY-037,2026,4807,2026-11-01,,outstanding
TAX-007549,ASM-007549,PROP-02517,CTY-037,2024,3698,2024-11-01,2024-10-22,paid
TAX-007550,ASM-007550,PROP-02517,CTY-037,2025,3862,2025-11-01,2025-10-22,paid
TAX-007551,ASM-007551,PROP-02517,CTY-037,2026,3990,2026-11-01,,outstanding
TAX-007552,ASM-007552,PROP-02518,CTY-037,2024,4745,2024-11-01,2024-10-09,paid
TAX-007553,ASM-007553,PROP-02518,CTY-037,2025,5006,2025-11-01,2025-09-24,paid
TAX-007554,ASM-007554,PROP-02518,CTY-037,2026,5361,2026-11-01,,outstanding
TAX-007555,ASM-007555,PROP-02519,CTY-037,2024,3930,2024-11-01,2024-10-23,paid
TAX-007556,ASM-007556,PROP-02519,CTY-037,2025,4107,2025-11-01,2025-10-14,paid
TAX-007557,ASM-007557,PROP-02519,CTY-037,2026,4305,2026-11-01,,outstanding
TAX-007558,ASM-007558,PROP-02520,CTY-037,2024,4758,2024-11-01,2024-09-27,paid
TAX-007559,ASM-007559,PROP-02520,CTY-037,2025,5022,2025-11-01,2025-11-01,paid
TAX-007560,ASM-007560,PROP-02520,CTY-037,2026,5360,2026-11-01,,outstanding
TAX-007561,ASM-007561,PROP-02521,CTY-037,2024,3799,2024-11-01,2024-09-23,paid
TAX-007562,ASM-007562,PROP-02521,CTY-037,2025,4047,2025-11-01,2025-10-24,paid
TAX-007563,ASM-007563,PROP-02521,CTY-037,2026,4221,2026-11-01,,outstanding
TAX-007564,ASM-007564,PROP-02522,CTY-037,2024,4225,2024-11-01,2024-10-29,paid
TAX-007565,ASM-007565,PROP-02522,CTY-037,2025,4375,2025-11-01,2025-10-29,paid
TAX-007566,ASM-007566,PROP-02522,CTY-037,2026,4678,2026-11-01,,outstanding
TAX-007567,ASM-007567,PROP-02523,CTY-037,2024,3725,2024-11-01,2024-11-01,paid
TAX-007568,ASM-007568,PROP-02523,CTY-037,2025,3894,2025-11-01,2025-10-02,paid
TAX-007569,ASM-007569,PROP-02523,CTY-037,2026,4036,2026-11-01,,outstanding
TAX-007570,ASM-007570,PROP-02524,CTY-037,2024,4219,2024-11-01,2024-10-31,paid
TAX-007571,ASM-007571,PROP-02524,CTY-037,2025,4384,2025-11-01,2025-09-22,paid
TAX-007572,ASM-007572,PROP-02524,CTY-037,2026,4667,2026-11-01,,outstanding
TAX-007573,ASM-007573,PROP-02525,CTY-037,2024,3834,2024-11-01,2024-10-15,paid
TAX-007574,ASM-007574,PROP-02525,CTY-037,2025,4088,2025-11-01,2025-10-28,paid
TAX-007575,ASM-007575,PROP-02525,CTY-037,2026,4379,2026-11-01,,outstanding
TAX-007576,ASM-007576,PROP-02526,CTY-037,2024,4430,2024-11-01,2024-10-09,paid
TAX-007577,ASM-007577,PROP-02526,CTY-037,2025,4659,2025-11-01,2025-10-11,paid
TAX-007578,ASM-007578,PROP-02526,CTY-037,2026,4967,2026-11-01,,outstanding
TAX-007579,ASM-007579,PROP-02527,CTY-037,2024,3730,2024-11-01,2024-10-09,paid
TAX-007580,ASM-007580,PROP-02527,CTY-037,2025,3997,2025-11-01,2025-09-24,paid
TAX-007581,ASM-007581,PROP-02527,CTY-037,2026,4207,2026-11-01,,outstanding
TAX-007582,ASM-007582,PROP-02528,CTY-037,2024,4741,2024-11-01,2024-10-19,paid
TAX-007583,ASM-007583,PROP-02528,CTY-037,2025,5018,2025-11-01,2025-09-22,paid
TAX-007584,ASM-007584,PROP-02528,CTY-037,2026,5394,2026-11-01,,outstanding
TAX-007585,ASM-007585,PROP-02529,CTY-037,2024,4631,2024-11-01,2024-10-09,paid
TAX-007586,ASM-007586,PROP-02529,CTY-037,2025,4986,2025-11-01,2025-10-25,paid
TAX-007587,ASM-007587,PROP-02529,CTY-037,2026,5250,2026-11-01,,outstanding
TAX-007588,ASM-007588,PROP-02530,CTY-037,2024,4032,2024-11-01,2024-11-01,paid
TAX-007589,ASM-007589,PROP-02530,CTY-037,2025,4329,2025-11-01,2025-10-29,paid
TAX-007590,ASM-007590,PROP-02530,CTY-037,2026,4522,2026-11-01,,outstanding
TAX-007591,ASM-007591,PROP-02531,CTY-037,2024,3834,2024-11-01,2024-10-19,paid
TAX-007592,ASM-007592,PROP-02531,CTY-037,2025,4135,2025-11-01,2025-09-28,paid
TAX-007593,ASM-007593,PROP-02531,CTY-037,2026,4425,2026-11-01,,outstanding
TAX-007594,ASM-007594,PROP-02532,CTY-037,2024,4009,2024-11-01,2024-09-27,paid
TAX-007595,ASM-007595,PROP-02532,CTY-037,2025,4322,2025-11-01,2025-10-12,paid
TAX-007596,ASM-007596,PROP-02532,CTY-037,2026,4490,2026-11-01,,outstanding
TAX-007597,ASM-007597,PROP-02533,CTY-037,2024,4407,2024-11-01,2024-11-01,paid
TAX-007598,ASM-007598,PROP-02533,CTY-037,2025,4753,2025-11-01,2025-10-27,paid
TAX-007599,ASM-007599,PROP-02533,CTY-037,2026,4991,2026-11-01,,outstanding
TAX-007600,ASM-007600,PROP-02534,CTY-037,2024,4745,2024-11-01,2024-10-25,paid
TAX-007601,ASM-007601,PROP-02534,CTY-037,2025,4943,2025-11-01,2025-10-13,paid
TAX-007602,ASM-007602,PROP-02534,CTY-037,2026,5201,2026-11-01,,outstanding
TAX-007603,ASM-007603,PROP-02535,CTY-037,2024,4983,2024-11-01,2024-10-05,paid
TAX-007604,ASM-007604,PROP-02535,CTY-037,2025,5342,2025-11-01,2025-10-19,paid
TAX-007605,ASM-007605,PROP-02535,CTY-037,2026,5740,2026-11-01,,outstanding
TAX-007606,ASM-007606,PROP-02536,CTY-037,2024,3407,2024-11-01,2024-10-10,paid
TAX-007607,ASM-007607,PROP-02536,CTY-037,2025,3525,2025-11-01,2025-09-27,paid
TAX-007608,ASM-007608,PROP-02536,CTY-037,2026,3641,2026-11-01,,outstanding
TAX-007609,ASM-007609,PROP-02537,CTY-037,2024,4399,2024-11-01,2024-09-28,paid
TAX-007610,ASM-007610,PROP-02537,CTY-037,2025,4748,2025-11-01,2025-10-23,paid
TAX-007611,ASM-007611,PROP-02537,CTY-037,2026,5041,2026-11-01,,outstanding
TAX-007612,ASM-007612,PROP-02538,CTY-041,2024,6614,2024-11-01,2024-10-10,paid
TAX-007613,ASM-007613,PROP-02538,CTY-041,2025,7092,2025-11-01,2025-10-03,paid
TAX-007614,ASM-007614,PROP-02538,CTY-041,2026,7746,2026-11-01,,outstanding
TAX-007615,ASM-007615,PROP-02539,CTY-041,2024,6051,2024-11-01,2024-10-06,paid
TAX-007616,ASM-007616,PROP-02539,CTY-041,2025,6355,2025-11-01,2025-10-24,paid
TAX-007617,ASM-007617,PROP-02539,CTY-041,2026,6841,2026-11-01,,outstanding
TAX-007618,ASM-007618,PROP-02540,CTY-041,2024,5986,2024-11-01,2024-10-18,paid
TAX-007619,ASM-007619,PROP-02540,CTY-041,2025,6496,2025-11-01,2025-10-30,paid
TAX-007620,ASM-007620,PROP-02540,CTY-041,2026,7092,2026-11-01,,outstanding
TAX-007621,ASM-007621,PROP-02541,CTY-041,2024,6729,2024-11-01,2024-11-01,paid
TAX-007622,ASM-007622,PROP-02541,CTY-041,2025,7399,2025-11-01,2025-10-20,paid
TAX-007623,ASM-007623,PROP-02541,CTY-041,2026,8119,2026-11-01,,outstanding
TAX-007624,ASM-007624,PROP-02542,CTY-041,2024,5547,2024-11-01,2024-10-18,paid
TAX-007625,ASM-007625,PROP-02542,CTY-041,2025,6041,2025-11-01,2025-10-28,paid
TAX-007626,ASM-007626,PROP-02542,CTY-041,2026,6434,2026-11-01,,outstanding
TAX-007627,ASM-007627,PROP-02543,CTY-041,2024,5525,2024-11-01,2024-10-12,paid
TAX-007628,ASM-007628,PROP-02543,CTY-041,2025,5946,2025-11-01,2025-10-26,paid
TAX-007629,ASM-007629,PROP-02543,CTY-041,2026,6354,2026-11-01,,outstanding
TAX-007630,ASM-007630,PROP-02544,CTY-041,2024,6519,2024-11-01,2024-10-01,paid
TAX-007631,ASM-007631,PROP-02544,CTY-041,2025,6849,2025-11-01,2025-09-25,paid
TAX-007632,ASM-007632,PROP-02544,CTY-041,2026,7161,2026-11-01,,outstanding
TAX-007633,ASM-007633,PROP-02545,CTY-041,2024,6933,2024-11-01,2024-09-23,paid
TAX-007634,ASM-007634,PROP-02545,CTY-041,2025,7444,2025-11-01,2025-10-30,paid
TAX-007635,ASM-007635,PROP-02545,CTY-041,2026,7745,2026-11-01,,outstanding
TAX-007636,ASM-007636,PROP-02546,CTY-041,2024,5018,2024-11-01,2024-10-27,paid
TAX-007637,ASM-007637,PROP-02546,CTY-041,2025,5331,2025-11-01,2025-09-23,paid
TAX-007638,ASM-007638,PROP-02546,CTY-041,2026,5860,2026-11-01,,outstanding
TAX-007639,ASM-007639,PROP-02547,CTY-041,2024,7003,2024-11-01,2024-09-25,paid
TAX-007640,ASM-007640,PROP-02547,CTY-041,2025,7440,2025-11-01,2025-10-20,paid
TAX-007641,ASM-007641,PROP-02547,CTY-041,2026,7923,2026-11-01,,outstanding
TAX-007642,ASM-007642,PROP-02548,CTY-041,2024,5018,2024-11-01,2024-09-26,paid
TAX-007643,ASM-007643,PROP-02548,CTY-041,2025,5459,2025-11-01,2025-09-24,paid
TAX-007644,ASM-007644,PROP-02548,CTY-041,2026,5883,2026-11-01,,outstanding
TAX-007645,ASM-007645,PROP-02549,CTY-041,2024,5576,2024-11-01,2024-10-03,paid
TAX-007646,ASM-007646,PROP-02549,CTY-041,2025,6125,2025-11-01,2025-10-05,paid
TAX-007647,ASM-007647,PROP-02549,CTY-041,2026,6618,2026-11-01,,outstanding
TAX-007648,ASM-007648,PROP-02550,CTY-041,2024,5309,2024-11-01,2024-10-01,paid
TAX-007649,ASM-007649,PROP-02550,CTY-041,2025,5787,2025-11-01,2025-10-17,paid
TAX-007650,ASM-007650,PROP-02550,CTY-041,2026,6279,2026-11-01,,outstanding
TAX-007651,ASM-007651,PROP-02551,CTY-041,2024,5576,2024-11-01,2024-09-27,paid
TAX-007652,ASM-007652,PROP-02551,CTY-041,2025,5998,2025-11-01,2025-10-24,paid
TAX-007653,ASM-007653,PROP-02551,CTY-041,2026,6515,2026-11-01,,outstanding
TAX-007654,ASM-007654,PROP-02552,CTY-041,2024,5628,2024-11-01,2024-09-25,paid
TAX-007655,ASM-007655,PROP-02552,CTY-041,2025,6031,2025-11-01,2025-10-24,paid
TAX-007656,ASM-007656,PROP-02552,CTY-041,2026,6506,2026-11-01,,outstanding
TAX-007657,ASM-007657,PROP-02553,CTY-041,2024,7279,2024-11-01,2024-10-11,paid
TAX-007658,ASM-007658,PROP-02553,CTY-041,2025,7889,2025-11-01,2025-09-24,paid
TAX-007659,ASM-007659,PROP-02553,CTY-041,2026,8444,2026-11-01,,outstanding
TAX-007660,ASM-007660,PROP-02554,CTY-041,2024,6380,2024-11-01,2024-10-30,paid
TAX-007661,ASM-007661,PROP-02554,CTY-041,2025,6928,2025-11-01,2025-10-03,paid
TAX-007662,ASM-007662,PROP-02554,CTY-041,2026,7340,2026-11-01,,outstanding
TAX-007663,ASM-007663,PROP-02555,CTY-041,2024,5794,2024-11-01,2024-11-01,paid
TAX-007664,ASM-007664,PROP-02555,CTY-041,2025,6133,2025-11-01,2025-10-10,paid
TAX-007665,ASM-007665,PROP-02555,CTY-041,2026,6526,2026-11-01,,outstanding
TAX-007666,ASM-007666,PROP-02556,CTY-041,2024,5626,2024-11-01,2024-10-23,paid
TAX-007667,ASM-007667,PROP-02556,CTY-041,2025,5885,2025-11-01,2025-10-28,paid
TAX-007668,ASM-007668,PROP-02556,CTY-041,2026,6196,2026-11-01,,outstanding
TAX-007669,ASM-007669,PROP-02557,CTY-041,2024,6088,2024-11-01,2024-10-17,paid
TAX-007670,ASM-007670,PROP-02557,CTY-041,2025,6686,2025-11-01,2025-10-13,paid
TAX-007671,ASM-007671,PROP-02557,CTY-041,2026,7045,2026-11-01,,outstanding
TAX-007672,ASM-007672,PROP-02558,CTY-041,2024,6091,2024-11-01,2024-10-11,paid
TAX-007673,ASM-007673,PROP-02558,CTY-041,2025,6582,2025-11-01,2025-10-25,paid
TAX-007674,ASM-007674,PROP-02558,CTY-041,2026,6894,2026-11-01,,outstanding
TAX-007675,ASM-007675,PROP-02559,CTY-041,2024,5620,2024-11-01,2024-10-09,paid
TAX-007676,ASM-007676,PROP-02559,CTY-041,2025,5962,2025-11-01,2025-11-01,paid
TAX-007677,ASM-007677,PROP-02559,CTY-041,2026,6083,2026-11-01,,outstanding
TAX-007678,ASM-007678,PROP-02560,CTY-041,2024,5703,2024-11-01,2024-09-30,paid
TAX-007679,ASM-007679,PROP-02560,CTY-041,2025,5934,2025-11-01,2025-10-11,paid
TAX-007680,ASM-007680,PROP-02560,CTY-041,2026,6461,2026-11-01,,outstanding
TAX-007681,ASM-007681,PROP-02561,CTY-041,2024,6157,2024-11-01,2024-09-30,paid
TAX-007682,ASM-007682,PROP-02561,CTY-041,2025,6653,2025-11-01,2025-10-20,paid
TAX-007683,ASM-007683,PROP-02561,CTY-041,2026,6995,2026-11-01,,outstanding
TAX-007684,ASM-007684,PROP-02562,CTY-041,2024,6454,2024-11-01,2024-10-19,paid
TAX-007685,ASM-007685,PROP-02562,CTY-041,2025,6955,2025-11-01,2025-10-16,paid
TAX-007686,ASM-007686,PROP-02562,CTY-041,2026,7503,2026-11-01,,outstanding
TAX-007687,ASM-007687,PROP-02563,CTY-041,2024,6188,2024-11-01,2024-10-06,paid
TAX-007688,ASM-007688,PROP-02563,CTY-041,2025,6469,2025-11-01,2025-10-10,paid
TAX-007689,ASM-007689,PROP-02563,CTY-041,2026,6804,2026-11-01,,outstanding
TAX-007690,ASM-007690,PROP-02564,CTY-041,2024,6255,2024-11-01,2024-10-01,paid
TAX-007691,ASM-007691,PROP-02564,CTY-041,2025,6630,2025-11-01,2025-10-30,paid
TAX-007692,ASM-007692,PROP-02564,CTY-041,2026,6987,2026-11-01,,outstanding
TAX-007693,ASM-007693,PROP-02565,CTY-041,2024,6663,2024-11-01,2024-10-03,paid
TAX-007694,ASM-007694,PROP-02565,CTY-041,2025,7059,2025-11-01,2025-10-09,paid
TAX-007695,ASM-007695,PROP-02565,CTY-041,2026,7753,2026-11-01,,outstanding
TAX-007696,ASM-007696,PROP-02566,CTY-041,2024,5186,2024-11-01,2024-10-03,paid
TAX-007697,ASM-007697,PROP-02566,CTY-041,2025,5621,2025-11-01,2025-10-07,paid
TAX-007698,ASM-007698,PROP-02566,CTY-041,2026,5852,2026-11-01,,outstanding
TAX-007699,ASM-007699,PROP-02567,CTY-041,2024,5518,2024-11-01,2024-09-25,paid
TAX-007700,ASM-007700,PROP-02567,CTY-041,2025,5793,2025-11-01,2025-09-22,paid
TAX-007701,ASM-007701,PROP-02567,CTY-041,2026,6122,2026-11-01,,outstanding
TAX-007702,ASM-007702,PROP-02568,CTY-041,2024,5022,2024-11-01,2024-10-02,paid
TAX-007703,ASM-007703,PROP-02568,CTY-041,2025,5330,2025-11-01,2025-10-16,paid
TAX-007704,ASM-007704,PROP-02568,CTY-041,2026,5642,2026-11-01,,outstanding
TAX-007705,ASM-007705,PROP-02569,CTY-041,2024,6369,2024-11-01,2024-10-18,paid
TAX-007706,ASM-007706,PROP-02569,CTY-041,2025,6792,2025-11-01,2025-09-30,paid
TAX-007707,ASM-007707,PROP-02569,CTY-041,2026,7284,2026-11-01,,outstanding
TAX-007708,ASM-007708,PROP-02570,CTY-041,2024,5954,2024-11-01,2024-10-10,paid
TAX-007709,ASM-007709,PROP-02570,CTY-041,2025,6335,2025-11-01,2025-10-25,paid
TAX-007710,ASM-007710,PROP-02570,CTY-041,2026,6675,2026-11-01,,outstanding
TAX-007711,ASM-007711,PROP-02571,CTY-041,2024,5798,2024-11-01,2024-09-27,paid
TAX-007712,ASM-007712,PROP-02571,CTY-041,2025,6266,2025-11-01,2025-10-31,paid
TAX-007713,ASM-007713,PROP-02571,CTY-041,2026,6607,2026-11-01,,outstanding
TAX-007714,ASM-007714,PROP-02572,CTY-041,2024,5979,2024-11-01,2024-10-25,paid
TAX-007715,ASM-007715,PROP-02572,CTY-041,2025,6484,2025-11-01,2025-10-22,paid
TAX-007716,ASM-007716,PROP-02572,CTY-041,2026,6991,2026-11-01,,outstanding
TAX-007717,ASM-007717,PROP-02573,CTY-041,2024,6141,2024-11-01,2024-09-23,paid
TAX-007718,ASM-007718,PROP-02573,CTY-041,2025,6467,2025-11-01,2025-10-09,paid
TAX-007719,ASM-007719,PROP-02573,CTY-041,2026,6765,2026-11-01,,outstanding
TAX-007720,ASM-007720,PROP-02574,CTY-041,2024,6460,2024-11-01,2024-10-01,paid
TAX-007721,ASM-007721,PROP-02574,CTY-041,2025,6955,2025-11-01,2025-10-26,paid
TAX-007722,ASM-007722,PROP-02574,CTY-041,2026,7369,2026-11-01,,outstanding
TAX-007723,ASM-007723,PROP-02575,CTY-041,2024,5607,2024-11-01,2024-10-22,paid
TAX-007724,ASM-007724,PROP-02575,CTY-041,2025,5856,2025-11-01,2025-10-28,paid
TAX-007725,ASM-007725,PROP-02575,CTY-041,2026,6429,2026-11-01,,outstanding
TAX-007726,ASM-007726,PROP-02576,CTY-041,2024,5351,2024-11-01,2024-10-12,paid
TAX-007727,ASM-007727,PROP-02576,CTY-041,2025,5628,2025-11-01,2025-10-04,paid
TAX-007728,ASM-007728,PROP-02576,CTY-041,2026,6172,2026-11-01,,outstanding
TAX-007729,ASM-007729,PROP-02577,CTY-041,2024,5741,2024-11-01,2024-09-23,paid
TAX-007730,ASM-007730,PROP-02577,CTY-041,2025,6152,2025-11-01,2025-10-28,paid
TAX-007731,ASM-007731,PROP-02577,CTY-041,2026,6590,2026-11-01,,outstanding
TAX-007732,ASM-007732,PROP-02578,CTY-041,2024,6000,2024-11-01,2024-10-02,paid
TAX-007733,ASM-007733,PROP-02578,CTY-041,2025,6371,2025-11-01,2025-10-09,paid
TAX-007734,ASM-007734,PROP-02578,CTY-041,2026,6990,2026-11-01,,outstanding
TAX-007735,ASM-007735,PROP-02579,CTY-041,2024,5388,2024-11-01,2024-10-14,paid
TAX-007736,ASM-007736,PROP-02579,CTY-041,2025,5781,2025-11-01,2025-09-23,paid
TAX-007737,ASM-007737,PROP-02579,CTY-041,2026,6326,2026-11-01,,outstanding
TAX-007738,ASM-007738,PROP-02580,CTY-039,2024,3601,2024-11-01,2024-11-01,paid
TAX-007739,ASM-007739,PROP-02580,CTY-039,2025,3747,2025-11-01,2025-09-23,paid
TAX-007740,ASM-007740,PROP-02580,CTY-039,2026,4023,2026-11-01,,outstanding
TAX-007741,ASM-007741,PROP-02581,CTY-039,2024,3998,2024-11-01,2024-09-30,paid
TAX-007742,ASM-007742,PROP-02581,CTY-039,2025,4272,2025-11-01,2025-10-21,paid
TAX-007743,ASM-007743,PROP-02581,CTY-039,2026,4483,2026-11-01,,outstanding
TAX-007744,ASM-007744,PROP-02582,CTY-039,2024,5976,2024-11-01,2024-10-07,paid
TAX-007745,ASM-007745,PROP-02582,CTY-039,2025,6234,2025-11-01,2025-09-22,paid
TAX-007746,ASM-007746,PROP-02582,CTY-039,2026,6498,2026-11-01,,outstanding
TAX-007747,ASM-007747,PROP-02583,CTY-039,2024,4040,2024-11-01,2024-09-29,paid
TAX-007748,ASM-007748,PROP-02583,CTY-039,2025,4295,2025-11-01,2025-10-04,paid
TAX-007749,ASM-007749,PROP-02583,CTY-039,2026,4521,2026-11-01,,outstanding
TAX-007750,ASM-007750,PROP-02584,CTY-039,2024,4366,2024-11-01,2024-11-01,paid
TAX-007751,ASM-007751,PROP-02584,CTY-039,2025,4572,2025-11-01,2025-10-23,paid
TAX-007752,ASM-007752,PROP-02584,CTY-039,2026,4879,2026-11-01,,outstanding
TAX-007753,ASM-007753,PROP-02585,CTY-039,2024,4026,2024-11-01,2024-10-21,paid
TAX-007754,ASM-007754,PROP-02585,CTY-039,2025,4240,2025-11-01,2025-10-19,paid
TAX-007755,ASM-007755,PROP-02585,CTY-039,2026,4449,2026-11-01,,outstanding
TAX-007756,ASM-007756,PROP-02586,CTY-039,2024,4641,2024-11-01,2024-10-13,paid
TAX-007757,ASM-007757,PROP-02586,CTY-039,2025,4921,2025-11-01,2025-10-21,paid
TAX-007758,ASM-007758,PROP-02586,CTY-039,2026,5095,2026-11-01,,outstanding
TAX-007759,ASM-007759,PROP-02587,CTY-039,2024,4807,2024-11-01,2024-10-05,paid
TAX-007760,ASM-007760,PROP-02587,CTY-039,2025,5112,2025-11-01,2025-10-31,paid
TAX-007761,ASM-007761,PROP-02587,CTY-039,2026,5311,2026-11-01,,outstanding
TAX-007762,ASM-007762,PROP-02588,CTY-039,2024,4534,2024-11-01,2024-10-12,paid
TAX-007763,ASM-007763,PROP-02588,CTY-039,2025,4885,2025-11-01,2025-10-15,paid
TAX-007764,ASM-007764,PROP-02588,CTY-039,2026,5097,2026-11-01,,outstanding
TAX-007765,ASM-007765,PROP-02589,CTY-039,2024,6202,2024-11-01,2024-10-20,paid
TAX-007766,ASM-007766,PROP-02589,CTY-039,2025,6435,2025-11-01,2025-10-02,paid
TAX-007767,ASM-007767,PROP-02589,CTY-039,2026,6869,2026-11-01,,outstanding
TAX-007768,ASM-007768,PROP-02590,CTY-039,2024,4983,2024-11-01,2024-10-01,paid
TAX-007769,ASM-007769,PROP-02590,CTY-039,2025,5326,2025-11-01,2025-10-12,paid
TAX-007770,ASM-007770,PROP-02590,CTY-039,2026,5510,2026-11-01,,outstanding
TAX-007771,ASM-007771,PROP-02591,CTY-039,2024,4612,2024-11-01,2024-10-02,paid
TAX-007772,ASM-007772,PROP-02591,CTY-039,2025,4815,2025-11-01,2025-09-28,paid
TAX-007773,ASM-007773,PROP-02591,CTY-039,2026,4998,2026-11-01,,outstanding
TAX-007774,ASM-007774,PROP-02592,CTY-039,2024,4711,2024-11-01,2024-10-04,paid
TAX-007775,ASM-007775,PROP-02592,CTY-039,2025,4915,2025-11-01,2025-10-24,paid
TAX-007776,ASM-007776,PROP-02592,CTY-039,2026,5266,2026-11-01,,outstanding
TAX-007777,ASM-007777,PROP-02593,CTY-039,2024,4832,2024-11-01,2024-10-11,paid
TAX-007778,ASM-007778,PROP-02593,CTY-039,2025,5152,2025-11-01,2025-09-25,paid
TAX-007779,ASM-007779,PROP-02593,CTY-039,2026,5467,2026-11-01,,outstanding
TAX-007780,ASM-007780,PROP-02594,CTY-039,2024,6048,2024-11-01,2024-09-22,paid
TAX-007781,ASM-007781,PROP-02594,CTY-039,2025,6380,2025-11-01,2025-10-15,paid
TAX-007782,ASM-007782,PROP-02594,CTY-039,2026,6716,2026-11-01,,outstanding
TAX-007783,ASM-007783,PROP-02595,CTY-039,2024,4082,2024-11-01,2024-10-05,paid
TAX-007784,ASM-007784,PROP-02595,CTY-039,2025,4337,2025-11-01,2025-10-05,paid
TAX-007785,ASM-007785,PROP-02595,CTY-039,2026,4634,2026-11-01,,outstanding
TAX-007786,ASM-007786,PROP-02596,CTY-039,2024,6601,2024-11-01,2024-10-27,paid
TAX-007787,ASM-007787,PROP-02596,CTY-039,2025,7063,2025-11-01,2025-09-25,paid
TAX-007788,ASM-007788,PROP-02596,CTY-039,2026,7524,2026-11-01,,outstanding
TAX-007789,ASM-007789,PROP-02597,CTY-039,2024,4113,2024-11-01,2024-10-12,paid
TAX-007790,ASM-007790,PROP-02597,CTY-039,2025,4359,2025-11-01,2025-10-22,paid
TAX-007791,ASM-007791,PROP-02597,CTY-039,2026,4518,2026-11-01,,outstanding
TAX-007792,ASM-007792,PROP-02598,CTY-039,2024,6249,2024-11-01,2024-10-01,paid
TAX-007793,ASM-007793,PROP-02598,CTY-039,2025,6534,2025-11-01,2025-11-01,paid
TAX-007794,ASM-007794,PROP-02598,CTY-039,2026,6997,2026-11-01,,outstanding
TAX-007795,ASM-007795,PROP-02599,CTY-039,2024,5052,2024-11-01,2024-11-01,paid
TAX-007796,ASM-007796,PROP-02599,CTY-039,2025,5378,2025-11-01,2025-10-23,paid
TAX-007797,ASM-007797,PROP-02599,CTY-039,2026,5640,2026-11-01,,outstanding
TAX-007798,ASM-007798,PROP-02600,CTY-039,2024,6287,2024-11-01,2024-10-20,paid
TAX-007799,ASM-007799,PROP-02600,CTY-039,2025,6665,2025-11-01,2025-10-11,paid
TAX-007800,ASM-007800,PROP-02600,CTY-039,2026,6918,2026-11-01,,outstanding
TAX-007801,ASM-007801,PROP-02601,CTY-039,2024,5541,2024-11-01,2024-10-23,paid
TAX-007802,ASM-007802,PROP-02601,CTY-039,2025,5917,2025-11-01,2025-10-06,paid
TAX-007803,ASM-007803,PROP-02601,CTY-039,2026,6154,2026-11-01,,outstanding
TAX-007804,ASM-007804,PROP-02602,CTY-039,2024,5526,2024-11-01,2024-09-28,paid
TAX-007805,ASM-007805,PROP-02602,CTY-039,2025,5881,2025-11-01,2025-10-18,paid
TAX-007806,ASM-007806,PROP-02602,CTY-039,2026,6079,2026-11-01,,outstanding
TAX-007807,ASM-007807,PROP-02603,CTY-039,2024,4219,2024-11-01,2024-10-16,paid
TAX-007808,ASM-007808,PROP-02603,CTY-039,2025,4395,2025-11-01,2025-10-22,paid
TAX-007809,ASM-007809,PROP-02603,CTY-039,2026,4738,2026-11-01,,outstanding
TAX-007810,ASM-007810,PROP-02604,CTY-039,2024,3705,2024-11-01,2024-11-01,paid
TAX-007811,ASM-007811,PROP-02604,CTY-039,2025,3858,2025-11-01,2025-10-11,paid
TAX-007812,ASM-007812,PROP-02604,CTY-039,2026,4116,2026-11-01,,outstanding
TAX-007813,ASM-007813,PROP-02605,CTY-039,2024,5052,2024-11-01,2024-11-01,paid
TAX-007814,ASM-007814,PROP-02605,CTY-039,2025,5357,2025-11-01,2025-10-16,paid
TAX-007815,ASM-007815,PROP-02605,CTY-039,2026,5749,2026-11-01,,outstanding
TAX-007816,ASM-007816,PROP-02606,CTY-039,2024,5984,2024-11-01,2024-10-27,paid
TAX-007817,ASM-007817,PROP-02606,CTY-039,2025,6276,2025-11-01,2025-10-30,paid
TAX-007818,ASM-007818,PROP-02606,CTY-039,2026,6694,2026-11-01,,outstanding
TAX-007819,ASM-007819,PROP-02607,CTY-039,2024,5295,2024-11-01,2024-10-15,paid
TAX-007820,ASM-007820,PROP-02607,CTY-039,2025,5531,2025-11-01,2025-10-14,paid
TAX-007821,ASM-007821,PROP-02607,CTY-039,2026,5789,2026-11-01,,outstanding
TAX-007822,ASM-007822,PROP-02608,CTY-039,2024,5077,2024-11-01,2024-10-29,paid
TAX-007823,ASM-007823,PROP-02608,CTY-039,2025,5370,2025-11-01,2025-09-25,paid
TAX-007824,ASM-007824,PROP-02608,CTY-039,2026,5565,2026-11-01,,outstanding
TAX-007825,ASM-007825,PROP-02609,CTY-039,2024,4407,2024-11-01,2024-09-28,paid
TAX-007826,ASM-007826,PROP-02609,CTY-039,2025,4589,2025-11-01,2025-10-01,paid
TAX-007827,ASM-007827,PROP-02609,CTY-039,2026,4781,2026-11-01,,outstanding
TAX-007828,ASM-007828,PROP-02610,CTY-039,2024,4266,2024-11-01,2024-10-15,paid
TAX-007829,ASM-007829,PROP-02610,CTY-039,2025,4597,2025-11-01,2025-10-16,paid
TAX-007830,ASM-007830,PROP-02610,CTY-039,2026,4865,2026-11-01,,outstanding
TAX-007831,ASM-007831,PROP-02611,CTY-039,2024,4946,2024-11-01,2024-10-24,paid
TAX-007832,ASM-007832,PROP-02611,CTY-039,2025,5200,2025-11-01,2025-10-19,paid
TAX-007833,ASM-007833,PROP-02611,CTY-039,2026,5375,2026-11-01,,outstanding
TAX-007834,ASM-007834,PROP-02612,CTY-039,2024,6167,2024-11-01,2024-10-20,paid
TAX-007835,ASM-007835,PROP-02612,CTY-039,2025,6630,2025-11-01,2025-09-22,paid
TAX-007836,ASM-007836,PROP-02612,CTY-039,2026,7022,2026-11-01,,outstanding
TAX-007837,ASM-007837,PROP-02613,CTY-039,2024,5637,2024-11-01,2024-09-28,paid
TAX-007838,ASM-007838,PROP-02613,CTY-039,2025,5865,2025-11-01,2025-10-02,paid
TAX-007839,ASM-007839,PROP-02613,CTY-039,2026,6272,2026-11-01,,outstanding
TAX-007840,ASM-007840,PROP-02614,CTY-039,2024,4925,2024-11-01,2024-10-02,paid
TAX-007841,ASM-007841,PROP-02614,CTY-039,2025,5226,2025-11-01,2025-10-09,paid
TAX-007842,ASM-007842,PROP-02614,CTY-039,2026,5540,2026-11-01,,outstanding
TAX-007843,ASM-007843,PROP-02615,CTY-039,2024,3314,2024-11-01,2024-10-07,paid
TAX-007844,ASM-007844,PROP-02615,CTY-039,2025,3555,2025-11-01,2025-10-26,paid
TAX-007845,ASM-007845,PROP-02615,CTY-039,2026,3736,2026-11-01,,outstanding
TAX-007846,ASM-007846,PROP-02616,CTY-039,2024,5353,2024-11-01,2024-10-20,paid
TAX-007847,ASM-007847,PROP-02616,CTY-039,2025,5726,2025-11-01,2025-10-21,paid
TAX-007848,ASM-007848,PROP-02616,CTY-039,2026,6177,2026-11-01,,outstanding
TAX-007849,ASM-007849,PROP-02617,CTY-039,2024,4440,2024-11-01,2024-09-29,paid
TAX-007850,ASM-007850,PROP-02617,CTY-039,2025,4771,2025-11-01,2025-10-23,paid
TAX-007851,ASM-007851,PROP-02617,CTY-039,2026,5010,2026-11-01,,outstanding
TAX-007852,ASM-007852,PROP-02618,CTY-039,2024,3882,2024-11-01,2024-09-26,paid
TAX-007853,ASM-007853,PROP-02618,CTY-039,2025,4104,2025-11-01,2025-10-28,paid
TAX-007854,ASM-007854,PROP-02618,CTY-039,2026,4362,2026-11-01,,outstanding
TAX-007855,ASM-007855,PROP-02619,CTY-039,2024,6608,2024-11-01,2024-09-24,paid
TAX-007856,ASM-007856,PROP-02619,CTY-039,2025,7084,2025-11-01,2025-10-12,paid
TAX-007857,ASM-007857,PROP-02619,CTY-039,2026,7595,2026-11-01,,outstanding
TAX-007858,ASM-007858,PROP-02620,CTY-039,2024,3986,2024-11-01,2024-10-25,paid
TAX-007859,ASM-007859,PROP-02620,CTY-039,2025,4141,2025-11-01,2025-10-04,paid
TAX-007860,ASM-007860,PROP-02620,CTY-039,2026,4311,2026-11-01,,outstanding
TAX-007861,ASM-007861,PROP-02621,CTY-039,2024,4174,2024-11-01,2024-10-04,paid
TAX-007862,ASM-007862,PROP-02621,CTY-039,2025,4464,2025-11-01,2025-10-27,paid
TAX-007863,ASM-007863,PROP-02621,CTY-039,2026,4747,2026-11-01,,outstanding
TAX-007864,ASM-007864,PROP-02622,CTY-039,2024,3422,2024-11-01,2024-10-03,paid
TAX-007865,ASM-007865,PROP-02622,CTY-039,2025,3657,2025-11-01,2025-10-18,paid
TAX-007866,ASM-007866,PROP-02622,CTY-039,2026,3871,2026-11-01,,outstanding
TAX-007867,ASM-007867,PROP-02623,CTY-039,2024,3730,2024-11-01,2024-09-29,paid
TAX-007868,ASM-007868,PROP-02623,CTY-039,2025,4010,2025-11-01,2025-10-19,paid
TAX-007869,ASM-007869,PROP-02623,CTY-039,2026,4297,2026-11-01,,outstanding
TAX-007870,ASM-007870,PROP-02624,CTY-039,2024,4516,2024-11-01,2024-09-29,paid
TAX-007871,ASM-007871,PROP-02624,CTY-039,2025,4676,2025-11-01,2025-10-05,paid
TAX-007872,ASM-007872,PROP-02624,CTY-039,2026,5008,2026-11-01,,outstanding
TAX-007873,ASM-007873,PROP-02625,CTY-039,2024,3702,2024-11-01,2024-09-28,paid
TAX-007874,ASM-007874,PROP-02625,CTY-039,2025,3962,2025-11-01,2025-09-29,paid
TAX-007875,ASM-007875,PROP-02625,CTY-039,2026,4157,2026-11-01,,outstanding
TAX-007876,ASM-007876,PROP-02626,CTY-039,2024,4210,2024-11-01,2024-10-08,paid
TAX-007877,ASM-007877,PROP-02626,CTY-039,2025,4360,2025-11-01,2025-10-07,paid
TAX-007878,ASM-007878,PROP-02626,CTY-039,2026,4679,2026-11-01,,outstanding
TAX-007879,ASM-007879,PROP-02627,CTY-039,2024,5303,2024-11-01,2024-10-26,paid
TAX-007880,ASM-007880,PROP-02627,CTY-039,2025,5587,2025-11-01,2025-10-23,paid
TAX-007881,ASM-007881,PROP-02627,CTY-039,2026,5859,2026-11-01,,outstanding
TAX-007882,ASM-007882,PROP-02628,CTY-039,2024,4235,2024-11-01,2024-10-30,paid
TAX-007883,ASM-007883,PROP-02628,CTY-039,2025,4406,2025-11-01,2025-10-30,paid
TAX-007884,ASM-007884,PROP-02628,CTY-039,2026,4642,2026-11-01,,outstanding
TAX-007885,ASM-007885,PROP-02629,CTY-039,2024,3085,2024-11-01,2024-10-04,paid
TAX-007886,ASM-007886,PROP-02629,CTY-039,2025,3246,2025-11-01,2025-09-23,paid
TAX-007887,ASM-007887,PROP-02629,CTY-039,2026,3449,2026-11-01,,outstanding
TAX-007888,ASM-007888,PROP-02630,CTY-039,2024,4862,2024-11-01,2024-10-27,paid
TAX-007889,ASM-007889,PROP-02630,CTY-039,2025,5165,2025-11-01,2025-10-19,paid
TAX-007890,ASM-007890,PROP-02630,CTY-039,2026,5426,2026-11-01,,outstanding
TAX-007891,ASM-007891,PROP-02631,CTY-039,2024,5268,2024-11-01,2024-09-27,paid
TAX-007892,ASM-007892,PROP-02631,CTY-039,2025,5580,2025-11-01,2025-11-01,paid
TAX-007893,ASM-007893,PROP-02631,CTY-039,2026,5820,2026-11-01,,outstanding
TAX-007894,ASM-007894,PROP-02632,CTY-039,2024,5395,2024-11-01,2024-10-16,paid
TAX-007895,ASM-007895,PROP-02632,CTY-039,2025,5697,2025-11-01,2025-10-15,paid
TAX-007896,ASM-007896,PROP-02632,CTY-039,2026,6118,2026-11-01,,outstanding
TAX-007897,ASM-007897,PROP-02633,CTY-039,2024,5195,2024-11-01,2024-10-04,paid
TAX-007898,ASM-007898,PROP-02633,CTY-039,2025,5535,2025-11-01,2025-09-27,paid
TAX-007899,ASM-007899,PROP-02633,CTY-039,2026,5772,2026-11-01,,outstanding
TAX-007900,ASM-007900,PROP-02634,CTY-039,2024,3888,2024-11-01,2024-09-26,paid
TAX-007901,ASM-007901,PROP-02634,CTY-039,2025,4051,2025-11-01,2025-10-11,paid
TAX-007902,ASM-007902,PROP-02634,CTY-039,2026,4262,2026-11-01,,outstanding
TAX-007903,ASM-007903,PROP-02635,CTY-039,2024,4319,2024-11-01,2024-10-31,paid
TAX-007904,ASM-007904,PROP-02635,CTY-039,2025,4490,2025-11-01,2025-10-19,paid
TAX-007905,ASM-007905,PROP-02635,CTY-039,2026,4778,2026-11-01,,outstanding
TAX-007906,ASM-007906,PROP-02636,CTY-039,2024,5151,2024-11-01,2024-10-31,paid
TAX-007907,ASM-007907,PROP-02636,CTY-039,2025,5399,2025-11-01,2025-10-02,paid
TAX-007908,ASM-007908,PROP-02636,CTY-039,2026,5822,2026-11-01,,outstanding
TAX-007909,ASM-007909,PROP-02637,CTY-039,2024,5117,2024-11-01,2024-10-11,paid
TAX-007910,ASM-007910,PROP-02637,CTY-039,2025,5358,2025-11-01,2025-10-23,paid
TAX-007911,ASM-007911,PROP-02637,CTY-039,2026,5654,2026-11-01,,outstanding
TAX-007912,ASM-007912,PROP-02638,CTY-039,2024,4784,2024-11-01,2024-09-26,paid
TAX-007913,ASM-007913,PROP-02638,CTY-039,2025,5011,2025-11-01,2025-10-16,paid
TAX-007914,ASM-007914,PROP-02638,CTY-039,2026,5320,2026-11-01,,outstanding
TAX-007915,ASM-007915,PROP-02639,CTY-039,2024,4609,2024-11-01,2024-10-13,paid
TAX-007916,ASM-007916,PROP-02639,CTY-039,2025,4910,2025-11-01,2025-10-22,paid
TAX-007917,ASM-007917,PROP-02639,CTY-039,2026,5107,2026-11-01,,outstanding
TAX-007918,ASM-007918,PROP-02640,CTY-039,2024,5232,2024-11-01,2024-10-13,paid
TAX-007919,ASM-007919,PROP-02640,CTY-039,2025,5607,2025-11-01,2025-09-25,paid
TAX-007920,ASM-007920,PROP-02640,CTY-039,2026,5904,2026-11-01,,outstanding
TAX-007921,ASM-007921,PROP-02641,CTY-039,2024,3965,2024-11-01,2024-10-25,paid
TAX-007922,ASM-007922,PROP-02641,CTY-039,2025,4119,2025-11-01,2025-10-10,paid
TAX-007923,ASM-007923,PROP-02641,CTY-039,2026,4364,2026-11-01,,outstanding
TAX-007924,ASM-007924,PROP-02642,CTY-039,2024,5081,2024-11-01,2024-10-22,paid
TAX-007925,ASM-007925,PROP-02642,CTY-039,2025,5390,2025-11-01,2025-10-25,paid
TAX-007926,ASM-007926,PROP-02642,CTY-039,2026,5628,2026-11-01,,outstanding
TAX-007927,ASM-007927,PROP-02643,CTY-039,2024,4152,2024-11-01,2024-10-01,paid
TAX-007928,ASM-007928,PROP-02643,CTY-039,2025,4288,2025-11-01,2025-10-25,paid
TAX-007929,ASM-007929,PROP-02643,CTY-039,2026,4594,2026-11-01,,outstanding
TAX-007930,ASM-007930,PROP-02644,CTY-039,2024,5375,2024-11-01,2024-09-27,paid
TAX-007931,ASM-007931,PROP-02644,CTY-039,2025,5603,2025-11-01,2025-10-24,paid
TAX-007932,ASM-007932,PROP-02644,CTY-039,2026,5971,2026-11-01,,outstanding
TAX-007933,ASM-007933,PROP-02645,CTY-039,2024,5613,2024-11-01,2024-10-30,paid
TAX-007934,ASM-007934,PROP-02645,CTY-039,2025,5810,2025-11-01,2025-10-26,paid
TAX-007935,ASM-007935,PROP-02645,CTY-039,2026,6023,2026-11-01,,outstanding
TAX-007936,ASM-007936,PROP-02646,CTY-039,2024,6372,2024-11-01,2024-10-19,paid
TAX-007937,ASM-007937,PROP-02646,CTY-039,2025,6794,2025-11-01,2025-10-12,paid
TAX-007938,ASM-007938,PROP-02646,CTY-039,2026,7274,2026-11-01,,outstanding
TAX-007939,ASM-007939,PROP-02647,CTY-039,2024,4857,2024-11-01,2024-10-10,paid
TAX-007940,ASM-007940,PROP-02647,CTY-039,2025,5021,2025-11-01,2025-10-08,paid
TAX-007941,ASM-007941,PROP-02647,CTY-039,2026,5413,2026-11-01,,outstanding
TAX-007942,ASM-007942,PROP-02648,CTY-042,2024,5785,2024-11-01,2024-10-02,paid
TAX-007943,ASM-007943,PROP-02648,CTY-042,2025,6297,2025-11-01,2025-10-14,paid
TAX-007944,ASM-007944,PROP-02648,CTY-042,2026,6936,2026-11-01,,outstanding
TAX-007945,ASM-007945,PROP-02649,CTY-042,2024,5160,2024-11-01,2024-10-01,paid
TAX-007946,ASM-007946,PROP-02649,CTY-042,2025,5510,2025-11-01,2025-11-01,paid
TAX-007947,ASM-007947,PROP-02649,CTY-042,2026,6070,2026-11-01,,outstanding
TAX-007948,ASM-007948,PROP-02650,CTY-042,2024,5317,2024-11-01,2024-09-27,paid
TAX-007949,ASM-007949,PROP-02650,CTY-042,2025,5824,2025-11-01,2025-10-04,paid
TAX-007950,ASM-007950,PROP-02650,CTY-042,2026,6099,2026-11-01,,outstanding
TAX-007951,ASM-007951,PROP-02651,CTY-042,2024,5206,2024-11-01,2024-09-23,paid
TAX-007952,ASM-007952,PROP-02651,CTY-042,2025,5558,2025-11-01,2025-10-31,paid
TAX-007953,ASM-007953,PROP-02651,CTY-042,2026,6042,2026-11-01,,outstanding
TAX-007954,ASM-007954,PROP-02652,CTY-042,2024,5908,2024-11-01,2024-09-22,paid
TAX-007955,ASM-007955,PROP-02652,CTY-042,2025,6455,2025-11-01,2025-10-15,paid
TAX-007956,ASM-007956,PROP-02652,CTY-042,2026,6997,2026-11-01,,outstanding
TAX-007957,ASM-007957,PROP-02653,CTY-042,2024,6250,2024-11-01,2024-10-25,paid
TAX-007958,ASM-007958,PROP-02653,CTY-042,2025,6564,2025-11-01,2025-10-31,paid
TAX-007959,ASM-007959,PROP-02653,CTY-042,2026,6882,2026-11-01,,outstanding
TAX-007960,ASM-007960,PROP-02654,CTY-042,2024,6515,2024-11-01,2024-10-21,paid
TAX-007961,ASM-007961,PROP-02654,CTY-042,2025,6561,2025-11-01,2025-10-25,paid
TAX-007962,ASM-007962,PROP-02654,CTY-042,2026,7465,2026-11-01,,outstanding
TAX-007963,ASM-007963,PROP-02655,CTY-042,2024,6031,2024-11-01,2024-09-30,paid
TAX-007964,ASM-007964,PROP-02655,CTY-042,2025,6577,2025-11-01,2025-09-28,paid
TAX-007965,ASM-007965,PROP-02655,CTY-042,2026,6937,2026-11-01,,outstanding
TAX-007966,ASM-007966,PROP-02656,CTY-042,2024,6804,2024-11-01,2024-10-02,paid
TAX-007967,ASM-007967,PROP-02656,CTY-042,2025,6800,2025-11-01,2025-09-29,paid
TAX-007968,ASM-007968,PROP-02656,CTY-042,2026,8221,2026-11-01,,outstanding
TAX-007969,ASM-007969,PROP-02657,CTY-042,2024,4897,2024-11-01,2024-10-11,paid
TAX-007970,ASM-007970,PROP-02657,CTY-042,2025,5098,2025-11-01,2025-10-19,paid
TAX-007971,ASM-007971,PROP-02657,CTY-042,2026,5317,2026-11-01,,outstanding
TAX-007972,ASM-007972,PROP-02658,CTY-042,2024,5248,2024-11-01,2024-10-13,paid
TAX-007973,ASM-007973,PROP-02658,CTY-042,2025,5535,2025-11-01,2025-09-24,paid
TAX-007974,ASM-007974,PROP-02658,CTY-042,2026,5765,2026-11-01,,outstanding
TAX-007975,ASM-007975,PROP-02659,CTY-042,2024,6440,2024-11-01,2024-10-14,paid
TAX-007976,ASM-007976,PROP-02659,CTY-042,2025,6832,2025-11-01,2025-10-16,paid
TAX-007977,ASM-007977,PROP-02659,CTY-042,2026,7191,2026-11-01,,outstanding
TAX-007978,ASM-007978,PROP-02660,CTY-042,2024,5494,2024-11-01,2024-10-08,paid
TAX-007979,ASM-007979,PROP-02660,CTY-042,2025,5788,2025-11-01,2025-10-06,paid
TAX-007980,ASM-007980,PROP-02660,CTY-042,2026,6160,2026-11-01,,outstanding
TAX-007981,ASM-007981,PROP-02661,CTY-042,2024,6957,2024-11-01,2024-09-30,paid
TAX-007982,ASM-007982,PROP-02661,CTY-042,2025,7317,2025-11-01,2025-10-25,paid
TAX-007983,ASM-007983,PROP-02661,CTY-042,2026,7976,2026-11-01,,outstanding
TAX-007984,ASM-007984,PROP-02662,CTY-042,2024,6380,2024-11-01,2024-11-01,paid
TAX-007985,ASM-007985,PROP-02662,CTY-042,2025,6936,2025-11-01,2025-10-30,paid
TAX-007986,ASM-007986,PROP-02662,CTY-042,2026,7640,2026-11-01,,outstanding
TAX-007987,ASM-007987,PROP-02663,CTY-042,2024,5117,2024-11-01,2024-10-05,paid
TAX-007988,ASM-007988,PROP-02663,CTY-042,2025,5532,2025-11-01,2025-10-07,paid
TAX-007989,ASM-007989,PROP-02663,CTY-042,2026,5933,2026-11-01,,outstanding
TAX-007990,ASM-007990,PROP-02664,CTY-042,2024,5639,2024-11-01,2024-10-08,paid
TAX-007991,ASM-007991,PROP-02664,CTY-042,2025,6104,2025-11-01,2025-09-22,paid
TAX-007992,ASM-007992,PROP-02664,CTY-042,2026,6434,2026-11-01,,outstanding
TAX-007993,ASM-007993,PROP-02665,CTY-042,2024,6668,2024-11-01,2024-10-16,paid
TAX-007994,ASM-007994,PROP-02665,CTY-042,2025,7051,2025-11-01,2025-10-28,paid
TAX-007995,ASM-007995,PROP-02665,CTY-042,2026,7720,2026-11-01,,outstanding
TAX-007996,ASM-007996,PROP-02666,CTY-042,2024,5470,2024-11-01,2024-10-07,paid
TAX-007997,ASM-007997,PROP-02666,CTY-042,2025,6011,2025-11-01,2025-09-24,paid
TAX-007998,ASM-007998,PROP-02666,CTY-042,2026,6462,2026-11-01,,outstanding
TAX-007999,ASM-007999,PROP-02667,CTY-042,2024,5262,2024-11-01,2024-09-25,paid
TAX-008000,ASM-008000,PROP-02667,CTY-042,2025,5708,2025-11-01,2025-10-02,paid
TAX-008001,ASM-008001,PROP-02667,CTY-042,2026,6009,2026-11-01,,outstanding
TAX-008002,ASM-008002,PROP-02668,CTY-042,2024,5438,2024-11-01,2024-09-22,paid
TAX-008003,ASM-008003,PROP-02668,CTY-042,2025,5904,2025-11-01,2025-10-03,paid
TAX-008004,ASM-008004,PROP-02668,CTY-042,2026,6456,2026-11-01,,outstanding
TAX-008005,ASM-008005,PROP-02669,CTY-042,2024,6150,2024-11-01,2024-10-15,paid
TAX-008006,ASM-008006,PROP-02669,CTY-042,2025,6473,2025-11-01,2025-10-22,paid
TAX-008007,ASM-008007,PROP-02669,CTY-042,2026,6844,2026-11-01,,outstanding
TAX-008008,ASM-008008,PROP-02670,CTY-042,2024,4875,2024-11-01,2024-10-30,paid
TAX-008009,ASM-008009,PROP-02670,CTY-042,2025,5294,2025-11-01,2025-10-25,paid
TAX-008010,ASM-008010,PROP-02670,CTY-042,2026,5762,2026-11-01,,outstanding
TAX-008011,ASM-008011,PROP-02671,CTY-042,2024,4763,2024-11-01,2024-10-08,paid
TAX-008012,ASM-008012,PROP-02671,CTY-042,2025,5055,2025-11-01,2025-10-30,paid
TAX-008013,ASM-008013,PROP-02671,CTY-042,2026,4976,2026-11-01,,outstanding
TAX-008014,ASM-008014,PROP-02672,CTY-042,2024,5012,2024-11-01,2024-10-17,paid
TAX-008015,ASM-008015,PROP-02672,CTY-042,2025,5263,2025-11-01,2025-09-29,paid
TAX-008016,ASM-008016,PROP-02672,CTY-042,2026,5754,2026-11-01,,outstanding
TAX-008017,ASM-008017,PROP-02673,CTY-042,2024,5700,2024-11-01,2024-09-29,paid
TAX-008018,ASM-008018,PROP-02673,CTY-042,2025,6168,2025-11-01,2025-10-21,paid
TAX-008019,ASM-008019,PROP-02673,CTY-042,2026,6568,2026-11-01,,outstanding
TAX-008020,ASM-008020,PROP-02674,CTY-042,2024,5477,2024-11-01,2024-10-26,paid
TAX-008021,ASM-008021,PROP-02674,CTY-042,2025,5978,2025-11-01,2025-10-07,paid
TAX-008022,ASM-008022,PROP-02674,CTY-042,2026,6441,2026-11-01,,outstanding
TAX-008023,ASM-008023,PROP-02675,CTY-042,2024,5009,2024-11-01,2024-09-24,paid
TAX-008024,ASM-008024,PROP-02675,CTY-042,2025,5483,2025-11-01,2025-10-27,paid
TAX-008025,ASM-008025,PROP-02675,CTY-042,2026,5511,2026-11-01,,outstanding
TAX-008026,ASM-008026,PROP-02676,CTY-042,2024,6499,2024-11-01,2024-10-28,paid
TAX-008027,ASM-008027,PROP-02676,CTY-042,2025,6870,2025-11-01,2025-10-23,paid
TAX-008028,ASM-008028,PROP-02676,CTY-042,2026,7221,2026-11-01,,outstanding
TAX-008029,ASM-008029,PROP-02677,CTY-042,2024,6347,2024-11-01,2024-10-16,paid
TAX-008030,ASM-008030,PROP-02677,CTY-042,2025,6811,2025-11-01,2025-10-21,paid
TAX-008031,ASM-008031,PROP-02677,CTY-042,2026,7326,2026-11-01,,outstanding
TAX-008032,ASM-008032,PROP-02678,CTY-042,2024,6103,2024-11-01,2024-10-12,paid
TAX-008033,ASM-008033,PROP-02678,CTY-042,2025,6440,2025-11-01,2025-09-25,paid
TAX-008034,ASM-008034,PROP-02678,CTY-042,2026,6799,2026-11-01,,outstanding
TAX-008035,ASM-008035,PROP-02679,CTY-042,2024,6114,2024-11-01,2024-10-08,paid
TAX-008036,ASM-008036,PROP-02679,CTY-042,2025,6598,2025-11-01,2025-10-18,paid
TAX-008037,ASM-008037,PROP-02679,CTY-042,2026,7145,2026-11-01,,outstanding
TAX-008038,ASM-008038,PROP-02680,CTY-042,2024,5301,2024-11-01,2024-10-19,paid
TAX-008039,ASM-008039,PROP-02680,CTY-042,2025,5596,2025-11-01,2025-10-30,paid
TAX-008040,ASM-008040,PROP-02680,CTY-042,2026,6057,2026-11-01,,outstanding
TAX-008041,ASM-008041,PROP-02681,CTY-042,2024,6632,2024-11-01,2024-10-31,paid
TAX-008042,ASM-008042,PROP-02681,CTY-042,2025,6937,2025-11-01,2025-10-09,paid
TAX-008043,ASM-008043,PROP-02681,CTY-042,2026,7597,2026-11-01,,outstanding
TAX-008044,ASM-008044,PROP-02682,CTY-042,2024,7278,2024-11-01,2024-10-07,paid
TAX-008045,ASM-008045,PROP-02682,CTY-042,2025,7737,2025-11-01,2025-10-02,paid
TAX-008046,ASM-008046,PROP-02682,CTY-042,2026,8059,2026-11-01,,outstanding
TAX-008047,ASM-008047,PROP-02683,CTY-042,2024,5360,2024-11-01,2024-09-30,paid
TAX-008048,ASM-008048,PROP-02683,CTY-042,2025,5737,2025-11-01,2025-10-15,paid
TAX-008049,ASM-008049,PROP-02683,CTY-042,2026,6296,2026-11-01,,outstanding
TAX-008050,ASM-008050,PROP-02684,CTY-042,2024,5894,2024-11-01,2024-10-05,paid
TAX-008051,ASM-008051,PROP-02684,CTY-042,2025,6422,2025-11-01,2025-11-01,paid
TAX-008052,ASM-008052,PROP-02684,CTY-042,2026,7075,2026-11-01,,outstanding
TAX-008053,ASM-008053,PROP-02685,CTY-042,2024,5258,2024-11-01,2024-10-31,paid
TAX-008054,ASM-008054,PROP-02685,CTY-042,2025,5542,2025-11-01,2025-10-19,paid
TAX-008055,ASM-008055,PROP-02685,CTY-042,2026,5988,2026-11-01,,outstanding
TAX-008056,ASM-008056,PROP-02686,CTY-042,2024,6321,2024-11-01,2024-10-28,paid
TAX-008057,ASM-008057,PROP-02686,CTY-042,2025,6891,2025-11-01,2025-09-22,paid
TAX-008058,ASM-008058,PROP-02686,CTY-042,2026,7185,2026-11-01,,outstanding
TAX-008059,ASM-008059,PROP-02687,CTY-042,2024,5878,2024-11-01,2024-10-09,paid
TAX-008060,ASM-008060,PROP-02687,CTY-042,2025,6386,2025-11-01,2025-10-23,paid
TAX-008061,ASM-008061,PROP-02687,CTY-042,2026,6887,2026-11-01,,outstanding
TAX-008062,ASM-008062,PROP-02688,CTY-042,2024,5947,2024-11-01,2024-10-01,paid
TAX-008063,ASM-008063,PROP-02688,CTY-042,2025,6242,2025-11-01,2025-10-16,paid
TAX-008064,ASM-008064,PROP-02688,CTY-042,2026,6775,2026-11-01,,outstanding
TAX-008065,ASM-008065,PROP-02689,CTY-042,2024,6186,2024-11-01,2024-10-27,paid
TAX-008066,ASM-008066,PROP-02689,CTY-042,2025,6516,2025-11-01,2025-11-01,paid
TAX-008067,ASM-008067,PROP-02689,CTY-042,2026,6811,2026-11-01,,outstanding
TAX-008068,ASM-008068,PROP-02690,CTY-042,2024,4857,2024-11-01,2024-10-08,paid
TAX-008069,ASM-008069,PROP-02690,CTY-042,2025,5197,2025-11-01,2025-10-06,paid
TAX-008070,ASM-008070,PROP-02690,CTY-042,2026,5487,2026-11-01,,outstanding
TAX-008071,ASM-008071,PROP-02691,CTY-042,2024,6451,2024-11-01,2024-10-11,paid
TAX-008072,ASM-008072,PROP-02691,CTY-042,2025,6858,2025-11-01,2025-10-15,paid
TAX-008073,ASM-008073,PROP-02691,CTY-042,2026,7466,2026-11-01,,outstanding
TAX-008074,ASM-008074,PROP-02692,CTY-042,2024,6262,2024-11-01,2024-10-07,paid
TAX-008075,ASM-008075,PROP-02692,CTY-042,2025,6855,2025-11-01,2025-10-11,paid
TAX-008076,ASM-008076,PROP-02692,CTY-042,2026,7398,2026-11-01,,outstanding
TAX-008077,ASM-008077,PROP-02693,CTY-042,2024,5177,2024-11-01,2024-10-30,paid
TAX-008078,ASM-008078,PROP-02693,CTY-042,2025,5435,2025-11-01,2025-10-20,paid
TAX-008079,ASM-008079,PROP-02693,CTY-042,2026,5903,2026-11-01,,outstanding
TAX-008080,ASM-008080,PROP-02694,CTY-042,2024,6327,2024-11-01,2024-10-07,paid
TAX-008081,ASM-008081,PROP-02694,CTY-042,2025,6899,2025-11-01,2025-10-02,paid
TAX-008082,ASM-008082,PROP-02694,CTY-042,2026,7339,2026-11-01,,outstanding
TAX-008083,ASM-008083,PROP-02695,CTY-042,2024,6784,2024-11-01,2024-09-24,paid
TAX-008084,ASM-008084,PROP-02695,CTY-042,2025,7272,2025-11-01,2025-10-13,paid
TAX-008085,ASM-008085,PROP-02695,CTY-042,2026,7940,2026-11-01,,outstanding
TAX-008086,ASM-008086,PROP-02696,CTY-042,2024,5372,2024-11-01,2024-09-26,paid
TAX-008087,ASM-008087,PROP-02696,CTY-042,2025,5905,2025-11-01,2025-10-06,paid
TAX-008088,ASM-008088,PROP-02696,CTY-042,2026,6191,2026-11-01,,outstanding
TAX-008089,ASM-008089,PROP-02697,CTY-042,2024,5821,2024-11-01,2024-10-26,paid
TAX-008090,ASM-008090,PROP-02697,CTY-042,2025,6399,2025-11-01,2025-10-30,paid
TAX-008091,ASM-008091,PROP-02697,CTY-042,2026,6905,2026-11-01,,outstanding
TAX-008092,ASM-008092,PROP-02698,CTY-042,2024,5221,2024-11-01,2024-10-16,paid
TAX-008093,ASM-008093,PROP-02698,CTY-042,2025,5536,2025-11-01,2025-10-15,paid
TAX-008094,ASM-008094,PROP-02698,CTY-042,2026,5989,2026-11-01,,outstanding
TAX-008095,ASM-008095,PROP-02699,CTY-042,2024,5443,2024-11-01,2024-10-06,paid
TAX-008096,ASM-008096,PROP-02699,CTY-042,2025,5890,2025-11-01,2025-10-24,paid
TAX-008097,ASM-008097,PROP-02699,CTY-042,2026,5883,2026-11-01,,outstanding
TAX-008098,ASM-008098,PROP-02700,CTY-042,2024,5592,2024-11-01,2024-10-05,paid
TAX-008099,ASM-008099,PROP-02700,CTY-042,2025,5986,2025-11-01,2025-10-14,paid
TAX-008100,ASM-008100,PROP-02700,CTY-042,2026,6445,2026-11-01,,outstanding
TAX-008101,ASM-008101,PROP-02701,CTY-042,2024,5944,2024-11-01,2024-10-28,paid
TAX-008102,ASM-008102,PROP-02701,CTY-042,2025,6518,2025-11-01,2025-10-26,paid
TAX-008103,ASM-008103,PROP-02701,CTY-042,2026,7033,2026-11-01,,outstanding
TAX-008104,ASM-008104,PROP-02702,CTY-042,2024,6129,2024-11-01,2024-10-24,paid
TAX-008105,ASM-008105,PROP-02702,CTY-042,2025,6618,2025-11-01,2025-10-25,paid
TAX-008106,ASM-008106,PROP-02702,CTY-042,2026,7173,2026-11-01,,outstanding
TAX-008107,ASM-008107,PROP-02703,CTY-042,2024,4858,2024-11-01,2024-10-17,paid
TAX-008108,ASM-008108,PROP-02703,CTY-042,2025,5099,2025-11-01,2025-09-29,paid
TAX-008109,ASM-008109,PROP-02703,CTY-042,2026,5537,2026-11-01,,outstanding
TAX-008110,ASM-008110,PROP-02704,CTY-041,2024,4856,2024-11-01,2024-09-22,paid
TAX-008111,ASM-008111,PROP-02704,CTY-041,2025,5188,2025-11-01,2025-10-30,paid
TAX-008112,ASM-008112,PROP-02704,CTY-041,2026,5627,2026-11-01,,outstanding
TAX-008113,ASM-008113,PROP-02705,CTY-041,2024,5607,2024-11-01,2024-10-27,paid
TAX-008114,ASM-008114,PROP-02705,CTY-041,2025,6170,2025-11-01,2025-10-14,paid
TAX-008115,ASM-008115,PROP-02705,CTY-041,2026,6597,2026-11-01,,outstanding
TAX-008116,ASM-008116,PROP-02706,CTY-041,2024,6098,2024-11-01,2024-10-07,paid
TAX-008117,ASM-008117,PROP-02706,CTY-041,2025,6501,2025-11-01,2025-10-04,paid
TAX-008118,ASM-008118,PROP-02706,CTY-041,2026,6979,2026-11-01,,outstanding
TAX-008119,ASM-008119,PROP-02707,CTY-041,2024,7752,2024-11-01,2024-10-30,paid
TAX-008120,ASM-008120,PROP-02707,CTY-041,2025,8277,2025-11-01,2025-10-01,paid
TAX-008121,ASM-008121,PROP-02707,CTY-041,2026,8614,2026-11-01,,outstanding
TAX-008122,ASM-008122,PROP-02708,CTY-041,2024,6001,2024-11-01,2024-10-09,paid
TAX-008123,ASM-008123,PROP-02708,CTY-041,2025,6605,2025-11-01,2025-10-23,paid
TAX-008124,ASM-008124,PROP-02708,CTY-041,2026,7172,2026-11-01,,outstanding
TAX-008125,ASM-008125,PROP-02709,CTY-041,2024,6308,2024-11-01,2024-10-03,paid
TAX-008126,ASM-008126,PROP-02709,CTY-041,2025,6942,2025-11-01,2025-10-22,paid
TAX-008127,ASM-008127,PROP-02709,CTY-041,2026,7348,2026-11-01,,outstanding
TAX-008128,ASM-008128,PROP-02710,CTY-041,2024,4892,2024-11-01,2024-10-31,paid
TAX-008129,ASM-008129,PROP-02710,CTY-041,2025,5093,2025-11-01,2025-09-25,paid
TAX-008130,ASM-008130,PROP-02710,CTY-041,2026,5431,2026-11-01,,outstanding
TAX-008131,ASM-008131,PROP-02711,CTY-041,2024,3753,2024-11-01,2024-10-10,paid
TAX-008132,ASM-008132,PROP-02711,CTY-041,2025,3984,2025-11-01,2025-09-22,paid
TAX-008133,ASM-008133,PROP-02711,CTY-041,2026,4288,2026-11-01,,outstanding
TAX-008134,ASM-008134,PROP-02712,CTY-041,2024,5447,2024-11-01,2024-10-26,paid
TAX-008135,ASM-008135,PROP-02712,CTY-041,2025,5959,2025-11-01,2025-09-24,paid
TAX-008136,ASM-008136,PROP-02712,CTY-041,2026,6370,2026-11-01,,outstanding
TAX-008137,ASM-008137,PROP-02713,CTY-041,2024,5793,2024-11-01,2024-09-29,paid
TAX-008138,ASM-008138,PROP-02713,CTY-041,2025,6170,2025-11-01,2025-10-31,paid
TAX-008139,ASM-008139,PROP-02713,CTY-041,2026,6704,2026-11-01,,outstanding
TAX-008140,ASM-008140,PROP-02714,CTY-041,2024,5111,2024-11-01,2024-10-19,paid
TAX-008141,ASM-008141,PROP-02714,CTY-041,2025,5496,2025-11-01,2025-10-28,paid
TAX-008142,ASM-008142,PROP-02714,CTY-041,2026,6023,2026-11-01,,outstanding
TAX-008143,ASM-008143,PROP-02715,CTY-041,2024,5912,2024-11-01,2024-10-23,paid
TAX-008144,ASM-008144,PROP-02715,CTY-041,2025,6285,2025-11-01,2025-10-01,paid
TAX-008145,ASM-008145,PROP-02715,CTY-041,2026,6637,2026-11-01,,outstanding
TAX-008146,ASM-008146,PROP-02716,CTY-041,2024,5205,2024-11-01,2024-11-01,paid
TAX-008147,ASM-008147,PROP-02716,CTY-041,2025,5521,2025-11-01,2025-10-02,paid
TAX-008148,ASM-008148,PROP-02716,CTY-041,2026,5937,2026-11-01,,outstanding
TAX-008149,ASM-008149,PROP-02717,CTY-041,2024,5534,2024-11-01,2024-10-18,paid
TAX-008150,ASM-008150,PROP-02717,CTY-041,2025,5772,2025-11-01,2025-09-23,paid
TAX-008151,ASM-008151,PROP-02717,CTY-041,2026,6316,2026-11-01,,outstanding
TAX-008152,ASM-008152,PROP-02718,CTY-041,2024,5455,2024-11-01,2024-10-18,paid
TAX-008153,ASM-008153,PROP-02718,CTY-041,2025,5749,2025-11-01,2025-10-24,paid
TAX-008154,ASM-008154,PROP-02718,CTY-041,2026,6072,2026-11-01,,outstanding
TAX-008155,ASM-008155,PROP-02719,CTY-041,2024,4357,2024-11-01,2024-10-17,paid
TAX-008156,ASM-008156,PROP-02719,CTY-041,2025,4658,2025-11-01,2025-10-12,paid
TAX-008157,ASM-008157,PROP-02719,CTY-041,2026,5105,2026-11-01,,outstanding
TAX-008158,ASM-008158,PROP-02720,CTY-041,2024,7035,2024-11-01,2024-10-19,paid
TAX-008159,ASM-008159,PROP-02720,CTY-041,2025,7520,2025-11-01,2025-10-18,paid
TAX-008160,ASM-008160,PROP-02720,CTY-041,2026,7907,2026-11-01,,outstanding
TAX-008161,ASM-008161,PROP-02721,CTY-041,2024,5781,2024-11-01,2024-10-04,paid
TAX-008162,ASM-008162,PROP-02721,CTY-041,2025,6208,2025-11-01,2025-10-29,paid
TAX-008163,ASM-008163,PROP-02721,CTY-041,2026,6547,2026-11-01,,outstanding
TAX-008164,ASM-008164,PROP-02722,CTY-041,2024,6651,2024-11-01,2024-10-27,paid
TAX-008165,ASM-008165,PROP-02722,CTY-041,2025,7083,2025-11-01,2025-10-09,paid
TAX-008166,ASM-008166,PROP-02722,CTY-041,2026,7444,2026-11-01,,outstanding
TAX-008167,ASM-008167,PROP-02723,CTY-041,2024,4995,2024-11-01,2024-10-17,paid
TAX-008168,ASM-008168,PROP-02723,CTY-041,2025,5297,2025-11-01,2025-10-23,paid
TAX-008169,ASM-008169,PROP-02723,CTY-041,2026,5739,2026-11-01,,outstanding
TAX-008170,ASM-008170,PROP-02724,CTY-041,2024,5251,2024-11-01,2024-10-02,paid
TAX-008171,ASM-008171,PROP-02724,CTY-041,2025,5522,2025-11-01,2025-10-19,paid
TAX-008172,ASM-008172,PROP-02724,CTY-041,2026,5973,2026-11-01,,outstanding
TAX-008173,ASM-008173,PROP-02725,CTY-041,2024,6160,2024-11-01,2024-09-22,paid
TAX-008174,ASM-008174,PROP-02725,CTY-041,2025,6417,2025-11-01,2025-09-23,paid
TAX-008175,ASM-008175,PROP-02725,CTY-041,2026,6931,2026-11-01,,outstanding
TAX-008176,ASM-008176,PROP-02726,CTY-041,2024,5028,2024-11-01,2024-10-24,paid
TAX-008177,ASM-008177,PROP-02726,CTY-041,2025,5299,2025-11-01,2025-10-29,paid
TAX-008178,ASM-008178,PROP-02726,CTY-041,2026,5782,2026-11-01,,outstanding
TAX-008179,ASM-008179,PROP-02727,CTY-041,2024,6873,2024-11-01,2024-10-03,paid
TAX-008180,ASM-008180,PROP-02727,CTY-041,2025,7507,2025-11-01,2025-10-11,paid
TAX-008181,ASM-008181,PROP-02727,CTY-041,2026,8054,2026-11-01,,outstanding
TAX-008182,ASM-008182,PROP-02728,CTY-041,2024,5962,2024-11-01,2024-10-05,paid
TAX-008183,ASM-008183,PROP-02728,CTY-041,2025,6352,2025-11-01,2025-10-07,paid
TAX-008184,ASM-008184,PROP-02728,CTY-041,2026,6685,2026-11-01,,outstanding
TAX-008185,ASM-008185,PROP-02729,CTY-041,2024,5274,2024-11-01,2024-10-01,paid
TAX-008186,ASM-008186,PROP-02729,CTY-041,2025,5593,2025-11-01,2025-10-23,paid
TAX-008187,ASM-008187,PROP-02729,CTY-041,2026,6117,2026-11-01,,outstanding
TAX-008188,ASM-008188,PROP-02730,CTY-041,2024,5758,2024-11-01,2024-10-25,paid
TAX-008189,ASM-008189,PROP-02730,CTY-041,2025,6135,2025-11-01,2025-09-26,paid
TAX-008190,ASM-008190,PROP-02730,CTY-041,2026,6559,2026-11-01,,outstanding
TAX-008191,ASM-008191,PROP-02731,CTY-041,2024,6620,2024-11-01,2024-10-21,paid
TAX-008192,ASM-008192,PROP-02731,CTY-041,2025,7056,2025-11-01,2025-10-20,paid
TAX-008193,ASM-008193,PROP-02731,CTY-041,2026,7586,2026-11-01,,outstanding
TAX-008194,ASM-008194,PROP-02732,CTY-041,2024,4445,2024-11-01,2024-10-09,paid
TAX-008195,ASM-008195,PROP-02732,CTY-041,2025,4778,2025-11-01,2025-10-27,paid
TAX-008196,ASM-008196,PROP-02732,CTY-041,2026,5077,2026-11-01,,outstanding
TAX-008197,ASM-008197,PROP-02733,CTY-041,2024,5180,2024-11-01,2024-10-16,paid
TAX-008198,ASM-008198,PROP-02733,CTY-041,2025,5423,2025-11-01,2025-09-22,paid
TAX-008199,ASM-008199,PROP-02733,CTY-041,2026,5747,2026-11-01,,outstanding
TAX-008200,ASM-008200,PROP-02734,CTY-041,2024,5146,2024-11-01,2024-10-13,paid
TAX-008201,ASM-008201,PROP-02734,CTY-041,2025,5433,2025-11-01,2025-09-24,paid
TAX-008202,ASM-008202,PROP-02734,CTY-041,2026,5873,2026-11-01,,outstanding
TAX-008203,ASM-008203,PROP-02735,CTY-041,2024,6145,2024-11-01,2024-10-09,paid
TAX-008204,ASM-008204,PROP-02735,CTY-041,2025,6460,2025-11-01,2025-10-07,paid
TAX-008205,ASM-008205,PROP-02735,CTY-041,2026,6937,2026-11-01,,outstanding
TAX-008206,ASM-008206,PROP-02736,CTY-041,2024,5808,2024-11-01,2024-09-23,paid
TAX-008207,ASM-008207,PROP-02736,CTY-041,2025,6148,2025-11-01,2025-10-31,paid
TAX-008208,ASM-008208,PROP-02736,CTY-041,2026,6702,2026-11-01,,outstanding
TAX-008209,ASM-008209,PROP-02737,CTY-041,2024,5455,2024-11-01,2024-10-03,paid
TAX-008210,ASM-008210,PROP-02737,CTY-041,2025,5799,2025-11-01,2025-10-25,paid
TAX-008211,ASM-008211,PROP-02737,CTY-041,2026,6324,2026-11-01,,outstanding
TAX-008212,ASM-008212,PROP-02738,CTY-041,2024,6599,2024-11-01,2024-10-15,paid
TAX-008213,ASM-008213,PROP-02738,CTY-041,2025,7054,2025-11-01,2025-10-19,paid
TAX-008214,ASM-008214,PROP-02738,CTY-041,2026,7701,2026-11-01,,outstanding
TAX-008215,ASM-008215,PROP-02739,CTY-041,2024,4371,2024-11-01,2024-10-07,paid
TAX-008216,ASM-008216,PROP-02739,CTY-041,2025,4643,2025-11-01,2025-10-13,paid
TAX-008217,ASM-008217,PROP-02739,CTY-041,2026,5099,2026-11-01,,outstanding
TAX-008218,ASM-008218,PROP-02740,CTY-041,2024,4360,2024-11-01,2024-10-11,paid
TAX-008219,ASM-008219,PROP-02740,CTY-041,2025,4688,2025-11-01,2025-10-25,paid
TAX-008220,ASM-008220,PROP-02740,CTY-041,2026,4946,2026-11-01,,outstanding
TAX-008221,ASM-008221,PROP-02741,CTY-041,2024,6960,2024-11-01,2024-09-29,paid
TAX-008222,ASM-008222,PROP-02741,CTY-041,2025,7520,2025-11-01,2025-10-26,paid
TAX-008223,ASM-008223,PROP-02741,CTY-041,2026,8212,2026-11-01,,outstanding
TAX-008224,ASM-008224,PROP-02742,CTY-041,2024,5453,2024-11-01,2024-10-12,paid
TAX-008225,ASM-008225,PROP-02742,CTY-041,2025,5727,2025-11-01,2025-10-01,paid
TAX-008226,ASM-008226,PROP-02742,CTY-041,2026,6019,2026-11-01,,outstanding
TAX-008227,ASM-008227,PROP-02743,CTY-041,2024,6327,2024-11-01,2024-10-27,paid
TAX-008228,ASM-008228,PROP-02743,CTY-041,2025,6920,2025-11-01,2025-10-08,paid
TAX-008229,ASM-008229,PROP-02743,CTY-041,2026,7331,2026-11-01,,outstanding
TAX-008230,ASM-008230,PROP-02744,CTY-041,2024,6250,2024-11-01,2024-10-05,paid
TAX-008231,ASM-008231,PROP-02744,CTY-041,2025,6808,2025-11-01,2025-09-26,paid
TAX-008232,ASM-008232,PROP-02744,CTY-041,2026,7176,2026-11-01,,outstanding
TAX-008233,ASM-008233,PROP-02745,CTY-041,2024,4822,2024-11-01,2024-10-13,paid
TAX-008234,ASM-008234,PROP-02745,CTY-041,2025,5041,2025-11-01,2025-09-28,paid
TAX-008235,ASM-008235,PROP-02745,CTY-041,2026,5366,2026-11-01,,outstanding
TAX-008236,ASM-008236,PROP-02746,CTY-041,2024,4704,2024-11-01,2024-09-23,paid
TAX-008237,ASM-008237,PROP-02746,CTY-041,2025,4766,2025-11-01,2025-10-09,paid
TAX-008238,ASM-008238,PROP-02746,CTY-041,2026,5440,2026-11-01,,outstanding
TAX-008239,ASM-008239,PROP-02747,CTY-041,2024,5915,2024-11-01,2024-10-31,paid
TAX-008240,ASM-008240,PROP-02747,CTY-041,2025,6432,2025-11-01,2025-10-31,paid
TAX-008241,ASM-008241,PROP-02747,CTY-041,2026,7065,2026-11-01,,outstanding
TAX-008242,ASM-008242,PROP-02748,CTY-041,2024,5384,2024-11-01,2024-10-16,paid
TAX-008243,ASM-008243,PROP-02748,CTY-041,2025,5602,2025-11-01,2025-09-26,paid
TAX-008244,ASM-008244,PROP-02748,CTY-041,2026,6004,2026-11-01,,outstanding
TAX-008245,ASM-008245,PROP-02749,CTY-041,2024,7049,2024-11-01,2024-09-22,paid
TAX-008246,ASM-008246,PROP-02749,CTY-041,2025,7404,2025-11-01,2025-10-14,paid
TAX-008247,ASM-008247,PROP-02749,CTY-041,2026,8123,2026-11-01,,outstanding
TAX-008248,ASM-008248,PROP-02750,CTY-041,2024,5379,2024-11-01,2024-10-11,paid
TAX-008249,ASM-008249,PROP-02750,CTY-041,2025,5727,2025-11-01,2025-09-30,paid
TAX-008250,ASM-008250,PROP-02750,CTY-041,2026,6110,2026-11-01,,outstanding
TAX-008251,ASM-008251,PROP-02751,CTY-041,2024,4926,2024-11-01,2024-10-12,paid
TAX-008252,ASM-008252,PROP-02751,CTY-041,2025,5260,2025-11-01,2025-10-10,paid
TAX-008253,ASM-008253,PROP-02751,CTY-041,2026,5770,2026-11-01,,outstanding
TAX-008254,ASM-008254,PROP-02752,CTY-041,2024,5083,2024-11-01,2024-10-14,paid
TAX-008255,ASM-008255,PROP-02752,CTY-041,2025,5375,2025-11-01,2025-10-15,paid
TAX-008256,ASM-008256,PROP-02752,CTY-041,2026,5697,2026-11-01,,outstanding
TAX-008257,ASM-008257,PROP-02753,CTY-041,2024,6252,2024-11-01,2024-10-28,paid
TAX-008258,ASM-008258,PROP-02753,CTY-041,2025,6531,2025-11-01,2025-10-27,paid
TAX-008259,ASM-008259,PROP-02753,CTY-041,2026,7110,2026-11-01,,outstanding
TAX-008260,ASM-008260,PROP-02754,CTY-041,2024,6077,2024-11-01,2024-10-27,paid
TAX-008261,ASM-008261,PROP-02754,CTY-041,2025,6349,2025-11-01,2025-10-16,paid
TAX-008262,ASM-008262,PROP-02754,CTY-041,2026,6815,2026-11-01,,outstanding
TAX-008263,ASM-008263,PROP-02755,CTY-041,2024,4758,2024-11-01,2024-09-23,paid
TAX-008264,ASM-008264,PROP-02755,CTY-041,2025,5145,2025-11-01,2025-10-14,paid
TAX-008265,ASM-008265,PROP-02755,CTY-041,2026,5429,2026-11-01,,outstanding
TAX-008266,ASM-008266,PROP-02756,CTY-041,2024,6732,2024-11-01,2024-10-13,paid
TAX-008267,ASM-008267,PROP-02756,CTY-041,2025,7111,2025-11-01,2025-10-06,paid
TAX-008268,ASM-008268,PROP-02756,CTY-041,2026,7617,2026-11-01,,outstanding
TAX-008269,ASM-008269,PROP-02757,CTY-041,2024,6512,2024-11-01,2024-09-24,paid
TAX-008270,ASM-008270,PROP-02757,CTY-041,2025,6990,2025-11-01,2025-10-03,paid
TAX-008271,ASM-008271,PROP-02757,CTY-041,2026,7605,2026-11-01,,outstanding
TAX-008272,ASM-008272,PROP-02758,CTY-041,2024,4681,2024-11-01,2024-10-07,paid
TAX-008273,ASM-008273,PROP-02758,CTY-041,2025,5077,2025-11-01,2025-10-18,paid
TAX-008274,ASM-008274,PROP-02758,CTY-041,2026,5496,2026-11-01,,outstanding
TAX-008275,ASM-008275,PROP-02759,CTY-041,2024,5272,2024-11-01,2024-10-12,paid
TAX-008276,ASM-008276,PROP-02759,CTY-041,2025,5652,2025-11-01,2025-10-18,paid
TAX-008277,ASM-008277,PROP-02759,CTY-041,2026,6040,2026-11-01,,outstanding
TAX-008278,ASM-008278,PROP-02760,CTY-041,2024,5314,2024-11-01,2024-09-23,paid
TAX-008279,ASM-008279,PROP-02760,CTY-041,2025,5595,2025-11-01,2025-10-11,paid
TAX-008280,ASM-008280,PROP-02760,CTY-041,2026,6025,2026-11-01,,outstanding
TAX-008281,ASM-008281,PROP-02761,CTY-041,2024,4566,2024-11-01,2024-10-19,paid
TAX-008282,ASM-008282,PROP-02761,CTY-041,2025,4902,2025-11-01,2025-10-07,paid
TAX-008283,ASM-008283,PROP-02761,CTY-041,2026,5358,2026-11-01,,outstanding
TAX-008284,ASM-008284,PROP-02762,CTY-041,2024,7180,2024-11-01,2024-10-12,paid
TAX-008285,ASM-008285,PROP-02762,CTY-041,2025,7650,2025-11-01,2025-10-11,paid
TAX-008286,ASM-008286,PROP-02762,CTY-041,2026,8217,2026-11-01,,outstanding
TAX-008287,ASM-008287,PROP-02763,CTY-041,2024,7208,2024-11-01,2024-10-18,paid
TAX-008288,ASM-008288,PROP-02763,CTY-041,2025,7841,2025-11-01,2025-10-26,paid
TAX-008289,ASM-008289,PROP-02763,CTY-041,2026,8322,2026-11-01,,outstanding
TAX-008290,ASM-008290,PROP-02764,CTY-041,2024,5606,2024-11-01,2024-10-16,paid
TAX-008291,ASM-008291,PROP-02764,CTY-041,2025,5864,2025-11-01,2025-10-11,paid
TAX-008292,ASM-008292,PROP-02764,CTY-041,2026,6226,2026-11-01,,outstanding
TAX-008293,ASM-008293,PROP-02765,CTY-041,2024,4944,2024-11-01,2024-10-19,paid
TAX-008294,ASM-008294,PROP-02765,CTY-041,2025,5194,2025-11-01,2025-10-20,paid
TAX-008295,ASM-008295,PROP-02765,CTY-041,2026,5610,2026-11-01,,outstanding
TAX-008296,ASM-008296,PROP-02766,CTY-041,2024,5759,2024-11-01,2024-10-18,paid
TAX-008297,ASM-008297,PROP-02766,CTY-041,2025,6008,2025-11-01,2025-10-05,paid
TAX-008298,ASM-008298,PROP-02766,CTY-041,2026,6254,2026-11-01,,outstanding
TAX-008299,ASM-008299,PROP-02767,CTY-041,2024,5970,2024-11-01,2024-10-04,paid
TAX-008300,ASM-008300,PROP-02767,CTY-041,2025,6353,2025-11-01,2025-10-23,paid
TAX-008301,ASM-008301,PROP-02767,CTY-041,2026,6788,2026-11-01,,outstanding
TAX-008302,ASM-008302,PROP-02768,CTY-041,2024,5979,2024-11-01,2024-10-17,paid
TAX-008303,ASM-008303,PROP-02768,CTY-041,2025,6270,2025-11-01,2025-10-09,paid
TAX-008304,ASM-008304,PROP-02768,CTY-041,2026,6741,2026-11-01,,outstanding
TAX-008305,ASM-008305,PROP-02769,CTY-041,2024,4952,2024-11-01,2024-09-30,paid
TAX-008306,ASM-008306,PROP-02769,CTY-041,2025,5287,2025-11-01,2025-10-12,paid
TAX-008307,ASM-008307,PROP-02769,CTY-041,2026,5249,2026-11-01,,outstanding
TAX-008308,ASM-008308,PROP-02770,CTY-040,2024,4864,2024-11-01,2024-11-01,paid
TAX-008309,ASM-008309,PROP-02770,CTY-040,2025,5284,2025-11-01,2025-10-27,paid
TAX-008310,ASM-008310,PROP-02770,CTY-040,2026,5623,2026-11-01,,outstanding
TAX-008311,ASM-008311,PROP-02771,CTY-040,2024,4991,2024-11-01,2024-09-27,paid
TAX-008312,ASM-008312,PROP-02771,CTY-040,2025,5257,2025-11-01,2025-10-14,paid
TAX-008313,ASM-008313,PROP-02771,CTY-040,2026,5518,2026-11-01,,outstanding
TAX-008314,ASM-008314,PROP-02772,CTY-040,2024,4615,2024-11-01,2024-10-01,paid
TAX-008315,ASM-008315,PROP-02772,CTY-040,2025,4664,2025-11-01,2025-09-29,paid
TAX-008316,ASM-008316,PROP-02772,CTY-040,2026,5339,2026-11-01,,outstanding
TAX-008317,ASM-008317,PROP-02773,CTY-040,2024,3926,2024-11-01,2024-10-08,paid
TAX-008318,ASM-008318,PROP-02773,CTY-040,2025,4235,2025-11-01,2025-10-11,paid
TAX-008319,ASM-008319,PROP-02773,CTY-040,2026,4593,2026-11-01,,outstanding
TAX-008320,ASM-008320,PROP-02774,CTY-040,2024,4725,2024-11-01,2024-10-25,paid
TAX-008321,ASM-008321,PROP-02774,CTY-040,2025,5020,2025-11-01,2025-10-12,paid
TAX-008322,ASM-008322,PROP-02774,CTY-040,2026,5246,2026-11-01,,outstanding
TAX-008323,ASM-008323,PROP-02775,CTY-040,2024,4245,2024-11-01,2024-09-27,paid
TAX-008324,ASM-008324,PROP-02775,CTY-040,2025,4446,2025-11-01,2025-10-18,paid
TAX-008325,ASM-008325,PROP-02775,CTY-040,2026,4728,2026-11-01,,outstanding
TAX-008326,ASM-008326,PROP-02776,CTY-040,2024,4229,2024-11-01,2024-10-10,paid
TAX-008327,ASM-008327,PROP-02776,CTY-040,2025,4486,2025-11-01,2025-09-26,paid
TAX-008328,ASM-008328,PROP-02776,CTY-040,2026,4776,2026-11-01,,outstanding
TAX-008329,ASM-008329,PROP-02777,CTY-040,2024,3752,2024-11-01,2024-10-04,paid
TAX-008330,ASM-008330,PROP-02777,CTY-040,2025,4028,2025-11-01,2025-10-22,paid
TAX-008331,ASM-008331,PROP-02777,CTY-040,2026,4269,2026-11-01,,outstanding
TAX-008332,ASM-008332,PROP-02778,CTY-040,2024,4071,2024-11-01,2024-10-19,paid
TAX-008333,ASM-008333,PROP-02778,CTY-040,2025,4431,2025-11-01,2025-10-10,paid
TAX-008334,ASM-008334,PROP-02778,CTY-040,2026,4673,2026-11-01,,outstanding
TAX-008335,ASM-008335,PROP-02779,CTY-040,2024,4261,2024-11-01,2024-10-20,paid
TAX-008336,ASM-008336,PROP-02779,CTY-040,2025,4611,2025-11-01,2025-10-29,paid
TAX-008337,ASM-008337,PROP-02779,CTY-040,2026,5012,2026-11-01,,outstanding
TAX-008338,ASM-008338,PROP-02780,CTY-040,2024,4535,2024-11-01,2024-10-11,paid
TAX-008339,ASM-008339,PROP-02780,CTY-040,2025,4905,2025-11-01,2025-10-05,paid
TAX-008340,ASM-008340,PROP-02780,CTY-040,2026,5290,2026-11-01,,outstanding
TAX-008341,ASM-008341,PROP-02781,CTY-040,2024,5060,2024-11-01,2024-10-06,paid
TAX-008342,ASM-008342,PROP-02781,CTY-040,2025,5286,2025-11-01,2025-10-17,paid
TAX-008343,ASM-008343,PROP-02781,CTY-040,2026,5684,2026-11-01,,outstanding
TAX-008344,ASM-008344,PROP-02782,CTY-040,2024,3210,2024-11-01,2024-10-14,paid
TAX-008345,ASM-008345,PROP-02782,CTY-040,2025,3387,2025-11-01,2025-10-06,paid
TAX-008346,ASM-008346,PROP-02782,CTY-040,2026,3663,2026-11-01,,outstanding
TAX-008347,ASM-008347,PROP-02783,CTY-040,2024,3816,2024-11-01,2024-10-09,paid
TAX-008348,ASM-008348,PROP-02783,CTY-040,2025,4019,2025-11-01,2025-10-29,paid
TAX-008349,ASM-008349,PROP-02783,CTY-040,2026,4190,2026-11-01,,outstanding
TAX-008350,ASM-008350,PROP-02784,CTY-040,2024,3644,2024-11-01,2024-09-28,paid
TAX-008351,ASM-008351,PROP-02784,CTY-040,2025,3896,2025-11-01,2025-10-31,paid
TAX-008352,ASM-008352,PROP-02784,CTY-040,2026,4060,2026-11-01,,outstanding
TAX-008353,ASM-008353,PROP-02785,CTY-040,2024,4552,2024-11-01,2024-09-25,paid
TAX-008354,ASM-008354,PROP-02785,CTY-040,2025,4840,2025-11-01,2025-10-21,paid
TAX-008355,ASM-008355,PROP-02785,CTY-040,2026,5266,2026-11-01,,outstanding
TAX-008356,ASM-008356,PROP-02786,CTY-040,2024,3993,2024-11-01,2024-10-23,paid
TAX-008357,ASM-008357,PROP-02786,CTY-040,2025,4216,2025-11-01,2025-10-02,paid
TAX-008358,ASM-008358,PROP-02786,CTY-040,2026,4605,2026-11-01,,outstanding
TAX-008359,ASM-008359,PROP-02787,CTY-040,2024,3937,2024-11-01,2024-09-23,paid
TAX-008360,ASM-008360,PROP-02787,CTY-040,2025,4178,2025-11-01,2025-10-02,paid
TAX-008361,ASM-008361,PROP-02787,CTY-040,2026,4344,2026-11-01,,outstanding
TAX-008362,ASM-008362,PROP-02788,CTY-040,2024,4184,2024-11-01,2024-10-31,paid
TAX-008363,ASM-008363,PROP-02788,CTY-040,2025,4422,2025-11-01,2025-10-18,paid
TAX-008364,ASM-008364,PROP-02788,CTY-040,2026,4816,2026-11-01,,outstanding
TAX-008365,ASM-008365,PROP-02789,CTY-040,2024,4614,2024-11-01,2024-10-10,paid
TAX-008366,ASM-008366,PROP-02789,CTY-040,2025,4899,2025-11-01,2025-10-13,paid
TAX-008367,ASM-008367,PROP-02789,CTY-040,2026,5357,2026-11-01,,outstanding
TAX-008368,ASM-008368,PROP-02790,CTY-040,2024,4510,2024-11-01,2024-10-26,paid
TAX-008369,ASM-008369,PROP-02790,CTY-040,2025,4694,2025-11-01,2025-10-27,paid
TAX-008370,ASM-008370,PROP-02790,CTY-040,2026,5121,2026-11-01,,outstanding
TAX-008371,ASM-008371,PROP-02791,CTY-040,2024,4881,2024-11-01,2024-09-25,paid
TAX-008372,ASM-008372,PROP-02791,CTY-040,2025,5100,2025-11-01,2025-10-25,paid
TAX-008373,ASM-008373,PROP-02791,CTY-040,2026,5474,2026-11-01,,outstanding
TAX-008374,ASM-008374,PROP-02792,CTY-040,2024,4134,2024-11-01,2024-09-26,paid
TAX-008375,ASM-008375,PROP-02792,CTY-040,2025,4333,2025-11-01,2025-10-10,paid
TAX-008376,ASM-008376,PROP-02792,CTY-040,2026,4524,2026-11-01,,outstanding
TAX-008377,ASM-008377,PROP-02793,CTY-040,2024,3879,2024-11-01,2024-11-01,paid
TAX-008378,ASM-008378,PROP-02793,CTY-040,2025,4043,2025-11-01,2025-10-28,paid
TAX-008379,ASM-008379,PROP-02793,CTY-040,2026,4411,2026-11-01,,outstanding
TAX-008380,ASM-008380,PROP-02794,CTY-040,2024,3995,2024-11-01,2024-10-24,paid
TAX-008381,ASM-008381,PROP-02794,CTY-040,2025,4316,2025-11-01,2025-09-27,paid
TAX-008382,ASM-008382,PROP-02794,CTY-040,2026,4586,2026-11-01,,outstanding
TAX-008383,ASM-008383,PROP-02795,CTY-040,2024,4759,2024-11-01,2024-09-25,paid
TAX-008384,ASM-008384,PROP-02795,CTY-040,2025,5157,2025-11-01,2025-10-18,paid
TAX-008385,ASM-008385,PROP-02795,CTY-040,2026,5378,2026-11-01,,outstanding
TAX-008386,ASM-008386,PROP-02796,CTY-040,2024,4824,2024-11-01,2024-10-01,paid
TAX-008387,ASM-008387,PROP-02796,CTY-040,2025,5210,2025-11-01,2025-09-23,paid
TAX-008388,ASM-008388,PROP-02796,CTY-040,2026,5463,2026-11-01,,outstanding
TAX-008389,ASM-008389,PROP-02797,CTY-040,2024,4199,2024-11-01,2024-10-04,paid
TAX-008390,ASM-008390,PROP-02797,CTY-040,2025,4403,2025-11-01,2025-10-07,paid
TAX-008391,ASM-008391,PROP-02797,CTY-040,2026,4720,2026-11-01,,outstanding
TAX-008392,ASM-008392,PROP-02798,CTY-040,2024,3487,2024-11-01,2024-09-30,paid
TAX-008393,ASM-008393,PROP-02798,CTY-040,2025,3625,2025-11-01,2025-10-18,paid
TAX-008394,ASM-008394,PROP-02798,CTY-040,2026,3803,2026-11-01,,outstanding
TAX-008395,ASM-008395,PROP-02799,CTY-040,2024,3841,2024-11-01,2024-10-28,paid
TAX-008396,ASM-008396,PROP-02799,CTY-040,2025,4041,2025-11-01,2025-10-27,paid
TAX-008397,ASM-008397,PROP-02799,CTY-040,2026,4377,2026-11-01,,outstanding
TAX-008398,ASM-008398,PROP-02800,CTY-040,2024,3615,2024-11-01,2024-10-26,paid
TAX-008399,ASM-008399,PROP-02800,CTY-040,2025,3824,2025-11-01,2025-10-30,paid
TAX-008400,ASM-008400,PROP-02800,CTY-040,2026,4175,2026-11-01,,outstanding
TAX-008401,ASM-008401,PROP-02801,CTY-040,2024,3430,2024-11-01,2024-10-25,paid
TAX-008402,ASM-008402,PROP-02801,CTY-040,2025,3665,2025-11-01,2025-10-08,paid
TAX-008403,ASM-008403,PROP-02801,CTY-040,2026,3849,2026-11-01,,outstanding
TAX-008404,ASM-008404,PROP-02802,CTY-040,2024,4851,2024-11-01,2024-10-13,paid
TAX-008405,ASM-008405,PROP-02802,CTY-040,2025,5284,2025-11-01,2025-10-27,paid
TAX-008406,ASM-008406,PROP-02802,CTY-040,2026,5538,2026-11-01,,outstanding
TAX-008407,ASM-008407,PROP-02803,CTY-040,2024,4020,2024-11-01,2024-11-01,paid
TAX-008408,ASM-008408,PROP-02803,CTY-040,2025,4254,2025-11-01,2025-10-23,paid
TAX-008409,ASM-008409,PROP-02803,CTY-040,2026,4566,2026-11-01,,outstanding
TAX-008410,ASM-008410,PROP-02804,CTY-040,2024,3643,2024-11-01,2024-10-26,paid
TAX-008411,ASM-008411,PROP-02804,CTY-040,2025,3855,2025-11-01,2025-09-29,paid
TAX-008412,ASM-008412,PROP-02804,CTY-040,2026,4025,2026-11-01,,outstanding
TAX-008413,ASM-008413,PROP-02805,CTY-040,2024,4238,2024-11-01,2024-10-28,paid
TAX-008414,ASM-008414,PROP-02805,CTY-040,2025,4454,2025-11-01,2025-09-27,paid
TAX-008415,ASM-008415,PROP-02805,CTY-040,2026,4674,2026-11-01,,outstanding
TAX-008416,ASM-008416,PROP-02806,CTY-040,2024,4390,2024-11-01,2024-10-31,paid
TAX-008417,ASM-008417,PROP-02806,CTY-040,2025,4746,2025-11-01,2025-10-29,paid
TAX-008418,ASM-008418,PROP-02806,CTY-040,2026,5031,2026-11-01,,outstanding
TAX-008419,ASM-008419,PROP-02807,CTY-040,2024,4462,2024-11-01,2024-09-24,paid
TAX-008420,ASM-008420,PROP-02807,CTY-040,2025,4662,2025-11-01,2025-10-17,paid
TAX-008421,ASM-008421,PROP-02807,CTY-040,2026,4959,2026-11-01,,outstanding
TAX-008422,ASM-008422,PROP-02808,CTY-040,2024,3767,2024-11-01,2024-09-23,paid
TAX-008423,ASM-008423,PROP-02808,CTY-040,2025,3968,2025-11-01,2025-09-29,paid
TAX-008424,ASM-008424,PROP-02808,CTY-040,2026,4254,2026-11-01,,outstanding
TAX-008425,ASM-008425,PROP-02809,CTY-040,2024,3535,2024-11-01,2024-09-23,paid
TAX-008426,ASM-008426,PROP-02809,CTY-040,2025,3767,2025-11-01,2025-10-16,paid
TAX-008427,ASM-008427,PROP-02809,CTY-040,2026,4027,2026-11-01,,outstanding
TAX-008428,ASM-008428,PROP-02810,CTY-040,2024,4915,2024-11-01,2024-09-26,paid
TAX-008429,ASM-008429,PROP-02810,CTY-040,2025,5127,2025-11-01,2025-10-18,paid
TAX-008430,ASM-008430,PROP-02810,CTY-040,2026,5606,2026-11-01,,outstanding
TAX-008431,ASM-008431,PROP-02811,CTY-040,2024,3401,2024-11-01,2024-09-25,paid
TAX-008432,ASM-008432,PROP-02811,CTY-040,2025,3578,2025-11-01,2025-09-29,paid
TAX-008433,ASM-008433,PROP-02811,CTY-040,2026,3759,2026-11-01,,outstanding
TAX-008434,ASM-008434,PROP-02812,CTY-040,2024,3774,2024-11-01,2024-09-22,paid
TAX-008435,ASM-008435,PROP-02812,CTY-040,2025,3920,2025-11-01,2025-10-17,paid
TAX-008436,ASM-008436,PROP-02812,CTY-040,2026,4201,2026-11-01,,outstanding
TAX-008437,ASM-008437,PROP-02813,CTY-040,2024,4144,2024-11-01,2024-10-22,paid
TAX-008438,ASM-008438,PROP-02813,CTY-040,2025,4444,2025-11-01,2025-09-22,paid
TAX-008439,ASM-008439,PROP-02813,CTY-040,2026,4847,2026-11-01,,outstanding
TAX-008440,ASM-008440,PROP-02814,CTY-040,2024,4081,2024-11-01,2024-10-24,paid
TAX-008441,ASM-008441,PROP-02814,CTY-040,2025,4389,2025-11-01,2025-10-06,paid
TAX-008442,ASM-008442,PROP-02814,CTY-040,2026,4572,2026-11-01,,outstanding
TAX-008443,ASM-008443,PROP-02815,CTY-040,2024,3680,2024-11-01,2024-10-14,paid
TAX-008444,ASM-008444,PROP-02815,CTY-040,2025,3875,2025-11-01,2025-10-30,paid
TAX-008445,ASM-008445,PROP-02815,CTY-040,2026,4090,2026-11-01,,outstanding
TAX-008446,ASM-008446,PROP-02816,CTY-040,2024,4397,2024-11-01,2024-10-01,paid
TAX-008447,ASM-008447,PROP-02816,CTY-040,2025,4720,2025-11-01,2025-10-25,paid
TAX-008448,ASM-008448,PROP-02816,CTY-040,2026,5168,2026-11-01,,outstanding
TAX-008449,ASM-008449,PROP-02817,CTY-040,2024,4292,2024-11-01,2024-10-30,paid
TAX-008450,ASM-008450,PROP-02817,CTY-040,2025,4568,2025-11-01,2025-10-28,paid
TAX-008451,ASM-008451,PROP-02817,CTY-040,2026,4935,2026-11-01,,outstanding
TAX-008452,ASM-008452,PROP-02818,CTY-040,2024,4227,2024-11-01,2024-09-22,paid
TAX-008453,ASM-008453,PROP-02818,CTY-040,2025,4439,2025-11-01,2025-10-25,paid
TAX-008454,ASM-008454,PROP-02818,CTY-040,2026,4713,2026-11-01,,outstanding
TAX-008455,ASM-008455,PROP-02819,CTY-039,2024,4245,2024-11-01,2024-10-22,paid
TAX-008456,ASM-008456,PROP-02819,CTY-039,2025,4481,2025-11-01,2025-10-14,paid
TAX-008457,ASM-008457,PROP-02819,CTY-039,2026,4666,2026-11-01,,outstanding
TAX-008458,ASM-008458,PROP-02820,CTY-039,2024,4665,2024-11-01,2024-10-02,paid
TAX-008459,ASM-008459,PROP-02820,CTY-039,2025,4913,2025-11-01,2025-10-13,paid
TAX-008460,ASM-008460,PROP-02820,CTY-039,2026,5115,2026-11-01,,outstanding
TAX-008461,ASM-008461,PROP-02821,CTY-039,2024,4411,2024-11-01,2024-10-30,paid
TAX-008462,ASM-008462,PROP-02821,CTY-039,2025,4639,2025-11-01,2025-10-22,paid
TAX-008463,ASM-008463,PROP-02821,CTY-039,2026,4875,2026-11-01,,outstanding
TAX-008464,ASM-008464,PROP-02822,CTY-039,2024,4398,2024-11-01,2024-10-06,paid
TAX-008465,ASM-008465,PROP-02822,CTY-039,2025,4564,2025-11-01,2025-10-14,paid
TAX-008466,ASM-008466,PROP-02822,CTY-039,2026,4907,2026-11-01,,outstanding
TAX-008467,ASM-008467,PROP-02823,CTY-039,2024,4278,2024-11-01,2024-10-26,paid
TAX-008468,ASM-008468,PROP-02823,CTY-039,2025,4428,2025-11-01,2025-10-13,paid
TAX-008469,ASM-008469,PROP-02823,CTY-039,2026,4615,2026-11-01,,outstanding
TAX-008470,ASM-008470,PROP-02824,CTY-039,2024,4135,2024-11-01,2024-10-29,paid
TAX-008471,ASM-008471,PROP-02824,CTY-039,2025,4306,2025-11-01,2025-10-06,paid
TAX-008472,ASM-008472,PROP-02824,CTY-039,2026,4469,2026-11-01,,outstanding
TAX-008473,ASM-008473,PROP-02825,CTY-039,2024,5190,2024-11-01,2024-09-28,paid
TAX-008474,ASM-008474,PROP-02825,CTY-039,2025,5508,2025-11-01,2025-10-20,paid
TAX-008475,ASM-008475,PROP-02825,CTY-039,2026,5810,2026-11-01,,outstanding
TAX-008476,ASM-008476,PROP-02826,CTY-039,2024,4768,2024-11-01,2024-10-25,paid
TAX-008477,ASM-008477,PROP-02826,CTY-039,2025,4931,2025-11-01,2025-10-10,paid
TAX-008478,ASM-008478,PROP-02826,CTY-039,2026,5108,2026-11-01,,outstanding
TAX-008479,ASM-008479,PROP-02827,CTY-039,2024,4143,2024-11-01,2024-10-23,paid
TAX-008480,ASM-008480,PROP-02827,CTY-039,2025,4365,2025-11-01,2025-10-26,paid
TAX-008481,ASM-008481,PROP-02827,CTY-039,2026,4528,2026-11-01,,outstanding
TAX-008482,ASM-008482,PROP-02828,CTY-039,2024,5501,2024-11-01,2024-11-01,paid
TAX-008483,ASM-008483,PROP-02828,CTY-039,2025,5940,2025-11-01,2025-10-19,paid
TAX-008484,ASM-008484,PROP-02828,CTY-039,2026,6331,2026-11-01,,outstanding
TAX-008485,ASM-008485,PROP-02829,CTY-039,2024,4245,2024-11-01,2024-10-05,paid
TAX-008486,ASM-008486,PROP-02829,CTY-039,2025,4483,2025-11-01,2025-10-05,paid
TAX-008487,ASM-008487,PROP-02829,CTY-039,2026,4692,2026-11-01,,outstanding
TAX-008488,ASM-008488,PROP-02830,CTY-039,2024,4769,2024-11-01,2024-09-26,paid
TAX-008489,ASM-008489,PROP-02830,CTY-039,2025,5106,2025-11-01,2025-10-26,paid
TAX-008490,ASM-008490,PROP-02830,CTY-039,2026,5286,2026-11-01,,outstanding
TAX-008491,ASM-008491,PROP-02831,CTY-039,2024,4954,2024-11-01,2024-10-16,paid
TAX-008492,ASM-008492,PROP-02831,CTY-039,2025,5316,2025-11-01,2025-10-24,paid
TAX-008493,ASM-008493,PROP-02831,CTY-039,2026,5496,2026-11-01,,outstanding
TAX-008494,ASM-008494,PROP-02832,CTY-039,2024,3304,2024-11-01,2024-10-05,paid
TAX-008495,ASM-008495,PROP-02832,CTY-039,2025,3494,2025-11-01,2025-10-31,paid
TAX-008496,ASM-008496,PROP-02832,CTY-039,2026,3776,2026-11-01,,outstanding
TAX-008497,ASM-008497,PROP-02833,CTY-039,2024,3903,2024-11-01,2024-10-24,paid
TAX-008498,ASM-008498,PROP-02833,CTY-039,2025,4155,2025-11-01,2025-10-11,paid
TAX-008499,ASM-008499,PROP-02833,CTY-039,2026,4491,2026-11-01,,outstanding
TAX-008500,ASM-008500,PROP-02834,CTY-039,2024,5709,2024-11-01,2024-10-31,paid
TAX-008501,ASM-008501,PROP-02834,CTY-039,2025,6152,2025-11-01,2025-10-02,paid
TAX-008502,ASM-008502,PROP-02834,CTY-039,2026,6619,2026-11-01,,outstanding
TAX-008503,ASM-008503,PROP-02835,CTY-039,2024,4628,2024-11-01,2024-10-26,paid
TAX-008504,ASM-008504,PROP-02835,CTY-039,2025,4885,2025-11-01,2025-09-22,paid
TAX-008505,ASM-008505,PROP-02835,CTY-039,2026,5087,2026-11-01,,outstanding
TAX-008506,ASM-008506,PROP-02836,CTY-039,2024,5260,2024-11-01,2024-10-05,paid
TAX-008507,ASM-008507,PROP-02836,CTY-039,2025,5450,2025-11-01,2025-10-30,paid
TAX-008508,ASM-008508,PROP-02836,CTY-039,2026,5858,2026-11-01,,outstanding
TAX-008509,ASM-008509,PROP-02837,CTY-039,2024,5612,2024-11-01,2024-10-02,paid
TAX-008510,ASM-008510,PROP-02837,CTY-039,2025,5890,2025-11-01,2025-10-21,paid
TAX-008511,ASM-008511,PROP-02837,CTY-039,2026,6174,2026-11-01,,outstanding
TAX-008512,ASM-008512,PROP-02838,CTY-039,2024,4463,2024-11-01,2024-10-05,paid
TAX-008513,ASM-008513,PROP-02838,CTY-039,2025,4659,2025-11-01,2025-10-30,paid
TAX-008514,ASM-008514,PROP-02838,CTY-039,2026,4865,2026-11-01,,outstanding
TAX-008515,ASM-008515,PROP-02839,CTY-039,2024,5044,2024-11-01,2024-10-13,paid
TAX-008516,ASM-008516,PROP-02839,CTY-039,2025,5221,2025-11-01,2025-10-20,paid
TAX-008517,ASM-008517,PROP-02839,CTY-039,2026,5625,2026-11-01,,outstanding
TAX-008518,ASM-008518,PROP-02840,CTY-039,2024,4357,2024-11-01,2024-09-30,paid
TAX-008519,ASM-008519,PROP-02840,CTY-039,2025,4691,2025-11-01,2025-10-18,paid
TAX-008520,ASM-008520,PROP-02840,CTY-039,2026,5052,2026-11-01,,outstanding
TAX-008521,ASM-008521,PROP-02841,CTY-039,2024,3891,2024-11-01,2024-10-27,paid
TAX-008522,ASM-008522,PROP-02841,CTY-039,2025,4170,2025-11-01,2025-10-27,paid
TAX-008523,ASM-008523,PROP-02841,CTY-039,2026,4430,2026-11-01,,outstanding
TAX-008524,ASM-008524,PROP-02842,CTY-039,2024,6144,2024-11-01,2024-10-19,paid
TAX-008525,ASM-008525,PROP-02842,CTY-039,2025,6493,2025-11-01,2025-10-05,paid
TAX-008526,ASM-008526,PROP-02842,CTY-039,2026,6756,2026-11-01,,outstanding
TAX-008527,ASM-008527,PROP-02843,CTY-039,2024,4732,2024-11-01,2024-10-17,paid
TAX-008528,ASM-008528,PROP-02843,CTY-039,2025,5060,2025-11-01,2025-10-27,paid
TAX-008529,ASM-008529,PROP-02843,CTY-039,2026,5450,2026-11-01,,outstanding
TAX-008530,ASM-008530,PROP-02844,CTY-039,2024,5437,2024-11-01,2024-10-23,paid
TAX-008531,ASM-008531,PROP-02844,CTY-039,2025,5624,2025-11-01,2025-10-05,paid
TAX-008532,ASM-008532,PROP-02844,CTY-039,2026,5879,2026-11-01,,outstanding
TAX-008533,ASM-008533,PROP-02845,CTY-039,2024,6225,2024-11-01,2024-10-26,paid
TAX-008534,ASM-008534,PROP-02845,CTY-039,2025,6586,2025-11-01,2025-10-20,paid
TAX-008535,ASM-008535,PROP-02845,CTY-039,2026,6825,2026-11-01,,outstanding
TAX-008536,ASM-008536,PROP-02846,CTY-039,2024,5729,2024-11-01,2024-10-04,paid
TAX-008537,ASM-008537,PROP-02846,CTY-039,2025,6121,2025-11-01,2025-09-28,paid
TAX-008538,ASM-008538,PROP-02846,CTY-039,2026,6404,2026-11-01,,outstanding
TAX-008539,ASM-008539,PROP-02847,CTY-039,2024,4446,2024-11-01,2024-10-11,paid
TAX-008540,ASM-008540,PROP-02847,CTY-039,2025,4667,2025-11-01,2025-10-15,paid
TAX-008541,ASM-008541,PROP-02847,CTY-039,2026,4926,2026-11-01,,outstanding
TAX-008542,ASM-008542,PROP-02848,CTY-039,2024,5341,2024-11-01,2024-10-16,paid
TAX-008543,ASM-008543,PROP-02848,CTY-039,2025,5612,2025-11-01,2025-09-27,paid
TAX-008544,ASM-008544,PROP-02848,CTY-039,2026,5884,2026-11-01,,outstanding
TAX-008545,ASM-008545,PROP-02849,CTY-039,2024,3506,2024-11-01,2024-10-23,paid
TAX-008546,ASM-008546,PROP-02849,CTY-039,2025,3722,2025-11-01,2025-10-17,paid
TAX-008547,ASM-008547,PROP-02849,CTY-039,2026,4002,2026-11-01,,outstanding
TAX-008548,ASM-008548,PROP-02850,CTY-039,2024,4406,2024-11-01,2024-10-07,paid
TAX-008549,ASM-008549,PROP-02850,CTY-039,2025,4707,2025-11-01,2025-10-08,paid
TAX-008550,ASM-008550,PROP-02850,CTY-039,2026,5002,2026-11-01,,outstanding
TAX-008551,ASM-008551,PROP-02851,CTY-039,2024,4048,2024-11-01,2024-09-26,paid
TAX-008552,ASM-008552,PROP-02851,CTY-039,2025,4255,2025-11-01,2025-10-29,paid
TAX-008553,ASM-008553,PROP-02851,CTY-039,2026,4434,2026-11-01,,outstanding
TAX-008554,ASM-008554,PROP-02852,CTY-039,2024,4823,2024-11-01,2024-10-20,paid
TAX-008555,ASM-008555,PROP-02852,CTY-039,2025,5027,2025-11-01,2025-10-25,paid
TAX-008556,ASM-008556,PROP-02852,CTY-039,2026,5410,2026-11-01,,outstanding
TAX-008557,ASM-008557,PROP-02853,CTY-039,2024,4571,2024-11-01,2024-09-30,paid
TAX-008558,ASM-008558,PROP-02853,CTY-039,2025,4878,2025-11-01,2025-10-27,paid
TAX-008559,ASM-008559,PROP-02853,CTY-039,2026,5058,2026-11-01,,outstanding
TAX-008560,ASM-008560,PROP-02854,CTY-039,2024,4821,2024-11-01,2024-10-02,paid
TAX-008561,ASM-008561,PROP-02854,CTY-039,2025,5008,2025-11-01,2025-10-14,paid
TAX-008562,ASM-008562,PROP-02854,CTY-039,2026,5281,2026-11-01,,outstanding
TAX-008563,ASM-008563,PROP-02855,CTY-041,2024,4847,2024-11-01,2024-10-23,paid
TAX-008564,ASM-008564,PROP-02855,CTY-041,2025,5231,2025-11-01,2025-10-02,paid
TAX-008565,ASM-008565,PROP-02855,CTY-041,2026,5454,2026-11-01,,outstanding
TAX-008566,ASM-008566,PROP-02856,CTY-041,2024,5699,2024-11-01,2024-10-21,paid
TAX-008567,ASM-008567,PROP-02856,CTY-041,2025,6094,2025-11-01,2025-11-01,paid
TAX-008568,ASM-008568,PROP-02856,CTY-041,2026,6375,2026-11-01,,outstanding
TAX-008569,ASM-008569,PROP-02857,CTY-041,2024,5704,2024-11-01,2024-09-28,paid
TAX-008570,ASM-008570,PROP-02857,CTY-041,2025,5948,2025-11-01,2025-09-28,paid
TAX-008571,ASM-008571,PROP-02857,CTY-041,2026,6465,2026-11-01,,outstanding
TAX-008572,ASM-008572,PROP-02858,CTY-041,2024,5876,2024-11-01,2024-09-25,paid
TAX-008573,ASM-008573,PROP-02858,CTY-041,2025,6142,2025-11-01,2025-10-11,paid
TAX-008574,ASM-008574,PROP-02858,CTY-041,2026,6547,2026-11-01,,outstanding
TAX-008575,ASM-008575,PROP-02859,CTY-041,2024,5219,2024-11-01,2024-10-28,paid
TAX-008576,ASM-008576,PROP-02859,CTY-041,2025,5639,2025-11-01,2025-10-18,paid
TAX-008577,ASM-008577,PROP-02859,CTY-041,2026,5890,2026-11-01,,outstanding
TAX-008578,ASM-008578,PROP-02860,CTY-041,2024,5283,2024-11-01,2024-10-27,paid
TAX-008579,ASM-008579,PROP-02860,CTY-041,2025,5770,2025-11-01,2025-09-29,paid
TAX-008580,ASM-008580,PROP-02860,CTY-041,2026,6280,2026-11-01,,outstanding
TAX-008581,ASM-008581,PROP-02861,CTY-041,2024,4703,2024-11-01,2024-10-16,paid
TAX-008582,ASM-008582,PROP-02861,CTY-041,2025,5135,2025-11-01,2025-10-31,paid
TAX-008583,ASM-008583,PROP-02861,CTY-041,2026,5503,2026-11-01,,outstanding
TAX-008584,ASM-008584,PROP-02862,CTY-041,2024,6074,2024-11-01,2024-09-27,paid
TAX-008585,ASM-008585,PROP-02862,CTY-041,2025,6375,2025-11-01,2025-10-02,paid
TAX-008586,ASM-008586,PROP-02862,CTY-041,2026,7004,2026-11-01,,outstanding
TAX-008587,ASM-008587,PROP-02863,CTY-041,2024,4460,2024-11-01,2024-09-26,paid
TAX-008588,ASM-008588,PROP-02863,CTY-041,2025,4734,2025-11-01,2025-10-16,paid
TAX-008589,ASM-008589,PROP-02863,CTY-041,2026,4958,2026-11-01,,outstanding
TAX-008590,ASM-008590,PROP-02864,CTY-041,2024,4984,2024-11-01,2024-10-28,paid
TAX-008591,ASM-008591,PROP-02864,CTY-041,2025,5314,2025-11-01,2025-10-03,paid
TAX-008592,ASM-008592,PROP-02864,CTY-041,2026,5600,2026-11-01,,outstanding
TAX-008593,ASM-008593,PROP-02865,CTY-041,2024,4887,2024-11-01,2024-10-18,paid
TAX-008594,ASM-008594,PROP-02865,CTY-041,2025,5230,2025-11-01,2025-10-09,paid
TAX-008595,ASM-008595,PROP-02865,CTY-041,2026,5723,2026-11-01,,outstanding
TAX-008596,ASM-008596,PROP-02866,CTY-041,2024,4417,2024-11-01,2024-09-28,paid
TAX-008597,ASM-008597,PROP-02866,CTY-041,2025,4747,2025-11-01,2025-10-12,paid
TAX-008598,ASM-008598,PROP-02866,CTY-041,2026,5145,2026-11-01,,outstanding
TAX-008599,ASM-008599,PROP-02867,CTY-041,2024,5739,2024-11-01,2024-10-29,paid
TAX-008600,ASM-008600,PROP-02867,CTY-041,2025,6206,2025-11-01,2025-09-25,paid
TAX-008601,ASM-008601,PROP-02867,CTY-041,2026,6818,2026-11-01,,outstanding
TAX-008602,ASM-008602,PROP-02868,CTY-041,2024,4415,2024-11-01,2024-10-31,paid
TAX-008603,ASM-008603,PROP-02868,CTY-041,2025,4643,2025-11-01,2025-11-01,paid
TAX-008604,ASM-008604,PROP-02868,CTY-041,2026,4906,2026-11-01,,outstanding
TAX-008605,ASM-008605,PROP-02869,CTY-041,2024,5692,2024-11-01,2024-09-30,paid
TAX-008606,ASM-008606,PROP-02869,CTY-041,2025,6189,2025-11-01,2025-10-19,paid
TAX-008607,ASM-008607,PROP-02869,CTY-041,2026,6562,2026-11-01,,outstanding
TAX-008608,ASM-008608,PROP-02870,CTY-041,2024,4915,2024-11-01,2024-10-30,paid
TAX-008609,ASM-008609,PROP-02870,CTY-041,2025,5132,2025-11-01,2025-10-13,paid
TAX-008610,ASM-008610,PROP-02870,CTY-041,2026,5500,2026-11-01,,outstanding
TAX-008611,ASM-008611,PROP-02871,CTY-041,2024,6365,2024-11-01,2024-10-10,paid
TAX-008612,ASM-008612,PROP-02871,CTY-041,2025,6800,2025-11-01,2025-10-19,paid
TAX-008613,ASM-008613,PROP-02871,CTY-041,2026,7253,2026-11-01,,outstanding
TAX-008614,ASM-008614,PROP-02872,CTY-041,2024,4886,2024-11-01,2024-10-03,paid
TAX-008615,ASM-008615,PROP-02872,CTY-041,2025,5129,2025-11-01,2025-09-26,paid
TAX-008616,ASM-008616,PROP-02872,CTY-041,2026,5457,2026-11-01,,outstanding
TAX-008617,ASM-008617,PROP-02873,CTY-041,2024,4434,2024-11-01,2024-09-26,paid
TAX-008618,ASM-008618,PROP-02873,CTY-041,2025,4878,2025-11-01,2025-10-02,paid
TAX-008619,ASM-008619,PROP-02873,CTY-041,2026,5332,2026-11-01,,outstanding
TAX-008620,ASM-008620,PROP-02874,CTY-041,2024,4935,2024-11-01,2024-09-25,paid
TAX-008621,ASM-008621,PROP-02874,CTY-041,2025,5420,2025-11-01,2025-10-22,paid
TAX-008622,ASM-008622,PROP-02874,CTY-041,2026,5930,2026-11-01,,outstanding
TAX-008623,ASM-008623,PROP-02875,CTY-041,2024,4592,2024-11-01,2024-10-18,paid
TAX-008624,ASM-008624,PROP-02875,CTY-041,2025,4895,2025-11-01,2025-10-07,paid
TAX-008625,ASM-008625,PROP-02875,CTY-041,2026,5116,2026-11-01,,outstanding
TAX-008626,ASM-008626,PROP-02876,CTY-041,2024,5384,2024-11-01,2024-10-19,paid
TAX-008627,ASM-008627,PROP-02876,CTY-041,2025,5763,2025-11-01,2025-09-22,paid
TAX-008628,ASM-008628,PROP-02876,CTY-041,2026,6214,2026-11-01,,outstanding
TAX-008629,ASM-008629,PROP-02877,CTY-041,2024,5189,2024-11-01,2024-09-26,paid
TAX-008630,ASM-008630,PROP-02877,CTY-041,2025,5551,2025-11-01,2025-10-10,paid
TAX-008631,ASM-008631,PROP-02877,CTY-041,2026,5925,2026-11-01,,outstanding
TAX-008632,ASM-008632,PROP-02878,CTY-041,2024,5854,2024-11-01,2024-10-08,paid
TAX-008633,ASM-008633,PROP-02878,CTY-041,2025,6429,2025-11-01,2025-09-22,paid
TAX-008634,ASM-008634,PROP-02878,CTY-041,2026,6954,2026-11-01,,outstanding
TAX-008635,ASM-008635,PROP-02879,CTY-041,2024,5131,2024-11-01,2024-10-28,paid
TAX-008636,ASM-008636,PROP-02879,CTY-041,2025,5488,2025-11-01,2025-10-19,paid
TAX-008637,ASM-008637,PROP-02879,CTY-041,2026,5991,2026-11-01,,outstanding
TAX-008638,ASM-008638,PROP-02880,CTY-041,2024,6533,2024-11-01,2024-11-01,paid
TAX-008639,ASM-008639,PROP-02880,CTY-041,2025,6999,2025-11-01,2025-10-21,paid
TAX-008640,ASM-008640,PROP-02880,CTY-041,2026,7514,2026-11-01,,outstanding
TAX-008641,ASM-008641,PROP-02881,CTY-041,2024,4514,2024-11-01,2024-09-23,paid
TAX-008642,ASM-008642,PROP-02881,CTY-041,2025,4909,2025-11-01,2025-10-08,paid
TAX-008643,ASM-008643,PROP-02881,CTY-041,2026,5282,2026-11-01,,outstanding
TAX-008644,ASM-008644,PROP-02882,CTY-041,2024,4509,2024-11-01,2024-10-19,paid
TAX-008645,ASM-008645,PROP-02882,CTY-041,2025,4753,2025-11-01,2025-09-27,paid
TAX-008646,ASM-008646,PROP-02882,CTY-041,2026,5116,2026-11-01,,outstanding
TAX-008647,ASM-008647,PROP-02883,CTY-041,2024,5607,2024-11-01,2024-09-22,paid
TAX-008648,ASM-008648,PROP-02883,CTY-041,2025,6081,2025-11-01,2025-10-09,paid
TAX-008649,ASM-008649,PROP-02883,CTY-041,2026,6607,2026-11-01,,outstanding
TAX-008650,ASM-008650,PROP-02884,CTY-041,2024,5372,2024-11-01,2024-10-10,paid
TAX-008651,ASM-008651,PROP-02884,CTY-041,2025,5589,2025-11-01,2025-10-11,paid
TAX-008652,ASM-008652,PROP-02884,CTY-041,2026,6067,2026-11-01,,outstanding
TAX-008653,ASM-008653,PROP-02885,CTY-041,2024,5939,2024-11-01,2024-10-27,paid
TAX-008654,ASM-008654,PROP-02885,CTY-041,2025,6386,2025-11-01,2025-10-28,paid
TAX-008655,ASM-008655,PROP-02885,CTY-041,2026,6735,2026-11-01,,outstanding
TAX-008656,ASM-008656,PROP-02886,CTY-041,2024,4416,2024-11-01,2024-10-06,paid
TAX-008657,ASM-008657,PROP-02886,CTY-041,2025,4778,2025-11-01,2025-10-26,paid
TAX-008658,ASM-008658,PROP-02886,CTY-041,2026,5049,2026-11-01,,outstanding
TAX-008659,ASM-008659,PROP-02887,CTY-041,2024,5667,2024-11-01,2024-10-21,paid
TAX-008660,ASM-008660,PROP-02887,CTY-041,2025,6015,2025-11-01,2025-09-23,paid
TAX-008661,ASM-008661,PROP-02887,CTY-041,2026,6398,2026-11-01,,outstanding
TAX-008662,ASM-008662,PROP-02888,CTY-041,2024,5515,2024-11-01,2024-09-24,paid
TAX-008663,ASM-008663,PROP-02888,CTY-041,2025,6008,2025-11-01,2025-10-19,paid
TAX-008664,ASM-008664,PROP-02888,CTY-041,2026,6265,2026-11-01,,outstanding
TAX-008665,ASM-008665,PROP-02889,CTY-041,2024,5486,2024-11-01,2024-10-01,paid
TAX-008666,ASM-008666,PROP-02889,CTY-041,2025,5834,2025-11-01,2025-10-14,paid
TAX-008667,ASM-008667,PROP-02889,CTY-041,2026,6110,2026-11-01,,outstanding
TAX-008668,ASM-008668,PROP-02890,CTY-041,2024,4871,2024-11-01,2024-10-30,paid
TAX-008669,ASM-008669,PROP-02890,CTY-041,2025,5260,2025-11-01,2025-09-25,paid
TAX-008670,ASM-008670,PROP-02890,CTY-041,2026,5527,2026-11-01,,outstanding
TAX-008671,ASM-008671,PROP-02891,CTY-041,2024,4762,2024-11-01,2024-10-30,paid
TAX-008672,ASM-008672,PROP-02891,CTY-041,2025,5083,2025-11-01,2025-09-24,paid
TAX-008673,ASM-008673,PROP-02891,CTY-041,2026,5299,2026-11-01,,outstanding
TAX-008674,ASM-008674,PROP-02892,CTY-041,2024,5229,2024-11-01,2024-11-01,paid
TAX-008675,ASM-008675,PROP-02892,CTY-041,2025,5564,2025-11-01,2025-10-22,paid
TAX-008676,ASM-008676,PROP-02892,CTY-041,2026,5812,2026-11-01,,outstanding
TAX-008677,ASM-008677,PROP-02893,CTY-041,2024,4523,2024-11-01,2024-09-30,paid
TAX-008678,ASM-008678,PROP-02893,CTY-041,2025,4803,2025-11-01,2025-10-24,paid
TAX-008679,ASM-008679,PROP-02893,CTY-041,2026,5185,2026-11-01,,outstanding
TAX-008680,ASM-008680,PROP-02894,CTY-041,2024,4700,2024-11-01,2024-10-21,paid
TAX-008681,ASM-008681,PROP-02894,CTY-041,2025,5022,2025-11-01,2025-10-21,paid
TAX-008682,ASM-008682,PROP-02894,CTY-041,2026,5250,2026-11-01,,outstanding
TAX-008683,ASM-008683,PROP-02895,CTY-041,2024,6139,2024-11-01,2024-10-08,paid
TAX-008684,ASM-008684,PROP-02895,CTY-041,2025,6668,2025-11-01,2025-09-22,paid
TAX-008685,ASM-008685,PROP-02895,CTY-041,2026,6995,2026-11-01,,outstanding
TAX-008686,ASM-008686,PROP-02896,CTY-041,2024,4883,2024-11-01,2024-10-19,paid
TAX-008687,ASM-008687,PROP-02896,CTY-041,2025,5107,2025-11-01,2025-10-11,paid
TAX-008688,ASM-008688,PROP-02896,CTY-041,2026,5578,2026-11-01,,outstanding
TAX-008689,ASM-008689,PROP-02897,CTY-041,2024,5911,2024-11-01,2024-10-15,paid
TAX-008690,ASM-008690,PROP-02897,CTY-041,2025,6375,2025-11-01,2025-09-30,paid
TAX-008691,ASM-008691,PROP-02897,CTY-041,2026,6725,2026-11-01,,outstanding
TAX-008692,ASM-008692,PROP-02898,CTY-041,2024,5860,2024-11-01,2024-10-01,paid
TAX-008693,ASM-008693,PROP-02898,CTY-041,2025,6359,2025-11-01,2025-09-23,paid
TAX-008694,ASM-008694,PROP-02898,CTY-041,2026,6920,2026-11-01,,outstanding
TAX-008695,ASM-008695,PROP-02899,CTY-041,2024,6186,2024-11-01,2024-10-10,paid
TAX-008696,ASM-008696,PROP-02899,CTY-041,2025,6543,2025-11-01,2025-10-27,paid
TAX-008697,ASM-008697,PROP-02899,CTY-041,2026,6925,2026-11-01,,outstanding
TAX-008698,ASM-008698,PROP-02900,CTY-041,2024,4922,2024-11-01,2024-10-21,paid
TAX-008699,ASM-008699,PROP-02900,CTY-041,2025,5363,2025-11-01,2025-09-22,paid
TAX-008700,ASM-008700,PROP-02900,CTY-041,2026,5814,2026-11-01,,outstanding
TAX-008701,ASM-008701,PROP-02901,CTY-041,2024,5098,2024-11-01,2024-10-25,paid
TAX-008702,ASM-008702,PROP-02901,CTY-041,2025,5423,2025-11-01,2025-09-22,paid
TAX-008703,ASM-008703,PROP-02901,CTY-041,2026,5740,2026-11-01,,outstanding
TAX-008704,ASM-008704,PROP-02902,CTY-041,2024,5765,2024-11-01,2024-10-24,paid
TAX-008705,ASM-008705,PROP-02902,CTY-041,2025,6098,2025-11-01,2025-10-04,paid
TAX-008706,ASM-008706,PROP-02902,CTY-041,2026,6673,2026-11-01,,outstanding
TAX-008707,ASM-008707,PROP-02903,CTY-041,2024,4964,2024-11-01,2024-09-24,paid
TAX-008708,ASM-008708,PROP-02903,CTY-041,2025,5437,2025-11-01,2025-10-26,paid
TAX-008709,ASM-008709,PROP-02903,CTY-041,2026,5748,2026-11-01,,outstanding
TAX-008710,ASM-008710,PROP-02904,CTY-041,2024,6822,2024-11-01,2024-10-16,paid
TAX-008711,ASM-008711,PROP-02904,CTY-041,2025,7146,2025-11-01,2025-10-28,paid
TAX-008712,ASM-008712,PROP-02904,CTY-041,2026,7786,2026-11-01,,outstanding
TAX-008713,ASM-008713,PROP-02905,CTY-041,2024,5449,2024-11-01,2024-09-27,paid
TAX-008714,ASM-008714,PROP-02905,CTY-041,2025,5789,2025-11-01,2025-09-30,paid
TAX-008715,ASM-008715,PROP-02905,CTY-041,2026,6328,2026-11-01,,outstanding
TAX-008716,ASM-008716,PROP-02906,CTY-041,2024,5221,2024-11-01,2024-09-28,paid
TAX-008717,ASM-008717,PROP-02906,CTY-041,2025,5508,2025-11-01,2025-10-27,paid
TAX-008718,ASM-008718,PROP-02906,CTY-041,2026,5877,2026-11-01,,outstanding
TAX-008719,ASM-008719,PROP-02907,CTY-041,2024,5594,2024-11-01,2024-10-21,paid
TAX-008720,ASM-008720,PROP-02907,CTY-041,2025,5930,2025-11-01,2025-10-14,paid
TAX-008721,ASM-008721,PROP-02907,CTY-041,2026,6362,2026-11-01,,outstanding
TAX-008722,ASM-008722,PROP-02908,CTY-039,2024,3603,2024-11-01,2024-09-24,paid
TAX-008723,ASM-008723,PROP-02908,CTY-039,2025,3729,2025-11-01,2025-10-11,paid
TAX-008724,ASM-008724,PROP-02908,CTY-039,2026,3961,2026-11-01,,outstanding
TAX-008725,ASM-008725,PROP-02909,CTY-039,2024,3829,2024-11-01,2024-09-30,paid
TAX-008726,ASM-008726,PROP-02909,CTY-039,2025,4053,2025-11-01,2025-10-12,paid
TAX-008727,ASM-008727,PROP-02909,CTY-039,2026,4265,2026-11-01,,outstanding
TAX-008728,ASM-008728,PROP-02910,CTY-039,2024,3643,2024-11-01,2024-10-05,paid
TAX-008729,ASM-008729,PROP-02910,CTY-039,2025,3872,2025-11-01,2025-10-02,paid
TAX-008730,ASM-008730,PROP-02910,CTY-039,2026,4004,2026-11-01,,outstanding
TAX-008731,ASM-008731,PROP-02911,CTY-039,2024,3625,2024-11-01,2024-10-22,paid
TAX-008732,ASM-008732,PROP-02911,CTY-039,2025,3833,2025-11-01,2025-10-23,paid
TAX-008733,ASM-008733,PROP-02911,CTY-039,2026,3995,2026-11-01,,outstanding
TAX-008734,ASM-008734,PROP-02912,CTY-039,2024,3914,2024-11-01,2024-10-12,paid
TAX-008735,ASM-008735,PROP-02912,CTY-039,2025,4210,2025-11-01,2025-09-27,paid
TAX-008736,ASM-008736,PROP-02912,CTY-039,2026,4395,2026-11-01,,outstanding
TAX-008737,ASM-008737,PROP-02913,CTY-039,2024,3248,2024-11-01,2024-09-28,paid
TAX-008738,ASM-008738,PROP-02913,CTY-039,2025,3388,2025-11-01,2025-10-03,paid
TAX-008739,ASM-008739,PROP-02913,CTY-039,2026,3567,2026-11-01,,outstanding
TAX-008740,ASM-008740,PROP-02914,CTY-039,2024,3483,2024-11-01,2024-10-19,paid
TAX-008741,ASM-008741,PROP-02914,CTY-039,2025,3618,2025-11-01,2025-10-17,paid
TAX-008742,ASM-008742,PROP-02914,CTY-039,2026,3830,2026-11-01,,outstanding
TAX-008743,ASM-008743,PROP-02915,CTY-039,2024,3321,2024-11-01,2024-10-22,paid
TAX-008744,ASM-008744,PROP-02915,CTY-039,2025,3475,2025-11-01,2025-09-30,paid
TAX-008745,ASM-008745,PROP-02915,CTY-039,2026,3732,2026-11-01,,outstanding
TAX-008746,ASM-008746,PROP-02916,CTY-039,2024,3805,2024-11-01,2024-10-15,paid
TAX-008747,ASM-008747,PROP-02916,CTY-039,2025,4050,2025-11-01,2025-10-07,paid
TAX-008748,ASM-008748,PROP-02916,CTY-039,2026,4376,2026-11-01,,outstanding
TAX-008749,ASM-008749,PROP-02917,CTY-039,2024,3534,2024-11-01,2024-10-12,paid
TAX-008750,ASM-008750,PROP-02917,CTY-039,2025,3768,2025-11-01,2025-10-02,paid
TAX-008751,ASM-008751,PROP-02917,CTY-039,2026,3975,2026-11-01,,outstanding
TAX-008752,ASM-008752,PROP-02918,CTY-039,2024,4063,2024-11-01,2024-10-18,paid
TAX-008753,ASM-008753,PROP-02918,CTY-039,2025,4255,2025-11-01,2025-10-18,paid
TAX-008754,ASM-008754,PROP-02918,CTY-039,2026,4564,2026-11-01,,outstanding
TAX-008755,ASM-008755,PROP-02919,CTY-039,2024,3144,2024-11-01,2024-10-02,paid
TAX-008756,ASM-008756,PROP-02919,CTY-039,2025,3275,2025-11-01,2025-10-20,paid
TAX-008757,ASM-008757,PROP-02919,CTY-039,2026,3418,2026-11-01,,outstanding
TAX-008758,ASM-008758,PROP-02920,CTY-039,2024,4039,2024-11-01,2024-10-01,paid
TAX-008759,ASM-008759,PROP-02920,CTY-039,2025,4335,2025-11-01,2025-10-03,paid
TAX-008760,ASM-008760,PROP-02920,CTY-039,2026,4595,2026-11-01,,outstanding
TAX-008761,ASM-008761,PROP-02921,CTY-039,2024,3962,2024-11-01,2024-10-04,paid
TAX-008762,ASM-008762,PROP-02921,CTY-039,2025,4136,2025-11-01,2025-10-30,paid
TAX-008763,ASM-008763,PROP-02921,CTY-039,2026,4410,2026-11-01,,outstanding
TAX-008764,ASM-008764,PROP-02922,CTY-039,2024,3751,2024-11-01,2024-10-11,paid
TAX-008765,ASM-008765,PROP-02922,CTY-039,2025,3895,2025-11-01,2025-09-30,paid
TAX-008766,ASM-008766,PROP-02922,CTY-039,2026,4069,2026-11-01,,outstanding
TAX-008767,ASM-008767,PROP-02923,CTY-039,2024,3887,2024-11-01,2024-10-17,paid
TAX-008768,ASM-008768,PROP-02923,CTY-039,2025,4112,2025-11-01,2025-10-29,paid
TAX-008769,ASM-008769,PROP-02923,CTY-039,2026,4254,2026-11-01,,outstanding
TAX-008770,ASM-008770,PROP-02924,CTY-039,2024,4039,2024-11-01,2024-10-19,paid
TAX-008771,ASM-008771,PROP-02924,CTY-039,2025,4176,2025-11-01,2025-10-17,paid
TAX-008772,ASM-008772,PROP-02924,CTY-039,2026,4372,2026-11-01,,outstanding
TAX-008773,ASM-008773,PROP-02925,CTY-039,2024,3644,2024-11-01,2024-10-11,paid
TAX-008774,ASM-008774,PROP-02925,CTY-039,2025,3796,2025-11-01,2025-10-07,paid
TAX-008775,ASM-008775,PROP-02925,CTY-039,2026,3933,2026-11-01,,outstanding
TAX-008776,ASM-008776,PROP-02926,CTY-039,2024,3840,2024-11-01,2024-09-23,paid
TAX-008777,ASM-008777,PROP-02926,CTY-039,2025,4148,2025-11-01,2025-10-17,paid
TAX-008778,ASM-008778,PROP-02926,CTY-039,2026,4477,2026-11-01,,outstanding
TAX-008779,ASM-008779,PROP-02927,CTY-039,2024,3482,2024-11-01,2024-10-28,paid
TAX-008780,ASM-008780,PROP-02927,CTY-039,2025,3659,2025-11-01,2025-10-13,paid
TAX-008781,ASM-008781,PROP-02927,CTY-039,2026,3948,2026-11-01,,outstanding
TAX-008782,ASM-008782,PROP-02928,CTY-039,2024,3760,2024-11-01,2024-10-06,paid
TAX-008783,ASM-008783,PROP-02928,CTY-039,2025,3996,2025-11-01,2025-10-04,paid
TAX-008784,ASM-008784,PROP-02928,CTY-039,2026,4138,2026-11-01,,outstanding
TAX-008785,ASM-008785,PROP-02929,CTY-039,2024,3207,2024-11-01,2024-09-23,paid
TAX-008786,ASM-008786,PROP-02929,CTY-039,2025,3460,2025-11-01,2025-10-03,paid
TAX-008787,ASM-008787,PROP-02929,CTY-039,2026,3596,2026-11-01,,outstanding
TAX-008788,ASM-008788,PROP-02930,CTY-039,2024,3348,2024-11-01,2024-10-18,paid
TAX-008789,ASM-008789,PROP-02930,CTY-039,2025,3459,2025-11-01,2025-10-27,paid
TAX-008790,ASM-008790,PROP-02930,CTY-039,2026,3578,2026-11-01,,outstanding
TAX-008791,ASM-008791,PROP-02931,CTY-039,2024,3449,2024-11-01,2024-10-01,paid
TAX-008792,ASM-008792,PROP-02931,CTY-039,2025,3618,2025-11-01,2025-09-23,paid
TAX-008793,ASM-008793,PROP-02931,CTY-039,2026,3781,2026-11-01,,outstanding
TAX-008794,ASM-008794,PROP-02932,CTY-039,2024,3348,2024-11-01,2024-10-03,paid
TAX-008795,ASM-008795,PROP-02932,CTY-039,2025,3547,2025-11-01,2025-10-18,paid
TAX-008796,ASM-008796,PROP-02932,CTY-039,2026,3686,2026-11-01,,outstanding
TAX-008797,ASM-008797,PROP-02933,CTY-039,2024,3013,2024-11-01,2024-10-27,paid
TAX-008798,ASM-008798,PROP-02933,CTY-039,2025,3126,2025-11-01,2025-10-16,paid
TAX-008799,ASM-008799,PROP-02933,CTY-039,2026,3299,2026-11-01,,outstanding
TAX-008800,ASM-008800,PROP-02934,CTY-039,2024,3897,2024-11-01,2024-10-20,paid
TAX-008801,ASM-008801,PROP-02934,CTY-039,2025,4037,2025-11-01,2025-10-28,paid
TAX-008802,ASM-008802,PROP-02934,CTY-039,2026,4338,2026-11-01,,outstanding
TAX-008803,ASM-008803,PROP-02935,CTY-039,2024,3520,2024-11-01,2024-10-12,paid
TAX-008804,ASM-008804,PROP-02935,CTY-039,2025,3638,2025-11-01,2025-10-09,paid
TAX-008805,ASM-008805,PROP-02935,CTY-039,2026,3864,2026-11-01,,outstanding
TAX-008806,ASM-008806,PROP-02936,CTY-039,2024,3426,2024-11-01,2024-10-30,paid
TAX-008807,ASM-008807,PROP-02936,CTY-039,2025,3690,2025-11-01,2025-10-03,paid
TAX-008808,ASM-008808,PROP-02936,CTY-039,2026,3954,2026-11-01,,outstanding
TAX-008809,ASM-008809,PROP-02937,CTY-039,2024,3386,2024-11-01,2024-10-02,paid
TAX-008810,ASM-008810,PROP-02937,CTY-039,2025,3520,2025-11-01,2025-09-27,paid
TAX-008811,ASM-008811,PROP-02937,CTY-039,2026,3645,2026-11-01,,outstanding
TAX-008812,ASM-008812,PROP-02938,CTY-039,2024,2955,2024-11-01,2024-09-26,paid
TAX-008813,ASM-008813,PROP-02938,CTY-039,2025,3148,2025-11-01,2025-10-31,paid
TAX-008814,ASM-008814,PROP-02938,CTY-039,2026,3290,2026-11-01,,outstanding
TAX-008815,ASM-008815,PROP-02939,CTY-039,2024,3985,2024-11-01,2024-10-03,paid
TAX-008816,ASM-008816,PROP-02939,CTY-039,2025,4212,2025-11-01,2025-10-27,paid
TAX-008817,ASM-008817,PROP-02939,CTY-039,2026,4513,2026-11-01,,outstanding
TAX-008818,ASM-008818,PROP-02940,CTY-039,2024,3430,2024-11-01,2024-09-26,paid
TAX-008819,ASM-008819,PROP-02940,CTY-039,2025,3568,2025-11-01,2025-10-15,paid
TAX-008820,ASM-008820,PROP-02940,CTY-039,2026,3764,2026-11-01,,outstanding
TAX-008821,ASM-008821,PROP-02941,CTY-039,2024,4084,2024-11-01,2024-10-30,paid
TAX-008822,ASM-008822,PROP-02941,CTY-039,2025,4291,2025-11-01,2025-10-30,paid
TAX-008823,ASM-008823,PROP-02941,CTY-039,2026,4594,2026-11-01,,outstanding
TAX-008824,ASM-008824,PROP-02942,CTY-043,2024,5111,2024-11-01,2024-10-26,paid
TAX-008825,ASM-008825,PROP-02942,CTY-043,2025,5426,2025-11-01,2025-10-19,paid
TAX-008826,ASM-008826,PROP-02942,CTY-043,2026,5624,2026-11-01,,outstanding
TAX-008827,ASM-008827,PROP-02943,CTY-043,2024,4684,2024-11-01,2024-09-29,paid
TAX-008828,ASM-008828,PROP-02943,CTY-043,2025,4851,2025-11-01,2025-10-14,paid
TAX-008829,ASM-008829,PROP-02943,CTY-043,2026,5068,2026-11-01,,outstanding
TAX-008830,ASM-008830,PROP-02944,CTY-043,2024,5464,2024-11-01,2024-10-07,paid
TAX-008831,ASM-008831,PROP-02944,CTY-043,2025,5653,2025-11-01,2025-10-05,paid
TAX-008832,ASM-008832,PROP-02944,CTY-043,2026,6030,2026-11-01,,outstanding
TAX-008833,ASM-008833,PROP-02945,CTY-043,2024,4486,2024-11-01,2024-10-05,paid
TAX-008834,ASM-008834,PROP-02945,CTY-043,2025,4755,2025-11-01,2025-10-24,paid
TAX-008835,ASM-008835,PROP-02945,CTY-043,2026,5086,2026-11-01,,outstanding
TAX-008836,ASM-008836,PROP-02946,CTY-043,2024,4798,2024-11-01,2024-10-13,paid
TAX-008837,ASM-008837,PROP-02946,CTY-043,2025,5120,2025-11-01,2025-09-22,paid
TAX-008838,ASM-008838,PROP-02946,CTY-043,2026,5313,2026-11-01,,outstanding
TAX-008839,ASM-008839,PROP-02947,CTY-043,2024,3878,2024-11-01,2024-10-11,paid
TAX-008840,ASM-008840,PROP-02947,CTY-043,2025,4132,2025-11-01,2025-10-28,paid
TAX-008841,ASM-008841,PROP-02947,CTY-043,2026,4350,2026-11-01,,outstanding
TAX-008842,ASM-008842,PROP-02948,CTY-043,2024,5389,2024-11-01,2024-10-27,paid
TAX-008843,ASM-008843,PROP-02948,CTY-043,2025,5638,2025-11-01,2025-10-29,paid
TAX-008844,ASM-008844,PROP-02948,CTY-043,2026,5961,2026-11-01,,outstanding
TAX-008845,ASM-008845,PROP-02949,CTY-043,2024,4952,2024-11-01,2024-10-19,paid
TAX-008846,ASM-008846,PROP-02949,CTY-043,2025,5178,2025-11-01,2025-10-27,paid
TAX-008847,ASM-008847,PROP-02949,CTY-043,2026,5599,2026-11-01,,outstanding
TAX-008848,ASM-008848,PROP-02950,CTY-043,2024,4606,2024-11-01,2024-10-05,paid
TAX-008849,ASM-008849,PROP-02950,CTY-043,2025,4836,2025-11-01,2025-10-13,paid
TAX-008850,ASM-008850,PROP-02950,CTY-043,2026,5133,2026-11-01,,outstanding
TAX-008851,ASM-008851,PROP-02951,CTY-043,2024,4959,2024-11-01,2024-10-07,paid
TAX-008852,ASM-008852,PROP-02951,CTY-043,2025,5340,2025-11-01,2025-10-21,paid
TAX-008853,ASM-008853,PROP-02951,CTY-043,2026,5674,2026-11-01,,outstanding
TAX-008854,ASM-008854,PROP-02952,CTY-043,2024,4333,2024-11-01,2024-09-30,paid
TAX-008855,ASM-008855,PROP-02952,CTY-043,2025,4565,2025-11-01,2025-10-11,paid
TAX-008856,ASM-008856,PROP-02952,CTY-043,2026,4897,2026-11-01,,outstanding
TAX-008857,ASM-008857,PROP-02953,CTY-043,2024,3432,2024-11-01,2024-10-02,paid
TAX-008858,ASM-008858,PROP-02953,CTY-043,2025,3647,2025-11-01,2025-10-12,paid
TAX-008859,ASM-008859,PROP-02953,CTY-043,2026,3905,2026-11-01,,outstanding
TAX-008860,ASM-008860,PROP-02954,CTY-043,2024,4316,2024-11-01,2024-10-25,paid
TAX-008861,ASM-008861,PROP-02954,CTY-043,2025,4492,2025-11-01,2025-10-05,paid
TAX-008862,ASM-008862,PROP-02954,CTY-043,2026,4697,2026-11-01,,outstanding
TAX-008863,ASM-008863,PROP-02955,CTY-043,2024,4173,2024-11-01,2024-10-13,paid
TAX-008864,ASM-008864,PROP-02955,CTY-043,2025,4364,2025-11-01,2025-09-24,paid
TAX-008865,ASM-008865,PROP-02955,CTY-043,2026,4594,2026-11-01,,outstanding
TAX-008866,ASM-008866,PROP-02956,CTY-043,2024,4817,2024-11-01,2024-10-08,paid
TAX-008867,ASM-008867,PROP-02956,CTY-043,2025,5156,2025-11-01,2025-10-05,paid
TAX-008868,ASM-008868,PROP-02956,CTY-043,2026,5559,2026-11-01,,outstanding
TAX-008869,ASM-008869,PROP-02957,CTY-043,2024,4584,2024-11-01,2024-10-06,paid
TAX-008870,ASM-008870,PROP-02957,CTY-043,2025,4851,2025-11-01,2025-10-14,paid
TAX-008871,ASM-008871,PROP-02957,CTY-043,2026,5160,2026-11-01,,outstanding
TAX-008872,ASM-008872,PROP-02958,CTY-043,2024,4220,2024-11-01,2024-10-15,paid
TAX-008873,ASM-008873,PROP-02958,CTY-043,2025,4556,2025-11-01,2025-10-24,paid
TAX-008874,ASM-008874,PROP-02958,CTY-043,2026,4792,2026-11-01,,outstanding
TAX-008875,ASM-008875,PROP-02959,CTY-043,2024,4703,2024-11-01,2024-10-08,paid
TAX-008876,ASM-008876,PROP-02959,CTY-043,2025,5090,2025-11-01,2025-09-24,paid
TAX-008877,ASM-008877,PROP-02959,CTY-043,2026,5270,2026-11-01,,outstanding
TAX-008878,ASM-008878,PROP-02960,CTY-043,2024,3959,2024-11-01,2024-09-22,paid
TAX-008879,ASM-008879,PROP-02960,CTY-043,2025,4238,2025-11-01,2025-10-14,paid
TAX-008880,ASM-008880,PROP-02960,CTY-043,2026,4552,2026-11-01,,outstanding
TAX-008881,ASM-008881,PROP-02961,CTY-043,2024,4207,2024-11-01,2024-10-01,paid
TAX-008882,ASM-008882,PROP-02961,CTY-043,2025,4455,2025-11-01,2025-10-18,paid
TAX-008883,ASM-008883,PROP-02961,CTY-043,2026,4715,2026-11-01,,outstanding
TAX-008884,ASM-008884,PROP-02962,CTY-043,2024,4744,2024-11-01,2024-10-03,paid
TAX-008885,ASM-008885,PROP-02962,CTY-043,2025,5128,2025-11-01,2025-11-01,paid
TAX-008886,ASM-008886,PROP-02962,CTY-043,2026,5400,2026-11-01,,outstanding
TAX-008887,ASM-008887,PROP-02963,CTY-043,2024,4218,2024-11-01,2024-10-12,paid
TAX-008888,ASM-008888,PROP-02963,CTY-043,2025,4510,2025-11-01,2025-10-22,paid
TAX-008889,ASM-008889,PROP-02963,CTY-043,2026,4760,2026-11-01,,outstanding
TAX-008890,ASM-008890,PROP-02964,CTY-043,2024,4034,2024-11-01,2024-10-11,paid
TAX-008891,ASM-008891,PROP-02964,CTY-043,2025,4338,2025-11-01,2025-10-16,paid
TAX-008892,ASM-008892,PROP-02964,CTY-043,2026,4557,2026-11-01,,outstanding
TAX-008893,ASM-008893,PROP-02965,CTY-043,2024,4606,2024-11-01,2024-10-29,paid
TAX-008894,ASM-008894,PROP-02965,CTY-043,2025,4882,2025-11-01,2025-10-01,paid
TAX-008895,ASM-008895,PROP-02965,CTY-043,2026,5071,2026-11-01,,outstanding
TAX-008896,ASM-008896,PROP-02966,CTY-043,2024,4054,2024-11-01,2024-10-04,paid
TAX-008897,ASM-008897,PROP-02966,CTY-043,2025,4382,2025-11-01,2025-10-03,paid
TAX-008898,ASM-008898,PROP-02966,CTY-043,2026,4685,2026-11-01,,outstanding
TAX-008899,ASM-008899,PROP-02967,CTY-043,2024,4194,2024-11-01,2024-10-04,paid
TAX-008900,ASM-008900,PROP-02967,CTY-043,2025,4439,2025-11-01,2025-10-30,paid
TAX-008901,ASM-008901,PROP-02967,CTY-043,2026,4636,2026-11-01,,outstanding
TAX-008902,ASM-008902,PROP-02968,CTY-043,2024,4067,2024-11-01,2024-10-03,paid
TAX-008903,ASM-008903,PROP-02968,CTY-043,2025,4226,2025-11-01,2025-10-09,paid
TAX-008904,ASM-008904,PROP-02968,CTY-043,2026,4456,2026-11-01,,outstanding
TAX-008905,ASM-008905,PROP-02969,CTY-043,2024,5017,2024-11-01,2024-10-31,paid
TAX-008906,ASM-008906,PROP-02969,CTY-043,2025,5358,2025-11-01,2025-09-24,paid
TAX-008907,ASM-008907,PROP-02969,CTY-043,2026,5619,2026-11-01,,outstanding
TAX-008908,ASM-008908,PROP-02970,CTY-036,2024,4264,2024-11-01,2024-10-03,paid
TAX-008909,ASM-008909,PROP-02970,CTY-036,2025,4527,2025-11-01,2025-10-23,paid
TAX-008910,ASM-008910,PROP-02970,CTY-036,2026,4856,2026-11-01,,outstanding
TAX-008911,ASM-008911,PROP-02971,CTY-036,2024,4249,2024-11-01,2024-09-26,paid
TAX-008912,ASM-008912,PROP-02971,CTY-036,2025,4463,2025-11-01,2025-10-03,paid
TAX-008913,ASM-008913,PROP-02971,CTY-036,2026,4775,2026-11-01,,outstanding
TAX-008914,ASM-008914,PROP-02972,CTY-036,2024,3819,2024-11-01,2024-09-29,paid
TAX-008915,ASM-008915,PROP-02972,CTY-036,2025,4003,2025-11-01,2025-10-17,paid
TAX-008916,ASM-008916,PROP-02972,CTY-036,2026,4152,2026-11-01,,outstanding
TAX-008917,ASM-008917,PROP-02973,CTY-036,2024,3579,2024-11-01,2024-10-15,paid
TAX-008918,ASM-008918,PROP-02973,CTY-036,2025,3907,2025-11-01,2025-09-30,paid
TAX-008919,ASM-008919,PROP-02973,CTY-036,2026,4142,2026-11-01,,outstanding
TAX-008920,ASM-008920,PROP-02974,CTY-036,2024,3359,2024-11-01,2024-09-26,paid
TAX-008921,ASM-008921,PROP-02974,CTY-036,2025,3613,2025-11-01,2025-10-19,paid
TAX-008922,ASM-008922,PROP-02974,CTY-036,2026,3819,2026-11-01,,outstanding
TAX-008923,ASM-008923,PROP-02975,CTY-036,2024,3458,2024-11-01,2024-09-24,paid
TAX-008924,ASM-008924,PROP-02975,CTY-036,2025,3764,2025-11-01,2025-09-23,paid
TAX-008925,ASM-008925,PROP-02975,CTY-036,2026,4111,2026-11-01,,outstanding
TAX-008926,ASM-008926,PROP-02976,CTY-036,2024,3137,2024-11-01,2024-10-20,paid
TAX-008927,ASM-008927,PROP-02976,CTY-036,2025,3379,2025-11-01,2025-10-09,paid
TAX-008928,ASM-008928,PROP-02976,CTY-036,2026,3522,2026-11-01,,outstanding
TAX-008929,ASM-008929,PROP-02977,CTY-036,2024,3853,2024-11-01,2024-10-04,paid
TAX-008930,ASM-008930,PROP-02977,CTY-036,2025,4154,2025-11-01,2025-10-21,paid
TAX-008931,ASM-008931,PROP-02977,CTY-036,2026,4423,2026-11-01,,outstanding
TAX-008932,ASM-008932,PROP-02978,CTY-036,2024,3903,2024-11-01,2024-09-29,paid
TAX-008933,ASM-008933,PROP-02978,CTY-036,2025,4076,2025-11-01,2025-09-29,paid
TAX-008934,ASM-008934,PROP-02978,CTY-036,2026,4415,2026-11-01,,outstanding
TAX-008935,ASM-008935,PROP-02979,CTY-036,2024,3339,2024-11-01,2024-09-27,paid
TAX-008936,ASM-008936,PROP-02979,CTY-036,2025,3505,2025-11-01,2025-10-07,paid
TAX-008937,ASM-008937,PROP-02979,CTY-036,2026,3797,2026-11-01,,outstanding
TAX-008938,ASM-008938,PROP-02980,CTY-036,2024,3887,2024-11-01,2024-09-30,paid
TAX-008939,ASM-008939,PROP-02980,CTY-036,2025,4152,2025-11-01,2025-10-13,paid
TAX-008940,ASM-008940,PROP-02980,CTY-036,2026,4309,2026-11-01,,outstanding
TAX-008941,ASM-008941,PROP-02981,CTY-036,2024,3376,2024-11-01,2024-10-31,paid
TAX-008942,ASM-008942,PROP-02981,CTY-036,2025,3639,2025-11-01,2025-10-06,paid
TAX-008943,ASM-008943,PROP-02981,CTY-036,2026,3815,2026-11-01,,outstanding
TAX-008944,ASM-008944,PROP-02982,CTY-036,2024,2970,2024-11-01,2024-10-02,paid
TAX-008945,ASM-008945,PROP-02982,CTY-036,2025,3100,2025-11-01,2025-10-05,paid
TAX-008946,ASM-008946,PROP-02982,CTY-036,2026,3368,2026-11-01,,outstanding
TAX-008947,ASM-008947,PROP-02983,CTY-036,2024,3549,2024-11-01,2024-10-11,paid
TAX-008948,ASM-008948,PROP-02983,CTY-036,2025,3845,2025-11-01,2025-10-02,paid
TAX-008949,ASM-008949,PROP-02983,CTY-036,2026,4126,2026-11-01,,outstanding
TAX-008950,ASM-008950,PROP-02984,CTY-036,2024,3926,2024-11-01,2024-10-22,paid
TAX-008951,ASM-008951,PROP-02984,CTY-036,2025,4240,2025-11-01,2025-09-27,paid
TAX-008952,ASM-008952,PROP-02984,CTY-036,2026,4486,2026-11-01,,outstanding
TAX-008953,ASM-008953,PROP-02985,CTY-036,2024,3541,2024-11-01,2024-10-29,paid
TAX-008954,ASM-008954,PROP-02985,CTY-036,2025,3684,2025-11-01,2025-10-05,paid
TAX-008955,ASM-008955,PROP-02985,CTY-036,2026,3916,2026-11-01,,outstanding
TAX-008956,ASM-008956,PROP-02986,CTY-036,2024,3302,2024-11-01,2024-10-28,paid
TAX-008957,ASM-008957,PROP-02986,CTY-036,2025,3483,2025-11-01,2025-10-11,paid
TAX-008958,ASM-008958,PROP-02986,CTY-036,2026,3670,2026-11-01,,outstanding
TAX-008959,ASM-008959,PROP-02987,CTY-036,2024,3902,2024-11-01,2024-10-22,paid
TAX-008960,ASM-008960,PROP-02987,CTY-036,2025,3796,2025-11-01,2025-10-26,paid
TAX-008961,ASM-008961,PROP-02987,CTY-036,2026,4430,2026-11-01,,outstanding
TAX-008962,ASM-008962,PROP-02988,CTY-036,2024,3569,2024-11-01,2024-10-13,paid
TAX-008963,ASM-008963,PROP-02988,CTY-036,2025,3711,2025-11-01,2025-10-03,paid
TAX-008964,ASM-008964,PROP-02988,CTY-036,2026,3853,2026-11-01,,outstanding
TAX-008965,ASM-008965,PROP-02989,CTY-036,2024,3733,2024-11-01,2024-10-09,paid
TAX-008966,ASM-008966,PROP-02989,CTY-036,2025,3960,2025-11-01,2025-10-30,paid
TAX-008967,ASM-008967,PROP-02989,CTY-036,2026,4298,2026-11-01,,outstanding
TAX-008968,ASM-008968,PROP-02990,CTY-036,2024,3956,2024-11-01,2024-09-22,paid
TAX-008969,ASM-008969,PROP-02990,CTY-036,2025,4217,2025-11-01,2025-10-22,paid
TAX-008970,ASM-008970,PROP-02990,CTY-036,2026,4377,2026-11-01,,outstanding
TAX-008971,ASM-008971,PROP-02991,CTY-036,2024,3997,2024-11-01,2024-10-10,paid
TAX-008972,ASM-008972,PROP-02991,CTY-036,2025,4198,2025-11-01,2025-10-24,paid
TAX-008973,ASM-008973,PROP-02991,CTY-036,2026,4433,2026-11-01,,outstanding
TAX-008974,ASM-008974,PROP-02992,CTY-036,2024,3354,2024-11-01,2024-10-29,paid
TAX-008975,ASM-008975,PROP-02992,CTY-036,2025,3592,2025-11-01,2025-10-13,paid
TAX-008976,ASM-008976,PROP-02992,CTY-036,2026,3860,2026-11-01,,outstanding
TAX-008977,ASM-008977,PROP-02993,CTY-036,2024,4162,2024-11-01,2024-10-02,paid
TAX-008978,ASM-008978,PROP-02993,CTY-036,2025,4430,2025-11-01,2025-10-02,paid
TAX-008979,ASM-008979,PROP-02993,CTY-036,2026,4619,2026-11-01,,outstanding
TAX-008980,ASM-008980,PROP-02994,CTY-036,2024,3371,2024-11-01,2024-10-12,paid
TAX-008981,ASM-008981,PROP-02994,CTY-036,2025,3601,2025-11-01,2025-10-31,paid
TAX-008982,ASM-008982,PROP-02994,CTY-036,2026,3759,2026-11-01,,outstanding
TAX-008983,ASM-008983,PROP-02995,CTY-036,2024,4029,2024-11-01,2024-10-17,paid
TAX-008984,ASM-008984,PROP-02995,CTY-036,2025,4289,2025-11-01,2025-09-26,paid
TAX-008985,ASM-008985,PROP-02995,CTY-036,2026,4576,2026-11-01,,outstanding
TAX-008986,ASM-008986,PROP-02996,CTY-036,2024,4056,2024-11-01,2024-09-30,paid
TAX-008987,ASM-008987,PROP-02996,CTY-036,2025,4214,2025-11-01,2025-10-07,paid
TAX-008988,ASM-008988,PROP-02996,CTY-036,2026,4559,2026-11-01,,outstanding
TAX-008989,ASM-008989,PROP-02997,CTY-036,2024,4264,2024-11-01,2024-10-18,paid
TAX-008990,ASM-008990,PROP-02997,CTY-036,2025,4599,2025-11-01,2025-10-31,paid
TAX-008991,ASM-008991,PROP-02997,CTY-036,2026,4929,2026-11-01,,outstanding
TAX-008992,ASM-008992,PROP-02998,CTY-036,2024,3956,2024-11-01,2024-10-03,paid
TAX-008993,ASM-008993,PROP-02998,CTY-036,2025,4195,2025-11-01,2025-10-21,paid
TAX-008994,ASM-008994,PROP-02998,CTY-036,2026,4465,2026-11-01,,outstanding
TAX-008995,ASM-008995,PROP-02999,CTY-036,2024,3732,2024-11-01,2024-10-14,paid
TAX-008996,ASM-008996,PROP-02999,CTY-036,2025,3995,2025-11-01,2025-10-17,paid
TAX-008997,ASM-008997,PROP-02999,CTY-036,2026,4184,2026-11-01,,outstanding
TAX-008998,ASM-008998,PROP-03000,CTY-036,2024,3761,2024-11-01,2024-10-15,paid
TAX-008999,ASM-008999,PROP-03000,CTY-036,2025,3930,2025-11-01,2025-09-25,paid
TAX-009000,ASM-009000,PROP-03000,CTY-036,2026,4133,2026-11-01,,outstanding
TAX-009001,ASM-009001,PROP-03001,CTY-036,2024,3081,2024-11-01,2024-10-13,paid
TAX-009002,ASM-009002,PROP-03001,CTY-036,2025,3253,2025-11-01,2025-10-09,paid
TAX-009003,ASM-009003,PROP-03001,CTY-036,2026,3455,2026-11-01,,outstanding
